supermercado,categoria,item,valor,data_postagem,link,post_url
Machadão Atacadista,Bazar / Eletro,Lâmpada Led Kian Bivolt 30w,8.99,01/09/2026,https://scontent-nrt1-1.cdninstagram.com/v/t39.30808-6/788880664_1363962219157069_5966186908781895719_n.jpg?stp=dst-jpg_e35_tt6&_nc_cat=108&ig_cache_key=Mzk3NjIxNDMzMDk4MzA0NjUzNQ%3D%3D.3-ccb7-5&ccb=7-5&_nc_sid=58cdad&efg=eyJ2ZW5jb2RlX3RhZyI6IkNBUk9VU0VMX0lURU0ueHBpZHMuMTYzOC5zZHIucmVndWxhcl9waG90by5DMyJ9&_nc_ohc=mvMDjMZZ8K8Q7kNvwEr95Kf&_nc_oc=AdpDd4tA0FGceVhp6PR8JiduONuXuE_e5iHh01aOgqsRwj_0bEqtmY8pw24qpadXMieJMPV6oB0_GG5VO5FuiNxT&_nc_ad=z-m&_nc_cid=0&_nc_zt=23&_nc_ht=scontent-nrt1-1.cdninstagram.com&_nc_gid=lAGGb0982PGD7jUIo2QSQQ&_nc_ss=7a22e&oh=00_AQKuUJZtbhN0X2NwAD6KgYM3DH9Rh55mz5vlKwfOJi488A&oe=6AA1EE8C,https://www.instagram.com/p/DcuWeMKD352/
Machadão Atacadista,Bazar / Eletro,Lâmpada Led Kian Bivolt 30w,8.99,01/09/2026,https://scontent-nrt6-1.cdninstagram.com/v/t39.30808-6/788717108_1363962009157090_7645430109379984108_n.jpg?stp=dst-jpg_e35_tt6&_nc_cat=110&ig_cache_key=Mzk3NjIxNDMzMjA1Njc3MzMzMA%3D%3D.3-ccb7-5&ccb=7-5&_nc_sid=58cdad&efg=eyJ2ZW5jb2RlX3RhZyI6IkNBUk9VU0VMX0lURU0ueHBpZHMuMTYzOC5zZHIucmVndWxhcl9waG90by5DMyJ9&_nc_ohc=-JVLd9gM9c8Q7kNvwH5gmot&_nc_oc=Adqb4FV0BlK1UaHMCus6P03VTk3fWzLNWwoddj_shm66PKNSqSzdb4rPloipWa2Vbp4RZRtXsDYLCWY1BrPGKGuz&_nc_ad=z-m&_nc_cid=0&_nc_zt=23&_nc_ht=scontent-nrt6-1.cdninstagram.com&_nc_gid=lAGGb0982PGD7jUIo2QSQQ&_nc_ss=7a22e&oh=00_AQJ9xeow80FEHLUxM18_QyBki3Gqqf429drZ9oeEnCGTaQ&oe=6AA1E8D3,https://www.instagram.com/p/DcuWeMKD352/
Machadão Atacadista,Bazar / Eletro,Lâmpada Led Kian 30w,8.99,01/09/2026,https://scontent-nrt6-1.cdninstagram.com/v/t39.30808-6/788953852_1363962525823705_7158709731603332512_n.jpg?stp=dst-jpg_e35_tt6&_nc_cat=105&ig_cache_key=Mzk3NjIxNDMzMDg3Mzk1MDI0Mw%3D%3D.3-ccb7-5&ccb=7-5&_nc_sid=58cdad&efg=eyJ2ZW5jb2RlX3RhZyI6IkNBUk9VU0VMX0lURU0ueHBpZHMuMTYzOC5zZHIucmVndWxhcl9waG90by5DMyJ9&_nc_ohc=ydM-R8J21eIQ7kNvwEeklkt&_nc_oc=AdratrKY-tPFD-uUWliBbti6lQ0YnO7pxm-Nbe2psNN_nNby6Wz71gaZuPJDfOgPDtz1qMbSeo4YKHl-Ku7byIHN&_nc_ad=z-m&_nc_cid=0&_nc_zt=23&_nc_ht=scontent-nrt6-1.cdninstagram.com&_nc_gid=lAGGb0982PGD7jUIo2QSQQ&_nc_ss=7a22e&oh=00_AQKhDs3JBK6w4VaHXkSlKubO8OUe9oDY6yALrNKdkPxUJQ&oe=6AA1D51F,https://www.instagram.com/p/DcuWeMKD352/
Machadão Atacadista,Bazar / Eletro,Conjunto de Potes Sanremo 3un 800ml,15.99,01/09/2026,https://scontent-nrt1-1.cdninstagram.com/v/t39.30808-6/788880664_1363962219157069_5966186908781895719_n.jpg?stp=dst-jpg_e35_tt6&_nc_cat=108&ig_cache_key=Mzk3NjIxNDMzMDk4MzA0NjUzNQ%3D%3D.3-ccb7-5&ccb=7-5&_nc_sid=58cdad&efg=eyJ2ZW5jb2RlX3RhZyI6IkNBUk9VU0VMX0lURU0ueHBpZHMuMTYzOC5zZHIucmVndWxhcl9waG90by5DMyJ9&_nc_ohc=mvMDjMZZ8K8Q7kNvwEr95Kf&_nc_oc=AdpDd4tA0FGceVhp6PR8JiduONuXuE_e5iHh01aOgqsRwj_0bEqtmY8pw24qpadXMieJMPV6oB0_GG5VO5FuiNxT&_nc_ad=z-m&_nc_cid=0&_nc_zt=23&_nc_ht=scontent-nrt1-1.cdninstagram.com&_nc_gid=lAGGb0982PGD7jUIo2QSQQ&_nc_ss=7a22e&oh=00_AQKuUJZtbhN0X2NwAD6KgYM3DH9Rh55mz5vlKwfOJi488A&oe=6AA1EE8C,https://www.instagram.com/p/DcuWeMKD352/
Machadão Atacadista,Bazar / Eletro,Conjunto de Potes Sanremo 800ml 3un,15.99,01/09/2026,https://scontent-nrt6-1.cdninstagram.com/v/t39.30808-6/788717108_1363962009157090_7645430109379984108_n.jpg?stp=dst-jpg_e35_tt6&_nc_cat=110&ig_cache_key=Mzk3NjIxNDMzMjA1Njc3MzMzMA%3D%3D.3-ccb7-5&ccb=7-5&_nc_sid=58cdad&efg=eyJ2ZW5jb2RlX3RhZyI6IkNBUk9VU0VMX0lURU0ueHBpZHMuMTYzOC5zZHIucmVndWxhcl9waG90by5DMyJ9&_nc_ohc=-JVLd9gM9c8Q7kNvwH5gmot&_nc_oc=Adqb4FV0BlK1UaHMCus6P03VTk3fWzLNWwoddj_shm66PKNSqSzdb4rPloipWa2Vbp4RZRtXsDYLCWY1BrPGKGuz&_nc_ad=z-m&_nc_cid=0&_nc_zt=23&_nc_ht=scontent-nrt6-1.cdninstagram.com&_nc_gid=lAGGb0982PGD7jUIo2QSQQ&_nc_ss=7a22e&oh=00_AQJ9xeow80FEHLUxM18_QyBki3Gqqf429drZ9oeEnCGTaQ&oe=6AA1E8D3,https://www.instagram.com/p/DcuWeMKD352/
Machadão Atacadista,Bazar / Eletro,Conjunto de Potes Sanremo 3un,15.99,01/09/2026,https://scontent-nrt6-1.cdninstagram.com/v/t39.30808-6/788953852_1363962525823705_7158709731603332512_n.jpg?stp=dst-jpg_e35_tt6&_nc_cat=105&ig_cache_key=Mzk3NjIxNDMzMDg3Mzk1MDI0Mw%3D%3D.3-ccb7-5&ccb=7-5&_nc_sid=58cdad&efg=eyJ2ZW5jb2RlX3RhZyI6IkNBUk9VU0VMX0lURU0ueHBpZHMuMTYzOC5zZHIucmVndWxhcl9waG90by5DMyJ9&_nc_ohc=ydM-R8J21eIQ7kNvwEeklkt&_nc_oc=AdratrKY-tPFD-uUWliBbti6lQ0YnO7pxm-Nbe2psNN_nNby6Wz71gaZuPJDfOgPDtz1qMbSeo4YKHl-Ku7byIHN&_nc_ad=z-m&_nc_cid=0&_nc_zt=23&_nc_ht=scontent-nrt6-1.cdninstagram.com&_nc_gid=lAGGb0982PGD7jUIo2QSQQ&_nc_ss=7a22e&oh=00_AQKhDs3JBK6w4VaHXkSlKubO8OUe9oDY6yALrNKdkPxUJQ&oe=6AA1D51F,https://www.instagram.com/p/DcuWeMKD352/
Supermercado São Pedro,Bebidas / Alcoólicos Diversos,Milho Verde Fugini 170g,3.29,31/08/2026,https://scontent-cdg4-2.cdninstagram.com/v/t39.30808-6/790341028_1508698111303305_6101754768913825516_n.jpg?stp=c0.0.1638.2048a_dst-jpg_e35_s1638x2048_tt6&_nc_cat=107&ig_cache_key=Mzk3NjE3NTA3NTg4NzQ4NDk5OQ%3D%3D.3-ccb7-5&ccb=7-5&_nc_sid=58cdad&efg=eyJ2ZW5jb2RlX3RhZyI6IkNBUk9VU0VMX0lURU0ueHBpZHMuMTYzOS5zZHIucmVndWxhcl9waG90by5DMyJ9&_nc_ohc=3okOtetE7JoQ7kNvwFdiYSP&_nc_oc=AdruwQ7RYBqChozifVRz-lMJD-lopf6VLGYXYqviECs5n_Yf7S4NqY4qnCB-8cUHNdcPwRRqiQckKVeXe3RFXJHo&_nc_ad=z-m&_nc_cid=0&_nc_zt=23&_nc_ht=scontent-cdg4-2.cdninstagram.com&_nc_gid=KkV6WRYKP9_jb-i1Y8eKbw&_nc_ss=7a22e&oh=00_AQIbehEPo8vK43UkYPz3nnVbRk2WiJCkkzL5cl6w11xvjQ&oe=6AA1EA27,https://www.instagram.com/p/DcuNi7YiX2_/
Machadão Atacadista,Bebidas / Alcoólicos Diversos,Vodka Kislla 900ml,11.9,01/09/2026,https://scontent-nrt1-2.cdninstagram.com/v/t39.30808-6/789618270_1363962609157030_3615491432982247221_n.jpg?stp=dst-jpg_e35_tt6&_nc_cat=101&ig_cache_key=Mzk3NjIxNDMzMTkzMDk1NjQzNw%3D%3D.3-ccb7-5&ccb=7-5&_nc_sid=58cdad&efg=eyJ2ZW5jb2RlX3RhZyI6IkNBUk9VU0VMX0lURU0ueHBpZHMuMTYzOC5zZHIucmVndWxhcl9waG90by5DMyJ9&_nc_ohc=LWeQr5ZiUMIQ7kNvwG2EpOW&_nc_oc=AdqTmKj8gPcVQGDJZvbSQiS2g1MfVx7gs5N1SmrN0Cw7uV-z_YRJMK5F8nupD-pCr3qX79cSlQC3hL_FWrV1uvSB&_nc_ad=z-m&_nc_cid=0&_nc_zt=23&_nc_ht=scontent-nrt1-2.cdninstagram.com&_nc_gid=lAGGb0982PGD7jUIo2QSQQ&_nc_ss=7a22e&oh=00_AQKhWRg444QWKGhs6d-h3vLo8t6ZNiKq99X21URU7yJzWA&oe=6AA1F626,https://www.instagram.com/p/DcuWeMKD352/
Machadão Atacadista,Bebidas / Alcoólicos Diversos,Vodka Kislla 900ml,11.9,01/09/2026,https://scontent-nrt6-1.cdninstagram.com/v/t39.30808-6/788766900_1363961989157092_7149980708576029676_n.jpg?stp=dst-jpg_e35_tt6&_nc_cat=105&ig_cache_key=Mzk3NjIxNDMzMjMyNTE5OTQzMw%3D%3D.3-ccb7-5&ccb=7-5&_nc_sid=58cdad&efg=eyJ2ZW5jb2RlX3RhZyI6IkNBUk9VU0VMX0lURU0ueHBpZHMuMTYzOC5zZHIucmVndWxhcl9waG90by5DMyJ9&_nc_ohc=vw1LTHI3qF8Q7kNvwEXrSdJ&_nc_oc=AdoyvIq8FIBaRiGmwYlE2xtd86PIXoiFhZ0oX0Wl4h4RfvbrnNi6fAr5hFcGVpJYpVVFueZx_lm-HUYteN507Tn8&_nc_ad=z-m&_nc_cid=0&_nc_zt=23&_nc_ht=scontent-nrt6-1.cdninstagram.com&_nc_gid=lAGGb0982PGD7jUIo2QSQQ&_nc_ss=7a22e&oh=00_AQJgxbXvmanVRNfMygUeg_ZwlDCNW-deQSdj1C1RXnxF_Q&oe=6AA1F2D0,https://www.instagram.com/p/DcuWeMKD352/
Machadão Atacadista,Bebidas / Alcoólicos Diversos,Vodka Kislla 900ml,11.9,01/09/2026,https://scontent-nrt1-2.cdninstagram.com/v/t39.30808-6/790209214_1363962295823728_6184311664090934208_n.jpg?stp=dst-jpg_e35_tt6&_nc_cat=101&ig_cache_key=Mzk3NjIxNDMzMTA5MjA0NzE3Mg%3D%3D.3-ccb7-5&ccb=7-5&_nc_sid=58cdad&efg=eyJ2ZW5jb2RlX3RhZyI6IkNBUk9VU0VMX0lURU0ueHBpZHMuMTYzOC5zZHIucmVndWxhcl9waG90by5DMyJ9&_nc_ohc=RBvtfYik74QQ7kNvwHZ03vk&_nc_oc=Adplqmx-VaY-bWG92HbQ3dr7yppIyRkEnutrUSHhupZEDzy1Uhl6Fx7VZCzV4KisBE4zetbu-VhHS7hEC9kXw0Hs&_nc_ad=z-m&_nc_cid=0&_nc_zt=23&_nc_ht=scontent-nrt1-2.cdninstagram.com&_nc_gid=lAGGb0982PGD7jUIo2QSQQ&_nc_ss=7a22e&oh=00_AQLYlzQw4d8rU8cIUjYZf1dqWSkrD5iPGFARWMM2Nk0o1A&oe=6AA1FBAE,https://www.instagram.com/p/DcuWeMKD352/
Supermercado São Pedro,Bebidas / Alcoólicos Diversos,Espumante Aurora Moscatel Branco 750ml,42.99,31/08/2026,https://scontent-cdg4-2.cdninstagram.com/v/t39.30808-6/790651262_1508698107969972_5998080027560533600_n.jpg?stp=c0.0.1638.2048a_dst-jpg_e35_s1638x2048_tt6&_nc_cat=100&ig_cache_key=Mzk3NjE3NTA3NTkzNzgyODUwNQ%3D%3D.3-ccb7-5&ccb=7-5&_nc_sid=58cdad&efg=eyJ2ZW5jb2RlX3RhZyI6IkNBUk9VU0VMX0lURU0ueHBpZHMuMTYzOS5zZHIucmVndWxhcl9waG90by5DMyJ9&_nc_ohc=Fki5XW_PiPcQ7kNvwEMMwlZ&_nc_oc=AdoHYri7fr3UsDoMlHDK2HTgg6FCr0n3lzTEF2Q34993HV2spZuoc7_MN9hgPRznBOCMcYF6jo8s1T9ueRpp6OXR&_nc_ad=z-m&_nc_cid=0&_nc_zt=23&_nc_ht=scontent-cdg4-2.cdninstagram.com&_nc_gid=KkV6WRYKP9_jb-i1Y8eKbw&_nc_ss=7a22e&oh=00_AQJUTh19cXfffXZ1gcr5xFBtzmtRqfPEjzyBYYcYDt9CqA&oe=6AA1D649,https://www.instagram.com/p/DcuNi7YiX2_/
Supermercado São Pedro,Bebidas / Cervejas,Achocolatado Pirakids 200ml,1.49,31/08/2026,https://scontent-cdg4-2.cdninstagram.com/v/t39.30808-6/790341028_1508698111303305_6101754768913825516_n.jpg?stp=c0.0.1638.2048a_dst-jpg_e35_s1638x2048_tt6&_nc_cat=107&ig_cache_key=Mzk3NjE3NTA3NTg4NzQ4NDk5OQ%3D%3D.3-ccb7-5&ccb=7-5&_nc_sid=58cdad&efg=eyJ2ZW5jb2RlX3RhZyI6IkNBUk9VU0VMX0lURU0ueHBpZHMuMTYzOS5zZHIucmVndWxhcl9waG90by5DMyJ9&_nc_ohc=3okOtetE7JoQ7kNvwFdiYSP&_nc_oc=AdruwQ7RYBqChozifVRz-lMJD-lopf6VLGYXYqviECs5n_Yf7S4NqY4qnCB-8cUHNdcPwRRqiQckKVeXe3RFXJHo&_nc_ad=z-m&_nc_cid=0&_nc_zt=23&_nc_ht=scontent-cdg4-2.cdninstagram.com&_nc_gid=KkV6WRYKP9_jb-i1Y8eKbw&_nc_ss=7a22e&oh=00_AQIbehEPo8vK43UkYPz3nnVbRk2WiJCkkzL5cl6w11xvjQ&oe=6AA1EA27,https://www.instagram.com/p/DcuNi7YiX2_/
Supermercado São Pedro,Bebidas / Cervejas,Cerveja Amstel Ultra 275ml,5.19,31/08/2026,https://scontent-cdg4-2.cdninstagram.com/v/t39.30808-6/790756054_1508698114636638_6053247548143654318_n.jpg?stp=c0.0.1638.2048a_dst-jpg_e35_s1638x2048_tt6&_nc_cat=109&ig_cache_key=Mzk3NjE3NTA3NTM3NTgzNTQzMQ%3D%3D.3-ccb7-5&ccb=7-5&_nc_sid=58cdad&efg=eyJ2ZW5jb2RlX3RhZyI6IkNBUk9VU0VMX0lURU0ueHBpZHMuMTYzOS5zZHIucmVndWxhcl9waG90by5DMyJ9&_nc_ohc=BeNfpyiWpaAQ7kNvwECSLw2&_nc_oc=AdrCr_2uw3G782jRHTHnsH01pTOqgDr2i_Ho4Ge2UzBorTED4KEUfATrZdrFFDKRhSN8F-8U51FubS0SSxbk0wda&_nc_ad=z-m&_nc_cid=0&_nc_zt=23&_nc_ht=scontent-cdg4-2.cdninstagram.com&_nc_gid=KkV6WRYKP9_jb-i1Y8eKbw&_nc_ss=7a22e&oh=00_AQJljaaRn-5D0_7bMyIw963hvFTjLOyOd4dOCY4s5W4pCw&oe=6AA1F239,https://www.instagram.com/p/DcuNi7YiX2_/
Supermercado São Pedro,Bebidas / Cervejas,Achocolatado Toddy 300g,7.99,31/08/2026,https://scontent-cdg4-2.cdninstagram.com/v/t39.30808-6/790341028_1508698111303305_6101754768913825516_n.jpg?stp=c0.0.1638.2048a_dst-jpg_e35_s1638x2048_tt6&_nc_cat=107&ig_cache_key=Mzk3NjE3NTA3NTg4NzQ4NDk5OQ%3D%3D.3-ccb7-5&ccb=7-5&_nc_sid=58cdad&efg=eyJ2ZW5jb2RlX3RhZyI6IkNBUk9VU0VMX0lURU0ueHBpZHMuMTYzOS5zZHIucmVndWxhcl9waG90by5DMyJ9&_nc_ohc=3okOtetE7JoQ7kNvwFdiYSP&_nc_oc=AdruwQ7RYBqChozifVRz-lMJD-lopf6VLGYXYqviECs5n_Yf7S4NqY4qnCB-8cUHNdcPwRRqiQckKVeXe3RFXJHo&_nc_ad=z-m&_nc_cid=0&_nc_zt=23&_nc_ht=scontent-cdg4-2.cdninstagram.com&_nc_gid=KkV6WRYKP9_jb-i1Y8eKbw&_nc_ss=7a22e&oh=00_AQIbehEPo8vK43UkYPz3nnVbRk2WiJCkkzL5cl6w11xvjQ&oe=6AA1EA27,https://www.instagram.com/p/DcuNi7YiX2_/
Machadão Atacadista,Bebidas / Cervejas,Achocolatado em Pó Toddy 750g,14.99,01/09/2026,https://scontent-nrt1-2.cdninstagram.com/v/t39.30808-6/789618270_1363962609157030_3615491432982247221_n.jpg?stp=dst-jpg_e35_tt6&_nc_cat=101&ig_cache_key=Mzk3NjIxNDMzMTkzMDk1NjQzNw%3D%3D.3-ccb7-5&ccb=7-5&_nc_sid=58cdad&efg=eyJ2ZW5jb2RlX3RhZyI6IkNBUk9VU0VMX0lURU0ueHBpZHMuMTYzOC5zZHIucmVndWxhcl9waG90by5DMyJ9&_nc_ohc=LWeQr5ZiUMIQ7kNvwG2EpOW&_nc_oc=AdqTmKj8gPcVQGDJZvbSQiS2g1MfVx7gs5N1SmrN0Cw7uV-z_YRJMK5F8nupD-pCr3qX79cSlQC3hL_FWrV1uvSB&_nc_ad=z-m&_nc_cid=0&_nc_zt=23&_nc_ht=scontent-nrt1-2.cdninstagram.com&_nc_gid=lAGGb0982PGD7jUIo2QSQQ&_nc_ss=7a22e&oh=00_AQKhWRg444QWKGhs6d-h3vLo8t6ZNiKq99X21URU7yJzWA&oe=6AA1F626,https://www.instagram.com/p/DcuWeMKD352/
Machadão Atacadista,Bebidas / Cervejas,Achocolatado em Pó Toddy 750g,14.99,01/09/2026,https://scontent-nrt6-1.cdninstagram.com/v/t39.30808-6/788766900_1363961989157092_7149980708576029676_n.jpg?stp=dst-jpg_e35_tt6&_nc_cat=105&ig_cache_key=Mzk3NjIxNDMzMjMyNTE5OTQzMw%3D%3D.3-ccb7-5&ccb=7-5&_nc_sid=58cdad&efg=eyJ2ZW5jb2RlX3RhZyI6IkNBUk9VU0VMX0lURU0ueHBpZHMuMTYzOC5zZHIucmVndWxhcl9waG90by5DMyJ9&_nc_ohc=vw1LTHI3qF8Q7kNvwEXrSdJ&_nc_oc=AdoyvIq8FIBaRiGmwYlE2xtd86PIXoiFhZ0oX0Wl4h4RfvbrnNi6fAr5hFcGVpJYpVVFueZx_lm-HUYteN507Tn8&_nc_ad=z-m&_nc_cid=0&_nc_zt=23&_nc_ht=scontent-nrt6-1.cdninstagram.com&_nc_gid=lAGGb0982PGD7jUIo2QSQQ&_nc_ss=7a22e&oh=00_AQJgxbXvmanVRNfMygUeg_ZwlDCNW-deQSdj1C1RXnxF_Q&oe=6AA1F2D0,https://www.instagram.com/p/DcuWeMKD352/
Machadão Atacadista,Bebidas / Cervejas,Achocolatado em Pó Toddy 750g,14.99,01/09/2026,https://scontent-nrt1-2.cdninstagram.com/v/t39.30808-6/790209214_1363962295823728_6184311664090934208_n.jpg?stp=dst-jpg_e35_tt6&_nc_cat=101&ig_cache_key=Mzk3NjIxNDMzMTA5MjA0NzE3Mg%3D%3D.3-ccb7-5&ccb=7-5&_nc_sid=58cdad&efg=eyJ2ZW5jb2RlX3RhZyI6IkNBUk9VU0VMX0lURU0ueHBpZHMuMTYzOC5zZHIucmVndWxhcl9waG90by5DMyJ9&_nc_ohc=RBvtfYik74QQ7kNvwHZ03vk&_nc_oc=Adplqmx-VaY-bWG92HbQ3dr7yppIyRkEnutrUSHhupZEDzy1Uhl6Fx7VZCzV4KisBE4zetbu-VhHS7hEC9kXw0Hs&_nc_ad=z-m&_nc_cid=0&_nc_zt=23&_nc_ht=scontent-nrt1-2.cdninstagram.com&_nc_gid=lAGGb0982PGD7jUIo2QSQQ&_nc_ss=7a22e&oh=00_AQLYlzQw4d8rU8cIUjYZf1dqWSkrD5iPGFARWMM2Nk0o1A&oe=6AA1FBAE,https://www.instagram.com/p/DcuWeMKD352/
Supermercado São Pedro,Bebidas / Cervejas,Cerveja Heineken 269ml 8 Latas,35.92,31/08/2026,https://scontent-cdg4-2.cdninstagram.com/v/t39.30808-6/790756054_1508698114636638_6053247548143654318_n.jpg?stp=c0.0.1638.2048a_dst-jpg_e35_s1638x2048_tt6&_nc_cat=109&ig_cache_key=Mzk3NjE3NTA3NTM3NTgzNTQzMQ%3D%3D.3-ccb7-5&ccb=7-5&_nc_sid=58cdad&efg=eyJ2ZW5jb2RlX3RhZyI6IkNBUk9VU0VMX0lURU0ueHBpZHMuMTYzOS5zZHIucmVndWxhcl9waG90by5DMyJ9&_nc_ohc=BeNfpyiWpaAQ7kNvwECSLw2&_nc_oc=AdrCr_2uw3G782jRHTHnsH01pTOqgDr2i_Ho4Ge2UzBorTED4KEUfATrZdrFFDKRhSN8F-8U51FubS0SSxbk0wda&_nc_ad=z-m&_nc_cid=0&_nc_zt=23&_nc_ht=scontent-cdg4-2.cdninstagram.com&_nc_gid=KkV6WRYKP9_jb-i1Y8eKbw&_nc_ss=7a22e&oh=00_AQJljaaRn-5D0_7bMyIw963hvFTjLOyOd4dOCY4s5W4pCw&oe=6AA1F239,https://www.instagram.com/p/DcuNi7YiX2_/
Machadão Atacadista,Bebidas / Cervejas,Ração Para Cães Plok Original Carne 7kg,39.9,01/09/2026,https://scontent-nrt1-1.cdninstagram.com/v/t39.30808-6/788880664_1363962219157069_5966186908781895719_n.jpg?stp=dst-jpg_e35_tt6&_nc_cat=108&ig_cache_key=Mzk3NjIxNDMzMDk4MzA0NjUzNQ%3D%3D.3-ccb7-5&ccb=7-5&_nc_sid=58cdad&efg=eyJ2ZW5jb2RlX3RhZyI6IkNBUk9VU0VMX0lURU0ueHBpZHMuMTYzOC5zZHIucmVndWxhcl9waG90by5DMyJ9&_nc_ohc=mvMDjMZZ8K8Q7kNvwEr95Kf&_nc_oc=AdpDd4tA0FGceVhp6PR8JiduONuXuE_e5iHh01aOgqsRwj_0bEqtmY8pw24qpadXMieJMPV6oB0_GG5VO5FuiNxT&_nc_ad=z-m&_nc_cid=0&_nc_zt=23&_nc_ht=scontent-nrt1-1.cdninstagram.com&_nc_gid=lAGGb0982PGD7jUIo2QSQQ&_nc_ss=7a22e&oh=00_AQKuUJZtbhN0X2NwAD6KgYM3DH9Rh55mz5vlKwfOJi488A&oe=6AA1EE8C,https://www.instagram.com/p/DcuWeMKD352/
Supermercado São Pedro,Bebidas / Cervejas,Cerveja Brahma 269ml 15 Latas,41.85,31/08/2026,https://scontent-cdg4-2.cdninstagram.com/v/t39.30808-6/790756054_1508698114636638_6053247548143654318_n.jpg?stp=c0.0.1638.2048a_dst-jpg_e35_s1638x2048_tt6&_nc_cat=109&ig_cache_key=Mzk3NjE3NTA3NTM3NTgzNTQzMQ%3D%3D.3-ccb7-5&ccb=7-5&_nc_sid=58cdad&efg=eyJ2ZW5jb2RlX3RhZyI6IkNBUk9VU0VMX0lURU0ueHBpZHMuMTYzOS5zZHIucmVndWxhcl9waG90by5DMyJ9&_nc_ohc=BeNfpyiWpaAQ7kNvwECSLw2&_nc_oc=AdrCr_2uw3G782jRHTHnsH01pTOqgDr2i_Ho4Ge2UzBorTED4KEUfATrZdrFFDKRhSN8F-8U51FubS0SSxbk0wda&_nc_ad=z-m&_nc_cid=0&_nc_zt=23&_nc_ht=scontent-cdg4-2.cdninstagram.com&_nc_gid=KkV6WRYKP9_jb-i1Y8eKbw&_nc_ss=7a22e&oh=00_AQJljaaRn-5D0_7bMyIw963hvFTjLOyOd4dOCY4s5W4pCw&oe=6AA1F239,https://www.instagram.com/p/DcuNi7YiX2_/
Supermercado São Pedro,Bebidas / Cervejas,Cerveja Budweiser 269ml 15 Latas,43.35,31/08/2026,https://scontent-cdg4-2.cdninstagram.com/v/t39.30808-6/790756054_1508698114636638_6053247548143654318_n.jpg?stp=c0.0.1638.2048a_dst-jpg_e35_s1638x2048_tt6&_nc_cat=109&ig_cache_key=Mzk3NjE3NTA3NTM3NTgzNTQzMQ%3D%3D.3-ccb7-5&ccb=7-5&_nc_sid=58cdad&efg=eyJ2ZW5jb2RlX3RhZyI6IkNBUk9VU0VMX0lURU0ueHBpZHMuMTYzOS5zZHIucmVndWxhcl9waG90by5DMyJ9&_nc_ohc=BeNfpyiWpaAQ7kNvwECSLw2&_nc_oc=AdrCr_2uw3G782jRHTHnsH01pTOqgDr2i_Ho4Ge2UzBorTED4KEUfATrZdrFFDKRhSN8F-8U51FubS0SSxbk0wda&_nc_ad=z-m&_nc_cid=0&_nc_zt=23&_nc_ht=scontent-cdg4-2.cdninstagram.com&_nc_gid=KkV6WRYKP9_jb-i1Y8eKbw&_nc_ss=7a22e&oh=00_AQJljaaRn-5D0_7bMyIw963hvFTjLOyOd4dOCY4s5W4pCw&oe=6AA1F239,https://www.instagram.com/p/DcuNi7YiX2_/
Supermercado São Pedro,Bebidas / Refrigerantes,Refrigerante Coca Cola 2.5L,11.29,31/08/2026,https://scontent-cdg4-2.cdninstagram.com/v/t39.30808-6/790756054_1508698114636638_6053247548143654318_n.jpg?stp=c0.0.1638.2048a_dst-jpg_e35_s1638x2048_tt6&_nc_cat=109&ig_cache_key=Mzk3NjE3NTA3NTM3NTgzNTQzMQ%3D%3D.3-ccb7-5&ccb=7-5&_nc_sid=58cdad&efg=eyJ2ZW5jb2RlX3RhZyI6IkNBUk9VU0VMX0lURU0ueHBpZHMuMTYzOS5zZHIucmVndWxhcl9waG90by5DMyJ9&_nc_ohc=BeNfpyiWpaAQ7kNvwECSLw2&_nc_oc=AdrCr_2uw3G782jRHTHnsH01pTOqgDr2i_Ho4Ge2UzBorTED4KEUfATrZdrFFDKRhSN8F-8U51FubS0SSxbk0wda&_nc_ad=z-m&_nc_cid=0&_nc_zt=23&_nc_ht=scontent-cdg4-2.cdninstagram.com&_nc_gid=KkV6WRYKP9_jb-i1Y8eKbw&_nc_ss=7a22e&oh=00_AQJljaaRn-5D0_7bMyIw963hvFTjLOyOd4dOCY4s5W4pCw&oe=6AA1F239,https://www.instagram.com/p/DcuNi7YiX2_/
Machadão Atacadista,Bebidas / Sucos e Diversos,Bebida Láctea Tirol Showkinho Chocolate 200ml,0.99,01/09/2026,https://scontent-nrt1-2.cdninstagram.com/v/t39.30808-6/789618270_1363962609157030_3615491432982247221_n.jpg?stp=dst-jpg_e35_tt6&_nc_cat=101&ig_cache_key=Mzk3NjIxNDMzMTkzMDk1NjQzNw%3D%3D.3-ccb7-5&ccb=7-5&_nc_sid=58cdad&efg=eyJ2ZW5jb2RlX3RhZyI6IkNBUk9VU0VMX0lURU0ueHBpZHMuMTYzOC5zZHIucmVndWxhcl9waG90by5DMyJ9&_nc_ohc=LWeQr5ZiUMIQ7kNvwG2EpOW&_nc_oc=AdqTmKj8gPcVQGDJZvbSQiS2g1MfVx7gs5N1SmrN0Cw7uV-z_YRJMK5F8nupD-pCr3qX79cSlQC3hL_FWrV1uvSB&_nc_ad=z-m&_nc_cid=0&_nc_zt=23&_nc_ht=scontent-nrt1-2.cdninstagram.com&_nc_gid=lAGGb0982PGD7jUIo2QSQQ&_nc_ss=7a22e&oh=00_AQKhWRg444QWKGhs6d-h3vLo8t6ZNiKq99X21URU7yJzWA&oe=6AA1F626,https://www.instagram.com/p/DcuWeMKD352/
Machadão Atacadista,Bebidas / Sucos e Diversos,Bebida Láctea Tirol Showkinho 200ml,0.99,01/09/2026,https://scontent-nrt6-1.cdninstagram.com/v/t39.30808-6/788766900_1363961989157092_7149980708576029676_n.jpg?stp=dst-jpg_e35_tt6&_nc_cat=105&ig_cache_key=Mzk3NjIxNDMzMjMyNTE5OTQzMw%3D%3D.3-ccb7-5&ccb=7-5&_nc_sid=58cdad&efg=eyJ2ZW5jb2RlX3RhZyI6IkNBUk9VU0VMX0lURU0ueHBpZHMuMTYzOC5zZHIucmVndWxhcl9waG90by5DMyJ9&_nc_ohc=vw1LTHI3qF8Q7kNvwEXrSdJ&_nc_oc=AdoyvIq8FIBaRiGmwYlE2xtd86PIXoiFhZ0oX0Wl4h4RfvbrnNi6fAr5hFcGVpJYpVVFueZx_lm-HUYteN507Tn8&_nc_ad=z-m&_nc_cid=0&_nc_zt=23&_nc_ht=scontent-nrt6-1.cdninstagram.com&_nc_gid=lAGGb0982PGD7jUIo2QSQQ&_nc_ss=7a22e&oh=00_AQJgxbXvmanVRNfMygUeg_ZwlDCNW-deQSdj1C1RXnxF_Q&oe=6AA1F2D0,https://www.instagram.com/p/DcuWeMKD352/
Machadão Atacadista,Bebidas / Sucos e Diversos,Bebida Láctea Tirol Showkinho Chocolate 200ml,0.99,01/09/2026,https://scontent-nrt1-2.cdninstagram.com/v/t39.30808-6/790209214_1363962295823728_6184311664090934208_n.jpg?stp=dst-jpg_e35_tt6&_nc_cat=101&ig_cache_key=Mzk3NjIxNDMzMTA5MjA0NzE3Mg%3D%3D.3-ccb7-5&ccb=7-5&_nc_sid=58cdad&efg=eyJ2ZW5jb2RlX3RhZyI6IkNBUk9VU0VMX0lURU0ueHBpZHMuMTYzOC5zZHIucmVndWxhcl9waG90by5DMyJ9&_nc_ohc=RBvtfYik74QQ7kNvwHZ03vk&_nc_oc=Adplqmx-VaY-bWG92HbQ3dr7yppIyRkEnutrUSHhupZEDzy1Uhl6Fx7VZCzV4KisBE4zetbu-VhHS7hEC9kXw0Hs&_nc_ad=z-m&_nc_cid=0&_nc_zt=23&_nc_ht=scontent-nrt1-2.cdninstagram.com&_nc_gid=lAGGb0982PGD7jUIo2QSQQ&_nc_ss=7a22e&oh=00_AQLYlzQw4d8rU8cIUjYZf1dqWSkrD5iPGFARWMM2Nk0o1A&oe=6AA1FBAE,https://www.instagram.com/p/DcuWeMKD352/
Supermercado Tuiuiú,Bebidas / Sucos e Diversos,Bebida Láctea Piracanjuba Pirakids 200ml,1.19,02/09/2026,https://scontent-cdg4-1.cdninstagram.com/v/t51.82787-15/788641002_18583652422067900_3667430572349833363_n.jpg?stp=dst-jpg_e35_tt6&_nc_cat=102&ig_cache_key=Mzk3NzY1Mzk3MzE4NDU0ODEyNA%3D%3D.3-ccb7-5&ccb=7-5&_nc_sid=58cdad&efg=eyJ2ZW5jb2RlX3RhZyI6IkNBUk9VU0VMX0lURU0ueHBpZHMuMTA4MC5zZHIucmVndWxhcl9waG90by5DMyJ9&_nc_ohc=-BRGYMz9GO4Q7kNvwGuYmSD&_nc_oc=Adpygg_4MGiM_NRFJE9rPDxyyMqtFmCggfYVqpaJbdxREiJGoZMxdaOtXL0KDIZjd84&_nc_ad=z-m&_nc_cid=0&_nc_zt=23&_nc_ht=scontent-cdg4-1.cdninstagram.com&_nc_gid=ul7NelFSqRz8ov3NaScWTw&_nc_ss=7a22e&oh=00_AQLovMWy0Da7MkaFb7ofM-y4bXKJMwKyC1qogRHVDz1j9Q&oe=6AA1E929,https://www.instagram.com/p/Dczd0LlkeC6/
Supermercado São Pedro,Bebidas / Sucos e Diversos,Suco Kapo 200ml,2.39,31/08/2026,https://scontent-cdg4-2.cdninstagram.com/v/t39.30808-6/790756054_1508698114636638_6053247548143654318_n.jpg?stp=c0.0.1638.2048a_dst-jpg_e35_s1638x2048_tt6&_nc_cat=109&ig_cache_key=Mzk3NjE3NTA3NTM3NTgzNTQzMQ%3D%3D.3-ccb7-5&ccb=7-5&_nc_sid=58cdad&efg=eyJ2ZW5jb2RlX3RhZyI6IkNBUk9VU0VMX0lURU0ueHBpZHMuMTYzOS5zZHIucmVndWxhcl9waG90by5DMyJ9&_nc_ohc=BeNfpyiWpaAQ7kNvwECSLw2&_nc_oc=AdrCr_2uw3G782jRHTHnsH01pTOqgDr2i_Ho4Ge2UzBorTED4KEUfATrZdrFFDKRhSN8F-8U51FubS0SSxbk0wda&_nc_ad=z-m&_nc_cid=0&_nc_zt=23&_nc_ht=scontent-cdg4-2.cdninstagram.com&_nc_gid=KkV6WRYKP9_jb-i1Y8eKbw&_nc_ss=7a22e&oh=00_AQJljaaRn-5D0_7bMyIw963hvFTjLOyOd4dOCY4s5W4pCw&oe=6AA1F239,https://www.instagram.com/p/DcuNi7YiX2_/
Supermercado São Pedro,Bebidas / Sucos e Diversos,Energético Red Bull 250ml,8.99,31/08/2026,https://scontent-cdg4-2.cdninstagram.com/v/t39.30808-6/790756054_1508698114636638_6053247548143654318_n.jpg?stp=c0.0.1638.2048a_dst-jpg_e35_s1638x2048_tt6&_nc_cat=109&ig_cache_key=Mzk3NjE3NTA3NTM3NTgzNTQzMQ%3D%3D.3-ccb7-5&ccb=7-5&_nc_sid=58cdad&efg=eyJ2ZW5jb2RlX3RhZyI6IkNBUk9VU0VMX0lURU0ueHBpZHMuMTYzOS5zZHIucmVndWxhcl9waG90by5DMyJ9&_nc_ohc=BeNfpyiWpaAQ7kNvwECSLw2&_nc_oc=AdrCr_2uw3G782jRHTHnsH01pTOqgDr2i_Ho4Ge2UzBorTED4KEUfATrZdrFFDKRhSN8F-8U51FubS0SSxbk0wda&_nc_ad=z-m&_nc_cid=0&_nc_zt=23&_nc_ht=scontent-cdg4-2.cdninstagram.com&_nc_gid=KkV6WRYKP9_jb-i1Y8eKbw&_nc_ss=7a22e&oh=00_AQJljaaRn-5D0_7bMyIw963hvFTjLOyOd4dOCY4s5W4pCw&oe=6AA1F239,https://www.instagram.com/p/DcuNi7YiX2_/
Bom Jesus Primavera do Leste 🛒,Bebidas / Sucos e Diversos,Ovo Mantiqueira 20 Unidades,12.99,31/08/2026,https://scontent-waw2-2.cdninstagram.com/v/t51.82787-15/790113394_18375342289237813_7246427130316640513_n.jpg?stp=dst-jpg_e35_tt6&_nc_cat=106&ig_cache_key=Mzk3NTgyNzIxNzI3MDIwNjY3Mg%3D%3D.3-ccb7-5&ccb=7-5&_nc_sid=58cdad&efg=eyJ2ZW5jb2RlX3RhZyI6IkNBUk9VU0VMX0lURU0ueHBpZHMuMTA4MC5zZHIucmVndWxhcl9waG90by5DMyJ9&_nc_ohc=n2Tc7CriGL0Q7kNvwFklloW&_nc_oc=AdrEXwOWL3Q2EAr2KBivgUgWeNuoEJbIWIApyYAU4_84yrWAdrkwXbMgj8yB_k7cvJo&_nc_ad=z-m&_nc_cid=0&_nc_zt=23&_nc_ht=scontent-waw2-2.cdninstagram.com&_nc_gid=47q8dFVkkb6kfvhX0YgIZA&_nc_ss=7a22e&oh=00_AQI8HOplnFJBS8OSsgeZVhEV-ifOQxO0IivYZw4olklL3A&oe=6AA1FFCF,https://www.instagram.com/p/Dcs-drSFpzk/
Machadão Atacadista,Bebidas / Sucos e Diversos,Suco de Uva Integral Aurora 1.5L,13.9,01/09/2026,https://scontent-nrt1-2.cdninstagram.com/v/t39.30808-6/789618270_1363962609157030_3615491432982247221_n.jpg?stp=dst-jpg_e35_tt6&_nc_cat=101&ig_cache_key=Mzk3NjIxNDMzMTkzMDk1NjQzNw%3D%3D.3-ccb7-5&ccb=7-5&_nc_sid=58cdad&efg=eyJ2ZW5jb2RlX3RhZyI6IkNBUk9VU0VMX0lURU0ueHBpZHMuMTYzOC5zZHIucmVndWxhcl9waG90by5DMyJ9&_nc_ohc=LWeQr5ZiUMIQ7kNvwG2EpOW&_nc_oc=AdqTmKj8gPcVQGDJZvbSQiS2g1MfVx7gs5N1SmrN0Cw7uV-z_YRJMK5F8nupD-pCr3qX79cSlQC3hL_FWrV1uvSB&_nc_ad=z-m&_nc_cid=0&_nc_zt=23&_nc_ht=scontent-nrt1-2.cdninstagram.com&_nc_gid=lAGGb0982PGD7jUIo2QSQQ&_nc_ss=7a22e&oh=00_AQKhWRg444QWKGhs6d-h3vLo8t6ZNiKq99X21URU7yJzWA&oe=6AA1F626,https://www.instagram.com/p/DcuWeMKD352/
Machadão Atacadista,Bebidas / Sucos e Diversos,Suco de Uva Integral Aurora 1.5L,13.9,01/09/2026,https://scontent-nrt6-1.cdninstagram.com/v/t39.30808-6/788766900_1363961989157092_7149980708576029676_n.jpg?stp=dst-jpg_e35_tt6&_nc_cat=105&ig_cache_key=Mzk3NjIxNDMzMjMyNTE5OTQzMw%3D%3D.3-ccb7-5&ccb=7-5&_nc_sid=58cdad&efg=eyJ2ZW5jb2RlX3RhZyI6IkNBUk9VU0VMX0lURU0ueHBpZHMuMTYzOC5zZHIucmVndWxhcl9waG90by5DMyJ9&_nc_ohc=vw1LTHI3qF8Q7kNvwEXrSdJ&_nc_oc=AdoyvIq8FIBaRiGmwYlE2xtd86PIXoiFhZ0oX0Wl4h4RfvbrnNi6fAr5hFcGVpJYpVVFueZx_lm-HUYteN507Tn8&_nc_ad=z-m&_nc_cid=0&_nc_zt=23&_nc_ht=scontent-nrt6-1.cdninstagram.com&_nc_gid=lAGGb0982PGD7jUIo2QSQQ&_nc_ss=7a22e&oh=00_AQJgxbXvmanVRNfMygUeg_ZwlDCNW-deQSdj1C1RXnxF_Q&oe=6AA1F2D0,https://www.instagram.com/p/DcuWeMKD352/
Machadão Atacadista,Bebidas / Sucos e Diversos,Suco de Uva Integral Aurora 1.5L,13.9,01/09/2026,https://scontent-nrt1-2.cdninstagram.com/v/t39.30808-6/790209214_1363962295823728_6184311664090934208_n.jpg?stp=dst-jpg_e35_tt6&_nc_cat=101&ig_cache_key=Mzk3NjIxNDMzMTA5MjA0NzE3Mg%3D%3D.3-ccb7-5&ccb=7-5&_nc_sid=58cdad&efg=eyJ2ZW5jb2RlX3RhZyI6IkNBUk9VU0VMX0lURU0ueHBpZHMuMTYzOC5zZHIucmVndWxhcl9waG90by5DMyJ9&_nc_ohc=RBvtfYik74QQ7kNvwHZ03vk&_nc_oc=Adplqmx-VaY-bWG92HbQ3dr7yppIyRkEnutrUSHhupZEDzy1Uhl6Fx7VZCzV4KisBE4zetbu-VhHS7hEC9kXw0Hs&_nc_ad=z-m&_nc_cid=0&_nc_zt=23&_nc_ht=scontent-nrt1-2.cdninstagram.com&_nc_gid=lAGGb0982PGD7jUIo2QSQQ&_nc_ss=7a22e&oh=00_AQLYlzQw4d8rU8cIUjYZf1dqWSkrD5iPGFARWMM2Nk0o1A&oe=6AA1FBAE,https://www.instagram.com/p/DcuWeMKD352/
Super Compras Supermercado,Bebidas / Sucos e Diversos,Ovos Brancos Mantiqueira 30 Unidades,14.99,31/08/2026,https://scontent-iad3-1.cdninstagram.com/v/t51.82787-15/790058600_18193115956391764_8827572755741076576_n.jpg?stp=dst-jpg_e35_tt6&_nc_cat=104&ig_cache_key=Mzk3NTQ2MjIwNjUyNzY2NTkwOQ%3D%3D.3-ccb7-5&ccb=7-5&_nc_sid=58cdad&efg=eyJ2ZW5jb2RlX3RhZyI6IkNBUk9VU0VMX0lURU0ueHBpZHMuMTQ0MC5zZHIucmVndWxhcl9waG90by5DMyJ9&_nc_ohc=EnzUVY65akoQ7kNvwEzO0lO&_nc_oc=Adqw8a08WC48pOAwWTIauoIt2cBEsVPZEw-Uz6y_BL1QNV9pxBx_I9dt6mPwy0sWl8k&_nc_ad=z-m&_nc_cid=0&_nc_zt=23&_nc_ht=scontent-iad3-1.cdninstagram.com&_nc_gid=O8VmzZK6zjT42mNrWlVNkw&_nc_ss=7a22e&oh=00_AQJwQ131cjT23Bd4ew49cdvC5bL_gsehtEn8e571PZ9mBg&oe=6AA201F6,https://www.instagram.com/p/DcrreFFEorJ/
Supermercado São Pedro,Bebidas / Sucos e Diversos,Suco de Uva Garibaldi 1.5L,16.99,31/08/2026,https://scontent-cdg4-2.cdninstagram.com/v/t39.30808-6/790756054_1508698114636638_6053247548143654318_n.jpg?stp=c0.0.1638.2048a_dst-jpg_e35_s1638x2048_tt6&_nc_cat=109&ig_cache_key=Mzk3NjE3NTA3NTM3NTgzNTQzMQ%3D%3D.3-ccb7-5&ccb=7-5&_nc_sid=58cdad&efg=eyJ2ZW5jb2RlX3RhZyI6IkNBUk9VU0VMX0lURU0ueHBpZHMuMTYzOS5zZHIucmVndWxhcl9waG90by5DMyJ9&_nc_ohc=BeNfpyiWpaAQ7kNvwECSLw2&_nc_oc=AdrCr_2uw3G782jRHTHnsH01pTOqgDr2i_Ho4Ge2UzBorTED4KEUfATrZdrFFDKRhSN8F-8U51FubS0SSxbk0wda&_nc_ad=z-m&_nc_cid=0&_nc_zt=23&_nc_ht=scontent-cdg4-2.cdninstagram.com&_nc_gid=KkV6WRYKP9_jb-i1Y8eKbw&_nc_ss=7a22e&oh=00_AQJljaaRn-5D0_7bMyIw963hvFTjLOyOd4dOCY4s5W4pCw&oe=6AA1F239,https://www.instagram.com/p/DcuNi7YiX2_/
Machadão Atacadista,Bebidas / Sucos e Diversos,Ventrecha de Tambatinga Gran Fish 400g,22.49,01/09/2026,https://scontent-nrt1-2.cdninstagram.com/v/t39.30808-6/789581482_1364004655819492_5066813457254807346_n.jpg?stp=dst-jpg_e35_tt6&_nc_cat=102&ig_cache_key=Mzk3NjIwOTI3NTAwOTc1MTk1MQ%3D%3D.3-ccb7-5&ccb=7-5&_nc_sid=58cdad&efg=eyJ2ZW5jb2RlX3RhZyI6IkNBUk9VU0VMX0lURU0ueHBpZHMuMTYzOC5zZHIucmVndWxhcl9waG90by5DMyJ9&_nc_ohc=QCTw3cNoI1YQ7kNvwENzIdB&_nc_oc=AdpoyKLDbxW7FjpU4vKhLlbqnoAvzKMnAzChS5k7EVQBXMLIaX4IAme2b5VNGUnn-xVoW4LbUO5O6S6qKmx4GDf-&_nc_ad=z-m&_nc_cid=0&_nc_zt=23&_nc_ht=scontent-nrt1-2.cdninstagram.com&_nc_gid=cgJZv6X-wY0QQGQ-lc1i_Q&_nc_ss=7a22e&oh=00_AQJODZkfmVNnrE17x_5rJWNNwU7wXWYujumoiD6EK_egKg&oe=6AA1D3F4,https://www.instagram.com/p/DcuVUiUkbmJ/
Machadão Atacadista,Bebidas / Sucos e Diversos,Ventrecha de Tambatinga Gran Fish 400g,22.49,01/09/2026,https://scontent-nrt1-2.cdninstagram.com/v/t39.30808-6/791465983_1364004672486157_7563797303035302362_n.jpg?stp=dst-jpg_e35_tt6&_nc_cat=107&ig_cache_key=Mzk3NjIwOTI3NDU2NTE0NzE4OA%3D%3D.3-ccb7-5&ccb=7-5&_nc_sid=58cdad&efg=eyJ2ZW5jb2RlX3RhZyI6IkNBUk9VU0VMX0lURU0ueHBpZHMuMTYzOC5zZHIucmVndWxhcl9waG90by5DMyJ9&_nc_ohc=QqyADLx7lpUQ7kNvwHNsmV7&_nc_oc=AdqP-KnXJHEraYefxCVQOFKSx_c6m4EaP3KBfCAd7mCTL1ymhJ67Uxr-VZLWm8UI71lcNL7wdFwFQDT5rQrTTAd1&_nc_ad=z-m&_nc_cid=0&_nc_zt=23&_nc_ht=scontent-nrt1-2.cdninstagram.com&_nc_gid=cgJZv6X-wY0QQGQ-lc1i_Q&_nc_ss=7a22e&oh=00_AQJE_UksFQ80YkCvSR6PW65I2eRzkh4oJEbMRt7pKqOeJg&oe=6AA1F354,https://www.instagram.com/p/DcuVUiUkbmJ/
Supermercado Tuiuiú,Carnes / Aves,Dorso de Frango kg,4.99,31/08/2026,https://instagram.fmad6-1.fna.fbcdn.net/v/t51.82787-15/790590392_18582933505067900_2201772778734952147_n.jpg?stp=dst-jpg_e35_tt6&_nc_cat=103&ig_cache_key=Mzk3NTg0NzA1MzA0NTM0MDc5MQ%3D%3D.3-ccb7-5&ccb=7-5&_nc_sid=58cdad&efg=eyJ2ZW5jb2RlX3RhZyI6IkNBUk9VU0VMX0lURU0ueHBpZHMuMTA4MC5zZHIucmVndWxhcl9waG90by5DMyJ9&_nc_ohc=lA70mo6EZFUQ7kNvwHmgs7T&_nc_oc=Ado1FpUWBwJKWk-LxS3CiWUWnQzZnLBw4aawc9HpPazOj4tJeihastXvgNStsjZZPvE&_nc_ad=z-m&_nc_cid=0&_nc_zt=23&_nc_ht=instagram.fmad6-1.fna&_nc_gid=MUsxvunBWS-EaV0vfxfxhg&_nc_ss=7a22e&oh=00_AQK7o_2kDh3-u0RHua8Mlc3au4J7UexlnOYpt2kFuNRgsw&oe=6AA1CBC2,https://www.instagram.com/p/DctC9pmj6oW/
Supermercado Tuiuiú,Carnes / Aves,Pescoço de Frango kg,5.99,31/08/2026,https://instagram.fmad6-1.fna.fbcdn.net/v/t51.82787-15/790590392_18582933505067900_2201772778734952147_n.jpg?stp=dst-jpg_e35_tt6&_nc_cat=103&ig_cache_key=Mzk3NTg0NzA1MzA0NTM0MDc5MQ%3D%3D.3-ccb7-5&ccb=7-5&_nc_sid=58cdad&efg=eyJ2ZW5jb2RlX3RhZyI6IkNBUk9VU0VMX0lURU0ueHBpZHMuMTA4MC5zZHIucmVndWxhcl9waG90by5DMyJ9&_nc_ohc=lA70mo6EZFUQ7kNvwHmgs7T&_nc_oc=Ado1FpUWBwJKWk-LxS3CiWUWnQzZnLBw4aawc9HpPazOj4tJeihastXvgNStsjZZPvE&_nc_ad=z-m&_nc_cid=0&_nc_zt=23&_nc_ht=instagram.fmad6-1.fna&_nc_gid=MUsxvunBWS-EaV0vfxfxhg&_nc_ss=7a22e&oh=00_AQK7o_2kDh3-u0RHua8Mlc3au4J7UexlnOYpt2kFuNRgsw&oe=6AA1CBC2,https://www.instagram.com/p/DctC9pmj6oW/
Supermercado Tuiuiú,Carnes / Aves,Pé de Frango kg,5.99,31/08/2026,https://instagram.fmad6-1.fna.fbcdn.net/v/t51.82787-15/790590392_18582933505067900_2201772778734952147_n.jpg?stp=dst-jpg_e35_tt6&_nc_cat=103&ig_cache_key=Mzk3NTg0NzA1MzA0NTM0MDc5MQ%3D%3D.3-ccb7-5&ccb=7-5&_nc_sid=58cdad&efg=eyJ2ZW5jb2RlX3RhZyI6IkNBUk9VU0VMX0lURU0ueHBpZHMuMTA4MC5zZHIucmVndWxhcl9waG90by5DMyJ9&_nc_ohc=lA70mo6EZFUQ7kNvwHmgs7T&_nc_oc=Ado1FpUWBwJKWk-LxS3CiWUWnQzZnLBw4aawc9HpPazOj4tJeihastXvgNStsjZZPvE&_nc_ad=z-m&_nc_cid=0&_nc_zt=23&_nc_ht=instagram.fmad6-1.fna&_nc_gid=MUsxvunBWS-EaV0vfxfxhg&_nc_ss=7a22e&oh=00_AQK7o_2kDh3-u0RHua8Mlc3au4J7UexlnOYpt2kFuNRgsw&oe=6AA1CBC2,https://www.instagram.com/p/DctC9pmj6oW/
Supermercado São Pedro,Carnes / Aves,Coxas e Sobrecoxas de Frango kg,8.29,31/08/2026,https://scontent-cdg4-1.cdninstagram.com/v/t39.30808-6/790310368_1508698117969971_69530791300054474_n.jpg?stp=c0.0.1638.2047a_dst-jpg_e35_s1638x2047_tt6&_nc_cat=102&ig_cache_key=Mzk3NjE3NTA3NzMxMzU4MjExNA%3D%3D.3-ccb7-5&ccb=7-5&_nc_sid=58cdad&efg=eyJ2ZW5jb2RlX3RhZyI6IkNBUk9VU0VMX0lURU0ueHBpZHMuMTYzOC5zZHIucmVndWxhcl9waG90by5DMyJ9&_nc_ohc=g4n58O2K9cUQ7kNvwG3jPTj&_nc_oc=AdpmdDd85wjmpBfulogkmHKZp5Km3ddw8MwqfdkcBPbihQVafg_WOWIjlYl0fgpuMb3NX0GJRrWOguTMzwMyF606&_nc_ad=z-m&_nc_cid=0&_nc_zt=23&_nc_ht=scontent-cdg4-1.cdninstagram.com&_nc_gid=KkV6WRYKP9_jb-i1Y8eKbw&_nc_ss=7a22e&oh=00_AQKUKTtUaUuiOExiKgexFWSHsfn7WhBrZJPSmU6VLHoHDA&oe=6AA1D29A,https://www.instagram.com/p/DcuNi7YiX2_/
Supermercado Tuiuiú,Carnes / Aves,Fígado de Frango kg,8.99,31/08/2026,https://instagram.fmad6-1.fna.fbcdn.net/v/t51.82787-15/790590392_18582933505067900_2201772778734952147_n.jpg?stp=dst-jpg_e35_tt6&_nc_cat=103&ig_cache_key=Mzk3NTg0NzA1MzA0NTM0MDc5MQ%3D%3D.3-ccb7-5&ccb=7-5&_nc_sid=58cdad&efg=eyJ2ZW5jb2RlX3RhZyI6IkNBUk9VU0VMX0lURU0ueHBpZHMuMTA4MC5zZHIucmVndWxhcl9waG90by5DMyJ9&_nc_ohc=lA70mo6EZFUQ7kNvwHmgs7T&_nc_oc=Ado1FpUWBwJKWk-LxS3CiWUWnQzZnLBw4aawc9HpPazOj4tJeihastXvgNStsjZZPvE&_nc_ad=z-m&_nc_cid=0&_nc_zt=23&_nc_ht=instagram.fmad6-1.fna&_nc_gid=MUsxvunBWS-EaV0vfxfxhg&_nc_ss=7a22e&oh=00_AQK7o_2kDh3-u0RHua8Mlc3au4J7UexlnOYpt2kFuNRgsw&oe=6AA1CBC2,https://www.instagram.com/p/DctC9pmj6oW/
SUPERMERCADO PARANAENSE,Carnes / Aves,Coxa e Sobrecoxa de Frango Bello kg,8.99,04/09/2026,https://instagram.fbcn16-1.fna.fbcdn.net/v/t51.82787-15/793091537_17908611444496981_7739521422564972149_n.jpg?stp=dst-jpg_e35_tt6&_nc_cat=108&ig_cache_key=Mzk3ODgwMjI0OTg5NzI1MzAxNg%3D%3D.3-ccb7-5&ccb=7-5&_nc_sid=58cdad&efg=eyJ2ZW5jb2RlX3RhZyI6IkZFRUQueHBpZHMuMTM1MC5zZHIucmVndWxhcl9waG90by5DMyJ9&_nc_ohc=ie6tgXKIKK4Q7kNvwFcd-YW&_nc_oc=AdpW2lhDnVkyiNJPVvupacTnvpc0xWq5cUaaYREFQWWnoTd6BrVppMIdWgp9Y4b6yMA&_nc_ad=z-m&_nc_cid=0&_nc_zt=23&_nc_ht=instagram.fbcn16-1.fna&_nc_gid=i6L_dzjQKjJcAlgQSiwtFg&_nc_ss=7a22e&oh=00_AQJF4lUmbPNWW3ZWcwAvF2hzIXEKIv5MIOYSsGo8t-VkRg&oe=6AA20271,https://www.instagram.com/p/Dc3i5DQppiY/
Supermercado Tuiuiú,Carnes / Aves,Frango Inteiro Seara kg,9.99,31/08/2026,https://instagram.fmad6-1.fna.fbcdn.net/v/t51.82787-15/790590392_18582933505067900_2201772778734952147_n.jpg?stp=dst-jpg_e35_tt6&_nc_cat=103&ig_cache_key=Mzk3NTg0NzA1MzA0NTM0MDc5MQ%3D%3D.3-ccb7-5&ccb=7-5&_nc_sid=58cdad&efg=eyJ2ZW5jb2RlX3RhZyI6IkNBUk9VU0VMX0lURU0ueHBpZHMuMTA4MC5zZHIucmVndWxhcl9waG90by5DMyJ9&_nc_ohc=lA70mo6EZFUQ7kNvwHmgs7T&_nc_oc=Ado1FpUWBwJKWk-LxS3CiWUWnQzZnLBw4aawc9HpPazOj4tJeihastXvgNStsjZZPvE&_nc_ad=z-m&_nc_cid=0&_nc_zt=23&_nc_ht=instagram.fmad6-1.fna&_nc_gid=MUsxvunBWS-EaV0vfxfxhg&_nc_ss=7a22e&oh=00_AQK7o_2kDh3-u0RHua8Mlc3au4J7UexlnOYpt2kFuNRgsw&oe=6AA1CBC2,https://www.instagram.com/p/DctC9pmj6oW/
Mercado Talismã,Carnes / Aves,Peito de Frango com Osso kg,9.99,03/09/2026,https://scontent-dus1-1.cdninstagram.com/v/t51.82787-15/793161127_18094484141531849_4936990165717844667_n.jpg?stp=dst-jpg_e35_tt6&_nc_cat=106&ig_cache_key=Mzk3ODAxMTY3Njk2Mzc2MDIxMQ%3D%3D.3-ccb7-5&ccb=7-5&_nc_sid=58cdad&efg=eyJ2ZW5jb2RlX3RhZyI6IkNBUk9VU0VMX0lURU0ueHBpZHMuMTI1NC5zZHIucmVndWxhcl9waG90by5DMyJ9&_nc_ohc=_9i6jbdEh8kQ7kNvwF_VZAj&_nc_oc=AdrVBBM1800kHj-U8OAZUEMvu-q5ZgwfmhL7s8nDzvondVwArtuvUpz1m_C2IeI0tBoJuSfjad_0V8dIJYBi9p-a&_nc_ad=z-m&_nc_cid=0&_nc_zt=23&_nc_ht=scontent-dus1-1.cdninstagram.com&_nc_gid=EQg9ZGvmDONYlsev-_VjRQ&_nc_ss=7a22e&oh=00_AQKrmTDDA7xk4yvtkQiRkBvaLECsqz-A2s3f8N5elHLL8Q&oe=6AA1D7CE,https://www.instagram.com/p/Dc0vJiqkaSH/
Mercado Talismã,Carnes / Aves,Coxinha da Asa Bello 800g,10.49,03/09/2026,https://scontent-dus1-1.cdninstagram.com/v/t51.82787-15/793161127_18094484141531849_4936990165717844667_n.jpg?stp=dst-jpg_e35_tt6&_nc_cat=106&ig_cache_key=Mzk3ODAxMTY3Njk2Mzc2MDIxMQ%3D%3D.3-ccb7-5&ccb=7-5&_nc_sid=58cdad&efg=eyJ2ZW5jb2RlX3RhZyI6IkNBUk9VU0VMX0lURU0ueHBpZHMuMTI1NC5zZHIucmVndWxhcl9waG90by5DMyJ9&_nc_ohc=_9i6jbdEh8kQ7kNvwF_VZAj&_nc_oc=AdrVBBM1800kHj-U8OAZUEMvu-q5ZgwfmhL7s8nDzvondVwArtuvUpz1m_C2IeI0tBoJuSfjad_0V8dIJYBi9p-a&_nc_ad=z-m&_nc_cid=0&_nc_zt=23&_nc_ht=scontent-dus1-1.cdninstagram.com&_nc_gid=EQg9ZGvmDONYlsev-_VjRQ&_nc_ss=7a22e&oh=00_AQKrmTDDA7xk4yvtkQiRkBvaLECsqz-A2s3f8N5elHLL8Q&oe=6AA1D7CE,https://www.instagram.com/p/Dc0vJiqkaSH/
Mercado Talismã,Carnes / Aves,Coxinha da Asa de Frango kg,10.99,04/09/2026,https://scontent-muc2-1.cdninstagram.com/v/t51.82787-15/794141159_18094598276531849_432438005650836885_n.jpg?stp=dst-jpg_e35_tt6&_nc_cat=101&ig_cache_key=Mzk3ODcwMzM4MjYyMDk2NTAxMA%3D%3D.3-ccb7-5&ccb=7-5&_nc_sid=58cdad&efg=eyJ2ZW5jb2RlX3RhZyI6IkNBUk9VU0VMX0lURU0ueHBpZHMuMTI1NC5zZHIucmVndWxhcl9waG90by5DMyJ9&_nc_ohc=5-9Hxl23i5MQ7kNvwFFafHc&_nc_oc=Adq7sr-YvgsyChs6y1qW3cTwRTAnun_f9hBixO2mXEh4Cqx9eL3try9P2n2PUdZvpVw&_nc_ad=z-m&_nc_cid=0&_nc_zt=23&_nc_ht=scontent-muc2-1.cdninstagram.com&_nc_gid=xxlDQo_jnxsmP_oMWXLPLw&_nc_ss=7a22e&oh=00_AQIkdA3BFZBES_osQzRRQ59WBqvmX6PwUlO4XAmp2D1b9w&oe=6AA1CC55,https://www.instagram.com/p/Dc3Mb-nEUhr/
Supermercado São Pedro,Carnes / Aves,Coxinha da Asa Seara 1kg,12.99,31/08/2026,https://scontent-cdg4-2.cdninstagram.com/v/t39.30808-6/790651262_1508698107969972_5998080027560533600_n.jpg?stp=c0.0.1638.2048a_dst-jpg_e35_s1638x2048_tt6&_nc_cat=100&ig_cache_key=Mzk3NjE3NTA3NTkzNzgyODUwNQ%3D%3D.3-ccb7-5&ccb=7-5&_nc_sid=58cdad&efg=eyJ2ZW5jb2RlX3RhZyI6IkNBUk9VU0VMX0lURU0ueHBpZHMuMTYzOS5zZHIucmVndWxhcl9waG90by5DMyJ9&_nc_ohc=Fki5XW_PiPcQ7kNvwEMMwlZ&_nc_oc=AdoHYri7fr3UsDoMlHDK2HTgg6FCr0n3lzTEF2Q34993HV2spZuoc7_MN9hgPRznBOCMcYF6jo8s1T9ueRpp6OXR&_nc_ad=z-m&_nc_cid=0&_nc_zt=23&_nc_ht=scontent-cdg4-2.cdninstagram.com&_nc_gid=KkV6WRYKP9_jb-i1Y8eKbw&_nc_ss=7a22e&oh=00_AQJUTh19cXfffXZ1gcr5xFBtzmtRqfPEjzyBYYcYDt9CqA&oe=6AA1D649,https://www.instagram.com/p/DcuNi7YiX2_/
Mercado Talismã,Carnes / Aves,Frango A Passarinho kg,12.99,03/09/2026,https://scontent-dus1-1.cdninstagram.com/v/t51.82787-15/793161127_18094484141531849_4936990165717844667_n.jpg?stp=dst-jpg_e35_tt6&_nc_cat=106&ig_cache_key=Mzk3ODAxMTY3Njk2Mzc2MDIxMQ%3D%3D.3-ccb7-5&ccb=7-5&_nc_sid=58cdad&efg=eyJ2ZW5jb2RlX3RhZyI6IkNBUk9VU0VMX0lURU0ueHBpZHMuMTI1NC5zZHIucmVndWxhcl9waG90by5DMyJ9&_nc_ohc=_9i6jbdEh8kQ7kNvwF_VZAj&_nc_oc=AdrVBBM1800kHj-U8OAZUEMvu-q5ZgwfmhL7s8nDzvondVwArtuvUpz1m_C2IeI0tBoJuSfjad_0V8dIJYBi9p-a&_nc_ad=z-m&_nc_cid=0&_nc_zt=23&_nc_ht=scontent-dus1-1.cdninstagram.com&_nc_gid=EQg9ZGvmDONYlsev-_VjRQ&_nc_ss=7a22e&oh=00_AQKrmTDDA7xk4yvtkQiRkBvaLECsqz-A2s3f8N5elHLL8Q&oe=6AA1D7CE,https://www.instagram.com/p/Dc0vJiqkaSH/
Bom Jesus Primavera do Leste 🛒,Carnes / Aves,Lasanha Sadia 600g,15.99,02/09/2026,https://scontent-mad2-1.cdninstagram.com/v/t51.82787-15/791996249_18375659671237813_7553928904625436317_n.jpg?stp=dst-jpg_e35_tt6&_nc_cat=111&ig_cache_key=Mzk3NzI1MTE3NjUwNzI0MTUyNg%3D%3D.3-ccb7-5&ccb=7-5&_nc_sid=58cdad&efg=eyJ2ZW5jb2RlX3RhZyI6IkNBUk9VU0VMX0lURU0ueHBpZHMuMTA4MC5zZHIucmVndWxhcl9waG90by5DMyJ9&_nc_ohc=Ds7DsxqGcFYQ7kNvwGPRiit&_nc_oc=AdpeLYMgWGfJFe8QQOAPjnYH1k0b5uPQLWxGYlxe5p9iGYz5SPcwKKUiSX7sy7Z-cNE&_nc_ad=z-m&_nc_cid=0&_nc_zt=23&_nc_ht=scontent-mad2-1.cdninstagram.com&_nc_gid=cNGrnuKNE2usmScna-pczQ&_nc_ss=7a22e&oh=00_AQKwmwfUBY4qkF58iMdD9PUyMce7ojdnM47mW0cvJXj0ow&oe=6AA1D71C,https://www.instagram.com/p/DcyCPB9lqMG/
Mercado Talismã,Carnes / Aves,Filé de Peito de Frango kg,16.99,03/09/2026,https://scontent-dus1-1.cdninstagram.com/v/t51.82787-15/793161127_18094484141531849_4936990165717844667_n.jpg?stp=dst-jpg_e35_tt6&_nc_cat=106&ig_cache_key=Mzk3ODAxMTY3Njk2Mzc2MDIxMQ%3D%3D.3-ccb7-5&ccb=7-5&_nc_sid=58cdad&efg=eyJ2ZW5jb2RlX3RhZyI6IkNBUk9VU0VMX0lURU0ueHBpZHMuMTI1NC5zZHIucmVndWxhcl9waG90by5DMyJ9&_nc_ohc=_9i6jbdEh8kQ7kNvwF_VZAj&_nc_oc=AdrVBBM1800kHj-U8OAZUEMvu-q5ZgwfmhL7s8nDzvondVwArtuvUpz1m_C2IeI0tBoJuSfjad_0V8dIJYBi9p-a&_nc_ad=z-m&_nc_cid=0&_nc_zt=23&_nc_ht=scontent-dus1-1.cdninstagram.com&_nc_gid=EQg9ZGvmDONYlsev-_VjRQ&_nc_ss=7a22e&oh=00_AQKrmTDDA7xk4yvtkQiRkBvaLECsqz-A2s3f8N5elHLL8Q&oe=6AA1D7CE,https://www.instagram.com/p/Dc0vJiqkaSH/
Supermercado São Pedro,Carnes / Aves,Filé de Peito de Frango Sadia 1kg,17.49,31/08/2026,https://scontent-cdg4-1.cdninstagram.com/v/t39.30808-6/790310368_1508698117969971_69530791300054474_n.jpg?stp=c0.0.1638.2047a_dst-jpg_e35_s1638x2047_tt6&_nc_cat=102&ig_cache_key=Mzk3NjE3NTA3NzMxMzU4MjExNA%3D%3D.3-ccb7-5&ccb=7-5&_nc_sid=58cdad&efg=eyJ2ZW5jb2RlX3RhZyI6IkNBUk9VU0VMX0lURU0ueHBpZHMuMTYzOC5zZHIucmVndWxhcl9waG90by5DMyJ9&_nc_ohc=g4n58O2K9cUQ7kNvwG3jPTj&_nc_oc=AdpmdDd85wjmpBfulogkmHKZp5Km3ddw8MwqfdkcBPbihQVafg_WOWIjlYl0fgpuMb3NX0GJRrWOguTMzwMyF606&_nc_ad=z-m&_nc_cid=0&_nc_zt=23&_nc_ht=scontent-cdg4-1.cdninstagram.com&_nc_gid=KkV6WRYKP9_jb-i1Y8eKbw&_nc_ss=7a22e&oh=00_AQKUKTtUaUuiOExiKgexFWSHsfn7WhBrZJPSmU6VLHoHDA&oe=6AA1D29A,https://www.instagram.com/p/DcuNi7YiX2_/
Machadão Atacadista,Carnes / Aves,Filezinho de Peito de Frango Sadia 1kg,17.49,01/09/2026,https://scontent-nrt1-2.cdninstagram.com/v/t39.30808-6/789618270_1363962609157030_3615491432982247221_n.jpg?stp=dst-jpg_e35_tt6&_nc_cat=101&ig_cache_key=Mzk3NjIxNDMzMTkzMDk1NjQzNw%3D%3D.3-ccb7-5&ccb=7-5&_nc_sid=58cdad&efg=eyJ2ZW5jb2RlX3RhZyI6IkNBUk9VU0VMX0lURU0ueHBpZHMuMTYzOC5zZHIucmVndWxhcl9waG90by5DMyJ9&_nc_ohc=LWeQr5ZiUMIQ7kNvwG2EpOW&_nc_oc=AdqTmKj8gPcVQGDJZvbSQiS2g1MfVx7gs5N1SmrN0Cw7uV-z_YRJMK5F8nupD-pCr3qX79cSlQC3hL_FWrV1uvSB&_nc_ad=z-m&_nc_cid=0&_nc_zt=23&_nc_ht=scontent-nrt1-2.cdninstagram.com&_nc_gid=lAGGb0982PGD7jUIo2QSQQ&_nc_ss=7a22e&oh=00_AQKhWRg444QWKGhs6d-h3vLo8t6ZNiKq99X21URU7yJzWA&oe=6AA1F626,https://www.instagram.com/p/DcuWeMKD352/
Machadão Atacadista,Carnes / Aves,Filezinho de Peito de Frango Sadia 1kg,17.49,01/09/2026,https://scontent-nrt6-1.cdninstagram.com/v/t39.30808-6/788766900_1363961989157092_7149980708576029676_n.jpg?stp=dst-jpg_e35_tt6&_nc_cat=105&ig_cache_key=Mzk3NjIxNDMzMjMyNTE5OTQzMw%3D%3D.3-ccb7-5&ccb=7-5&_nc_sid=58cdad&efg=eyJ2ZW5jb2RlX3RhZyI6IkNBUk9VU0VMX0lURU0ueHBpZHMuMTYzOC5zZHIucmVndWxhcl9waG90by5DMyJ9&_nc_ohc=vw1LTHI3qF8Q7kNvwEXrSdJ&_nc_oc=AdoyvIq8FIBaRiGmwYlE2xtd86PIXoiFhZ0oX0Wl4h4RfvbrnNi6fAr5hFcGVpJYpVVFueZx_lm-HUYteN507Tn8&_nc_ad=z-m&_nc_cid=0&_nc_zt=23&_nc_ht=scontent-nrt6-1.cdninstagram.com&_nc_gid=lAGGb0982PGD7jUIo2QSQQ&_nc_ss=7a22e&oh=00_AQJgxbXvmanVRNfMygUeg_ZwlDCNW-deQSdj1C1RXnxF_Q&oe=6AA1F2D0,https://www.instagram.com/p/DcuWeMKD352/
Machadão Atacadista,Carnes / Aves,Filezinho de Peito de Frango Sadia 1kg,17.49,01/09/2026,https://scontent-nrt1-2.cdninstagram.com/v/t39.30808-6/790209214_1363962295823728_6184311664090934208_n.jpg?stp=dst-jpg_e35_tt6&_nc_cat=101&ig_cache_key=Mzk3NjIxNDMzMTA5MjA0NzE3Mg%3D%3D.3-ccb7-5&ccb=7-5&_nc_sid=58cdad&efg=eyJ2ZW5jb2RlX3RhZyI6IkNBUk9VU0VMX0lURU0ueHBpZHMuMTYzOC5zZHIucmVndWxhcl9waG90by5DMyJ9&_nc_ohc=RBvtfYik74QQ7kNvwHZ03vk&_nc_oc=Adplqmx-VaY-bWG92HbQ3dr7yppIyRkEnutrUSHhupZEDzy1Uhl6Fx7VZCzV4KisBE4zetbu-VhHS7hEC9kXw0Hs&_nc_ad=z-m&_nc_cid=0&_nc_zt=23&_nc_ht=scontent-nrt1-2.cdninstagram.com&_nc_gid=lAGGb0982PGD7jUIo2QSQQ&_nc_ss=7a22e&oh=00_AQLYlzQw4d8rU8cIUjYZf1dqWSkrD5iPGFARWMM2Nk0o1A&oe=6AA1FBAE,https://www.instagram.com/p/DcuWeMKD352/
Supermercado Bianchi,Carnes / Aves,Coração de Frango kg,36.99,04/09/2026,https://scontent-dus1-1.cdninstagram.com/v/t39.30808-6/794394885_1671342161662848_9054103810378227712_n.jpg?stp=dst-jpg_e35_tt6&_nc_cat=105&ig_cache_key=Mzk3OTA5ODMxMDkwODkwMjM2Mg%3D%3D.3-ccb7-5&ccb=7-5&_nc_sid=58cdad&efg=eyJ2ZW5jb2RlX3RhZyI6IkNBUk9VU0VMX0lURU0ueHBpZHMuMTA4MC5zZHIucmVndWxhcl9waG90by5DMyJ9&_nc_ohc=u51uHJGhG3QQ7kNvwHPO_92&_nc_oc=AdosZV9qWYKz7v9VjIeucD0AG4Gh_7G3YbV7zLX2Gx6KNw3p3GDoVq4O8alg256rZEQ&_nc_ad=z-m&_nc_cid=1088&_nc_zt=23&_nc_ht=scontent-dus1-1.cdninstagram.com&_nc_gid=G8mTHs_bThq4Su9BKqN4oA&_nc_ss=7a22e&oh=00_AQKwB8FzuZu1a_p4RRmGs49jEMuLL_HtTMLcJAhc7Y0d6A&oe=6AA1D276,https://www.instagram.com/p/Dc4mNeNlFUC/
Mercado Talismã,Carnes / Bovina,Paleta Suína kg,7.99,04/09/2026,https://scontent-muc2-1.cdninstagram.com/v/t51.82787-15/794141159_18094598276531849_432438005650836885_n.jpg?stp=dst-jpg_e35_tt6&_nc_cat=101&ig_cache_key=Mzk3ODcwMzM4MjYyMDk2NTAxMA%3D%3D.3-ccb7-5&ccb=7-5&_nc_sid=58cdad&efg=eyJ2ZW5jb2RlX3RhZyI6IkNBUk9VU0VMX0lURU0ueHBpZHMuMTI1NC5zZHIucmVndWxhcl9waG90by5DMyJ9&_nc_ohc=5-9Hxl23i5MQ7kNvwFFafHc&_nc_oc=Adq7sr-YvgsyChs6y1qW3cTwRTAnun_f9hBixO2mXEh4Cqx9eL3try9P2n2PUdZvpVw&_nc_ad=z-m&_nc_cid=0&_nc_zt=23&_nc_ht=scontent-muc2-1.cdninstagram.com&_nc_gid=xxlDQo_jnxsmP_oMWXLPLw&_nc_ss=7a22e&oh=00_AQIkdA3BFZBES_osQzRRQ59WBqvmX6PwUlO4XAmp2D1b9w&oe=6AA1CC55,https://www.instagram.com/p/Dc3Mb-nEUhr/
Supermercado Tuiuiú,Carnes / Bovina,Recorte Bovino kg,9.99,31/08/2026,https://instagram.fmad6-1.fna.fbcdn.net/v/t51.82787-15/789925865_18582933439067900_5352302008089866172_n.jpg?stp=dst-jpg_e35_tt6&_nc_cat=106&ig_cache_key=Mzk3NTg0NzAyMjI0MjEyOTQ1Ng%3D%3D.3-ccb7-5&ccb=7-5&_nc_sid=58cdad&efg=eyJ2ZW5jb2RlX3RhZyI6IkNBUk9VU0VMX0lURU0ueHBpZHMuMTA4MC5zZHIucmVndWxhcl9waG90by5DMyJ9&_nc_ohc=2jPdb_mSVb8Q7kNvwFBpQAl&_nc_oc=Adrs3feWKmPklTY9RB5QOFIzHPwgKxiKgcUB_mWQPNsUhoqjm5F2ciUwzXSoWjvY3T8&_nc_ad=z-m&_nc_cid=0&_nc_zt=23&_nc_ht=instagram.fmad6-1.fna&_nc_gid=MUsxvunBWS-EaV0vfxfxhg&_nc_ss=7a22e&oh=00_AQIP09j-RagJ97lh0FfCRNO-7giLAcpsg-aQzte030kcDw&oe=6AA1DB5E,https://www.instagram.com/p/DctC9pmj6oW/
SUPERMERCADO PARANAENSE,Carnes / Bovina,Paleta Suína kg,10.99,04/09/2026,https://instagram.fbcn16-1.fna.fbcdn.net/v/t51.82787-15/793091537_17908611444496981_7739521422564972149_n.jpg?stp=dst-jpg_e35_tt6&_nc_cat=108&ig_cache_key=Mzk3ODgwMjI0OTg5NzI1MzAxNg%3D%3D.3-ccb7-5&ccb=7-5&_nc_sid=58cdad&efg=eyJ2ZW5jb2RlX3RhZyI6IkZFRUQueHBpZHMuMTM1MC5zZHIucmVndWxhcl9waG90by5DMyJ9&_nc_ohc=ie6tgXKIKK4Q7kNvwFcd-YW&_nc_oc=AdpW2lhDnVkyiNJPVvupacTnvpc0xWq5cUaaYREFQWWnoTd6BrVppMIdWgp9Y4b6yMA&_nc_ad=z-m&_nc_cid=0&_nc_zt=23&_nc_ht=instagram.fbcn16-1.fna&_nc_gid=i6L_dzjQKjJcAlgQSiwtFg&_nc_ss=7a22e&oh=00_AQJF4lUmbPNWW3ZWcwAvF2hzIXEKIv5MIOYSsGo8t-VkRg&oe=6AA20271,https://www.instagram.com/p/Dc3i5DQppiY/
Bom Jesus Primavera do Leste 🛒,Carnes / Bovina,Bisteca Suína Excelência kg,12.99,02/09/2026,https://scontent-mad2-1.cdninstagram.com/v/t51.82787-15/791996249_18375659671237813_7553928904625436317_n.jpg?stp=dst-jpg_e35_tt6&_nc_cat=111&ig_cache_key=Mzk3NzI1MTE3NjUwNzI0MTUyNg%3D%3D.3-ccb7-5&ccb=7-5&_nc_sid=58cdad&efg=eyJ2ZW5jb2RlX3RhZyI6IkNBUk9VU0VMX0lURU0ueHBpZHMuMTA4MC5zZHIucmVndWxhcl9waG90by5DMyJ9&_nc_ohc=Ds7DsxqGcFYQ7kNvwGPRiit&_nc_oc=AdpeLYMgWGfJFe8QQOAPjnYH1k0b5uPQLWxGYlxe5p9iGYz5SPcwKKUiSX7sy7Z-cNE&_nc_ad=z-m&_nc_cid=0&_nc_zt=23&_nc_ht=scontent-mad2-1.cdninstagram.com&_nc_gid=cNGrnuKNE2usmScna-pczQ&_nc_ss=7a22e&oh=00_AQKwmwfUBY4qkF58iMdD9PUyMce7ojdnM47mW0cvJXj0ow&oe=6AA1D71C,https://www.instagram.com/p/DcyCPB9lqMG/
Supermercado São Pedro,Carnes / Bovina,Bisteca Suína kg,13.99,31/08/2026,https://scontent-cdg4-1.cdninstagram.com/v/t39.30808-6/790310368_1508698117969971_69530791300054474_n.jpg?stp=c0.0.1638.2047a_dst-jpg_e35_s1638x2047_tt6&_nc_cat=102&ig_cache_key=Mzk3NjE3NTA3NzMxMzU4MjExNA%3D%3D.3-ccb7-5&ccb=7-5&_nc_sid=58cdad&efg=eyJ2ZW5jb2RlX3RhZyI6IkNBUk9VU0VMX0lURU0ueHBpZHMuMTYzOC5zZHIucmVndWxhcl9waG90by5DMyJ9&_nc_ohc=g4n58O2K9cUQ7kNvwG3jPTj&_nc_oc=AdpmdDd85wjmpBfulogkmHKZp5Km3ddw8MwqfdkcBPbihQVafg_WOWIjlYl0fgpuMb3NX0GJRrWOguTMzwMyF606&_nc_ad=z-m&_nc_cid=0&_nc_zt=23&_nc_ht=scontent-cdg4-1.cdninstagram.com&_nc_gid=KkV6WRYKP9_jb-i1Y8eKbw&_nc_ss=7a22e&oh=00_AQKUKTtUaUuiOExiKgexFWSHsfn7WhBrZJPSmU6VLHoHDA&oe=6AA1D29A,https://www.instagram.com/p/DcuNi7YiX2_/
SUPERMERCADO PARANAENSE,Carnes / Bovina,Bisteca Suína kg,16.99,04/09/2026,https://instagram.fbcn16-1.fna.fbcdn.net/v/t51.82787-15/793091537_17908611444496981_7739521422564972149_n.jpg?stp=dst-jpg_e35_tt6&_nc_cat=108&ig_cache_key=Mzk3ODgwMjI0OTg5NzI1MzAxNg%3D%3D.3-ccb7-5&ccb=7-5&_nc_sid=58cdad&efg=eyJ2ZW5jb2RlX3RhZyI6IkZFRUQueHBpZHMuMTM1MC5zZHIucmVndWxhcl9waG90by5DMyJ9&_nc_ohc=ie6tgXKIKK4Q7kNvwFcd-YW&_nc_oc=AdpW2lhDnVkyiNJPVvupacTnvpc0xWq5cUaaYREFQWWnoTd6BrVppMIdWgp9Y4b6yMA&_nc_ad=z-m&_nc_cid=0&_nc_zt=23&_nc_ht=instagram.fbcn16-1.fna&_nc_gid=i6L_dzjQKjJcAlgQSiwtFg&_nc_ss=7a22e&oh=00_AQJF4lUmbPNWW3ZWcwAvF2hzIXEKIv5MIOYSsGo8t-VkRg&oe=6AA20271,https://www.instagram.com/p/Dc3i5DQppiY/
Bom Jesus Primavera do Leste 🛒,Carnes / Bovina,Costela Suína Excelência kg,17.99,02/09/2026,https://scontent-mad2-1.cdninstagram.com/v/t51.82787-15/790945081_18375659686237813_9050728469318026865_n.jpg?stp=dst-jpg_e35_tt6&_nc_cat=108&ig_cache_key=Mzk3NzI1MTE3NjY2MzQyODAzOA%3D%3D.3-ccb7-5&ccb=7-5&_nc_sid=58cdad&efg=eyJ2ZW5jb2RlX3RhZyI6IkNBUk9VU0VMX0lURU0ueHBpZHMuMTA4MC5zZHIucmVndWxhcl9waG90by5DMyJ9&_nc_ohc=g7q-6pMExHYQ7kNvwGnX9J-&_nc_oc=Ados4RE-0mBxaFHLHe6gsWy1nHD3J4hQrMUF4AP9ZENyDKSisTOGsQZgtAf_qSVSL9Q&_nc_ad=z-m&_nc_cid=0&_nc_zt=23&_nc_ht=scontent-mad2-1.cdninstagram.com&_nc_gid=cNGrnuKNE2usmScna-pczQ&_nc_ss=7a22e&oh=00_AQKnj0yWUDGQsTrzcQHUAD7HWmd3hMDwwEOk2PeG918QlQ&oe=6AA1F262,https://www.instagram.com/p/DcyCPB9lqMG/
Mercado Talismã,Carnes / Bovina,Costela Bovina kg,18.99,04/09/2026,https://scontent-muc2-1.cdninstagram.com/v/t51.82787-15/794141159_18094598276531849_432438005650836885_n.jpg?stp=dst-jpg_e35_tt6&_nc_cat=101&ig_cache_key=Mzk3ODcwMzM4MjYyMDk2NTAxMA%3D%3D.3-ccb7-5&ccb=7-5&_nc_sid=58cdad&efg=eyJ2ZW5jb2RlX3RhZyI6IkNBUk9VU0VMX0lURU0ueHBpZHMuMTI1NC5zZHIucmVndWxhcl9waG90by5DMyJ9&_nc_ohc=5-9Hxl23i5MQ7kNvwFFafHc&_nc_oc=Adq7sr-YvgsyChs6y1qW3cTwRTAnun_f9hBixO2mXEh4Cqx9eL3try9P2n2PUdZvpVw&_nc_ad=z-m&_nc_cid=0&_nc_zt=23&_nc_ht=scontent-muc2-1.cdninstagram.com&_nc_gid=xxlDQo_jnxsmP_oMWXLPLw&_nc_ss=7a22e&oh=00_AQIkdA3BFZBES_osQzRRQ59WBqvmX6PwUlO4XAmp2D1b9w&oe=6AA1CC55,https://www.instagram.com/p/Dc3Mb-nEUhr/
SUPERMERCADO PARANAENSE,Carnes / Bovina,Costela Bovina kg,21.99,04/09/2026,https://instagram.fbcn16-1.fna.fbcdn.net/v/t51.82787-15/793091537_17908611444496981_7739521422564972149_n.jpg?stp=dst-jpg_e35_tt6&_nc_cat=108&ig_cache_key=Mzk3ODgwMjI0OTg5NzI1MzAxNg%3D%3D.3-ccb7-5&ccb=7-5&_nc_sid=58cdad&efg=eyJ2ZW5jb2RlX3RhZyI6IkZFRUQueHBpZHMuMTM1MC5zZHIucmVndWxhcl9waG90by5DMyJ9&_nc_ohc=ie6tgXKIKK4Q7kNvwFcd-YW&_nc_oc=AdpW2lhDnVkyiNJPVvupacTnvpc0xWq5cUaaYREFQWWnoTd6BrVppMIdWgp9Y4b6yMA&_nc_ad=z-m&_nc_cid=0&_nc_zt=23&_nc_ht=instagram.fbcn16-1.fna&_nc_gid=i6L_dzjQKjJcAlgQSiwtFg&_nc_ss=7a22e&oh=00_AQJF4lUmbPNWW3ZWcwAvF2hzIXEKIv5MIOYSsGo8t-VkRg&oe=6AA20271,https://www.instagram.com/p/Dc3i5DQppiY/
SUPERMERCADO PARANAENSE,Carnes / Bovina,Carne Moída Bovina kg,28.99,04/09/2026,https://instagram.fbcn16-1.fna.fbcdn.net/v/t51.82787-15/793091537_17908611444496981_7739521422564972149_n.jpg?stp=dst-jpg_e35_tt6&_nc_cat=108&ig_cache_key=Mzk3ODgwMjI0OTg5NzI1MzAxNg%3D%3D.3-ccb7-5&ccb=7-5&_nc_sid=58cdad&efg=eyJ2ZW5jb2RlX3RhZyI6IkZFRUQueHBpZHMuMTM1MC5zZHIucmVndWxhcl9waG90by5DMyJ9&_nc_ohc=ie6tgXKIKK4Q7kNvwFcd-YW&_nc_oc=AdpW2lhDnVkyiNJPVvupacTnvpc0xWq5cUaaYREFQWWnoTd6BrVppMIdWgp9Y4b6yMA&_nc_ad=z-m&_nc_cid=0&_nc_zt=23&_nc_ht=instagram.fbcn16-1.fna&_nc_gid=i6L_dzjQKjJcAlgQSiwtFg&_nc_ss=7a22e&oh=00_AQJF4lUmbPNWW3ZWcwAvF2hzIXEKIv5MIOYSsGo8t-VkRg&oe=6AA20271,https://www.instagram.com/p/Dc3i5DQppiY/
Mercado Talismã,Carnes / Bovina,Corte Grill Bovino kg,29.99,04/09/2026,https://scontent-muc2-1.cdninstagram.com/v/t51.82787-15/794141159_18094598276531849_432438005650836885_n.jpg?stp=dst-jpg_e35_tt6&_nc_cat=101&ig_cache_key=Mzk3ODcwMzM4MjYyMDk2NTAxMA%3D%3D.3-ccb7-5&ccb=7-5&_nc_sid=58cdad&efg=eyJ2ZW5jb2RlX3RhZyI6IkNBUk9VU0VMX0lURU0ueHBpZHMuMTI1NC5zZHIucmVndWxhcl9waG90by5DMyJ9&_nc_ohc=5-9Hxl23i5MQ7kNvwFFafHc&_nc_oc=Adq7sr-YvgsyChs6y1qW3cTwRTAnun_f9hBixO2mXEh4Cqx9eL3try9P2n2PUdZvpVw&_nc_ad=z-m&_nc_cid=0&_nc_zt=23&_nc_ht=scontent-muc2-1.cdninstagram.com&_nc_gid=xxlDQo_jnxsmP_oMWXLPLw&_nc_ss=7a22e&oh=00_AQIkdA3BFZBES_osQzRRQ59WBqvmX6PwUlO4XAmp2D1b9w&oe=6AA1CC55,https://www.instagram.com/p/Dc3Mb-nEUhr/
Bom Jesus Primavera do Leste 🛒,Carnes / Bovina,Paleta e Cabeça de Lombo com Osso Sulbeef kg,32.99,02/09/2026,https://scontent-mad2-1.cdninstagram.com/v/t51.82787-15/790945081_18375659686237813_9050728469318026865_n.jpg?stp=dst-jpg_e35_tt6&_nc_cat=108&ig_cache_key=Mzk3NzI1MTE3NjY2MzQyODAzOA%3D%3D.3-ccb7-5&ccb=7-5&_nc_sid=58cdad&efg=eyJ2ZW5jb2RlX3RhZyI6IkNBUk9VU0VMX0lURU0ueHBpZHMuMTA4MC5zZHIucmVndWxhcl9waG90by5DMyJ9&_nc_ohc=g7q-6pMExHYQ7kNvwGnX9J-&_nc_oc=Ados4RE-0mBxaFHLHe6gsWy1nHD3J4hQrMUF4AP9ZENyDKSisTOGsQZgtAf_qSVSL9Q&_nc_ad=z-m&_nc_cid=0&_nc_zt=23&_nc_ht=scontent-mad2-1.cdninstagram.com&_nc_gid=cNGrnuKNE2usmScna-pczQ&_nc_ss=7a22e&oh=00_AQKnj0yWUDGQsTrzcQHUAD7HWmd3hMDwwEOk2PeG918QlQ&oe=6AA1F262,https://www.instagram.com/p/DcyCPB9lqMG/
Supermercado Bianchi,Carnes / Bovina,Acém Bovino com Osso kg,32.99,03/09/2026,https://scontent-man2-1.cdninstagram.com/v/t39.30808-6/793158998_1669497651847299_428680457300133966_n.jpg?stp=dst-jpg_e35_tt6&_nc_cat=109&ig_cache_key=Mzk3NzcwMjI5NDY0NTE0ODI3NA%3D%3D.3-ccb7-5&ccb=7-5&_nc_sid=58cdad&efg=eyJ2ZW5jb2RlX3RhZyI6IkNBUk9VU0VMX0lURU0ueHBpZHMuMjA0OC5zZHIucmVndWxhcl9waG90by5DMyJ9&_nc_ohc=HTgznjeIkJ8Q7kNvwFfDUEF&_nc_oc=AdpLezU7MorfWXd12VuUIgWnDY4M6v7Ps-Czff3ttv1fU2pHeiqplZ2WY6x927KbAKbq-1hhMGtH_F3ivVerIaRy&_nc_ad=z-m&_nc_cid=0&_nc_zt=23&_nc_ht=scontent-man2-1.cdninstagram.com&_nc_gid=7_EESBhGN-aBYm4lt8RaWw&_nc_ss=7a22e&oh=00_AQIPSPdZp-ZP-3MdBObrAeZ1XV19m7nXnKf5jEHAIt3aMw&oe=6AA1E7D3,https://www.instagram.com/p/Dczoy6flFrU/
Mercado Talismã,Carnes / Bovina,Bisteca de Contra Filé Bovina kg,33.99,04/09/2026,https://scontent-muc2-1.cdninstagram.com/v/t51.82787-15/794141159_18094598276531849_432438005650836885_n.jpg?stp=dst-jpg_e35_tt6&_nc_cat=101&ig_cache_key=Mzk3ODcwMzM4MjYyMDk2NTAxMA%3D%3D.3-ccb7-5&ccb=7-5&_nc_sid=58cdad&efg=eyJ2ZW5jb2RlX3RhZyI6IkNBUk9VU0VMX0lURU0ueHBpZHMuMTI1NC5zZHIucmVndWxhcl9waG90by5DMyJ9&_nc_ohc=5-9Hxl23i5MQ7kNvwFFafHc&_nc_oc=Adq7sr-YvgsyChs6y1qW3cTwRTAnun_f9hBixO2mXEh4Cqx9eL3try9P2n2PUdZvpVw&_nc_ad=z-m&_nc_cid=0&_nc_zt=23&_nc_ht=scontent-muc2-1.cdninstagram.com&_nc_gid=xxlDQo_jnxsmP_oMWXLPLw&_nc_ss=7a22e&oh=00_AQIkdA3BFZBES_osQzRRQ59WBqvmX6PwUlO4XAmp2D1b9w&oe=6AA1CC55,https://www.instagram.com/p/Dc3Mb-nEUhr/
SUPERMERCADO PARANAENSE,Carnes / Bovina,Capa de Contra Filé Bovina kg,34.99,04/09/2026,https://instagram.fbcn16-1.fna.fbcdn.net/v/t51.82787-15/793091537_17908611444496981_7739521422564972149_n.jpg?stp=dst-jpg_e35_tt6&_nc_cat=108&ig_cache_key=Mzk3ODgwMjI0OTg5NzI1MzAxNg%3D%3D.3-ccb7-5&ccb=7-5&_nc_sid=58cdad&efg=eyJ2ZW5jb2RlX3RhZyI6IkZFRUQueHBpZHMuMTM1MC5zZHIucmVndWxhcl9waG90by5DMyJ9&_nc_ohc=ie6tgXKIKK4Q7kNvwFcd-YW&_nc_oc=AdpW2lhDnVkyiNJPVvupacTnvpc0xWq5cUaaYREFQWWnoTd6BrVppMIdWgp9Y4b6yMA&_nc_ad=z-m&_nc_cid=0&_nc_zt=23&_nc_ht=instagram.fbcn16-1.fna&_nc_gid=i6L_dzjQKjJcAlgQSiwtFg&_nc_ss=7a22e&oh=00_AQJF4lUmbPNWW3ZWcwAvF2hzIXEKIv5MIOYSsGo8t-VkRg&oe=6AA20271,https://www.instagram.com/p/Dc3i5DQppiY/
Mercado Talismã,Carnes / Bovina,Coxão Mole Bovino kg,38.99,04/09/2026,https://scontent-muc2-1.cdninstagram.com/v/t51.82787-15/794141159_18094598276531849_432438005650836885_n.jpg?stp=dst-jpg_e35_tt6&_nc_cat=101&ig_cache_key=Mzk3ODcwMzM4MjYyMDk2NTAxMA%3D%3D.3-ccb7-5&ccb=7-5&_nc_sid=58cdad&efg=eyJ2ZW5jb2RlX3RhZyI6IkNBUk9VU0VMX0lURU0ueHBpZHMuMTI1NC5zZHIucmVndWxhcl9waG90by5DMyJ9&_nc_ohc=5-9Hxl23i5MQ7kNvwFFafHc&_nc_oc=Adq7sr-YvgsyChs6y1qW3cTwRTAnun_f9hBixO2mXEh4Cqx9eL3try9P2n2PUdZvpVw&_nc_ad=z-m&_nc_cid=0&_nc_zt=23&_nc_ht=scontent-muc2-1.cdninstagram.com&_nc_gid=xxlDQo_jnxsmP_oMWXLPLw&_nc_ss=7a22e&oh=00_AQIkdA3BFZBES_osQzRRQ59WBqvmX6PwUlO4XAmp2D1b9w&oe=6AA1CC55,https://www.instagram.com/p/Dc3Mb-nEUhr/
SUPERMERCADO PARANAENSE,Carnes / Bovina,Patinho Bovino kg,39.99,04/09/2026,https://instagram.fbcn16-1.fna.fbcdn.net/v/t51.82787-15/793091537_17908611444496981_7739521422564972149_n.jpg?stp=dst-jpg_e35_tt6&_nc_cat=108&ig_cache_key=Mzk3ODgwMjI0OTg5NzI1MzAxNg%3D%3D.3-ccb7-5&ccb=7-5&_nc_sid=58cdad&efg=eyJ2ZW5jb2RlX3RhZyI6IkZFRUQueHBpZHMuMTM1MC5zZHIucmVndWxhcl9waG90by5DMyJ9&_nc_ohc=ie6tgXKIKK4Q7kNvwFcd-YW&_nc_oc=AdpW2lhDnVkyiNJPVvupacTnvpc0xWq5cUaaYREFQWWnoTd6BrVppMIdWgp9Y4b6yMA&_nc_ad=z-m&_nc_cid=0&_nc_zt=23&_nc_ht=instagram.fbcn16-1.fna&_nc_gid=i6L_dzjQKjJcAlgQSiwtFg&_nc_ss=7a22e&oh=00_AQJF4lUmbPNWW3ZWcwAvF2hzIXEKIv5MIOYSsGo8t-VkRg&oe=6AA20271,https://www.instagram.com/p/Dc3i5DQppiY/
SUPERMERCADO PARANAENSE,Carnes / Bovina,Fraldinha Bovina kg,41.99,04/09/2026,https://instagram.fbcn16-1.fna.fbcdn.net/v/t51.82787-15/793091537_17908611444496981_7739521422564972149_n.jpg?stp=dst-jpg_e35_tt6&_nc_cat=108&ig_cache_key=Mzk3ODgwMjI0OTg5NzI1MzAxNg%3D%3D.3-ccb7-5&ccb=7-5&_nc_sid=58cdad&efg=eyJ2ZW5jb2RlX3RhZyI6IkZFRUQueHBpZHMuMTM1MC5zZHIucmVndWxhcl9waG90by5DMyJ9&_nc_ohc=ie6tgXKIKK4Q7kNvwFcd-YW&_nc_oc=AdpW2lhDnVkyiNJPVvupacTnvpc0xWq5cUaaYREFQWWnoTd6BrVppMIdWgp9Y4b6yMA&_nc_ad=z-m&_nc_cid=0&_nc_zt=23&_nc_ht=instagram.fbcn16-1.fna&_nc_gid=i6L_dzjQKjJcAlgQSiwtFg&_nc_ss=7a22e&oh=00_AQJF4lUmbPNWW3ZWcwAvF2hzIXEKIv5MIOYSsGo8t-VkRg&oe=6AA20271,https://www.instagram.com/p/Dc3i5DQppiY/
Supermercado Bianchi,Carnes / Bovina,Cupim Bovino kg,45.99,04/09/2026,https://scontent-dus1-1.cdninstagram.com/v/t39.30808-6/794394885_1671342161662848_9054103810378227712_n.jpg?stp=dst-jpg_e35_tt6&_nc_cat=105&ig_cache_key=Mzk3OTA5ODMxMDkwODkwMjM2Mg%3D%3D.3-ccb7-5&ccb=7-5&_nc_sid=58cdad&efg=eyJ2ZW5jb2RlX3RhZyI6IkNBUk9VU0VMX0lURU0ueHBpZHMuMTA4MC5zZHIucmVndWxhcl9waG90by5DMyJ9&_nc_ohc=u51uHJGhG3QQ7kNvwHPO_92&_nc_oc=AdosZV9qWYKz7v9VjIeucD0AG4Gh_7G3YbV7zLX2Gx6KNw3p3GDoVq4O8alg256rZEQ&_nc_ad=z-m&_nc_cid=1088&_nc_zt=23&_nc_ht=scontent-dus1-1.cdninstagram.com&_nc_gid=G8mTHs_bThq4Su9BKqN4oA&_nc_ss=7a22e&oh=00_AQKwB8FzuZu1a_p4RRmGs49jEMuLL_HtTMLcJAhc7Y0d6A&oe=6AA1D276,https://www.instagram.com/p/Dc4mNeNlFUC/
Supermercado Bianchi,Carnes / Bovina,Picanha Bovina kg,47.99,04/09/2026,https://scontent-dus1-1.cdninstagram.com/v/t39.30808-6/794394885_1671342161662848_9054103810378227712_n.jpg?stp=dst-jpg_e35_tt6&_nc_cat=105&ig_cache_key=Mzk3OTA5ODMxMDkwODkwMjM2Mg%3D%3D.3-ccb7-5&ccb=7-5&_nc_sid=58cdad&efg=eyJ2ZW5jb2RlX3RhZyI6IkNBUk9VU0VMX0lURU0ueHBpZHMuMTA4MC5zZHIucmVndWxhcl9waG90by5DMyJ9&_nc_ohc=u51uHJGhG3QQ7kNvwHPO_92&_nc_oc=AdosZV9qWYKz7v9VjIeucD0AG4Gh_7G3YbV7zLX2Gx6KNw3p3GDoVq4O8alg256rZEQ&_nc_ad=z-m&_nc_cid=1088&_nc_zt=23&_nc_ht=scontent-dus1-1.cdninstagram.com&_nc_gid=G8mTHs_bThq4Su9BKqN4oA&_nc_ss=7a22e&oh=00_AQKwB8FzuZu1a_p4RRmGs49jEMuLL_HtTMLcJAhc7Y0d6A&oe=6AA1D276,https://www.instagram.com/p/Dc4mNeNlFUC/
Bom Jesus Primavera do Leste 🛒,Carnes / Bovina,Contra Filé e Alcatra com Maminha Sulbeef kg,49.99,02/09/2026,https://scontent-mad2-1.cdninstagram.com/v/t51.82787-15/790945081_18375659686237813_9050728469318026865_n.jpg?stp=dst-jpg_e35_tt6&_nc_cat=108&ig_cache_key=Mzk3NzI1MTE3NjY2MzQyODAzOA%3D%3D.3-ccb7-5&ccb=7-5&_nc_sid=58cdad&efg=eyJ2ZW5jb2RlX3RhZyI6IkNBUk9VU0VMX0lURU0ueHBpZHMuMTA4MC5zZHIucmVndWxhcl9waG90by5DMyJ9&_nc_ohc=g7q-6pMExHYQ7kNvwGnX9J-&_nc_oc=Ados4RE-0mBxaFHLHe6gsWy1nHD3J4hQrMUF4AP9ZENyDKSisTOGsQZgtAf_qSVSL9Q&_nc_ad=z-m&_nc_cid=0&_nc_zt=23&_nc_ht=scontent-mad2-1.cdninstagram.com&_nc_gid=cNGrnuKNE2usmScna-pczQ&_nc_ss=7a22e&oh=00_AQKnj0yWUDGQsTrzcQHUAD7HWmd3hMDwwEOk2PeG918QlQ&oe=6AA1F262,https://www.instagram.com/p/DcyCPB9lqMG/
Mercado Talismã,Carnes / Bovina,Picanha com Alcatra Bovina kg,49.99,04/09/2026,https://scontent-muc2-1.cdninstagram.com/v/t51.82787-15/794141159_18094598276531849_432438005650836885_n.jpg?stp=dst-jpg_e35_tt6&_nc_cat=101&ig_cache_key=Mzk3ODcwMzM4MjYyMDk2NTAxMA%3D%3D.3-ccb7-5&ccb=7-5&_nc_sid=58cdad&efg=eyJ2ZW5jb2RlX3RhZyI6IkNBUk9VU0VMX0lURU0ueHBpZHMuMTI1NC5zZHIucmVndWxhcl9waG90by5DMyJ9&_nc_ohc=5-9Hxl23i5MQ7kNvwFFafHc&_nc_oc=Adq7sr-YvgsyChs6y1qW3cTwRTAnun_f9hBixO2mXEh4Cqx9eL3try9P2n2PUdZvpVw&_nc_ad=z-m&_nc_cid=0&_nc_zt=23&_nc_ht=scontent-muc2-1.cdninstagram.com&_nc_gid=xxlDQo_jnxsmP_oMWXLPLw&_nc_ss=7a22e&oh=00_AQIkdA3BFZBES_osQzRRQ59WBqvmX6PwUlO4XAmp2D1b9w&oe=6AA1CC55,https://www.instagram.com/p/Dc3Mb-nEUhr/
Supermercado Bianchi,Carnes / Bovina,Maminha Bovina kg,49.99,04/09/2026,https://scontent-dus1-1.cdninstagram.com/v/t39.30808-6/793595705_1671342158329515_4457529570292926276_n.jpg?stp=dst-jpg_e35_tt6&_nc_cat=111&ig_cache_key=Mzk3OTA5ODMxMDU5ODUwNDAzNw%3D%3D.3-ccb7-5&ccb=7-5&_nc_sid=58cdad&efg=eyJ2ZW5jb2RlX3RhZyI6IkNBUk9VU0VMX0lURU0ueHBpZHMuMTA4MC5zZHIucmVndWxhcl9waG90by5DMyJ9&_nc_ohc=p9CWVDkW9H4Q7kNvwG37VK8&_nc_oc=Ados13qyFp7YL4fulzv0PAvUxGF6M7iDFo1dJi2a3vc09uRxiQ5Jvvlmk-hSREeYC9A&_nc_ad=z-m&_nc_cid=1088&_nc_zt=23&_nc_ht=scontent-dus1-1.cdninstagram.com&_nc_gid=G8mTHs_bThq4Su9BKqN4oA&_nc_ss=7a22e&oh=00_AQJKssaE1FgJufTwjg_QdAAn9vRcHWSUKDccISowiYNaJQ&oe=6AA1DD2E,https://www.instagram.com/p/Dc4mNeNlFUC/
Supermercado Bianchi,Carnes / Bovina,Coração da Alcatra Bovina kg,49.99,04/09/2026,https://scontent-dus1-1.cdninstagram.com/v/t39.30808-6/793595705_1671342158329515_4457529570292926276_n.jpg?stp=dst-jpg_e35_tt6&_nc_cat=111&ig_cache_key=Mzk3OTA5ODMxMDU5ODUwNDAzNw%3D%3D.3-ccb7-5&ccb=7-5&_nc_sid=58cdad&efg=eyJ2ZW5jb2RlX3RhZyI6IkNBUk9VU0VMX0lURU0ueHBpZHMuMTA4MC5zZHIucmVndWxhcl9waG90by5DMyJ9&_nc_ohc=p9CWVDkW9H4Q7kNvwG37VK8&_nc_oc=Ados13qyFp7YL4fulzv0PAvUxGF6M7iDFo1dJi2a3vc09uRxiQ5Jvvlmk-hSREeYC9A&_nc_ad=z-m&_nc_cid=1088&_nc_zt=23&_nc_ht=scontent-dus1-1.cdninstagram.com&_nc_gid=G8mTHs_bThq4Su9BKqN4oA&_nc_ss=7a22e&oh=00_AQJKssaE1FgJufTwjg_QdAAn9vRcHWSUKDccISowiYNaJQ&oe=6AA1DD2E,https://www.instagram.com/p/Dc4mNeNlFUC/
Machadão Atacadista,Carnes / Peixes,Filé de Tilápia Saciatta 400g,19.99,01/09/2026,https://scontent-nrt1-2.cdninstagram.com/v/t39.30808-6/789581482_1364004655819492_5066813457254807346_n.jpg?stp=dst-jpg_e35_tt6&_nc_cat=102&ig_cache_key=Mzk3NjIwOTI3NTAwOTc1MTk1MQ%3D%3D.3-ccb7-5&ccb=7-5&_nc_sid=58cdad&efg=eyJ2ZW5jb2RlX3RhZyI6IkNBUk9VU0VMX0lURU0ueHBpZHMuMTYzOC5zZHIucmVndWxhcl9waG90by5DMyJ9&_nc_ohc=QCTw3cNoI1YQ7kNvwENzIdB&_nc_oc=AdpoyKLDbxW7FjpU4vKhLlbqnoAvzKMnAzChS5k7EVQBXMLIaX4IAme2b5VNGUnn-xVoW4LbUO5O6S6qKmx4GDf-&_nc_ad=z-m&_nc_cid=0&_nc_zt=23&_nc_ht=scontent-nrt1-2.cdninstagram.com&_nc_gid=cgJZv6X-wY0QQGQ-lc1i_Q&_nc_ss=7a22e&oh=00_AQJODZkfmVNnrE17x_5rJWNNwU7wXWYujumoiD6EK_egKg&oe=6AA1D3F4,https://www.instagram.com/p/DcuVUiUkbmJ/
Machadão Atacadista,Carnes / Peixes,Filé de Tilápia Saciatta 400g,19.99,01/09/2026,https://scontent-nrt1-2.cdninstagram.com/v/t39.30808-6/791465983_1364004672486157_7563797303035302362_n.jpg?stp=dst-jpg_e35_tt6&_nc_cat=107&ig_cache_key=Mzk3NjIwOTI3NDU2NTE0NzE4OA%3D%3D.3-ccb7-5&ccb=7-5&_nc_sid=58cdad&efg=eyJ2ZW5jb2RlX3RhZyI6IkNBUk9VU0VMX0lURU0ueHBpZHMuMTYzOC5zZHIucmVndWxhcl9waG90by5DMyJ9&_nc_ohc=QqyADLx7lpUQ7kNvwHNsmV7&_nc_oc=AdqP-KnXJHEraYefxCVQOFKSx_c6m4EaP3KBfCAd7mCTL1ymhJ67Uxr-VZLWm8UI71lcNL7wdFwFQDT5rQrTTAd1&_nc_ad=z-m&_nc_cid=0&_nc_zt=23&_nc_ht=scontent-nrt1-2.cdninstagram.com&_nc_gid=cgJZv6X-wY0QQGQ-lc1i_Q&_nc_ss=7a22e&oh=00_AQJE_UksFQ80YkCvSR6PW65I2eRzkh4oJEbMRt7pKqOeJg&oe=6AA1F354,https://www.instagram.com/p/DcuVUiUkbmJ/
Bom Jesus Primavera do Leste 🛒,Carnes / Peixes,Peixe Tambatinga Delicious Fish kg,21.99,02/09/2026,https://scontent-mad2-1.cdninstagram.com/v/t51.82787-15/790945081_18375659686237813_9050728469318026865_n.jpg?stp=dst-jpg_e35_tt6&_nc_cat=108&ig_cache_key=Mzk3NzI1MTE3NjY2MzQyODAzOA%3D%3D.3-ccb7-5&ccb=7-5&_nc_sid=58cdad&efg=eyJ2ZW5jb2RlX3RhZyI6IkNBUk9VU0VMX0lURU0ueHBpZHMuMTA4MC5zZHIucmVndWxhcl9waG90by5DMyJ9&_nc_ohc=g7q-6pMExHYQ7kNvwGnX9J-&_nc_oc=Ados4RE-0mBxaFHLHe6gsWy1nHD3J4hQrMUF4AP9ZENyDKSisTOGsQZgtAf_qSVSL9Q&_nc_ad=z-m&_nc_cid=0&_nc_zt=23&_nc_ht=scontent-mad2-1.cdninstagram.com&_nc_gid=cNGrnuKNE2usmScna-pczQ&_nc_ss=7a22e&oh=00_AQKnj0yWUDGQsTrzcQHUAD7HWmd3hMDwwEOk2PeG918QlQ&oe=6AA1F262,https://www.instagram.com/p/DcyCPB9lqMG/
Bom Jesus Primavera do Leste 🛒,Carnes / Peixes,Filé de Tilápia Bello 800g,24.99,02/09/2026,https://scontent-mad1-1.cdninstagram.com/v/t51.82787-15/790756368_18375659662237813_9005612069071625388_n.jpg?stp=dst-jpg_e35_tt6&_nc_cat=107&ig_cache_key=Mzk3NzI1MTE3NTIyNDYyMjI2OQ%3D%3D.3-ccb7-5&ccb=7-5&_nc_sid=58cdad&efg=eyJ2ZW5jb2RlX3RhZyI6IkNBUk9VU0VMX0lURU0ueHBpZHMuMTA4MC5zZHIucmVndWxhcl9waG90by5DMyJ9&_nc_ohc=ndUxAahyE90Q7kNvwGLGnEW&_nc_oc=AdrgKfDrNX04O7VtxpwQoLZ26eN181eQ3FF1H7H5QYNTRNJlbEe0inWLjLc3FTZUoBQ&_nc_ad=z-m&_nc_cid=0&_nc_zt=23&_nc_ht=scontent-mad1-1.cdninstagram.com&_nc_gid=cNGrnuKNE2usmScna-pczQ&_nc_ss=7a22e&oh=00_AQLpdevV_UmGCc-H5auANEspUKCi1OzrmFNDG3wZnf1b5g&oe=6AA1D10B,https://www.instagram.com/p/DcyCPB9lqMG/
Machadão Atacadista,Carnes / Peixes,Pintado da Amazônia Gran Fish kg,39.9,01/09/2026,https://scontent-nrt1-2.cdninstagram.com/v/t39.30808-6/789581482_1364004655819492_5066813457254807346_n.jpg?stp=dst-jpg_e35_tt6&_nc_cat=102&ig_cache_key=Mzk3NjIwOTI3NTAwOTc1MTk1MQ%3D%3D.3-ccb7-5&ccb=7-5&_nc_sid=58cdad&efg=eyJ2ZW5jb2RlX3RhZyI6IkNBUk9VU0VMX0lURU0ueHBpZHMuMTYzOC5zZHIucmVndWxhcl9waG90by5DMyJ9&_nc_ohc=QCTw3cNoI1YQ7kNvwENzIdB&_nc_oc=AdpoyKLDbxW7FjpU4vKhLlbqnoAvzKMnAzChS5k7EVQBXMLIaX4IAme2b5VNGUnn-xVoW4LbUO5O6S6qKmx4GDf-&_nc_ad=z-m&_nc_cid=0&_nc_zt=23&_nc_ht=scontent-nrt1-2.cdninstagram.com&_nc_gid=cgJZv6X-wY0QQGQ-lc1i_Q&_nc_ss=7a22e&oh=00_AQJODZkfmVNnrE17x_5rJWNNwU7wXWYujumoiD6EK_egKg&oe=6AA1D3F4,https://www.instagram.com/p/DcuVUiUkbmJ/
Machadão Atacadista,Carnes / Peixes,Pintado Gran Fish kg,39.9,01/09/2026,https://scontent-nrt1-2.cdninstagram.com/v/t39.30808-6/791465983_1364004672486157_7563797303035302362_n.jpg?stp=dst-jpg_e35_tt6&_nc_cat=107&ig_cache_key=Mzk3NjIwOTI3NDU2NTE0NzE4OA%3D%3D.3-ccb7-5&ccb=7-5&_nc_sid=58cdad&efg=eyJ2ZW5jb2RlX3RhZyI6IkNBUk9VU0VMX0lURU0ueHBpZHMuMTYzOC5zZHIucmVndWxhcl9waG90by5DMyJ9&_nc_ohc=QqyADLx7lpUQ7kNvwHNsmV7&_nc_oc=AdqP-KnXJHEraYefxCVQOFKSx_c6m4EaP3KBfCAd7mCTL1ymhJ67Uxr-VZLWm8UI71lcNL7wdFwFQDT5rQrTTAd1&_nc_ad=z-m&_nc_cid=0&_nc_zt=23&_nc_ht=scontent-nrt1-2.cdninstagram.com&_nc_gid=cgJZv6X-wY0QQGQ-lc1i_Q&_nc_ss=7a22e&oh=00_AQJE_UksFQ80YkCvSR6PW65I2eRzkh4oJEbMRt7pKqOeJg&oe=6AA1F354,https://www.instagram.com/p/DcuVUiUkbmJ/
Machadão Atacadista,Carnes / Peixes,Camarão Fisgo 300g,42.99,01/09/2026,https://scontent-nrt1-2.cdninstagram.com/v/t39.30808-6/789581482_1364004655819492_5066813457254807346_n.jpg?stp=dst-jpg_e35_tt6&_nc_cat=102&ig_cache_key=Mzk3NjIwOTI3NTAwOTc1MTk1MQ%3D%3D.3-ccb7-5&ccb=7-5&_nc_sid=58cdad&efg=eyJ2ZW5jb2RlX3RhZyI6IkNBUk9VU0VMX0lURU0ueHBpZHMuMTYzOC5zZHIucmVndWxhcl9waG90by5DMyJ9&_nc_ohc=QCTw3cNoI1YQ7kNvwENzIdB&_nc_oc=AdpoyKLDbxW7FjpU4vKhLlbqnoAvzKMnAzChS5k7EVQBXMLIaX4IAme2b5VNGUnn-xVoW4LbUO5O6S6qKmx4GDf-&_nc_ad=z-m&_nc_cid=0&_nc_zt=23&_nc_ht=scontent-nrt1-2.cdninstagram.com&_nc_gid=cgJZv6X-wY0QQGQ-lc1i_Q&_nc_ss=7a22e&oh=00_AQJODZkfmVNnrE17x_5rJWNNwU7wXWYujumoiD6EK_egKg&oe=6AA1D3F4,https://www.instagram.com/p/DcuVUiUkbmJ/
Machadão Atacadista,Carnes / Peixes,Camarão Fisgo 300g,42.99,01/09/2026,https://scontent-nrt1-2.cdninstagram.com/v/t39.30808-6/791465983_1364004672486157_7563797303035302362_n.jpg?stp=dst-jpg_e35_tt6&_nc_cat=107&ig_cache_key=Mzk3NjIwOTI3NDU2NTE0NzE4OA%3D%3D.3-ccb7-5&ccb=7-5&_nc_sid=58cdad&efg=eyJ2ZW5jb2RlX3RhZyI6IkNBUk9VU0VMX0lURU0ueHBpZHMuMTYzOC5zZHIucmVndWxhcl9waG90by5DMyJ9&_nc_ohc=QqyADLx7lpUQ7kNvwHNsmV7&_nc_oc=AdqP-KnXJHEraYefxCVQOFKSx_c6m4EaP3KBfCAd7mCTL1ymhJ67Uxr-VZLWm8UI71lcNL7wdFwFQDT5rQrTTAd1&_nc_ad=z-m&_nc_cid=0&_nc_zt=23&_nc_ht=scontent-nrt1-2.cdninstagram.com&_nc_gid=cgJZv6X-wY0QQGQ-lc1i_Q&_nc_ss=7a22e&oh=00_AQJE_UksFQ80YkCvSR6PW65I2eRzkh4oJEbMRt7pKqOeJg&oe=6AA1F354,https://www.instagram.com/p/DcuVUiUkbmJ/
Machadão Atacadista,Carnes / Peixes,Filé de Bacalhau Oceani kg,199.9,01/09/2026,https://scontent-nrt1-2.cdninstagram.com/v/t39.30808-6/789581482_1364004655819492_5066813457254807346_n.jpg?stp=dst-jpg_e35_tt6&_nc_cat=102&ig_cache_key=Mzk3NjIwOTI3NTAwOTc1MTk1MQ%3D%3D.3-ccb7-5&ccb=7-5&_nc_sid=58cdad&efg=eyJ2ZW5jb2RlX3RhZyI6IkNBUk9VU0VMX0lURU0ueHBpZHMuMTYzOC5zZHIucmVndWxhcl9waG90by5DMyJ9&_nc_ohc=QCTw3cNoI1YQ7kNvwENzIdB&_nc_oc=AdpoyKLDbxW7FjpU4vKhLlbqnoAvzKMnAzChS5k7EVQBXMLIaX4IAme2b5VNGUnn-xVoW4LbUO5O6S6qKmx4GDf-&_nc_ad=z-m&_nc_cid=0&_nc_zt=23&_nc_ht=scontent-nrt1-2.cdninstagram.com&_nc_gid=cgJZv6X-wY0QQGQ-lc1i_Q&_nc_ss=7a22e&oh=00_AQJODZkfmVNnrE17x_5rJWNNwU7wXWYujumoiD6EK_egKg&oe=6AA1D3F4,https://www.instagram.com/p/DcuVUiUkbmJ/
Machadão Atacadista,Carnes / Peixes,Filé de Bacalhau Oceani kg,199.9,01/09/2026,https://scontent-nrt1-2.cdninstagram.com/v/t39.30808-6/791465983_1364004672486157_7563797303035302362_n.jpg?stp=dst-jpg_e35_tt6&_nc_cat=107&ig_cache_key=Mzk3NjIwOTI3NDU2NTE0NzE4OA%3D%3D.3-ccb7-5&ccb=7-5&_nc_sid=58cdad&efg=eyJ2ZW5jb2RlX3RhZyI6IkNBUk9VU0VMX0lURU0ueHBpZHMuMTYzOC5zZHIucmVndWxhcl9waG90by5DMyJ9&_nc_ohc=QqyADLx7lpUQ7kNvwHNsmV7&_nc_oc=AdqP-KnXJHEraYefxCVQOFKSx_c6m4EaP3KBfCAd7mCTL1ymhJ67Uxr-VZLWm8UI71lcNL7wdFwFQDT5rQrTTAd1&_nc_ad=z-m&_nc_cid=0&_nc_zt=23&_nc_ht=scontent-nrt1-2.cdninstagram.com&_nc_gid=cgJZv6X-wY0QQGQ-lc1i_Q&_nc_ss=7a22e&oh=00_AQJE_UksFQ80YkCvSR6PW65I2eRzkh4oJEbMRt7pKqOeJg&oe=6AA1F354,https://www.instagram.com/p/DcuVUiUkbmJ/
Bom Jesus Primavera do Leste 🛒,Carnes / Suína e Embutidos,Pernil Suíno Ochove kg,9.99,02/09/2026,https://scontent-mad2-1.cdninstagram.com/v/t51.82787-15/791996249_18375659671237813_7553928904625436317_n.jpg?stp=dst-jpg_e35_tt6&_nc_cat=111&ig_cache_key=Mzk3NzI1MTE3NjUwNzI0MTUyNg%3D%3D.3-ccb7-5&ccb=7-5&_nc_sid=58cdad&efg=eyJ2ZW5jb2RlX3RhZyI6IkNBUk9VU0VMX0lURU0ueHBpZHMuMTA4MC5zZHIucmVndWxhcl9waG90by5DMyJ9&_nc_ohc=Ds7DsxqGcFYQ7kNvwGPRiit&_nc_oc=AdpeLYMgWGfJFe8QQOAPjnYH1k0b5uPQLWxGYlxe5p9iGYz5SPcwKKUiSX7sy7Z-cNE&_nc_ad=z-m&_nc_cid=0&_nc_zt=23&_nc_ht=scontent-mad2-1.cdninstagram.com&_nc_gid=cNGrnuKNE2usmScna-pczQ&_nc_ss=7a22e&oh=00_AQKwmwfUBY4qkF58iMdD9PUyMce7ojdnM47mW0cvJXj0ow&oe=6AA1D71C,https://www.instagram.com/p/DcyCPB9lqMG/
SUPERMERCADO PARANAENSE,Carnes / Suína e Embutidos,Pernil Suíno kg,10.99,04/09/2026,https://instagram.fbcn16-1.fna.fbcdn.net/v/t51.82787-15/793091537_17908611444496981_7739521422564972149_n.jpg?stp=dst-jpg_e35_tt6&_nc_cat=108&ig_cache_key=Mzk3ODgwMjI0OTg5NzI1MzAxNg%3D%3D.3-ccb7-5&ccb=7-5&_nc_sid=58cdad&efg=eyJ2ZW5jb2RlX3RhZyI6IkZFRUQueHBpZHMuMTM1MC5zZHIucmVndWxhcl9waG90by5DMyJ9&_nc_ohc=ie6tgXKIKK4Q7kNvwFcd-YW&_nc_oc=AdpW2lhDnVkyiNJPVvupacTnvpc0xWq5cUaaYREFQWWnoTd6BrVppMIdWgp9Y4b6yMA&_nc_ad=z-m&_nc_cid=0&_nc_zt=23&_nc_ht=instagram.fbcn16-1.fna&_nc_gid=i6L_dzjQKjJcAlgQSiwtFg&_nc_ss=7a22e&oh=00_AQJF4lUmbPNWW3ZWcwAvF2hzIXEKIv5MIOYSsGo8t-VkRg&oe=6AA20271,https://www.instagram.com/p/Dc3i5DQppiY/
Bom Jesus Primavera do Leste 🛒,Carnes / Suína e Embutidos,Linguiça Toscana Excelência kg,15.99,02/09/2026,https://scontent-mad2-1.cdninstagram.com/v/t51.82787-15/790945081_18375659686237813_9050728469318026865_n.jpg?stp=dst-jpg_e35_tt6&_nc_cat=108&ig_cache_key=Mzk3NzI1MTE3NjY2MzQyODAzOA%3D%3D.3-ccb7-5&ccb=7-5&_nc_sid=58cdad&efg=eyJ2ZW5jb2RlX3RhZyI6IkNBUk9VU0VMX0lURU0ueHBpZHMuMTA4MC5zZHIucmVndWxhcl9waG90by5DMyJ9&_nc_ohc=g7q-6pMExHYQ7kNvwGnX9J-&_nc_oc=Ados4RE-0mBxaFHLHe6gsWy1nHD3J4hQrMUF4AP9ZENyDKSisTOGsQZgtAf_qSVSL9Q&_nc_ad=z-m&_nc_cid=0&_nc_zt=23&_nc_ht=scontent-mad2-1.cdninstagram.com&_nc_gid=cNGrnuKNE2usmScna-pczQ&_nc_ss=7a22e&oh=00_AQKnj0yWUDGQsTrzcQHUAD7HWmd3hMDwwEOk2PeG918QlQ&oe=6AA1F262,https://www.instagram.com/p/DcyCPB9lqMG/
SUPERMERCADO PARANAENSE,Carnes / Suína e Embutidos,Linguiça Toscana Excelência kg,15.99,04/09/2026,https://instagram.fbcn16-1.fna.fbcdn.net/v/t51.82787-15/793091537_17908611444496981_7739521422564972149_n.jpg?stp=dst-jpg_e35_tt6&_nc_cat=108&ig_cache_key=Mzk3ODgwMjI0OTg5NzI1MzAxNg%3D%3D.3-ccb7-5&ccb=7-5&_nc_sid=58cdad&efg=eyJ2ZW5jb2RlX3RhZyI6IkZFRUQueHBpZHMuMTM1MC5zZHIucmVndWxhcl9waG90by5DMyJ9&_nc_ohc=ie6tgXKIKK4Q7kNvwFcd-YW&_nc_oc=AdpW2lhDnVkyiNJPVvupacTnvpc0xWq5cUaaYREFQWWnoTd6BrVppMIdWgp9Y4b6yMA&_nc_ad=z-m&_nc_cid=0&_nc_zt=23&_nc_ht=instagram.fbcn16-1.fna&_nc_gid=i6L_dzjQKjJcAlgQSiwtFg&_nc_ss=7a22e&oh=00_AQJF4lUmbPNWW3ZWcwAvF2hzIXEKIv5MIOYSsGo8t-VkRg&oe=6AA20271,https://www.instagram.com/p/Dc3i5DQppiY/
Supermercado São Pedro,Carnes / Suína e Embutidos,Linguiça Calabresa kg,19.99,31/08/2026,https://scontent-cdg4-1.cdninstagram.com/v/t39.30808-6/790310368_1508698117969971_69530791300054474_n.jpg?stp=c0.0.1638.2047a_dst-jpg_e35_s1638x2047_tt6&_nc_cat=102&ig_cache_key=Mzk3NjE3NTA3NzMxMzU4MjExNA%3D%3D.3-ccb7-5&ccb=7-5&_nc_sid=58cdad&efg=eyJ2ZW5jb2RlX3RhZyI6IkNBUk9VU0VMX0lURU0ueHBpZHMuMTYzOC5zZHIucmVndWxhcl9waG90by5DMyJ9&_nc_ohc=g4n58O2K9cUQ7kNvwG3jPTj&_nc_oc=AdpmdDd85wjmpBfulogkmHKZp5Km3ddw8MwqfdkcBPbihQVafg_WOWIjlYl0fgpuMb3NX0GJRrWOguTMzwMyF606&_nc_ad=z-m&_nc_cid=0&_nc_zt=23&_nc_ht=scontent-cdg4-1.cdninstagram.com&_nc_gid=KkV6WRYKP9_jb-i1Y8eKbw&_nc_ss=7a22e&oh=00_AQKUKTtUaUuiOExiKgexFWSHsfn7WhBrZJPSmU6VLHoHDA&oe=6AA1D29A,https://www.instagram.com/p/DcuNi7YiX2_/
Mercado Talismã,Carnes / Suína e Embutidos,Linguiça Calabresa Excelência kg,19.99,03/09/2026,https://scontent-dus1-1.cdninstagram.com/v/t51.82787-15/793161127_18094484141531849_4936990165717844667_n.jpg?stp=dst-jpg_e35_tt6&_nc_cat=106&ig_cache_key=Mzk3ODAxMTY3Njk2Mzc2MDIxMQ%3D%3D.3-ccb7-5&ccb=7-5&_nc_sid=58cdad&efg=eyJ2ZW5jb2RlX3RhZyI6IkNBUk9VU0VMX0lURU0ueHBpZHMuMTI1NC5zZHIucmVndWxhcl9waG90by5DMyJ9&_nc_ohc=_9i6jbdEh8kQ7kNvwF_VZAj&_nc_oc=AdrVBBM1800kHj-U8OAZUEMvu-q5ZgwfmhL7s8nDzvondVwArtuvUpz1m_C2IeI0tBoJuSfjad_0V8dIJYBi9p-a&_nc_ad=z-m&_nc_cid=0&_nc_zt=23&_nc_ht=scontent-dus1-1.cdninstagram.com&_nc_gid=EQg9ZGvmDONYlsev-_VjRQ&_nc_ss=7a22e&oh=00_AQKrmTDDA7xk4yvtkQiRkBvaLECsqz-A2s3f8N5elHLL8Q&oe=6AA1D7CE,https://www.instagram.com/p/Dc0vJiqkaSH/
SUPERMERCADO PARANAENSE,Carnes / Suína e Embutidos,Linguiça Apimentada kg,21.99,04/09/2026,https://instagram.fbcn16-1.fna.fbcdn.net/v/t51.82787-15/793091537_17908611444496981_7739521422564972149_n.jpg?stp=dst-jpg_e35_tt6&_nc_cat=108&ig_cache_key=Mzk3ODgwMjI0OTg5NzI1MzAxNg%3D%3D.3-ccb7-5&ccb=7-5&_nc_sid=58cdad&efg=eyJ2ZW5jb2RlX3RhZyI6IkZFRUQueHBpZHMuMTM1MC5zZHIucmVndWxhcl9waG90by5DMyJ9&_nc_ohc=ie6tgXKIKK4Q7kNvwFcd-YW&_nc_oc=AdpW2lhDnVkyiNJPVvupacTnvpc0xWq5cUaaYREFQWWnoTd6BrVppMIdWgp9Y4b6yMA&_nc_ad=z-m&_nc_cid=0&_nc_zt=23&_nc_ht=instagram.fbcn16-1.fna&_nc_gid=i6L_dzjQKjJcAlgQSiwtFg&_nc_ss=7a22e&oh=00_AQJF4lUmbPNWW3ZWcwAvF2hzIXEKIv5MIOYSsGo8t-VkRg&oe=6AA20271,https://www.instagram.com/p/Dc3i5DQppiY/
Supermercado Tuiuiú,Carnes / Suína e Embutidos,Presunto kg,24.99,02/09/2026,https://scontent-cdg4-3.cdninstagram.com/v/t51.82787-15/791144761_18583652398067900_958727226358360668_n.jpg?stp=dst-jpg_e35_tt6&_nc_cat=111&ig_cache_key=Mzk3NzY1Mzk0MjczMzM5NzQxMQ%3D%3D.3-ccb7-5&ccb=7-5&_nc_sid=58cdad&efg=eyJ2ZW5jb2RlX3RhZyI6IkNBUk9VU0VMX0lURU0ueHBpZHMuMTA4MC5zZHIucmVndWxhcl9waG90by5DMyJ9&_nc_ohc=TEXxzSeVwpYQ7kNvwEklYCL&_nc_oc=AdoSQHRQsfa3dl9xGyPN2mHfXRyMqrbL7WBjEz8gPwRtkePF6-Qc2jbrHxTAaj9ZFGc&_nc_ad=z-m&_nc_cid=0&_nc_zt=23&_nc_ht=scontent-cdg4-3.cdninstagram.com&_nc_gid=ul7NelFSqRz8ov3NaScWTw&_nc_ss=7a22e&oh=00_AQL2XsD1WlWF96txqe2TAxpA-8kfHXufn5XVlb0M-qxv0w&oe=6AA1D579,https://www.instagram.com/p/Dczd0LlkeC6/
Mercado Talismã,Carnes / Suína e Embutidos,Bacon Excelência kg,24.99,03/09/2026,https://scontent-dus1-1.cdninstagram.com/v/t51.82787-15/793161127_18094484141531849_4936990165717844667_n.jpg?stp=dst-jpg_e35_tt6&_nc_cat=106&ig_cache_key=Mzk3ODAxMTY3Njk2Mzc2MDIxMQ%3D%3D.3-ccb7-5&ccb=7-5&_nc_sid=58cdad&efg=eyJ2ZW5jb2RlX3RhZyI6IkNBUk9VU0VMX0lURU0ueHBpZHMuMTI1NC5zZHIucmVndWxhcl9waG90by5DMyJ9&_nc_ohc=_9i6jbdEh8kQ7kNvwF_VZAj&_nc_oc=AdrVBBM1800kHj-U8OAZUEMvu-q5ZgwfmhL7s8nDzvondVwArtuvUpz1m_C2IeI0tBoJuSfjad_0V8dIJYBi9p-a&_nc_ad=z-m&_nc_cid=0&_nc_zt=23&_nc_ht=scontent-dus1-1.cdninstagram.com&_nc_gid=EQg9ZGvmDONYlsev-_VjRQ&_nc_ss=7a22e&oh=00_AQKrmTDDA7xk4yvtkQiRkBvaLECsqz-A2s3f8N5elHLL8Q&oe=6AA1D7CE,https://www.instagram.com/p/Dc0vJiqkaSH/
Machadão Atacadista,Carnes / Suína e Embutidos,Hambúrguer X Big Mach Foods,36.9,04/09/2026,https://scontent-ams2-1.cdninstagram.com/v/t39.30808-6/793203893_1367373525482605_1361161587299666312_n.jpg?stp=dst-jpg_e35_tt6&_nc_cat=101&ig_cache_key=Mzk3OTEwMzM1NDc5MzA3NjUwMg%3D%3D.3-ccb7-5&ccb=7-5&_nc_sid=58cdad&efg=eyJ2ZW5jb2RlX3RhZyI6IkNBUk9VU0VMX0lURU0ueHBpZHMuMTYzOC5zZHIucmVndWxhcl9waG90by5DMyJ9&_nc_ohc=lPgrsYBO3f0Q7kNvwFSsf8c&_nc_oc=AdqcrNRoUkdLdLTQ81lXOXi7dccR9PsA4SZ7w9Mn1ARlLjIbA_Lya8n6u1hByiuZP84&_nc_ad=z-m&_nc_cid=0&_nc_zt=23&_nc_ht=scontent-ams2-1.cdninstagram.com&_nc_gid=hyrzNM5u0Rb-wQoXtqFP_w&_nc_ss=7a22e&oh=00_AQIPVNulKvlAiGPvNssA4AF4VnyB95y3Zut58qa_ubX3lw&oe=6AA1DFBE,https://www.instagram.com/p/Dc4nW-jAe40/
Machadão Atacadista,Carnes / Suína e Embutidos,Lombo de Bacalhau Brasmar 1kg,239.9,01/09/2026,https://scontent-nrt1-2.cdninstagram.com/v/t39.30808-6/789581482_1364004655819492_5066813457254807346_n.jpg?stp=dst-jpg_e35_tt6&_nc_cat=102&ig_cache_key=Mzk3NjIwOTI3NTAwOTc1MTk1MQ%3D%3D.3-ccb7-5&ccb=7-5&_nc_sid=58cdad&efg=eyJ2ZW5jb2RlX3RhZyI6IkNBUk9VU0VMX0lURU0ueHBpZHMuMTYzOC5zZHIucmVndWxhcl9waG90by5DMyJ9&_nc_ohc=QCTw3cNoI1YQ7kNvwENzIdB&_nc_oc=AdpoyKLDbxW7FjpU4vKhLlbqnoAvzKMnAzChS5k7EVQBXMLIaX4IAme2b5VNGUnn-xVoW4LbUO5O6S6qKmx4GDf-&_nc_ad=z-m&_nc_cid=0&_nc_zt=23&_nc_ht=scontent-nrt1-2.cdninstagram.com&_nc_gid=cgJZv6X-wY0QQGQ-lc1i_Q&_nc_ss=7a22e&oh=00_AQJODZkfmVNnrE17x_5rJWNNwU7wXWYujumoiD6EK_egKg&oe=6AA1D3F4,https://www.instagram.com/p/DcuVUiUkbmJ/
Machadão Atacadista,Carnes / Suína e Embutidos,Lombo de Bacalhau Brasmar 1kg,239.9,01/09/2026,https://scontent-nrt1-2.cdninstagram.com/v/t39.30808-6/791465983_1364004672486157_7563797303035302362_n.jpg?stp=dst-jpg_e35_tt6&_nc_cat=107&ig_cache_key=Mzk3NjIwOTI3NDU2NTE0NzE4OA%3D%3D.3-ccb7-5&ccb=7-5&_nc_sid=58cdad&efg=eyJ2ZW5jb2RlX3RhZyI6IkNBUk9VU0VMX0lURU0ueHBpZHMuMTYzOC5zZHIucmVndWxhcl9waG90by5DMyJ9&_nc_ohc=QqyADLx7lpUQ7kNvwHNsmV7&_nc_oc=AdqP-KnXJHEraYefxCVQOFKSx_c6m4EaP3KBfCAd7mCTL1ymhJ67Uxr-VZLWm8UI71lcNL7wdFwFQDT5rQrTTAd1&_nc_ad=z-m&_nc_cid=0&_nc_zt=23&_nc_ht=scontent-nrt1-2.cdninstagram.com&_nc_gid=cgJZv6X-wY0QQGQ-lc1i_Q&_nc_ss=7a22e&oh=00_AQJE_UksFQ80YkCvSR6PW65I2eRzkh4oJEbMRt7pKqOeJg&oe=6AA1F354,https://www.instagram.com/p/DcuVUiUkbmJ/
Machadão Atacadista,Congelados e Sobremesas,Açaí Ricaeli 200g,6.99,01/09/2026,https://scontent-nrt1-2.cdninstagram.com/v/t39.30808-6/789618270_1363962609157030_3615491432982247221_n.jpg?stp=dst-jpg_e35_tt6&_nc_cat=101&ig_cache_key=Mzk3NjIxNDMzMTkzMDk1NjQzNw%3D%3D.3-ccb7-5&ccb=7-5&_nc_sid=58cdad&efg=eyJ2ZW5jb2RlX3RhZyI6IkNBUk9VU0VMX0lURU0ueHBpZHMuMTYzOC5zZHIucmVndWxhcl9waG90by5DMyJ9&_nc_ohc=LWeQr5ZiUMIQ7kNvwG2EpOW&_nc_oc=AdqTmKj8gPcVQGDJZvbSQiS2g1MfVx7gs5N1SmrN0Cw7uV-z_YRJMK5F8nupD-pCr3qX79cSlQC3hL_FWrV1uvSB&_nc_ad=z-m&_nc_cid=0&_nc_zt=23&_nc_ht=scontent-nrt1-2.cdninstagram.com&_nc_gid=lAGGb0982PGD7jUIo2QSQQ&_nc_ss=7a22e&oh=00_AQKhWRg444QWKGhs6d-h3vLo8t6ZNiKq99X21URU7yJzWA&oe=6AA1F626,https://www.instagram.com/p/DcuWeMKD352/
Machadão Atacadista,Congelados e Sobremesas,Açaí Ricaeli 200g,6.99,01/09/2026,https://scontent-nrt6-1.cdninstagram.com/v/t39.30808-6/788766900_1363961989157092_7149980708576029676_n.jpg?stp=dst-jpg_e35_tt6&_nc_cat=105&ig_cache_key=Mzk3NjIxNDMzMjMyNTE5OTQzMw%3D%3D.3-ccb7-5&ccb=7-5&_nc_sid=58cdad&efg=eyJ2ZW5jb2RlX3RhZyI6IkNBUk9VU0VMX0lURU0ueHBpZHMuMTYzOC5zZHIucmVndWxhcl9waG90by5DMyJ9&_nc_ohc=vw1LTHI3qF8Q7kNvwEXrSdJ&_nc_oc=AdoyvIq8FIBaRiGmwYlE2xtd86PIXoiFhZ0oX0Wl4h4RfvbrnNi6fAr5hFcGVpJYpVVFueZx_lm-HUYteN507Tn8&_nc_ad=z-m&_nc_cid=0&_nc_zt=23&_nc_ht=scontent-nrt6-1.cdninstagram.com&_nc_gid=lAGGb0982PGD7jUIo2QSQQ&_nc_ss=7a22e&oh=00_AQJgxbXvmanVRNfMygUeg_ZwlDCNW-deQSdj1C1RXnxF_Q&oe=6AA1F2D0,https://www.instagram.com/p/DcuWeMKD352/
Machadão Atacadista,Congelados e Sobremesas,Açaí Ricaeli 200g,6.99,01/09/2026,https://scontent-nrt1-2.cdninstagram.com/v/t39.30808-6/790209214_1363962295823728_6184311664090934208_n.jpg?stp=dst-jpg_e35_tt6&_nc_cat=101&ig_cache_key=Mzk3NjIxNDMzMTA5MjA0NzE3Mg%3D%3D.3-ccb7-5&ccb=7-5&_nc_sid=58cdad&efg=eyJ2ZW5jb2RlX3RhZyI6IkNBUk9VU0VMX0lURU0ueHBpZHMuMTYzOC5zZHIucmVndWxhcl9waG90by5DMyJ9&_nc_ohc=RBvtfYik74QQ7kNvwHZ03vk&_nc_oc=Adplqmx-VaY-bWG92HbQ3dr7yppIyRkEnutrUSHhupZEDzy1Uhl6Fx7VZCzV4KisBE4zetbu-VhHS7hEC9kXw0Hs&_nc_ad=z-m&_nc_cid=0&_nc_zt=23&_nc_ht=scontent-nrt1-2.cdninstagram.com&_nc_gid=lAGGb0982PGD7jUIo2QSQQ&_nc_ss=7a22e&oh=00_AQLYlzQw4d8rU8cIUjYZf1dqWSkrD5iPGFARWMM2Nk0o1A&oe=6AA1FBAE,https://www.instagram.com/p/DcuWeMKD352/
Supermercado Tuiuiú,Congelados e Sobremesas,Pizza da Casa,13.99,02/09/2026,https://scontent-cdg4-1.cdninstagram.com/v/t51.82787-15/788641002_18583652422067900_3667430572349833363_n.jpg?stp=dst-jpg_e35_tt6&_nc_cat=102&ig_cache_key=Mzk3NzY1Mzk3MzE4NDU0ODEyNA%3D%3D.3-ccb7-5&ccb=7-5&_nc_sid=58cdad&efg=eyJ2ZW5jb2RlX3RhZyI6IkNBUk9VU0VMX0lURU0ueHBpZHMuMTA4MC5zZHIucmVndWxhcl9waG90by5DMyJ9&_nc_ohc=-BRGYMz9GO4Q7kNvwGuYmSD&_nc_oc=Adpygg_4MGiM_NRFJE9rPDxyyMqtFmCggfYVqpaJbdxREiJGoZMxdaOtXL0KDIZjd84&_nc_ad=z-m&_nc_cid=0&_nc_zt=23&_nc_ht=scontent-cdg4-1.cdninstagram.com&_nc_gid=ul7NelFSqRz8ov3NaScWTw&_nc_ss=7a22e&oh=00_AQLovMWy0Da7MkaFb7ofM-y4bXKJMwKyC1qogRHVDz1j9Q&oe=6AA1E929,https://www.instagram.com/p/Dczd0LlkeC6/
Super Compras Supermercado,Congelados e Sobremesas,Pizza Super Compras,14.99,04/09/2026,https://scontent-cdg4-1.cdninstagram.com/v/t51.82787-15/796298303_18193525567391764_7124319898545757571_n.jpg?stp=dst-jpg_e35_tt6&_nc_cat=108&ig_cache_key=Mzk3ODM2NjAyMzk5MzQwNDA1OA%3D%3D.3-ccb7-5&ccb=7-5&_nc_sid=58cdad&efg=eyJ2ZW5jb2RlX3RhZyI6IkZFRUQueHBpZHMuMTQ0MC5zZHIucmVndWxhcl9waG90by5DMyJ9&_nc_ohc=4kFEVr33TSgQ7kNvwFmiVH5&_nc_oc=AdoK1fQLVSdvztQjj0avGw-gKRg4G8wEy2Eg4Q3YUxrUbeu3qyrWGi2Uge8BRVH1iTlt4EUCUYf-Or2GRb3Clyde&_nc_ad=z-m&_nc_cid=0&_nc_zt=23&_nc_ht=scontent-cdg4-1.cdninstagram.com&_nc_gid=HnrhZAz2ksPyHThR2C_4Jw&_nc_ss=7a22e&oh=00_AQLRQilDs6donJ7QVIcAPrPSmNmOZ1EN3efgbKLK1kaA8Q&oe=6AA1E98F,https://www.instagram.com/p/Dc1_tIOnCqa/
Bom Jesus Primavera do Leste 🛒,Congelados e Sobremesas,Batata Palito Sadia 2kg,27.99,02/09/2026,https://scontent-mad2-1.cdninstagram.com/v/t51.82787-15/791996249_18375659671237813_7553928904625436317_n.jpg?stp=dst-jpg_e35_tt6&_nc_cat=111&ig_cache_key=Mzk3NzI1MTE3NjUwNzI0MTUyNg%3D%3D.3-ccb7-5&ccb=7-5&_nc_sid=58cdad&efg=eyJ2ZW5jb2RlX3RhZyI6IkNBUk9VU0VMX0lURU0ueHBpZHMuMTA4MC5zZHIucmVndWxhcl9waG90by5DMyJ9&_nc_ohc=Ds7DsxqGcFYQ7kNvwGPRiit&_nc_oc=AdpeLYMgWGfJFe8QQOAPjnYH1k0b5uPQLWxGYlxe5p9iGYz5SPcwKKUiSX7sy7Z-cNE&_nc_ad=z-m&_nc_cid=0&_nc_zt=23&_nc_ht=scontent-mad2-1.cdninstagram.com&_nc_gid=cNGrnuKNE2usmScna-pczQ&_nc_ss=7a22e&oh=00_AQKwmwfUBY4qkF58iMdD9PUyMce7ojdnM47mW0cvJXj0ow&oe=6AA1D71C,https://www.instagram.com/p/DcyCPB9lqMG/
Machadão Atacadista,Congelados e Sobremesas,Caixa Para Pizza Stamp Octogonal N35 25un,29.9,01/09/2026,https://scontent-nrt1-1.cdninstagram.com/v/t39.30808-6/788880664_1363962219157069_5966186908781895719_n.jpg?stp=dst-jpg_e35_tt6&_nc_cat=108&ig_cache_key=Mzk3NjIxNDMzMDk4MzA0NjUzNQ%3D%3D.3-ccb7-5&ccb=7-5&_nc_sid=58cdad&efg=eyJ2ZW5jb2RlX3RhZyI6IkNBUk9VU0VMX0lURU0ueHBpZHMuMTYzOC5zZHIucmVndWxhcl9waG90by5DMyJ9&_nc_ohc=mvMDjMZZ8K8Q7kNvwEr95Kf&_nc_oc=AdpDd4tA0FGceVhp6PR8JiduONuXuE_e5iHh01aOgqsRwj_0bEqtmY8pw24qpadXMieJMPV6oB0_GG5VO5FuiNxT&_nc_ad=z-m&_nc_cid=0&_nc_zt=23&_nc_ht=scontent-nrt1-1.cdninstagram.com&_nc_gid=lAGGb0982PGD7jUIo2QSQQ&_nc_ss=7a22e&oh=00_AQKuUJZtbhN0X2NwAD6KgYM3DH9Rh55mz5vlKwfOJi488A&oe=6AA1EE8C,https://www.instagram.com/p/DcuWeMKD352/
Machadão Atacadista,Congelados e Sobremesas,Caixa Para Pizza Stamp Octogonal Nº35 25un,29.9,01/09/2026,https://scontent-nrt6-1.cdninstagram.com/v/t39.30808-6/788717108_1363962009157090_7645430109379984108_n.jpg?stp=dst-jpg_e35_tt6&_nc_cat=110&ig_cache_key=Mzk3NjIxNDMzMjA1Njc3MzMzMA%3D%3D.3-ccb7-5&ccb=7-5&_nc_sid=58cdad&efg=eyJ2ZW5jb2RlX3RhZyI6IkNBUk9VU0VMX0lURU0ueHBpZHMuMTYzOC5zZHIucmVndWxhcl9waG90by5DMyJ9&_nc_ohc=-JVLd9gM9c8Q7kNvwH5gmot&_nc_oc=Adqb4FV0BlK1UaHMCus6P03VTk3fWzLNWwoddj_shm66PKNSqSzdb4rPloipWa2Vbp4RZRtXsDYLCWY1BrPGKGuz&_nc_ad=z-m&_nc_cid=0&_nc_zt=23&_nc_ht=scontent-nrt6-1.cdninstagram.com&_nc_gid=lAGGb0982PGD7jUIo2QSQQ&_nc_ss=7a22e&oh=00_AQJ9xeow80FEHLUxM18_QyBki3Gqqf429drZ9oeEnCGTaQ&oe=6AA1E8D3,https://www.instagram.com/p/DcuWeMKD352/
Machadão Atacadista,Congelados e Sobremesas,Caixa Para Pizza Stamp Octogonal Nº35 25un,29.9,01/09/2026,https://scontent-nrt6-1.cdninstagram.com/v/t39.30808-6/788953852_1363962525823705_7158709731603332512_n.jpg?stp=dst-jpg_e35_tt6&_nc_cat=105&ig_cache_key=Mzk3NjIxNDMzMDg3Mzk1MDI0Mw%3D%3D.3-ccb7-5&ccb=7-5&_nc_sid=58cdad&efg=eyJ2ZW5jb2RlX3RhZyI6IkNBUk9VU0VMX0lURU0ueHBpZHMuMTYzOC5zZHIucmVndWxhcl9waG90by5DMyJ9&_nc_ohc=ydM-R8J21eIQ7kNvwEeklkt&_nc_oc=AdratrKY-tPFD-uUWliBbti6lQ0YnO7pxm-Nbe2psNN_nNby6Wz71gaZuPJDfOgPDtz1qMbSeo4YKHl-Ku7byIHN&_nc_ad=z-m&_nc_cid=0&_nc_zt=23&_nc_ht=scontent-nrt6-1.cdninstagram.com&_nc_gid=lAGGb0982PGD7jUIo2QSQQ&_nc_ss=7a22e&oh=00_AQKhDs3JBK6w4VaHXkSlKubO8OUe9oDY6yALrNKdkPxUJQ&oe=6AA1D51F,https://www.instagram.com/p/DcuWeMKD352/
Machadão Atacadista,Higiene / Cuidados Pessoais,Sabonete Palmolive 150g,3.49,01/09/2026,https://scontent-nrt1-1.cdninstagram.com/v/t39.30808-6/788880664_1363962219157069_5966186908781895719_n.jpg?stp=dst-jpg_e35_tt6&_nc_cat=108&ig_cache_key=Mzk3NjIxNDMzMDk4MzA0NjUzNQ%3D%3D.3-ccb7-5&ccb=7-5&_nc_sid=58cdad&efg=eyJ2ZW5jb2RlX3RhZyI6IkNBUk9VU0VMX0lURU0ueHBpZHMuMTYzOC5zZHIucmVndWxhcl9waG90by5DMyJ9&_nc_ohc=mvMDjMZZ8K8Q7kNvwEr95Kf&_nc_oc=AdpDd4tA0FGceVhp6PR8JiduONuXuE_e5iHh01aOgqsRwj_0bEqtmY8pw24qpadXMieJMPV6oB0_GG5VO5FuiNxT&_nc_ad=z-m&_nc_cid=0&_nc_zt=23&_nc_ht=scontent-nrt1-1.cdninstagram.com&_nc_gid=lAGGb0982PGD7jUIo2QSQQ&_nc_ss=7a22e&oh=00_AQKuUJZtbhN0X2NwAD6KgYM3DH9Rh55mz5vlKwfOJi488A&oe=6AA1EE8C,https://www.instagram.com/p/DcuWeMKD352/
Machadão Atacadista,Higiene / Cuidados Pessoais,Sabonete Palmolive 150g,3.49,01/09/2026,https://scontent-nrt6-1.cdninstagram.com/v/t39.30808-6/788717108_1363962009157090_7645430109379984108_n.jpg?stp=dst-jpg_e35_tt6&_nc_cat=110&ig_cache_key=Mzk3NjIxNDMzMjA1Njc3MzMzMA%3D%3D.3-ccb7-5&ccb=7-5&_nc_sid=58cdad&efg=eyJ2ZW5jb2RlX3RhZyI6IkNBUk9VU0VMX0lURU0ueHBpZHMuMTYzOC5zZHIucmVndWxhcl9waG90by5DMyJ9&_nc_ohc=-JVLd9gM9c8Q7kNvwH5gmot&_nc_oc=Adqb4FV0BlK1UaHMCus6P03VTk3fWzLNWwoddj_shm66PKNSqSzdb4rPloipWa2Vbp4RZRtXsDYLCWY1BrPGKGuz&_nc_ad=z-m&_nc_cid=0&_nc_zt=23&_nc_ht=scontent-nrt6-1.cdninstagram.com&_nc_gid=lAGGb0982PGD7jUIo2QSQQ&_nc_ss=7a22e&oh=00_AQJ9xeow80FEHLUxM18_QyBki3Gqqf429drZ9oeEnCGTaQ&oe=6AA1E8D3,https://www.instagram.com/p/DcuWeMKD352/
Machadão Atacadista,Higiene / Cuidados Pessoais,Sabonete Palmolive 150g,3.49,01/09/2026,https://scontent-nrt6-1.cdninstagram.com/v/t39.30808-6/788953852_1363962525823705_7158709731603332512_n.jpg?stp=dst-jpg_e35_tt6&_nc_cat=105&ig_cache_key=Mzk3NjIxNDMzMDg3Mzk1MDI0Mw%3D%3D.3-ccb7-5&ccb=7-5&_nc_sid=58cdad&efg=eyJ2ZW5jb2RlX3RhZyI6IkNBUk9VU0VMX0lURU0ueHBpZHMuMTYzOC5zZHIucmVndWxhcl9waG90by5DMyJ9&_nc_ohc=ydM-R8J21eIQ7kNvwEeklkt&_nc_oc=AdratrKY-tPFD-uUWliBbti6lQ0YnO7pxm-Nbe2psNN_nNby6Wz71gaZuPJDfOgPDtz1qMbSeo4YKHl-Ku7byIHN&_nc_ad=z-m&_nc_cid=0&_nc_zt=23&_nc_ht=scontent-nrt6-1.cdninstagram.com&_nc_gid=lAGGb0982PGD7jUIo2QSQQ&_nc_ss=7a22e&oh=00_AQKhDs3JBK6w4VaHXkSlKubO8OUe9oDY6yALrNKdkPxUJQ&oe=6AA1D51F,https://www.instagram.com/p/DcuWeMKD352/
Supermercado São Pedro,Higiene / Cuidados Pessoais,Sabonete Protex 85g,3.89,31/08/2026,https://scontent-cdg4-2.cdninstagram.com/v/t39.30808-6/790341028_1508698111303305_6101754768913825516_n.jpg?stp=c0.0.1638.2048a_dst-jpg_e35_s1638x2048_tt6&_nc_cat=107&ig_cache_key=Mzk3NjE3NTA3NTg4NzQ4NDk5OQ%3D%3D.3-ccb7-5&ccb=7-5&_nc_sid=58cdad&efg=eyJ2ZW5jb2RlX3RhZyI6IkNBUk9VU0VMX0lURU0ueHBpZHMuMTYzOS5zZHIucmVndWxhcl9waG90by5DMyJ9&_nc_ohc=3okOtetE7JoQ7kNvwFdiYSP&_nc_oc=AdruwQ7RYBqChozifVRz-lMJD-lopf6VLGYXYqviECs5n_Yf7S4NqY4qnCB-8cUHNdcPwRRqiQckKVeXe3RFXJHo&_nc_ad=z-m&_nc_cid=0&_nc_zt=23&_nc_ht=scontent-cdg4-2.cdninstagram.com&_nc_gid=KkV6WRYKP9_jb-i1Y8eKbw&_nc_ss=7a22e&oh=00_AQIbehEPo8vK43UkYPz3nnVbRk2WiJCkkzL5cl6w11xvjQ&oe=6AA1EA27,https://www.instagram.com/p/DcuNi7YiX2_/
Machadão Atacadista,Higiene / Cuidados Pessoais,Absorvente Sempre Livre Adapt Suave com Abas 8un,3.98,05/09/2026,https://scontent-iad6-1.cdninstagram.com/v/t39.30808-6/796691213_1367963808756910_2688047821891237888_n.jpg?stp=dst-jpg_e35_tt6&_nc_cat=106&ig_cache_key=Mzk3OTUwMDQyMDQxMDczNzQ2MQ%3D%3D.3-ccb7-5&ccb=7-5&_nc_sid=58cdad&efg=eyJ2ZW5jb2RlX3RhZyI6IkNBUk9VU0VMX0lURU0ueHBpZHMuMTYzOC5zZHIucmVndWxhcl9waG90by5DMyJ9&_nc_ohc=IiOPDKOTOzwQ7kNvwHjWa7g&_nc_oc=AdqbGsPjH8uacC3wv_LzZemSEIA0jjJ9gzBRqRPR0ZCcRVy4CdOHl8jnZzgaJCyLA8g&_nc_ad=z-m&_nc_cid=0&_nc_zt=23&_nc_ht=scontent-iad6-1.cdninstagram.com&_nc_gid=M5EriMz11BXPra92dM1UFw&_nc_ss=7a22e&oh=00_AQIDy_ez2Kaao0v8222f875B1cUa7ENv4jCCXhmEQ9JXTA&oe=6AA1F966,https://www.instagram.com/p/Dc6BpDXGSBh/
Machadão Atacadista,Higiene / Cuidados Pessoais,Absorvente Sempre Livre Adapt Suave com Abas 8un,3.98,05/09/2026,https://scontent-iad6-1.cdninstagram.com/v/t39.30808-6/793868466_1367963805423577_8948339533979208501_n.jpg?stp=dst-jpg_e35_tt6&_nc_cat=100&ig_cache_key=Mzk3OTUwMDQxOTkxNTc3NjYwNg%3D%3D.3-ccb7-5&ccb=7-5&_nc_sid=58cdad&efg=eyJ2ZW5jb2RlX3RhZyI6IkNBUk9VU0VMX0lURU0ueHBpZHMuMTYzOC5zZHIucmVndWxhcl9waG90by5DMyJ9&_nc_ohc=Mpr5mbezyDoQ7kNvwEyLyZ7&_nc_oc=AdqffJtGAZ8gNUGqjzUzXV3UKsJ2iVb033cOKlxuUvon_q7p1Qfb6ghbtTBc9V3jx1k&_nc_ad=z-m&_nc_cid=0&_nc_zt=23&_nc_ht=scontent-iad6-1.cdninstagram.com&_nc_gid=M5EriMz11BXPra92dM1UFw&_nc_ss=7a22e&oh=00_AQJjBQVtxYF2fEY3n_xI-T0M9qecxUKPTVlIm6xn2t8wRg&oe=6AA1F587,https://www.instagram.com/p/Dc6BpDXGSBh/
Machadão Atacadista,Higiene / Cuidados Pessoais,Creme Dental Closeup Gel 90g,4.99,01/09/2026,https://scontent-nrt1-1.cdninstagram.com/v/t39.30808-6/788880664_1363962219157069_5966186908781895719_n.jpg?stp=dst-jpg_e35_tt6&_nc_cat=108&ig_cache_key=Mzk3NjIxNDMzMDk4MzA0NjUzNQ%3D%3D.3-ccb7-5&ccb=7-5&_nc_sid=58cdad&efg=eyJ2ZW5jb2RlX3RhZyI6IkNBUk9VU0VMX0lURU0ueHBpZHMuMTYzOC5zZHIucmVndWxhcl9waG90by5DMyJ9&_nc_ohc=mvMDjMZZ8K8Q7kNvwEr95Kf&_nc_oc=AdpDd4tA0FGceVhp6PR8JiduONuXuE_e5iHh01aOgqsRwj_0bEqtmY8pw24qpadXMieJMPV6oB0_GG5VO5FuiNxT&_nc_ad=z-m&_nc_cid=0&_nc_zt=23&_nc_ht=scontent-nrt1-1.cdninstagram.com&_nc_gid=lAGGb0982PGD7jUIo2QSQQ&_nc_ss=7a22e&oh=00_AQKuUJZtbhN0X2NwAD6KgYM3DH9Rh55mz5vlKwfOJi488A&oe=6AA1EE8C,https://www.instagram.com/p/DcuWeMKD352/
Machadão Atacadista,Higiene / Cuidados Pessoais,Creme Dental Closeup Gel 90g,4.99,01/09/2026,https://scontent-nrt6-1.cdninstagram.com/v/t39.30808-6/788717108_1363962009157090_7645430109379984108_n.jpg?stp=dst-jpg_e35_tt6&_nc_cat=110&ig_cache_key=Mzk3NjIxNDMzMjA1Njc3MzMzMA%3D%3D.3-ccb7-5&ccb=7-5&_nc_sid=58cdad&efg=eyJ2ZW5jb2RlX3RhZyI6IkNBUk9VU0VMX0lURU0ueHBpZHMuMTYzOC5zZHIucmVndWxhcl9waG90by5DMyJ9&_nc_ohc=-JVLd9gM9c8Q7kNvwH5gmot&_nc_oc=Adqb4FV0BlK1UaHMCus6P03VTk3fWzLNWwoddj_shm66PKNSqSzdb4rPloipWa2Vbp4RZRtXsDYLCWY1BrPGKGuz&_nc_ad=z-m&_nc_cid=0&_nc_zt=23&_nc_ht=scontent-nrt6-1.cdninstagram.com&_nc_gid=lAGGb0982PGD7jUIo2QSQQ&_nc_ss=7a22e&oh=00_AQJ9xeow80FEHLUxM18_QyBki3Gqqf429drZ9oeEnCGTaQ&oe=6AA1E8D3,https://www.instagram.com/p/DcuWeMKD352/
Machadão Atacadista,Higiene / Cuidados Pessoais,Creme Dental Closeup Gel 90g,4.99,01/09/2026,https://scontent-nrt6-1.cdninstagram.com/v/t39.30808-6/788953852_1363962525823705_7158709731603332512_n.jpg?stp=dst-jpg_e35_tt6&_nc_cat=105&ig_cache_key=Mzk3NjIxNDMzMDg3Mzk1MDI0Mw%3D%3D.3-ccb7-5&ccb=7-5&_nc_sid=58cdad&efg=eyJ2ZW5jb2RlX3RhZyI6IkNBUk9VU0VMX0lURU0ueHBpZHMuMTYzOC5zZHIucmVndWxhcl9waG90by5DMyJ9&_nc_ohc=ydM-R8J21eIQ7kNvwEeklkt&_nc_oc=AdratrKY-tPFD-uUWliBbti6lQ0YnO7pxm-Nbe2psNN_nNby6Wz71gaZuPJDfOgPDtz1qMbSeo4YKHl-Ku7byIHN&_nc_ad=z-m&_nc_cid=0&_nc_zt=23&_nc_ht=scontent-nrt6-1.cdninstagram.com&_nc_gid=lAGGb0982PGD7jUIo2QSQQ&_nc_ss=7a22e&oh=00_AQKhDs3JBK6w4VaHXkSlKubO8OUe9oDY6yALrNKdkPxUJQ&oe=6AA1D51F,https://www.instagram.com/p/DcuWeMKD352/
Machadão Atacadista,Higiene / Cuidados Pessoais,Desodorante em Creme Herbíssimo 55g,6.29,01/09/2026,https://scontent-nrt1-1.cdninstagram.com/v/t39.30808-6/788880664_1363962219157069_5966186908781895719_n.jpg?stp=dst-jpg_e35_tt6&_nc_cat=108&ig_cache_key=Mzk3NjIxNDMzMDk4MzA0NjUzNQ%3D%3D.3-ccb7-5&ccb=7-5&_nc_sid=58cdad&efg=eyJ2ZW5jb2RlX3RhZyI6IkNBUk9VU0VMX0lURU0ueHBpZHMuMTYzOC5zZHIucmVndWxhcl9waG90by5DMyJ9&_nc_ohc=mvMDjMZZ8K8Q7kNvwEr95Kf&_nc_oc=AdpDd4tA0FGceVhp6PR8JiduONuXuE_e5iHh01aOgqsRwj_0bEqtmY8pw24qpadXMieJMPV6oB0_GG5VO5FuiNxT&_nc_ad=z-m&_nc_cid=0&_nc_zt=23&_nc_ht=scontent-nrt1-1.cdninstagram.com&_nc_gid=lAGGb0982PGD7jUIo2QSQQ&_nc_ss=7a22e&oh=00_AQKuUJZtbhN0X2NwAD6KgYM3DH9Rh55mz5vlKwfOJi488A&oe=6AA1EE8C,https://www.instagram.com/p/DcuWeMKD352/
Machadão Atacadista,Higiene / Cuidados Pessoais,Desodorante em Creme Herbíssimo 55g,6.29,01/09/2026,https://scontent-nrt6-1.cdninstagram.com/v/t39.30808-6/788717108_1363962009157090_7645430109379984108_n.jpg?stp=dst-jpg_e35_tt6&_nc_cat=110&ig_cache_key=Mzk3NjIxNDMzMjA1Njc3MzMzMA%3D%3D.3-ccb7-5&ccb=7-5&_nc_sid=58cdad&efg=eyJ2ZW5jb2RlX3RhZyI6IkNBUk9VU0VMX0lURU0ueHBpZHMuMTYzOC5zZHIucmVndWxhcl9waG90by5DMyJ9&_nc_ohc=-JVLd9gM9c8Q7kNvwH5gmot&_nc_oc=Adqb4FV0BlK1UaHMCus6P03VTk3fWzLNWwoddj_shm66PKNSqSzdb4rPloipWa2Vbp4RZRtXsDYLCWY1BrPGKGuz&_nc_ad=z-m&_nc_cid=0&_nc_zt=23&_nc_ht=scontent-nrt6-1.cdninstagram.com&_nc_gid=lAGGb0982PGD7jUIo2QSQQ&_nc_ss=7a22e&oh=00_AQJ9xeow80FEHLUxM18_QyBki3Gqqf429drZ9oeEnCGTaQ&oe=6AA1E8D3,https://www.instagram.com/p/DcuWeMKD352/
Machadão Atacadista,Higiene / Cuidados Pessoais,Desodorante em Creme Herbíssimo 55g,6.29,01/09/2026,https://scontent-nrt6-1.cdninstagram.com/v/t39.30808-6/788953852_1363962525823705_7158709731603332512_n.jpg?stp=dst-jpg_e35_tt6&_nc_cat=105&ig_cache_key=Mzk3NjIxNDMzMDg3Mzk1MDI0Mw%3D%3D.3-ccb7-5&ccb=7-5&_nc_sid=58cdad&efg=eyJ2ZW5jb2RlX3RhZyI6IkNBUk9VU0VMX0lURU0ueHBpZHMuMTYzOC5zZHIucmVndWxhcl9waG90by5DMyJ9&_nc_ohc=ydM-R8J21eIQ7kNvwEeklkt&_nc_oc=AdratrKY-tPFD-uUWliBbti6lQ0YnO7pxm-Nbe2psNN_nNby6Wz71gaZuPJDfOgPDtz1qMbSeo4YKHl-Ku7byIHN&_nc_ad=z-m&_nc_cid=0&_nc_zt=23&_nc_ht=scontent-nrt6-1.cdninstagram.com&_nc_gid=lAGGb0982PGD7jUIo2QSQQ&_nc_ss=7a22e&oh=00_AQKhDs3JBK6w4VaHXkSlKubO8OUe9oDY6yALrNKdkPxUJQ&oe=6AA1D51F,https://www.instagram.com/p/DcuWeMKD352/
Supermercado São Pedro,Higiene / Cuidados Pessoais,Shampoo Darling 350ml,7.49,31/08/2026,https://scontent-cdg4-2.cdninstagram.com/v/t39.30808-6/790341028_1508698111303305_6101754768913825516_n.jpg?stp=c0.0.1638.2048a_dst-jpg_e35_s1638x2048_tt6&_nc_cat=107&ig_cache_key=Mzk3NjE3NTA3NTg4NzQ4NDk5OQ%3D%3D.3-ccb7-5&ccb=7-5&_nc_sid=58cdad&efg=eyJ2ZW5jb2RlX3RhZyI6IkNBUk9VU0VMX0lURU0ueHBpZHMuMTYzOS5zZHIucmVndWxhcl9waG90by5DMyJ9&_nc_ohc=3okOtetE7JoQ7kNvwFdiYSP&_nc_oc=AdruwQ7RYBqChozifVRz-lMJD-lopf6VLGYXYqviECs5n_Yf7S4NqY4qnCB-8cUHNdcPwRRqiQckKVeXe3RFXJHo&_nc_ad=z-m&_nc_cid=0&_nc_zt=23&_nc_ht=scontent-cdg4-2.cdninstagram.com&_nc_gid=KkV6WRYKP9_jb-i1Y8eKbw&_nc_ss=7a22e&oh=00_AQIbehEPo8vK43UkYPz3nnVbRk2WiJCkkzL5cl6w11xvjQ&oe=6AA1EA27,https://www.instagram.com/p/DcuNi7YiX2_/
Machadão Atacadista,Higiene / Cuidados Pessoais,Absorvente Sempre Livre Adapt Suave com Abas 16un,7.49,05/09/2026,https://scontent-iad6-1.cdninstagram.com/v/t39.30808-6/796691213_1367963808756910_2688047821891237888_n.jpg?stp=dst-jpg_e35_tt6&_nc_cat=106&ig_cache_key=Mzk3OTUwMDQyMDQxMDczNzQ2MQ%3D%3D.3-ccb7-5&ccb=7-5&_nc_sid=58cdad&efg=eyJ2ZW5jb2RlX3RhZyI6IkNBUk9VU0VMX0lURU0ueHBpZHMuMTYzOC5zZHIucmVndWxhcl9waG90by5DMyJ9&_nc_ohc=IiOPDKOTOzwQ7kNvwHjWa7g&_nc_oc=AdqbGsPjH8uacC3wv_LzZemSEIA0jjJ9gzBRqRPR0ZCcRVy4CdOHl8jnZzgaJCyLA8g&_nc_ad=z-m&_nc_cid=0&_nc_zt=23&_nc_ht=scontent-iad6-1.cdninstagram.com&_nc_gid=M5EriMz11BXPra92dM1UFw&_nc_ss=7a22e&oh=00_AQIDy_ez2Kaao0v8222f875B1cUa7ENv4jCCXhmEQ9JXTA&oe=6AA1F966,https://www.instagram.com/p/Dc6BpDXGSBh/
Machadão Atacadista,Higiene / Cuidados Pessoais,Absorvente Sempre Livre Adapt Suave com Abas 16un,7.49,05/09/2026,https://scontent-iad6-1.cdninstagram.com/v/t39.30808-6/793868466_1367963805423577_8948339533979208501_n.jpg?stp=dst-jpg_e35_tt6&_nc_cat=100&ig_cache_key=Mzk3OTUwMDQxOTkxNTc3NjYwNg%3D%3D.3-ccb7-5&ccb=7-5&_nc_sid=58cdad&efg=eyJ2ZW5jb2RlX3RhZyI6IkNBUk9VU0VMX0lURU0ueHBpZHMuMTYzOC5zZHIucmVndWxhcl9waG90by5DMyJ9&_nc_ohc=Mpr5mbezyDoQ7kNvwEyLyZ7&_nc_oc=AdqffJtGAZ8gNUGqjzUzXV3UKsJ2iVb033cOKlxuUvon_q7p1Qfb6ghbtTBc9V3jx1k&_nc_ad=z-m&_nc_cid=0&_nc_zt=23&_nc_ht=scontent-iad6-1.cdninstagram.com&_nc_gid=M5EriMz11BXPra92dM1UFw&_nc_ss=7a22e&oh=00_AQJjBQVtxYF2fEY3n_xI-T0M9qecxUKPTVlIm6xn2t8wRg&oe=6AA1F587,https://www.instagram.com/p/Dc6BpDXGSBh/
Machadão Atacadista,Higiene / Cuidados Pessoais,Absorvente Sempre Livre Adapt Plus Ultra Suave com Abas 16un,9.9,05/09/2026,https://scontent-iad6-1.cdninstagram.com/v/t39.30808-6/796691213_1367963808756910_2688047821891237888_n.jpg?stp=dst-jpg_e35_tt6&_nc_cat=106&ig_cache_key=Mzk3OTUwMDQyMDQxMDczNzQ2MQ%3D%3D.3-ccb7-5&ccb=7-5&_nc_sid=58cdad&efg=eyJ2ZW5jb2RlX3RhZyI6IkNBUk9VU0VMX0lURU0ueHBpZHMuMTYzOC5zZHIucmVndWxhcl9waG90by5DMyJ9&_nc_ohc=IiOPDKOTOzwQ7kNvwHjWa7g&_nc_oc=AdqbGsPjH8uacC3wv_LzZemSEIA0jjJ9gzBRqRPR0ZCcRVy4CdOHl8jnZzgaJCyLA8g&_nc_ad=z-m&_nc_cid=0&_nc_zt=23&_nc_ht=scontent-iad6-1.cdninstagram.com&_nc_gid=M5EriMz11BXPra92dM1UFw&_nc_ss=7a22e&oh=00_AQIDy_ez2Kaao0v8222f875B1cUa7ENv4jCCXhmEQ9JXTA&oe=6AA1F966,https://www.instagram.com/p/Dc6BpDXGSBh/
Machadão Atacadista,Higiene / Cuidados Pessoais,Absorvente Sempre Livre Adapt Plus Ultra Suave com Abas 16un,9.9,05/09/2026,https://scontent-iad6-1.cdninstagram.com/v/t39.30808-6/793868466_1367963805423577_8948339533979208501_n.jpg?stp=dst-jpg_e35_tt6&_nc_cat=100&ig_cache_key=Mzk3OTUwMDQxOTkxNTc3NjYwNg%3D%3D.3-ccb7-5&ccb=7-5&_nc_sid=58cdad&efg=eyJ2ZW5jb2RlX3RhZyI6IkNBUk9VU0VMX0lURU0ueHBpZHMuMTYzOC5zZHIucmVndWxhcl9waG90by5DMyJ9&_nc_ohc=Mpr5mbezyDoQ7kNvwEyLyZ7&_nc_oc=AdqffJtGAZ8gNUGqjzUzXV3UKsJ2iVb033cOKlxuUvon_q7p1Qfb6ghbtTBc9V3jx1k&_nc_ad=z-m&_nc_cid=0&_nc_zt=23&_nc_ht=scontent-iad6-1.cdninstagram.com&_nc_gid=M5EriMz11BXPra92dM1UFw&_nc_ss=7a22e&oh=00_AQJjBQVtxYF2fEY3n_xI-T0M9qecxUKPTVlIm6xn2t8wRg&oe=6AA1F587,https://www.instagram.com/p/Dc6BpDXGSBh/
Machadão Atacadista,Higiene / Cuidados Pessoais,Absorvente Interno O.b. Sempre Livre Médio 10un,9.98,05/09/2026,https://scontent-iad6-1.cdninstagram.com/v/t39.30808-6/796691213_1367963808756910_2688047821891237888_n.jpg?stp=dst-jpg_e35_tt6&_nc_cat=106&ig_cache_key=Mzk3OTUwMDQyMDQxMDczNzQ2MQ%3D%3D.3-ccb7-5&ccb=7-5&_nc_sid=58cdad&efg=eyJ2ZW5jb2RlX3RhZyI6IkNBUk9VU0VMX0lURU0ueHBpZHMuMTYzOC5zZHIucmVndWxhcl9waG90by5DMyJ9&_nc_ohc=IiOPDKOTOzwQ7kNvwHjWa7g&_nc_oc=AdqbGsPjH8uacC3wv_LzZemSEIA0jjJ9gzBRqRPR0ZCcRVy4CdOHl8jnZzgaJCyLA8g&_nc_ad=z-m&_nc_cid=0&_nc_zt=23&_nc_ht=scontent-iad6-1.cdninstagram.com&_nc_gid=M5EriMz11BXPra92dM1UFw&_nc_ss=7a22e&oh=00_AQIDy_ez2Kaao0v8222f875B1cUa7ENv4jCCXhmEQ9JXTA&oe=6AA1F966,https://www.instagram.com/p/Dc6BpDXGSBh/
Machadão Atacadista,Higiene / Cuidados Pessoais,Absorvente Interno O.b. Sempre Livre Médio 10un,9.98,05/09/2026,https://scontent-iad6-1.cdninstagram.com/v/t39.30808-6/793868466_1367963805423577_8948339533979208501_n.jpg?stp=dst-jpg_e35_tt6&_nc_cat=100&ig_cache_key=Mzk3OTUwMDQxOTkxNTc3NjYwNg%3D%3D.3-ccb7-5&ccb=7-5&_nc_sid=58cdad&efg=eyJ2ZW5jb2RlX3RhZyI6IkNBUk9VU0VMX0lURU0ueHBpZHMuMTYzOC5zZHIucmVndWxhcl9waG90by5DMyJ9&_nc_ohc=Mpr5mbezyDoQ7kNvwEyLyZ7&_nc_oc=AdqffJtGAZ8gNUGqjzUzXV3UKsJ2iVb033cOKlxuUvon_q7p1Qfb6ghbtTBc9V3jx1k&_nc_ad=z-m&_nc_cid=0&_nc_zt=23&_nc_ht=scontent-iad6-1.cdninstagram.com&_nc_gid=M5EriMz11BXPra92dM1UFw&_nc_ss=7a22e&oh=00_AQJjBQVtxYF2fEY3n_xI-T0M9qecxUKPTVlIm6xn2t8wRg&oe=6AA1F587,https://www.instagram.com/p/Dc6BpDXGSBh/
Supermercado São Pedro,Higiene / Cuidados Pessoais,Creme Dental Colgate Total 12 90g,11.99,31/08/2026,https://scontent-cdg4-2.cdninstagram.com/v/t39.30808-6/790341028_1508698111303305_6101754768913825516_n.jpg?stp=c0.0.1638.2048a_dst-jpg_e35_s1638x2048_tt6&_nc_cat=107&ig_cache_key=Mzk3NjE3NTA3NTg4NzQ4NDk5OQ%3D%3D.3-ccb7-5&ccb=7-5&_nc_sid=58cdad&efg=eyJ2ZW5jb2RlX3RhZyI6IkNBUk9VU0VMX0lURU0ueHBpZHMuMTYzOS5zZHIucmVndWxhcl9waG90by5DMyJ9&_nc_ohc=3okOtetE7JoQ7kNvwFdiYSP&_nc_oc=AdruwQ7RYBqChozifVRz-lMJD-lopf6VLGYXYqviECs5n_Yf7S4NqY4qnCB-8cUHNdcPwRRqiQckKVeXe3RFXJHo&_nc_ad=z-m&_nc_cid=0&_nc_zt=23&_nc_ht=scontent-cdg4-2.cdninstagram.com&_nc_gid=KkV6WRYKP9_jb-i1Y8eKbw&_nc_ss=7a22e&oh=00_AQIbehEPo8vK43UkYPz3nnVbRk2WiJCkkzL5cl6w11xvjQ&oe=6AA1EA27,https://www.instagram.com/p/DcuNi7YiX2_/
Supermercado São Pedro,Higiene / Cuidados Pessoais,Desodorante Nivea 150ml,13.49,31/08/2026,https://scontent-cdg4-2.cdninstagram.com/v/t39.30808-6/790341028_1508698111303305_6101754768913825516_n.jpg?stp=c0.0.1638.2048a_dst-jpg_e35_s1638x2048_tt6&_nc_cat=107&ig_cache_key=Mzk3NjE3NTA3NTg4NzQ4NDk5OQ%3D%3D.3-ccb7-5&ccb=7-5&_nc_sid=58cdad&efg=eyJ2ZW5jb2RlX3RhZyI6IkNBUk9VU0VMX0lURU0ueHBpZHMuMTYzOS5zZHIucmVndWxhcl9waG90by5DMyJ9&_nc_ohc=3okOtetE7JoQ7kNvwFdiYSP&_nc_oc=AdruwQ7RYBqChozifVRz-lMJD-lopf6VLGYXYqviECs5n_Yf7S4NqY4qnCB-8cUHNdcPwRRqiQckKVeXe3RFXJHo&_nc_ad=z-m&_nc_cid=0&_nc_zt=23&_nc_ht=scontent-cdg4-2.cdninstagram.com&_nc_gid=KkV6WRYKP9_jb-i1Y8eKbw&_nc_ss=7a22e&oh=00_AQIbehEPo8vK43UkYPz3nnVbRk2WiJCkkzL5cl6w11xvjQ&oe=6AA1EA27,https://www.instagram.com/p/DcuNi7YiX2_/
Machadão Atacadista,Higiene / Cuidados Pessoais,Absorvente Protetor Diário Carefree 40un,14.98,05/09/2026,https://scontent-iad6-1.cdninstagram.com/v/t39.30808-6/796691213_1367963808756910_2688047821891237888_n.jpg?stp=dst-jpg_e35_tt6&_nc_cat=106&ig_cache_key=Mzk3OTUwMDQyMDQxMDczNzQ2MQ%3D%3D.3-ccb7-5&ccb=7-5&_nc_sid=58cdad&efg=eyJ2ZW5jb2RlX3RhZyI6IkNBUk9VU0VMX0lURU0ueHBpZHMuMTYzOC5zZHIucmVndWxhcl9waG90by5DMyJ9&_nc_ohc=IiOPDKOTOzwQ7kNvwHjWa7g&_nc_oc=AdqbGsPjH8uacC3wv_LzZemSEIA0jjJ9gzBRqRPR0ZCcRVy4CdOHl8jnZzgaJCyLA8g&_nc_ad=z-m&_nc_cid=0&_nc_zt=23&_nc_ht=scontent-iad6-1.cdninstagram.com&_nc_gid=M5EriMz11BXPra92dM1UFw&_nc_ss=7a22e&oh=00_AQIDy_ez2Kaao0v8222f875B1cUa7ENv4jCCXhmEQ9JXTA&oe=6AA1F966,https://www.instagram.com/p/Dc6BpDXGSBh/
Machadão Atacadista,Higiene / Cuidados Pessoais,Absorvente Protetor Diário Carefree 40un,14.98,05/09/2026,https://scontent-iad6-1.cdninstagram.com/v/t39.30808-6/793868466_1367963805423577_8948339533979208501_n.jpg?stp=dst-jpg_e35_tt6&_nc_cat=100&ig_cache_key=Mzk3OTUwMDQxOTkxNTc3NjYwNg%3D%3D.3-ccb7-5&ccb=7-5&_nc_sid=58cdad&efg=eyJ2ZW5jb2RlX3RhZyI6IkNBUk9VU0VMX0lURU0ueHBpZHMuMTYzOC5zZHIucmVndWxhcl9waG90by5DMyJ9&_nc_ohc=Mpr5mbezyDoQ7kNvwEyLyZ7&_nc_oc=AdqffJtGAZ8gNUGqjzUzXV3UKsJ2iVb033cOKlxuUvon_q7p1Qfb6ghbtTBc9V3jx1k&_nc_ad=z-m&_nc_cid=0&_nc_zt=23&_nc_ht=scontent-iad6-1.cdninstagram.com&_nc_gid=M5EriMz11BXPra92dM1UFw&_nc_ss=7a22e&oh=00_AQJjBQVtxYF2fEY3n_xI-T0M9qecxUKPTVlIm6xn2t8wRg&oe=6AA1F587,https://www.instagram.com/p/Dc6BpDXGSBh/
Machadão Atacadista,Higiene / Cuidados Pessoais,Escova Dental Colgate Classic Clean 4un,15.99,01/09/2026,https://scontent-nrt1-1.cdninstagram.com/v/t39.30808-6/788880664_1363962219157069_5966186908781895719_n.jpg?stp=dst-jpg_e35_tt6&_nc_cat=108&ig_cache_key=Mzk3NjIxNDMzMDk4MzA0NjUzNQ%3D%3D.3-ccb7-5&ccb=7-5&_nc_sid=58cdad&efg=eyJ2ZW5jb2RlX3RhZyI6IkNBUk9VU0VMX0lURU0ueHBpZHMuMTYzOC5zZHIucmVndWxhcl9waG90by5DMyJ9&_nc_ohc=mvMDjMZZ8K8Q7kNvwEr95Kf&_nc_oc=AdpDd4tA0FGceVhp6PR8JiduONuXuE_e5iHh01aOgqsRwj_0bEqtmY8pw24qpadXMieJMPV6oB0_GG5VO5FuiNxT&_nc_ad=z-m&_nc_cid=0&_nc_zt=23&_nc_ht=scontent-nrt1-1.cdninstagram.com&_nc_gid=lAGGb0982PGD7jUIo2QSQQ&_nc_ss=7a22e&oh=00_AQKuUJZtbhN0X2NwAD6KgYM3DH9Rh55mz5vlKwfOJi488A&oe=6AA1EE8C,https://www.instagram.com/p/DcuWeMKD352/
Machadão Atacadista,Higiene / Cuidados Pessoais,Desodorante Aerossol Rexona 200ml,15.99,01/09/2026,https://scontent-nrt1-1.cdninstagram.com/v/t39.30808-6/788880664_1363962219157069_5966186908781895719_n.jpg?stp=dst-jpg_e35_tt6&_nc_cat=108&ig_cache_key=Mzk3NjIxNDMzMDk4MzA0NjUzNQ%3D%3D.3-ccb7-5&ccb=7-5&_nc_sid=58cdad&efg=eyJ2ZW5jb2RlX3RhZyI6IkNBUk9VU0VMX0lURU0ueHBpZHMuMTYzOC5zZHIucmVndWxhcl9waG90by5DMyJ9&_nc_ohc=mvMDjMZZ8K8Q7kNvwEr95Kf&_nc_oc=AdpDd4tA0FGceVhp6PR8JiduONuXuE_e5iHh01aOgqsRwj_0bEqtmY8pw24qpadXMieJMPV6oB0_GG5VO5FuiNxT&_nc_ad=z-m&_nc_cid=0&_nc_zt=23&_nc_ht=scontent-nrt1-1.cdninstagram.com&_nc_gid=lAGGb0982PGD7jUIo2QSQQ&_nc_ss=7a22e&oh=00_AQKuUJZtbhN0X2NwAD6KgYM3DH9Rh55mz5vlKwfOJi488A&oe=6AA1EE8C,https://www.instagram.com/p/DcuWeMKD352/
Machadão Atacadista,Higiene / Cuidados Pessoais,Escova Dental Colgate Classic Clean 4un,15.99,01/09/2026,https://scontent-nrt6-1.cdninstagram.com/v/t39.30808-6/788717108_1363962009157090_7645430109379984108_n.jpg?stp=dst-jpg_e35_tt6&_nc_cat=110&ig_cache_key=Mzk3NjIxNDMzMjA1Njc3MzMzMA%3D%3D.3-ccb7-5&ccb=7-5&_nc_sid=58cdad&efg=eyJ2ZW5jb2RlX3RhZyI6IkNBUk9VU0VMX0lURU0ueHBpZHMuMTYzOC5zZHIucmVndWxhcl9waG90by5DMyJ9&_nc_ohc=-JVLd9gM9c8Q7kNvwH5gmot&_nc_oc=Adqb4FV0BlK1UaHMCus6P03VTk3fWzLNWwoddj_shm66PKNSqSzdb4rPloipWa2Vbp4RZRtXsDYLCWY1BrPGKGuz&_nc_ad=z-m&_nc_cid=0&_nc_zt=23&_nc_ht=scontent-nrt6-1.cdninstagram.com&_nc_gid=lAGGb0982PGD7jUIo2QSQQ&_nc_ss=7a22e&oh=00_AQJ9xeow80FEHLUxM18_QyBki3Gqqf429drZ9oeEnCGTaQ&oe=6AA1E8D3,https://www.instagram.com/p/DcuWeMKD352/
Machadão Atacadista,Higiene / Cuidados Pessoais,Desodorante Aerossol Rexona 200ml,15.99,01/09/2026,https://scontent-nrt6-1.cdninstagram.com/v/t39.30808-6/788717108_1363962009157090_7645430109379984108_n.jpg?stp=dst-jpg_e35_tt6&_nc_cat=110&ig_cache_key=Mzk3NjIxNDMzMjA1Njc3MzMzMA%3D%3D.3-ccb7-5&ccb=7-5&_nc_sid=58cdad&efg=eyJ2ZW5jb2RlX3RhZyI6IkNBUk9VU0VMX0lURU0ueHBpZHMuMTYzOC5zZHIucmVndWxhcl9waG90by5DMyJ9&_nc_ohc=-JVLd9gM9c8Q7kNvwH5gmot&_nc_oc=Adqb4FV0BlK1UaHMCus6P03VTk3fWzLNWwoddj_shm66PKNSqSzdb4rPloipWa2Vbp4RZRtXsDYLCWY1BrPGKGuz&_nc_ad=z-m&_nc_cid=0&_nc_zt=23&_nc_ht=scontent-nrt6-1.cdninstagram.com&_nc_gid=lAGGb0982PGD7jUIo2QSQQ&_nc_ss=7a22e&oh=00_AQJ9xeow80FEHLUxM18_QyBki3Gqqf429drZ9oeEnCGTaQ&oe=6AA1E8D3,https://www.instagram.com/p/DcuWeMKD352/
Machadão Atacadista,Higiene / Cuidados Pessoais,Escova Dental Colgate Classic Clean 4un,15.99,01/09/2026,https://scontent-nrt6-1.cdninstagram.com/v/t39.30808-6/788953852_1363962525823705_7158709731603332512_n.jpg?stp=dst-jpg_e35_tt6&_nc_cat=105&ig_cache_key=Mzk3NjIxNDMzMDg3Mzk1MDI0Mw%3D%3D.3-ccb7-5&ccb=7-5&_nc_sid=58cdad&efg=eyJ2ZW5jb2RlX3RhZyI6IkNBUk9VU0VMX0lURU0ueHBpZHMuMTYzOC5zZHIucmVndWxhcl9waG90by5DMyJ9&_nc_ohc=ydM-R8J21eIQ7kNvwEeklkt&_nc_oc=AdratrKY-tPFD-uUWliBbti6lQ0YnO7pxm-Nbe2psNN_nNby6Wz71gaZuPJDfOgPDtz1qMbSeo4YKHl-Ku7byIHN&_nc_ad=z-m&_nc_cid=0&_nc_zt=23&_nc_ht=scontent-nrt6-1.cdninstagram.com&_nc_gid=lAGGb0982PGD7jUIo2QSQQ&_nc_ss=7a22e&oh=00_AQKhDs3JBK6w4VaHXkSlKubO8OUe9oDY6yALrNKdkPxUJQ&oe=6AA1D51F,https://www.instagram.com/p/DcuWeMKD352/
Machadão Atacadista,Higiene / Cuidados Pessoais,Desodorante Aerossol Rexona 200ml,15.99,01/09/2026,https://scontent-nrt6-1.cdninstagram.com/v/t39.30808-6/788953852_1363962525823705_7158709731603332512_n.jpg?stp=dst-jpg_e35_tt6&_nc_cat=105&ig_cache_key=Mzk3NjIxNDMzMDg3Mzk1MDI0Mw%3D%3D.3-ccb7-5&ccb=7-5&_nc_sid=58cdad&efg=eyJ2ZW5jb2RlX3RhZyI6IkNBUk9VU0VMX0lURU0ueHBpZHMuMTYzOC5zZHIucmVndWxhcl9waG90by5DMyJ9&_nc_ohc=ydM-R8J21eIQ7kNvwEeklkt&_nc_oc=AdratrKY-tPFD-uUWliBbti6lQ0YnO7pxm-Nbe2psNN_nNby6Wz71gaZuPJDfOgPDtz1qMbSeo4YKHl-Ku7byIHN&_nc_ad=z-m&_nc_cid=0&_nc_zt=23&_nc_ht=scontent-nrt6-1.cdninstagram.com&_nc_gid=lAGGb0982PGD7jUIo2QSQQ&_nc_ss=7a22e&oh=00_AQKhDs3JBK6w4VaHXkSlKubO8OUe9oDY6yALrNKdkPxUJQ&oe=6AA1D51F,https://www.instagram.com/p/DcuWeMKD352/
Machadão Atacadista,Higiene / Cuidados Pessoais,Absorvente Mili Dia e Noite 32un,16.99,01/09/2026,https://scontent-nrt1-1.cdninstagram.com/v/t39.30808-6/788880664_1363962219157069_5966186908781895719_n.jpg?stp=dst-jpg_e35_tt6&_nc_cat=108&ig_cache_key=Mzk3NjIxNDMzMDk4MzA0NjUzNQ%3D%3D.3-ccb7-5&ccb=7-5&_nc_sid=58cdad&efg=eyJ2ZW5jb2RlX3RhZyI6IkNBUk9VU0VMX0lURU0ueHBpZHMuMTYzOC5zZHIucmVndWxhcl9waG90by5DMyJ9&_nc_ohc=mvMDjMZZ8K8Q7kNvwEr95Kf&_nc_oc=AdpDd4tA0FGceVhp6PR8JiduONuXuE_e5iHh01aOgqsRwj_0bEqtmY8pw24qpadXMieJMPV6oB0_GG5VO5FuiNxT&_nc_ad=z-m&_nc_cid=0&_nc_zt=23&_nc_ht=scontent-nrt1-1.cdninstagram.com&_nc_gid=lAGGb0982PGD7jUIo2QSQQ&_nc_ss=7a22e&oh=00_AQKuUJZtbhN0X2NwAD6KgYM3DH9Rh55mz5vlKwfOJi488A&oe=6AA1EE8C,https://www.instagram.com/p/DcuWeMKD352/
Machadão Atacadista,Higiene / Cuidados Pessoais,Absorvente Mili Dia e Noite 32un,16.99,01/09/2026,https://scontent-nrt6-1.cdninstagram.com/v/t39.30808-6/788717108_1363962009157090_7645430109379984108_n.jpg?stp=dst-jpg_e35_tt6&_nc_cat=110&ig_cache_key=Mzk3NjIxNDMzMjA1Njc3MzMzMA%3D%3D.3-ccb7-5&ccb=7-5&_nc_sid=58cdad&efg=eyJ2ZW5jb2RlX3RhZyI6IkNBUk9VU0VMX0lURU0ueHBpZHMuMTYzOC5zZHIucmVndWxhcl9waG90by5DMyJ9&_nc_ohc=-JVLd9gM9c8Q7kNvwH5gmot&_nc_oc=Adqb4FV0BlK1UaHMCus6P03VTk3fWzLNWwoddj_shm66PKNSqSzdb4rPloipWa2Vbp4RZRtXsDYLCWY1BrPGKGuz&_nc_ad=z-m&_nc_cid=0&_nc_zt=23&_nc_ht=scontent-nrt6-1.cdninstagram.com&_nc_gid=lAGGb0982PGD7jUIo2QSQQ&_nc_ss=7a22e&oh=00_AQJ9xeow80FEHLUxM18_QyBki3Gqqf429drZ9oeEnCGTaQ&oe=6AA1E8D3,https://www.instagram.com/p/DcuWeMKD352/
Machadão Atacadista,Higiene / Cuidados Pessoais,Absorvente Mili Dia e Noite 32un,16.99,01/09/2026,https://scontent-nrt6-1.cdninstagram.com/v/t39.30808-6/788953852_1363962525823705_7158709731603332512_n.jpg?stp=dst-jpg_e35_tt6&_nc_cat=105&ig_cache_key=Mzk3NjIxNDMzMDg3Mzk1MDI0Mw%3D%3D.3-ccb7-5&ccb=7-5&_nc_sid=58cdad&efg=eyJ2ZW5jb2RlX3RhZyI6IkNBUk9VU0VMX0lURU0ueHBpZHMuMTYzOC5zZHIucmVndWxhcl9waG90by5DMyJ9&_nc_ohc=ydM-R8J21eIQ7kNvwEeklkt&_nc_oc=AdratrKY-tPFD-uUWliBbti6lQ0YnO7pxm-Nbe2psNN_nNby6Wz71gaZuPJDfOgPDtz1qMbSeo4YKHl-Ku7byIHN&_nc_ad=z-m&_nc_cid=0&_nc_zt=23&_nc_ht=scontent-nrt6-1.cdninstagram.com&_nc_gid=lAGGb0982PGD7jUIo2QSQQ&_nc_ss=7a22e&oh=00_AQKhDs3JBK6w4VaHXkSlKubO8OUe9oDY6yALrNKdkPxUJQ&oe=6AA1D51F,https://www.instagram.com/p/DcuWeMKD352/
Machadão Atacadista,Higiene / Cuidados Pessoais,Condicionador Johnson's Baby Cabelo Cacheado 200ml,19.9,05/09/2026,https://scontent-iad6-1.cdninstagram.com/v/t39.30808-6/796691213_1367963808756910_2688047821891237888_n.jpg?stp=dst-jpg_e35_tt6&_nc_cat=106&ig_cache_key=Mzk3OTUwMDQyMDQxMDczNzQ2MQ%3D%3D.3-ccb7-5&ccb=7-5&_nc_sid=58cdad&efg=eyJ2ZW5jb2RlX3RhZyI6IkNBUk9VU0VMX0lURU0ueHBpZHMuMTYzOC5zZHIucmVndWxhcl9waG90by5DMyJ9&_nc_ohc=IiOPDKOTOzwQ7kNvwHjWa7g&_nc_oc=AdqbGsPjH8uacC3wv_LzZemSEIA0jjJ9gzBRqRPR0ZCcRVy4CdOHl8jnZzgaJCyLA8g&_nc_ad=z-m&_nc_cid=0&_nc_zt=23&_nc_ht=scontent-iad6-1.cdninstagram.com&_nc_gid=M5EriMz11BXPra92dM1UFw&_nc_ss=7a22e&oh=00_AQIDy_ez2Kaao0v8222f875B1cUa7ENv4jCCXhmEQ9JXTA&oe=6AA1F966,https://www.instagram.com/p/Dc6BpDXGSBh/
Machadão Atacadista,Higiene / Cuidados Pessoais,Condicionador Johnson's Baby Cabelo Cacheado 200ml,19.9,05/09/2026,https://scontent-iad6-1.cdninstagram.com/v/t39.30808-6/793868466_1367963805423577_8948339533979208501_n.jpg?stp=dst-jpg_e35_tt6&_nc_cat=100&ig_cache_key=Mzk3OTUwMDQxOTkxNTc3NjYwNg%3D%3D.3-ccb7-5&ccb=7-5&_nc_sid=58cdad&efg=eyJ2ZW5jb2RlX3RhZyI6IkNBUk9VU0VMX0lURU0ueHBpZHMuMTYzOC5zZHIucmVndWxhcl9waG90by5DMyJ9&_nc_ohc=Mpr5mbezyDoQ7kNvwEyLyZ7&_nc_oc=AdqffJtGAZ8gNUGqjzUzXV3UKsJ2iVb033cOKlxuUvon_q7p1Qfb6ghbtTBc9V3jx1k&_nc_ad=z-m&_nc_cid=0&_nc_zt=23&_nc_ht=scontent-iad6-1.cdninstagram.com&_nc_gid=M5EriMz11BXPra92dM1UFw&_nc_ss=7a22e&oh=00_AQJjBQVtxYF2fEY3n_xI-T0M9qecxUKPTVlIm6xn2t8wRg&oe=6AA1F587,https://www.instagram.com/p/Dc6BpDXGSBh/
Machadão Atacadista,Higiene / Cuidados Pessoais,Absorvente Protetor Diário Carefree 80un,19.98,05/09/2026,https://scontent-iad6-1.cdninstagram.com/v/t39.30808-6/796691213_1367963808756910_2688047821891237888_n.jpg?stp=dst-jpg_e35_tt6&_nc_cat=106&ig_cache_key=Mzk3OTUwMDQyMDQxMDczNzQ2MQ%3D%3D.3-ccb7-5&ccb=7-5&_nc_sid=58cdad&efg=eyJ2ZW5jb2RlX3RhZyI6IkNBUk9VU0VMX0lURU0ueHBpZHMuMTYzOC5zZHIucmVndWxhcl9waG90by5DMyJ9&_nc_ohc=IiOPDKOTOzwQ7kNvwHjWa7g&_nc_oc=AdqbGsPjH8uacC3wv_LzZemSEIA0jjJ9gzBRqRPR0ZCcRVy4CdOHl8jnZzgaJCyLA8g&_nc_ad=z-m&_nc_cid=0&_nc_zt=23&_nc_ht=scontent-iad6-1.cdninstagram.com&_nc_gid=M5EriMz11BXPra92dM1UFw&_nc_ss=7a22e&oh=00_AQIDy_ez2Kaao0v8222f875B1cUa7ENv4jCCXhmEQ9JXTA&oe=6AA1F966,https://www.instagram.com/p/Dc6BpDXGSBh/
Machadão Atacadista,Higiene / Cuidados Pessoais,Absorvente Protetor Diário Carefree 80un,19.98,05/09/2026,https://scontent-iad6-1.cdninstagram.com/v/t39.30808-6/793868466_1367963805423577_8948339533979208501_n.jpg?stp=dst-jpg_e35_tt6&_nc_cat=100&ig_cache_key=Mzk3OTUwMDQxOTkxNTc3NjYwNg%3D%3D.3-ccb7-5&ccb=7-5&_nc_sid=58cdad&efg=eyJ2ZW5jb2RlX3RhZyI6IkNBUk9VU0VMX0lURU0ueHBpZHMuMTYzOC5zZHIucmVndWxhcl9waG90by5DMyJ9&_nc_ohc=Mpr5mbezyDoQ7kNvwEyLyZ7&_nc_oc=AdqffJtGAZ8gNUGqjzUzXV3UKsJ2iVb033cOKlxuUvon_q7p1Qfb6ghbtTBc9V3jx1k&_nc_ad=z-m&_nc_cid=0&_nc_zt=23&_nc_ht=scontent-iad6-1.cdninstagram.com&_nc_gid=M5EriMz11BXPra92dM1UFw&_nc_ss=7a22e&oh=00_AQJjBQVtxYF2fEY3n_xI-T0M9qecxUKPTVlIm6xn2t8wRg&oe=6AA1F587,https://www.instagram.com/p/Dc6BpDXGSBh/
Machadão Atacadista,Higiene / Cuidados Pessoais,Fralda Descartável Huggies Supreme Mega,52.99,01/09/2026,https://scontent-nrt1-1.cdninstagram.com/v/t39.30808-6/788880664_1363962219157069_5966186908781895719_n.jpg?stp=dst-jpg_e35_tt6&_nc_cat=108&ig_cache_key=Mzk3NjIxNDMzMDk4MzA0NjUzNQ%3D%3D.3-ccb7-5&ccb=7-5&_nc_sid=58cdad&efg=eyJ2ZW5jb2RlX3RhZyI6IkNBUk9VU0VMX0lURU0ueHBpZHMuMTYzOC5zZHIucmVndWxhcl9waG90by5DMyJ9&_nc_ohc=mvMDjMZZ8K8Q7kNvwEr95Kf&_nc_oc=AdpDd4tA0FGceVhp6PR8JiduONuXuE_e5iHh01aOgqsRwj_0bEqtmY8pw24qpadXMieJMPV6oB0_GG5VO5FuiNxT&_nc_ad=z-m&_nc_cid=0&_nc_zt=23&_nc_ht=scontent-nrt1-1.cdninstagram.com&_nc_gid=lAGGb0982PGD7jUIo2QSQQ&_nc_ss=7a22e&oh=00_AQKuUJZtbhN0X2NwAD6KgYM3DH9Rh55mz5vlKwfOJi488A&oe=6AA1EE8C,https://www.instagram.com/p/DcuWeMKD352/
Machadão Atacadista,Higiene / Cuidados Pessoais,Fralda Descartável Huggies Supreme Mega,52.99,01/09/2026,https://scontent-nrt6-1.cdninstagram.com/v/t39.30808-6/788717108_1363962009157090_7645430109379984108_n.jpg?stp=dst-jpg_e35_tt6&_nc_cat=110&ig_cache_key=Mzk3NjIxNDMzMjA1Njc3MzMzMA%3D%3D.3-ccb7-5&ccb=7-5&_nc_sid=58cdad&efg=eyJ2ZW5jb2RlX3RhZyI6IkNBUk9VU0VMX0lURU0ueHBpZHMuMTYzOC5zZHIucmVndWxhcl9waG90by5DMyJ9&_nc_ohc=-JVLd9gM9c8Q7kNvwH5gmot&_nc_oc=Adqb4FV0BlK1UaHMCus6P03VTk3fWzLNWwoddj_shm66PKNSqSzdb4rPloipWa2Vbp4RZRtXsDYLCWY1BrPGKGuz&_nc_ad=z-m&_nc_cid=0&_nc_zt=23&_nc_ht=scontent-nrt6-1.cdninstagram.com&_nc_gid=lAGGb0982PGD7jUIo2QSQQ&_nc_ss=7a22e&oh=00_AQJ9xeow80FEHLUxM18_QyBki3Gqqf429drZ9oeEnCGTaQ&oe=6AA1E8D3,https://www.instagram.com/p/DcuWeMKD352/
Machadão Atacadista,Higiene / Cuidados Pessoais,Fralda Descartável Huggies Supreme Care Mega,52.99,01/09/2026,https://scontent-nrt6-1.cdninstagram.com/v/t39.30808-6/788953852_1363962525823705_7158709731603332512_n.jpg?stp=dst-jpg_e35_tt6&_nc_cat=105&ig_cache_key=Mzk3NjIxNDMzMDg3Mzk1MDI0Mw%3D%3D.3-ccb7-5&ccb=7-5&_nc_sid=58cdad&efg=eyJ2ZW5jb2RlX3RhZyI6IkNBUk9VU0VMX0lURU0ueHBpZHMuMTYzOC5zZHIucmVndWxhcl9waG90by5DMyJ9&_nc_ohc=ydM-R8J21eIQ7kNvwEeklkt&_nc_oc=AdratrKY-tPFD-uUWliBbti6lQ0YnO7pxm-Nbe2psNN_nNby6Wz71gaZuPJDfOgPDtz1qMbSeo4YKHl-Ku7byIHN&_nc_ad=z-m&_nc_cid=0&_nc_zt=23&_nc_ht=scontent-nrt6-1.cdninstagram.com&_nc_gid=lAGGb0982PGD7jUIo2QSQQ&_nc_ss=7a22e&oh=00_AQKhDs3JBK6w4VaHXkSlKubO8OUe9oDY6yALrNKdkPxUJQ&oe=6AA1D51F,https://www.instagram.com/p/DcuWeMKD352/
Supermercado São Pedro,Higiene / Papelaria,Papel Higiênico Mili Folha Dupla 12 Rolos 30m,16.99,31/08/2026,https://scontent-cdg4-2.cdninstagram.com/v/t39.30808-6/790651262_1508698107969972_5998080027560533600_n.jpg?stp=c0.0.1638.2048a_dst-jpg_e35_s1638x2048_tt6&_nc_cat=100&ig_cache_key=Mzk3NjE3NTA3NTkzNzgyODUwNQ%3D%3D.3-ccb7-5&ccb=7-5&_nc_sid=58cdad&efg=eyJ2ZW5jb2RlX3RhZyI6IkNBUk9VU0VMX0lURU0ueHBpZHMuMTYzOS5zZHIucmVndWxhcl9waG90by5DMyJ9&_nc_ohc=Fki5XW_PiPcQ7kNvwEMMwlZ&_nc_oc=AdoHYri7fr3UsDoMlHDK2HTgg6FCr0n3lzTEF2Q34993HV2spZuoc7_MN9hgPRznBOCMcYF6jo8s1T9ueRpp6OXR&_nc_ad=z-m&_nc_cid=0&_nc_zt=23&_nc_ht=scontent-cdg4-2.cdninstagram.com&_nc_gid=KkV6WRYKP9_jb-i1Y8eKbw&_nc_ss=7a22e&oh=00_AQJUTh19cXfffXZ1gcr5xFBtzmtRqfPEjzyBYYcYDt9CqA&oe=6AA1D649,https://www.instagram.com/p/DcuNi7YiX2_/
Machadão Atacadista,Higiene / Papelaria,Papel Higiênico Mili Folha Tripla 12un,16.99,01/09/2026,https://scontent-nrt1-1.cdninstagram.com/v/t39.30808-6/788880664_1363962219157069_5966186908781895719_n.jpg?stp=dst-jpg_e35_tt6&_nc_cat=108&ig_cache_key=Mzk3NjIxNDMzMDk4MzA0NjUzNQ%3D%3D.3-ccb7-5&ccb=7-5&_nc_sid=58cdad&efg=eyJ2ZW5jb2RlX3RhZyI6IkNBUk9VU0VMX0lURU0ueHBpZHMuMTYzOC5zZHIucmVndWxhcl9waG90by5DMyJ9&_nc_ohc=mvMDjMZZ8K8Q7kNvwEr95Kf&_nc_oc=AdpDd4tA0FGceVhp6PR8JiduONuXuE_e5iHh01aOgqsRwj_0bEqtmY8pw24qpadXMieJMPV6oB0_GG5VO5FuiNxT&_nc_ad=z-m&_nc_cid=0&_nc_zt=23&_nc_ht=scontent-nrt1-1.cdninstagram.com&_nc_gid=lAGGb0982PGD7jUIo2QSQQ&_nc_ss=7a22e&oh=00_AQKuUJZtbhN0X2NwAD6KgYM3DH9Rh55mz5vlKwfOJi488A&oe=6AA1EE8C,https://www.instagram.com/p/DcuWeMKD352/
Machadão Atacadista,Higiene / Papelaria,Papel Higiênico Mili Folha Tripla 20m 12un,16.99,01/09/2026,https://scontent-nrt6-1.cdninstagram.com/v/t39.30808-6/788717108_1363962009157090_7645430109379984108_n.jpg?stp=dst-jpg_e35_tt6&_nc_cat=110&ig_cache_key=Mzk3NjIxNDMzMjA1Njc3MzMzMA%3D%3D.3-ccb7-5&ccb=7-5&_nc_sid=58cdad&efg=eyJ2ZW5jb2RlX3RhZyI6IkNBUk9VU0VMX0lURU0ueHBpZHMuMTYzOC5zZHIucmVndWxhcl9waG90by5DMyJ9&_nc_ohc=-JVLd9gM9c8Q7kNvwH5gmot&_nc_oc=Adqb4FV0BlK1UaHMCus6P03VTk3fWzLNWwoddj_shm66PKNSqSzdb4rPloipWa2Vbp4RZRtXsDYLCWY1BrPGKGuz&_nc_ad=z-m&_nc_cid=0&_nc_zt=23&_nc_ht=scontent-nrt6-1.cdninstagram.com&_nc_gid=lAGGb0982PGD7jUIo2QSQQ&_nc_ss=7a22e&oh=00_AQJ9xeow80FEHLUxM18_QyBki3Gqqf429drZ9oeEnCGTaQ&oe=6AA1E8D3,https://www.instagram.com/p/DcuWeMKD352/
Machadão Atacadista,Higiene / Papelaria,Papel Higiênico Mili Folha Tripla 20m 12un,16.99,01/09/2026,https://scontent-nrt6-1.cdninstagram.com/v/t39.30808-6/788953852_1363962525823705_7158709731603332512_n.jpg?stp=dst-jpg_e35_tt6&_nc_cat=105&ig_cache_key=Mzk3NjIxNDMzMDg3Mzk1MDI0Mw%3D%3D.3-ccb7-5&ccb=7-5&_nc_sid=58cdad&efg=eyJ2ZW5jb2RlX3RhZyI6IkNBUk9VU0VMX0lURU0ueHBpZHMuMTYzOC5zZHIucmVndWxhcl9waG90by5DMyJ9&_nc_ohc=ydM-R8J21eIQ7kNvwEeklkt&_nc_oc=AdratrKY-tPFD-uUWliBbti6lQ0YnO7pxm-Nbe2psNN_nNby6Wz71gaZuPJDfOgPDtz1qMbSeo4YKHl-Ku7byIHN&_nc_ad=z-m&_nc_cid=0&_nc_zt=23&_nc_ht=scontent-nrt6-1.cdninstagram.com&_nc_gid=lAGGb0982PGD7jUIo2QSQQ&_nc_ss=7a22e&oh=00_AQKhDs3JBK6w4VaHXkSlKubO8OUe9oDY6yALrNKdkPxUJQ&oe=6AA1D51F,https://www.instagram.com/p/DcuWeMKD352/
Mercado Talismã,Hortifruti / Ovos,Batata Doce kg,1.99,04/09/2026,https://scontent-muc2-1.cdninstagram.com/v/t51.82787-15/793678481_18094598282531849_5028846053294443233_n.jpg?stp=dst-jpg_e35_tt6&_nc_cat=110&ig_cache_key=Mzk3ODcwMzM4MjgyMjQ2NTc2NA%3D%3D.3-ccb7-5&ccb=7-5&_nc_sid=58cdad&efg=eyJ2ZW5jb2RlX3RhZyI6IkNBUk9VU0VMX0lURU0ueHBpZHMuMTI1NC5zZHIucmVndWxhcl9waG90by5DMyJ9&_nc_ohc=0iF-SQW13tkQ7kNvwG8A-L5&_nc_oc=AdqTml2DESNnsysDxw3wprHlwqyNphbthK0miRAZj2E40sZ884XgWbqG6HXMRaXRYv8&_nc_ad=z-m&_nc_cid=0&_nc_zt=23&_nc_ht=scontent-muc2-1.cdninstagram.com&_nc_gid=xxlDQo_jnxsmP_oMWXLPLw&_nc_ss=7a22e&oh=00_AQIC5Xo49YOwxl8OuVyvsCpoBuAH2xktZUSFtNcHvVwljg&oe=6AA1FC24,https://www.instagram.com/p/Dc3Mb-nEUhr/
Bom Jesus Primavera do Leste 🛒,Hortifruti / Ovos,Alho 100g,2.49,31/08/2026,https://scontent-waw2-2.cdninstagram.com/v/t51.82787-15/789959440_18375342295237813_1330432405373791908_n.jpg?stp=dst-jpg_e35_tt6&_nc_cat=106&ig_cache_key=Mzk3NTgyNzIxNzYyMjY1MTcwMQ%3D%3D.3-ccb7-5&ccb=7-5&_nc_sid=58cdad&efg=eyJ2ZW5jb2RlX3RhZyI6IkNBUk9VU0VMX0lURU0ueHBpZHMuMTA4MC5zZHIucmVndWxhcl9waG90by5DMyJ9&_nc_ohc=czJFE5DegHQQ7kNvwFtDeEs&_nc_oc=Ado5T4ou8zI9ALNVOTDJlxEjFLkkkPGlcCIQ_Tj_zO14p9VlQSWFbMaSZXOg_cPAG78&_nc_ad=z-m&_nc_cid=0&_nc_zt=23&_nc_ht=scontent-waw2-2.cdninstagram.com&_nc_gid=47q8dFVkkb6kfvhX0YgIZA&_nc_ss=7a22e&oh=00_AQKZe8oFME7EzmXKhHZQLkk1rCVscH7SRPqu3z9oe3em0g&oe=6AA1D3DF,https://www.instagram.com/p/Dcs-drSFpzk/
Mercado Talismã,Hortifruti / Ovos,Laranja Pera Rio kg,2.49,04/09/2026,https://scontent-muc2-1.cdninstagram.com/v/t51.82787-15/793678481_18094598282531849_5028846053294443233_n.jpg?stp=dst-jpg_e35_tt6&_nc_cat=110&ig_cache_key=Mzk3ODcwMzM4MjgyMjQ2NTc2NA%3D%3D.3-ccb7-5&ccb=7-5&_nc_sid=58cdad&efg=eyJ2ZW5jb2RlX3RhZyI6IkNBUk9VU0VMX0lURU0ueHBpZHMuMTI1NC5zZHIucmVndWxhcl9waG90by5DMyJ9&_nc_ohc=0iF-SQW13tkQ7kNvwG8A-L5&_nc_oc=AdqTml2DESNnsysDxw3wprHlwqyNphbthK0miRAZj2E40sZ884XgWbqG6HXMRaXRYv8&_nc_ad=z-m&_nc_cid=0&_nc_zt=23&_nc_ht=scontent-muc2-1.cdninstagram.com&_nc_gid=xxlDQo_jnxsmP_oMWXLPLw&_nc_ss=7a22e&oh=00_AQIC5Xo49YOwxl8OuVyvsCpoBuAH2xktZUSFtNcHvVwljg&oe=6AA1FC24,https://www.instagram.com/p/Dc3Mb-nEUhr/
Super Compras Supermercado,Hortifruti / Ovos,Laranja kg,2.89,31/08/2026,https://scontent-iad3-1.cdninstagram.com/v/t51.82787-15/790058600_18193115956391764_8827572755741076576_n.jpg?stp=dst-jpg_e35_tt6&_nc_cat=104&ig_cache_key=Mzk3NTQ2MjIwNjUyNzY2NTkwOQ%3D%3D.3-ccb7-5&ccb=7-5&_nc_sid=58cdad&efg=eyJ2ZW5jb2RlX3RhZyI6IkNBUk9VU0VMX0lURU0ueHBpZHMuMTQ0MC5zZHIucmVndWxhcl9waG90by5DMyJ9&_nc_ohc=EnzUVY65akoQ7kNvwEzO0lO&_nc_oc=Adqw8a08WC48pOAwWTIauoIt2cBEsVPZEw-Uz6y_BL1QNV9pxBx_I9dt6mPwy0sWl8k&_nc_ad=z-m&_nc_cid=0&_nc_zt=23&_nc_ht=scontent-iad3-1.cdninstagram.com&_nc_gid=O8VmzZK6zjT42mNrWlVNkw&_nc_ss=7a22e&oh=00_AQJwQ131cjT23Bd4ew49cdvC5bL_gsehtEn8e571PZ9mBg&oe=6AA201F6,https://www.instagram.com/p/DcrreFFEorJ/
Super Compras Supermercado,Hortifruti / Ovos,Melancia kg,2.99,31/08/2026,https://scontent-iad3-1.cdninstagram.com/v/t51.82787-15/790058600_18193115956391764_8827572755741076576_n.jpg?stp=dst-jpg_e35_tt6&_nc_cat=104&ig_cache_key=Mzk3NTQ2MjIwNjUyNzY2NTkwOQ%3D%3D.3-ccb7-5&ccb=7-5&_nc_sid=58cdad&efg=eyJ2ZW5jb2RlX3RhZyI6IkNBUk9VU0VMX0lURU0ueHBpZHMuMTQ0MC5zZHIucmVndWxhcl9waG90by5DMyJ9&_nc_ohc=EnzUVY65akoQ7kNvwEzO0lO&_nc_oc=Adqw8a08WC48pOAwWTIauoIt2cBEsVPZEw-Uz6y_BL1QNV9pxBx_I9dt6mPwy0sWl8k&_nc_ad=z-m&_nc_cid=0&_nc_zt=23&_nc_ht=scontent-iad3-1.cdninstagram.com&_nc_gid=O8VmzZK6zjT42mNrWlVNkw&_nc_ss=7a22e&oh=00_AQJwQ131cjT23Bd4ew49cdvC5bL_gsehtEn8e571PZ9mBg&oe=6AA201F6,https://www.instagram.com/p/DcrreFFEorJ/
Bom Jesus Primavera do Leste 🛒,Hortifruti / Ovos,Laranja Nacional kg,2.99,31/08/2026,https://scontent-waw2-2.cdninstagram.com/v/t51.82787-15/790113394_18375342289237813_7246427130316640513_n.jpg?stp=dst-jpg_e35_tt6&_nc_cat=106&ig_cache_key=Mzk3NTgyNzIxNzI3MDIwNjY3Mg%3D%3D.3-ccb7-5&ccb=7-5&_nc_sid=58cdad&efg=eyJ2ZW5jb2RlX3RhZyI6IkNBUk9VU0VMX0lURU0ueHBpZHMuMTA4MC5zZHIucmVndWxhcl9waG90by5DMyJ9&_nc_ohc=n2Tc7CriGL0Q7kNvwFklloW&_nc_oc=AdrEXwOWL3Q2EAr2KBivgUgWeNuoEJbIWIApyYAU4_84yrWAdrkwXbMgj8yB_k7cvJo&_nc_ad=z-m&_nc_cid=0&_nc_zt=23&_nc_ht=scontent-waw2-2.cdninstagram.com&_nc_gid=47q8dFVkkb6kfvhX0YgIZA&_nc_ss=7a22e&oh=00_AQI8HOplnFJBS8OSsgeZVhEV-ifOQxO0IivYZw4olklL3A&oe=6AA1FFCF,https://www.instagram.com/p/Dcs-drSFpzk/
Supermercado Tuiuiú,Hortifruti / Ovos,Mamão Formosa kg,3.99,01/09/2026,https://scontent-waw2-2.cdninstagram.com/v/t51.82787-15/792157881_18583231936067900_538538836680436786_n.jpg?stp=dst-jpg_e35_tt6&_nc_cat=107&ig_cache_key=Mzk3NjYyMDY2OTY1OTg1NDQzMw%3D%3D.3-ccb7-5&ccb=7-5&_nc_sid=58cdad&efg=eyJ2ZW5jb2RlX3RhZyI6IkZFRUQueHBpZHMuMTA4MC5zZHIucmVndWxhcl9waG90by5DMyJ9&_nc_ohc=r6NXMp_Ye48Q7kNvwGnF0mb&_nc_oc=AdoL1AfRgOkkIEi7XEDWZu4oEnKRgIG4wCycaGbwDxUUfjiMYMLaN2113jDbMvEehSU&_nc_ad=z-m&_nc_cid=0&_nc_zt=23&_nc_ht=scontent-waw2-2.cdninstagram.com&_nc_gid=BcZWYfuF9VA_wz0ESJ8w8w&_nc_ss=7a22e&oh=00_AQKSOisu_rLfcSdDaIikTrf6qVJbNaWjUGvKs1Qziia23g&oe=6AA1DFDD,https://www.instagram.com/p/Dcvy24VjTZh/
Super Compras Supermercado,Hortifruti / Ovos,Banana Nanica kg,3.99,31/08/2026,https://scontent-iad3-2.cdninstagram.com/v/t51.82787-15/791974186_18193115938391764_5859732845031236442_n.jpg?stp=dst-jpg_e35_tt6&_nc_cat=105&ig_cache_key=Mzk3NTQ2MjE2MTk0MjIyOTY3Mg%3D%3D.3-ccb7-5&ccb=7-5&_nc_sid=58cdad&efg=eyJ2ZW5jb2RlX3RhZyI6IkNBUk9VU0VMX0lURU0ueHBpZHMuMTQ0MC5zZHIucmVndWxhcl9waG90by5DMyJ9&_nc_ohc=tPx9Y0j56JUQ7kNvwHvP4g1&_nc_oc=AdoMfs8co1mOrDKbTqcJX_y7gLKY0ibGl1h8NtgJIJK8mEHSNKppGUNZiU_u48-Iv-s&_nc_ad=z-m&_nc_cid=0&_nc_zt=23&_nc_ht=scontent-iad3-2.cdninstagram.com&_nc_gid=O8VmzZK6zjT42mNrWlVNkw&_nc_ss=7a22e&oh=00_AQLTaiOVhNCjAhU9M2KO3sUP--fK0-tJOR8eiInubjrjeg&oe=6AA1CFB6,https://www.instagram.com/p/DcrreFFEorJ/
Super Compras Supermercado,Hortifruti / Ovos,Batata kg,4.89,31/08/2026,https://scontent-iad3-1.cdninstagram.com/v/t51.82787-15/790058600_18193115956391764_8827572755741076576_n.jpg?stp=dst-jpg_e35_tt6&_nc_cat=104&ig_cache_key=Mzk3NTQ2MjIwNjUyNzY2NTkwOQ%3D%3D.3-ccb7-5&ccb=7-5&_nc_sid=58cdad&efg=eyJ2ZW5jb2RlX3RhZyI6IkNBUk9VU0VMX0lURU0ueHBpZHMuMTQ0MC5zZHIucmVndWxhcl9waG90by5DMyJ9&_nc_ohc=EnzUVY65akoQ7kNvwEzO0lO&_nc_oc=Adqw8a08WC48pOAwWTIauoIt2cBEsVPZEw-Uz6y_BL1QNV9pxBx_I9dt6mPwy0sWl8k&_nc_ad=z-m&_nc_cid=0&_nc_zt=23&_nc_ht=scontent-iad3-1.cdninstagram.com&_nc_gid=O8VmzZK6zjT42mNrWlVNkw&_nc_ss=7a22e&oh=00_AQJwQ131cjT23Bd4ew49cdvC5bL_gsehtEn8e571PZ9mBg&oe=6AA201F6,https://www.instagram.com/p/DcrreFFEorJ/
Super Compras Supermercado,Hortifruti / Ovos,Abacate kg,4.99,31/08/2026,https://scontent-iad3-1.cdninstagram.com/v/t51.82787-15/790058600_18193115956391764_8827572755741076576_n.jpg?stp=dst-jpg_e35_tt6&_nc_cat=104&ig_cache_key=Mzk3NTQ2MjIwNjUyNzY2NTkwOQ%3D%3D.3-ccb7-5&ccb=7-5&_nc_sid=58cdad&efg=eyJ2ZW5jb2RlX3RhZyI6IkNBUk9VU0VMX0lURU0ueHBpZHMuMTQ0MC5zZHIucmVndWxhcl9waG90by5DMyJ9&_nc_ohc=EnzUVY65akoQ7kNvwEzO0lO&_nc_oc=Adqw8a08WC48pOAwWTIauoIt2cBEsVPZEw-Uz6y_BL1QNV9pxBx_I9dt6mPwy0sWl8k&_nc_ad=z-m&_nc_cid=0&_nc_zt=23&_nc_ht=scontent-iad3-1.cdninstagram.com&_nc_gid=O8VmzZK6zjT42mNrWlVNkw&_nc_ss=7a22e&oh=00_AQJwQ131cjT23Bd4ew49cdvC5bL_gsehtEn8e571PZ9mBg&oe=6AA201F6,https://www.instagram.com/p/DcrreFFEorJ/
Bom Jesus Primavera do Leste 🛒,Hortifruti / Ovos,Batata Doce kg,4.99,31/08/2026,https://scontent-waw2-2.cdninstagram.com/v/t51.82787-15/789959440_18375342295237813_1330432405373791908_n.jpg?stp=dst-jpg_e35_tt6&_nc_cat=106&ig_cache_key=Mzk3NTgyNzIxNzYyMjY1MTcwMQ%3D%3D.3-ccb7-5&ccb=7-5&_nc_sid=58cdad&efg=eyJ2ZW5jb2RlX3RhZyI6IkNBUk9VU0VMX0lURU0ueHBpZHMuMTA4MC5zZHIucmVndWxhcl9waG90by5DMyJ9&_nc_ohc=czJFE5DegHQQ7kNvwFtDeEs&_nc_oc=Ado5T4ou8zI9ALNVOTDJlxEjFLkkkPGlcCIQ_Tj_zO14p9VlQSWFbMaSZXOg_cPAG78&_nc_ad=z-m&_nc_cid=0&_nc_zt=23&_nc_ht=scontent-waw2-2.cdninstagram.com&_nc_gid=47q8dFVkkb6kfvhX0YgIZA&_nc_ss=7a22e&oh=00_AQKZe8oFME7EzmXKhHZQLkk1rCVscH7SRPqu3z9oe3em0g&oe=6AA1D3DF,https://www.instagram.com/p/Dcs-drSFpzk/
Bom Jesus Primavera do Leste 🛒,Hortifruti / Ovos,Abacate kg,4.99,31/08/2026,https://scontent-waw2-2.cdninstagram.com/v/t51.82787-15/790113394_18375342289237813_7246427130316640513_n.jpg?stp=dst-jpg_e35_tt6&_nc_cat=106&ig_cache_key=Mzk3NTgyNzIxNzI3MDIwNjY3Mg%3D%3D.3-ccb7-5&ccb=7-5&_nc_sid=58cdad&efg=eyJ2ZW5jb2RlX3RhZyI6IkNBUk9VU0VMX0lURU0ueHBpZHMuMTA4MC5zZHIucmVndWxhcl9waG90by5DMyJ9&_nc_ohc=n2Tc7CriGL0Q7kNvwFklloW&_nc_oc=AdrEXwOWL3Q2EAr2KBivgUgWeNuoEJbIWIApyYAU4_84yrWAdrkwXbMgj8yB_k7cvJo&_nc_ad=z-m&_nc_cid=0&_nc_zt=23&_nc_ht=scontent-waw2-2.cdninstagram.com&_nc_gid=47q8dFVkkb6kfvhX0YgIZA&_nc_ss=7a22e&oh=00_AQI8HOplnFJBS8OSsgeZVhEV-ifOQxO0IivYZw4olklL3A&oe=6AA1FFCF,https://www.instagram.com/p/Dcs-drSFpzk/
Bom Jesus Primavera do Leste 🛒,Hortifruti / Ovos,Banana Nanica kg,4.99,31/08/2026,https://scontent-waw2-2.cdninstagram.com/v/t51.82787-15/790113394_18375342289237813_7246427130316640513_n.jpg?stp=dst-jpg_e35_tt6&_nc_cat=106&ig_cache_key=Mzk3NTgyNzIxNzI3MDIwNjY3Mg%3D%3D.3-ccb7-5&ccb=7-5&_nc_sid=58cdad&efg=eyJ2ZW5jb2RlX3RhZyI6IkNBUk9VU0VMX0lURU0ueHBpZHMuMTA4MC5zZHIucmVndWxhcl9waG90by5DMyJ9&_nc_ohc=n2Tc7CriGL0Q7kNvwFklloW&_nc_oc=AdrEXwOWL3Q2EAr2KBivgUgWeNuoEJbIWIApyYAU4_84yrWAdrkwXbMgj8yB_k7cvJo&_nc_ad=z-m&_nc_cid=0&_nc_zt=23&_nc_ht=scontent-waw2-2.cdninstagram.com&_nc_gid=47q8dFVkkb6kfvhX0YgIZA&_nc_ss=7a22e&oh=00_AQI8HOplnFJBS8OSsgeZVhEV-ifOQxO0IivYZw4olklL3A&oe=6AA1FFCF,https://www.instagram.com/p/Dcs-drSFpzk/
Mercado Talismã,Hortifruti / Ovos,Tomate Longa Vida kg,4.99,04/09/2026,https://scontent-muc2-1.cdninstagram.com/v/t51.82787-15/793678481_18094598282531849_5028846053294443233_n.jpg?stp=dst-jpg_e35_tt6&_nc_cat=110&ig_cache_key=Mzk3ODcwMzM4MjgyMjQ2NTc2NA%3D%3D.3-ccb7-5&ccb=7-5&_nc_sid=58cdad&efg=eyJ2ZW5jb2RlX3RhZyI6IkNBUk9VU0VMX0lURU0ueHBpZHMuMTI1NC5zZHIucmVndWxhcl9waG90by5DMyJ9&_nc_ohc=0iF-SQW13tkQ7kNvwG8A-L5&_nc_oc=AdqTml2DESNnsysDxw3wprHlwqyNphbthK0miRAZj2E40sZ884XgWbqG6HXMRaXRYv8&_nc_ad=z-m&_nc_cid=0&_nc_zt=23&_nc_ht=scontent-muc2-1.cdninstagram.com&_nc_gid=xxlDQo_jnxsmP_oMWXLPLw&_nc_ss=7a22e&oh=00_AQIC5Xo49YOwxl8OuVyvsCpoBuAH2xktZUSFtNcHvVwljg&oe=6AA1FC24,https://www.instagram.com/p/Dc3Mb-nEUhr/
Mercado Talismã,Hortifruti / Ovos,Tomate Saladete kg,4.99,04/09/2026,https://scontent-muc2-1.cdninstagram.com/v/t51.82787-15/793678481_18094598282531849_5028846053294443233_n.jpg?stp=dst-jpg_e35_tt6&_nc_cat=110&ig_cache_key=Mzk3ODcwMzM4MjgyMjQ2NTc2NA%3D%3D.3-ccb7-5&ccb=7-5&_nc_sid=58cdad&efg=eyJ2ZW5jb2RlX3RhZyI6IkNBUk9VU0VMX0lURU0ueHBpZHMuMTI1NC5zZHIucmVndWxhcl9waG90by5DMyJ9&_nc_ohc=0iF-SQW13tkQ7kNvwG8A-L5&_nc_oc=AdqTml2DESNnsysDxw3wprHlwqyNphbthK0miRAZj2E40sZ884XgWbqG6HXMRaXRYv8&_nc_ad=z-m&_nc_cid=0&_nc_zt=23&_nc_ht=scontent-muc2-1.cdninstagram.com&_nc_gid=xxlDQo_jnxsmP_oMWXLPLw&_nc_ss=7a22e&oh=00_AQIC5Xo49YOwxl8OuVyvsCpoBuAH2xktZUSFtNcHvVwljg&oe=6AA1FC24,https://www.instagram.com/p/Dc3Mb-nEUhr/
Mercado Talismã,Hortifruti / Ovos,Cenoura kg,5.49,04/09/2026,https://scontent-muc2-1.cdninstagram.com/v/t51.82787-15/793678481_18094598282531849_5028846053294443233_n.jpg?stp=dst-jpg_e35_tt6&_nc_cat=110&ig_cache_key=Mzk3ODcwMzM4MjgyMjQ2NTc2NA%3D%3D.3-ccb7-5&ccb=7-5&_nc_sid=58cdad&efg=eyJ2ZW5jb2RlX3RhZyI6IkNBUk9VU0VMX0lURU0ueHBpZHMuMTI1NC5zZHIucmVndWxhcl9waG90by5DMyJ9&_nc_ohc=0iF-SQW13tkQ7kNvwG8A-L5&_nc_oc=AdqTml2DESNnsysDxw3wprHlwqyNphbthK0miRAZj2E40sZ884XgWbqG6HXMRaXRYv8&_nc_ad=z-m&_nc_cid=0&_nc_zt=23&_nc_ht=scontent-muc2-1.cdninstagram.com&_nc_gid=xxlDQo_jnxsmP_oMWXLPLw&_nc_ss=7a22e&oh=00_AQIC5Xo49YOwxl8OuVyvsCpoBuAH2xktZUSFtNcHvVwljg&oe=6AA1FC24,https://www.instagram.com/p/Dc3Mb-nEUhr/
Super Compras Supermercado,Hortifruti / Ovos,Cenoura kg,5.89,31/08/2026,https://scontent-iad3-1.cdninstagram.com/v/t51.82787-15/790058600_18193115956391764_8827572755741076576_n.jpg?stp=dst-jpg_e35_tt6&_nc_cat=104&ig_cache_key=Mzk3NTQ2MjIwNjUyNzY2NTkwOQ%3D%3D.3-ccb7-5&ccb=7-5&_nc_sid=58cdad&efg=eyJ2ZW5jb2RlX3RhZyI6IkNBUk9VU0VMX0lURU0ueHBpZHMuMTQ0MC5zZHIucmVndWxhcl9waG90by5DMyJ9&_nc_ohc=EnzUVY65akoQ7kNvwEzO0lO&_nc_oc=Adqw8a08WC48pOAwWTIauoIt2cBEsVPZEw-Uz6y_BL1QNV9pxBx_I9dt6mPwy0sWl8k&_nc_ad=z-m&_nc_cid=0&_nc_zt=23&_nc_ht=scontent-iad3-1.cdninstagram.com&_nc_gid=O8VmzZK6zjT42mNrWlVNkw&_nc_ss=7a22e&oh=00_AQJwQ131cjT23Bd4ew49cdvC5bL_gsehtEn8e571PZ9mBg&oe=6AA201F6,https://www.instagram.com/p/DcrreFFEorJ/
Super Compras Supermercado,Hortifruti / Ovos,Mamão kg,5.99,31/08/2026,https://scontent-iad3-2.cdninstagram.com/v/t51.82787-15/791974186_18193115938391764_5859732845031236442_n.jpg?stp=dst-jpg_e35_tt6&_nc_cat=105&ig_cache_key=Mzk3NTQ2MjE2MTk0MjIyOTY3Mg%3D%3D.3-ccb7-5&ccb=7-5&_nc_sid=58cdad&efg=eyJ2ZW5jb2RlX3RhZyI6IkNBUk9VU0VMX0lURU0ueHBpZHMuMTQ0MC5zZHIucmVndWxhcl9waG90by5DMyJ9&_nc_ohc=tPx9Y0j56JUQ7kNvwHvP4g1&_nc_oc=AdoMfs8co1mOrDKbTqcJX_y7gLKY0ibGl1h8NtgJIJK8mEHSNKppGUNZiU_u48-Iv-s&_nc_ad=z-m&_nc_cid=0&_nc_zt=23&_nc_ht=scontent-iad3-2.cdninstagram.com&_nc_gid=O8VmzZK6zjT42mNrWlVNkw&_nc_ss=7a22e&oh=00_AQLTaiOVhNCjAhU9M2KO3sUP--fK0-tJOR8eiInubjrjeg&oe=6AA1CFB6,https://www.instagram.com/p/DcrreFFEorJ/
Super Compras Supermercado,Hortifruti / Ovos,Maçã Nacional kg,5.99,31/08/2026,https://scontent-iad3-2.cdninstagram.com/v/t51.82787-15/791974186_18193115938391764_5859732845031236442_n.jpg?stp=dst-jpg_e35_tt6&_nc_cat=105&ig_cache_key=Mzk3NTQ2MjE2MTk0MjIyOTY3Mg%3D%3D.3-ccb7-5&ccb=7-5&_nc_sid=58cdad&efg=eyJ2ZW5jb2RlX3RhZyI6IkNBUk9VU0VMX0lURU0ueHBpZHMuMTQ0MC5zZHIucmVndWxhcl9waG90by5DMyJ9&_nc_ohc=tPx9Y0j56JUQ7kNvwHvP4g1&_nc_oc=AdoMfs8co1mOrDKbTqcJX_y7gLKY0ibGl1h8NtgJIJK8mEHSNKppGUNZiU_u48-Iv-s&_nc_ad=z-m&_nc_cid=0&_nc_zt=23&_nc_ht=scontent-iad3-2.cdninstagram.com&_nc_gid=O8VmzZK6zjT42mNrWlVNkw&_nc_ss=7a22e&oh=00_AQLTaiOVhNCjAhU9M2KO3sUP--fK0-tJOR8eiInubjrjeg&oe=6AA1CFB6,https://www.instagram.com/p/DcrreFFEorJ/
Bom Jesus Primavera do Leste 🛒,Hortifruti / Ovos,Cebola kg,5.99,31/08/2026,https://scontent-waw2-2.cdninstagram.com/v/t51.82787-15/789959440_18375342295237813_1330432405373791908_n.jpg?stp=dst-jpg_e35_tt6&_nc_cat=106&ig_cache_key=Mzk3NTgyNzIxNzYyMjY1MTcwMQ%3D%3D.3-ccb7-5&ccb=7-5&_nc_sid=58cdad&efg=eyJ2ZW5jb2RlX3RhZyI6IkNBUk9VU0VMX0lURU0ueHBpZHMuMTA4MC5zZHIucmVndWxhcl9waG90by5DMyJ9&_nc_ohc=czJFE5DegHQQ7kNvwFtDeEs&_nc_oc=Ado5T4ou8zI9ALNVOTDJlxEjFLkkkPGlcCIQ_Tj_zO14p9VlQSWFbMaSZXOg_cPAG78&_nc_ad=z-m&_nc_cid=0&_nc_zt=23&_nc_ht=scontent-waw2-2.cdninstagram.com&_nc_gid=47q8dFVkkb6kfvhX0YgIZA&_nc_ss=7a22e&oh=00_AQKZe8oFME7EzmXKhHZQLkk1rCVscH7SRPqu3z9oe3em0g&oe=6AA1D3DF,https://www.instagram.com/p/Dcs-drSFpzk/
Bom Jesus Primavera do Leste 🛒,Hortifruti / Ovos,Cenoura kg,5.99,31/08/2026,https://scontent-waw2-2.cdninstagram.com/v/t51.82787-15/789347696_18375342277237813_6064801299202853606_n.jpg?stp=dst-jpg_e35_tt6&_nc_cat=107&ig_cache_key=Mzk3NTgyNzIxNjQ0NzcwODI2Nw%3D%3D.3-ccb7-5&ccb=7-5&_nc_sid=58cdad&efg=eyJ2ZW5jb2RlX3RhZyI6IkNBUk9VU0VMX0lURU0ueHBpZHMuMTA4MC5zZHIucmVndWxhcl9waG90by5DMyJ9&_nc_ohc=48Dz3w4CG44Q7kNvwF7vPMp&_nc_oc=Adq-zArNteJntr64-Oc7rUksLq9u4zVGEq2bBVDl9d4dwWEyGRUAcp_sZKcgQHtrlYg&_nc_ad=z-m&_nc_cid=0&_nc_zt=23&_nc_ht=scontent-waw2-2.cdninstagram.com&_nc_gid=47q8dFVkkb6kfvhX0YgIZA&_nc_ss=7a22e&oh=00_AQKUba56GSiAivaUV5-uvb9J5kv0ZCvIBRn_8aHsz7a82A&oe=6AA1E99E,https://www.instagram.com/p/Dcs-drSFpzk/
Mercado Talismã,Hortifruti / Ovos,Banana da Terra kg,6.49,04/09/2026,https://scontent-muc2-1.cdninstagram.com/v/t51.82787-15/793678481_18094598282531849_5028846053294443233_n.jpg?stp=dst-jpg_e35_tt6&_nc_cat=110&ig_cache_key=Mzk3ODcwMzM4MjgyMjQ2NTc2NA%3D%3D.3-ccb7-5&ccb=7-5&_nc_sid=58cdad&efg=eyJ2ZW5jb2RlX3RhZyI6IkNBUk9VU0VMX0lURU0ueHBpZHMuMTI1NC5zZHIucmVndWxhcl9waG90by5DMyJ9&_nc_ohc=0iF-SQW13tkQ7kNvwG8A-L5&_nc_oc=AdqTml2DESNnsysDxw3wprHlwqyNphbthK0miRAZj2E40sZ884XgWbqG6HXMRaXRYv8&_nc_ad=z-m&_nc_cid=0&_nc_zt=23&_nc_ht=scontent-muc2-1.cdninstagram.com&_nc_gid=xxlDQo_jnxsmP_oMWXLPLw&_nc_ss=7a22e&oh=00_AQIC5Xo49YOwxl8OuVyvsCpoBuAH2xktZUSFtNcHvVwljg&oe=6AA1FC24,https://www.instagram.com/p/Dc3Mb-nEUhr/
Super Compras Supermercado,Hortifruti / Ovos,Melão kg,6.89,31/08/2026,https://scontent-iad3-1.cdninstagram.com/v/t51.82787-15/790058600_18193115956391764_8827572755741076576_n.jpg?stp=dst-jpg_e35_tt6&_nc_cat=104&ig_cache_key=Mzk3NTQ2MjIwNjUyNzY2NTkwOQ%3D%3D.3-ccb7-5&ccb=7-5&_nc_sid=58cdad&efg=eyJ2ZW5jb2RlX3RhZyI6IkNBUk9VU0VMX0lURU0ueHBpZHMuMTQ0MC5zZHIucmVndWxhcl9waG90by5DMyJ9&_nc_ohc=EnzUVY65akoQ7kNvwEzO0lO&_nc_oc=Adqw8a08WC48pOAwWTIauoIt2cBEsVPZEw-Uz6y_BL1QNV9pxBx_I9dt6mPwy0sWl8k&_nc_ad=z-m&_nc_cid=0&_nc_zt=23&_nc_ht=scontent-iad3-1.cdninstagram.com&_nc_gid=O8VmzZK6zjT42mNrWlVNkw&_nc_ss=7a22e&oh=00_AQJwQ131cjT23Bd4ew49cdvC5bL_gsehtEn8e571PZ9mBg&oe=6AA201F6,https://www.instagram.com/p/DcrreFFEorJ/
Bom Jesus Primavera do Leste 🛒,Hortifruti / Ovos,Mamão Formoso kg,6.99,31/08/2026,https://scontent-waw2-2.cdninstagram.com/v/t51.82787-15/790113394_18375342289237813_7246427130316640513_n.jpg?stp=dst-jpg_e35_tt6&_nc_cat=106&ig_cache_key=Mzk3NTgyNzIxNzI3MDIwNjY3Mg%3D%3D.3-ccb7-5&ccb=7-5&_nc_sid=58cdad&efg=eyJ2ZW5jb2RlX3RhZyI6IkNBUk9VU0VMX0lURU0ueHBpZHMuMTA4MC5zZHIucmVndWxhcl9waG90by5DMyJ9&_nc_ohc=n2Tc7CriGL0Q7kNvwFklloW&_nc_oc=AdrEXwOWL3Q2EAr2KBivgUgWeNuoEJbIWIApyYAU4_84yrWAdrkwXbMgj8yB_k7cvJo&_nc_ad=z-m&_nc_cid=0&_nc_zt=23&_nc_ht=scontent-waw2-2.cdninstagram.com&_nc_gid=47q8dFVkkb6kfvhX0YgIZA&_nc_ss=7a22e&oh=00_AQI8HOplnFJBS8OSsgeZVhEV-ifOQxO0IivYZw4olklL3A&oe=6AA1FFCF,https://www.instagram.com/p/Dcs-drSFpzk/
Super Compras Supermercado,Hortifruti / Ovos,Tomate kg,7.99,31/08/2026,https://scontent-iad3-2.cdninstagram.com/v/t51.82787-15/791974186_18193115938391764_5859732845031236442_n.jpg?stp=dst-jpg_e35_tt6&_nc_cat=105&ig_cache_key=Mzk3NTQ2MjE2MTk0MjIyOTY3Mg%3D%3D.3-ccb7-5&ccb=7-5&_nc_sid=58cdad&efg=eyJ2ZW5jb2RlX3RhZyI6IkNBUk9VU0VMX0lURU0ueHBpZHMuMTQ0MC5zZHIucmVndWxhcl9waG90by5DMyJ9&_nc_ohc=tPx9Y0j56JUQ7kNvwHvP4g1&_nc_oc=AdoMfs8co1mOrDKbTqcJX_y7gLKY0ibGl1h8NtgJIJK8mEHSNKppGUNZiU_u48-Iv-s&_nc_ad=z-m&_nc_cid=0&_nc_zt=23&_nc_ht=scontent-iad3-2.cdninstagram.com&_nc_gid=O8VmzZK6zjT42mNrWlVNkw&_nc_ss=7a22e&oh=00_AQLTaiOVhNCjAhU9M2KO3sUP--fK0-tJOR8eiInubjrjeg&oe=6AA1CFB6,https://www.instagram.com/p/DcrreFFEorJ/
Bom Jesus Primavera do Leste 🛒,Hortifruti / Ovos,Tomate kg,8.99,31/08/2026,https://scontent-waw2-2.cdninstagram.com/v/t51.82787-15/790113394_18375342289237813_7246427130316640513_n.jpg?stp=dst-jpg_e35_tt6&_nc_cat=106&ig_cache_key=Mzk3NTgyNzIxNzI3MDIwNjY3Mg%3D%3D.3-ccb7-5&ccb=7-5&_nc_sid=58cdad&efg=eyJ2ZW5jb2RlX3RhZyI6IkNBUk9VU0VMX0lURU0ueHBpZHMuMTA4MC5zZHIucmVndWxhcl9waG90by5DMyJ9&_nc_ohc=n2Tc7CriGL0Q7kNvwFklloW&_nc_oc=AdrEXwOWL3Q2EAr2KBivgUgWeNuoEJbIWIApyYAU4_84yrWAdrkwXbMgj8yB_k7cvJo&_nc_ad=z-m&_nc_cid=0&_nc_zt=23&_nc_ht=scontent-waw2-2.cdninstagram.com&_nc_gid=47q8dFVkkb6kfvhX0YgIZA&_nc_ss=7a22e&oh=00_AQI8HOplnFJBS8OSsgeZVhEV-ifOQxO0IivYZw4olklL3A&oe=6AA1FFCF,https://www.instagram.com/p/Dcs-drSFpzk/
Bom Jesus Primavera do Leste 🛒,Hortifruti / Ovos,Uva Vitória 500g,8.99,31/08/2026,https://scontent-waw2-2.cdninstagram.com/v/t51.82787-15/790113394_18375342289237813_7246427130316640513_n.jpg?stp=dst-jpg_e35_tt6&_nc_cat=106&ig_cache_key=Mzk3NTgyNzIxNzI3MDIwNjY3Mg%3D%3D.3-ccb7-5&ccb=7-5&_nc_sid=58cdad&efg=eyJ2ZW5jb2RlX3RhZyI6IkNBUk9VU0VMX0lURU0ueHBpZHMuMTA4MC5zZHIucmVndWxhcl9waG90by5DMyJ9&_nc_ohc=n2Tc7CriGL0Q7kNvwFklloW&_nc_oc=AdrEXwOWL3Q2EAr2KBivgUgWeNuoEJbIWIApyYAU4_84yrWAdrkwXbMgj8yB_k7cvJo&_nc_ad=z-m&_nc_cid=0&_nc_zt=23&_nc_ht=scontent-waw2-2.cdninstagram.com&_nc_gid=47q8dFVkkb6kfvhX0YgIZA&_nc_ss=7a22e&oh=00_AQI8HOplnFJBS8OSsgeZVhEV-ifOQxO0IivYZw4olklL3A&oe=6AA1FFCF,https://www.instagram.com/p/Dcs-drSFpzk/
Mercado Talismã,Hortifruti / Ovos,Uva Thompson,10.99,04/09/2026,https://scontent-muc2-1.cdninstagram.com/v/t51.82787-15/793678481_18094598282531849_5028846053294443233_n.jpg?stp=dst-jpg_e35_tt6&_nc_cat=110&ig_cache_key=Mzk3ODcwMzM4MjgyMjQ2NTc2NA%3D%3D.3-ccb7-5&ccb=7-5&_nc_sid=58cdad&efg=eyJ2ZW5jb2RlX3RhZyI6IkNBUk9VU0VMX0lURU0ueHBpZHMuMTI1NC5zZHIucmVndWxhcl9waG90by5DMyJ9&_nc_ohc=0iF-SQW13tkQ7kNvwG8A-L5&_nc_oc=AdqTml2DESNnsysDxw3wprHlwqyNphbthK0miRAZj2E40sZ884XgWbqG6HXMRaXRYv8&_nc_ad=z-m&_nc_cid=0&_nc_zt=23&_nc_ht=scontent-muc2-1.cdninstagram.com&_nc_gid=xxlDQo_jnxsmP_oMWXLPLw&_nc_ss=7a22e&oh=00_AQIC5Xo49YOwxl8OuVyvsCpoBuAH2xktZUSFtNcHvVwljg&oe=6AA1FC24,https://www.instagram.com/p/Dc3Mb-nEUhr/
Mercado Talismã,Hortifruti / Ovos,Ovos Brancos 30un,13.99,04/09/2026,https://scontent-muc2-1.cdninstagram.com/v/t51.82787-15/793678481_18094598282531849_5028846053294443233_n.jpg?stp=dst-jpg_e35_tt6&_nc_cat=110&ig_cache_key=Mzk3ODcwMzM4MjgyMjQ2NTc2NA%3D%3D.3-ccb7-5&ccb=7-5&_nc_sid=58cdad&efg=eyJ2ZW5jb2RlX3RhZyI6IkNBUk9VU0VMX0lURU0ueHBpZHMuMTI1NC5zZHIucmVndWxhcl9waG90by5DMyJ9&_nc_ohc=0iF-SQW13tkQ7kNvwG8A-L5&_nc_oc=AdqTml2DESNnsysDxw3wprHlwqyNphbthK0miRAZj2E40sZ884XgWbqG6HXMRaXRYv8&_nc_ad=z-m&_nc_cid=0&_nc_zt=23&_nc_ht=scontent-muc2-1.cdninstagram.com&_nc_gid=xxlDQo_jnxsmP_oMWXLPLw&_nc_ss=7a22e&oh=00_AQIC5Xo49YOwxl8OuVyvsCpoBuAH2xktZUSFtNcHvVwljg&oe=6AA1FC24,https://www.instagram.com/p/Dc3Mb-nEUhr/
Supermercado São Pedro,Hortifruti / Ovos,Ovos de Codorna Pinduca 300g,19.99,31/08/2026,https://scontent-cdg4-2.cdninstagram.com/v/t39.30808-6/790341028_1508698111303305_6101754768913825516_n.jpg?stp=c0.0.1638.2048a_dst-jpg_e35_s1638x2048_tt6&_nc_cat=107&ig_cache_key=Mzk3NjE3NTA3NTg4NzQ4NDk5OQ%3D%3D.3-ccb7-5&ccb=7-5&_nc_sid=58cdad&efg=eyJ2ZW5jb2RlX3RhZyI6IkNBUk9VU0VMX0lURU0ueHBpZHMuMTYzOS5zZHIucmVndWxhcl9waG90by5DMyJ9&_nc_ohc=3okOtetE7JoQ7kNvwFdiYSP&_nc_oc=AdruwQ7RYBqChozifVRz-lMJD-lopf6VLGYXYqviECs5n_Yf7S4NqY4qnCB-8cUHNdcPwRRqiQckKVeXe3RFXJHo&_nc_ad=z-m&_nc_cid=0&_nc_zt=23&_nc_ht=scontent-cdg4-2.cdninstagram.com&_nc_gid=KkV6WRYKP9_jb-i1Y8eKbw&_nc_ss=7a22e&oh=00_AQIbehEPo8vK43UkYPz3nnVbRk2WiJCkkzL5cl6w11xvjQ&oe=6AA1EA27,https://www.instagram.com/p/DcuNi7YiX2_/
Machadão Atacadista,Hortifruti / Ovos,Batata Easychef 2kg,20.9,01/09/2026,https://scontent-nrt1-2.cdninstagram.com/v/t39.30808-6/789618270_1363962609157030_3615491432982247221_n.jpg?stp=dst-jpg_e35_tt6&_nc_cat=101&ig_cache_key=Mzk3NjIxNDMzMTkzMDk1NjQzNw%3D%3D.3-ccb7-5&ccb=7-5&_nc_sid=58cdad&efg=eyJ2ZW5jb2RlX3RhZyI6IkNBUk9VU0VMX0lURU0ueHBpZHMuMTYzOC5zZHIucmVndWxhcl9waG90by5DMyJ9&_nc_ohc=LWeQr5ZiUMIQ7kNvwG2EpOW&_nc_oc=AdqTmKj8gPcVQGDJZvbSQiS2g1MfVx7gs5N1SmrN0Cw7uV-z_YRJMK5F8nupD-pCr3qX79cSlQC3hL_FWrV1uvSB&_nc_ad=z-m&_nc_cid=0&_nc_zt=23&_nc_ht=scontent-nrt1-2.cdninstagram.com&_nc_gid=lAGGb0982PGD7jUIo2QSQQ&_nc_ss=7a22e&oh=00_AQKhWRg444QWKGhs6d-h3vLo8t6ZNiKq99X21URU7yJzWA&oe=6AA1F626,https://www.instagram.com/p/DcuWeMKD352/
Machadão Atacadista,Hortifruti / Ovos,Batata Easychef 2kg,20.9,01/09/2026,https://scontent-nrt6-1.cdninstagram.com/v/t39.30808-6/788766900_1363961989157092_7149980708576029676_n.jpg?stp=dst-jpg_e35_tt6&_nc_cat=105&ig_cache_key=Mzk3NjIxNDMzMjMyNTE5OTQzMw%3D%3D.3-ccb7-5&ccb=7-5&_nc_sid=58cdad&efg=eyJ2ZW5jb2RlX3RhZyI6IkNBUk9VU0VMX0lURU0ueHBpZHMuMTYzOC5zZHIucmVndWxhcl9waG90by5DMyJ9&_nc_ohc=vw1LTHI3qF8Q7kNvwEXrSdJ&_nc_oc=AdoyvIq8FIBaRiGmwYlE2xtd86PIXoiFhZ0oX0Wl4h4RfvbrnNi6fAr5hFcGVpJYpVVFueZx_lm-HUYteN507Tn8&_nc_ad=z-m&_nc_cid=0&_nc_zt=23&_nc_ht=scontent-nrt6-1.cdninstagram.com&_nc_gid=lAGGb0982PGD7jUIo2QSQQ&_nc_ss=7a22e&oh=00_AQJgxbXvmanVRNfMygUeg_ZwlDCNW-deQSdj1C1RXnxF_Q&oe=6AA1F2D0,https://www.instagram.com/p/DcuWeMKD352/
Machadão Atacadista,Hortifruti / Ovos,Batata Easychef 2kg,20.9,01/09/2026,https://scontent-nrt1-2.cdninstagram.com/v/t39.30808-6/790209214_1363962295823728_6184311664090934208_n.jpg?stp=dst-jpg_e35_tt6&_nc_cat=101&ig_cache_key=Mzk3NjIxNDMzMTA5MjA0NzE3Mg%3D%3D.3-ccb7-5&ccb=7-5&_nc_sid=58cdad&efg=eyJ2ZW5jb2RlX3RhZyI6IkNBUk9VU0VMX0lURU0ueHBpZHMuMTYzOC5zZHIucmVndWxhcl9waG90by5DMyJ9&_nc_ohc=RBvtfYik74QQ7kNvwHZ03vk&_nc_oc=Adplqmx-VaY-bWG92HbQ3dr7yppIyRkEnutrUSHhupZEDzy1Uhl6Fx7VZCzV4KisBE4zetbu-VhHS7hEC9kXw0Hs&_nc_ad=z-m&_nc_cid=0&_nc_zt=23&_nc_ht=scontent-nrt1-2.cdninstagram.com&_nc_gid=lAGGb0982PGD7jUIo2QSQQ&_nc_ss=7a22e&oh=00_AQLYlzQw4d8rU8cIUjYZf1dqWSkrD5iPGFARWMM2Nk0o1A&oe=6AA1FBAE,https://www.instagram.com/p/DcuWeMKD352/
Machadão Atacadista,Hortifruti / Ovos,Batata Palha Boa 800g,21.99,01/09/2026,https://scontent-nrt1-2.cdninstagram.com/v/t39.30808-6/789618270_1363962609157030_3615491432982247221_n.jpg?stp=dst-jpg_e35_tt6&_nc_cat=101&ig_cache_key=Mzk3NjIxNDMzMTkzMDk1NjQzNw%3D%3D.3-ccb7-5&ccb=7-5&_nc_sid=58cdad&efg=eyJ2ZW5jb2RlX3RhZyI6IkNBUk9VU0VMX0lURU0ueHBpZHMuMTYzOC5zZHIucmVndWxhcl9waG90by5DMyJ9&_nc_ohc=LWeQr5ZiUMIQ7kNvwG2EpOW&_nc_oc=AdqTmKj8gPcVQGDJZvbSQiS2g1MfVx7gs5N1SmrN0Cw7uV-z_YRJMK5F8nupD-pCr3qX79cSlQC3hL_FWrV1uvSB&_nc_ad=z-m&_nc_cid=0&_nc_zt=23&_nc_ht=scontent-nrt1-2.cdninstagram.com&_nc_gid=lAGGb0982PGD7jUIo2QSQQ&_nc_ss=7a22e&oh=00_AQKhWRg444QWKGhs6d-h3vLo8t6ZNiKq99X21URU7yJzWA&oe=6AA1F626,https://www.instagram.com/p/DcuWeMKD352/
Machadão Atacadista,Hortifruti / Ovos,Batata Palha Boa 800g,21.99,01/09/2026,https://scontent-nrt6-1.cdninstagram.com/v/t39.30808-6/788766900_1363961989157092_7149980708576029676_n.jpg?stp=dst-jpg_e35_tt6&_nc_cat=105&ig_cache_key=Mzk3NjIxNDMzMjMyNTE5OTQzMw%3D%3D.3-ccb7-5&ccb=7-5&_nc_sid=58cdad&efg=eyJ2ZW5jb2RlX3RhZyI6IkNBUk9VU0VMX0lURU0ueHBpZHMuMTYzOC5zZHIucmVndWxhcl9waG90by5DMyJ9&_nc_ohc=vw1LTHI3qF8Q7kNvwEXrSdJ&_nc_oc=AdoyvIq8FIBaRiGmwYlE2xtd86PIXoiFhZ0oX0Wl4h4RfvbrnNi6fAr5hFcGVpJYpVVFueZx_lm-HUYteN507Tn8&_nc_ad=z-m&_nc_cid=0&_nc_zt=23&_nc_ht=scontent-nrt6-1.cdninstagram.com&_nc_gid=lAGGb0982PGD7jUIo2QSQQ&_nc_ss=7a22e&oh=00_AQJgxbXvmanVRNfMygUeg_ZwlDCNW-deQSdj1C1RXnxF_Q&oe=6AA1F2D0,https://www.instagram.com/p/DcuWeMKD352/
Machadão Atacadista,Hortifruti / Ovos,Batata Palha Boa 800g,21.99,01/09/2026,https://scontent-nrt1-2.cdninstagram.com/v/t39.30808-6/790209214_1363962295823728_6184311664090934208_n.jpg?stp=dst-jpg_e35_tt6&_nc_cat=101&ig_cache_key=Mzk3NjIxNDMzMTA5MjA0NzE3Mg%3D%3D.3-ccb7-5&ccb=7-5&_nc_sid=58cdad&efg=eyJ2ZW5jb2RlX3RhZyI6IkNBUk9VU0VMX0lURU0ueHBpZHMuMTYzOC5zZHIucmVndWxhcl9waG90by5DMyJ9&_nc_ohc=RBvtfYik74QQ7kNvwHZ03vk&_nc_oc=Adplqmx-VaY-bWG92HbQ3dr7yppIyRkEnutrUSHhupZEDzy1Uhl6Fx7VZCzV4KisBE4zetbu-VhHS7hEC9kXw0Hs&_nc_ad=z-m&_nc_cid=0&_nc_zt=23&_nc_ht=scontent-nrt1-2.cdninstagram.com&_nc_gid=lAGGb0982PGD7jUIo2QSQQ&_nc_ss=7a22e&oh=00_AQLYlzQw4d8rU8cIUjYZf1dqWSkrD5iPGFARWMM2Nk0o1A&oe=6AA1FBAE,https://www.instagram.com/p/DcuWeMKD352/
Machadão Atacadista,Laticínios / Leites e Derivados,Doce de Leite Triângulo Mineiro 400g,5.79,01/09/2026,https://scontent-nrt1-2.cdninstagram.com/v/t39.30808-6/789618270_1363962609157030_3615491432982247221_n.jpg?stp=dst-jpg_e35_tt6&_nc_cat=101&ig_cache_key=Mzk3NjIxNDMzMTkzMDk1NjQzNw%3D%3D.3-ccb7-5&ccb=7-5&_nc_sid=58cdad&efg=eyJ2ZW5jb2RlX3RhZyI6IkNBUk9VU0VMX0lURU0ueHBpZHMuMTYzOC5zZHIucmVndWxhcl9waG90by5DMyJ9&_nc_ohc=LWeQr5ZiUMIQ7kNvwG2EpOW&_nc_oc=AdqTmKj8gPcVQGDJZvbSQiS2g1MfVx7gs5N1SmrN0Cw7uV-z_YRJMK5F8nupD-pCr3qX79cSlQC3hL_FWrV1uvSB&_nc_ad=z-m&_nc_cid=0&_nc_zt=23&_nc_ht=scontent-nrt1-2.cdninstagram.com&_nc_gid=lAGGb0982PGD7jUIo2QSQQ&_nc_ss=7a22e&oh=00_AQKhWRg444QWKGhs6d-h3vLo8t6ZNiKq99X21URU7yJzWA&oe=6AA1F626,https://www.instagram.com/p/DcuWeMKD352/
Machadão Atacadista,Laticínios / Leites e Derivados,Doce de Leite Triângulo Mineiro 400g,5.79,01/09/2026,https://scontent-nrt6-1.cdninstagram.com/v/t39.30808-6/788766900_1363961989157092_7149980708576029676_n.jpg?stp=dst-jpg_e35_tt6&_nc_cat=105&ig_cache_key=Mzk3NjIxNDMzMjMyNTE5OTQzMw%3D%3D.3-ccb7-5&ccb=7-5&_nc_sid=58cdad&efg=eyJ2ZW5jb2RlX3RhZyI6IkNBUk9VU0VMX0lURU0ueHBpZHMuMTYzOC5zZHIucmVndWxhcl9waG90by5DMyJ9&_nc_ohc=vw1LTHI3qF8Q7kNvwEXrSdJ&_nc_oc=AdoyvIq8FIBaRiGmwYlE2xtd86PIXoiFhZ0oX0Wl4h4RfvbrnNi6fAr5hFcGVpJYpVVFueZx_lm-HUYteN507Tn8&_nc_ad=z-m&_nc_cid=0&_nc_zt=23&_nc_ht=scontent-nrt6-1.cdninstagram.com&_nc_gid=lAGGb0982PGD7jUIo2QSQQ&_nc_ss=7a22e&oh=00_AQJgxbXvmanVRNfMygUeg_ZwlDCNW-deQSdj1C1RXnxF_Q&oe=6AA1F2D0,https://www.instagram.com/p/DcuWeMKD352/
Machadão Atacadista,Laticínios / Leites e Derivados,Doce de Leite Triângulo Mineiro 400g,5.79,01/09/2026,https://scontent-nrt1-2.cdninstagram.com/v/t39.30808-6/790209214_1363962295823728_6184311664090934208_n.jpg?stp=dst-jpg_e35_tt6&_nc_cat=101&ig_cache_key=Mzk3NjIxNDMzMTA5MjA0NzE3Mg%3D%3D.3-ccb7-5&ccb=7-5&_nc_sid=58cdad&efg=eyJ2ZW5jb2RlX3RhZyI6IkNBUk9VU0VMX0lURU0ueHBpZHMuMTYzOC5zZHIucmVndWxhcl9waG90by5DMyJ9&_nc_ohc=RBvtfYik74QQ7kNvwHZ03vk&_nc_oc=Adplqmx-VaY-bWG92HbQ3dr7yppIyRkEnutrUSHhupZEDzy1Uhl6Fx7VZCzV4KisBE4zetbu-VhHS7hEC9kXw0Hs&_nc_ad=z-m&_nc_cid=0&_nc_zt=23&_nc_ht=scontent-nrt1-2.cdninstagram.com&_nc_gid=lAGGb0982PGD7jUIo2QSQQ&_nc_ss=7a22e&oh=00_AQLYlzQw4d8rU8cIUjYZf1dqWSkrD5iPGFARWMM2Nk0o1A&oe=6AA1FBAE,https://www.instagram.com/p/DcuWeMKD352/
Supermercado Tuiuiú,Laticínios / Leites e Derivados,Iogurte Batavo 510g,5.99,02/09/2026,https://scontent-cdg4-1.cdninstagram.com/v/t51.82787-15/788641002_18583652422067900_3667430572349833363_n.jpg?stp=dst-jpg_e35_tt6&_nc_cat=102&ig_cache_key=Mzk3NzY1Mzk3MzE4NDU0ODEyNA%3D%3D.3-ccb7-5&ccb=7-5&_nc_sid=58cdad&efg=eyJ2ZW5jb2RlX3RhZyI6IkNBUk9VU0VMX0lURU0ueHBpZHMuMTA4MC5zZHIucmVndWxhcl9waG90by5DMyJ9&_nc_ohc=-BRGYMz9GO4Q7kNvwGuYmSD&_nc_oc=Adpygg_4MGiM_NRFJE9rPDxyyMqtFmCggfYVqpaJbdxREiJGoZMxdaOtXL0KDIZjd84&_nc_ad=z-m&_nc_cid=0&_nc_zt=23&_nc_ht=scontent-cdg4-1.cdninstagram.com&_nc_gid=ul7NelFSqRz8ov3NaScWTw&_nc_ss=7a22e&oh=00_AQLovMWy0Da7MkaFb7ofM-y4bXKJMwKyC1qogRHVDz1j9Q&oe=6AA1E929,https://www.instagram.com/p/Dczd0LlkeC6/
Supermercado Tuiuiú,Laticínios / Leites e Derivados,Leite Integral Frimesa 1L,5.99,02/09/2026,https://scontent-cdg4-1.cdninstagram.com/v/t51.82787-15/788641002_18583652422067900_3667430572349833363_n.jpg?stp=dst-jpg_e35_tt6&_nc_cat=102&ig_cache_key=Mzk3NzY1Mzk3MzE4NDU0ODEyNA%3D%3D.3-ccb7-5&ccb=7-5&_nc_sid=58cdad&efg=eyJ2ZW5jb2RlX3RhZyI6IkNBUk9VU0VMX0lURU0ueHBpZHMuMTA4MC5zZHIucmVndWxhcl9waG90by5DMyJ9&_nc_ohc=-BRGYMz9GO4Q7kNvwGuYmSD&_nc_oc=Adpygg_4MGiM_NRFJE9rPDxyyMqtFmCggfYVqpaJbdxREiJGoZMxdaOtXL0KDIZjd84&_nc_ad=z-m&_nc_cid=0&_nc_zt=23&_nc_ht=scontent-cdg4-1.cdninstagram.com&_nc_gid=ul7NelFSqRz8ov3NaScWTw&_nc_ss=7a22e&oh=00_AQLovMWy0Da7MkaFb7ofM-y4bXKJMwKyC1qogRHVDz1j9Q&oe=6AA1E929,https://www.instagram.com/p/Dczd0LlkeC6/
Supermercado Tuiuiú,Laticínios / Leites e Derivados,Requeijão Cremoso Carolina 180g,5.99,02/09/2026,https://scontent-cdg4-1.cdninstagram.com/v/t51.82787-15/792157898_18583652440067900_5431933029132674723_n.jpg?stp=dst-jpg_e35_tt6&_nc_cat=102&ig_cache_key=Mzk3NzY1NDAwMjM4NDcxMTU2Nw%3D%3D.3-ccb7-5&ccb=7-5&_nc_sid=58cdad&efg=eyJ2ZW5jb2RlX3RhZyI6IkNBUk9VU0VMX0lURU0ueHBpZHMuMTA4MC5zZHIucmVndWxhcl9waG90by5DMyJ9&_nc_ohc=7pKKlX5TGgEQ7kNvwGZpZFz&_nc_oc=Adouhx2Pp_4rNXFDMTdea9hbGBiRgQDR0iMtQyEcZp6kYED-5K9BxyW3PdO_0MPnZiA&_nc_ad=z-m&_nc_cid=0&_nc_zt=23&_nc_ht=scontent-cdg4-1.cdninstagram.com&_nc_gid=ul7NelFSqRz8ov3NaScWTw&_nc_ss=7a22e&oh=00_AQLci4yhl1urXeY2zJg1z3PfEfdFpxQoIsg3vZlnlZMHuQ&oe=6AA1FFBE,https://www.instagram.com/p/Dczd0LlkeC6/
Supermercado São Pedro,Laticínios / Leites e Derivados,Biscoito Triunfo Leite e Maizena 345g,6.29,31/08/2026,https://scontent-cdg4-2.cdninstagram.com/v/t39.30808-6/790341028_1508698111303305_6101754768913825516_n.jpg?stp=c0.0.1638.2048a_dst-jpg_e35_s1638x2048_tt6&_nc_cat=107&ig_cache_key=Mzk3NjE3NTA3NTg4NzQ4NDk5OQ%3D%3D.3-ccb7-5&ccb=7-5&_nc_sid=58cdad&efg=eyJ2ZW5jb2RlX3RhZyI6IkNBUk9VU0VMX0lURU0ueHBpZHMuMTYzOS5zZHIucmVndWxhcl9waG90by5DMyJ9&_nc_ohc=3okOtetE7JoQ7kNvwFdiYSP&_nc_oc=AdruwQ7RYBqChozifVRz-lMJD-lopf6VLGYXYqviECs5n_Yf7S4NqY4qnCB-8cUHNdcPwRRqiQckKVeXe3RFXJHo&_nc_ad=z-m&_nc_cid=0&_nc_zt=23&_nc_ht=scontent-cdg4-2.cdninstagram.com&_nc_gid=KkV6WRYKP9_jb-i1Y8eKbw&_nc_ss=7a22e&oh=00_AQIbehEPo8vK43UkYPz3nnVbRk2WiJCkkzL5cl6w11xvjQ&oe=6AA1EA27,https://www.instagram.com/p/DcuNi7YiX2_/
Supermercado São Pedro,Laticínios / Leites e Derivados,Leite Condensado Piracanjuba 395g,6.69,31/08/2026,https://scontent-cdg4-2.cdninstagram.com/v/t39.30808-6/790651262_1508698107969972_5998080027560533600_n.jpg?stp=c0.0.1638.2048a_dst-jpg_e35_s1638x2048_tt6&_nc_cat=100&ig_cache_key=Mzk3NjE3NTA3NTkzNzgyODUwNQ%3D%3D.3-ccb7-5&ccb=7-5&_nc_sid=58cdad&efg=eyJ2ZW5jb2RlX3RhZyI6IkNBUk9VU0VMX0lURU0ueHBpZHMuMTYzOS5zZHIucmVndWxhcl9waG90by5DMyJ9&_nc_ohc=Fki5XW_PiPcQ7kNvwEMMwlZ&_nc_oc=AdoHYri7fr3UsDoMlHDK2HTgg6FCr0n3lzTEF2Q34993HV2spZuoc7_MN9hgPRznBOCMcYF6jo8s1T9ueRpp6OXR&_nc_ad=z-m&_nc_cid=0&_nc_zt=23&_nc_ht=scontent-cdg4-2.cdninstagram.com&_nc_gid=KkV6WRYKP9_jb-i1Y8eKbw&_nc_ss=7a22e&oh=00_AQJUTh19cXfffXZ1gcr5xFBtzmtRqfPEjzyBYYcYDt9CqA&oe=6AA1D649,https://www.instagram.com/p/DcuNi7YiX2_/
Machadão Atacadista,Laticínios / Leites e Derivados,Leite Fermentado Activia 800g,14.99,01/09/2026,https://scontent-nrt1-2.cdninstagram.com/v/t39.30808-6/789618270_1363962609157030_3615491432982247221_n.jpg?stp=dst-jpg_e35_tt6&_nc_cat=101&ig_cache_key=Mzk3NjIxNDMzMTkzMDk1NjQzNw%3D%3D.3-ccb7-5&ccb=7-5&_nc_sid=58cdad&efg=eyJ2ZW5jb2RlX3RhZyI6IkNBUk9VU0VMX0lURU0ueHBpZHMuMTYzOC5zZHIucmVndWxhcl9waG90by5DMyJ9&_nc_ohc=LWeQr5ZiUMIQ7kNvwG2EpOW&_nc_oc=AdqTmKj8gPcVQGDJZvbSQiS2g1MfVx7gs5N1SmrN0Cw7uV-z_YRJMK5F8nupD-pCr3qX79cSlQC3hL_FWrV1uvSB&_nc_ad=z-m&_nc_cid=0&_nc_zt=23&_nc_ht=scontent-nrt1-2.cdninstagram.com&_nc_gid=lAGGb0982PGD7jUIo2QSQQ&_nc_ss=7a22e&oh=00_AQKhWRg444QWKGhs6d-h3vLo8t6ZNiKq99X21URU7yJzWA&oe=6AA1F626,https://www.instagram.com/p/DcuWeMKD352/
Machadão Atacadista,Laticínios / Leites e Derivados,Leite Fermentado Activia 800g,14.99,01/09/2026,https://scontent-nrt6-1.cdninstagram.com/v/t39.30808-6/788766900_1363961989157092_7149980708576029676_n.jpg?stp=dst-jpg_e35_tt6&_nc_cat=105&ig_cache_key=Mzk3NjIxNDMzMjMyNTE5OTQzMw%3D%3D.3-ccb7-5&ccb=7-5&_nc_sid=58cdad&efg=eyJ2ZW5jb2RlX3RhZyI6IkNBUk9VU0VMX0lURU0ueHBpZHMuMTYzOC5zZHIucmVndWxhcl9waG90by5DMyJ9&_nc_ohc=vw1LTHI3qF8Q7kNvwEXrSdJ&_nc_oc=AdoyvIq8FIBaRiGmwYlE2xtd86PIXoiFhZ0oX0Wl4h4RfvbrnNi6fAr5hFcGVpJYpVVFueZx_lm-HUYteN507Tn8&_nc_ad=z-m&_nc_cid=0&_nc_zt=23&_nc_ht=scontent-nrt6-1.cdninstagram.com&_nc_gid=lAGGb0982PGD7jUIo2QSQQ&_nc_ss=7a22e&oh=00_AQJgxbXvmanVRNfMygUeg_ZwlDCNW-deQSdj1C1RXnxF_Q&oe=6AA1F2D0,https://www.instagram.com/p/DcuWeMKD352/
Machadão Atacadista,Laticínios / Leites e Derivados,Leite Fermentado Activia 800g,14.99,01/09/2026,https://scontent-nrt1-2.cdninstagram.com/v/t39.30808-6/790209214_1363962295823728_6184311664090934208_n.jpg?stp=dst-jpg_e35_tt6&_nc_cat=101&ig_cache_key=Mzk3NjIxNDMzMTA5MjA0NzE3Mg%3D%3D.3-ccb7-5&ccb=7-5&_nc_sid=58cdad&efg=eyJ2ZW5jb2RlX3RhZyI6IkNBUk9VU0VMX0lURU0ueHBpZHMuMTYzOC5zZHIucmVndWxhcl9waG90by5DMyJ9&_nc_ohc=RBvtfYik74QQ7kNvwHZ03vk&_nc_oc=Adplqmx-VaY-bWG92HbQ3dr7yppIyRkEnutrUSHhupZEDzy1Uhl6Fx7VZCzV4KisBE4zetbu-VhHS7hEC9kXw0Hs&_nc_ad=z-m&_nc_cid=0&_nc_zt=23&_nc_ht=scontent-nrt1-2.cdninstagram.com&_nc_gid=lAGGb0982PGD7jUIo2QSQQ&_nc_ss=7a22e&oh=00_AQLYlzQw4d8rU8cIUjYZf1dqWSkrD5iPGFARWMM2Nk0o1A&oe=6AA1FBAE,https://www.instagram.com/p/DcuWeMKD352/
Supermercado Tuiuiú,Laticínios / Leites e Derivados,Leite em Pó Ninho 380g,16.99,02/09/2026,https://scontent-cdg4-1.cdninstagram.com/v/t51.82787-15/792157898_18583652440067900_5431933029132674723_n.jpg?stp=dst-jpg_e35_tt6&_nc_cat=102&ig_cache_key=Mzk3NzY1NDAwMjM4NDcxMTU2Nw%3D%3D.3-ccb7-5&ccb=7-5&_nc_sid=58cdad&efg=eyJ2ZW5jb2RlX3RhZyI6IkNBUk9VU0VMX0lURU0ueHBpZHMuMTA4MC5zZHIucmVndWxhcl9waG90by5DMyJ9&_nc_ohc=7pKKlX5TGgEQ7kNvwGZpZFz&_nc_oc=Adouhx2Pp_4rNXFDMTdea9hbGBiRgQDR0iMtQyEcZp6kYED-5K9BxyW3PdO_0MPnZiA&_nc_ad=z-m&_nc_cid=0&_nc_zt=23&_nc_ht=scontent-cdg4-1.cdninstagram.com&_nc_gid=ul7NelFSqRz8ov3NaScWTw&_nc_ss=7a22e&oh=00_AQLci4yhl1urXeY2zJg1z3PfEfdFpxQoIsg3vZlnlZMHuQ&oe=6AA1FFBE,https://www.instagram.com/p/Dczd0LlkeC6/
Supermercado São Pedro,Laticínios / Leites e Derivados,Leite Ninho 380g,18.99,31/08/2026,https://scontent-cdg4-1.cdninstagram.com/v/t39.30808-6/790310368_1508698117969971_69530791300054474_n.jpg?stp=c0.0.1638.2047a_dst-jpg_e35_s1638x2047_tt6&_nc_cat=102&ig_cache_key=Mzk3NjE3NTA3NzMxMzU4MjExNA%3D%3D.3-ccb7-5&ccb=7-5&_nc_sid=58cdad&efg=eyJ2ZW5jb2RlX3RhZyI6IkNBUk9VU0VMX0lURU0ueHBpZHMuMTYzOC5zZHIucmVndWxhcl9waG90by5DMyJ9&_nc_ohc=g4n58O2K9cUQ7kNvwG3jPTj&_nc_oc=AdpmdDd85wjmpBfulogkmHKZp5Km3ddw8MwqfdkcBPbihQVafg_WOWIjlYl0fgpuMb3NX0GJRrWOguTMzwMyF606&_nc_ad=z-m&_nc_cid=0&_nc_zt=23&_nc_ht=scontent-cdg4-1.cdninstagram.com&_nc_gid=KkV6WRYKP9_jb-i1Y8eKbw&_nc_ss=7a22e&oh=00_AQKUKTtUaUuiOExiKgexFWSHsfn7WhBrZJPSmU6VLHoHDA&oe=6AA1D29A,https://www.instagram.com/p/DcuNi7YiX2_/
Supermercado Tuiuiú,Laticínios / Leites e Derivados,Queijo Queijo Mussarela kg,42.99,02/09/2026,https://scontent-cdg4-1.cdninstagram.com/v/t51.82787-15/788641002_18583652422067900_3667430572349833363_n.jpg?stp=dst-jpg_e35_tt6&_nc_cat=102&ig_cache_key=Mzk3NzY1Mzk3MzE4NDU0ODEyNA%3D%3D.3-ccb7-5&ccb=7-5&_nc_sid=58cdad&efg=eyJ2ZW5jb2RlX3RhZyI6IkNBUk9VU0VMX0lURU0ueHBpZHMuMTA4MC5zZHIucmVndWxhcl9waG90by5DMyJ9&_nc_ohc=-BRGYMz9GO4Q7kNvwGuYmSD&_nc_oc=Adpygg_4MGiM_NRFJE9rPDxyyMqtFmCggfYVqpaJbdxREiJGoZMxdaOtXL0KDIZjd84&_nc_ad=z-m&_nc_cid=0&_nc_zt=23&_nc_ht=scontent-cdg4-1.cdninstagram.com&_nc_gid=ul7NelFSqRz8ov3NaScWTw&_nc_ss=7a22e&oh=00_AQLovMWy0Da7MkaFb7ofM-y4bXKJMwKyC1qogRHVDz1j9Q&oe=6AA1E929,https://www.instagram.com/p/Dczd0LlkeC6/
Supermercado Tuiuiú,Laticínios / Leites e Derivados,Queijo Queijo Mussarela kg,44.99,02/09/2026,https://scontent-cdg4-3.cdninstagram.com/v/t51.82787-15/791144761_18583652398067900_958727226358360668_n.jpg?stp=dst-jpg_e35_tt6&_nc_cat=111&ig_cache_key=Mzk3NzY1Mzk0MjczMzM5NzQxMQ%3D%3D.3-ccb7-5&ccb=7-5&_nc_sid=58cdad&efg=eyJ2ZW5jb2RlX3RhZyI6IkNBUk9VU0VMX0lURU0ueHBpZHMuMTA4MC5zZHIucmVndWxhcl9waG90by5DMyJ9&_nc_ohc=TEXxzSeVwpYQ7kNvwEklYCL&_nc_oc=AdoSQHRQsfa3dl9xGyPN2mHfXRyMqrbL7WBjEz8gPwRtkePF6-Qc2jbrHxTAaj9ZFGc&_nc_ad=z-m&_nc_cid=0&_nc_zt=23&_nc_ht=scontent-cdg4-3.cdninstagram.com&_nc_gid=ul7NelFSqRz8ov3NaScWTw&_nc_ss=7a22e&oh=00_AQL2XsD1WlWF96txqe2TAxpA-8kfHXufn5XVlb0M-qxv0w&oe=6AA1D579,https://www.instagram.com/p/Dczd0LlkeC6/
Machadão Atacadista,Limpeza / Cuidados com a Casa,Limpador Multiuso Veja 500ml,4.19,01/09/2026,https://scontent-nrt1-1.cdninstagram.com/v/t39.30808-6/788880664_1363962219157069_5966186908781895719_n.jpg?stp=dst-jpg_e35_tt6&_nc_cat=108&ig_cache_key=Mzk3NjIxNDMzMDk4MzA0NjUzNQ%3D%3D.3-ccb7-5&ccb=7-5&_nc_sid=58cdad&efg=eyJ2ZW5jb2RlX3RhZyI6IkNBUk9VU0VMX0lURU0ueHBpZHMuMTYzOC5zZHIucmVndWxhcl9waG90by5DMyJ9&_nc_ohc=mvMDjMZZ8K8Q7kNvwEr95Kf&_nc_oc=AdpDd4tA0FGceVhp6PR8JiduONuXuE_e5iHh01aOgqsRwj_0bEqtmY8pw24qpadXMieJMPV6oB0_GG5VO5FuiNxT&_nc_ad=z-m&_nc_cid=0&_nc_zt=23&_nc_ht=scontent-nrt1-1.cdninstagram.com&_nc_gid=lAGGb0982PGD7jUIo2QSQQ&_nc_ss=7a22e&oh=00_AQKuUJZtbhN0X2NwAD6KgYM3DH9Rh55mz5vlKwfOJi488A&oe=6AA1EE8C,https://www.instagram.com/p/DcuWeMKD352/
Machadão Atacadista,Limpeza / Cuidados com a Casa,Limpador Multiuso Veja 500ml,4.19,01/09/2026,https://scontent-nrt6-1.cdninstagram.com/v/t39.30808-6/788717108_1363962009157090_7645430109379984108_n.jpg?stp=dst-jpg_e35_tt6&_nc_cat=110&ig_cache_key=Mzk3NjIxNDMzMjA1Njc3MzMzMA%3D%3D.3-ccb7-5&ccb=7-5&_nc_sid=58cdad&efg=eyJ2ZW5jb2RlX3RhZyI6IkNBUk9VU0VMX0lURU0ueHBpZHMuMTYzOC5zZHIucmVndWxhcl9waG90by5DMyJ9&_nc_ohc=-JVLd9gM9c8Q7kNvwH5gmot&_nc_oc=Adqb4FV0BlK1UaHMCus6P03VTk3fWzLNWwoddj_shm66PKNSqSzdb4rPloipWa2Vbp4RZRtXsDYLCWY1BrPGKGuz&_nc_ad=z-m&_nc_cid=0&_nc_zt=23&_nc_ht=scontent-nrt6-1.cdninstagram.com&_nc_gid=lAGGb0982PGD7jUIo2QSQQ&_nc_ss=7a22e&oh=00_AQJ9xeow80FEHLUxM18_QyBki3Gqqf429drZ9oeEnCGTaQ&oe=6AA1E8D3,https://www.instagram.com/p/DcuWeMKD352/
Machadão Atacadista,Limpeza / Cuidados com a Casa,Limpador Multiuso Veja 500ml,4.19,01/09/2026,https://scontent-nrt6-1.cdninstagram.com/v/t39.30808-6/788953852_1363962525823705_7158709731603332512_n.jpg?stp=dst-jpg_e35_tt6&_nc_cat=105&ig_cache_key=Mzk3NjIxNDMzMDg3Mzk1MDI0Mw%3D%3D.3-ccb7-5&ccb=7-5&_nc_sid=58cdad&efg=eyJ2ZW5jb2RlX3RhZyI6IkNBUk9VU0VMX0lURU0ueHBpZHMuMTYzOC5zZHIucmVndWxhcl9waG90by5DMyJ9&_nc_ohc=ydM-R8J21eIQ7kNvwEeklkt&_nc_oc=AdratrKY-tPFD-uUWliBbti6lQ0YnO7pxm-Nbe2psNN_nNby6Wz71gaZuPJDfOgPDtz1qMbSeo4YKHl-Ku7byIHN&_nc_ad=z-m&_nc_cid=0&_nc_zt=23&_nc_ht=scontent-nrt6-1.cdninstagram.com&_nc_gid=lAGGb0982PGD7jUIo2QSQQ&_nc_ss=7a22e&oh=00_AQKhDs3JBK6w4VaHXkSlKubO8OUe9oDY6yALrNKdkPxUJQ&oe=6AA1D51F,https://www.instagram.com/p/DcuWeMKD352/
Machadão Atacadista,Limpeza / Cuidados com a Casa,Esponja Multiuso Esfrebom Bettanin Leve 4 Pague 3,5.98,01/09/2026,https://scontent-nrt1-1.cdninstagram.com/v/t39.30808-6/788880664_1363962219157069_5966186908781895719_n.jpg?stp=dst-jpg_e35_tt6&_nc_cat=108&ig_cache_key=Mzk3NjIxNDMzMDk4MzA0NjUzNQ%3D%3D.3-ccb7-5&ccb=7-5&_nc_sid=58cdad&efg=eyJ2ZW5jb2RlX3RhZyI6IkNBUk9VU0VMX0lURU0ueHBpZHMuMTYzOC5zZHIucmVndWxhcl9waG90by5DMyJ9&_nc_ohc=mvMDjMZZ8K8Q7kNvwEr95Kf&_nc_oc=AdpDd4tA0FGceVhp6PR8JiduONuXuE_e5iHh01aOgqsRwj_0bEqtmY8pw24qpadXMieJMPV6oB0_GG5VO5FuiNxT&_nc_ad=z-m&_nc_cid=0&_nc_zt=23&_nc_ht=scontent-nrt1-1.cdninstagram.com&_nc_gid=lAGGb0982PGD7jUIo2QSQQ&_nc_ss=7a22e&oh=00_AQKuUJZtbhN0X2NwAD6KgYM3DH9Rh55mz5vlKwfOJi488A&oe=6AA1EE8C,https://www.instagram.com/p/DcuWeMKD352/
Machadão Atacadista,Limpeza / Cuidados com a Casa,Esponja Multiuso Esfrebom Bettanin 4un,5.98,01/09/2026,https://scontent-nrt6-1.cdninstagram.com/v/t39.30808-6/788717108_1363962009157090_7645430109379984108_n.jpg?stp=dst-jpg_e35_tt6&_nc_cat=110&ig_cache_key=Mzk3NjIxNDMzMjA1Njc3MzMzMA%3D%3D.3-ccb7-5&ccb=7-5&_nc_sid=58cdad&efg=eyJ2ZW5jb2RlX3RhZyI6IkNBUk9VU0VMX0lURU0ueHBpZHMuMTYzOC5zZHIucmVndWxhcl9waG90by5DMyJ9&_nc_ohc=-JVLd9gM9c8Q7kNvwH5gmot&_nc_oc=Adqb4FV0BlK1UaHMCus6P03VTk3fWzLNWwoddj_shm66PKNSqSzdb4rPloipWa2Vbp4RZRtXsDYLCWY1BrPGKGuz&_nc_ad=z-m&_nc_cid=0&_nc_zt=23&_nc_ht=scontent-nrt6-1.cdninstagram.com&_nc_gid=lAGGb0982PGD7jUIo2QSQQ&_nc_ss=7a22e&oh=00_AQJ9xeow80FEHLUxM18_QyBki3Gqqf429drZ9oeEnCGTaQ&oe=6AA1E8D3,https://www.instagram.com/p/DcuWeMKD352/
Machadão Atacadista,Limpeza / Cuidados com a Casa,Esponja Multiuso Esfrebom Bettanin 4un,5.98,01/09/2026,https://scontent-nrt6-1.cdninstagram.com/v/t39.30808-6/788953852_1363962525823705_7158709731603332512_n.jpg?stp=dst-jpg_e35_tt6&_nc_cat=105&ig_cache_key=Mzk3NjIxNDMzMDg3Mzk1MDI0Mw%3D%3D.3-ccb7-5&ccb=7-5&_nc_sid=58cdad&efg=eyJ2ZW5jb2RlX3RhZyI6IkNBUk9VU0VMX0lURU0ueHBpZHMuMTYzOC5zZHIucmVndWxhcl9waG90by5DMyJ9&_nc_ohc=ydM-R8J21eIQ7kNvwEeklkt&_nc_oc=AdratrKY-tPFD-uUWliBbti6lQ0YnO7pxm-Nbe2psNN_nNby6Wz71gaZuPJDfOgPDtz1qMbSeo4YKHl-Ku7byIHN&_nc_ad=z-m&_nc_cid=0&_nc_zt=23&_nc_ht=scontent-nrt6-1.cdninstagram.com&_nc_gid=lAGGb0982PGD7jUIo2QSQQ&_nc_ss=7a22e&oh=00_AQKhDs3JBK6w4VaHXkSlKubO8OUe9oDY6yALrNKdkPxUJQ&oe=6AA1D51F,https://www.instagram.com/p/DcuWeMKD352/
Machadão Atacadista,Limpeza / Cuidados com a Casa,Limpador Perfumado Concentrado Suavelar 140ml,6.98,01/09/2026,https://scontent-nrt1-1.cdninstagram.com/v/t39.30808-6/788880664_1363962219157069_5966186908781895719_n.jpg?stp=dst-jpg_e35_tt6&_nc_cat=108&ig_cache_key=Mzk3NjIxNDMzMDk4MzA0NjUzNQ%3D%3D.3-ccb7-5&ccb=7-5&_nc_sid=58cdad&efg=eyJ2ZW5jb2RlX3RhZyI6IkNBUk9VU0VMX0lURU0ueHBpZHMuMTYzOC5zZHIucmVndWxhcl9waG90by5DMyJ9&_nc_ohc=mvMDjMZZ8K8Q7kNvwEr95Kf&_nc_oc=AdpDd4tA0FGceVhp6PR8JiduONuXuE_e5iHh01aOgqsRwj_0bEqtmY8pw24qpadXMieJMPV6oB0_GG5VO5FuiNxT&_nc_ad=z-m&_nc_cid=0&_nc_zt=23&_nc_ht=scontent-nrt1-1.cdninstagram.com&_nc_gid=lAGGb0982PGD7jUIo2QSQQ&_nc_ss=7a22e&oh=00_AQKuUJZtbhN0X2NwAD6KgYM3DH9Rh55mz5vlKwfOJi488A&oe=6AA1EE8C,https://www.instagram.com/p/DcuWeMKD352/
Machadão Atacadista,Limpeza / Cuidados com a Casa,Limpador Perfumado Concentrado Suavelar 140ml,6.98,01/09/2026,https://scontent-nrt6-1.cdninstagram.com/v/t39.30808-6/788717108_1363962009157090_7645430109379984108_n.jpg?stp=dst-jpg_e35_tt6&_nc_cat=110&ig_cache_key=Mzk3NjIxNDMzMjA1Njc3MzMzMA%3D%3D.3-ccb7-5&ccb=7-5&_nc_sid=58cdad&efg=eyJ2ZW5jb2RlX3RhZyI6IkNBUk9VU0VMX0lURU0ueHBpZHMuMTYzOC5zZHIucmVndWxhcl9waG90by5DMyJ9&_nc_ohc=-JVLd9gM9c8Q7kNvwH5gmot&_nc_oc=Adqb4FV0BlK1UaHMCus6P03VTk3fWzLNWwoddj_shm66PKNSqSzdb4rPloipWa2Vbp4RZRtXsDYLCWY1BrPGKGuz&_nc_ad=z-m&_nc_cid=0&_nc_zt=23&_nc_ht=scontent-nrt6-1.cdninstagram.com&_nc_gid=lAGGb0982PGD7jUIo2QSQQ&_nc_ss=7a22e&oh=00_AQJ9xeow80FEHLUxM18_QyBki3Gqqf429drZ9oeEnCGTaQ&oe=6AA1E8D3,https://www.instagram.com/p/DcuWeMKD352/
Machadão Atacadista,Limpeza / Cuidados com a Casa,Limpador Perfumado Suavelar Concentrado 140ml,6.98,01/09/2026,https://scontent-nrt6-1.cdninstagram.com/v/t39.30808-6/788953852_1363962525823705_7158709731603332512_n.jpg?stp=dst-jpg_e35_tt6&_nc_cat=105&ig_cache_key=Mzk3NjIxNDMzMDg3Mzk1MDI0Mw%3D%3D.3-ccb7-5&ccb=7-5&_nc_sid=58cdad&efg=eyJ2ZW5jb2RlX3RhZyI6IkNBUk9VU0VMX0lURU0ueHBpZHMuMTYzOC5zZHIucmVndWxhcl9waG90by5DMyJ9&_nc_ohc=ydM-R8J21eIQ7kNvwEeklkt&_nc_oc=AdratrKY-tPFD-uUWliBbti6lQ0YnO7pxm-Nbe2psNN_nNby6Wz71gaZuPJDfOgPDtz1qMbSeo4YKHl-Ku7byIHN&_nc_ad=z-m&_nc_cid=0&_nc_zt=23&_nc_ht=scontent-nrt6-1.cdninstagram.com&_nc_gid=lAGGb0982PGD7jUIo2QSQQ&_nc_ss=7a22e&oh=00_AQKhDs3JBK6w4VaHXkSlKubO8OUe9oDY6yALrNKdkPxUJQ&oe=6AA1D51F,https://www.instagram.com/p/DcuWeMKD352/
Supermercado São Pedro,Limpeza / Cuidados com a Casa,Água Sanitária Girando Sol 2L,7.99,31/08/2026,https://scontent-cdg4-2.cdninstagram.com/v/t39.30808-6/790651262_1508698107969972_5998080027560533600_n.jpg?stp=c0.0.1638.2048a_dst-jpg_e35_s1638x2048_tt6&_nc_cat=100&ig_cache_key=Mzk3NjE3NTA3NTkzNzgyODUwNQ%3D%3D.3-ccb7-5&ccb=7-5&_nc_sid=58cdad&efg=eyJ2ZW5jb2RlX3RhZyI6IkNBUk9VU0VMX0lURU0ueHBpZHMuMTYzOS5zZHIucmVndWxhcl9waG90by5DMyJ9&_nc_ohc=Fki5XW_PiPcQ7kNvwEMMwlZ&_nc_oc=AdoHYri7fr3UsDoMlHDK2HTgg6FCr0n3lzTEF2Q34993HV2spZuoc7_MN9hgPRznBOCMcYF6jo8s1T9ueRpp6OXR&_nc_ad=z-m&_nc_cid=0&_nc_zt=23&_nc_ht=scontent-cdg4-2.cdninstagram.com&_nc_gid=KkV6WRYKP9_jb-i1Y8eKbw&_nc_ss=7a22e&oh=00_AQJUTh19cXfffXZ1gcr5xFBtzmtRqfPEjzyBYYcYDt9CqA&oe=6AA1D649,https://www.instagram.com/p/DcuNi7YiX2_/
Machadão Atacadista,Limpeza / Cuidados com a Casa,Amaciante Concentrado Girando Sol 500ml,8.79,01/09/2026,https://scontent-nrt1-1.cdninstagram.com/v/t39.30808-6/788880664_1363962219157069_5966186908781895719_n.jpg?stp=dst-jpg_e35_tt6&_nc_cat=108&ig_cache_key=Mzk3NjIxNDMzMDk4MzA0NjUzNQ%3D%3D.3-ccb7-5&ccb=7-5&_nc_sid=58cdad&efg=eyJ2ZW5jb2RlX3RhZyI6IkNBUk9VU0VMX0lURU0ueHBpZHMuMTYzOC5zZHIucmVndWxhcl9waG90by5DMyJ9&_nc_ohc=mvMDjMZZ8K8Q7kNvwEr95Kf&_nc_oc=AdpDd4tA0FGceVhp6PR8JiduONuXuE_e5iHh01aOgqsRwj_0bEqtmY8pw24qpadXMieJMPV6oB0_GG5VO5FuiNxT&_nc_ad=z-m&_nc_cid=0&_nc_zt=23&_nc_ht=scontent-nrt1-1.cdninstagram.com&_nc_gid=lAGGb0982PGD7jUIo2QSQQ&_nc_ss=7a22e&oh=00_AQKuUJZtbhN0X2NwAD6KgYM3DH9Rh55mz5vlKwfOJi488A&oe=6AA1EE8C,https://www.instagram.com/p/DcuWeMKD352/
Machadão Atacadista,Limpeza / Cuidados com a Casa,Amaciante Concentrado Girando Sol 500ml,8.79,01/09/2026,https://scontent-nrt6-1.cdninstagram.com/v/t39.30808-6/788717108_1363962009157090_7645430109379984108_n.jpg?stp=dst-jpg_e35_tt6&_nc_cat=110&ig_cache_key=Mzk3NjIxNDMzMjA1Njc3MzMzMA%3D%3D.3-ccb7-5&ccb=7-5&_nc_sid=58cdad&efg=eyJ2ZW5jb2RlX3RhZyI6IkNBUk9VU0VMX0lURU0ueHBpZHMuMTYzOC5zZHIucmVndWxhcl9waG90by5DMyJ9&_nc_ohc=-JVLd9gM9c8Q7kNvwH5gmot&_nc_oc=Adqb4FV0BlK1UaHMCus6P03VTk3fWzLNWwoddj_shm66PKNSqSzdb4rPloipWa2Vbp4RZRtXsDYLCWY1BrPGKGuz&_nc_ad=z-m&_nc_cid=0&_nc_zt=23&_nc_ht=scontent-nrt6-1.cdninstagram.com&_nc_gid=lAGGb0982PGD7jUIo2QSQQ&_nc_ss=7a22e&oh=00_AQJ9xeow80FEHLUxM18_QyBki3Gqqf429drZ9oeEnCGTaQ&oe=6AA1E8D3,https://www.instagram.com/p/DcuWeMKD352/
Machadão Atacadista,Limpeza / Cuidados com a Casa,Amaciante Concentrado Girando Sol 500ml,8.79,01/09/2026,https://scontent-nrt6-1.cdninstagram.com/v/t39.30808-6/788953852_1363962525823705_7158709731603332512_n.jpg?stp=dst-jpg_e35_tt6&_nc_cat=105&ig_cache_key=Mzk3NjIxNDMzMDg3Mzk1MDI0Mw%3D%3D.3-ccb7-5&ccb=7-5&_nc_sid=58cdad&efg=eyJ2ZW5jb2RlX3RhZyI6IkNBUk9VU0VMX0lURU0ueHBpZHMuMTYzOC5zZHIucmVndWxhcl9waG90by5DMyJ9&_nc_ohc=ydM-R8J21eIQ7kNvwEeklkt&_nc_oc=AdratrKY-tPFD-uUWliBbti6lQ0YnO7pxm-Nbe2psNN_nNby6Wz71gaZuPJDfOgPDtz1qMbSeo4YKHl-Ku7byIHN&_nc_ad=z-m&_nc_cid=0&_nc_zt=23&_nc_ht=scontent-nrt6-1.cdninstagram.com&_nc_gid=lAGGb0982PGD7jUIo2QSQQ&_nc_ss=7a22e&oh=00_AQKhDs3JBK6w4VaHXkSlKubO8OUe9oDY6yALrNKdkPxUJQ&oe=6AA1D51F,https://www.instagram.com/p/DcuWeMKD352/
Supermercado São Pedro,Limpeza / Cuidados com a Casa,Amaciante Ypê 2L,10.29,31/08/2026,https://scontent-cdg4-2.cdninstagram.com/v/t39.30808-6/790651262_1508698107969972_5998080027560533600_n.jpg?stp=c0.0.1638.2048a_dst-jpg_e35_s1638x2048_tt6&_nc_cat=100&ig_cache_key=Mzk3NjE3NTA3NTkzNzgyODUwNQ%3D%3D.3-ccb7-5&ccb=7-5&_nc_sid=58cdad&efg=eyJ2ZW5jb2RlX3RhZyI6IkNBUk9VU0VMX0lURU0ueHBpZHMuMTYzOS5zZHIucmVndWxhcl9waG90by5DMyJ9&_nc_ohc=Fki5XW_PiPcQ7kNvwEMMwlZ&_nc_oc=AdoHYri7fr3UsDoMlHDK2HTgg6FCr0n3lzTEF2Q34993HV2spZuoc7_MN9hgPRznBOCMcYF6jo8s1T9ueRpp6OXR&_nc_ad=z-m&_nc_cid=0&_nc_zt=23&_nc_ht=scontent-cdg4-2.cdninstagram.com&_nc_gid=KkV6WRYKP9_jb-i1Y8eKbw&_nc_ss=7a22e&oh=00_AQJUTh19cXfffXZ1gcr5xFBtzmtRqfPEjzyBYYcYDt9CqA&oe=6AA1D649,https://www.instagram.com/p/DcuNi7YiX2_/
Supermercado São Pedro,Limpeza / Cuidados com a Casa,Desinfetante Ypê 2L,10.99,31/08/2026,https://scontent-cdg4-2.cdninstagram.com/v/t39.30808-6/790651262_1508698107969972_5998080027560533600_n.jpg?stp=c0.0.1638.2048a_dst-jpg_e35_s1638x2048_tt6&_nc_cat=100&ig_cache_key=Mzk3NjE3NTA3NTkzNzgyODUwNQ%3D%3D.3-ccb7-5&ccb=7-5&_nc_sid=58cdad&efg=eyJ2ZW5jb2RlX3RhZyI6IkNBUk9VU0VMX0lURU0ueHBpZHMuMTYzOS5zZHIucmVndWxhcl9waG90by5DMyJ9&_nc_ohc=Fki5XW_PiPcQ7kNvwEMMwlZ&_nc_oc=AdoHYri7fr3UsDoMlHDK2HTgg6FCr0n3lzTEF2Q34993HV2spZuoc7_MN9hgPRznBOCMcYF6jo8s1T9ueRpp6OXR&_nc_ad=z-m&_nc_cid=0&_nc_zt=23&_nc_ht=scontent-cdg4-2.cdninstagram.com&_nc_gid=KkV6WRYKP9_jb-i1Y8eKbw&_nc_ss=7a22e&oh=00_AQJUTh19cXfffXZ1gcr5xFBtzmtRqfPEjzyBYYcYDt9CqA&oe=6AA1D649,https://www.instagram.com/p/DcuNi7YiX2_/
Machadão Atacadista,Limpeza / Cuidados com a Casa,Inseticida Proinset 600ml,10.99,01/09/2026,https://scontent-nrt1-1.cdninstagram.com/v/t39.30808-6/788880664_1363962219157069_5966186908781895719_n.jpg?stp=dst-jpg_e35_tt6&_nc_cat=108&ig_cache_key=Mzk3NjIxNDMzMDk4MzA0NjUzNQ%3D%3D.3-ccb7-5&ccb=7-5&_nc_sid=58cdad&efg=eyJ2ZW5jb2RlX3RhZyI6IkNBUk9VU0VMX0lURU0ueHBpZHMuMTYzOC5zZHIucmVndWxhcl9waG90by5DMyJ9&_nc_ohc=mvMDjMZZ8K8Q7kNvwEr95Kf&_nc_oc=AdpDd4tA0FGceVhp6PR8JiduONuXuE_e5iHh01aOgqsRwj_0bEqtmY8pw24qpadXMieJMPV6oB0_GG5VO5FuiNxT&_nc_ad=z-m&_nc_cid=0&_nc_zt=23&_nc_ht=scontent-nrt1-1.cdninstagram.com&_nc_gid=lAGGb0982PGD7jUIo2QSQQ&_nc_ss=7a22e&oh=00_AQKuUJZtbhN0X2NwAD6KgYM3DH9Rh55mz5vlKwfOJi488A&oe=6AA1EE8C,https://www.instagram.com/p/DcuWeMKD352/
Machadão Atacadista,Limpeza / Cuidados com a Casa,Inseticida Proinset 600ml,10.99,01/09/2026,https://scontent-nrt6-1.cdninstagram.com/v/t39.30808-6/788717108_1363962009157090_7645430109379984108_n.jpg?stp=dst-jpg_e35_tt6&_nc_cat=110&ig_cache_key=Mzk3NjIxNDMzMjA1Njc3MzMzMA%3D%3D.3-ccb7-5&ccb=7-5&_nc_sid=58cdad&efg=eyJ2ZW5jb2RlX3RhZyI6IkNBUk9VU0VMX0lURU0ueHBpZHMuMTYzOC5zZHIucmVndWxhcl9waG90by5DMyJ9&_nc_ohc=-JVLd9gM9c8Q7kNvwH5gmot&_nc_oc=Adqb4FV0BlK1UaHMCus6P03VTk3fWzLNWwoddj_shm66PKNSqSzdb4rPloipWa2Vbp4RZRtXsDYLCWY1BrPGKGuz&_nc_ad=z-m&_nc_cid=0&_nc_zt=23&_nc_ht=scontent-nrt6-1.cdninstagram.com&_nc_gid=lAGGb0982PGD7jUIo2QSQQ&_nc_ss=7a22e&oh=00_AQJ9xeow80FEHLUxM18_QyBki3Gqqf429drZ9oeEnCGTaQ&oe=6AA1E8D3,https://www.instagram.com/p/DcuWeMKD352/
Machadão Atacadista,Limpeza / Cuidados com a Casa,Inseticida Proinset 600ml,10.99,01/09/2026,https://scontent-nrt6-1.cdninstagram.com/v/t39.30808-6/788953852_1363962525823705_7158709731603332512_n.jpg?stp=dst-jpg_e35_tt6&_nc_cat=105&ig_cache_key=Mzk3NjIxNDMzMDg3Mzk1MDI0Mw%3D%3D.3-ccb7-5&ccb=7-5&_nc_sid=58cdad&efg=eyJ2ZW5jb2RlX3RhZyI6IkNBUk9VU0VMX0lURU0ueHBpZHMuMTYzOC5zZHIucmVndWxhcl9waG90by5DMyJ9&_nc_ohc=ydM-R8J21eIQ7kNvwEeklkt&_nc_oc=AdratrKY-tPFD-uUWliBbti6lQ0YnO7pxm-Nbe2psNN_nNby6Wz71gaZuPJDfOgPDtz1qMbSeo4YKHl-Ku7byIHN&_nc_ad=z-m&_nc_cid=0&_nc_zt=23&_nc_ht=scontent-nrt6-1.cdninstagram.com&_nc_gid=lAGGb0982PGD7jUIo2QSQQ&_nc_ss=7a22e&oh=00_AQKhDs3JBK6w4VaHXkSlKubO8OUe9oDY6yALrNKdkPxUJQ&oe=6AA1D51F,https://www.instagram.com/p/DcuWeMKD352/
Machadão Atacadista,Limpeza / Cuidados com a Casa,Absorvente Interno O.b. Sempre Livre Procomfort 16un,15.9,05/09/2026,https://scontent-iad6-1.cdninstagram.com/v/t39.30808-6/796691213_1367963808756910_2688047821891237888_n.jpg?stp=dst-jpg_e35_tt6&_nc_cat=106&ig_cache_key=Mzk3OTUwMDQyMDQxMDczNzQ2MQ%3D%3D.3-ccb7-5&ccb=7-5&_nc_sid=58cdad&efg=eyJ2ZW5jb2RlX3RhZyI6IkNBUk9VU0VMX0lURU0ueHBpZHMuMTYzOC5zZHIucmVndWxhcl9waG90by5DMyJ9&_nc_ohc=IiOPDKOTOzwQ7kNvwHjWa7g&_nc_oc=AdqbGsPjH8uacC3wv_LzZemSEIA0jjJ9gzBRqRPR0ZCcRVy4CdOHl8jnZzgaJCyLA8g&_nc_ad=z-m&_nc_cid=0&_nc_zt=23&_nc_ht=scontent-iad6-1.cdninstagram.com&_nc_gid=M5EriMz11BXPra92dM1UFw&_nc_ss=7a22e&oh=00_AQIDy_ez2Kaao0v8222f875B1cUa7ENv4jCCXhmEQ9JXTA&oe=6AA1F966,https://www.instagram.com/p/Dc6BpDXGSBh/
Machadão Atacadista,Limpeza / Cuidados com a Casa,Absorvente Interno O.b. Sempre Livre Procomfort 16un,15.9,05/09/2026,https://scontent-iad6-1.cdninstagram.com/v/t39.30808-6/793868466_1367963805423577_8948339533979208501_n.jpg?stp=dst-jpg_e35_tt6&_nc_cat=100&ig_cache_key=Mzk3OTUwMDQxOTkxNTc3NjYwNg%3D%3D.3-ccb7-5&ccb=7-5&_nc_sid=58cdad&efg=eyJ2ZW5jb2RlX3RhZyI6IkNBUk9VU0VMX0lURU0ueHBpZHMuMTYzOC5zZHIucmVndWxhcl9waG90by5DMyJ9&_nc_ohc=Mpr5mbezyDoQ7kNvwEyLyZ7&_nc_oc=AdqffJtGAZ8gNUGqjzUzXV3UKsJ2iVb033cOKlxuUvon_q7p1Qfb6ghbtTBc9V3jx1k&_nc_ad=z-m&_nc_cid=0&_nc_zt=23&_nc_ht=scontent-iad6-1.cdninstagram.com&_nc_gid=M5EriMz11BXPra92dM1UFw&_nc_ss=7a22e&oh=00_AQJjBQVtxYF2fEY3n_xI-T0M9qecxUKPTVlIm6xn2t8wRg&oe=6AA1F587,https://www.instagram.com/p/Dc6BpDXGSBh/
Machadão Atacadista,Limpeza / Cuidados com a Casa,Amaciante Concentrado Comfort 1L,18.9,01/09/2026,https://scontent-nrt1-1.cdninstagram.com/v/t39.30808-6/788880664_1363962219157069_5966186908781895719_n.jpg?stp=dst-jpg_e35_tt6&_nc_cat=108&ig_cache_key=Mzk3NjIxNDMzMDk4MzA0NjUzNQ%3D%3D.3-ccb7-5&ccb=7-5&_nc_sid=58cdad&efg=eyJ2ZW5jb2RlX3RhZyI6IkNBUk9VU0VMX0lURU0ueHBpZHMuMTYzOC5zZHIucmVndWxhcl9waG90by5DMyJ9&_nc_ohc=mvMDjMZZ8K8Q7kNvwEr95Kf&_nc_oc=AdpDd4tA0FGceVhp6PR8JiduONuXuE_e5iHh01aOgqsRwj_0bEqtmY8pw24qpadXMieJMPV6oB0_GG5VO5FuiNxT&_nc_ad=z-m&_nc_cid=0&_nc_zt=23&_nc_ht=scontent-nrt1-1.cdninstagram.com&_nc_gid=lAGGb0982PGD7jUIo2QSQQ&_nc_ss=7a22e&oh=00_AQKuUJZtbhN0X2NwAD6KgYM3DH9Rh55mz5vlKwfOJi488A&oe=6AA1EE8C,https://www.instagram.com/p/DcuWeMKD352/
Machadão Atacadista,Limpeza / Cuidados com a Casa,Amaciante Concentrado Comfort 1L,18.9,01/09/2026,https://scontent-nrt6-1.cdninstagram.com/v/t39.30808-6/788717108_1363962009157090_7645430109379984108_n.jpg?stp=dst-jpg_e35_tt6&_nc_cat=110&ig_cache_key=Mzk3NjIxNDMzMjA1Njc3MzMzMA%3D%3D.3-ccb7-5&ccb=7-5&_nc_sid=58cdad&efg=eyJ2ZW5jb2RlX3RhZyI6IkNBUk9VU0VMX0lURU0ueHBpZHMuMTYzOC5zZHIucmVndWxhcl9waG90by5DMyJ9&_nc_ohc=-JVLd9gM9c8Q7kNvwH5gmot&_nc_oc=Adqb4FV0BlK1UaHMCus6P03VTk3fWzLNWwoddj_shm66PKNSqSzdb4rPloipWa2Vbp4RZRtXsDYLCWY1BrPGKGuz&_nc_ad=z-m&_nc_cid=0&_nc_zt=23&_nc_ht=scontent-nrt6-1.cdninstagram.com&_nc_gid=lAGGb0982PGD7jUIo2QSQQ&_nc_ss=7a22e&oh=00_AQJ9xeow80FEHLUxM18_QyBki3Gqqf429drZ9oeEnCGTaQ&oe=6AA1E8D3,https://www.instagram.com/p/DcuWeMKD352/
Machadão Atacadista,Limpeza / Cuidados com a Casa,Amaciante Concentrado Comfort 1L,18.9,01/09/2026,https://scontent-nrt6-1.cdninstagram.com/v/t39.30808-6/788953852_1363962525823705_7158709731603332512_n.jpg?stp=dst-jpg_e35_tt6&_nc_cat=105&ig_cache_key=Mzk3NjIxNDMzMDg3Mzk1MDI0Mw%3D%3D.3-ccb7-5&ccb=7-5&_nc_sid=58cdad&efg=eyJ2ZW5jb2RlX3RhZyI6IkNBUk9VU0VMX0lURU0ueHBpZHMuMTYzOC5zZHIucmVndWxhcl9waG90by5DMyJ9&_nc_ohc=ydM-R8J21eIQ7kNvwEeklkt&_nc_oc=AdratrKY-tPFD-uUWliBbti6lQ0YnO7pxm-Nbe2psNN_nNby6Wz71gaZuPJDfOgPDtz1qMbSeo4YKHl-Ku7byIHN&_nc_ad=z-m&_nc_cid=0&_nc_zt=23&_nc_ht=scontent-nrt6-1.cdninstagram.com&_nc_gid=lAGGb0982PGD7jUIo2QSQQ&_nc_ss=7a22e&oh=00_AQKhDs3JBK6w4VaHXkSlKubO8OUe9oDY6yALrNKdkPxUJQ&oe=6AA1D51F,https://www.instagram.com/p/DcuWeMKD352/
Machadão Atacadista,Limpeza / Cuidados com a Casa,Sabão em Pó Tixan Ypê Primavera 8kg,79.9,01/09/2026,https://scontent-nrt1-1.cdninstagram.com/v/t39.30808-6/788880664_1363962219157069_5966186908781895719_n.jpg?stp=dst-jpg_e35_tt6&_nc_cat=108&ig_cache_key=Mzk3NjIxNDMzMDk4MzA0NjUzNQ%3D%3D.3-ccb7-5&ccb=7-5&_nc_sid=58cdad&efg=eyJ2ZW5jb2RlX3RhZyI6IkNBUk9VU0VMX0lURU0ueHBpZHMuMTYzOC5zZHIucmVndWxhcl9waG90by5DMyJ9&_nc_ohc=mvMDjMZZ8K8Q7kNvwEr95Kf&_nc_oc=AdpDd4tA0FGceVhp6PR8JiduONuXuE_e5iHh01aOgqsRwj_0bEqtmY8pw24qpadXMieJMPV6oB0_GG5VO5FuiNxT&_nc_ad=z-m&_nc_cid=0&_nc_zt=23&_nc_ht=scontent-nrt1-1.cdninstagram.com&_nc_gid=lAGGb0982PGD7jUIo2QSQQ&_nc_ss=7a22e&oh=00_AQKuUJZtbhN0X2NwAD6KgYM3DH9Rh55mz5vlKwfOJi488A&oe=6AA1EE8C,https://www.instagram.com/p/DcuWeMKD352/
Machadão Atacadista,Limpeza / Cuidados com a Casa,Sabão em Pó Tixan Ypê Primavera 8kg,79.9,01/09/2026,https://scontent-nrt6-1.cdninstagram.com/v/t39.30808-6/788717108_1363962009157090_7645430109379984108_n.jpg?stp=dst-jpg_e35_tt6&_nc_cat=110&ig_cache_key=Mzk3NjIxNDMzMjA1Njc3MzMzMA%3D%3D.3-ccb7-5&ccb=7-5&_nc_sid=58cdad&efg=eyJ2ZW5jb2RlX3RhZyI6IkNBUk9VU0VMX0lURU0ueHBpZHMuMTYzOC5zZHIucmVndWxhcl9waG90by5DMyJ9&_nc_ohc=-JVLd9gM9c8Q7kNvwH5gmot&_nc_oc=Adqb4FV0BlK1UaHMCus6P03VTk3fWzLNWwoddj_shm66PKNSqSzdb4rPloipWa2Vbp4RZRtXsDYLCWY1BrPGKGuz&_nc_ad=z-m&_nc_cid=0&_nc_zt=23&_nc_ht=scontent-nrt6-1.cdninstagram.com&_nc_gid=lAGGb0982PGD7jUIo2QSQQ&_nc_ss=7a22e&oh=00_AQJ9xeow80FEHLUxM18_QyBki3Gqqf429drZ9oeEnCGTaQ&oe=6AA1E8D3,https://www.instagram.com/p/DcuWeMKD352/
Machadão Atacadista,Limpeza / Cuidados com a Casa,Sabão em Pó Tixan Ypê 8kg,79.9,01/09/2026,https://scontent-nrt6-1.cdninstagram.com/v/t39.30808-6/788953852_1363962525823705_7158709731603332512_n.jpg?stp=dst-jpg_e35_tt6&_nc_cat=105&ig_cache_key=Mzk3NjIxNDMzMDg3Mzk1MDI0Mw%3D%3D.3-ccb7-5&ccb=7-5&_nc_sid=58cdad&efg=eyJ2ZW5jb2RlX3RhZyI6IkNBUk9VU0VMX0lURU0ueHBpZHMuMTYzOC5zZHIucmVndWxhcl9waG90by5DMyJ9&_nc_ohc=ydM-R8J21eIQ7kNvwEeklkt&_nc_oc=AdratrKY-tPFD-uUWliBbti6lQ0YnO7pxm-Nbe2psNN_nNby6Wz71gaZuPJDfOgPDtz1qMbSeo4YKHl-Ku7byIHN&_nc_ad=z-m&_nc_cid=0&_nc_zt=23&_nc_ht=scontent-nrt6-1.cdninstagram.com&_nc_gid=lAGGb0982PGD7jUIo2QSQQ&_nc_ss=7a22e&oh=00_AQKhDs3JBK6w4VaHXkSlKubO8OUe9oDY6yALrNKdkPxUJQ&oe=6AA1D51F,https://www.instagram.com/p/DcuWeMKD352/
Supermercado São Pedro,Limpeza / Lavanderia e Louça,Sabão em Pó Brilhante 800g,10.99,31/08/2026,https://scontent-cdg4-2.cdninstagram.com/v/t39.30808-6/790651262_1508698107969972_5998080027560533600_n.jpg?stp=c0.0.1638.2048a_dst-jpg_e35_s1638x2048_tt6&_nc_cat=100&ig_cache_key=Mzk3NjE3NTA3NTkzNzgyODUwNQ%3D%3D.3-ccb7-5&ccb=7-5&_nc_sid=58cdad&efg=eyJ2ZW5jb2RlX3RhZyI6IkNBUk9VU0VMX0lURU0ueHBpZHMuMTYzOS5zZHIucmVndWxhcl9waG90by5DMyJ9&_nc_ohc=Fki5XW_PiPcQ7kNvwEMMwlZ&_nc_oc=AdoHYri7fr3UsDoMlHDK2HTgg6FCr0n3lzTEF2Q34993HV2spZuoc7_MN9hgPRznBOCMcYF6jo8s1T9ueRpp6OXR&_nc_ad=z-m&_nc_cid=0&_nc_zt=23&_nc_ht=scontent-cdg4-2.cdninstagram.com&_nc_gid=KkV6WRYKP9_jb-i1Y8eKbw&_nc_ss=7a22e&oh=00_AQJUTh19cXfffXZ1gcr5xFBtzmtRqfPEjzyBYYcYDt9CqA&oe=6AA1D649,https://www.instagram.com/p/DcuNi7YiX2_/
Machadão Atacadista,Limpeza / Lavanderia e Louça,Sabão em Pó Brilhante 800g,11.98,01/09/2026,https://scontent-nrt1-1.cdninstagram.com/v/t39.30808-6/788880664_1363962219157069_5966186908781895719_n.jpg?stp=dst-jpg_e35_tt6&_nc_cat=108&ig_cache_key=Mzk3NjIxNDMzMDk4MzA0NjUzNQ%3D%3D.3-ccb7-5&ccb=7-5&_nc_sid=58cdad&efg=eyJ2ZW5jb2RlX3RhZyI6IkNBUk9VU0VMX0lURU0ueHBpZHMuMTYzOC5zZHIucmVndWxhcl9waG90by5DMyJ9&_nc_ohc=mvMDjMZZ8K8Q7kNvwEr95Kf&_nc_oc=AdpDd4tA0FGceVhp6PR8JiduONuXuE_e5iHh01aOgqsRwj_0bEqtmY8pw24qpadXMieJMPV6oB0_GG5VO5FuiNxT&_nc_ad=z-m&_nc_cid=0&_nc_zt=23&_nc_ht=scontent-nrt1-1.cdninstagram.com&_nc_gid=lAGGb0982PGD7jUIo2QSQQ&_nc_ss=7a22e&oh=00_AQKuUJZtbhN0X2NwAD6KgYM3DH9Rh55mz5vlKwfOJi488A&oe=6AA1EE8C,https://www.instagram.com/p/DcuWeMKD352/
Machadão Atacadista,Limpeza / Lavanderia e Louça,Sabão em Pó Brilhante 800g,11.98,01/09/2026,https://scontent-nrt6-1.cdninstagram.com/v/t39.30808-6/788717108_1363962009157090_7645430109379984108_n.jpg?stp=dst-jpg_e35_tt6&_nc_cat=110&ig_cache_key=Mzk3NjIxNDMzMjA1Njc3MzMzMA%3D%3D.3-ccb7-5&ccb=7-5&_nc_sid=58cdad&efg=eyJ2ZW5jb2RlX3RhZyI6IkNBUk9VU0VMX0lURU0ueHBpZHMuMTYzOC5zZHIucmVndWxhcl9waG90by5DMyJ9&_nc_ohc=-JVLd9gM9c8Q7kNvwH5gmot&_nc_oc=Adqb4FV0BlK1UaHMCus6P03VTk3fWzLNWwoddj_shm66PKNSqSzdb4rPloipWa2Vbp4RZRtXsDYLCWY1BrPGKGuz&_nc_ad=z-m&_nc_cid=0&_nc_zt=23&_nc_ht=scontent-nrt6-1.cdninstagram.com&_nc_gid=lAGGb0982PGD7jUIo2QSQQ&_nc_ss=7a22e&oh=00_AQJ9xeow80FEHLUxM18_QyBki3Gqqf429drZ9oeEnCGTaQ&oe=6AA1E8D3,https://www.instagram.com/p/DcuWeMKD352/
Machadão Atacadista,Limpeza / Lavanderia e Louça,Sabão em Pó Brilhante 800g,11.98,01/09/2026,https://scontent-nrt6-1.cdninstagram.com/v/t39.30808-6/788953852_1363962525823705_7158709731603332512_n.jpg?stp=dst-jpg_e35_tt6&_nc_cat=105&ig_cache_key=Mzk3NjIxNDMzMDg3Mzk1MDI0Mw%3D%3D.3-ccb7-5&ccb=7-5&_nc_sid=58cdad&efg=eyJ2ZW5jb2RlX3RhZyI6IkNBUk9VU0VMX0lURU0ueHBpZHMuMTYzOC5zZHIucmVndWxhcl9waG90by5DMyJ9&_nc_ohc=ydM-R8J21eIQ7kNvwEeklkt&_nc_oc=AdratrKY-tPFD-uUWliBbti6lQ0YnO7pxm-Nbe2psNN_nNby6Wz71gaZuPJDfOgPDtz1qMbSeo4YKHl-Ku7byIHN&_nc_ad=z-m&_nc_cid=0&_nc_zt=23&_nc_ht=scontent-nrt6-1.cdninstagram.com&_nc_gid=lAGGb0982PGD7jUIo2QSQQ&_nc_ss=7a22e&oh=00_AQKhDs3JBK6w4VaHXkSlKubO8OUe9oDY6yALrNKdkPxUJQ&oe=6AA1D51F,https://www.instagram.com/p/DcuWeMKD352/
Super Compras Supermercado,Limpeza / Lavanderia e Louça,Sabão em Pó Ace 4kg,26.99,31/08/2026,https://scontent-iad3-2.cdninstagram.com/v/t51.82787-15/791974186_18193115938391764_5859732845031236442_n.jpg?stp=dst-jpg_e35_tt6&_nc_cat=105&ig_cache_key=Mzk3NTQ2MjE2MTk0MjIyOTY3Mg%3D%3D.3-ccb7-5&ccb=7-5&_nc_sid=58cdad&efg=eyJ2ZW5jb2RlX3RhZyI6IkNBUk9VU0VMX0lURU0ueHBpZHMuMTQ0MC5zZHIucmVndWxhcl9waG90by5DMyJ9&_nc_ohc=tPx9Y0j56JUQ7kNvwHvP4g1&_nc_oc=AdoMfs8co1mOrDKbTqcJX_y7gLKY0ibGl1h8NtgJIJK8mEHSNKppGUNZiU_u48-Iv-s&_nc_ad=z-m&_nc_cid=0&_nc_zt=23&_nc_ht=scontent-iad3-2.cdninstagram.com&_nc_gid=O8VmzZK6zjT42mNrWlVNkw&_nc_ss=7a22e&oh=00_AQLTaiOVhNCjAhU9M2KO3sUP--fK0-tJOR8eiInubjrjeg&oe=6AA1CFB6,https://www.instagram.com/p/DcrreFFEorJ/
Machadão Atacadista,Mercearia / Arroz,Arroz tipo 1 Koblenz 5kg,20.9,01/09/2026,https://scontent-nrt1-2.cdninstagram.com/v/t39.30808-6/789618270_1363962609157030_3615491432982247221_n.jpg?stp=dst-jpg_e35_tt6&_nc_cat=101&ig_cache_key=Mzk3NjIxNDMzMTkzMDk1NjQzNw%3D%3D.3-ccb7-5&ccb=7-5&_nc_sid=58cdad&efg=eyJ2ZW5jb2RlX3RhZyI6IkNBUk9VU0VMX0lURU0ueHBpZHMuMTYzOC5zZHIucmVndWxhcl9waG90by5DMyJ9&_nc_ohc=LWeQr5ZiUMIQ7kNvwG2EpOW&_nc_oc=AdqTmKj8gPcVQGDJZvbSQiS2g1MfVx7gs5N1SmrN0Cw7uV-z_YRJMK5F8nupD-pCr3qX79cSlQC3hL_FWrV1uvSB&_nc_ad=z-m&_nc_cid=0&_nc_zt=23&_nc_ht=scontent-nrt1-2.cdninstagram.com&_nc_gid=lAGGb0982PGD7jUIo2QSQQ&_nc_ss=7a22e&oh=00_AQKhWRg444QWKGhs6d-h3vLo8t6ZNiKq99X21URU7yJzWA&oe=6AA1F626,https://www.instagram.com/p/DcuWeMKD352/
Machadão Atacadista,Mercearia / Arroz,Arroz tipo 1 Koblenz 5kg,20.9,01/09/2026,https://scontent-nrt6-1.cdninstagram.com/v/t39.30808-6/788766900_1363961989157092_7149980708576029676_n.jpg?stp=dst-jpg_e35_tt6&_nc_cat=105&ig_cache_key=Mzk3NjIxNDMzMjMyNTE5OTQzMw%3D%3D.3-ccb7-5&ccb=7-5&_nc_sid=58cdad&efg=eyJ2ZW5jb2RlX3RhZyI6IkNBUk9VU0VMX0lURU0ueHBpZHMuMTYzOC5zZHIucmVndWxhcl9waG90by5DMyJ9&_nc_ohc=vw1LTHI3qF8Q7kNvwEXrSdJ&_nc_oc=AdoyvIq8FIBaRiGmwYlE2xtd86PIXoiFhZ0oX0Wl4h4RfvbrnNi6fAr5hFcGVpJYpVVFueZx_lm-HUYteN507Tn8&_nc_ad=z-m&_nc_cid=0&_nc_zt=23&_nc_ht=scontent-nrt6-1.cdninstagram.com&_nc_gid=lAGGb0982PGD7jUIo2QSQQ&_nc_ss=7a22e&oh=00_AQJgxbXvmanVRNfMygUeg_ZwlDCNW-deQSdj1C1RXnxF_Q&oe=6AA1F2D0,https://www.instagram.com/p/DcuWeMKD352/
Machadão Atacadista,Mercearia / Arroz,Arroz tipo 1 Koblenz 5kg,20.9,01/09/2026,https://scontent-nrt1-2.cdninstagram.com/v/t39.30808-6/790209214_1363962295823728_6184311664090934208_n.jpg?stp=dst-jpg_e35_tt6&_nc_cat=101&ig_cache_key=Mzk3NjIxNDMzMTA5MjA0NzE3Mg%3D%3D.3-ccb7-5&ccb=7-5&_nc_sid=58cdad&efg=eyJ2ZW5jb2RlX3RhZyI6IkNBUk9VU0VMX0lURU0ueHBpZHMuMTYzOC5zZHIucmVndWxhcl9waG90by5DMyJ9&_nc_ohc=RBvtfYik74QQ7kNvwHZ03vk&_nc_oc=Adplqmx-VaY-bWG92HbQ3dr7yppIyRkEnutrUSHhupZEDzy1Uhl6Fx7VZCzV4KisBE4zetbu-VhHS7hEC9kXw0Hs&_nc_ad=z-m&_nc_cid=0&_nc_zt=23&_nc_ht=scontent-nrt1-2.cdninstagram.com&_nc_gid=lAGGb0982PGD7jUIo2QSQQ&_nc_ss=7a22e&oh=00_AQLYlzQw4d8rU8cIUjYZf1dqWSkrD5iPGFARWMM2Nk0o1A&oe=6AA1FBAE,https://www.instagram.com/p/DcuWeMKD352/
Supermercado São Pedro,Mercearia / Arroz,Arroz Kumbuca 5kg,21.89,31/08/2026,https://scontent-cdg4-2.cdninstagram.com/v/t39.30808-6/790341028_1508698111303305_6101754768913825516_n.jpg?stp=c0.0.1638.2048a_dst-jpg_e35_s1638x2048_tt6&_nc_cat=107&ig_cache_key=Mzk3NjE3NTA3NTg4NzQ4NDk5OQ%3D%3D.3-ccb7-5&ccb=7-5&_nc_sid=58cdad&efg=eyJ2ZW5jb2RlX3RhZyI6IkNBUk9VU0VMX0lURU0ueHBpZHMuMTYzOS5zZHIucmVndWxhcl9waG90by5DMyJ9&_nc_ohc=3okOtetE7JoQ7kNvwFdiYSP&_nc_oc=AdruwQ7RYBqChozifVRz-lMJD-lopf6VLGYXYqviECs5n_Yf7S4NqY4qnCB-8cUHNdcPwRRqiQckKVeXe3RFXJHo&_nc_ad=z-m&_nc_cid=0&_nc_zt=23&_nc_ht=scontent-cdg4-2.cdninstagram.com&_nc_gid=KkV6WRYKP9_jb-i1Y8eKbw&_nc_ss=7a22e&oh=00_AQIbehEPo8vK43UkYPz3nnVbRk2WiJCkkzL5cl6w11xvjQ&oe=6AA1EA27,https://www.instagram.com/p/DcuNi7YiX2_/
Supermercado São Pedro,Mercearia / Açúcar,Açúcar Cristal Itamarati 2kg,4.99,31/08/2026,https://scontent-cdg4-2.cdninstagram.com/v/t39.30808-6/790651262_1508698107969972_5998080027560533600_n.jpg?stp=c0.0.1638.2048a_dst-jpg_e35_s1638x2048_tt6&_nc_cat=100&ig_cache_key=Mzk3NjE3NTA3NTkzNzgyODUwNQ%3D%3D.3-ccb7-5&ccb=7-5&_nc_sid=58cdad&efg=eyJ2ZW5jb2RlX3RhZyI6IkNBUk9VU0VMX0lURU0ueHBpZHMuMTYzOS5zZHIucmVndWxhcl9waG90by5DMyJ9&_nc_ohc=Fki5XW_PiPcQ7kNvwEMMwlZ&_nc_oc=AdoHYri7fr3UsDoMlHDK2HTgg6FCr0n3lzTEF2Q34993HV2spZuoc7_MN9hgPRznBOCMcYF6jo8s1T9ueRpp6OXR&_nc_ad=z-m&_nc_cid=0&_nc_zt=23&_nc_ht=scontent-cdg4-2.cdninstagram.com&_nc_gid=KkV6WRYKP9_jb-i1Y8eKbw&_nc_ss=7a22e&oh=00_AQJUTh19cXfffXZ1gcr5xFBtzmtRqfPEjzyBYYcYDt9CqA&oe=6AA1D649,https://www.instagram.com/p/DcuNi7YiX2_/
Supermercado Tuiuiú,Mercearia / Biscoitos e Doces,Biscoito Apache 76g,1.19,02/09/2026,https://scontent-cdg4-1.cdninstagram.com/v/t51.82787-15/792157898_18583652440067900_5431933029132674723_n.jpg?stp=dst-jpg_e35_tt6&_nc_cat=102&ig_cache_key=Mzk3NzY1NDAwMjM4NDcxMTU2Nw%3D%3D.3-ccb7-5&ccb=7-5&_nc_sid=58cdad&efg=eyJ2ZW5jb2RlX3RhZyI6IkNBUk9VU0VMX0lURU0ueHBpZHMuMTA4MC5zZHIucmVndWxhcl9waG90by5DMyJ9&_nc_ohc=7pKKlX5TGgEQ7kNvwGZpZFz&_nc_oc=Adouhx2Pp_4rNXFDMTdea9hbGBiRgQDR0iMtQyEcZp6kYED-5K9BxyW3PdO_0MPnZiA&_nc_ad=z-m&_nc_cid=0&_nc_zt=23&_nc_ht=scontent-cdg4-1.cdninstagram.com&_nc_gid=ul7NelFSqRz8ov3NaScWTw&_nc_ss=7a22e&oh=00_AQLci4yhl1urXeY2zJg1z3PfEfdFpxQoIsg3vZlnlZMHuQ&oe=6AA1FFBE,https://www.instagram.com/p/Dczd0LlkeC6/
Machadão Atacadista,Mercearia / Biscoitos e Doces,Biscoito Rosquinha Coco Marilan 500g,4.99,01/09/2026,https://scontent-nrt1-2.cdninstagram.com/v/t39.30808-6/789618270_1363962609157030_3615491432982247221_n.jpg?stp=dst-jpg_e35_tt6&_nc_cat=101&ig_cache_key=Mzk3NjIxNDMzMTkzMDk1NjQzNw%3D%3D.3-ccb7-5&ccb=7-5&_nc_sid=58cdad&efg=eyJ2ZW5jb2RlX3RhZyI6IkNBUk9VU0VMX0lURU0ueHBpZHMuMTYzOC5zZHIucmVndWxhcl9waG90by5DMyJ9&_nc_ohc=LWeQr5ZiUMIQ7kNvwG2EpOW&_nc_oc=AdqTmKj8gPcVQGDJZvbSQiS2g1MfVx7gs5N1SmrN0Cw7uV-z_YRJMK5F8nupD-pCr3qX79cSlQC3hL_FWrV1uvSB&_nc_ad=z-m&_nc_cid=0&_nc_zt=23&_nc_ht=scontent-nrt1-2.cdninstagram.com&_nc_gid=lAGGb0982PGD7jUIo2QSQQ&_nc_ss=7a22e&oh=00_AQKhWRg444QWKGhs6d-h3vLo8t6ZNiKq99X21URU7yJzWA&oe=6AA1F626,https://www.instagram.com/p/DcuWeMKD352/
Machadão Atacadista,Mercearia / Biscoitos e Doces,Biscoito Rosquinha Coco Marilan 500g,4.99,01/09/2026,https://scontent-nrt6-1.cdninstagram.com/v/t39.30808-6/788766900_1363961989157092_7149980708576029676_n.jpg?stp=dst-jpg_e35_tt6&_nc_cat=105&ig_cache_key=Mzk3NjIxNDMzMjMyNTE5OTQzMw%3D%3D.3-ccb7-5&ccb=7-5&_nc_sid=58cdad&efg=eyJ2ZW5jb2RlX3RhZyI6IkNBUk9VU0VMX0lURU0ueHBpZHMuMTYzOC5zZHIucmVndWxhcl9waG90by5DMyJ9&_nc_ohc=vw1LTHI3qF8Q7kNvwEXrSdJ&_nc_oc=AdoyvIq8FIBaRiGmwYlE2xtd86PIXoiFhZ0oX0Wl4h4RfvbrnNi6fAr5hFcGVpJYpVVFueZx_lm-HUYteN507Tn8&_nc_ad=z-m&_nc_cid=0&_nc_zt=23&_nc_ht=scontent-nrt6-1.cdninstagram.com&_nc_gid=lAGGb0982PGD7jUIo2QSQQ&_nc_ss=7a22e&oh=00_AQJgxbXvmanVRNfMygUeg_ZwlDCNW-deQSdj1C1RXnxF_Q&oe=6AA1F2D0,https://www.instagram.com/p/DcuWeMKD352/
Machadão Atacadista,Mercearia / Biscoitos e Doces,Biscoito Rosquinha Coco Marilan 500g,4.99,01/09/2026,https://scontent-nrt1-2.cdninstagram.com/v/t39.30808-6/790209214_1363962295823728_6184311664090934208_n.jpg?stp=dst-jpg_e35_tt6&_nc_cat=101&ig_cache_key=Mzk3NjIxNDMzMTA5MjA0NzE3Mg%3D%3D.3-ccb7-5&ccb=7-5&_nc_sid=58cdad&efg=eyJ2ZW5jb2RlX3RhZyI6IkNBUk9VU0VMX0lURU0ueHBpZHMuMTYzOC5zZHIucmVndWxhcl9waG90by5DMyJ9&_nc_ohc=RBvtfYik74QQ7kNvwHZ03vk&_nc_oc=Adplqmx-VaY-bWG92HbQ3dr7yppIyRkEnutrUSHhupZEDzy1Uhl6Fx7VZCzV4KisBE4zetbu-VhHS7hEC9kXw0Hs&_nc_ad=z-m&_nc_cid=0&_nc_zt=23&_nc_ht=scontent-nrt1-2.cdninstagram.com&_nc_gid=lAGGb0982PGD7jUIo2QSQQ&_nc_ss=7a22e&oh=00_AQLYlzQw4d8rU8cIUjYZf1dqWSkrD5iPGFARWMM2Nk0o1A&oe=6AA1FBAE,https://www.instagram.com/p/DcuWeMKD352/
Machadão Atacadista,Mercearia / Biscoitos e Doces,Biscoito Oreo 144g,5.99,01/09/2026,https://scontent-nrt1-2.cdninstagram.com/v/t39.30808-6/789618270_1363962609157030_3615491432982247221_n.jpg?stp=dst-jpg_e35_tt6&_nc_cat=101&ig_cache_key=Mzk3NjIxNDMzMTkzMDk1NjQzNw%3D%3D.3-ccb7-5&ccb=7-5&_nc_sid=58cdad&efg=eyJ2ZW5jb2RlX3RhZyI6IkNBUk9VU0VMX0lURU0ueHBpZHMuMTYzOC5zZHIucmVndWxhcl9waG90by5DMyJ9&_nc_ohc=LWeQr5ZiUMIQ7kNvwG2EpOW&_nc_oc=AdqTmKj8gPcVQGDJZvbSQiS2g1MfVx7gs5N1SmrN0Cw7uV-z_YRJMK5F8nupD-pCr3qX79cSlQC3hL_FWrV1uvSB&_nc_ad=z-m&_nc_cid=0&_nc_zt=23&_nc_ht=scontent-nrt1-2.cdninstagram.com&_nc_gid=lAGGb0982PGD7jUIo2QSQQ&_nc_ss=7a22e&oh=00_AQKhWRg444QWKGhs6d-h3vLo8t6ZNiKq99X21URU7yJzWA&oe=6AA1F626,https://www.instagram.com/p/DcuWeMKD352/
Machadão Atacadista,Mercearia / Biscoitos e Doces,Biscoito Oreo 144g,5.99,01/09/2026,https://scontent-nrt6-1.cdninstagram.com/v/t39.30808-6/788766900_1363961989157092_7149980708576029676_n.jpg?stp=dst-jpg_e35_tt6&_nc_cat=105&ig_cache_key=Mzk3NjIxNDMzMjMyNTE5OTQzMw%3D%3D.3-ccb7-5&ccb=7-5&_nc_sid=58cdad&efg=eyJ2ZW5jb2RlX3RhZyI6IkNBUk9VU0VMX0lURU0ueHBpZHMuMTYzOC5zZHIucmVndWxhcl9waG90by5DMyJ9&_nc_ohc=vw1LTHI3qF8Q7kNvwEXrSdJ&_nc_oc=AdoyvIq8FIBaRiGmwYlE2xtd86PIXoiFhZ0oX0Wl4h4RfvbrnNi6fAr5hFcGVpJYpVVFueZx_lm-HUYteN507Tn8&_nc_ad=z-m&_nc_cid=0&_nc_zt=23&_nc_ht=scontent-nrt6-1.cdninstagram.com&_nc_gid=lAGGb0982PGD7jUIo2QSQQ&_nc_ss=7a22e&oh=00_AQJgxbXvmanVRNfMygUeg_ZwlDCNW-deQSdj1C1RXnxF_Q&oe=6AA1F2D0,https://www.instagram.com/p/DcuWeMKD352/
Machadão Atacadista,Mercearia / Biscoitos e Doces,Biscoito Oreo Lacta 144g,5.99,01/09/2026,https://scontent-nrt1-2.cdninstagram.com/v/t39.30808-6/790209214_1363962295823728_6184311664090934208_n.jpg?stp=dst-jpg_e35_tt6&_nc_cat=101&ig_cache_key=Mzk3NjIxNDMzMTA5MjA0NzE3Mg%3D%3D.3-ccb7-5&ccb=7-5&_nc_sid=58cdad&efg=eyJ2ZW5jb2RlX3RhZyI6IkNBUk9VU0VMX0lURU0ueHBpZHMuMTYzOC5zZHIucmVndWxhcl9waG90by5DMyJ9&_nc_ohc=RBvtfYik74QQ7kNvwHZ03vk&_nc_oc=Adplqmx-VaY-bWG92HbQ3dr7yppIyRkEnutrUSHhupZEDzy1Uhl6Fx7VZCzV4KisBE4zetbu-VhHS7hEC9kXw0Hs&_nc_ad=z-m&_nc_cid=0&_nc_zt=23&_nc_ht=scontent-nrt1-2.cdninstagram.com&_nc_gid=lAGGb0982PGD7jUIo2QSQQ&_nc_ss=7a22e&oh=00_AQLYlzQw4d8rU8cIUjYZf1dqWSkrD5iPGFARWMM2Nk0o1A&oe=6AA1FBAE,https://www.instagram.com/p/DcuWeMKD352/
Supermercado São Pedro,Mercearia / Biscoitos e Doces,Rosquinhas de Coco Mabel 600g,7.49,31/08/2026,https://scontent-cdg4-2.cdninstagram.com/v/t39.30808-6/790341028_1508698111303305_6101754768913825516_n.jpg?stp=c0.0.1638.2048a_dst-jpg_e35_s1638x2048_tt6&_nc_cat=107&ig_cache_key=Mzk3NjE3NTA3NTg4NzQ4NDk5OQ%3D%3D.3-ccb7-5&ccb=7-5&_nc_sid=58cdad&efg=eyJ2ZW5jb2RlX3RhZyI6IkNBUk9VU0VMX0lURU0ueHBpZHMuMTYzOS5zZHIucmVndWxhcl9waG90by5DMyJ9&_nc_ohc=3okOtetE7JoQ7kNvwFdiYSP&_nc_oc=AdruwQ7RYBqChozifVRz-lMJD-lopf6VLGYXYqviECs5n_Yf7S4NqY4qnCB-8cUHNdcPwRRqiQckKVeXe3RFXJHo&_nc_ad=z-m&_nc_cid=0&_nc_zt=23&_nc_ht=scontent-cdg4-2.cdninstagram.com&_nc_gid=KkV6WRYKP9_jb-i1Y8eKbw&_nc_ss=7a22e&oh=00_AQIbehEPo8vK43UkYPz3nnVbRk2WiJCkkzL5cl6w11xvjQ&oe=6AA1EA27,https://www.instagram.com/p/DcuNi7YiX2_/
Supermercado Tuiuiú,Mercearia / Biscoitos e Doces,Creme de Avelã Toddy 750g,15.99,02/09/2026,https://scontent-cdg4-1.cdninstagram.com/v/t51.82787-15/792157898_18583652440067900_5431933029132674723_n.jpg?stp=dst-jpg_e35_tt6&_nc_cat=102&ig_cache_key=Mzk3NzY1NDAwMjM4NDcxMTU2Nw%3D%3D.3-ccb7-5&ccb=7-5&_nc_sid=58cdad&efg=eyJ2ZW5jb2RlX3RhZyI6IkNBUk9VU0VMX0lURU0ueHBpZHMuMTA4MC5zZHIucmVndWxhcl9waG90by5DMyJ9&_nc_ohc=7pKKlX5TGgEQ7kNvwGZpZFz&_nc_oc=Adouhx2Pp_4rNXFDMTdea9hbGBiRgQDR0iMtQyEcZp6kYED-5K9BxyW3PdO_0MPnZiA&_nc_ad=z-m&_nc_cid=0&_nc_zt=23&_nc_ht=scontent-cdg4-1.cdninstagram.com&_nc_gid=ul7NelFSqRz8ov3NaScWTw&_nc_ss=7a22e&oh=00_AQLci4yhl1urXeY2zJg1z3PfEfdFpxQoIsg3vZlnlZMHuQ&oe=6AA1FFBE,https://www.instagram.com/p/Dczd0LlkeC6/
SUPERMERCADO PARANAENSE,Mercearia / Biscoitos e Doces,Pasta de Biscoito Lotus Biscoff 380g,35.99,02/09/2026,https://scontent-lhr11-1.cdninstagram.com/v/t51.82787-15/791336028_17908302942496981_783060434437232978_n.jpg?stp=dst-jpg_e35_tt6&_nc_cat=100&ig_cache_key=Mzk3NzMwMjcyNzMzNzU3NDI1MQ%3D%3D.3-ccb7-5&ccb=7-5&_nc_sid=58cdad&efg=eyJ2ZW5jb2RlX3RhZyI6IkZFRUQueHBpZHMuMzA3Mi5zZHIucmVndWxhcl9waG90by5DMyJ9&_nc_ohc=z9mAKEBjbqUQ7kNvwFIbKsZ&_nc_oc=AdqdvJpZQKr97PdNKHiPhoIZmkvqlrXThNy8jFnFe07j65xFXVQ0cmawtN0j5Ck2iEGzoFm4eCYUM_s9BlyGaF-i&_nc_ad=z-m&_nc_cid=0&_nc_zt=23&_nc_ht=scontent-lhr11-1.cdninstagram.com&_nc_gid=XuPYJsn-JiB4h0LZyHkmcw&_nc_ss=7a22e&oh=00_AQIQVYDkpeGzmfofu674IJ9ozpvNL4UzXWxy1-ULahAQEg&oe=6AA1CEF2,https://www.instagram.com/p/DcyN8IDJf9r/
Super Compras Supermercado,Mercearia / Café,Café Quitada 250g,15.99,31/08/2026,https://scontent-iad3-2.cdninstagram.com/v/t51.82787-15/791974186_18193115938391764_5859732845031236442_n.jpg?stp=dst-jpg_e35_tt6&_nc_cat=105&ig_cache_key=Mzk3NTQ2MjE2MTk0MjIyOTY3Mg%3D%3D.3-ccb7-5&ccb=7-5&_nc_sid=58cdad&efg=eyJ2ZW5jb2RlX3RhZyI6IkNBUk9VU0VMX0lURU0ueHBpZHMuMTQ0MC5zZHIucmVndWxhcl9waG90by5DMyJ9&_nc_ohc=tPx9Y0j56JUQ7kNvwHvP4g1&_nc_oc=AdoMfs8co1mOrDKbTqcJX_y7gLKY0ibGl1h8NtgJIJK8mEHSNKppGUNZiU_u48-Iv-s&_nc_ad=z-m&_nc_cid=0&_nc_zt=23&_nc_ht=scontent-iad3-2.cdninstagram.com&_nc_gid=O8VmzZK6zjT42mNrWlVNkw&_nc_ss=7a22e&oh=00_AQLTaiOVhNCjAhU9M2KO3sUP--fK0-tJOR8eiInubjrjeg&oe=6AA1CFB6,https://www.instagram.com/p/DcrreFFEorJ/
Machadão Atacadista,Mercearia / Café,Café Brasileiro 500g,20.9,01/09/2026,https://scontent-nrt1-2.cdninstagram.com/v/t39.30808-6/789618270_1363962609157030_3615491432982247221_n.jpg?stp=dst-jpg_e35_tt6&_nc_cat=101&ig_cache_key=Mzk3NjIxNDMzMTkzMDk1NjQzNw%3D%3D.3-ccb7-5&ccb=7-5&_nc_sid=58cdad&efg=eyJ2ZW5jb2RlX3RhZyI6IkNBUk9VU0VMX0lURU0ueHBpZHMuMTYzOC5zZHIucmVndWxhcl9waG90by5DMyJ9&_nc_ohc=LWeQr5ZiUMIQ7kNvwG2EpOW&_nc_oc=AdqTmKj8gPcVQGDJZvbSQiS2g1MfVx7gs5N1SmrN0Cw7uV-z_YRJMK5F8nupD-pCr3qX79cSlQC3hL_FWrV1uvSB&_nc_ad=z-m&_nc_cid=0&_nc_zt=23&_nc_ht=scontent-nrt1-2.cdninstagram.com&_nc_gid=lAGGb0982PGD7jUIo2QSQQ&_nc_ss=7a22e&oh=00_AQKhWRg444QWKGhs6d-h3vLo8t6ZNiKq99X21URU7yJzWA&oe=6AA1F626,https://www.instagram.com/p/DcuWeMKD352/
Machadão Atacadista,Mercearia / Café,Café Brasileiro 500g,20.9,01/09/2026,https://scontent-nrt6-1.cdninstagram.com/v/t39.30808-6/788766900_1363961989157092_7149980708576029676_n.jpg?stp=dst-jpg_e35_tt6&_nc_cat=105&ig_cache_key=Mzk3NjIxNDMzMjMyNTE5OTQzMw%3D%3D.3-ccb7-5&ccb=7-5&_nc_sid=58cdad&efg=eyJ2ZW5jb2RlX3RhZyI6IkNBUk9VU0VMX0lURU0ueHBpZHMuMTYzOC5zZHIucmVndWxhcl9waG90by5DMyJ9&_nc_ohc=vw1LTHI3qF8Q7kNvwEXrSdJ&_nc_oc=AdoyvIq8FIBaRiGmwYlE2xtd86PIXoiFhZ0oX0Wl4h4RfvbrnNi6fAr5hFcGVpJYpVVFueZx_lm-HUYteN507Tn8&_nc_ad=z-m&_nc_cid=0&_nc_zt=23&_nc_ht=scontent-nrt6-1.cdninstagram.com&_nc_gid=lAGGb0982PGD7jUIo2QSQQ&_nc_ss=7a22e&oh=00_AQJgxbXvmanVRNfMygUeg_ZwlDCNW-deQSdj1C1RXnxF_Q&oe=6AA1F2D0,https://www.instagram.com/p/DcuWeMKD352/
Machadão Atacadista,Mercearia / Café,Café Brasileiro 500g,20.9,01/09/2026,https://scontent-nrt1-2.cdninstagram.com/v/t39.30808-6/790209214_1363962295823728_6184311664090934208_n.jpg?stp=dst-jpg_e35_tt6&_nc_cat=101&ig_cache_key=Mzk3NjIxNDMzMTA5MjA0NzE3Mg%3D%3D.3-ccb7-5&ccb=7-5&_nc_sid=58cdad&efg=eyJ2ZW5jb2RlX3RhZyI6IkNBUk9VU0VMX0lURU0ueHBpZHMuMTYzOC5zZHIucmVndWxhcl9waG90by5DMyJ9&_nc_ohc=RBvtfYik74QQ7kNvwHZ03vk&_nc_oc=Adplqmx-VaY-bWG92HbQ3dr7yppIyRkEnutrUSHhupZEDzy1Uhl6Fx7VZCzV4KisBE4zetbu-VhHS7hEC9kXw0Hs&_nc_ad=z-m&_nc_cid=0&_nc_zt=23&_nc_ht=scontent-nrt1-2.cdninstagram.com&_nc_gid=lAGGb0982PGD7jUIo2QSQQ&_nc_ss=7a22e&oh=00_AQLYlzQw4d8rU8cIUjYZf1dqWSkrD5iPGFARWMM2Nk0o1A&oe=6AA1FBAE,https://www.instagram.com/p/DcuWeMKD352/
Supermercado São Pedro,Mercearia / Café,Café Pilão 500g,23.49,31/08/2026,https://scontent-cdg4-1.cdninstagram.com/v/t39.30808-6/790310368_1508698117969971_69530791300054474_n.jpg?stp=c0.0.1638.2047a_dst-jpg_e35_s1638x2047_tt6&_nc_cat=102&ig_cache_key=Mzk3NjE3NTA3NzMxMzU4MjExNA%3D%3D.3-ccb7-5&ccb=7-5&_nc_sid=58cdad&efg=eyJ2ZW5jb2RlX3RhZyI6IkNBUk9VU0VMX0lURU0ueHBpZHMuMTYzOC5zZHIucmVndWxhcl9waG90by5DMyJ9&_nc_ohc=g4n58O2K9cUQ7kNvwG3jPTj&_nc_oc=AdpmdDd85wjmpBfulogkmHKZp5Km3ddw8MwqfdkcBPbihQVafg_WOWIjlYl0fgpuMb3NX0GJRrWOguTMzwMyF606&_nc_ad=z-m&_nc_cid=0&_nc_zt=23&_nc_ht=scontent-cdg4-1.cdninstagram.com&_nc_gid=KkV6WRYKP9_jb-i1Y8eKbw&_nc_ss=7a22e&oh=00_AQKUKTtUaUuiOExiKgexFWSHsfn7WhBrZJPSmU6VLHoHDA&oe=6AA1D29A,https://www.instagram.com/p/DcuNi7YiX2_/
Supermercado São Pedro,Mercearia / Grãos e Conservas,Azeitonas Rivoli,5.69,31/08/2026,https://scontent-cdg4-2.cdninstagram.com/v/t39.30808-6/790341028_1508698111303305_6101754768913825516_n.jpg?stp=c0.0.1638.2048a_dst-jpg_e35_s1638x2048_tt6&_nc_cat=107&ig_cache_key=Mzk3NjE3NTA3NTg4NzQ4NDk5OQ%3D%3D.3-ccb7-5&ccb=7-5&_nc_sid=58cdad&efg=eyJ2ZW5jb2RlX3RhZyI6IkNBUk9VU0VMX0lURU0ueHBpZHMuMTYzOS5zZHIucmVndWxhcl9waG90by5DMyJ9&_nc_ohc=3okOtetE7JoQ7kNvwFdiYSP&_nc_oc=AdruwQ7RYBqChozifVRz-lMJD-lopf6VLGYXYqviECs5n_Yf7S4NqY4qnCB-8cUHNdcPwRRqiQckKVeXe3RFXJHo&_nc_ad=z-m&_nc_cid=0&_nc_zt=23&_nc_ht=scontent-cdg4-2.cdninstagram.com&_nc_gid=KkV6WRYKP9_jb-i1Y8eKbw&_nc_ss=7a22e&oh=00_AQIbehEPo8vK43UkYPz3nnVbRk2WiJCkkzL5cl6w11xvjQ&oe=6AA1EA27,https://www.instagram.com/p/DcuNi7YiX2_/
Machadão Atacadista,Mercearia / Massas,Macarrão de Sêmola Todeschini 500g,2.89,01/09/2026,https://scontent-nrt1-2.cdninstagram.com/v/t39.30808-6/789618270_1363962609157030_3615491432982247221_n.jpg?stp=dst-jpg_e35_tt6&_nc_cat=101&ig_cache_key=Mzk3NjIxNDMzMTkzMDk1NjQzNw%3D%3D.3-ccb7-5&ccb=7-5&_nc_sid=58cdad&efg=eyJ2ZW5jb2RlX3RhZyI6IkNBUk9VU0VMX0lURU0ueHBpZHMuMTYzOC5zZHIucmVndWxhcl9waG90by5DMyJ9&_nc_ohc=LWeQr5ZiUMIQ7kNvwG2EpOW&_nc_oc=AdqTmKj8gPcVQGDJZvbSQiS2g1MfVx7gs5N1SmrN0Cw7uV-z_YRJMK5F8nupD-pCr3qX79cSlQC3hL_FWrV1uvSB&_nc_ad=z-m&_nc_cid=0&_nc_zt=23&_nc_ht=scontent-nrt1-2.cdninstagram.com&_nc_gid=lAGGb0982PGD7jUIo2QSQQ&_nc_ss=7a22e&oh=00_AQKhWRg444QWKGhs6d-h3vLo8t6ZNiKq99X21URU7yJzWA&oe=6AA1F626,https://www.instagram.com/p/DcuWeMKD352/
Machadão Atacadista,Mercearia / Massas,Macarrão Todeschini 500g,2.89,01/09/2026,https://scontent-nrt6-1.cdninstagram.com/v/t39.30808-6/788766900_1363961989157092_7149980708576029676_n.jpg?stp=dst-jpg_e35_tt6&_nc_cat=105&ig_cache_key=Mzk3NjIxNDMzMjMyNTE5OTQzMw%3D%3D.3-ccb7-5&ccb=7-5&_nc_sid=58cdad&efg=eyJ2ZW5jb2RlX3RhZyI6IkNBUk9VU0VMX0lURU0ueHBpZHMuMTYzOC5zZHIucmVndWxhcl9waG90by5DMyJ9&_nc_ohc=vw1LTHI3qF8Q7kNvwEXrSdJ&_nc_oc=AdoyvIq8FIBaRiGmwYlE2xtd86PIXoiFhZ0oX0Wl4h4RfvbrnNi6fAr5hFcGVpJYpVVFueZx_lm-HUYteN507Tn8&_nc_ad=z-m&_nc_cid=0&_nc_zt=23&_nc_ht=scontent-nrt6-1.cdninstagram.com&_nc_gid=lAGGb0982PGD7jUIo2QSQQ&_nc_ss=7a22e&oh=00_AQJgxbXvmanVRNfMygUeg_ZwlDCNW-deQSdj1C1RXnxF_Q&oe=6AA1F2D0,https://www.instagram.com/p/DcuWeMKD352/
Machadão Atacadista,Mercearia / Massas,Macarrão Todeschini 500g,2.89,01/09/2026,https://scontent-nrt1-2.cdninstagram.com/v/t39.30808-6/790209214_1363962295823728_6184311664090934208_n.jpg?stp=dst-jpg_e35_tt6&_nc_cat=101&ig_cache_key=Mzk3NjIxNDMzMTA5MjA0NzE3Mg%3D%3D.3-ccb7-5&ccb=7-5&_nc_sid=58cdad&efg=eyJ2ZW5jb2RlX3RhZyI6IkNBUk9VU0VMX0lURU0ueHBpZHMuMTYzOC5zZHIucmVndWxhcl9waG90by5DMyJ9&_nc_ohc=RBvtfYik74QQ7kNvwHZ03vk&_nc_oc=Adplqmx-VaY-bWG92HbQ3dr7yppIyRkEnutrUSHhupZEDzy1Uhl6Fx7VZCzV4KisBE4zetbu-VhHS7hEC9kXw0Hs&_nc_ad=z-m&_nc_cid=0&_nc_zt=23&_nc_ht=scontent-nrt1-2.cdninstagram.com&_nc_gid=lAGGb0982PGD7jUIo2QSQQ&_nc_ss=7a22e&oh=00_AQLYlzQw4d8rU8cIUjYZf1dqWSkrD5iPGFARWMM2Nk0o1A&oe=6AA1FBAE,https://www.instagram.com/p/DcuWeMKD352/
Supermercado São Pedro,Mercearia / Massas,Macarrão Todeschini 500g,3.49,31/08/2026,https://scontent-cdg4-1.cdninstagram.com/v/t39.30808-6/790310368_1508698117969971_69530791300054474_n.jpg?stp=c0.0.1638.2047a_dst-jpg_e35_s1638x2047_tt6&_nc_cat=102&ig_cache_key=Mzk3NjE3NTA3NzMxMzU4MjExNA%3D%3D.3-ccb7-5&ccb=7-5&_nc_sid=58cdad&efg=eyJ2ZW5jb2RlX3RhZyI6IkNBUk9VU0VMX0lURU0ueHBpZHMuMTYzOC5zZHIucmVndWxhcl9waG90by5DMyJ9&_nc_ohc=g4n58O2K9cUQ7kNvwG3jPTj&_nc_oc=AdpmdDd85wjmpBfulogkmHKZp5Km3ddw8MwqfdkcBPbihQVafg_WOWIjlYl0fgpuMb3NX0GJRrWOguTMzwMyF606&_nc_ad=z-m&_nc_cid=0&_nc_zt=23&_nc_ht=scontent-cdg4-1.cdninstagram.com&_nc_gid=KkV6WRYKP9_jb-i1Y8eKbw&_nc_ss=7a22e&oh=00_AQKUKTtUaUuiOExiKgexFWSHsfn7WhBrZJPSmU6VLHoHDA&oe=6AA1D29A,https://www.instagram.com/p/DcuNi7YiX2_/
Supermercado São Pedro,Mercearia / Molhos e Condimentos,Molho de Tomate Sofruta 300g,1.29,31/08/2026,https://scontent-cdg4-2.cdninstagram.com/v/t39.30808-6/790341028_1508698111303305_6101754768913825516_n.jpg?stp=c0.0.1638.2048a_dst-jpg_e35_s1638x2048_tt6&_nc_cat=107&ig_cache_key=Mzk3NjE3NTA3NTg4NzQ4NDk5OQ%3D%3D.3-ccb7-5&ccb=7-5&_nc_sid=58cdad&efg=eyJ2ZW5jb2RlX3RhZyI6IkNBUk9VU0VMX0lURU0ueHBpZHMuMTYzOS5zZHIucmVndWxhcl9waG90by5DMyJ9&_nc_ohc=3okOtetE7JoQ7kNvwFdiYSP&_nc_oc=AdruwQ7RYBqChozifVRz-lMJD-lopf6VLGYXYqviECs5n_Yf7S4NqY4qnCB-8cUHNdcPwRRqiQckKVeXe3RFXJHo&_nc_ad=z-m&_nc_cid=0&_nc_zt=23&_nc_ht=scontent-cdg4-2.cdninstagram.com&_nc_gid=KkV6WRYKP9_jb-i1Y8eKbw&_nc_ss=7a22e&oh=00_AQIbehEPo8vK43UkYPz3nnVbRk2WiJCkkzL5cl6w11xvjQ&oe=6AA1EA27,https://www.instagram.com/p/DcuNi7YiX2_/
Machadão Atacadista,Mercearia / Molhos e Condimentos,Extrato de Tomate Elefante 300g,6.99,01/09/2026,https://scontent-nrt1-2.cdninstagram.com/v/t39.30808-6/789618270_1363962609157030_3615491432982247221_n.jpg?stp=dst-jpg_e35_tt6&_nc_cat=101&ig_cache_key=Mzk3NjIxNDMzMTkzMDk1NjQzNw%3D%3D.3-ccb7-5&ccb=7-5&_nc_sid=58cdad&efg=eyJ2ZW5jb2RlX3RhZyI6IkNBUk9VU0VMX0lURU0ueHBpZHMuMTYzOC5zZHIucmVndWxhcl9waG90by5DMyJ9&_nc_ohc=LWeQr5ZiUMIQ7kNvwG2EpOW&_nc_oc=AdqTmKj8gPcVQGDJZvbSQiS2g1MfVx7gs5N1SmrN0Cw7uV-z_YRJMK5F8nupD-pCr3qX79cSlQC3hL_FWrV1uvSB&_nc_ad=z-m&_nc_cid=0&_nc_zt=23&_nc_ht=scontent-nrt1-2.cdninstagram.com&_nc_gid=lAGGb0982PGD7jUIo2QSQQ&_nc_ss=7a22e&oh=00_AQKhWRg444QWKGhs6d-h3vLo8t6ZNiKq99X21URU7yJzWA&oe=6AA1F626,https://www.instagram.com/p/DcuWeMKD352/
Machadão Atacadista,Mercearia / Molhos e Condimentos,Extrato de Tomate Elefante 300g,6.99,01/09/2026,https://scontent-nrt6-1.cdninstagram.com/v/t39.30808-6/788766900_1363961989157092_7149980708576029676_n.jpg?stp=dst-jpg_e35_tt6&_nc_cat=105&ig_cache_key=Mzk3NjIxNDMzMjMyNTE5OTQzMw%3D%3D.3-ccb7-5&ccb=7-5&_nc_sid=58cdad&efg=eyJ2ZW5jb2RlX3RhZyI6IkNBUk9VU0VMX0lURU0ueHBpZHMuMTYzOC5zZHIucmVndWxhcl9waG90by5DMyJ9&_nc_ohc=vw1LTHI3qF8Q7kNvwEXrSdJ&_nc_oc=AdoyvIq8FIBaRiGmwYlE2xtd86PIXoiFhZ0oX0Wl4h4RfvbrnNi6fAr5hFcGVpJYpVVFueZx_lm-HUYteN507Tn8&_nc_ad=z-m&_nc_cid=0&_nc_zt=23&_nc_ht=scontent-nrt6-1.cdninstagram.com&_nc_gid=lAGGb0982PGD7jUIo2QSQQ&_nc_ss=7a22e&oh=00_AQJgxbXvmanVRNfMygUeg_ZwlDCNW-deQSdj1C1RXnxF_Q&oe=6AA1F2D0,https://www.instagram.com/p/DcuWeMKD352/
Machadão Atacadista,Mercearia / Molhos e Condimentos,Extrato de Tomate Elefante 300g,6.99,01/09/2026,https://scontent-nrt1-2.cdninstagram.com/v/t39.30808-6/790209214_1363962295823728_6184311664090934208_n.jpg?stp=dst-jpg_e35_tt6&_nc_cat=101&ig_cache_key=Mzk3NjIxNDMzMTA5MjA0NzE3Mg%3D%3D.3-ccb7-5&ccb=7-5&_nc_sid=58cdad&efg=eyJ2ZW5jb2RlX3RhZyI6IkNBUk9VU0VMX0lURU0ueHBpZHMuMTYzOC5zZHIucmVndWxhcl9waG90by5DMyJ9&_nc_ohc=RBvtfYik74QQ7kNvwHZ03vk&_nc_oc=Adplqmx-VaY-bWG92HbQ3dr7yppIyRkEnutrUSHhupZEDzy1Uhl6Fx7VZCzV4KisBE4zetbu-VhHS7hEC9kXw0Hs&_nc_ad=z-m&_nc_cid=0&_nc_zt=23&_nc_ht=scontent-nrt1-2.cdninstagram.com&_nc_gid=lAGGb0982PGD7jUIo2QSQQ&_nc_ss=7a22e&oh=00_AQLYlzQw4d8rU8cIUjYZf1dqWSkrD5iPGFARWMM2Nk0o1A&oe=6AA1FBAE,https://www.instagram.com/p/DcuWeMKD352/
Bom Jesus Primavera do Leste 🛒,Mercearia / Óleos e Azeites,Batata Monalisa kg,4.99,31/08/2026,https://scontent-waw2-2.cdninstagram.com/v/t51.82787-15/790113394_18375342289237813_7246427130316640513_n.jpg?stp=dst-jpg_e35_tt6&_nc_cat=106&ig_cache_key=Mzk3NTgyNzIxNzI3MDIwNjY3Mg%3D%3D.3-ccb7-5&ccb=7-5&_nc_sid=58cdad&efg=eyJ2ZW5jb2RlX3RhZyI6IkNBUk9VU0VMX0lURU0ueHBpZHMuMTA4MC5zZHIucmVndWxhcl9waG90by5DMyJ9&_nc_ohc=n2Tc7CriGL0Q7kNvwFklloW&_nc_oc=AdrEXwOWL3Q2EAr2KBivgUgWeNuoEJbIWIApyYAU4_84yrWAdrkwXbMgj8yB_k7cvJo&_nc_ad=z-m&_nc_cid=0&_nc_zt=23&_nc_ht=scontent-waw2-2.cdninstagram.com&_nc_gid=47q8dFVkkb6kfvhX0YgIZA&_nc_ss=7a22e&oh=00_AQI8HOplnFJBS8OSsgeZVhEV-ifOQxO0IivYZw4olklL3A&oe=6AA1FFCF,https://www.instagram.com/p/Dcs-drSFpzk/
Supermercado São Pedro,Outros,Água Mineral Puríssima com Gás 500ml,1.99,31/08/2026,https://scontent-cdg4-2.cdninstagram.com/v/t39.30808-6/790651262_1508698107969972_5998080027560533600_n.jpg?stp=c0.0.1638.2048a_dst-jpg_e35_s1638x2048_tt6&_nc_cat=100&ig_cache_key=Mzk3NjE3NTA3NTkzNzgyODUwNQ%3D%3D.3-ccb7-5&ccb=7-5&_nc_sid=58cdad&efg=eyJ2ZW5jb2RlX3RhZyI6IkNBUk9VU0VMX0lURU0ueHBpZHMuMTYzOS5zZHIucmVndWxhcl9waG90by5DMyJ9&_nc_ohc=Fki5XW_PiPcQ7kNvwEMMwlZ&_nc_oc=AdoHYri7fr3UsDoMlHDK2HTgg6FCr0n3lzTEF2Q34993HV2spZuoc7_MN9hgPRznBOCMcYF6jo8s1T9ueRpp6OXR&_nc_ad=z-m&_nc_cid=0&_nc_zt=23&_nc_ht=scontent-cdg4-2.cdninstagram.com&_nc_gid=KkV6WRYKP9_jb-i1Y8eKbw&_nc_ss=7a22e&oh=00_AQJUTh19cXfffXZ1gcr5xFBtzmtRqfPEjzyBYYcYDt9CqA&oe=6AA1D649,https://www.instagram.com/p/DcuNi7YiX2_/
Machadão Atacadista,Outros,Hastes Flexíveis Topz 75un,1.99,01/09/2026,https://scontent-nrt1-1.cdninstagram.com/v/t39.30808-6/788880664_1363962219157069_5966186908781895719_n.jpg?stp=dst-jpg_e35_tt6&_nc_cat=108&ig_cache_key=Mzk3NjIxNDMzMDk4MzA0NjUzNQ%3D%3D.3-ccb7-5&ccb=7-5&_nc_sid=58cdad&efg=eyJ2ZW5jb2RlX3RhZyI6IkNBUk9VU0VMX0lURU0ueHBpZHMuMTYzOC5zZHIucmVndWxhcl9waG90by5DMyJ9&_nc_ohc=mvMDjMZZ8K8Q7kNvwEr95Kf&_nc_oc=AdpDd4tA0FGceVhp6PR8JiduONuXuE_e5iHh01aOgqsRwj_0bEqtmY8pw24qpadXMieJMPV6oB0_GG5VO5FuiNxT&_nc_ad=z-m&_nc_cid=0&_nc_zt=23&_nc_ht=scontent-nrt1-1.cdninstagram.com&_nc_gid=lAGGb0982PGD7jUIo2QSQQ&_nc_ss=7a22e&oh=00_AQKuUJZtbhN0X2NwAD6KgYM3DH9Rh55mz5vlKwfOJi488A&oe=6AA1EE8C,https://www.instagram.com/p/DcuWeMKD352/
Machadão Atacadista,Outros,Hastes Flexíveis Topz 75un,1.99,01/09/2026,https://scontent-nrt6-1.cdninstagram.com/v/t39.30808-6/788717108_1363962009157090_7645430109379984108_n.jpg?stp=dst-jpg_e35_tt6&_nc_cat=110&ig_cache_key=Mzk3NjIxNDMzMjA1Njc3MzMzMA%3D%3D.3-ccb7-5&ccb=7-5&_nc_sid=58cdad&efg=eyJ2ZW5jb2RlX3RhZyI6IkNBUk9VU0VMX0lURU0ueHBpZHMuMTYzOC5zZHIucmVndWxhcl9waG90by5DMyJ9&_nc_ohc=-JVLd9gM9c8Q7kNvwH5gmot&_nc_oc=Adqb4FV0BlK1UaHMCus6P03VTk3fWzLNWwoddj_shm66PKNSqSzdb4rPloipWa2Vbp4RZRtXsDYLCWY1BrPGKGuz&_nc_ad=z-m&_nc_cid=0&_nc_zt=23&_nc_ht=scontent-nrt6-1.cdninstagram.com&_nc_gid=lAGGb0982PGD7jUIo2QSQQ&_nc_ss=7a22e&oh=00_AQJ9xeow80FEHLUxM18_QyBki3Gqqf429drZ9oeEnCGTaQ&oe=6AA1E8D3,https://www.instagram.com/p/DcuWeMKD352/
Machadão Atacadista,Outros,Hastes Flexíveis Topz 75un,1.99,01/09/2026,https://scontent-nrt6-1.cdninstagram.com/v/t39.30808-6/788953852_1363962525823705_7158709731603332512_n.jpg?stp=dst-jpg_e35_tt6&_nc_cat=105&ig_cache_key=Mzk3NjIxNDMzMDg3Mzk1MDI0Mw%3D%3D.3-ccb7-5&ccb=7-5&_nc_sid=58cdad&efg=eyJ2ZW5jb2RlX3RhZyI6IkNBUk9VU0VMX0lURU0ueHBpZHMuMTYzOC5zZHIucmVndWxhcl9waG90by5DMyJ9&_nc_ohc=ydM-R8J21eIQ7kNvwEeklkt&_nc_oc=AdratrKY-tPFD-uUWliBbti6lQ0YnO7pxm-Nbe2psNN_nNby6Wz71gaZuPJDfOgPDtz1qMbSeo4YKHl-Ku7byIHN&_nc_ad=z-m&_nc_cid=0&_nc_zt=23&_nc_ht=scontent-nrt6-1.cdninstagram.com&_nc_gid=lAGGb0982PGD7jUIo2QSQQ&_nc_ss=7a22e&oh=00_AQKhDs3JBK6w4VaHXkSlKubO8OUe9oDY6yALrNKdkPxUJQ&oe=6AA1D51F,https://www.instagram.com/p/DcuWeMKD352/
Super Compras Supermercado,Outros,Esfiha Aberta,2.99,03/09/2026,https://scontent-ams2-1.cdninstagram.com/v/t51.82787-15/792070340_18193426945391764_4195048241765141947_n.jpg?stp=dst-jpg_e35_tt6&_nc_cat=106&ig_cache_key=Mzk3NzYzOTI3OTU4MTM2NDQxMQ%3D%3D.3-ccb7-5&ccb=7-5&_nc_sid=58cdad&efg=eyJ2ZW5jb2RlX3RhZyI6IkZFRUQueHBpZHMuMTQ0MC5zZHIucmVndWxhcl9waG90by5DMyJ9&_nc_ohc=7-X6GwXmROcQ7kNvwFxpHKZ&_nc_oc=Ado9sizieHJyy7gmWvzrBgoaVvNoMF4ynqUm-3-xLx_FLZaBrUeIlQ-gVJW8wGbiuK0&_nc_ad=z-m&_nc_cid=0&_nc_zt=23&_nc_ht=scontent-ams2-1.cdninstagram.com&_nc_gid=E9ZQXp3-V4djAokXv6R8Yg&_nc_ss=7a22e&oh=00_AQKYWdibg4vy38kckdXcCc8zuoxqFUOJN4M_NTq9Yg09oQ&oe=6AA1DBA5,https://www.instagram.com/p/DczadmwFoC7/
Machadão Atacadista,Outros,Milho Para Pipoca Tia Helena 400g,2.99,01/09/2026,https://scontent-nrt1-2.cdninstagram.com/v/t39.30808-6/789618270_1363962609157030_3615491432982247221_n.jpg?stp=dst-jpg_e35_tt6&_nc_cat=101&ig_cache_key=Mzk3NjIxNDMzMTkzMDk1NjQzNw%3D%3D.3-ccb7-5&ccb=7-5&_nc_sid=58cdad&efg=eyJ2ZW5jb2RlX3RhZyI6IkNBUk9VU0VMX0lURU0ueHBpZHMuMTYzOC5zZHIucmVndWxhcl9waG90by5DMyJ9&_nc_ohc=LWeQr5ZiUMIQ7kNvwG2EpOW&_nc_oc=AdqTmKj8gPcVQGDJZvbSQiS2g1MfVx7gs5N1SmrN0Cw7uV-z_YRJMK5F8nupD-pCr3qX79cSlQC3hL_FWrV1uvSB&_nc_ad=z-m&_nc_cid=0&_nc_zt=23&_nc_ht=scontent-nrt1-2.cdninstagram.com&_nc_gid=lAGGb0982PGD7jUIo2QSQQ&_nc_ss=7a22e&oh=00_AQKhWRg444QWKGhs6d-h3vLo8t6ZNiKq99X21URU7yJzWA&oe=6AA1F626,https://www.instagram.com/p/DcuWeMKD352/
Machadão Atacadista,Outros,Milho Para Pipoca Tia Helena 400g,2.99,01/09/2026,https://scontent-nrt6-1.cdninstagram.com/v/t39.30808-6/788766900_1363961989157092_7149980708576029676_n.jpg?stp=dst-jpg_e35_tt6&_nc_cat=105&ig_cache_key=Mzk3NjIxNDMzMjMyNTE5OTQzMw%3D%3D.3-ccb7-5&ccb=7-5&_nc_sid=58cdad&efg=eyJ2ZW5jb2RlX3RhZyI6IkNBUk9VU0VMX0lURU0ueHBpZHMuMTYzOC5zZHIucmVndWxhcl9waG90by5DMyJ9&_nc_ohc=vw1LTHI3qF8Q7kNvwEXrSdJ&_nc_oc=AdoyvIq8FIBaRiGmwYlE2xtd86PIXoiFhZ0oX0Wl4h4RfvbrnNi6fAr5hFcGVpJYpVVFueZx_lm-HUYteN507Tn8&_nc_ad=z-m&_nc_cid=0&_nc_zt=23&_nc_ht=scontent-nrt6-1.cdninstagram.com&_nc_gid=lAGGb0982PGD7jUIo2QSQQ&_nc_ss=7a22e&oh=00_AQJgxbXvmanVRNfMygUeg_ZwlDCNW-deQSdj1C1RXnxF_Q&oe=6AA1F2D0,https://www.instagram.com/p/DcuWeMKD352/
Machadão Atacadista,Outros,Milho Pipoca Tia Helena 400g,2.99,01/09/2026,https://scontent-nrt1-2.cdninstagram.com/v/t39.30808-6/790209214_1363962295823728_6184311664090934208_n.jpg?stp=dst-jpg_e35_tt6&_nc_cat=101&ig_cache_key=Mzk3NjIxNDMzMTA5MjA0NzE3Mg%3D%3D.3-ccb7-5&ccb=7-5&_nc_sid=58cdad&efg=eyJ2ZW5jb2RlX3RhZyI6IkNBUk9VU0VMX0lURU0ueHBpZHMuMTYzOC5zZHIucmVndWxhcl9waG90by5DMyJ9&_nc_ohc=RBvtfYik74QQ7kNvwHZ03vk&_nc_oc=Adplqmx-VaY-bWG92HbQ3dr7yppIyRkEnutrUSHhupZEDzy1Uhl6Fx7VZCzV4KisBE4zetbu-VhHS7hEC9kXw0Hs&_nc_ad=z-m&_nc_cid=0&_nc_zt=23&_nc_ht=scontent-nrt1-2.cdninstagram.com&_nc_gid=lAGGb0982PGD7jUIo2QSQQ&_nc_ss=7a22e&oh=00_AQLYlzQw4d8rU8cIUjYZf1dqWSkrD5iPGFARWMM2Nk0o1A&oe=6AA1FBAE,https://www.instagram.com/p/DcuWeMKD352/
Super Compras Supermercado,Outros,Chuchu kg,3.89,31/08/2026,https://scontent-iad3-1.cdninstagram.com/v/t51.82787-15/790058600_18193115956391764_8827572755741076576_n.jpg?stp=dst-jpg_e35_tt6&_nc_cat=104&ig_cache_key=Mzk3NTQ2MjIwNjUyNzY2NTkwOQ%3D%3D.3-ccb7-5&ccb=7-5&_nc_sid=58cdad&efg=eyJ2ZW5jb2RlX3RhZyI6IkNBUk9VU0VMX0lURU0ueHBpZHMuMTQ0MC5zZHIucmVndWxhcl9waG90by5DMyJ9&_nc_ohc=EnzUVY65akoQ7kNvwEzO0lO&_nc_oc=Adqw8a08WC48pOAwWTIauoIt2cBEsVPZEw-Uz6y_BL1QNV9pxBx_I9dt6mPwy0sWl8k&_nc_ad=z-m&_nc_cid=0&_nc_zt=23&_nc_ht=scontent-iad3-1.cdninstagram.com&_nc_gid=O8VmzZK6zjT42mNrWlVNkw&_nc_ss=7a22e&oh=00_AQJwQ131cjT23Bd4ew49cdvC5bL_gsehtEn8e571PZ9mBg&oe=6AA201F6,https://www.instagram.com/p/DcrreFFEorJ/
Super Compras Supermercado,Outros,Repolho Verde kg,3.99,31/08/2026,https://scontent-iad3-2.cdninstagram.com/v/t51.82787-15/791974186_18193115938391764_5859732845031236442_n.jpg?stp=dst-jpg_e35_tt6&_nc_cat=105&ig_cache_key=Mzk3NTQ2MjE2MTk0MjIyOTY3Mg%3D%3D.3-ccb7-5&ccb=7-5&_nc_sid=58cdad&efg=eyJ2ZW5jb2RlX3RhZyI6IkNBUk9VU0VMX0lURU0ueHBpZHMuMTQ0MC5zZHIucmVndWxhcl9waG90by5DMyJ9&_nc_ohc=tPx9Y0j56JUQ7kNvwHvP4g1&_nc_oc=AdoMfs8co1mOrDKbTqcJX_y7gLKY0ibGl1h8NtgJIJK8mEHSNKppGUNZiU_u48-Iv-s&_nc_ad=z-m&_nc_cid=0&_nc_zt=23&_nc_ht=scontent-iad3-2.cdninstagram.com&_nc_gid=O8VmzZK6zjT42mNrWlVNkw&_nc_ss=7a22e&oh=00_AQLTaiOVhNCjAhU9M2KO3sUP--fK0-tJOR8eiInubjrjeg&oe=6AA1CFB6,https://www.instagram.com/p/DcrreFFEorJ/
Bom Jesus Primavera do Leste 🛒,Outros,Abóbora Kabotiã kg,3.99,31/08/2026,https://scontent-waw2-2.cdninstagram.com/v/t51.82787-15/789959440_18375342295237813_1330432405373791908_n.jpg?stp=dst-jpg_e35_tt6&_nc_cat=106&ig_cache_key=Mzk3NTgyNzIxNzYyMjY1MTcwMQ%3D%3D.3-ccb7-5&ccb=7-5&_nc_sid=58cdad&efg=eyJ2ZW5jb2RlX3RhZyI6IkNBUk9VU0VMX0lURU0ueHBpZHMuMTA4MC5zZHIucmVndWxhcl9waG90by5DMyJ9&_nc_ohc=czJFE5DegHQQ7kNvwFtDeEs&_nc_oc=Ado5T4ou8zI9ALNVOTDJlxEjFLkkkPGlcCIQ_Tj_zO14p9VlQSWFbMaSZXOg_cPAG78&_nc_ad=z-m&_nc_cid=0&_nc_zt=23&_nc_ht=scontent-waw2-2.cdninstagram.com&_nc_gid=47q8dFVkkb6kfvhX0YgIZA&_nc_ss=7a22e&oh=00_AQKZe8oFME7EzmXKhHZQLkk1rCVscH7SRPqu3z9oe3em0g&oe=6AA1D3DF,https://www.instagram.com/p/Dcs-drSFpzk/
Machadão Atacadista,Outros,Toalha de Papel Maxim 120un,3.99,01/09/2026,https://scontent-nrt1-1.cdninstagram.com/v/t39.30808-6/788880664_1363962219157069_5966186908781895719_n.jpg?stp=dst-jpg_e35_tt6&_nc_cat=108&ig_cache_key=Mzk3NjIxNDMzMDk4MzA0NjUzNQ%3D%3D.3-ccb7-5&ccb=7-5&_nc_sid=58cdad&efg=eyJ2ZW5jb2RlX3RhZyI6IkNBUk9VU0VMX0lURU0ueHBpZHMuMTYzOC5zZHIucmVndWxhcl9waG90by5DMyJ9&_nc_ohc=mvMDjMZZ8K8Q7kNvwEr95Kf&_nc_oc=AdpDd4tA0FGceVhp6PR8JiduONuXuE_e5iHh01aOgqsRwj_0bEqtmY8pw24qpadXMieJMPV6oB0_GG5VO5FuiNxT&_nc_ad=z-m&_nc_cid=0&_nc_zt=23&_nc_ht=scontent-nrt1-1.cdninstagram.com&_nc_gid=lAGGb0982PGD7jUIo2QSQQ&_nc_ss=7a22e&oh=00_AQKuUJZtbhN0X2NwAD6KgYM3DH9Rh55mz5vlKwfOJi488A&oe=6AA1EE8C,https://www.instagram.com/p/DcuWeMKD352/
Machadão Atacadista,Outros,Toalha de Papel Maxim 120un,3.99,01/09/2026,https://scontent-nrt6-1.cdninstagram.com/v/t39.30808-6/788717108_1363962009157090_7645430109379984108_n.jpg?stp=dst-jpg_e35_tt6&_nc_cat=110&ig_cache_key=Mzk3NjIxNDMzMjA1Njc3MzMzMA%3D%3D.3-ccb7-5&ccb=7-5&_nc_sid=58cdad&efg=eyJ2ZW5jb2RlX3RhZyI6IkNBUk9VU0VMX0lURU0ueHBpZHMuMTYzOC5zZHIucmVndWxhcl9waG90by5DMyJ9&_nc_ohc=-JVLd9gM9c8Q7kNvwH5gmot&_nc_oc=Adqb4FV0BlK1UaHMCus6P03VTk3fWzLNWwoddj_shm66PKNSqSzdb4rPloipWa2Vbp4RZRtXsDYLCWY1BrPGKGuz&_nc_ad=z-m&_nc_cid=0&_nc_zt=23&_nc_ht=scontent-nrt6-1.cdninstagram.com&_nc_gid=lAGGb0982PGD7jUIo2QSQQ&_nc_ss=7a22e&oh=00_AQJ9xeow80FEHLUxM18_QyBki3Gqqf429drZ9oeEnCGTaQ&oe=6AA1E8D3,https://www.instagram.com/p/DcuWeMKD352/
Machadão Atacadista,Outros,Toalha de Papel Maxim 120un,3.99,01/09/2026,https://scontent-nrt6-1.cdninstagram.com/v/t39.30808-6/788953852_1363962525823705_7158709731603332512_n.jpg?stp=dst-jpg_e35_tt6&_nc_cat=105&ig_cache_key=Mzk3NjIxNDMzMDg3Mzk1MDI0Mw%3D%3D.3-ccb7-5&ccb=7-5&_nc_sid=58cdad&efg=eyJ2ZW5jb2RlX3RhZyI6IkNBUk9VU0VMX0lURU0ueHBpZHMuMTYzOC5zZHIucmVndWxhcl9waG90by5DMyJ9&_nc_ohc=ydM-R8J21eIQ7kNvwEeklkt&_nc_oc=AdratrKY-tPFD-uUWliBbti6lQ0YnO7pxm-Nbe2psNN_nNby6Wz71gaZuPJDfOgPDtz1qMbSeo4YKHl-Ku7byIHN&_nc_ad=z-m&_nc_cid=0&_nc_zt=23&_nc_ht=scontent-nrt6-1.cdninstagram.com&_nc_gid=lAGGb0982PGD7jUIo2QSQQ&_nc_ss=7a22e&oh=00_AQKhDs3JBK6w4VaHXkSlKubO8OUe9oDY6yALrNKdkPxUJQ&oe=6AA1D51F,https://www.instagram.com/p/DcuWeMKD352/
Supermercado Tuiuiú,Outros,Mandioca kg,4.49,31/08/2026,https://instagram.fmad6-1.fna.fbcdn.net/v/t51.82787-15/790590392_18582933505067900_2201772778734952147_n.jpg?stp=dst-jpg_e35_tt6&_nc_cat=103&ig_cache_key=Mzk3NTg0NzA1MzA0NTM0MDc5MQ%3D%3D.3-ccb7-5&ccb=7-5&_nc_sid=58cdad&efg=eyJ2ZW5jb2RlX3RhZyI6IkNBUk9VU0VMX0lURU0ueHBpZHMuMTA4MC5zZHIucmVndWxhcl9waG90by5DMyJ9&_nc_ohc=lA70mo6EZFUQ7kNvwHmgs7T&_nc_oc=Ado1FpUWBwJKWk-LxS3CiWUWnQzZnLBw4aawc9HpPazOj4tJeihastXvgNStsjZZPvE&_nc_ad=z-m&_nc_cid=0&_nc_zt=23&_nc_ht=instagram.fmad6-1.fna&_nc_gid=MUsxvunBWS-EaV0vfxfxhg&_nc_ss=7a22e&oh=00_AQK7o_2kDh3-u0RHua8Mlc3au4J7UexlnOYpt2kFuNRgsw&oe=6AA1CBC2,https://www.instagram.com/p/DctC9pmj6oW/
Supermercado Tuiuiú,Outros,Rins Bovino kg,4.99,31/08/2026,https://instagram.fmad6-1.fna.fbcdn.net/v/t51.82787-15/789925865_18582933439067900_5352302008089866172_n.jpg?stp=dst-jpg_e35_tt6&_nc_cat=106&ig_cache_key=Mzk3NTg0NzAyMjI0MjEyOTQ1Ng%3D%3D.3-ccb7-5&ccb=7-5&_nc_sid=58cdad&efg=eyJ2ZW5jb2RlX3RhZyI6IkNBUk9VU0VMX0lURU0ueHBpZHMuMTA4MC5zZHIucmVndWxhcl9waG90by5DMyJ9&_nc_ohc=2jPdb_mSVb8Q7kNvwFBpQAl&_nc_oc=Adrs3feWKmPklTY9RB5QOFIzHPwgKxiKgcUB_mWQPNsUhoqjm5F2ciUwzXSoWjvY3T8&_nc_ad=z-m&_nc_cid=0&_nc_zt=23&_nc_ht=instagram.fmad6-1.fna&_nc_gid=MUsxvunBWS-EaV0vfxfxhg&_nc_ss=7a22e&oh=00_AQIP09j-RagJ97lh0FfCRNO-7giLAcpsg-aQzte030kcDw&oe=6AA1DB5E,https://www.instagram.com/p/DctC9pmj6oW/
Bom Jesus Primavera do Leste 🛒,Outros,Repolho Verde kg,4.99,31/08/2026,https://scontent-waw2-2.cdninstagram.com/v/t51.82787-15/789959440_18375342295237813_1330432405373791908_n.jpg?stp=dst-jpg_e35_tt6&_nc_cat=106&ig_cache_key=Mzk3NTgyNzIxNzYyMjY1MTcwMQ%3D%3D.3-ccb7-5&ccb=7-5&_nc_sid=58cdad&efg=eyJ2ZW5jb2RlX3RhZyI6IkNBUk9VU0VMX0lURU0ueHBpZHMuMTA4MC5zZHIucmVndWxhcl9waG90by5DMyJ9&_nc_ohc=czJFE5DegHQQ7kNvwFtDeEs&_nc_oc=Ado5T4ou8zI9ALNVOTDJlxEjFLkkkPGlcCIQ_Tj_zO14p9VlQSWFbMaSZXOg_cPAG78&_nc_ad=z-m&_nc_cid=0&_nc_zt=23&_nc_ht=scontent-waw2-2.cdninstagram.com&_nc_gid=47q8dFVkkb6kfvhX0YgIZA&_nc_ss=7a22e&oh=00_AQKZe8oFME7EzmXKhHZQLkk1rCVscH7SRPqu3z9oe3em0g&oe=6AA1D3DF,https://www.instagram.com/p/Dcs-drSFpzk/
Supermercado São Pedro,Outros,Polvilho Doce Caipira 1kg,5.99,31/08/2026,https://scontent-cdg4-1.cdninstagram.com/v/t39.30808-6/790310368_1508698117969971_69530791300054474_n.jpg?stp=c0.0.1638.2047a_dst-jpg_e35_s1638x2047_tt6&_nc_cat=102&ig_cache_key=Mzk3NjE3NTA3NzMxMzU4MjExNA%3D%3D.3-ccb7-5&ccb=7-5&_nc_sid=58cdad&efg=eyJ2ZW5jb2RlX3RhZyI6IkNBUk9VU0VMX0lURU0ueHBpZHMuMTYzOC5zZHIucmVndWxhcl9waG90by5DMyJ9&_nc_ohc=g4n58O2K9cUQ7kNvwG3jPTj&_nc_oc=AdpmdDd85wjmpBfulogkmHKZp5Km3ddw8MwqfdkcBPbihQVafg_WOWIjlYl0fgpuMb3NX0GJRrWOguTMzwMyF606&_nc_ad=z-m&_nc_cid=0&_nc_zt=23&_nc_ht=scontent-cdg4-1.cdninstagram.com&_nc_gid=KkV6WRYKP9_jb-i1Y8eKbw&_nc_ss=7a22e&oh=00_AQKUKTtUaUuiOExiKgexFWSHsfn7WhBrZJPSmU6VLHoHDA&oe=6AA1D29A,https://www.instagram.com/p/DcuNi7YiX2_/
Super Compras Supermercado,Outros,Língua Bovina kg,5.99,31/08/2026,https://scontent-iad3-2.cdninstagram.com/v/t51.82787-15/791974186_18193115938391764_5859732845031236442_n.jpg?stp=dst-jpg_e35_tt6&_nc_cat=105&ig_cache_key=Mzk3NTQ2MjE2MTk0MjIyOTY3Mg%3D%3D.3-ccb7-5&ccb=7-5&_nc_sid=58cdad&efg=eyJ2ZW5jb2RlX3RhZyI6IkNBUk9VU0VMX0lURU0ueHBpZHMuMTQ0MC5zZHIucmVndWxhcl9waG90by5DMyJ9&_nc_ohc=tPx9Y0j56JUQ7kNvwHvP4g1&_nc_oc=AdoMfs8co1mOrDKbTqcJX_y7gLKY0ibGl1h8NtgJIJK8mEHSNKppGUNZiU_u48-Iv-s&_nc_ad=z-m&_nc_cid=0&_nc_zt=23&_nc_ht=scontent-iad3-2.cdninstagram.com&_nc_gid=O8VmzZK6zjT42mNrWlVNkw&_nc_ss=7a22e&oh=00_AQLTaiOVhNCjAhU9M2KO3sUP--fK0-tJOR8eiInubjrjeg&oe=6AA1CFB6,https://www.instagram.com/p/DcrreFFEorJ/
Supermercado Bianchi,Outros,Mandioca kg,5.99,04/09/2026,https://scontent-dus1-1.cdninstagram.com/v/t39.30808-6/793595705_1671342158329515_4457529570292926276_n.jpg?stp=dst-jpg_e35_tt6&_nc_cat=111&ig_cache_key=Mzk3OTA5ODMxMDU5ODUwNDAzNw%3D%3D.3-ccb7-5&ccb=7-5&_nc_sid=58cdad&efg=eyJ2ZW5jb2RlX3RhZyI6IkNBUk9VU0VMX0lURU0ueHBpZHMuMTA4MC5zZHIucmVndWxhcl9waG90by5DMyJ9&_nc_ohc=p9CWVDkW9H4Q7kNvwG37VK8&_nc_oc=Ados13qyFp7YL4fulzv0PAvUxGF6M7iDFo1dJi2a3vc09uRxiQ5Jvvlmk-hSREeYC9A&_nc_ad=z-m&_nc_cid=1088&_nc_zt=23&_nc_ht=scontent-dus1-1.cdninstagram.com&_nc_gid=G8mTHs_bThq4Su9BKqN4oA&_nc_ss=7a22e&oh=00_AQJKssaE1FgJufTwjg_QdAAn9vRcHWSUKDccISowiYNaJQ&oe=6AA1DD2E,https://www.instagram.com/p/Dc4mNeNlFUC/
Supermercado Tuiuiú,Outros,Língua Bovina kg,6.99,31/08/2026,https://instagram.fmad6-1.fna.fbcdn.net/v/t51.82787-15/789925865_18582933439067900_5352302008089866172_n.jpg?stp=dst-jpg_e35_tt6&_nc_cat=106&ig_cache_key=Mzk3NTg0NzAyMjI0MjEyOTQ1Ng%3D%3D.3-ccb7-5&ccb=7-5&_nc_sid=58cdad&efg=eyJ2ZW5jb2RlX3RhZyI6IkNBUk9VU0VMX0lURU0ueHBpZHMuMTA4MC5zZHIucmVndWxhcl9waG90by5DMyJ9&_nc_ohc=2jPdb_mSVb8Q7kNvwFBpQAl&_nc_oc=Adrs3feWKmPklTY9RB5QOFIzHPwgKxiKgcUB_mWQPNsUhoqjm5F2ciUwzXSoWjvY3T8&_nc_ad=z-m&_nc_cid=0&_nc_zt=23&_nc_ht=instagram.fmad6-1.fna&_nc_gid=MUsxvunBWS-EaV0vfxfxhg&_nc_ss=7a22e&oh=00_AQIP09j-RagJ97lh0FfCRNO-7giLAcpsg-aQzte030kcDw&oe=6AA1DB5E,https://www.instagram.com/p/DctC9pmj6oW/
Super Compras Supermercado,Outros,Morgote kg,6.99,31/08/2026,https://scontent-iad3-1.cdninstagram.com/v/t51.82787-15/790058600_18193115956391764_8827572755741076576_n.jpg?stp=dst-jpg_e35_tt6&_nc_cat=104&ig_cache_key=Mzk3NTQ2MjIwNjUyNzY2NTkwOQ%3D%3D.3-ccb7-5&ccb=7-5&_nc_sid=58cdad&efg=eyJ2ZW5jb2RlX3RhZyI6IkNBUk9VU0VMX0lURU0ueHBpZHMuMTQ0MC5zZHIucmVndWxhcl9waG90by5DMyJ9&_nc_ohc=EnzUVY65akoQ7kNvwEzO0lO&_nc_oc=Adqw8a08WC48pOAwWTIauoIt2cBEsVPZEw-Uz6y_BL1QNV9pxBx_I9dt6mPwy0sWl8k&_nc_ad=z-m&_nc_cid=0&_nc_zt=23&_nc_ht=scontent-iad3-1.cdninstagram.com&_nc_gid=O8VmzZK6zjT42mNrWlVNkw&_nc_ss=7a22e&oh=00_AQJwQ131cjT23Bd4ew49cdvC5bL_gsehtEn8e571PZ9mBg&oe=6AA201F6,https://www.instagram.com/p/DcrreFFEorJ/
Supermercado Tuiuiú,Outros,Cereal Matinal Sucrilhos Kellogg's 240g,7.49,02/09/2026,https://scontent-cdg4-1.cdninstagram.com/v/t51.82787-15/792157898_18583652440067900_5431933029132674723_n.jpg?stp=dst-jpg_e35_tt6&_nc_cat=102&ig_cache_key=Mzk3NzY1NDAwMjM4NDcxMTU2Nw%3D%3D.3-ccb7-5&ccb=7-5&_nc_sid=58cdad&efg=eyJ2ZW5jb2RlX3RhZyI6IkNBUk9VU0VMX0lURU0ueHBpZHMuMTA4MC5zZHIucmVndWxhcl9waG90by5DMyJ9&_nc_ohc=7pKKlX5TGgEQ7kNvwGZpZFz&_nc_oc=Adouhx2Pp_4rNXFDMTdea9hbGBiRgQDR0iMtQyEcZp6kYED-5K9BxyW3PdO_0MPnZiA&_nc_ad=z-m&_nc_cid=0&_nc_zt=23&_nc_ht=scontent-cdg4-1.cdninstagram.com&_nc_gid=ul7NelFSqRz8ov3NaScWTw&_nc_ss=7a22e&oh=00_AQLci4yhl1urXeY2zJg1z3PfEfdFpxQoIsg3vZlnlZMHuQ&oe=6AA1FFBE,https://www.instagram.com/p/Dczd0LlkeC6/
Super Compras Supermercado,Outros,Brócolis,7.99,31/08/2026,https://scontent-iad3-1.cdninstagram.com/v/t51.82787-15/790058600_18193115956391764_8827572755741076576_n.jpg?stp=dst-jpg_e35_tt6&_nc_cat=104&ig_cache_key=Mzk3NTQ2MjIwNjUyNzY2NTkwOQ%3D%3D.3-ccb7-5&ccb=7-5&_nc_sid=58cdad&efg=eyJ2ZW5jb2RlX3RhZyI6IkNBUk9VU0VMX0lURU0ueHBpZHMuMTQ0MC5zZHIucmVndWxhcl9waG90by5DMyJ9&_nc_ohc=EnzUVY65akoQ7kNvwEzO0lO&_nc_oc=Adqw8a08WC48pOAwWTIauoIt2cBEsVPZEw-Uz6y_BL1QNV9pxBx_I9dt6mPwy0sWl8k&_nc_ad=z-m&_nc_cid=0&_nc_zt=23&_nc_ht=scontent-iad3-1.cdninstagram.com&_nc_gid=O8VmzZK6zjT42mNrWlVNkw&_nc_ss=7a22e&oh=00_AQJwQ131cjT23Bd4ew49cdvC5bL_gsehtEn8e571PZ9mBg&oe=6AA201F6,https://www.instagram.com/p/DcrreFFEorJ/
Bom Jesus Primavera do Leste 🛒,Outros,Mini Chicken Perdigão 275g,7.99,02/09/2026,https://scontent-mad2-1.cdninstagram.com/v/t51.82787-15/791996249_18375659671237813_7553928904625436317_n.jpg?stp=dst-jpg_e35_tt6&_nc_cat=111&ig_cache_key=Mzk3NzI1MTE3NjUwNzI0MTUyNg%3D%3D.3-ccb7-5&ccb=7-5&_nc_sid=58cdad&efg=eyJ2ZW5jb2RlX3RhZyI6IkNBUk9VU0VMX0lURU0ueHBpZHMuMTA4MC5zZHIucmVndWxhcl9waG90by5DMyJ9&_nc_ohc=Ds7DsxqGcFYQ7kNvwGPRiit&_nc_oc=AdpeLYMgWGfJFe8QQOAPjnYH1k0b5uPQLWxGYlxe5p9iGYz5SPcwKKUiSX7sy7Z-cNE&_nc_ad=z-m&_nc_cid=0&_nc_zt=23&_nc_ht=scontent-mad2-1.cdninstagram.com&_nc_gid=cNGrnuKNE2usmScna-pczQ&_nc_ss=7a22e&oh=00_AQKwmwfUBY4qkF58iMdD9PUyMce7ojdnM47mW0cvJXj0ow&oe=6AA1D71C,https://www.instagram.com/p/DcyCPB9lqMG/
Supermercado Tuiuiú,Outros,Mocotó Bovino kg,8.99,31/08/2026,https://instagram.fmad6-1.fna.fbcdn.net/v/t51.82787-15/789925865_18582933439067900_5352302008089866172_n.jpg?stp=dst-jpg_e35_tt6&_nc_cat=106&ig_cache_key=Mzk3NTg0NzAyMjI0MjEyOTQ1Ng%3D%3D.3-ccb7-5&ccb=7-5&_nc_sid=58cdad&efg=eyJ2ZW5jb2RlX3RhZyI6IkNBUk9VU0VMX0lURU0ueHBpZHMuMTA4MC5zZHIucmVndWxhcl9waG90by5DMyJ9&_nc_ohc=2jPdb_mSVb8Q7kNvwFBpQAl&_nc_oc=Adrs3feWKmPklTY9RB5QOFIzHPwgKxiKgcUB_mWQPNsUhoqjm5F2ciUwzXSoWjvY3T8&_nc_ad=z-m&_nc_cid=0&_nc_zt=23&_nc_ht=instagram.fmad6-1.fna&_nc_gid=MUsxvunBWS-EaV0vfxfxhg&_nc_ss=7a22e&oh=00_AQIP09j-RagJ97lh0FfCRNO-7giLAcpsg-aQzte030kcDw&oe=6AA1DB5E,https://www.instagram.com/p/DctC9pmj6oW/
Supermercado Tuiuiú,Outros,Pé Suíno kg,8.99,31/08/2026,https://instagram.fmad6-1.fna.fbcdn.net/v/t51.82787-15/789925865_18582933439067900_5352302008089866172_n.jpg?stp=dst-jpg_e35_tt6&_nc_cat=106&ig_cache_key=Mzk3NTg0NzAyMjI0MjEyOTQ1Ng%3D%3D.3-ccb7-5&ccb=7-5&_nc_sid=58cdad&efg=eyJ2ZW5jb2RlX3RhZyI6IkNBUk9VU0VMX0lURU0ueHBpZHMuMTA4MC5zZHIucmVndWxhcl9waG90by5DMyJ9&_nc_ohc=2jPdb_mSVb8Q7kNvwFBpQAl&_nc_oc=Adrs3feWKmPklTY9RB5QOFIzHPwgKxiKgcUB_mWQPNsUhoqjm5F2ciUwzXSoWjvY3T8&_nc_ad=z-m&_nc_cid=0&_nc_zt=23&_nc_ht=instagram.fmad6-1.fna&_nc_gid=MUsxvunBWS-EaV0vfxfxhg&_nc_ss=7a22e&oh=00_AQIP09j-RagJ97lh0FfCRNO-7giLAcpsg-aQzte030kcDw&oe=6AA1DB5E,https://www.instagram.com/p/DctC9pmj6oW/
Bom Jesus Primavera do Leste 🛒,Outros,Margarina Qualy 500g,8.99,02/09/2026,https://scontent-mad2-1.cdninstagram.com/v/t51.82787-15/791996249_18375659671237813_7553928904625436317_n.jpg?stp=dst-jpg_e35_tt6&_nc_cat=111&ig_cache_key=Mzk3NzI1MTE3NjUwNzI0MTUyNg%3D%3D.3-ccb7-5&ccb=7-5&_nc_sid=58cdad&efg=eyJ2ZW5jb2RlX3RhZyI6IkNBUk9VU0VMX0lURU0ueHBpZHMuMTA4MC5zZHIucmVndWxhcl9waG90by5DMyJ9&_nc_ohc=Ds7DsxqGcFYQ7kNvwGPRiit&_nc_oc=AdpeLYMgWGfJFe8QQOAPjnYH1k0b5uPQLWxGYlxe5p9iGYz5SPcwKKUiSX7sy7Z-cNE&_nc_ad=z-m&_nc_cid=0&_nc_zt=23&_nc_ht=scontent-mad2-1.cdninstagram.com&_nc_gid=cNGrnuKNE2usmScna-pczQ&_nc_ss=7a22e&oh=00_AQKwmwfUBY4qkF58iMdD9PUyMce7ojdnM47mW0cvJXj0ow&oe=6AA1D71C,https://www.instagram.com/p/DcyCPB9lqMG/
Machadão Atacadista,Outros,Hastes Flexíveis Johnson & Johnson 150un,9.98,05/09/2026,https://scontent-iad6-1.cdninstagram.com/v/t39.30808-6/796691213_1367963808756910_2688047821891237888_n.jpg?stp=dst-jpg_e35_tt6&_nc_cat=106&ig_cache_key=Mzk3OTUwMDQyMDQxMDczNzQ2MQ%3D%3D.3-ccb7-5&ccb=7-5&_nc_sid=58cdad&efg=eyJ2ZW5jb2RlX3RhZyI6IkNBUk9VU0VMX0lURU0ueHBpZHMuMTYzOC5zZHIucmVndWxhcl9waG90by5DMyJ9&_nc_ohc=IiOPDKOTOzwQ7kNvwHjWa7g&_nc_oc=AdqbGsPjH8uacC3wv_LzZemSEIA0jjJ9gzBRqRPR0ZCcRVy4CdOHl8jnZzgaJCyLA8g&_nc_ad=z-m&_nc_cid=0&_nc_zt=23&_nc_ht=scontent-iad6-1.cdninstagram.com&_nc_gid=M5EriMz11BXPra92dM1UFw&_nc_ss=7a22e&oh=00_AQIDy_ez2Kaao0v8222f875B1cUa7ENv4jCCXhmEQ9JXTA&oe=6AA1F966,https://www.instagram.com/p/Dc6BpDXGSBh/
Machadão Atacadista,Outros,Hastes Flexíveis Cotonetes Johnson's 150un,9.98,05/09/2026,https://scontent-iad6-1.cdninstagram.com/v/t39.30808-6/793868466_1367963805423577_8948339533979208501_n.jpg?stp=dst-jpg_e35_tt6&_nc_cat=100&ig_cache_key=Mzk3OTUwMDQxOTkxNTc3NjYwNg%3D%3D.3-ccb7-5&ccb=7-5&_nc_sid=58cdad&efg=eyJ2ZW5jb2RlX3RhZyI6IkNBUk9VU0VMX0lURU0ueHBpZHMuMTYzOC5zZHIucmVndWxhcl9waG90by5DMyJ9&_nc_ohc=Mpr5mbezyDoQ7kNvwEyLyZ7&_nc_oc=AdqffJtGAZ8gNUGqjzUzXV3UKsJ2iVb033cOKlxuUvon_q7p1Qfb6ghbtTBc9V3jx1k&_nc_ad=z-m&_nc_cid=0&_nc_zt=23&_nc_ht=scontent-iad6-1.cdninstagram.com&_nc_gid=M5EriMz11BXPra92dM1UFw&_nc_ss=7a22e&oh=00_AQJjBQVtxYF2fEY3n_xI-T0M9qecxUKPTVlIm6xn2t8wRg&oe=6AA1F587,https://www.instagram.com/p/Dc6BpDXGSBh/
Supermercado Tuiuiú,Outros,Bucho Bovino kg,9.99,31/08/2026,https://instagram.fmad6-1.fna.fbcdn.net/v/t51.82787-15/789925865_18582933439067900_5352302008089866172_n.jpg?stp=dst-jpg_e35_tt6&_nc_cat=106&ig_cache_key=Mzk3NTg0NzAyMjI0MjEyOTQ1Ng%3D%3D.3-ccb7-5&ccb=7-5&_nc_sid=58cdad&efg=eyJ2ZW5jb2RlX3RhZyI6IkNBUk9VU0VMX0lURU0ueHBpZHMuMTA4MC5zZHIucmVndWxhcl9waG90by5DMyJ9&_nc_ohc=2jPdb_mSVb8Q7kNvwFBpQAl&_nc_oc=Adrs3feWKmPklTY9RB5QOFIzHPwgKxiKgcUB_mWQPNsUhoqjm5F2ciUwzXSoWjvY3T8&_nc_ad=z-m&_nc_cid=0&_nc_zt=23&_nc_ht=instagram.fmad6-1.fna&_nc_gid=MUsxvunBWS-EaV0vfxfxhg&_nc_ss=7a22e&oh=00_AQIP09j-RagJ97lh0FfCRNO-7giLAcpsg-aQzte030kcDw&oe=6AA1DB5E,https://www.instagram.com/p/DctC9pmj6oW/
Supermercado Tuiuiú,Outros,Fígado Bovino kg,9.99,31/08/2026,https://instagram.fmad6-1.fna.fbcdn.net/v/t51.82787-15/789925865_18582933439067900_5352302008089866172_n.jpg?stp=dst-jpg_e35_tt6&_nc_cat=106&ig_cache_key=Mzk3NTg0NzAyMjI0MjEyOTQ1Ng%3D%3D.3-ccb7-5&ccb=7-5&_nc_sid=58cdad&efg=eyJ2ZW5jb2RlX3RhZyI6IkNBUk9VU0VMX0lURU0ueHBpZHMuMTA4MC5zZHIucmVndWxhcl9waG90by5DMyJ9&_nc_ohc=2jPdb_mSVb8Q7kNvwFBpQAl&_nc_oc=Adrs3feWKmPklTY9RB5QOFIzHPwgKxiKgcUB_mWQPNsUhoqjm5F2ciUwzXSoWjvY3T8&_nc_ad=z-m&_nc_cid=0&_nc_zt=23&_nc_ht=instagram.fmad6-1.fna&_nc_gid=MUsxvunBWS-EaV0vfxfxhg&_nc_ss=7a22e&oh=00_AQIP09j-RagJ97lh0FfCRNO-7giLAcpsg-aQzte030kcDw&oe=6AA1DB5E,https://www.instagram.com/p/DctC9pmj6oW/
Supermercado São Pedro,Outros,Saco de Lixo Biopol 15L 30L,9.99,31/08/2026,https://scontent-cdg4-2.cdninstagram.com/v/t39.30808-6/790651262_1508698107969972_5998080027560533600_n.jpg?stp=c0.0.1638.2048a_dst-jpg_e35_s1638x2048_tt6&_nc_cat=100&ig_cache_key=Mzk3NjE3NTA3NTkzNzgyODUwNQ%3D%3D.3-ccb7-5&ccb=7-5&_nc_sid=58cdad&efg=eyJ2ZW5jb2RlX3RhZyI6IkNBUk9VU0VMX0lURU0ueHBpZHMuMTYzOS5zZHIucmVndWxhcl9waG90by5DMyJ9&_nc_ohc=Fki5XW_PiPcQ7kNvwEMMwlZ&_nc_oc=AdoHYri7fr3UsDoMlHDK2HTgg6FCr0n3lzTEF2Q34993HV2spZuoc7_MN9hgPRznBOCMcYF6jo8s1T9ueRpp6OXR&_nc_ad=z-m&_nc_cid=0&_nc_zt=23&_nc_ht=scontent-cdg4-2.cdninstagram.com&_nc_gid=KkV6WRYKP9_jb-i1Y8eKbw&_nc_ss=7a22e&oh=00_AQJUTh19cXfffXZ1gcr5xFBtzmtRqfPEjzyBYYcYDt9CqA&oe=6AA1D649,https://www.instagram.com/p/DcuNi7YiX2_/
Super Compras Supermercado,Outros,Fígado kg,9.99,31/08/2026,https://scontent-iad3-2.cdninstagram.com/v/t51.82787-15/791974186_18193115938391764_5859732845031236442_n.jpg?stp=dst-jpg_e35_tt6&_nc_cat=105&ig_cache_key=Mzk3NTQ2MjE2MTk0MjIyOTY3Mg%3D%3D.3-ccb7-5&ccb=7-5&_nc_sid=58cdad&efg=eyJ2ZW5jb2RlX3RhZyI6IkNBUk9VU0VMX0lURU0ueHBpZHMuMTQ0MC5zZHIucmVndWxhcl9waG90by5DMyJ9&_nc_ohc=tPx9Y0j56JUQ7kNvwHvP4g1&_nc_oc=AdoMfs8co1mOrDKbTqcJX_y7gLKY0ibGl1h8NtgJIJK8mEHSNKppGUNZiU_u48-Iv-s&_nc_ad=z-m&_nc_cid=0&_nc_zt=23&_nc_ht=scontent-iad3-2.cdninstagram.com&_nc_gid=O8VmzZK6zjT42mNrWlVNkw&_nc_ss=7a22e&oh=00_AQLTaiOVhNCjAhU9M2KO3sUP--fK0-tJOR8eiInubjrjeg&oe=6AA1CFB6,https://www.instagram.com/p/DcrreFFEorJ/
Machadão Atacadista,Outros,Kani Kama Iglu 250g,10.49,01/09/2026,https://scontent-nrt1-2.cdninstagram.com/v/t39.30808-6/789581482_1364004655819492_5066813457254807346_n.jpg?stp=dst-jpg_e35_tt6&_nc_cat=102&ig_cache_key=Mzk3NjIwOTI3NTAwOTc1MTk1MQ%3D%3D.3-ccb7-5&ccb=7-5&_nc_sid=58cdad&efg=eyJ2ZW5jb2RlX3RhZyI6IkNBUk9VU0VMX0lURU0ueHBpZHMuMTYzOC5zZHIucmVndWxhcl9waG90by5DMyJ9&_nc_ohc=QCTw3cNoI1YQ7kNvwENzIdB&_nc_oc=AdpoyKLDbxW7FjpU4vKhLlbqnoAvzKMnAzChS5k7EVQBXMLIaX4IAme2b5VNGUnn-xVoW4LbUO5O6S6qKmx4GDf-&_nc_ad=z-m&_nc_cid=0&_nc_zt=23&_nc_ht=scontent-nrt1-2.cdninstagram.com&_nc_gid=cgJZv6X-wY0QQGQ-lc1i_Q&_nc_ss=7a22e&oh=00_AQJODZkfmVNnrE17x_5rJWNNwU7wXWYujumoiD6EK_egKg&oe=6AA1D3F4,https://www.instagram.com/p/DcuVUiUkbmJ/
Machadão Atacadista,Outros,Kani Kama Iglu 250g,10.49,01/09/2026,https://scontent-nrt1-2.cdninstagram.com/v/t39.30808-6/791465983_1364004672486157_7563797303035302362_n.jpg?stp=dst-jpg_e35_tt6&_nc_cat=107&ig_cache_key=Mzk3NjIwOTI3NDU2NTE0NzE4OA%3D%3D.3-ccb7-5&ccb=7-5&_nc_sid=58cdad&efg=eyJ2ZW5jb2RlX3RhZyI6IkNBUk9VU0VMX0lURU0ueHBpZHMuMTYzOC5zZHIucmVndWxhcl9waG90by5DMyJ9&_nc_ohc=QqyADLx7lpUQ7kNvwHNsmV7&_nc_oc=AdqP-KnXJHEraYefxCVQOFKSx_c6m4EaP3KBfCAd7mCTL1ymhJ67Uxr-VZLWm8UI71lcNL7wdFwFQDT5rQrTTAd1&_nc_ad=z-m&_nc_cid=0&_nc_zt=23&_nc_ht=scontent-nrt1-2.cdninstagram.com&_nc_gid=cgJZv6X-wY0QQGQ-lc1i_Q&_nc_ss=7a22e&oh=00_AQJE_UksFQ80YkCvSR6PW65I2eRzkh4oJEbMRt7pKqOeJg&oe=6AA1F354,https://www.instagram.com/p/DcuVUiUkbmJ/
Machadão Atacadista,Outros,Tintura Para Cabelo Cor & Ton,10.98,01/09/2026,https://scontent-nrt1-1.cdninstagram.com/v/t39.30808-6/788880664_1363962219157069_5966186908781895719_n.jpg?stp=dst-jpg_e35_tt6&_nc_cat=108&ig_cache_key=Mzk3NjIxNDMzMDk4MzA0NjUzNQ%3D%3D.3-ccb7-5&ccb=7-5&_nc_sid=58cdad&efg=eyJ2ZW5jb2RlX3RhZyI6IkNBUk9VU0VMX0lURU0ueHBpZHMuMTYzOC5zZHIucmVndWxhcl9waG90by5DMyJ9&_nc_ohc=mvMDjMZZ8K8Q7kNvwEr95Kf&_nc_oc=AdpDd4tA0FGceVhp6PR8JiduONuXuE_e5iHh01aOgqsRwj_0bEqtmY8pw24qpadXMieJMPV6oB0_GG5VO5FuiNxT&_nc_ad=z-m&_nc_cid=0&_nc_zt=23&_nc_ht=scontent-nrt1-1.cdninstagram.com&_nc_gid=lAGGb0982PGD7jUIo2QSQQ&_nc_ss=7a22e&oh=00_AQKuUJZtbhN0X2NwAD6KgYM3DH9Rh55mz5vlKwfOJi488A&oe=6AA1EE8C,https://www.instagram.com/p/DcuWeMKD352/
Machadão Atacadista,Outros,Tintura Cor e Ton,10.98,01/09/2026,https://scontent-nrt6-1.cdninstagram.com/v/t39.30808-6/788717108_1363962009157090_7645430109379984108_n.jpg?stp=dst-jpg_e35_tt6&_nc_cat=110&ig_cache_key=Mzk3NjIxNDMzMjA1Njc3MzMzMA%3D%3D.3-ccb7-5&ccb=7-5&_nc_sid=58cdad&efg=eyJ2ZW5jb2RlX3RhZyI6IkNBUk9VU0VMX0lURU0ueHBpZHMuMTYzOC5zZHIucmVndWxhcl9waG90by5DMyJ9&_nc_ohc=-JVLd9gM9c8Q7kNvwH5gmot&_nc_oc=Adqb4FV0BlK1UaHMCus6P03VTk3fWzLNWwoddj_shm66PKNSqSzdb4rPloipWa2Vbp4RZRtXsDYLCWY1BrPGKGuz&_nc_ad=z-m&_nc_cid=0&_nc_zt=23&_nc_ht=scontent-nrt6-1.cdninstagram.com&_nc_gid=lAGGb0982PGD7jUIo2QSQQ&_nc_ss=7a22e&oh=00_AQJ9xeow80FEHLUxM18_QyBki3Gqqf429drZ9oeEnCGTaQ&oe=6AA1E8D3,https://www.instagram.com/p/DcuWeMKD352/
Machadão Atacadista,Outros,Tintura Para Cabelo Cor & Ton,10.98,01/09/2026,https://scontent-nrt6-1.cdninstagram.com/v/t39.30808-6/788953852_1363962525823705_7158709731603332512_n.jpg?stp=dst-jpg_e35_tt6&_nc_cat=105&ig_cache_key=Mzk3NjIxNDMzMDg3Mzk1MDI0Mw%3D%3D.3-ccb7-5&ccb=7-5&_nc_sid=58cdad&efg=eyJ2ZW5jb2RlX3RhZyI6IkNBUk9VU0VMX0lURU0ueHBpZHMuMTYzOC5zZHIucmVndWxhcl9waG90by5DMyJ9&_nc_ohc=ydM-R8J21eIQ7kNvwEeklkt&_nc_oc=AdratrKY-tPFD-uUWliBbti6lQ0YnO7pxm-Nbe2psNN_nNby6Wz71gaZuPJDfOgPDtz1qMbSeo4YKHl-Ku7byIHN&_nc_ad=z-m&_nc_cid=0&_nc_zt=23&_nc_ht=scontent-nrt6-1.cdninstagram.com&_nc_gid=lAGGb0982PGD7jUIo2QSQQ&_nc_ss=7a22e&oh=00_AQKhDs3JBK6w4VaHXkSlKubO8OUe9oDY6yALrNKdkPxUJQ&oe=6AA1D51F,https://www.instagram.com/p/DcuWeMKD352/
Supermercado São Pedro,Outros,Pepinos em Conserva Juréia 300g,10.99,31/08/2026,https://scontent-cdg4-2.cdninstagram.com/v/t39.30808-6/790651262_1508698107969972_5998080027560533600_n.jpg?stp=c0.0.1638.2048a_dst-jpg_e35_s1638x2048_tt6&_nc_cat=100&ig_cache_key=Mzk3NjE3NTA3NTkzNzgyODUwNQ%3D%3D.3-ccb7-5&ccb=7-5&_nc_sid=58cdad&efg=eyJ2ZW5jb2RlX3RhZyI6IkNBUk9VU0VMX0lURU0ueHBpZHMuMTYzOS5zZHIucmVndWxhcl9waG90by5DMyJ9&_nc_ohc=Fki5XW_PiPcQ7kNvwEMMwlZ&_nc_oc=AdoHYri7fr3UsDoMlHDK2HTgg6FCr0n3lzTEF2Q34993HV2spZuoc7_MN9hgPRznBOCMcYF6jo8s1T9ueRpp6OXR&_nc_ad=z-m&_nc_cid=0&_nc_zt=23&_nc_ht=scontent-cdg4-2.cdninstagram.com&_nc_gid=KkV6WRYKP9_jb-i1Y8eKbw&_nc_ss=7a22e&oh=00_AQJUTh19cXfffXZ1gcr5xFBtzmtRqfPEjzyBYYcYDt9CqA&oe=6AA1D649,https://www.instagram.com/p/DcuNi7YiX2_/
Super Compras Supermercado,Outros,Pera kg,11.89,31/08/2026,https://scontent-iad3-1.cdninstagram.com/v/t51.82787-15/790058600_18193115956391764_8827572755741076576_n.jpg?stp=dst-jpg_e35_tt6&_nc_cat=104&ig_cache_key=Mzk3NTQ2MjIwNjUyNzY2NTkwOQ%3D%3D.3-ccb7-5&ccb=7-5&_nc_sid=58cdad&efg=eyJ2ZW5jb2RlX3RhZyI6IkNBUk9VU0VMX0lURU0ueHBpZHMuMTQ0MC5zZHIucmVndWxhcl9waG90by5DMyJ9&_nc_ohc=EnzUVY65akoQ7kNvwEzO0lO&_nc_oc=Adqw8a08WC48pOAwWTIauoIt2cBEsVPZEw-Uz6y_BL1QNV9pxBx_I9dt6mPwy0sWl8k&_nc_ad=z-m&_nc_cid=0&_nc_zt=23&_nc_ht=scontent-iad3-1.cdninstagram.com&_nc_gid=O8VmzZK6zjT42mNrWlVNkw&_nc_ss=7a22e&oh=00_AQJwQ131cjT23Bd4ew49cdvC5bL_gsehtEn8e571PZ9mBg&oe=6AA201F6,https://www.instagram.com/p/DcrreFFEorJ/
Machadão Atacadista,Outros,Pastel de Carne Mach Foods,11.9,04/09/2026,https://scontent-ams2-1.cdninstagram.com/v/t39.30808-6/793203748_1367373492149275_5456513449057246460_n.jpg?stp=dst-jpg_e35_tt6&_nc_cat=101&ig_cache_key=Mzk3OTEwMzM1NTI5NjQwMTE2MQ%3D%3D.3-ccb7-5&ccb=7-5&_nc_sid=58cdad&efg=eyJ2ZW5jb2RlX3RhZyI6IkNBUk9VU0VMX0lURU0ueHBpZHMuMTYzOC5zZHIucmVndWxhcl9waG90by5DMyJ9&_nc_ohc=jjhi3In_vDEQ7kNvwHIk1J_&_nc_oc=Adr30rg5AHiguNRdpKibFYMOGhewDji8ENCI2PciPKa7-gtTsNkyJa1W6DuiXZvAeUE&_nc_ad=z-m&_nc_cid=0&_nc_zt=23&_nc_ht=scontent-ams2-1.cdninstagram.com&_nc_gid=hyrzNM5u0Rb-wQoXtqFP_w&_nc_ss=7a22e&oh=00_AQLpEOFczhgnnuxJee5DeeZ00QpEgqYcIj3wMhdzQm1HSQ&oe=6AA1E226,https://www.instagram.com/p/Dc4nW-jAe40/
Super Compras Supermercado,Outros,Mocotó Bovino kg,11.99,31/08/2026,https://scontent-iad3-2.cdninstagram.com/v/t51.82787-15/791974186_18193115938391764_5859732845031236442_n.jpg?stp=dst-jpg_e35_tt6&_nc_cat=105&ig_cache_key=Mzk3NTQ2MjE2MTk0MjIyOTY3Mg%3D%3D.3-ccb7-5&ccb=7-5&_nc_sid=58cdad&efg=eyJ2ZW5jb2RlX3RhZyI6IkNBUk9VU0VMX0lURU0ueHBpZHMuMTQ0MC5zZHIucmVndWxhcl9waG90by5DMyJ9&_nc_ohc=tPx9Y0j56JUQ7kNvwHvP4g1&_nc_oc=AdoMfs8co1mOrDKbTqcJX_y7gLKY0ibGl1h8NtgJIJK8mEHSNKppGUNZiU_u48-Iv-s&_nc_ad=z-m&_nc_cid=0&_nc_zt=23&_nc_ht=scontent-iad3-2.cdninstagram.com&_nc_gid=O8VmzZK6zjT42mNrWlVNkw&_nc_ss=7a22e&oh=00_AQLTaiOVhNCjAhU9M2KO3sUP--fK0-tJOR8eiInubjrjeg&oe=6AA1CFB6,https://www.instagram.com/p/DcrreFFEorJ/
Super Compras Supermercado,Outros,Bucho Bovino kg,11.99,31/08/2026,https://scontent-iad3-2.cdninstagram.com/v/t51.82787-15/791974186_18193115938391764_5859732845031236442_n.jpg?stp=dst-jpg_e35_tt6&_nc_cat=105&ig_cache_key=Mzk3NTQ2MjE2MTk0MjIyOTY3Mg%3D%3D.3-ccb7-5&ccb=7-5&_nc_sid=58cdad&efg=eyJ2ZW5jb2RlX3RhZyI6IkNBUk9VU0VMX0lURU0ueHBpZHMuMTQ0MC5zZHIucmVndWxhcl9waG90by5DMyJ9&_nc_ohc=tPx9Y0j56JUQ7kNvwHvP4g1&_nc_oc=AdoMfs8co1mOrDKbTqcJX_y7gLKY0ibGl1h8NtgJIJK8mEHSNKppGUNZiU_u48-Iv-s&_nc_ad=z-m&_nc_cid=0&_nc_zt=23&_nc_ht=scontent-iad3-2.cdninstagram.com&_nc_gid=O8VmzZK6zjT42mNrWlVNkw&_nc_ss=7a22e&oh=00_AQLTaiOVhNCjAhU9M2KO3sUP--fK0-tJOR8eiInubjrjeg&oe=6AA1CFB6,https://www.instagram.com/p/DcrreFFEorJ/
Machadão Atacadista,Outros,Fita Dental Johnson & Johnson Expansion Plus 50m,11.99,05/09/2026,https://scontent-iad6-1.cdninstagram.com/v/t39.30808-6/796691213_1367963808756910_2688047821891237888_n.jpg?stp=dst-jpg_e35_tt6&_nc_cat=106&ig_cache_key=Mzk3OTUwMDQyMDQxMDczNzQ2MQ%3D%3D.3-ccb7-5&ccb=7-5&_nc_sid=58cdad&efg=eyJ2ZW5jb2RlX3RhZyI6IkNBUk9VU0VMX0lURU0ueHBpZHMuMTYzOC5zZHIucmVndWxhcl9waG90by5DMyJ9&_nc_ohc=IiOPDKOTOzwQ7kNvwHjWa7g&_nc_oc=AdqbGsPjH8uacC3wv_LzZemSEIA0jjJ9gzBRqRPR0ZCcRVy4CdOHl8jnZzgaJCyLA8g&_nc_ad=z-m&_nc_cid=0&_nc_zt=23&_nc_ht=scontent-iad6-1.cdninstagram.com&_nc_gid=M5EriMz11BXPra92dM1UFw&_nc_ss=7a22e&oh=00_AQIDy_ez2Kaao0v8222f875B1cUa7ENv4jCCXhmEQ9JXTA&oe=6AA1F966,https://www.instagram.com/p/Dc6BpDXGSBh/
Machadão Atacadista,Outros,Fita Dental Johnson's Reach Expansion Plus 50m,11.99,05/09/2026,https://scontent-iad6-1.cdninstagram.com/v/t39.30808-6/793868466_1367963805423577_8948339533979208501_n.jpg?stp=dst-jpg_e35_tt6&_nc_cat=100&ig_cache_key=Mzk3OTUwMDQxOTkxNTc3NjYwNg%3D%3D.3-ccb7-5&ccb=7-5&_nc_sid=58cdad&efg=eyJ2ZW5jb2RlX3RhZyI6IkNBUk9VU0VMX0lURU0ueHBpZHMuMTYzOC5zZHIucmVndWxhcl9waG90by5DMyJ9&_nc_ohc=Mpr5mbezyDoQ7kNvwEyLyZ7&_nc_oc=AdqffJtGAZ8gNUGqjzUzXV3UKsJ2iVb033cOKlxuUvon_q7p1Qfb6ghbtTBc9V3jx1k&_nc_ad=z-m&_nc_cid=0&_nc_zt=23&_nc_ht=scontent-iad6-1.cdninstagram.com&_nc_gid=M5EriMz11BXPra92dM1UFw&_nc_ss=7a22e&oh=00_AQJjBQVtxYF2fEY3n_xI-T0M9qecxUKPTVlIm6xn2t8wRg&oe=6AA1F587,https://www.instagram.com/p/Dc6BpDXGSBh/
Machadão Atacadista,Outros,Creme de Avelã Triângulo Mineiro 300g,11.99,01/09/2026,https://scontent-nrt1-2.cdninstagram.com/v/t39.30808-6/789618270_1363962609157030_3615491432982247221_n.jpg?stp=dst-jpg_e35_tt6&_nc_cat=101&ig_cache_key=Mzk3NjIxNDMzMTkzMDk1NjQzNw%3D%3D.3-ccb7-5&ccb=7-5&_nc_sid=58cdad&efg=eyJ2ZW5jb2RlX3RhZyI6IkNBUk9VU0VMX0lURU0ueHBpZHMuMTYzOC5zZHIucmVndWxhcl9waG90by5DMyJ9&_nc_ohc=LWeQr5ZiUMIQ7kNvwG2EpOW&_nc_oc=AdqTmKj8gPcVQGDJZvbSQiS2g1MfVx7gs5N1SmrN0Cw7uV-z_YRJMK5F8nupD-pCr3qX79cSlQC3hL_FWrV1uvSB&_nc_ad=z-m&_nc_cid=0&_nc_zt=23&_nc_ht=scontent-nrt1-2.cdninstagram.com&_nc_gid=lAGGb0982PGD7jUIo2QSQQ&_nc_ss=7a22e&oh=00_AQKhWRg444QWKGhs6d-h3vLo8t6ZNiKq99X21URU7yJzWA&oe=6AA1F626,https://www.instagram.com/p/DcuWeMKD352/
Machadão Atacadista,Outros,Creme de Avelã Triângulo Mineiro 300g,11.99,01/09/2026,https://scontent-nrt6-1.cdninstagram.com/v/t39.30808-6/788766900_1363961989157092_7149980708576029676_n.jpg?stp=dst-jpg_e35_tt6&_nc_cat=105&ig_cache_key=Mzk3NjIxNDMzMjMyNTE5OTQzMw%3D%3D.3-ccb7-5&ccb=7-5&_nc_sid=58cdad&efg=eyJ2ZW5jb2RlX3RhZyI6IkNBUk9VU0VMX0lURU0ueHBpZHMuMTYzOC5zZHIucmVndWxhcl9waG90by5DMyJ9&_nc_ohc=vw1LTHI3qF8Q7kNvwEXrSdJ&_nc_oc=AdoyvIq8FIBaRiGmwYlE2xtd86PIXoiFhZ0oX0Wl4h4RfvbrnNi6fAr5hFcGVpJYpVVFueZx_lm-HUYteN507Tn8&_nc_ad=z-m&_nc_cid=0&_nc_zt=23&_nc_ht=scontent-nrt6-1.cdninstagram.com&_nc_gid=lAGGb0982PGD7jUIo2QSQQ&_nc_ss=7a22e&oh=00_AQJgxbXvmanVRNfMygUeg_ZwlDCNW-deQSdj1C1RXnxF_Q&oe=6AA1F2D0,https://www.instagram.com/p/DcuWeMKD352/
Machadão Atacadista,Outros,Creme de Avelã Triângulo Mineiro 300g,11.99,01/09/2026,https://scontent-nrt1-2.cdninstagram.com/v/t39.30808-6/790209214_1363962295823728_6184311664090934208_n.jpg?stp=dst-jpg_e35_tt6&_nc_cat=101&ig_cache_key=Mzk3NjIxNDMzMTA5MjA0NzE3Mg%3D%3D.3-ccb7-5&ccb=7-5&_nc_sid=58cdad&efg=eyJ2ZW5jb2RlX3RhZyI6IkNBUk9VU0VMX0lURU0ueHBpZHMuMTYzOC5zZHIucmVndWxhcl9waG90by5DMyJ9&_nc_ohc=RBvtfYik74QQ7kNvwHZ03vk&_nc_oc=Adplqmx-VaY-bWG92HbQ3dr7yppIyRkEnutrUSHhupZEDzy1Uhl6Fx7VZCzV4KisBE4zetbu-VhHS7hEC9kXw0Hs&_nc_ad=z-m&_nc_cid=0&_nc_zt=23&_nc_ht=scontent-nrt1-2.cdninstagram.com&_nc_gid=lAGGb0982PGD7jUIo2QSQQ&_nc_ss=7a22e&oh=00_AQLYlzQw4d8rU8cIUjYZf1dqWSkrD5iPGFARWMM2Nk0o1A&oe=6AA1FBAE,https://www.instagram.com/p/DcuWeMKD352/
Machadão Atacadista,Outros,Fio Dental Johnson & Johnson Essencial Menta 100m,12.9,05/09/2026,https://scontent-iad6-1.cdninstagram.com/v/t39.30808-6/796691213_1367963808756910_2688047821891237888_n.jpg?stp=dst-jpg_e35_tt6&_nc_cat=106&ig_cache_key=Mzk3OTUwMDQyMDQxMDczNzQ2MQ%3D%3D.3-ccb7-5&ccb=7-5&_nc_sid=58cdad&efg=eyJ2ZW5jb2RlX3RhZyI6IkNBUk9VU0VMX0lURU0ueHBpZHMuMTYzOC5zZHIucmVndWxhcl9waG90by5DMyJ9&_nc_ohc=IiOPDKOTOzwQ7kNvwHjWa7g&_nc_oc=AdqbGsPjH8uacC3wv_LzZemSEIA0jjJ9gzBRqRPR0ZCcRVy4CdOHl8jnZzgaJCyLA8g&_nc_ad=z-m&_nc_cid=0&_nc_zt=23&_nc_ht=scontent-iad6-1.cdninstagram.com&_nc_gid=M5EriMz11BXPra92dM1UFw&_nc_ss=7a22e&oh=00_AQIDy_ez2Kaao0v8222f875B1cUa7ENv4jCCXhmEQ9JXTA&oe=6AA1F966,https://www.instagram.com/p/Dc6BpDXGSBh/
Machadão Atacadista,Outros,Fio Dental Johnson's Reach Essencial Menta 100m,12.9,05/09/2026,https://scontent-iad6-1.cdninstagram.com/v/t39.30808-6/793868466_1367963805423577_8948339533979208501_n.jpg?stp=dst-jpg_e35_tt6&_nc_cat=100&ig_cache_key=Mzk3OTUwMDQxOTkxNTc3NjYwNg%3D%3D.3-ccb7-5&ccb=7-5&_nc_sid=58cdad&efg=eyJ2ZW5jb2RlX3RhZyI6IkNBUk9VU0VMX0lURU0ueHBpZHMuMTYzOC5zZHIucmVndWxhcl9waG90by5DMyJ9&_nc_ohc=Mpr5mbezyDoQ7kNvwEyLyZ7&_nc_oc=AdqffJtGAZ8gNUGqjzUzXV3UKsJ2iVb033cOKlxuUvon_q7p1Qfb6ghbtTBc9V3jx1k&_nc_ad=z-m&_nc_cid=0&_nc_zt=23&_nc_ht=scontent-iad6-1.cdninstagram.com&_nc_gid=M5EriMz11BXPra92dM1UFw&_nc_ss=7a22e&oh=00_AQJjBQVtxYF2fEY3n_xI-T0M9qecxUKPTVlIm6xn2t8wRg&oe=6AA1F587,https://www.instagram.com/p/Dc6BpDXGSBh/
Bom Jesus Primavera do Leste 🛒,Outros,Miúdos Bovinos Fígado e Mocotó Sulbeef kg,12.99,02/09/2026,https://scontent-mad2-1.cdninstagram.com/v/t51.82787-15/790945081_18375659686237813_9050728469318026865_n.jpg?stp=dst-jpg_e35_tt6&_nc_cat=108&ig_cache_key=Mzk3NzI1MTE3NjY2MzQyODAzOA%3D%3D.3-ccb7-5&ccb=7-5&_nc_sid=58cdad&efg=eyJ2ZW5jb2RlX3RhZyI6IkNBUk9VU0VMX0lURU0ueHBpZHMuMTA4MC5zZHIucmVndWxhcl9waG90by5DMyJ9&_nc_ohc=g7q-6pMExHYQ7kNvwGnX9J-&_nc_oc=Ados4RE-0mBxaFHLHe6gsWy1nHD3J4hQrMUF4AP9ZENyDKSisTOGsQZgtAf_qSVSL9Q&_nc_ad=z-m&_nc_cid=0&_nc_zt=23&_nc_ht=scontent-mad2-1.cdninstagram.com&_nc_gid=cNGrnuKNE2usmScna-pczQ&_nc_ss=7a22e&oh=00_AQKnj0yWUDGQsTrzcQHUAD7HWmd3hMDwwEOk2PeG918QlQ&oe=6AA1F262,https://www.instagram.com/p/DcyCPB9lqMG/
Machadão Atacadista,Outros,Saco Para Lixo Brilhus 100L,13.99,01/09/2026,https://scontent-nrt1-1.cdninstagram.com/v/t39.30808-6/788880664_1363962219157069_5966186908781895719_n.jpg?stp=dst-jpg_e35_tt6&_nc_cat=108&ig_cache_key=Mzk3NjIxNDMzMDk4MzA0NjUzNQ%3D%3D.3-ccb7-5&ccb=7-5&_nc_sid=58cdad&efg=eyJ2ZW5jb2RlX3RhZyI6IkNBUk9VU0VMX0lURU0ueHBpZHMuMTYzOC5zZHIucmVndWxhcl9waG90by5DMyJ9&_nc_ohc=mvMDjMZZ8K8Q7kNvwEr95Kf&_nc_oc=AdpDd4tA0FGceVhp6PR8JiduONuXuE_e5iHh01aOgqsRwj_0bEqtmY8pw24qpadXMieJMPV6oB0_GG5VO5FuiNxT&_nc_ad=z-m&_nc_cid=0&_nc_zt=23&_nc_ht=scontent-nrt1-1.cdninstagram.com&_nc_gid=lAGGb0982PGD7jUIo2QSQQ&_nc_ss=7a22e&oh=00_AQKuUJZtbhN0X2NwAD6KgYM3DH9Rh55mz5vlKwfOJi488A&oe=6AA1EE8C,https://www.instagram.com/p/DcuWeMKD352/
Machadão Atacadista,Outros,Saco Para Lixo Brilhus 100L,13.99,01/09/2026,https://scontent-nrt6-1.cdninstagram.com/v/t39.30808-6/788717108_1363962009157090_7645430109379984108_n.jpg?stp=dst-jpg_e35_tt6&_nc_cat=110&ig_cache_key=Mzk3NjIxNDMzMjA1Njc3MzMzMA%3D%3D.3-ccb7-5&ccb=7-5&_nc_sid=58cdad&efg=eyJ2ZW5jb2RlX3RhZyI6IkNBUk9VU0VMX0lURU0ueHBpZHMuMTYzOC5zZHIucmVndWxhcl9waG90by5DMyJ9&_nc_ohc=-JVLd9gM9c8Q7kNvwH5gmot&_nc_oc=Adqb4FV0BlK1UaHMCus6P03VTk3fWzLNWwoddj_shm66PKNSqSzdb4rPloipWa2Vbp4RZRtXsDYLCWY1BrPGKGuz&_nc_ad=z-m&_nc_cid=0&_nc_zt=23&_nc_ht=scontent-nrt6-1.cdninstagram.com&_nc_gid=lAGGb0982PGD7jUIo2QSQQ&_nc_ss=7a22e&oh=00_AQJ9xeow80FEHLUxM18_QyBki3Gqqf429drZ9oeEnCGTaQ&oe=6AA1E8D3,https://www.instagram.com/p/DcuWeMKD352/
Machadão Atacadista,Outros,Saco Para Lixo Brilhus 100L,13.99,01/09/2026,https://scontent-nrt6-1.cdninstagram.com/v/t39.30808-6/788953852_1363962525823705_7158709731603332512_n.jpg?stp=dst-jpg_e35_tt6&_nc_cat=105&ig_cache_key=Mzk3NjIxNDMzMDg3Mzk1MDI0Mw%3D%3D.3-ccb7-5&ccb=7-5&_nc_sid=58cdad&efg=eyJ2ZW5jb2RlX3RhZyI6IkNBUk9VU0VMX0lURU0ueHBpZHMuMTYzOC5zZHIucmVndWxhcl9waG90by5DMyJ9&_nc_ohc=ydM-R8J21eIQ7kNvwEeklkt&_nc_oc=AdratrKY-tPFD-uUWliBbti6lQ0YnO7pxm-Nbe2psNN_nNby6Wz71gaZuPJDfOgPDtz1qMbSeo4YKHl-Ku7byIHN&_nc_ad=z-m&_nc_cid=0&_nc_zt=23&_nc_ht=scontent-nrt6-1.cdninstagram.com&_nc_gid=lAGGb0982PGD7jUIo2QSQQ&_nc_ss=7a22e&oh=00_AQKhDs3JBK6w4VaHXkSlKubO8OUe9oDY6yALrNKdkPxUJQ&oe=6AA1D51F,https://www.instagram.com/p/DcuWeMKD352/
Machadão Atacadista,Outros,Lenço Umedecido Johnson's Baby Recém Nascido 48un,14.98,05/09/2026,https://scontent-iad6-1.cdninstagram.com/v/t39.30808-6/796691213_1367963808756910_2688047821891237888_n.jpg?stp=dst-jpg_e35_tt6&_nc_cat=106&ig_cache_key=Mzk3OTUwMDQyMDQxMDczNzQ2MQ%3D%3D.3-ccb7-5&ccb=7-5&_nc_sid=58cdad&efg=eyJ2ZW5jb2RlX3RhZyI6IkNBUk9VU0VMX0lURU0ueHBpZHMuMTYzOC5zZHIucmVndWxhcl9waG90by5DMyJ9&_nc_ohc=IiOPDKOTOzwQ7kNvwHjWa7g&_nc_oc=AdqbGsPjH8uacC3wv_LzZemSEIA0jjJ9gzBRqRPR0ZCcRVy4CdOHl8jnZzgaJCyLA8g&_nc_ad=z-m&_nc_cid=0&_nc_zt=23&_nc_ht=scontent-iad6-1.cdninstagram.com&_nc_gid=M5EriMz11BXPra92dM1UFw&_nc_ss=7a22e&oh=00_AQIDy_ez2Kaao0v8222f875B1cUa7ENv4jCCXhmEQ9JXTA&oe=6AA1F966,https://www.instagram.com/p/Dc6BpDXGSBh/
Machadão Atacadista,Outros,Lenço Umedecido Johnson's Baby Recém Nascido 48un,14.98,05/09/2026,https://scontent-iad6-1.cdninstagram.com/v/t39.30808-6/793868466_1367963805423577_8948339533979208501_n.jpg?stp=dst-jpg_e35_tt6&_nc_cat=100&ig_cache_key=Mzk3OTUwMDQxOTkxNTc3NjYwNg%3D%3D.3-ccb7-5&ccb=7-5&_nc_sid=58cdad&efg=eyJ2ZW5jb2RlX3RhZyI6IkNBUk9VU0VMX0lURU0ueHBpZHMuMTYzOC5zZHIucmVndWxhcl9waG90by5DMyJ9&_nc_ohc=Mpr5mbezyDoQ7kNvwEyLyZ7&_nc_oc=AdqffJtGAZ8gNUGqjzUzXV3UKsJ2iVb033cOKlxuUvon_q7p1Qfb6ghbtTBc9V3jx1k&_nc_ad=z-m&_nc_cid=0&_nc_zt=23&_nc_ht=scontent-iad6-1.cdninstagram.com&_nc_gid=M5EriMz11BXPra92dM1UFw&_nc_ss=7a22e&oh=00_AQJjBQVtxYF2fEY3n_xI-T0M9qecxUKPTVlIm6xn2t8wRg&oe=6AA1F587,https://www.instagram.com/p/Dc6BpDXGSBh/
Bom Jesus Primavera do Leste 🛒,Outros,Amendoim Mape 1kg,14.99,31/08/2026,https://scontent-waw2-2.cdninstagram.com/v/t51.82787-15/789959440_18375342295237813_1330432405373791908_n.jpg?stp=dst-jpg_e35_tt6&_nc_cat=106&ig_cache_key=Mzk3NTgyNzIxNzYyMjY1MTcwMQ%3D%3D.3-ccb7-5&ccb=7-5&_nc_sid=58cdad&efg=eyJ2ZW5jb2RlX3RhZyI6IkNBUk9VU0VMX0lURU0ueHBpZHMuMTA4MC5zZHIucmVndWxhcl9waG90by5DMyJ9&_nc_ohc=czJFE5DegHQQ7kNvwFtDeEs&_nc_oc=Ado5T4ou8zI9ALNVOTDJlxEjFLkkkPGlcCIQ_Tj_zO14p9VlQSWFbMaSZXOg_cPAG78&_nc_ad=z-m&_nc_cid=0&_nc_zt=23&_nc_ht=scontent-waw2-2.cdninstagram.com&_nc_gid=47q8dFVkkb6kfvhX0YgIZA&_nc_ss=7a22e&oh=00_AQKZe8oFME7EzmXKhHZQLkk1rCVscH7SRPqu3z9oe3em0g&oe=6AA1D3DF,https://www.instagram.com/p/Dcs-drSFpzk/
Machadão Atacadista,Outros,Vassoura Noviça Bettanin,14.99,01/09/2026,https://scontent-nrt1-1.cdninstagram.com/v/t39.30808-6/788880664_1363962219157069_5966186908781895719_n.jpg?stp=dst-jpg_e35_tt6&_nc_cat=108&ig_cache_key=Mzk3NjIxNDMzMDk4MzA0NjUzNQ%3D%3D.3-ccb7-5&ccb=7-5&_nc_sid=58cdad&efg=eyJ2ZW5jb2RlX3RhZyI6IkNBUk9VU0VMX0lURU0ueHBpZHMuMTYzOC5zZHIucmVndWxhcl9waG90by5DMyJ9&_nc_ohc=mvMDjMZZ8K8Q7kNvwEr95Kf&_nc_oc=AdpDd4tA0FGceVhp6PR8JiduONuXuE_e5iHh01aOgqsRwj_0bEqtmY8pw24qpadXMieJMPV6oB0_GG5VO5FuiNxT&_nc_ad=z-m&_nc_cid=0&_nc_zt=23&_nc_ht=scontent-nrt1-1.cdninstagram.com&_nc_gid=lAGGb0982PGD7jUIo2QSQQ&_nc_ss=7a22e&oh=00_AQKuUJZtbhN0X2NwAD6KgYM3DH9Rh55mz5vlKwfOJi488A&oe=6AA1EE8C,https://www.instagram.com/p/DcuWeMKD352/
Machadão Atacadista,Outros,Vassoura Noviça Bettanin,14.99,01/09/2026,https://scontent-nrt6-1.cdninstagram.com/v/t39.30808-6/788717108_1363962009157090_7645430109379984108_n.jpg?stp=dst-jpg_e35_tt6&_nc_cat=110&ig_cache_key=Mzk3NjIxNDMzMjA1Njc3MzMzMA%3D%3D.3-ccb7-5&ccb=7-5&_nc_sid=58cdad&efg=eyJ2ZW5jb2RlX3RhZyI6IkNBUk9VU0VMX0lURU0ueHBpZHMuMTYzOC5zZHIucmVndWxhcl9waG90by5DMyJ9&_nc_ohc=-JVLd9gM9c8Q7kNvwH5gmot&_nc_oc=Adqb4FV0BlK1UaHMCus6P03VTk3fWzLNWwoddj_shm66PKNSqSzdb4rPloipWa2Vbp4RZRtXsDYLCWY1BrPGKGuz&_nc_ad=z-m&_nc_cid=0&_nc_zt=23&_nc_ht=scontent-nrt6-1.cdninstagram.com&_nc_gid=lAGGb0982PGD7jUIo2QSQQ&_nc_ss=7a22e&oh=00_AQJ9xeow80FEHLUxM18_QyBki3Gqqf429drZ9oeEnCGTaQ&oe=6AA1E8D3,https://www.instagram.com/p/DcuWeMKD352/
Machadão Atacadista,Outros,Vassoura Bettanin Noviça,14.99,01/09/2026,https://scontent-nrt6-1.cdninstagram.com/v/t39.30808-6/788953852_1363962525823705_7158709731603332512_n.jpg?stp=dst-jpg_e35_tt6&_nc_cat=105&ig_cache_key=Mzk3NjIxNDMzMDg3Mzk1MDI0Mw%3D%3D.3-ccb7-5&ccb=7-5&_nc_sid=58cdad&efg=eyJ2ZW5jb2RlX3RhZyI6IkNBUk9VU0VMX0lURU0ueHBpZHMuMTYzOC5zZHIucmVndWxhcl9waG90by5DMyJ9&_nc_ohc=ydM-R8J21eIQ7kNvwEeklkt&_nc_oc=AdratrKY-tPFD-uUWliBbti6lQ0YnO7pxm-Nbe2psNN_nNby6Wz71gaZuPJDfOgPDtz1qMbSeo4YKHl-Ku7byIHN&_nc_ad=z-m&_nc_cid=0&_nc_zt=23&_nc_ht=scontent-nrt6-1.cdninstagram.com&_nc_gid=lAGGb0982PGD7jUIo2QSQQ&_nc_ss=7a22e&oh=00_AQKhDs3JBK6w4VaHXkSlKubO8OUe9oDY6yALrNKdkPxUJQ&oe=6AA1D51F,https://www.instagram.com/p/DcuWeMKD352/
Machadão Atacadista,Outros,Enxaguante Bucal Listerine Cool Mint 500ml,17.9,05/09/2026,https://scontent-iad6-1.cdninstagram.com/v/t39.30808-6/796691213_1367963808756910_2688047821891237888_n.jpg?stp=dst-jpg_e35_tt6&_nc_cat=106&ig_cache_key=Mzk3OTUwMDQyMDQxMDczNzQ2MQ%3D%3D.3-ccb7-5&ccb=7-5&_nc_sid=58cdad&efg=eyJ2ZW5jb2RlX3RhZyI6IkNBUk9VU0VMX0lURU0ueHBpZHMuMTYzOC5zZHIucmVndWxhcl9waG90by5DMyJ9&_nc_ohc=IiOPDKOTOzwQ7kNvwHjWa7g&_nc_oc=AdqbGsPjH8uacC3wv_LzZemSEIA0jjJ9gzBRqRPR0ZCcRVy4CdOHl8jnZzgaJCyLA8g&_nc_ad=z-m&_nc_cid=0&_nc_zt=23&_nc_ht=scontent-iad6-1.cdninstagram.com&_nc_gid=M5EriMz11BXPra92dM1UFw&_nc_ss=7a22e&oh=00_AQIDy_ez2Kaao0v8222f875B1cUa7ENv4jCCXhmEQ9JXTA&oe=6AA1F966,https://www.instagram.com/p/Dc6BpDXGSBh/
Machadão Atacadista,Outros,Enxaguante Bucal Listerine Cool Mint 500ml,17.9,05/09/2026,https://scontent-iad6-1.cdninstagram.com/v/t39.30808-6/793868466_1367963805423577_8948339533979208501_n.jpg?stp=dst-jpg_e35_tt6&_nc_cat=100&ig_cache_key=Mzk3OTUwMDQxOTkxNTc3NjYwNg%3D%3D.3-ccb7-5&ccb=7-5&_nc_sid=58cdad&efg=eyJ2ZW5jb2RlX3RhZyI6IkNBUk9VU0VMX0lURU0ueHBpZHMuMTYzOC5zZHIucmVndWxhcl9waG90by5DMyJ9&_nc_ohc=Mpr5mbezyDoQ7kNvwEyLyZ7&_nc_oc=AdqffJtGAZ8gNUGqjzUzXV3UKsJ2iVb033cOKlxuUvon_q7p1Qfb6ghbtTBc9V3jx1k&_nc_ad=z-m&_nc_cid=0&_nc_zt=23&_nc_ht=scontent-iad6-1.cdninstagram.com&_nc_gid=M5EriMz11BXPra92dM1UFw&_nc_ss=7a22e&oh=00_AQJjBQVtxYF2fEY3n_xI-T0M9qecxUKPTVlIm6xn2t8wRg&oe=6AA1F587,https://www.instagram.com/p/Dc6BpDXGSBh/
Machadão Atacadista,Outros,Geleia Doma 340g,19.99,01/09/2026,https://scontent-nrt1-2.cdninstagram.com/v/t39.30808-6/789618270_1363962609157030_3615491432982247221_n.jpg?stp=dst-jpg_e35_tt6&_nc_cat=101&ig_cache_key=Mzk3NjIxNDMzMTkzMDk1NjQzNw%3D%3D.3-ccb7-5&ccb=7-5&_nc_sid=58cdad&efg=eyJ2ZW5jb2RlX3RhZyI6IkNBUk9VU0VMX0lURU0ueHBpZHMuMTYzOC5zZHIucmVndWxhcl9waG90by5DMyJ9&_nc_ohc=LWeQr5ZiUMIQ7kNvwG2EpOW&_nc_oc=AdqTmKj8gPcVQGDJZvbSQiS2g1MfVx7gs5N1SmrN0Cw7uV-z_YRJMK5F8nupD-pCr3qX79cSlQC3hL_FWrV1uvSB&_nc_ad=z-m&_nc_cid=0&_nc_zt=23&_nc_ht=scontent-nrt1-2.cdninstagram.com&_nc_gid=lAGGb0982PGD7jUIo2QSQQ&_nc_ss=7a22e&oh=00_AQKhWRg444QWKGhs6d-h3vLo8t6ZNiKq99X21URU7yJzWA&oe=6AA1F626,https://www.instagram.com/p/DcuWeMKD352/
Machadão Atacadista,Outros,Geleia Doma 340g,19.99,01/09/2026,https://scontent-nrt6-1.cdninstagram.com/v/t39.30808-6/788766900_1363961989157092_7149980708576029676_n.jpg?stp=dst-jpg_e35_tt6&_nc_cat=105&ig_cache_key=Mzk3NjIxNDMzMjMyNTE5OTQzMw%3D%3D.3-ccb7-5&ccb=7-5&_nc_sid=58cdad&efg=eyJ2ZW5jb2RlX3RhZyI6IkNBUk9VU0VMX0lURU0ueHBpZHMuMTYzOC5zZHIucmVndWxhcl9waG90by5DMyJ9&_nc_ohc=vw1LTHI3qF8Q7kNvwEXrSdJ&_nc_oc=AdoyvIq8FIBaRiGmwYlE2xtd86PIXoiFhZ0oX0Wl4h4RfvbrnNi6fAr5hFcGVpJYpVVFueZx_lm-HUYteN507Tn8&_nc_ad=z-m&_nc_cid=0&_nc_zt=23&_nc_ht=scontent-nrt6-1.cdninstagram.com&_nc_gid=lAGGb0982PGD7jUIo2QSQQ&_nc_ss=7a22e&oh=00_AQJgxbXvmanVRNfMygUeg_ZwlDCNW-deQSdj1C1RXnxF_Q&oe=6AA1F2D0,https://www.instagram.com/p/DcuWeMKD352/
Machadão Atacadista,Outros,Geleia Doma 340g,19.99,01/09/2026,https://scontent-nrt1-2.cdninstagram.com/v/t39.30808-6/790209214_1363962295823728_6184311664090934208_n.jpg?stp=dst-jpg_e35_tt6&_nc_cat=101&ig_cache_key=Mzk3NjIxNDMzMTA5MjA0NzE3Mg%3D%3D.3-ccb7-5&ccb=7-5&_nc_sid=58cdad&efg=eyJ2ZW5jb2RlX3RhZyI6IkNBUk9VU0VMX0lURU0ueHBpZHMuMTYzOC5zZHIucmVndWxhcl9waG90by5DMyJ9&_nc_ohc=RBvtfYik74QQ7kNvwHZ03vk&_nc_oc=Adplqmx-VaY-bWG92HbQ3dr7yppIyRkEnutrUSHhupZEDzy1Uhl6Fx7VZCzV4KisBE4zetbu-VhHS7hEC9kXw0Hs&_nc_ad=z-m&_nc_cid=0&_nc_zt=23&_nc_ht=scontent-nrt1-2.cdninstagram.com&_nc_gid=lAGGb0982PGD7jUIo2QSQQ&_nc_ss=7a22e&oh=00_AQLYlzQw4d8rU8cIUjYZf1dqWSkrD5iPGFARWMM2Nk0o1A&oe=6AA1FBAE,https://www.instagram.com/p/DcuWeMKD352/
Machadão Atacadista,Outros,Mexilhão Iglu 400g,25.89,01/09/2026,https://scontent-nrt1-2.cdninstagram.com/v/t39.30808-6/789581482_1364004655819492_5066813457254807346_n.jpg?stp=dst-jpg_e35_tt6&_nc_cat=102&ig_cache_key=Mzk3NjIwOTI3NTAwOTc1MTk1MQ%3D%3D.3-ccb7-5&ccb=7-5&_nc_sid=58cdad&efg=eyJ2ZW5jb2RlX3RhZyI6IkNBUk9VU0VMX0lURU0ueHBpZHMuMTYzOC5zZHIucmVndWxhcl9waG90by5DMyJ9&_nc_ohc=QCTw3cNoI1YQ7kNvwENzIdB&_nc_oc=AdpoyKLDbxW7FjpU4vKhLlbqnoAvzKMnAzChS5k7EVQBXMLIaX4IAme2b5VNGUnn-xVoW4LbUO5O6S6qKmx4GDf-&_nc_ad=z-m&_nc_cid=0&_nc_zt=23&_nc_ht=scontent-nrt1-2.cdninstagram.com&_nc_gid=cgJZv6X-wY0QQGQ-lc1i_Q&_nc_ss=7a22e&oh=00_AQJODZkfmVNnrE17x_5rJWNNwU7wXWYujumoiD6EK_egKg&oe=6AA1D3F4,https://www.instagram.com/p/DcuVUiUkbmJ/
Machadão Atacadista,Outros,Mexilhão Iglu 400g,25.89,01/09/2026,https://scontent-nrt1-2.cdninstagram.com/v/t39.30808-6/791465983_1364004672486157_7563797303035302362_n.jpg?stp=dst-jpg_e35_tt6&_nc_cat=107&ig_cache_key=Mzk3NjIwOTI3NDU2NTE0NzE4OA%3D%3D.3-ccb7-5&ccb=7-5&_nc_sid=58cdad&efg=eyJ2ZW5jb2RlX3RhZyI6IkNBUk9VU0VMX0lURU0ueHBpZHMuMTYzOC5zZHIucmVndWxhcl9waG90by5DMyJ9&_nc_ohc=QqyADLx7lpUQ7kNvwHNsmV7&_nc_oc=AdqP-KnXJHEraYefxCVQOFKSx_c6m4EaP3KBfCAd7mCTL1ymhJ67Uxr-VZLWm8UI71lcNL7wdFwFQDT5rQrTTAd1&_nc_ad=z-m&_nc_cid=0&_nc_zt=23&_nc_ht=scontent-nrt1-2.cdninstagram.com&_nc_gid=cgJZv6X-wY0QQGQ-lc1i_Q&_nc_ss=7a22e&oh=00_AQJE_UksFQ80YkCvSR6PW65I2eRzkh4oJEbMRt7pKqOeJg&oe=6AA1F354,https://www.instagram.com/p/DcuVUiUkbmJ/
Bom Jesus Primavera do Leste 🛒,Outros,Ponta de Peito e Músculo com Osso Sulbeef kg,25.99,02/09/2026,https://scontent-mad2-1.cdninstagram.com/v/t51.82787-15/790945081_18375659686237813_9050728469318026865_n.jpg?stp=dst-jpg_e35_tt6&_nc_cat=108&ig_cache_key=Mzk3NzI1MTE3NjY2MzQyODAzOA%3D%3D.3-ccb7-5&ccb=7-5&_nc_sid=58cdad&efg=eyJ2ZW5jb2RlX3RhZyI6IkNBUk9VU0VMX0lURU0ueHBpZHMuMTA4MC5zZHIucmVndWxhcl9waG90by5DMyJ9&_nc_ohc=g7q-6pMExHYQ7kNvwGnX9J-&_nc_oc=Ados4RE-0mBxaFHLHe6gsWy1nHD3J4hQrMUF4AP9ZENyDKSisTOGsQZgtAf_qSVSL9Q&_nc_ad=z-m&_nc_cid=0&_nc_zt=23&_nc_ht=scontent-mad2-1.cdninstagram.com&_nc_gid=cNGrnuKNE2usmScna-pczQ&_nc_ss=7a22e&oh=00_AQKnj0yWUDGQsTrzcQHUAD7HWmd3hMDwwEOk2PeG918QlQ&oe=6AA1F262,https://www.instagram.com/p/DcyCPB9lqMG/
Machadão Atacadista,Outros,Tambatinga Gran Fish kg,29.9,01/09/2026,https://scontent-nrt1-2.cdninstagram.com/v/t39.30808-6/789581482_1364004655819492_5066813457254807346_n.jpg?stp=dst-jpg_e35_tt6&_nc_cat=102&ig_cache_key=Mzk3NjIwOTI3NTAwOTc1MTk1MQ%3D%3D.3-ccb7-5&ccb=7-5&_nc_sid=58cdad&efg=eyJ2ZW5jb2RlX3RhZyI6IkNBUk9VU0VMX0lURU0ueHBpZHMuMTYzOC5zZHIucmVndWxhcl9waG90by5DMyJ9&_nc_ohc=QCTw3cNoI1YQ7kNvwENzIdB&_nc_oc=AdpoyKLDbxW7FjpU4vKhLlbqnoAvzKMnAzChS5k7EVQBXMLIaX4IAme2b5VNGUnn-xVoW4LbUO5O6S6qKmx4GDf-&_nc_ad=z-m&_nc_cid=0&_nc_zt=23&_nc_ht=scontent-nrt1-2.cdninstagram.com&_nc_gid=cgJZv6X-wY0QQGQ-lc1i_Q&_nc_ss=7a22e&oh=00_AQJODZkfmVNnrE17x_5rJWNNwU7wXWYujumoiD6EK_egKg&oe=6AA1D3F4,https://www.instagram.com/p/DcuVUiUkbmJ/
Machadão Atacadista,Outros,Tambatinga Gran Fish kg,29.9,01/09/2026,https://scontent-nrt1-2.cdninstagram.com/v/t39.30808-6/791465983_1364004672486157_7563797303035302362_n.jpg?stp=dst-jpg_e35_tt6&_nc_cat=107&ig_cache_key=Mzk3NjIwOTI3NDU2NTE0NzE4OA%3D%3D.3-ccb7-5&ccb=7-5&_nc_sid=58cdad&efg=eyJ2ZW5jb2RlX3RhZyI6IkNBUk9VU0VMX0lURU0ueHBpZHMuMTYzOC5zZHIucmVndWxhcl9waG90by5DMyJ9&_nc_ohc=QqyADLx7lpUQ7kNvwHNsmV7&_nc_oc=AdqP-KnXJHEraYefxCVQOFKSx_c6m4EaP3KBfCAd7mCTL1ymhJ67Uxr-VZLWm8UI71lcNL7wdFwFQDT5rQrTTAd1&_nc_ad=z-m&_nc_cid=0&_nc_zt=23&_nc_ht=scontent-nrt1-2.cdninstagram.com&_nc_gid=cgJZv6X-wY0QQGQ-lc1i_Q&_nc_ss=7a22e&oh=00_AQJE_UksFQ80YkCvSR6PW65I2eRzkh4oJEbMRt7pKqOeJg&oe=6AA1F354,https://www.instagram.com/p/DcuVUiUkbmJ/
Supermercado Tuiuiú,Outros,Salgadinho kg,29.99,02/09/2026,https://scontent-cdg4-3.cdninstagram.com/v/t51.82787-15/791144761_18583652398067900_958727226358360668_n.jpg?stp=dst-jpg_e35_tt6&_nc_cat=111&ig_cache_key=Mzk3NzY1Mzk0MjczMzM5NzQxMQ%3D%3D.3-ccb7-5&ccb=7-5&_nc_sid=58cdad&efg=eyJ2ZW5jb2RlX3RhZyI6IkNBUk9VU0VMX0lURU0ueHBpZHMuMTA4MC5zZHIucmVndWxhcl9waG90by5DMyJ9&_nc_ohc=TEXxzSeVwpYQ7kNvwEklYCL&_nc_oc=AdoSQHRQsfa3dl9xGyPN2mHfXRyMqrbL7WBjEz8gPwRtkePF6-Qc2jbrHxTAaj9ZFGc&_nc_ad=z-m&_nc_cid=0&_nc_zt=23&_nc_ht=scontent-cdg4-3.cdninstagram.com&_nc_gid=ul7NelFSqRz8ov3NaScWTw&_nc_ss=7a22e&oh=00_AQL2XsD1WlWF96txqe2TAxpA-8kfHXufn5XVlb0M-qxv0w&oe=6AA1D579,https://www.instagram.com/p/Dczd0LlkeC6/
Machadão Atacadista,Outros,Kit Paella Iglu 400g,29.99,01/09/2026,https://scontent-nrt1-2.cdninstagram.com/v/t39.30808-6/789581482_1364004655819492_5066813457254807346_n.jpg?stp=dst-jpg_e35_tt6&_nc_cat=102&ig_cache_key=Mzk3NjIwOTI3NTAwOTc1MTk1MQ%3D%3D.3-ccb7-5&ccb=7-5&_nc_sid=58cdad&efg=eyJ2ZW5jb2RlX3RhZyI6IkNBUk9VU0VMX0lURU0ueHBpZHMuMTYzOC5zZHIucmVndWxhcl9waG90by5DMyJ9&_nc_ohc=QCTw3cNoI1YQ7kNvwENzIdB&_nc_oc=AdpoyKLDbxW7FjpU4vKhLlbqnoAvzKMnAzChS5k7EVQBXMLIaX4IAme2b5VNGUnn-xVoW4LbUO5O6S6qKmx4GDf-&_nc_ad=z-m&_nc_cid=0&_nc_zt=23&_nc_ht=scontent-nrt1-2.cdninstagram.com&_nc_gid=cgJZv6X-wY0QQGQ-lc1i_Q&_nc_ss=7a22e&oh=00_AQJODZkfmVNnrE17x_5rJWNNwU7wXWYujumoiD6EK_egKg&oe=6AA1D3F4,https://www.instagram.com/p/DcuVUiUkbmJ/
Machadão Atacadista,Outros,Kit Paella Iglu 400g,29.99,01/09/2026,https://scontent-nrt1-2.cdninstagram.com/v/t39.30808-6/791465983_1364004672486157_7563797303035302362_n.jpg?stp=dst-jpg_e35_tt6&_nc_cat=107&ig_cache_key=Mzk3NjIwOTI3NDU2NTE0NzE4OA%3D%3D.3-ccb7-5&ccb=7-5&_nc_sid=58cdad&efg=eyJ2ZW5jb2RlX3RhZyI6IkNBUk9VU0VMX0lURU0ueHBpZHMuMTYzOC5zZHIucmVndWxhcl9waG90by5DMyJ9&_nc_ohc=QqyADLx7lpUQ7kNvwHNsmV7&_nc_oc=AdqP-KnXJHEraYefxCVQOFKSx_c6m4EaP3KBfCAd7mCTL1ymhJ67Uxr-VZLWm8UI71lcNL7wdFwFQDT5rQrTTAd1&_nc_ad=z-m&_nc_cid=0&_nc_zt=23&_nc_ht=scontent-nrt1-2.cdninstagram.com&_nc_gid=cgJZv6X-wY0QQGQ-lc1i_Q&_nc_ss=7a22e&oh=00_AQJE_UksFQ80YkCvSR6PW65I2eRzkh4oJEbMRt7pKqOeJg&oe=6AA1F354,https://www.instagram.com/p/DcuVUiUkbmJ/
SUPERMERCADO PARANAENSE,Outros,Ponta de Peito Bovina kg,30.99,04/09/2026,https://instagram.fbcn16-1.fna.fbcdn.net/v/t51.82787-15/793091537_17908611444496981_7739521422564972149_n.jpg?stp=dst-jpg_e35_tt6&_nc_cat=108&ig_cache_key=Mzk3ODgwMjI0OTg5NzI1MzAxNg%3D%3D.3-ccb7-5&ccb=7-5&_nc_sid=58cdad&efg=eyJ2ZW5jb2RlX3RhZyI6IkZFRUQueHBpZHMuMTM1MC5zZHIucmVndWxhcl9waG90by5DMyJ9&_nc_ohc=ie6tgXKIKK4Q7kNvwFcd-YW&_nc_oc=AdpW2lhDnVkyiNJPVvupacTnvpc0xWq5cUaaYREFQWWnoTd6BrVppMIdWgp9Y4b6yMA&_nc_ad=z-m&_nc_cid=0&_nc_zt=23&_nc_ht=instagram.fbcn16-1.fna&_nc_gid=i6L_dzjQKjJcAlgQSiwtFg&_nc_ss=7a22e&oh=00_AQJF4lUmbPNWW3ZWcwAvF2hzIXEKIv5MIOYSsGo8t-VkRg&oe=6AA20271,https://www.instagram.com/p/Dc3i5DQppiY/
Supermercado Bianchi,Outros,Lenha de Eucalipto São Luiz 12kg,31.99,04/09/2026,https://scontent-dus1-1.cdninstagram.com/v/t39.30808-6/793595705_1671342158329515_4457529570292926276_n.jpg?stp=dst-jpg_e35_tt6&_nc_cat=111&ig_cache_key=Mzk3OTA5ODMxMDU5ODUwNDAzNw%3D%3D.3-ccb7-5&ccb=7-5&_nc_sid=58cdad&efg=eyJ2ZW5jb2RlX3RhZyI6IkNBUk9VU0VMX0lURU0ueHBpZHMuMTA4MC5zZHIucmVndWxhcl9waG90by5DMyJ9&_nc_ohc=p9CWVDkW9H4Q7kNvwG37VK8&_nc_oc=Ados13qyFp7YL4fulzv0PAvUxGF6M7iDFo1dJi2a3vc09uRxiQ5Jvvlmk-hSREeYC9A&_nc_ad=z-m&_nc_cid=1088&_nc_zt=23&_nc_ht=scontent-dus1-1.cdninstagram.com&_nc_gid=G8mTHs_bThq4Su9BKqN4oA&_nc_ss=7a22e&oh=00_AQJKssaE1FgJufTwjg_QdAAn9vRcHWSUKDccISowiYNaJQ&oe=6AA1DD2E,https://www.instagram.com/p/Dc4mNeNlFUC/
Supermercado Bianchi,Outros,Capa de Contrafilé Bovina kg,37.99,04/09/2026,https://scontent-dus1-1.cdninstagram.com/v/t39.30808-6/794394885_1671342161662848_9054103810378227712_n.jpg?stp=dst-jpg_e35_tt6&_nc_cat=105&ig_cache_key=Mzk3OTA5ODMxMDkwODkwMjM2Mg%3D%3D.3-ccb7-5&ccb=7-5&_nc_sid=58cdad&efg=eyJ2ZW5jb2RlX3RhZyI6IkNBUk9VU0VMX0lURU0ueHBpZHMuMTA4MC5zZHIucmVndWxhcl9waG90by5DMyJ9&_nc_ohc=u51uHJGhG3QQ7kNvwHPO_92&_nc_oc=AdosZV9qWYKz7v9VjIeucD0AG4Gh_7G3YbV7zLX2Gx6KNw3p3GDoVq4O8alg256rZEQ&_nc_ad=z-m&_nc_cid=1088&_nc_zt=23&_nc_ht=scontent-dus1-1.cdninstagram.com&_nc_gid=G8mTHs_bThq4Su9BKqN4oA&_nc_ss=7a22e&oh=00_AQKwB8FzuZu1a_p4RRmGs49jEMuLL_HtTMLcJAhc7Y0d6A&oe=6AA1D276,https://www.instagram.com/p/Dc4mNeNlFUC/
Machadão Atacadista,Outros,Filé À Parmegiana Mach Foods,38.9,04/09/2026,https://scontent-ams2-1.cdninstagram.com/v/t39.30808-6/795538858_1367373472149277_5312343278939369204_n.jpg?stp=dst-jpg_e35_tt6&_nc_cat=110&ig_cache_key=Mzk3OTEwMzM1NTA4NjY5NzEyNA%3D%3D.3-ccb7-5&ccb=7-5&_nc_sid=58cdad&efg=eyJ2ZW5jb2RlX3RhZyI6IkNBUk9VU0VMX0lURU0ueHBpZHMuMTYzOC5zZHIucmVndWxhcl9waG90by5DMyJ9&_nc_ohc=vhlDEgDaOzIQ7kNvwGaD3iH&_nc_oc=Adqx3Q4pdGP7spXNtHwXI9kBTg52E4pwuHWrc1oPgxsnDmyVbC0e0Mrt_eTl5j5zRGI&_nc_ad=z-m&_nc_cid=0&_nc_zt=23&_nc_ht=scontent-ams2-1.cdninstagram.com&_nc_gid=hyrzNM5u0Rb-wQoXtqFP_w&_nc_ss=7a22e&oh=00_AQIkia1-eavQZrDBbnWztcl-InGn4cyW7W_kbWSxsLegkA&oe=6AA1F34C,https://www.instagram.com/p/Dc4nW-jAe40/
Supermercado Bianchi,Outros,Peito Bovino kg,41.99,04/09/2026,https://scontent-dus1-1.cdninstagram.com/v/t39.30808-6/793595705_1671342158329515_4457529570292926276_n.jpg?stp=dst-jpg_e35_tt6&_nc_cat=111&ig_cache_key=Mzk3OTA5ODMxMDU5ODUwNDAzNw%3D%3D.3-ccb7-5&ccb=7-5&_nc_sid=58cdad&efg=eyJ2ZW5jb2RlX3RhZyI6IkNBUk9VU0VMX0lURU0ueHBpZHMuMTA4MC5zZHIucmVndWxhcl9waG90by5DMyJ9&_nc_ohc=p9CWVDkW9H4Q7kNvwG37VK8&_nc_oc=Ados13qyFp7YL4fulzv0PAvUxGF6M7iDFo1dJi2a3vc09uRxiQ5Jvvlmk-hSREeYC9A&_nc_ad=z-m&_nc_cid=1088&_nc_zt=23&_nc_ht=scontent-dus1-1.cdninstagram.com&_nc_gid=G8mTHs_bThq4Su9BKqN4oA&_nc_ss=7a22e&oh=00_AQJKssaE1FgJufTwjg_QdAAn9vRcHWSUKDccISowiYNaJQ&oe=6AA1DD2E,https://www.instagram.com/p/Dc4mNeNlFUC/
Bom Jesus Primavera do Leste 🛒,Padaria / Congelados,Pão de Queijo Pão e Arte 1kg,14.99,02/09/2026,https://scontent-mad2-1.cdninstagram.com/v/t51.82787-15/790945081_18375659686237813_9050728469318026865_n.jpg?stp=dst-jpg_e35_tt6&_nc_cat=108&ig_cache_key=Mzk3NzI1MTE3NjY2MzQyODAzOA%3D%3D.3-ccb7-5&ccb=7-5&_nc_sid=58cdad&efg=eyJ2ZW5jb2RlX3RhZyI6IkNBUk9VU0VMX0lURU0ueHBpZHMuMTA4MC5zZHIucmVndWxhcl9waG90by5DMyJ9&_nc_ohc=g7q-6pMExHYQ7kNvwGnX9J-&_nc_oc=Ados4RE-0mBxaFHLHe6gsWy1nHD3J4hQrMUF4AP9ZENyDKSisTOGsQZgtAf_qSVSL9Q&_nc_ad=z-m&_nc_cid=0&_nc_zt=23&_nc_ht=scontent-mad2-1.cdninstagram.com&_nc_gid=cNGrnuKNE2usmScna-pczQ&_nc_ss=7a22e&oh=00_AQKnj0yWUDGQsTrzcQHUAD7HWmd3hMDwwEOk2PeG918QlQ&oe=6AA1F262,https://www.instagram.com/p/DcyCPB9lqMG/
Machadão Atacadista,Padaria / Congelados,Pão de Queijo Silbas 1kg,15.99,01/09/2026,https://scontent-nrt1-2.cdninstagram.com/v/t39.30808-6/789618270_1363962609157030_3615491432982247221_n.jpg?stp=dst-jpg_e35_tt6&_nc_cat=101&ig_cache_key=Mzk3NjIxNDMzMTkzMDk1NjQzNw%3D%3D.3-ccb7-5&ccb=7-5&_nc_sid=58cdad&efg=eyJ2ZW5jb2RlX3RhZyI6IkNBUk9VU0VMX0lURU0ueHBpZHMuMTYzOC5zZHIucmVndWxhcl9waG90by5DMyJ9&_nc_ohc=LWeQr5ZiUMIQ7kNvwG2EpOW&_nc_oc=AdqTmKj8gPcVQGDJZvbSQiS2g1MfVx7gs5N1SmrN0Cw7uV-z_YRJMK5F8nupD-pCr3qX79cSlQC3hL_FWrV1uvSB&_nc_ad=z-m&_nc_cid=0&_nc_zt=23&_nc_ht=scontent-nrt1-2.cdninstagram.com&_nc_gid=lAGGb0982PGD7jUIo2QSQQ&_nc_ss=7a22e&oh=00_AQKhWRg444QWKGhs6d-h3vLo8t6ZNiKq99X21URU7yJzWA&oe=6AA1F626,https://www.instagram.com/p/DcuWeMKD352/
Machadão Atacadista,Padaria / Congelados,Pão de Queijo Silbas 1kg,15.99,01/09/2026,https://scontent-nrt6-1.cdninstagram.com/v/t39.30808-6/788766900_1363961989157092_7149980708576029676_n.jpg?stp=dst-jpg_e35_tt6&_nc_cat=105&ig_cache_key=Mzk3NjIxNDMzMjMyNTE5OTQzMw%3D%3D.3-ccb7-5&ccb=7-5&_nc_sid=58cdad&efg=eyJ2ZW5jb2RlX3RhZyI6IkNBUk9VU0VMX0lURU0ueHBpZHMuMTYzOC5zZHIucmVndWxhcl9waG90by5DMyJ9&_nc_ohc=vw1LTHI3qF8Q7kNvwEXrSdJ&_nc_oc=AdoyvIq8FIBaRiGmwYlE2xtd86PIXoiFhZ0oX0Wl4h4RfvbrnNi6fAr5hFcGVpJYpVVFueZx_lm-HUYteN507Tn8&_nc_ad=z-m&_nc_cid=0&_nc_zt=23&_nc_ht=scontent-nrt6-1.cdninstagram.com&_nc_gid=lAGGb0982PGD7jUIo2QSQQ&_nc_ss=7a22e&oh=00_AQJgxbXvmanVRNfMygUeg_ZwlDCNW-deQSdj1C1RXnxF_Q&oe=6AA1F2D0,https://www.instagram.com/p/DcuWeMKD352/
Machadão Atacadista,Padaria / Congelados,Pão de Queijo Silbas 1kg,15.99,01/09/2026,https://scontent-nrt1-2.cdninstagram.com/v/t39.30808-6/790209214_1363962295823728_6184311664090934208_n.jpg?stp=dst-jpg_e35_tt6&_nc_cat=101&ig_cache_key=Mzk3NjIxNDMzMTA5MjA0NzE3Mg%3D%3D.3-ccb7-5&ccb=7-5&_nc_sid=58cdad&efg=eyJ2ZW5jb2RlX3RhZyI6IkNBUk9VU0VMX0lURU0ueHBpZHMuMTYzOC5zZHIucmVndWxhcl9waG90by5DMyJ9&_nc_ohc=RBvtfYik74QQ7kNvwHZ03vk&_nc_oc=Adplqmx-VaY-bWG92HbQ3dr7yppIyRkEnutrUSHhupZEDzy1Uhl6Fx7VZCzV4KisBE4zetbu-VhHS7hEC9kXw0Hs&_nc_ad=z-m&_nc_cid=0&_nc_zt=23&_nc_ht=scontent-nrt1-2.cdninstagram.com&_nc_gid=lAGGb0982PGD7jUIo2QSQQ&_nc_ss=7a22e&oh=00_AQLYlzQw4d8rU8cIUjYZf1dqWSkrD5iPGFARWMM2Nk0o1A&oe=6AA1FBAE,https://www.instagram.com/p/DcuWeMKD352/
Supermercado Tuiuiú,Padaria / Congelados,Pão de Queijo kg,18.99,02/09/2026,https://scontent-cdg4-3.cdninstagram.com/v/t51.82787-15/791144761_18583652398067900_958727226358360668_n.jpg?stp=dst-jpg_e35_tt6&_nc_cat=111&ig_cache_key=Mzk3NzY1Mzk0MjczMzM5NzQxMQ%3D%3D.3-ccb7-5&ccb=7-5&_nc_sid=58cdad&efg=eyJ2ZW5jb2RlX3RhZyI6IkNBUk9VU0VMX0lURU0ueHBpZHMuMTA4MC5zZHIucmVndWxhcl9waG90by5DMyJ9&_nc_ohc=TEXxzSeVwpYQ7kNvwEklYCL&_nc_oc=AdoSQHRQsfa3dl9xGyPN2mHfXRyMqrbL7WBjEz8gPwRtkePF6-Qc2jbrHxTAaj9ZFGc&_nc_ad=z-m&_nc_cid=0&_nc_zt=23&_nc_ht=scontent-cdg4-3.cdninstagram.com&_nc_gid=ul7NelFSqRz8ov3NaScWTw&_nc_ss=7a22e&oh=00_AQL2XsD1WlWF96txqe2TAxpA-8kfHXufn5XVlb0M-qxv0w&oe=6AA1D579,https://www.instagram.com/p/Dczd0LlkeC6/
Supermercado Tuiuiú,Padaria / Pães,Pão Francês kg,9.99,02/09/2026,https://scontent-cdg4-3.cdninstagram.com/v/t51.82787-15/791144761_18583652398067900_958727226358360668_n.jpg?stp=dst-jpg_e35_tt6&_nc_cat=111&ig_cache_key=Mzk3NzY1Mzk0MjczMzM5NzQxMQ%3D%3D.3-ccb7-5&ccb=7-5&_nc_sid=58cdad&efg=eyJ2ZW5jb2RlX3RhZyI6IkNBUk9VU0VMX0lURU0ueHBpZHMuMTA4MC5zZHIucmVndWxhcl9waG90by5DMyJ9&_nc_ohc=TEXxzSeVwpYQ7kNvwEklYCL&_nc_oc=AdoSQHRQsfa3dl9xGyPN2mHfXRyMqrbL7WBjEz8gPwRtkePF6-Qc2jbrHxTAaj9ZFGc&_nc_ad=z-m&_nc_cid=0&_nc_zt=23&_nc_ht=scontent-cdg4-3.cdninstagram.com&_nc_gid=ul7NelFSqRz8ov3NaScWTw&_nc_ss=7a22e&oh=00_AQL2XsD1WlWF96txqe2TAxpA-8kfHXufn5XVlb0M-qxv0w&oe=6AA1D579,https://www.instagram.com/p/Dczd0LlkeC6/
Mercado Talismã,Padaria / Pães,Pão de Alho Bello 300g,9.99,04/09/2026,https://scontent-muc2-1.cdninstagram.com/v/t51.82787-15/794141159_18094598276531849_432438005650836885_n.jpg?stp=dst-jpg_e35_tt6&_nc_cat=101&ig_cache_key=Mzk3ODcwMzM4MjYyMDk2NTAxMA%3D%3D.3-ccb7-5&ccb=7-5&_nc_sid=58cdad&efg=eyJ2ZW5jb2RlX3RhZyI6IkNBUk9VU0VMX0lURU0ueHBpZHMuMTI1NC5zZHIucmVndWxhcl9waG90by5DMyJ9&_nc_ohc=5-9Hxl23i5MQ7kNvwFFafHc&_nc_oc=Adq7sr-YvgsyChs6y1qW3cTwRTAnun_f9hBixO2mXEh4Cqx9eL3try9P2n2PUdZvpVw&_nc_ad=z-m&_nc_cid=0&_nc_zt=23&_nc_ht=scontent-muc2-1.cdninstagram.com&_nc_gid=xxlDQo_jnxsmP_oMWXLPLw&_nc_ss=7a22e&oh=00_AQIkdA3BFZBES_osQzRRQ59WBqvmX6PwUlO4XAmp2D1b9w&oe=6AA1CC55,https://www.instagram.com/p/Dc3Mb-nEUhr/
Supermercado Bianchi,Padaria / Pães,Pão de Alho Bello 300g,9.99,04/09/2026,https://scontent-dus1-1.cdninstagram.com/v/t39.30808-6/794394885_1671342161662848_9054103810378227712_n.jpg?stp=dst-jpg_e35_tt6&_nc_cat=105&ig_cache_key=Mzk3OTA5ODMxMDkwODkwMjM2Mg%3D%3D.3-ccb7-5&ccb=7-5&_nc_sid=58cdad&efg=eyJ2ZW5jb2RlX3RhZyI6IkNBUk9VU0VMX0lURU0ueHBpZHMuMTA4MC5zZHIucmVndWxhcl9waG90by5DMyJ9&_nc_ohc=u51uHJGhG3QQ7kNvwHPO_92&_nc_oc=AdosZV9qWYKz7v9VjIeucD0AG4Gh_7G3YbV7zLX2Gx6KNw3p3GDoVq4O8alg256rZEQ&_nc_ad=z-m&_nc_cid=1088&_nc_zt=23&_nc_ht=scontent-dus1-1.cdninstagram.com&_nc_gid=G8mTHs_bThq4Su9BKqN4oA&_nc_ss=7a22e&oh=00_AQKwB8FzuZu1a_p4RRmGs49jEMuLL_HtTMLcJAhc7Y0d6A&oe=6AA1D276,https://www.instagram.com/p/Dc4mNeNlFUC/
Super Compras Supermercado,Pet Shop,Coração Bovino kg,6.99,31/08/2026,https://scontent-iad3-2.cdninstagram.com/v/t51.82787-15/791974186_18193115938391764_5859732845031236442_n.jpg?stp=dst-jpg_e35_tt6&_nc_cat=105&ig_cache_key=Mzk3NTQ2MjE2MTk0MjIyOTY3Mg%3D%3D.3-ccb7-5&ccb=7-5&_nc_sid=58cdad&efg=eyJ2ZW5jb2RlX3RhZyI6IkNBUk9VU0VMX0lURU0ueHBpZHMuMTQ0MC5zZHIucmVndWxhcl9waG90by5DMyJ9&_nc_ohc=tPx9Y0j56JUQ7kNvwHvP4g1&_nc_oc=AdoMfs8co1mOrDKbTqcJX_y7gLKY0ibGl1h8NtgJIJK8mEHSNKppGUNZiU_u48-Iv-s&_nc_ad=z-m&_nc_cid=0&_nc_zt=23&_nc_ht=scontent-iad3-2.cdninstagram.com&_nc_gid=O8VmzZK6zjT42mNrWlVNkw&_nc_ss=7a22e&oh=00_AQLTaiOVhNCjAhU9M2KO3sUP--fK0-tJOR8eiInubjrjeg&oe=6AA1CFB6,https://www.instagram.com/p/DcrreFFEorJ/
Machadão Atacadista,Pet Shop,Ração Para Cães Plok Carne 7kg,39.9,01/09/2026,https://scontent-nrt6-1.cdninstagram.com/v/t39.30808-6/788717108_1363962009157090_7645430109379984108_n.jpg?stp=dst-jpg_e35_tt6&_nc_cat=110&ig_cache_key=Mzk3NjIxNDMzMjA1Njc3MzMzMA%3D%3D.3-ccb7-5&ccb=7-5&_nc_sid=58cdad&efg=eyJ2ZW5jb2RlX3RhZyI6IkNBUk9VU0VMX0lURU0ueHBpZHMuMTYzOC5zZHIucmVndWxhcl9waG90by5DMyJ9&_nc_ohc=-JVLd9gM9c8Q7kNvwH5gmot&_nc_oc=Adqb4FV0BlK1UaHMCus6P03VTk3fWzLNWwoddj_shm66PKNSqSzdb4rPloipWa2Vbp4RZRtXsDYLCWY1BrPGKGuz&_nc_ad=z-m&_nc_cid=0&_nc_zt=23&_nc_ht=scontent-nrt6-1.cdninstagram.com&_nc_gid=lAGGb0982PGD7jUIo2QSQQ&_nc_ss=7a22e&oh=00_AQJ9xeow80FEHLUxM18_QyBki3Gqqf429drZ9oeEnCGTaQ&oe=6AA1E8D3,https://www.instagram.com/p/DcuWeMKD352/
Machadão Atacadista,Pet Shop,Ração Para Cães Plok Carne 7kg,39.9,01/09/2026,https://scontent-nrt6-1.cdninstagram.com/v/t39.30808-6/788953852_1363962525823705_7158709731603332512_n.jpg?stp=dst-jpg_e35_tt6&_nc_cat=105&ig_cache_key=Mzk3NjIxNDMzMDg3Mzk1MDI0Mw%3D%3D.3-ccb7-5&ccb=7-5&_nc_sid=58cdad&efg=eyJ2ZW5jb2RlX3RhZyI6IkNBUk9VU0VMX0lURU0ueHBpZHMuMTYzOC5zZHIucmVndWxhcl9waG90by5DMyJ9&_nc_ohc=ydM-R8J21eIQ7kNvwEeklkt&_nc_oc=AdratrKY-tPFD-uUWliBbti6lQ0YnO7pxm-Nbe2psNN_nNby6Wz71gaZuPJDfOgPDtz1qMbSeo4YKHl-Ku7byIHN&_nc_ad=z-m&_nc_cid=0&_nc_zt=23&_nc_ht=scontent-nrt6-1.cdninstagram.com&_nc_gid=lAGGb0982PGD7jUIo2QSQQ&_nc_ss=7a22e&oh=00_AQKhDs3JBK6w4VaHXkSlKubO8OUe9oDY6yALrNKdkPxUJQ&oe=6AA1D51F,https://www.instagram.com/p/DcuWeMKD352/
