supermercado,categoria,item,valor,data_postagem,link,post_url
Bom Jesus Primavera do Leste 🛒,Bazar / Eletro,Copo Drink Aruba Cinza 475ml,7.49,28/08/2026,https://scontent-ams2-1.cdninstagram.com/v/t51.82787-15/788860531_18374942995237813_624644092953609674_n.jpg?stp=dst-jpg_e35_tt6&_nc_cat=106&ig_cache_key=Mzk3Mzk3Nzc4MjEzMTM5MTcwNQ%3D%3D.3-ccb7-5&ccb=7-5&_nc_sid=58cdad&efg=eyJ2ZW5jb2RlX3RhZyI6IkNBUk9VU0VMX0lURU0ueHBpZHMuMTA4MC5zZHIucmVndWxhcl9waG90by5DMyJ9&_nc_ohc=7IsixMbzdvIQ7kNvwFBEauc&_nc_oc=AdpH9K1QTD1BKoyG8uMa-8FTcfyQYSoEGIeCTBwl-_lQqMaQys9Z6l54LhOSWgvo7OM&_nc_ad=z-m&_nc_cid=0&_nc_zt=23&_nc_ht=scontent-ams2-1.cdninstagram.com&_nc_gid=jRI1dTb-zr9XSjXpQtgHvg&_nc_ss=7a22e&oh=00_AQLoVcKI7wLGY4VuJ1H2Nra6N-LzPXIYCLT1m60p2y_BjA&oe=6A9B994B,https://www.instagram.com/p/DcmZ8cDD400/
Super Compras Supermercado,Bazar / Eletro,Churrasqueira,599.99,29/08/2026,https://scontent-icn2-1.cdninstagram.com/v/t51.82787-15/789652349_18192946324391764_294674980305459178_n.jpg?stp=dst-jpg_e15_tt6&_nc_cat=104&ig_cache_key=Mzk3NDQxNzU0MDcwNDUzNTg2NDE4MTkyOTQ2MzE4MzkxNzY0.3-ccb7-5&ccb=7-5&_nc_sid=58cdad&efg=eyJ2ZW5jb2RlX3RhZyI6IkNMSVBTLnhwaWRzLjk2MC5zZHIudmlkZW9fZGVmYXVsdF9jb3Zlcl9mcmFtZS5DMyJ9&_nc_ohc=VztOZX0SUbIQ7kNvwHDBo_n&_nc_oc=Adrp6qso3SvpMibaP6yqT6Q7NH3a_1RMQpPPTrklVJLu_HSnR8kopnzht8G5DhHi5Mc&_nc_ad=z-m&_nc_cid=0&_nc_zt=23&_nc_ht=scontent-icn2-1.cdninstagram.com&_nc_gid=ByVVfgagLx0CYvMwgYjalQ&_nc_ss=7a22e&oh=00_AQK4d9gCNT8PyFCSFf_yUwXqHmk0tbR1U6dgnhFd0v-ygA&oe=6A9B705D,https://www.instagram.com/p/Dcn97ImxoU4/
Bom Jesus Primavera do Leste 🛒,Bebidas / Alcoólicos Diversos,Sérum de Tratamento Dove 110ml,29.9,27/08/2026,https://scontent-waw2-2.cdninstagram.com/v/t51.82787-15/787993259_18374687005237813_4471412213431393234_n.jpg?stp=dst-jpg_e35_tt6&_nc_cat=103&ig_cache_key=Mzk3Mjk0NzA1MzQ4MTkxNTUyNQ%3D%3D.3-ccb7-5&ccb=7-5&_nc_sid=58cdad&efg=eyJ2ZW5jb2RlX3RhZyI6IkZFRUQueHBpZHMuMTM1MC5zZHIucmVndWxhcl9waG90by5DMiJ9&_nc_ohc=wXQuivYivwoQ7kNvwF5p2cf&_nc_oc=Adp3MSbyZehCFwdta6zm_tXItUO2pegdDIvgfFlHWTKABO666j2qAdtrqjyj5LhrRQw&_nc_ad=z-m&_nc_cid=0&_nc_zt=23&_nc_ht=scontent-waw2-2.cdninstagram.com&_nc_gid=7Km_DVQKuLCEV1bZQdj17Q&_nc_ss=7a22e&oh=00_AQK5367QoveN8qbXyMCLvHnuYZq_N4YPlwy-xmxEobdwdA&oe=6A9B8EEE,https://www.instagram.com/p/DcivkuqOXSF/
Bom Jesus Primavera do Leste 🛒,Bebidas / Alcoólicos Diversos,Sérum Elseve 100ml,29.99,27/08/2026,https://scontent-waw2-2.cdninstagram.com/v/t51.82787-15/787993259_18374687005237813_4471412213431393234_n.jpg?stp=dst-jpg_e35_tt6&_nc_cat=103&ig_cache_key=Mzk3Mjk0NzA1MzQ4MTkxNTUyNQ%3D%3D.3-ccb7-5&ccb=7-5&_nc_sid=58cdad&efg=eyJ2ZW5jb2RlX3RhZyI6IkZFRUQueHBpZHMuMTM1MC5zZHIucmVndWxhcl9waG90by5DMiJ9&_nc_ohc=wXQuivYivwoQ7kNvwF5p2cf&_nc_oc=Adp3MSbyZehCFwdta6zm_tXItUO2pegdDIvgfFlHWTKABO666j2qAdtrqjyj5LhrRQw&_nc_ad=z-m&_nc_cid=0&_nc_zt=23&_nc_ht=scontent-waw2-2.cdninstagram.com&_nc_gid=7Km_DVQKuLCEV1bZQdj17Q&_nc_ss=7a22e&oh=00_AQK5367QoveN8qbXyMCLvHnuYZq_N4YPlwy-xmxEobdwdA&oe=6A9B8EEE,https://www.instagram.com/p/DcivkuqOXSF/
Bom Jesus Primavera do Leste 🛒,Bebidas / Alcoólicos Diversos,Sérum Facial Garnier Vitamina C 100ml,36.99,27/08/2026,https://scontent-waw2-2.cdninstagram.com/v/t51.82787-15/787993259_18374687005237813_4471412213431393234_n.jpg?stp=dst-jpg_e35_tt6&_nc_cat=103&ig_cache_key=Mzk3Mjk0NzA1MzQ4MTkxNTUyNQ%3D%3D.3-ccb7-5&ccb=7-5&_nc_sid=58cdad&efg=eyJ2ZW5jb2RlX3RhZyI6IkZFRUQueHBpZHMuMTM1MC5zZHIucmVndWxhcl9waG90by5DMiJ9&_nc_ohc=wXQuivYivwoQ7kNvwF5p2cf&_nc_oc=Adp3MSbyZehCFwdta6zm_tXItUO2pegdDIvgfFlHWTKABO666j2qAdtrqjyj5LhrRQw&_nc_ad=z-m&_nc_cid=0&_nc_zt=23&_nc_ht=scontent-waw2-2.cdninstagram.com&_nc_gid=7Km_DVQKuLCEV1bZQdj17Q&_nc_ss=7a22e&oh=00_AQK5367QoveN8qbXyMCLvHnuYZq_N4YPlwy-xmxEobdwdA&oe=6A9B8EEE,https://www.instagram.com/p/DcivkuqOXSF/
Bom Jesus Primavera do Leste 🛒,Bebidas / Alcoólicos Diversos,Whisky White Horse 1L,84.9,28/08/2026,https://scontent-ams2-1.cdninstagram.com/v/t51.82787-15/788139857_18374943016237813_6095318216715939563_n.jpg?stp=dst-jpg_e35_tt6&_nc_cat=107&ig_cache_key=Mzk3Mzk3Nzc4MDcyMjI3NDY1Mg%3D%3D.3-ccb7-5&ccb=7-5&_nc_sid=58cdad&efg=eyJ2ZW5jb2RlX3RhZyI6IkNBUk9VU0VMX0lURU0ueHBpZHMuMTA4MC5zZHIucmVndWxhcl9waG90by5DMyJ9&_nc_ohc=u6RrkwcH62kQ7kNvwFsd-0U&_nc_oc=Adpihwj10u-gtE9AOlNelJ7Pcs9mJp3py1SUNkxTBlx8SqXy80_pAqE-gfvACtUV5D4&_nc_ad=z-m&_nc_cid=0&_nc_zt=23&_nc_ht=scontent-ams2-1.cdninstagram.com&_nc_gid=jRI1dTb-zr9XSjXpQtgHvg&_nc_ss=7a22e&oh=00_AQLioGgANVH1b_knfNEaQmt0mGjOFnOW8HWM1x1i8W9mOA&oe=6A9B9730,https://www.instagram.com/p/DcmZ8cDD400/
Bom Jesus Primavera do Leste 🛒,Bebidas / Alcoólicos Diversos,Whisky Old Parr 12 Anos 1L,179.9,28/08/2026,https://scontent-ams2-1.cdninstagram.com/v/t51.82787-15/788139857_18374943016237813_6095318216715939563_n.jpg?stp=dst-jpg_e35_tt6&_nc_cat=107&ig_cache_key=Mzk3Mzk3Nzc4MDcyMjI3NDY1Mg%3D%3D.3-ccb7-5&ccb=7-5&_nc_sid=58cdad&efg=eyJ2ZW5jb2RlX3RhZyI6IkNBUk9VU0VMX0lURU0ueHBpZHMuMTA4MC5zZHIucmVndWxhcl9waG90by5DMyJ9&_nc_ohc=u6RrkwcH62kQ7kNvwFsd-0U&_nc_oc=Adpihwj10u-gtE9AOlNelJ7Pcs9mJp3py1SUNkxTBlx8SqXy80_pAqE-gfvACtUV5D4&_nc_ad=z-m&_nc_cid=0&_nc_zt=23&_nc_ht=scontent-ams2-1.cdninstagram.com&_nc_gid=jRI1dTb-zr9XSjXpQtgHvg&_nc_ss=7a22e&oh=00_AQLioGgANVH1b_knfNEaQmt0mGjOFnOW8HWM1x1i8W9mOA&oe=6A9B9730,https://www.instagram.com/p/DcmZ8cDD400/
Supermercado Tuiuiú,Bebidas / Cervejas,Cerveja Skol 300ml,2.49,28/08/2026,https://scontent-bos5-1.cdninstagram.com/v/t39.30808-6/782169173_1720016753465476_6179349585647048120_n.jpg?stp=dst-jpg_e35_tt6&_nc_cat=111&ig_cache_key=Mzk3MzM0Mjg3OTMwMjI3OTYzOQ%3D%3D.3-ccb7-5&ccb=7-5&_nc_sid=58cdad&efg=eyJ2ZW5jb2RlX3RhZyI6IkNBUk9VU0VMX0lURU0ueHBpZHMuMTI1NC5zZHIucmVndWxhcl9waG90by5DMyJ9&_nc_ohc=qPA3dbH0piIQ7kNvwHdilKP&_nc_oc=Adrg7OV-FhkW4k87FvxqV5FywCNfQ0ctsfY8AA-PPV-h3wy-Vt1ARbHfm6By8nRrMKg&_nc_ad=z-m&_nc_cid=0&_nc_zt=23&_nc_ht=scontent-bos5-1.cdninstagram.com&_nc_gid=bmLXXYJOFClGMwHlmUZfvA&_nc_ss=7a22e&oh=00_AQKP9JvhMIGnX8LdqLjfbDdBZaBFG8FWhudOrdVl35eaSg&oe=6A9B9661,https://www.instagram.com/p/DckJlYyI3Tu/
Supermercado Tuiuiú,Bebidas / Cervejas,Cerveja Brahma 300ml,2.49,28/08/2026,https://scontent-bos5-1.cdninstagram.com/v/t39.30808-6/782169173_1720016753465476_6179349585647048120_n.jpg?stp=dst-jpg_e35_tt6&_nc_cat=111&ig_cache_key=Mzk3MzM0Mjg3OTMwMjI3OTYzOQ%3D%3D.3-ccb7-5&ccb=7-5&_nc_sid=58cdad&efg=eyJ2ZW5jb2RlX3RhZyI6IkNBUk9VU0VMX0lURU0ueHBpZHMuMTI1NC5zZHIucmVndWxhcl9waG90by5DMyJ9&_nc_ohc=qPA3dbH0piIQ7kNvwHdilKP&_nc_oc=Adrg7OV-FhkW4k87FvxqV5FywCNfQ0ctsfY8AA-PPV-h3wy-Vt1ARbHfm6By8nRrMKg&_nc_ad=z-m&_nc_cid=0&_nc_zt=23&_nc_ht=scontent-bos5-1.cdninstagram.com&_nc_gid=bmLXXYJOFClGMwHlmUZfvA&_nc_ss=7a22e&oh=00_AQKP9JvhMIGnX8LdqLjfbDdBZaBFG8FWhudOrdVl35eaSg&oe=6A9B9661,https://www.instagram.com/p/DckJlYyI3Tu/
Super Compras Supermercado,Bebidas / Cervejas,Cerveja Skol Retornável 300ml,2.49,29/08/2026,https://scontent-fra5-2.cdninstagram.com/v/t51.82787-15/787666404_18192892456391764_5631571009347207340_n.jpg?stp=dst-jpg_e35_tt6&_nc_cat=107&ig_cache_key=Mzk3NDAxMjM2OTYxNzUwODE0Ng%3D%3D.3-ccb7-5&ccb=7-5&_nc_sid=58cdad&efg=eyJ2ZW5jb2RlX3RhZyI6IkNBUk9VU0VMX0lURU0ueHBpZHMuMTQ0MC5zZHIucmVndWxhcl9waG90by5DMyJ9&_nc_ohc=YdVhHFKNO3AQ7kNvwHa8z1e&_nc_oc=AdpwMGnhVvWlN041QaQfsDzOqy-hV5b_Ifhj3ffDMCi2Xp_Hp5pbZkEgmtbUMjszaac&_nc_ad=z-m&_nc_cid=0&_nc_zt=23&_nc_ht=scontent-fra5-2.cdninstagram.com&_nc_gid=XE-WXNcIBrbBoDtt9F1rqg&_nc_ss=7a22e&oh=00_AQKpCS2P_ZDziG0QrqLwUOjOjF5ZrMbh1TYldsCI8elq9g&oe=6A9BA3DA,https://www.instagram.com/p/DcmhzwZjQj_/
Supermercado São Pedro,Bebidas / Cervejas,Cerveja Antarctica Original 300ml,2.69,28/08/2026,https://scontent-ord5-1.cdninstagram.com/v/t51.82787-15/787853786_18195711469382122_4084613579796731411_n.jpg?stp=dst-jpg_e35_tt6&_nc_cat=101&ig_cache_key=Mzk3MzY3MjU2ODk4MzkzOTE2MQ%3D%3D.3-ccb7-5&ccb=7-5&_nc_sid=58cdad&efg=eyJ2ZW5jb2RlX3RhZyI6IkNBUk9VU0VMX0lURU0ueHBpZHMuMTA4MS5zZHIucmVndWxhcl9waG90by5DMyJ9&_nc_ohc=YRh7I8l8B0QQ7kNvwHlEw3O&_nc_oc=AdrHCoG2WkdmZXa4FwFC30vrqZ2O_zCin_hSzkRyiGTz_k-7EvFXy8yMbwuq3rSQbHBWFYi1cP3qB_7ReenJ1ICO&_nc_ad=z-m&_nc_cid=0&_nc_zt=23&_nc_ht=scontent-ord5-1.cdninstagram.com&_nc_gid=e8yrrgwvTiB2RW3pwYsWmA&_nc_ss=7a22e&oh=00_AQJCf2yLnEnXMf-jjzQVUurpcTwQVzDCaO1bFCb3y3kVag&oe=6A9B89C7,https://www.instagram.com/p/DclUqI1G7TG/
Bom Jesus Primavera do Leste 🛒,Bebidas / Cervejas,Cerveja Corona 269ml,4.29,28/08/2026,https://scontent-ams2-1.cdninstagram.com/v/t51.82787-15/788139857_18374943016237813_6095318216715939563_n.jpg?stp=dst-jpg_e35_tt6&_nc_cat=107&ig_cache_key=Mzk3Mzk3Nzc4MDcyMjI3NDY1Mg%3D%3D.3-ccb7-5&ccb=7-5&_nc_sid=58cdad&efg=eyJ2ZW5jb2RlX3RhZyI6IkNBUk9VU0VMX0lURU0ueHBpZHMuMTA4MC5zZHIucmVndWxhcl9waG90by5DMyJ9&_nc_ohc=u6RrkwcH62kQ7kNvwFsd-0U&_nc_oc=Adpihwj10u-gtE9AOlNelJ7Pcs9mJp3py1SUNkxTBlx8SqXy80_pAqE-gfvACtUV5D4&_nc_ad=z-m&_nc_cid=0&_nc_zt=23&_nc_ht=scontent-ams2-1.cdninstagram.com&_nc_gid=jRI1dTb-zr9XSjXpQtgHvg&_nc_ss=7a22e&oh=00_AQLioGgANVH1b_knfNEaQmt0mGjOFnOW8HWM1x1i8W9mOA&oe=6A9B9730,https://www.instagram.com/p/DcmZ8cDD400/
Bom Jesus Primavera do Leste 🛒,Bebidas / Cervejas,Achocolatado em Pó Toddy 370g Kit 2 Unidades,15.99,28/08/2026,https://scontent-ams2-1.cdninstagram.com/v/t51.82787-15/788139857_18374943016237813_6095318216715939563_n.jpg?stp=dst-jpg_e35_tt6&_nc_cat=107&ig_cache_key=Mzk3Mzk3Nzc4MDcyMjI3NDY1Mg%3D%3D.3-ccb7-5&ccb=7-5&_nc_sid=58cdad&efg=eyJ2ZW5jb2RlX3RhZyI6IkNBUk9VU0VMX0lURU0ueHBpZHMuMTA4MC5zZHIucmVndWxhcl9waG90by5DMyJ9&_nc_ohc=u6RrkwcH62kQ7kNvwFsd-0U&_nc_oc=Adpihwj10u-gtE9AOlNelJ7Pcs9mJp3py1SUNkxTBlx8SqXy80_pAqE-gfvACtUV5D4&_nc_ad=z-m&_nc_cid=0&_nc_zt=23&_nc_ht=scontent-ams2-1.cdninstagram.com&_nc_gid=jRI1dTb-zr9XSjXpQtgHvg&_nc_ss=7a22e&oh=00_AQLioGgANVH1b_knfNEaQmt0mGjOFnOW8HWM1x1i8W9mOA&oe=6A9B9730,https://www.instagram.com/p/DcmZ8cDD400/
Super Compras Supermercado,Bebidas / Cervejas,Cerveja Spaten 269ml C 8,29.52,29/08/2026,https://scontent-fra5-2.cdninstagram.com/v/t51.82787-15/787666404_18192892456391764_5631571009347207340_n.jpg?stp=dst-jpg_e35_tt6&_nc_cat=107&ig_cache_key=Mzk3NDAxMjM2OTYxNzUwODE0Ng%3D%3D.3-ccb7-5&ccb=7-5&_nc_sid=58cdad&efg=eyJ2ZW5jb2RlX3RhZyI6IkNBUk9VU0VMX0lURU0ueHBpZHMuMTQ0MC5zZHIucmVndWxhcl9waG90by5DMyJ9&_nc_ohc=YdVhHFKNO3AQ7kNvwHa8z1e&_nc_oc=AdpwMGnhVvWlN041QaQfsDzOqy-hV5b_Ifhj3ffDMCi2Xp_Hp5pbZkEgmtbUMjszaac&_nc_ad=z-m&_nc_cid=0&_nc_zt=23&_nc_ht=scontent-fra5-2.cdninstagram.com&_nc_gid=XE-WXNcIBrbBoDtt9F1rqg&_nc_ss=7a22e&oh=00_AQKpCS2P_ZDziG0QrqLwUOjOjF5ZrMbh1TYldsCI8elq9g&oe=6A9BA3DA,https://www.instagram.com/p/DcmhzwZjQj_/
Supermercado São Pedro,Bebidas / Cervejas,Cerveja Império Ultra 269ml 12 Latas,34.68,27/08/2026,https://scontent-cdg4-2.cdninstagram.com/v/t39.30808-6/788413222_1505168981656218_2918311736305518854_n.jpg?stp=c0.0.1638.2047a_dst-jpg_e35_s1638x2047_tt6&_nc_cat=107&ig_cache_key=Mzk3MzI3Njk2ODIzODI0MjE0OA%3D%3D.3-ccb7-5&ccb=7-5&_nc_sid=58cdad&efg=eyJ2ZW5jb2RlX3RhZyI6IkNBUk9VU0VMX0lURU0ueHBpZHMuMTYzOC5zZHIucmVndWxhcl9waG90by5DMyJ9&_nc_ohc=6u-bXG9Z0hAQ7kNvwECUv0L&_nc_oc=Adrfup-oh_tTDaQKc8McqTthgcIZl5J8qyKW_ZULDj4ek1R0HQACnXE1JUO0g1IXcaY&_nc_ad=z-m&_nc_cid=0&_nc_zt=23&_nc_ht=scontent-cdg4-2.cdninstagram.com&_nc_gid=yLPiqNBTOuIh-HMOfC0RHA&_nc_ss=7a22e&oh=00_AQJjbCsYWro8MmE_RR62ULRL-8GxfRGZOStSK22xaNfFQg&oe=6A9BA5E0,https://www.instagram.com/p/Dcj6lyLlKpL/
Supermercado Tuiuiú,Bebidas / Cervejas,Cerveja Heineken 8x269ml,34.99,28/08/2026,https://scontent-bos5-1.cdninstagram.com/v/t39.30808-6/782169173_1720016753465476_6179349585647048120_n.jpg?stp=dst-jpg_e35_tt6&_nc_cat=111&ig_cache_key=Mzk3MzM0Mjg3OTMwMjI3OTYzOQ%3D%3D.3-ccb7-5&ccb=7-5&_nc_sid=58cdad&efg=eyJ2ZW5jb2RlX3RhZyI6IkNBUk9VU0VMX0lURU0ueHBpZHMuMTI1NC5zZHIucmVndWxhcl9waG90by5DMyJ9&_nc_ohc=qPA3dbH0piIQ7kNvwHdilKP&_nc_oc=Adrg7OV-FhkW4k87FvxqV5FywCNfQ0ctsfY8AA-PPV-h3wy-Vt1ARbHfm6By8nRrMKg&_nc_ad=z-m&_nc_cid=0&_nc_zt=23&_nc_ht=scontent-bos5-1.cdninstagram.com&_nc_gid=bmLXXYJOFClGMwHlmUZfvA&_nc_ss=7a22e&oh=00_AQKP9JvhMIGnX8LdqLjfbDdBZaBFG8FWhudOrdVl35eaSg&oe=6A9B9661,https://www.instagram.com/p/DckJlYyI3Tu/
Super Compras Supermercado,Bebidas / Cervejas,Cerveja Corona 269ml C 8,35.32,29/08/2026,https://scontent-fra5-2.cdninstagram.com/v/t51.82787-15/787666404_18192892456391764_5631571009347207340_n.jpg?stp=dst-jpg_e35_tt6&_nc_cat=107&ig_cache_key=Mzk3NDAxMjM2OTYxNzUwODE0Ng%3D%3D.3-ccb7-5&ccb=7-5&_nc_sid=58cdad&efg=eyJ2ZW5jb2RlX3RhZyI6IkNBUk9VU0VMX0lURU0ueHBpZHMuMTQ0MC5zZHIucmVndWxhcl9waG90by5DMyJ9&_nc_ohc=YdVhHFKNO3AQ7kNvwHa8z1e&_nc_oc=AdpwMGnhVvWlN041QaQfsDzOqy-hV5b_Ifhj3ffDMCi2Xp_Hp5pbZkEgmtbUMjszaac&_nc_ad=z-m&_nc_cid=0&_nc_zt=23&_nc_ht=scontent-fra5-2.cdninstagram.com&_nc_gid=XE-WXNcIBrbBoDtt9F1rqg&_nc_ss=7a22e&oh=00_AQKpCS2P_ZDziG0QrqLwUOjOjF5ZrMbh1TYldsCI8elq9g&oe=6A9BA3DA,https://www.instagram.com/p/DcmhzwZjQj_/
Supermercado São Pedro,Bebidas / Cervejas,Cerveja Heineken 269ml 8 Unidades,35.92,28/08/2026,https://scontent-ord5-1.cdninstagram.com/v/t51.82787-15/787853786_18195711469382122_4084613579796731411_n.jpg?stp=dst-jpg_e35_tt6&_nc_cat=101&ig_cache_key=Mzk3MzY3MjU2ODk4MzkzOTE2MQ%3D%3D.3-ccb7-5&ccb=7-5&_nc_sid=58cdad&efg=eyJ2ZW5jb2RlX3RhZyI6IkNBUk9VU0VMX0lURU0ueHBpZHMuMTA4MS5zZHIucmVndWxhcl9waG90by5DMyJ9&_nc_ohc=YRh7I8l8B0QQ7kNvwHlEw3O&_nc_oc=AdrHCoG2WkdmZXa4FwFC30vrqZ2O_zCin_hSzkRyiGTz_k-7EvFXy8yMbwuq3rSQbHBWFYi1cP3qB_7ReenJ1ICO&_nc_ad=z-m&_nc_cid=0&_nc_zt=23&_nc_ht=scontent-ord5-1.cdninstagram.com&_nc_gid=e8yrrgwvTiB2RW3pwYsWmA&_nc_ss=7a22e&oh=00_AQJCf2yLnEnXMf-jjzQVUurpcTwQVzDCaO1bFCb3y3kVag&oe=6A9B89C7,https://www.instagram.com/p/DclUqI1G7TG/
Supermercado Tuiuiú,Bebidas / Cervejas,Cerveja Skol 15x269ml,43.35,29/08/2026,https://scontent-ams2-1.cdninstagram.com/v/t51.82787-15/788550438_18582509053067900_6263948761205084851_n.jpg?stp=dst-jpg_e35_tt6&_nc_cat=100&ig_cache_key=Mzk3NDc1NDg5NDQxOTI5Mzg5Nw%3D%3D.3-ccb7-5&ccb=7-5&_nc_sid=58cdad&efg=eyJ2ZW5jb2RlX3RhZyI6IkNBUk9VU0VMX0lURU0ueHBpZHMuMTA4MC5zZHIucmVndWxhcl9waG90by5DMyJ9&_nc_ohc=jNbyy_j-UyYQ7kNvwHAXfwE&_nc_oc=Adpd5n1yN3aIFwKTpOwySKGM4L5tNMgwX96D8g2kczcwBq1Q9w1sjPlGG4Yxx1gqTB-HjlRz3RcUyOCBai1JLMB4&_nc_ad=z-m&_nc_cid=0&_nc_zt=23&_nc_ht=scontent-ams2-1.cdninstagram.com&_nc_gid=c8hmnPOEljfLMaR3cq56Dw&_nc_ss=7a22e&oh=00_AQIsIhl3nq5l7P1daaNT1WCW15MJrmFYMSB7m7IOLozZ6A&oe=6A9B81C8,https://www.instagram.com/p/DcpKopsjwHG/
Supermercado Tuiuiú,Bebidas / Cervejas,Cerveja Brahma 15x269ml,43.35,29/08/2026,https://scontent-ams2-1.cdninstagram.com/v/t51.82787-15/788550438_18582509053067900_6263948761205084851_n.jpg?stp=dst-jpg_e35_tt6&_nc_cat=100&ig_cache_key=Mzk3NDc1NDg5NDQxOTI5Mzg5Nw%3D%3D.3-ccb7-5&ccb=7-5&_nc_sid=58cdad&efg=eyJ2ZW5jb2RlX3RhZyI6IkNBUk9VU0VMX0lURU0ueHBpZHMuMTA4MC5zZHIucmVndWxhcl9waG90by5DMyJ9&_nc_ohc=jNbyy_j-UyYQ7kNvwHAXfwE&_nc_oc=Adpd5n1yN3aIFwKTpOwySKGM4L5tNMgwX96D8g2kczcwBq1Q9w1sjPlGG4Yxx1gqTB-HjlRz3RcUyOCBai1JLMB4&_nc_ad=z-m&_nc_cid=0&_nc_zt=23&_nc_ht=scontent-ams2-1.cdninstagram.com&_nc_gid=c8hmnPOEljfLMaR3cq56Dw&_nc_ss=7a22e&oh=00_AQIsIhl3nq5l7P1daaNT1WCW15MJrmFYMSB7m7IOLozZ6A&oe=6A9B81C8,https://www.instagram.com/p/DcpKopsjwHG/
Supermercado Tuiuiú,Bebidas / Cervejas,Cerveja Skol 15x269ml,43.35,28/08/2026,https://scontent-bos5-1.cdninstagram.com/v/t39.30808-6/782169173_1720016753465476_6179349585647048120_n.jpg?stp=dst-jpg_e35_tt6&_nc_cat=111&ig_cache_key=Mzk3MzM0Mjg3OTMwMjI3OTYzOQ%3D%3D.3-ccb7-5&ccb=7-5&_nc_sid=58cdad&efg=eyJ2ZW5jb2RlX3RhZyI6IkNBUk9VU0VMX0lURU0ueHBpZHMuMTI1NC5zZHIucmVndWxhcl9waG90by5DMyJ9&_nc_ohc=qPA3dbH0piIQ7kNvwHdilKP&_nc_oc=Adrg7OV-FhkW4k87FvxqV5FywCNfQ0ctsfY8AA-PPV-h3wy-Vt1ARbHfm6By8nRrMKg&_nc_ad=z-m&_nc_cid=0&_nc_zt=23&_nc_ht=scontent-bos5-1.cdninstagram.com&_nc_gid=bmLXXYJOFClGMwHlmUZfvA&_nc_ss=7a22e&oh=00_AQKP9JvhMIGnX8LdqLjfbDdBZaBFG8FWhudOrdVl35eaSg&oe=6A9B9661,https://www.instagram.com/p/DckJlYyI3Tu/
Supermercado Tuiuiú,Bebidas / Cervejas,Cerveja Brahma 15x269ml,43.35,28/08/2026,https://scontent-bos5-1.cdninstagram.com/v/t39.30808-6/782169173_1720016753465476_6179349585647048120_n.jpg?stp=dst-jpg_e35_tt6&_nc_cat=111&ig_cache_key=Mzk3MzM0Mjg3OTMwMjI3OTYzOQ%3D%3D.3-ccb7-5&ccb=7-5&_nc_sid=58cdad&efg=eyJ2ZW5jb2RlX3RhZyI6IkNBUk9VU0VMX0lURU0ueHBpZHMuMTI1NC5zZHIucmVndWxhcl9waG90by5DMyJ9&_nc_ohc=qPA3dbH0piIQ7kNvwHdilKP&_nc_oc=Adrg7OV-FhkW4k87FvxqV5FywCNfQ0ctsfY8AA-PPV-h3wy-Vt1ARbHfm6By8nRrMKg&_nc_ad=z-m&_nc_cid=0&_nc_zt=23&_nc_ht=scontent-bos5-1.cdninstagram.com&_nc_gid=bmLXXYJOFClGMwHlmUZfvA&_nc_ss=7a22e&oh=00_AQKP9JvhMIGnX8LdqLjfbDdBZaBFG8FWhudOrdVl35eaSg&oe=6A9B9661,https://www.instagram.com/p/DckJlYyI3Tu/
Supermercado São Pedro,Bebidas / Cervejas,Cerveja Skol 269ml 15 Latas,43.35,27/08/2026,https://scontent-cdg4-2.cdninstagram.com/v/t39.30808-6/788413222_1505168981656218_2918311736305518854_n.jpg?stp=c0.0.1638.2047a_dst-jpg_e35_s1638x2047_tt6&_nc_cat=107&ig_cache_key=Mzk3MzI3Njk2ODIzODI0MjE0OA%3D%3D.3-ccb7-5&ccb=7-5&_nc_sid=58cdad&efg=eyJ2ZW5jb2RlX3RhZyI6IkNBUk9VU0VMX0lURU0ueHBpZHMuMTYzOC5zZHIucmVndWxhcl9waG90by5DMyJ9&_nc_ohc=6u-bXG9Z0hAQ7kNvwECUv0L&_nc_oc=Adrfup-oh_tTDaQKc8McqTthgcIZl5J8qyKW_ZULDj4ek1R0HQACnXE1JUO0g1IXcaY&_nc_ad=z-m&_nc_cid=0&_nc_zt=23&_nc_ht=scontent-cdg4-2.cdninstagram.com&_nc_gid=yLPiqNBTOuIh-HMOfC0RHA&_nc_ss=7a22e&oh=00_AQJjbCsYWro8MmE_RR62ULRL-8GxfRGZOStSK22xaNfFQg&oe=6A9BA5E0,https://www.instagram.com/p/Dcj6lyLlKpL/
Bom Jesus Primavera do Leste 🛒,Bebidas / Cervejas,Cerveja Skol 269ml Multipack 15 Latas,43.35,28/08/2026,https://scontent-ams2-1.cdninstagram.com/v/t51.82787-15/788139857_18374943016237813_6095318216715939563_n.jpg?stp=dst-jpg_e35_tt6&_nc_cat=107&ig_cache_key=Mzk3Mzk3Nzc4MDcyMjI3NDY1Mg%3D%3D.3-ccb7-5&ccb=7-5&_nc_sid=58cdad&efg=eyJ2ZW5jb2RlX3RhZyI6IkNBUk9VU0VMX0lURU0ueHBpZHMuMTA4MC5zZHIucmVndWxhcl9waG90by5DMyJ9&_nc_ohc=u6RrkwcH62kQ7kNvwFsd-0U&_nc_oc=Adpihwj10u-gtE9AOlNelJ7Pcs9mJp3py1SUNkxTBlx8SqXy80_pAqE-gfvACtUV5D4&_nc_ad=z-m&_nc_cid=0&_nc_zt=23&_nc_ht=scontent-ams2-1.cdninstagram.com&_nc_gid=jRI1dTb-zr9XSjXpQtgHvg&_nc_ss=7a22e&oh=00_AQLioGgANVH1b_knfNEaQmt0mGjOFnOW8HWM1x1i8W9mOA&oe=6A9B9730,https://www.instagram.com/p/DcmZ8cDD400/
Super Compras Supermercado,Bebidas / Cervejas,Cerveja Skol 15x269ml,43.85,29/08/2026,https://scontent-fra5-1.cdninstagram.com/v/t51.82787-15/787743920_18192892438391764_3005082908538598587_n.jpg?stp=dst-jpg_e35_tt6&_nc_cat=110&ig_cache_key=Mzk3NDAxMjMzNjQ5MTI3ODEzMg%3D%3D.3-ccb7-5&ccb=7-5&_nc_sid=58cdad&efg=eyJ2ZW5jb2RlX3RhZyI6IkNBUk9VU0VMX0lURU0ueHBpZHMuMTQ0MC5zZHIucmVndWxhcl9waG90by5DMyJ9&_nc_ohc=sDvW_231DL8Q7kNvwFUd-mY&_nc_oc=AdrVs152QyDKEMVf-19X4yc6xKwJI756zpOQan9pTBPi9CT3lHvSYCvTfyK3pJyyI5g&_nc_ad=z-m&_nc_cid=0&_nc_zt=23&_nc_ht=scontent-fra5-1.cdninstagram.com&_nc_gid=XE-WXNcIBrbBoDtt9F1rqg&_nc_ss=7a22e&oh=00_AQIMMY89zBTA66ZO23Vkasl2XpURebDtLT1oO3e0lElHuw&oe=6A9B703B,https://www.instagram.com/p/DcmhzwZjQj_/
Machadão Atacadista,Bebidas / Cervejas,Papel Alumínio Giopack 45cmx65m,46.99,31/08/2026,https://instagram.fmel5-1.fna.fbcdn.net/v/t39.30808-6/785365107_1362151536004804_2436712632418186403_n.jpg?stp=dst-jpg_e35_tt6&_nc_cat=102&ig_cache_key=Mzk3NTQ4NzAyMDU1MDAxMDIxMA%3D%3D.3-ccb7-5&ccb=7-5&_nc_sid=58cdad&efg=eyJ2ZW5jb2RlX3RhZyI6IkNBUk9VU0VMX0lURU0ueHBpZHMuMTA4MC5zZHIucmVndWxhcl9waG90by5DMyJ9&_nc_ohc=r9vPLYgKGq0Q7kNvwECFSxy&_nc_oc=AdoTDINt3mufybeSG7Dmw9WWuIYhlhyDYfeRnM6z4HtC-6FwMrQ43kszss5Lb-oRBjQ&_nc_ad=z-m&_nc_cid=0&_nc_zt=23&_nc_ht=instagram.fmel5-1.fna&_nc_gid=Qk_94HUhvzOUfFEqa-fMKg&_nc_ss=7a22e&oh=00_AQLYobgC8UaYKMzqnmx7KO9KiaaaYY6qkbq9zuKwWOPMXA&oe=6A9BA329,https://www.instagram.com/p/DcrxGX5j8V3/
Supermercado Tuiuiú,Bebidas / Cervejas,Cerveja Antarctica Original 15x269ml,50.85,28/08/2026,https://scontent-bos5-1.cdninstagram.com/v/t39.30808-6/782169173_1720016753465476_6179349585647048120_n.jpg?stp=dst-jpg_e35_tt6&_nc_cat=111&ig_cache_key=Mzk3MzM0Mjg3OTMwMjI3OTYzOQ%3D%3D.3-ccb7-5&ccb=7-5&_nc_sid=58cdad&efg=eyJ2ZW5jb2RlX3RhZyI6IkNBUk9VU0VMX0lURU0ueHBpZHMuMTI1NC5zZHIucmVndWxhcl9waG90by5DMyJ9&_nc_ohc=qPA3dbH0piIQ7kNvwHdilKP&_nc_oc=Adrg7OV-FhkW4k87FvxqV5FywCNfQ0ctsfY8AA-PPV-h3wy-Vt1ARbHfm6By8nRrMKg&_nc_ad=z-m&_nc_cid=0&_nc_zt=23&_nc_ht=scontent-bos5-1.cdninstagram.com&_nc_gid=bmLXXYJOFClGMwHlmUZfvA&_nc_ss=7a22e&oh=00_AQKP9JvhMIGnX8LdqLjfbDdBZaBFG8FWhudOrdVl35eaSg&oe=6A9B9661,https://www.instagram.com/p/DckJlYyI3Tu/
Supermercado São Pedro,Bebidas / Cervejas,Cerveja Original 269ml 15 Latas,50.85,27/08/2026,https://scontent-cdg4-2.cdninstagram.com/v/t39.30808-6/788413222_1505168981656218_2918311736305518854_n.jpg?stp=c0.0.1638.2047a_dst-jpg_e35_s1638x2047_tt6&_nc_cat=107&ig_cache_key=Mzk3MzI3Njk2ODIzODI0MjE0OA%3D%3D.3-ccb7-5&ccb=7-5&_nc_sid=58cdad&efg=eyJ2ZW5jb2RlX3RhZyI6IkNBUk9VU0VMX0lURU0ueHBpZHMuMTYzOC5zZHIucmVndWxhcl9waG90by5DMyJ9&_nc_ohc=6u-bXG9Z0hAQ7kNvwECUv0L&_nc_oc=Adrfup-oh_tTDaQKc8McqTthgcIZl5J8qyKW_ZULDj4ek1R0HQACnXE1JUO0g1IXcaY&_nc_ad=z-m&_nc_cid=0&_nc_zt=23&_nc_ht=scontent-cdg4-2.cdninstagram.com&_nc_gid=yLPiqNBTOuIh-HMOfC0RHA&_nc_ss=7a22e&oh=00_AQJjbCsYWro8MmE_RR62ULRL-8GxfRGZOStSK22xaNfFQg&oe=6A9BA5E0,https://www.instagram.com/p/Dcj6lyLlKpL/
Super Compras Supermercado,Bebidas / Cervejas,Cerveja Original 269ml C 15,50.85,29/08/2026,https://scontent-fra5-2.cdninstagram.com/v/t51.82787-15/787666404_18192892456391764_5631571009347207340_n.jpg?stp=dst-jpg_e35_tt6&_nc_cat=107&ig_cache_key=Mzk3NDAxMjM2OTYxNzUwODE0Ng%3D%3D.3-ccb7-5&ccb=7-5&_nc_sid=58cdad&efg=eyJ2ZW5jb2RlX3RhZyI6IkNBUk9VU0VMX0lURU0ueHBpZHMuMTQ0MC5zZHIucmVndWxhcl9waG90by5DMyJ9&_nc_ohc=YdVhHFKNO3AQ7kNvwHa8z1e&_nc_oc=AdpwMGnhVvWlN041QaQfsDzOqy-hV5b_Ifhj3ffDMCi2Xp_Hp5pbZkEgmtbUMjszaac&_nc_ad=z-m&_nc_cid=0&_nc_zt=23&_nc_ht=scontent-fra5-2.cdninstagram.com&_nc_gid=XE-WXNcIBrbBoDtt9F1rqg&_nc_ss=7a22e&oh=00_AQKpCS2P_ZDziG0QrqLwUOjOjF5ZrMbh1TYldsCI8elq9g&oe=6A9BA3DA,https://www.instagram.com/p/DcmhzwZjQj_/
Bom Jesus Primavera do Leste 🛒,Bebidas / Cervejas,Cerveja Original 269ml Multipack 15 Latas,50.85,28/08/2026,https://scontent-ams2-1.cdninstagram.com/v/t51.82787-15/788139857_18374943016237813_6095318216715939563_n.jpg?stp=dst-jpg_e35_tt6&_nc_cat=107&ig_cache_key=Mzk3Mzk3Nzc4MDcyMjI3NDY1Mg%3D%3D.3-ccb7-5&ccb=7-5&_nc_sid=58cdad&efg=eyJ2ZW5jb2RlX3RhZyI6IkNBUk9VU0VMX0lURU0ueHBpZHMuMTA4MC5zZHIucmVndWxhcl9waG90by5DMyJ9&_nc_ohc=u6RrkwcH62kQ7kNvwFsd-0U&_nc_oc=Adpihwj10u-gtE9AOlNelJ7Pcs9mJp3py1SUNkxTBlx8SqXy80_pAqE-gfvACtUV5D4&_nc_ad=z-m&_nc_cid=0&_nc_zt=23&_nc_ht=scontent-ams2-1.cdninstagram.com&_nc_gid=jRI1dTb-zr9XSjXpQtgHvg&_nc_ss=7a22e&oh=00_AQLioGgANVH1b_knfNEaQmt0mGjOFnOW8HWM1x1i8W9mOA&oe=6A9B9730,https://www.instagram.com/p/DcmZ8cDD400/
Machadão Atacadista,Bebidas / Cervejas,Sacola Plástica Giopack 5kg,69.9,31/08/2026,https://instagram.fmel5-1.fna.fbcdn.net/v/t39.30808-6/785365107_1362151536004804_2436712632418186403_n.jpg?stp=dst-jpg_e35_tt6&_nc_cat=102&ig_cache_key=Mzk3NTQ4NzAyMDU1MDAxMDIxMA%3D%3D.3-ccb7-5&ccb=7-5&_nc_sid=58cdad&efg=eyJ2ZW5jb2RlX3RhZyI6IkNBUk9VU0VMX0lURU0ueHBpZHMuMTA4MC5zZHIucmVndWxhcl9waG90by5DMyJ9&_nc_ohc=r9vPLYgKGq0Q7kNvwECFSxy&_nc_oc=AdoTDINt3mufybeSG7Dmw9WWuIYhlhyDYfeRnM6z4HtC-6FwMrQ43kszss5Lb-oRBjQ&_nc_ad=z-m&_nc_cid=0&_nc_zt=23&_nc_ht=instagram.fmel5-1.fna&_nc_gid=Qk_94HUhvzOUfFEqa-fMKg&_nc_ss=7a22e&oh=00_AQLYobgC8UaYKMzqnmx7KO9KiaaaYY6qkbq9zuKwWOPMXA&oe=6A9BA329,https://www.instagram.com/p/DcrxGX5j8V3/
Supermercado São Pedro,Bebidas / Cervejas,Cerveja Heineken Barril 5L,99.99,28/08/2026,https://scontent-ord5-1.cdninstagram.com/v/t51.82787-15/787853786_18195711469382122_4084613579796731411_n.jpg?stp=dst-jpg_e35_tt6&_nc_cat=101&ig_cache_key=Mzk3MzY3MjU2ODk4MzkzOTE2MQ%3D%3D.3-ccb7-5&ccb=7-5&_nc_sid=58cdad&efg=eyJ2ZW5jb2RlX3RhZyI6IkNBUk9VU0VMX0lURU0ueHBpZHMuMTA4MS5zZHIucmVndWxhcl9waG90by5DMyJ9&_nc_ohc=YRh7I8l8B0QQ7kNvwHlEw3O&_nc_oc=AdrHCoG2WkdmZXa4FwFC30vrqZ2O_zCin_hSzkRyiGTz_k-7EvFXy8yMbwuq3rSQbHBWFYi1cP3qB_7ReenJ1ICO&_nc_ad=z-m&_nc_cid=0&_nc_zt=23&_nc_ht=scontent-ord5-1.cdninstagram.com&_nc_gid=e8yrrgwvTiB2RW3pwYsWmA&_nc_ss=7a22e&oh=00_AQJCf2yLnEnXMf-jjzQVUurpcTwQVzDCaO1bFCb3y3kVag&oe=6A9B89C7,https://www.instagram.com/p/DclUqI1G7TG/
Supermercado Tuiuiú,Bebidas / Refrigerantes,Refrigerante Sukita 2L,5.99,28/08/2026,https://scontent-bos5-1.cdninstagram.com/v/t39.30808-6/788141803_1720016743465477_9146230528598203595_n.jpg?stp=dst-jpg_e35_tt6&_nc_cat=108&ig_cache_key=Mzk3MzM0Mjg3ODE5NDkyODIxMw%3D%3D.3-ccb7-5&ccb=7-5&_nc_sid=58cdad&efg=eyJ2ZW5jb2RlX3RhZyI6IkNBUk9VU0VMX0lURU0ueHBpZHMuMTI1NC5zZHIucmVndWxhcl9waG90by5DMyJ9&_nc_ohc=zal2Q-KNBSMQ7kNvwFcVn4B&_nc_oc=Adpq99sMFbbHbIpC2NxOWqTorwufTWeeR-dL-ciVx9nKoqBHw4b-mdjTfXZtcV4M9Xc&_nc_ad=z-m&_nc_cid=0&_nc_zt=23&_nc_ht=scontent-bos5-1.cdninstagram.com&_nc_gid=bmLXXYJOFClGMwHlmUZfvA&_nc_ss=7a22e&oh=00_AQL7XSFmbi9DliFG2UhrxJawAzX8y0cX3Y8h_xMkNQBG0Q&oe=6A9B7E36,https://www.instagram.com/p/DckJlYyI3Tu/
Bom Jesus Primavera do Leste 🛒,Bebidas / Refrigerantes,Refrigerante Sukita 2L,6.29,28/08/2026,https://scontent-ams2-1.cdninstagram.com/v/t51.82787-15/787872858_18374942953237813_1004834205349504739_n.jpg?stp=dst-jpg_e35_tt6&_nc_cat=106&ig_cache_key=Mzk3Mzk3Nzc3ODU0OTU0Mzg5NA%3D%3D.3-ccb7-5&ccb=7-5&_nc_sid=58cdad&efg=eyJ2ZW5jb2RlX3RhZyI6IkNBUk9VU0VMX0lURU0ueHBpZHMuMTA4MC5zZHIucmVndWxhcl9waG90by5DMyJ9&_nc_ohc=Pb6Zx53nLEQQ7kNvwFBifMl&_nc_oc=AdoC_6HHZYaCeDlWLge6ETfKvBuHAvgvwzvnRRSL2EKnoljwELzexcNi96s45oIXA9Y&_nc_ad=z-m&_nc_cid=0&_nc_zt=23&_nc_ht=scontent-ams2-1.cdninstagram.com&_nc_gid=jRI1dTb-zr9XSjXpQtgHvg&_nc_ss=7a22e&oh=00_AQL0fc9cqnTtZdXZjxqi_zkvwJCC0urHHOK6u4yqOLC8tA&oe=6A9B7C80,https://www.instagram.com/p/DcmZ8cDD400/
Supermercado Tuiuiú,Bebidas / Refrigerantes,Coca Cola 2.5L,10.99,29/08/2026,https://scontent-ams2-1.cdninstagram.com/v/t51.82787-15/788550438_18582509053067900_6263948761205084851_n.jpg?stp=dst-jpg_e35_tt6&_nc_cat=100&ig_cache_key=Mzk3NDc1NDg5NDQxOTI5Mzg5Nw%3D%3D.3-ccb7-5&ccb=7-5&_nc_sid=58cdad&efg=eyJ2ZW5jb2RlX3RhZyI6IkNBUk9VU0VMX0lURU0ueHBpZHMuMTA4MC5zZHIucmVndWxhcl9waG90by5DMyJ9&_nc_ohc=jNbyy_j-UyYQ7kNvwHAXfwE&_nc_oc=Adpd5n1yN3aIFwKTpOwySKGM4L5tNMgwX96D8g2kczcwBq1Q9w1sjPlGG4Yxx1gqTB-HjlRz3RcUyOCBai1JLMB4&_nc_ad=z-m&_nc_cid=0&_nc_zt=23&_nc_ht=scontent-ams2-1.cdninstagram.com&_nc_gid=c8hmnPOEljfLMaR3cq56Dw&_nc_ss=7a22e&oh=00_AQIsIhl3nq5l7P1daaNT1WCW15MJrmFYMSB7m7IOLozZ6A&oe=6A9B81C8,https://www.instagram.com/p/DcpKopsjwHG/
Supermercado Tuiuiú,Bebidas / Refrigerantes,Coca Cola 2.5L,10.99,28/08/2026,https://scontent-bos5-1.cdninstagram.com/v/t39.30808-6/788141803_1720016743465477_9146230528598203595_n.jpg?stp=dst-jpg_e35_tt6&_nc_cat=108&ig_cache_key=Mzk3MzM0Mjg3ODE5NDkyODIxMw%3D%3D.3-ccb7-5&ccb=7-5&_nc_sid=58cdad&efg=eyJ2ZW5jb2RlX3RhZyI6IkNBUk9VU0VMX0lURU0ueHBpZHMuMTI1NC5zZHIucmVndWxhcl9waG90by5DMyJ9&_nc_ohc=zal2Q-KNBSMQ7kNvwFcVn4B&_nc_oc=Adpq99sMFbbHbIpC2NxOWqTorwufTWeeR-dL-ciVx9nKoqBHw4b-mdjTfXZtcV4M9Xc&_nc_ad=z-m&_nc_cid=0&_nc_zt=23&_nc_ht=scontent-bos5-1.cdninstagram.com&_nc_gid=bmLXXYJOFClGMwHlmUZfvA&_nc_ss=7a22e&oh=00_AQL7XSFmbi9DliFG2UhrxJawAzX8y0cX3Y8h_xMkNQBG0Q&oe=6A9B7E36,https://www.instagram.com/p/DckJlYyI3Tu/
Super Compras Supermercado,Bebidas / Sucos e Diversos,Tangerina Ponkan kg,5.99,29/08/2026,https://scontent-fra5-2.cdninstagram.com/v/t51.82787-15/787666404_18192892456391764_5631571009347207340_n.jpg?stp=dst-jpg_e35_tt6&_nc_cat=107&ig_cache_key=Mzk3NDAxMjM2OTYxNzUwODE0Ng%3D%3D.3-ccb7-5&ccb=7-5&_nc_sid=58cdad&efg=eyJ2ZW5jb2RlX3RhZyI6IkNBUk9VU0VMX0lURU0ueHBpZHMuMTQ0MC5zZHIucmVndWxhcl9waG90by5DMyJ9&_nc_ohc=YdVhHFKNO3AQ7kNvwHa8z1e&_nc_oc=AdpwMGnhVvWlN041QaQfsDzOqy-hV5b_Ifhj3ffDMCi2Xp_Hp5pbZkEgmtbUMjszaac&_nc_ad=z-m&_nc_cid=0&_nc_zt=23&_nc_ht=scontent-fra5-2.cdninstagram.com&_nc_gid=XE-WXNcIBrbBoDtt9F1rqg&_nc_ss=7a22e&oh=00_AQKpCS2P_ZDziG0QrqLwUOjOjF5ZrMbh1TYldsCI8elq9g&oe=6A9BA3DA,https://www.instagram.com/p/DcmhzwZjQj_/
Supermercado Tuiuiú,Bebidas / Sucos e Diversos,Suco Del Valle 1L,7.99,28/08/2026,https://scontent-bos5-1.cdninstagram.com/v/t39.30808-6/788141803_1720016743465477_9146230528598203595_n.jpg?stp=dst-jpg_e35_tt6&_nc_cat=108&ig_cache_key=Mzk3MzM0Mjg3ODE5NDkyODIxMw%3D%3D.3-ccb7-5&ccb=7-5&_nc_sid=58cdad&efg=eyJ2ZW5jb2RlX3RhZyI6IkNBUk9VU0VMX0lURU0ueHBpZHMuMTI1NC5zZHIucmVndWxhcl9waG90by5DMyJ9&_nc_ohc=zal2Q-KNBSMQ7kNvwFcVn4B&_nc_oc=Adpq99sMFbbHbIpC2NxOWqTorwufTWeeR-dL-ciVx9nKoqBHw4b-mdjTfXZtcV4M9Xc&_nc_ad=z-m&_nc_cid=0&_nc_zt=23&_nc_ht=scontent-bos5-1.cdninstagram.com&_nc_gid=bmLXXYJOFClGMwHlmUZfvA&_nc_ss=7a22e&oh=00_AQL7XSFmbi9DliFG2UhrxJawAzX8y0cX3Y8h_xMkNQBG0Q&oe=6A9B7E36,https://www.instagram.com/p/DckJlYyI3Tu/
Bom Jesus Primavera do Leste 🛒,Bebidas / Sucos e Diversos,Salsicha Seara kg,9.99,28/08/2026,https://scontent-ams2-1.cdninstagram.com/v/t51.82787-15/786853630_18374942971237813_3112147777905981087_n.jpg?stp=dst-jpg_e35_tt6&_nc_cat=107&ig_cache_key=Mzk3Mzk3Nzc3OTE1MzU1MzcyNQ%3D%3D.3-ccb7-5&ccb=7-5&_nc_sid=58cdad&efg=eyJ2ZW5jb2RlX3RhZyI6IkNBUk9VU0VMX0lURU0ueHBpZHMuMTA4MC5zZHIucmVndWxhcl9waG90by5DMyJ9&_nc_ohc=X2aB_pDnUvgQ7kNvwG8uJH9&_nc_oc=AdpigUHsJRxjMoV1g7lQR4DbEc32Ikp2usi-5FwnwHpRZyYU1lairVlSsnYyShyrS68&_nc_ad=z-m&_nc_cid=0&_nc_zt=23&_nc_ht=scontent-ams2-1.cdninstagram.com&_nc_gid=jRI1dTb-zr9XSjXpQtgHvg&_nc_ss=7a22e&oh=00_AQLdusXZu3kwjJ8l2EnMH2edAs-4P9_1aNCp4Dgoq9u6Ag&oe=6A9BA2A4,https://www.instagram.com/p/DcmZ8cDD400/
Supermercado São Pedro,Bebidas / Sucos e Diversos,Salsicha Seara kg,10.49,31/08/2026,https://scontent-yyz1-1.cdninstagram.com/v/t51.82787-15/791942671_18196080940382122_5769268194854024718_n.jpg?stp=dst-jpg_e35_tt6&_nc_cat=107&ig_cache_key=Mzk3NTg1NzQ5MjM5MDM2NzAzMQ%3D%3D.3-ccb7-5&ccb=7-5&_nc_sid=58cdad&efg=eyJ2ZW5jb2RlX3RhZyI6IkZFRUQueHBpZHMuMzI0OC5zZHIucmVndWxhcl9waG90by5DMyJ9&_nc_ohc=FI0IN0j_ruIQ7kNvwGC3K8s&_nc_oc=AdrhdViKKQ2N_RCgWHLfou0OLpCFa2drnCTZkCdUPf570nxZem1Ru5Ioih6Rcu26XE0&_nc_ad=z-m&_nc_cid=0&_nc_zt=23&_nc_ht=scontent-yyz1-1.cdninstagram.com&_nc_gid=rTzcWpo5EmqgaOQBsoET-Q&_nc_ss=7a22e&oh=00_AQIM9kU-CPvdp3fzlcvqegMh4EAVc1oIktG_camzw6mVGw&oe=6A9B733A,https://www.instagram.com/p/DctFVMHgM83/
Bom Jesus Primavera do Leste 🛒,Bebidas / Sucos e Diversos,Ovo Mantiqueira 20 Unidades,12.99,31/08/2026,https://instagram.fvlc6-1.fna.fbcdn.net/v/t51.82787-15/790113394_18375342289237813_7246427130316640513_n.jpg?stp=dst-jpg_e35_tt6&_nc_cat=106&ig_cache_key=Mzk3NTgyNzIxNzI3MDIwNjY3Mg%3D%3D.3-ccb7-5&ccb=7-5&_nc_sid=58cdad&efg=eyJ2ZW5jb2RlX3RhZyI6IkNBUk9VU0VMX0lURU0ueHBpZHMuMTA4MC5zZHIucmVndWxhcl9waG90by5DMyJ9&_nc_ohc=S_BEWTxSEHYQ7kNvwHaOP5i&_nc_oc=Adq6ZWKgJUJUSuR730U8bBea5MIEurP_odr1OOU87L2crYC9mv8BedbEz1jpI7pvkG8&_nc_ad=z-m&_nc_cid=1022&_nc_zt=23&_nc_ht=instagram.fvlc6-1.fna&_nc_gid=0Z_2hOxHJkvd5v7BRwbI5g&_nc_ss=7a22e&oh=00_AQJn1po231fPT9ltKQ0ok3ibBDcnIF5_W2ix3iAg3V1_Mw&oe=6A9BA08F,https://www.instagram.com/p/Dcs-drSFpzk/
Super Compras Supermercado,Bebidas / Sucos e Diversos,Ovos Brancos Mantiqueira 30 Unidades,14.99,31/08/2026,https://scontent-cdg4-1.cdninstagram.com/v/t51.82787-15/790058600_18193115956391764_8827572755741076576_n.jpg?stp=dst-jpg_e35_tt6&_nc_cat=104&ig_cache_key=Mzk3NTQ2MjIwNjUyNzY2NTkwOQ%3D%3D.3-ccb7-5&ccb=7-5&_nc_sid=58cdad&efg=eyJ2ZW5jb2RlX3RhZyI6IkNBUk9VU0VMX0lURU0ueHBpZHMuMTQ0MC5zZHIucmVndWxhcl9waG90by5DMyJ9&_nc_ohc=lYb2blGkLh4Q7kNvwGmz9Za&_nc_oc=AdpXVQPyI0JV-X0zyCZBmc94wg3MaU5dfg3UFy5oRtk-OBUSrvbF1jxj2QY7fbYmxEaD-cx_Kbbk3SD3Q4he59k7&_nc_ad=z-m&_nc_cid=0&_nc_zt=23&_nc_ht=scontent-cdg4-1.cdninstagram.com&_nc_gid=OJoajgHHc593TCu2NktQWw&_nc_ss=7a22e&oh=00_AQKH7RWqN5H_Fk5SYfVuuI30iGs1WiZ_JpPr2YQ_2g6EMA&oe=6A9BA2B6,https://www.instagram.com/p/DcrreFFEorJ/
Bom Jesus Primavera do Leste 🛒,Bebidas / Sucos e Diversos,Papel Higiênico Mili Folha Dupla 12 Unidades,15.99,28/08/2026,https://scontent-ams2-1.cdninstagram.com/v/t51.82787-15/788860531_18374942995237813_624644092953609674_n.jpg?stp=dst-jpg_e35_tt6&_nc_cat=106&ig_cache_key=Mzk3Mzk3Nzc4MjEzMTM5MTcwNQ%3D%3D.3-ccb7-5&ccb=7-5&_nc_sid=58cdad&efg=eyJ2ZW5jb2RlX3RhZyI6IkNBUk9VU0VMX0lURU0ueHBpZHMuMTA4MC5zZHIucmVndWxhcl9waG90by5DMyJ9&_nc_ohc=7IsixMbzdvIQ7kNvwFBEauc&_nc_oc=AdpH9K1QTD1BKoyG8uMa-8FTcfyQYSoEGIeCTBwl-_lQqMaQys9Z6l54LhOSWgvo7OM&_nc_ad=z-m&_nc_cid=0&_nc_zt=23&_nc_ht=scontent-ams2-1.cdninstagram.com&_nc_gid=jRI1dTb-zr9XSjXpQtgHvg&_nc_ss=7a22e&oh=00_AQLoVcKI7wLGY4VuJ1H2Nra6N-LzPXIYCLT1m60p2y_BjA&oe=6A9B994B,https://www.instagram.com/p/DcmZ8cDD400/
Supermercado São Pedro,Bebidas / Sucos e Diversos,Campari 998ml,56.99,27/08/2026,https://scontent-cdg6-1.cdninstagram.com/v/t39.30808-6/785993166_1505168978322885_7442982966970505933_n.jpg?stp=c0.0.1638.2048a_dst-jpg_e35_s1638x2048_tt6&_nc_cat=110&ig_cache_key=Mzk3MzI3Njk2ODM0NzI3MzQzNQ%3D%3D.3-ccb7-5&ccb=7-5&_nc_sid=58cdad&efg=eyJ2ZW5jb2RlX3RhZyI6IkNBUk9VU0VMX0lURU0ueHBpZHMuMTYzOS5zZHIucmVndWxhcl9waG90by5DMyJ9&_nc_ohc=5-K7ePTTbO0Q7kNvwFuHQ-K&_nc_oc=AdoojWkzKKSETbn3pr2rnz8FZnTmtAEAAyLRPC6CDsZbrPcjwgiAultevJDISc3gPmY&_nc_ad=z-m&_nc_cid=0&_nc_zt=23&_nc_ht=scontent-cdg6-1.cdninstagram.com&_nc_gid=yLPiqNBTOuIh-HMOfC0RHA&_nc_ss=7a22e&oh=00_AQJDddrliu__92MR6UZVSM-4bPxRUV5jMmXT0IazQPWWhw&oe=6A9B750E,https://www.instagram.com/p/Dcj6lyLlKpL/
Bom Jesus Primavera do Leste 🛒,Bebidas / Sucos e Diversos,Whisky Buchanan's 12 Anos 1L,189.9,28/08/2026,https://scontent-ams2-1.cdninstagram.com/v/t51.82787-15/788139857_18374943016237813_6095318216715939563_n.jpg?stp=dst-jpg_e35_tt6&_nc_cat=107&ig_cache_key=Mzk3Mzk3Nzc4MDcyMjI3NDY1Mg%3D%3D.3-ccb7-5&ccb=7-5&_nc_sid=58cdad&efg=eyJ2ZW5jb2RlX3RhZyI6IkNBUk9VU0VMX0lURU0ueHBpZHMuMTA4MC5zZHIucmVndWxhcl9waG90by5DMyJ9&_nc_ohc=u6RrkwcH62kQ7kNvwFsd-0U&_nc_oc=Adpihwj10u-gtE9AOlNelJ7Pcs9mJp3py1SUNkxTBlx8SqXy80_pAqE-gfvACtUV5D4&_nc_ad=z-m&_nc_cid=0&_nc_zt=23&_nc_ht=scontent-ams2-1.cdninstagram.com&_nc_gid=jRI1dTb-zr9XSjXpQtgHvg&_nc_ss=7a22e&oh=00_AQLioGgANVH1b_knfNEaQmt0mGjOFnOW8HWM1x1i8W9mOA&oe=6A9B9730,https://www.instagram.com/p/DcmZ8cDD400/
Supermercado Tuiuiú,Carnes / Aves,Dorso de Frango kg,4.99,31/08/2026,https://scontent-waw2-2.cdninstagram.com/v/t51.82787-15/790590392_18582933505067900_2201772778734952147_n.jpg?stp=dst-jpg_e35_tt6&_nc_cat=103&ig_cache_key=Mzk3NTg0NzA1MzA0NTM0MDc5MQ%3D%3D.3-ccb7-5&ccb=7-5&_nc_sid=58cdad&efg=eyJ2ZW5jb2RlX3RhZyI6IkNBUk9VU0VMX0lURU0ueHBpZHMuMTA4MC5zZHIucmVndWxhcl9waG90by5DMyJ9&_nc_ohc=xipPFTIHiTUQ7kNvwGjsloh&_nc_oc=AdqwmXuwZH31LEWz8SwMpbbeb3lrbdp0iaodiIY83ysaEXPIEuikRQ4AX62to33EKfM&_nc_ad=z-m&_nc_cid=0&_nc_zt=23&_nc_ht=scontent-waw2-2.cdninstagram.com&_nc_gid=tb_koEHgkC6rSgTGFM4n-g&_nc_ss=7a22e&oh=00_AQJ7eFHgBCJn88-lxLH7ktkOpSGB24juF76ZyEu4TBRUig&oe=6A9BA4C2,https://www.instagram.com/p/DctC9pmj6oW/
Supermercado Tuiuiú,Carnes / Aves,Coxa e Sobrecoxa de Frango kg,5.89,28/08/2026,https://scontent-bos5-1.cdninstagram.com/v/t39.30808-6/784232177_1720016766798808_2199971508535547197_n.jpg?stp=dst-jpg_e35_tt6&_nc_cat=111&ig_cache_key=Mzk3MzM0Mjg3OTgyMjMyNDE3Mg%3D%3D.3-ccb7-5&ccb=7-5&_nc_sid=58cdad&efg=eyJ2ZW5jb2RlX3RhZyI6IkNBUk9VU0VMX0lURU0ueHBpZHMuMTI1NC5zZHIucmVndWxhcl9waG90by5DMyJ9&_nc_ohc=x4aYiOQwucQQ7kNvwG7xG2y&_nc_oc=Adr4POX_os7UuBqDq0TtjV1UdTCTwTy3vBKpge9ib6tP0PmSxstO2vqEeZRdZALWDy8&_nc_ad=z-m&_nc_cid=0&_nc_zt=23&_nc_ht=scontent-bos5-1.cdninstagram.com&_nc_gid=bmLXXYJOFClGMwHlmUZfvA&_nc_ss=7a22e&oh=00_AQL7FSodjzfttZ_khYsGECV9V1NNxlF55KepY-jakyXz8g&oe=6A9B9424,https://www.instagram.com/p/DckJlYyI3Tu/
Supermercado Tuiuiú,Carnes / Aves,Pescoço de Frango kg,5.99,31/08/2026,https://scontent-waw2-2.cdninstagram.com/v/t51.82787-15/790590392_18582933505067900_2201772778734952147_n.jpg?stp=dst-jpg_e35_tt6&_nc_cat=103&ig_cache_key=Mzk3NTg0NzA1MzA0NTM0MDc5MQ%3D%3D.3-ccb7-5&ccb=7-5&_nc_sid=58cdad&efg=eyJ2ZW5jb2RlX3RhZyI6IkNBUk9VU0VMX0lURU0ueHBpZHMuMTA4MC5zZHIucmVndWxhcl9waG90by5DMyJ9&_nc_ohc=xipPFTIHiTUQ7kNvwGjsloh&_nc_oc=AdqwmXuwZH31LEWz8SwMpbbeb3lrbdp0iaodiIY83ysaEXPIEuikRQ4AX62to33EKfM&_nc_ad=z-m&_nc_cid=0&_nc_zt=23&_nc_ht=scontent-waw2-2.cdninstagram.com&_nc_gid=tb_koEHgkC6rSgTGFM4n-g&_nc_ss=7a22e&oh=00_AQJ7eFHgBCJn88-lxLH7ktkOpSGB24juF76ZyEu4TBRUig&oe=6A9BA4C2,https://www.instagram.com/p/DctC9pmj6oW/
Supermercado Tuiuiú,Carnes / Aves,Pé de Frango kg,5.99,31/08/2026,https://scontent-waw2-2.cdninstagram.com/v/t51.82787-15/790590392_18582933505067900_2201772778734952147_n.jpg?stp=dst-jpg_e35_tt6&_nc_cat=103&ig_cache_key=Mzk3NTg0NzA1MzA0NTM0MDc5MQ%3D%3D.3-ccb7-5&ccb=7-5&_nc_sid=58cdad&efg=eyJ2ZW5jb2RlX3RhZyI6IkNBUk9VU0VMX0lURU0ueHBpZHMuMTA4MC5zZHIucmVndWxhcl9waG90by5DMyJ9&_nc_ohc=xipPFTIHiTUQ7kNvwGjsloh&_nc_oc=AdqwmXuwZH31LEWz8SwMpbbeb3lrbdp0iaodiIY83ysaEXPIEuikRQ4AX62to33EKfM&_nc_ad=z-m&_nc_cid=0&_nc_zt=23&_nc_ht=scontent-waw2-2.cdninstagram.com&_nc_gid=tb_koEHgkC6rSgTGFM4n-g&_nc_ss=7a22e&oh=00_AQJ7eFHgBCJn88-lxLH7ktkOpSGB24juF76ZyEu4TBRUig&oe=6A9BA4C2,https://www.instagram.com/p/DctC9pmj6oW/
Supermercado Tuiuiú,Carnes / Aves,Fígado de Frango kg,8.99,31/08/2026,https://scontent-waw2-2.cdninstagram.com/v/t51.82787-15/790590392_18582933505067900_2201772778734952147_n.jpg?stp=dst-jpg_e35_tt6&_nc_cat=103&ig_cache_key=Mzk3NTg0NzA1MzA0NTM0MDc5MQ%3D%3D.3-ccb7-5&ccb=7-5&_nc_sid=58cdad&efg=eyJ2ZW5jb2RlX3RhZyI6IkNBUk9VU0VMX0lURU0ueHBpZHMuMTA4MC5zZHIucmVndWxhcl9waG90by5DMyJ9&_nc_ohc=xipPFTIHiTUQ7kNvwGjsloh&_nc_oc=AdqwmXuwZH31LEWz8SwMpbbeb3lrbdp0iaodiIY83ysaEXPIEuikRQ4AX62to33EKfM&_nc_ad=z-m&_nc_cid=0&_nc_zt=23&_nc_ht=scontent-waw2-2.cdninstagram.com&_nc_gid=tb_koEHgkC6rSgTGFM4n-g&_nc_ss=7a22e&oh=00_AQJ7eFHgBCJn88-lxLH7ktkOpSGB24juF76ZyEu4TBRUig&oe=6A9BA4C2,https://www.instagram.com/p/DctC9pmj6oW/
Bom Jesus Primavera do Leste 🛒,Carnes / Aves,Frango A Passarinho Bello 800g,8.99,28/08/2026,https://scontent-ams2-1.cdninstagram.com/v/t51.82787-15/786853630_18374942971237813_3112147777905981087_n.jpg?stp=dst-jpg_e35_tt6&_nc_cat=107&ig_cache_key=Mzk3Mzk3Nzc3OTE1MzU1MzcyNQ%3D%3D.3-ccb7-5&ccb=7-5&_nc_sid=58cdad&efg=eyJ2ZW5jb2RlX3RhZyI6IkNBUk9VU0VMX0lURU0ueHBpZHMuMTA4MC5zZHIucmVndWxhcl9waG90by5DMyJ9&_nc_ohc=X2aB_pDnUvgQ7kNvwG8uJH9&_nc_oc=AdpigUHsJRxjMoV1g7lQR4DbEc32Ikp2usi-5FwnwHpRZyYU1lairVlSsnYyShyrS68&_nc_ad=z-m&_nc_cid=0&_nc_zt=23&_nc_ht=scontent-ams2-1.cdninstagram.com&_nc_gid=jRI1dTb-zr9XSjXpQtgHvg&_nc_ss=7a22e&oh=00_AQLdusXZu3kwjJ8l2EnMH2edAs-4P9_1aNCp4Dgoq9u6Ag&oe=6A9BA2A4,https://www.instagram.com/p/DcmZ8cDD400/
Bom Jesus Primavera do Leste 🛒,Carnes / Aves,Frango Inteiro Seara kg,9.69,28/08/2026,https://scontent-ams2-1.cdninstagram.com/v/t51.82787-15/786853630_18374942971237813_3112147777905981087_n.jpg?stp=dst-jpg_e35_tt6&_nc_cat=107&ig_cache_key=Mzk3Mzk3Nzc3OTE1MzU1MzcyNQ%3D%3D.3-ccb7-5&ccb=7-5&_nc_sid=58cdad&efg=eyJ2ZW5jb2RlX3RhZyI6IkNBUk9VU0VMX0lURU0ueHBpZHMuMTA4MC5zZHIucmVndWxhcl9waG90by5DMyJ9&_nc_ohc=X2aB_pDnUvgQ7kNvwG8uJH9&_nc_oc=AdpigUHsJRxjMoV1g7lQR4DbEc32Ikp2usi-5FwnwHpRZyYU1lairVlSsnYyShyrS68&_nc_ad=z-m&_nc_cid=0&_nc_zt=23&_nc_ht=scontent-ams2-1.cdninstagram.com&_nc_gid=jRI1dTb-zr9XSjXpQtgHvg&_nc_ss=7a22e&oh=00_AQLdusXZu3kwjJ8l2EnMH2edAs-4P9_1aNCp4Dgoq9u6Ag&oe=6A9BA2A4,https://www.instagram.com/p/DcmZ8cDD400/
Supermercado Tuiuiú,Carnes / Aves,Frango Inteiro Seara kg,9.99,31/08/2026,https://scontent-waw2-2.cdninstagram.com/v/t51.82787-15/790590392_18582933505067900_2201772778734952147_n.jpg?stp=dst-jpg_e35_tt6&_nc_cat=103&ig_cache_key=Mzk3NTg0NzA1MzA0NTM0MDc5MQ%3D%3D.3-ccb7-5&ccb=7-5&_nc_sid=58cdad&efg=eyJ2ZW5jb2RlX3RhZyI6IkNBUk9VU0VMX0lURU0ueHBpZHMuMTA4MC5zZHIucmVndWxhcl9waG90by5DMyJ9&_nc_ohc=xipPFTIHiTUQ7kNvwGjsloh&_nc_oc=AdqwmXuwZH31LEWz8SwMpbbeb3lrbdp0iaodiIY83ysaEXPIEuikRQ4AX62to33EKfM&_nc_ad=z-m&_nc_cid=0&_nc_zt=23&_nc_ht=scontent-waw2-2.cdninstagram.com&_nc_gid=tb_koEHgkC6rSgTGFM4n-g&_nc_ss=7a22e&oh=00_AQJ7eFHgBCJn88-lxLH7ktkOpSGB24juF76ZyEu4TBRUig&oe=6A9BA4C2,https://www.instagram.com/p/DctC9pmj6oW/
Supermercado São Pedro,Carnes / Aves,Coxas Sadia 1kg,10.99,27/08/2026,https://scontent-cdg6-1.cdninstagram.com/v/t39.30808-6/785993166_1505168978322885_7442982966970505933_n.jpg?stp=c0.0.1638.2048a_dst-jpg_e35_s1638x2048_tt6&_nc_cat=110&ig_cache_key=Mzk3MzI3Njk2ODM0NzI3MzQzNQ%3D%3D.3-ccb7-5&ccb=7-5&_nc_sid=58cdad&efg=eyJ2ZW5jb2RlX3RhZyI6IkNBUk9VU0VMX0lURU0ueHBpZHMuMTYzOS5zZHIucmVndWxhcl9waG90by5DMyJ9&_nc_ohc=5-K7ePTTbO0Q7kNvwFuHQ-K&_nc_oc=AdoojWkzKKSETbn3pr2rnz8FZnTmtAEAAyLRPC6CDsZbrPcjwgiAultevJDISc3gPmY&_nc_ad=z-m&_nc_cid=0&_nc_zt=23&_nc_ht=scontent-cdg6-1.cdninstagram.com&_nc_gid=yLPiqNBTOuIh-HMOfC0RHA&_nc_ss=7a22e&oh=00_AQJDddrliu__92MR6UZVSM-4bPxRUV5jMmXT0IazQPWWhw&oe=6A9B750E,https://www.instagram.com/p/Dcj6lyLlKpL/
Bom Jesus Primavera do Leste 🛒,Carnes / Aves,Coxinha da Asa de Frango Bello 800g,10.99,28/08/2026,https://scontent-ams2-1.cdninstagram.com/v/t51.82787-15/786853630_18374942971237813_3112147777905981087_n.jpg?stp=dst-jpg_e35_tt6&_nc_cat=107&ig_cache_key=Mzk3Mzk3Nzc3OTE1MzU1MzcyNQ%3D%3D.3-ccb7-5&ccb=7-5&_nc_sid=58cdad&efg=eyJ2ZW5jb2RlX3RhZyI6IkNBUk9VU0VMX0lURU0ueHBpZHMuMTA4MC5zZHIucmVndWxhcl9waG90by5DMyJ9&_nc_ohc=X2aB_pDnUvgQ7kNvwG8uJH9&_nc_oc=AdpigUHsJRxjMoV1g7lQR4DbEc32Ikp2usi-5FwnwHpRZyYU1lairVlSsnYyShyrS68&_nc_ad=z-m&_nc_cid=0&_nc_zt=23&_nc_ht=scontent-ams2-1.cdninstagram.com&_nc_gid=jRI1dTb-zr9XSjXpQtgHvg&_nc_ss=7a22e&oh=00_AQLdusXZu3kwjJ8l2EnMH2edAs-4P9_1aNCp4Dgoq9u6Ag&oe=6A9BA2A4,https://www.instagram.com/p/DcmZ8cDD400/
Supermercado Tuiuiú,Carnes / Aves,Coxinha da Asa de Frango kg,11.99,29/08/2026,https://scontent-ams2-1.cdninstagram.com/v/t51.82787-15/791045407_18582509014067900_6295115100514269558_n.jpg?stp=dst-jpg_e35_tt6&_nc_cat=101&ig_cache_key=Mzk3NDc1NDgyNzQxMDc1ODQzMA%3D%3D.3-ccb7-5&ccb=7-5&_nc_sid=58cdad&efg=eyJ2ZW5jb2RlX3RhZyI6IkNBUk9VU0VMX0lURU0ueHBpZHMuMTA4MC5zZHIucmVndWxhcl9waG90by5DMyJ9&_nc_ohc=4s6XsQUyXIQQ7kNvwHkouqb&_nc_oc=AdpJ46kK44qb2AYU_akZQ-H5pBZ2JkazP5ll4z2T6It_sskNdwZGMYDaiz4wtgszbk1etf5taYI3yzE-a6VNOKcP&_nc_ad=z-m&_nc_cid=0&_nc_zt=23&_nc_ht=scontent-ams2-1.cdninstagram.com&_nc_gid=c8hmnPOEljfLMaR3cq56Dw&_nc_ss=7a22e&oh=00_AQIwQqb-wYkDeq5fxIHg5aGA4vlOrSf0TwdVwRVlJDhizA&oe=6A9B6EBF,https://www.instagram.com/p/DcpKopsjwHG/
Supermercado São Pedro,Carnes / Aves,Filézinho de Peito Sassami Sadia 1kg,15.99,27/08/2026,https://scontent-cdg6-1.cdninstagram.com/v/t39.30808-6/785993166_1505168978322885_7442982966970505933_n.jpg?stp=c0.0.1638.2048a_dst-jpg_e35_s1638x2048_tt6&_nc_cat=110&ig_cache_key=Mzk3MzI3Njk2ODM0NzI3MzQzNQ%3D%3D.3-ccb7-5&ccb=7-5&_nc_sid=58cdad&efg=eyJ2ZW5jb2RlX3RhZyI6IkNBUk9VU0VMX0lURU0ueHBpZHMuMTYzOS5zZHIucmVndWxhcl9waG90by5DMyJ9&_nc_ohc=5-K7ePTTbO0Q7kNvwFuHQ-K&_nc_oc=AdoojWkzKKSETbn3pr2rnz8FZnTmtAEAAyLRPC6CDsZbrPcjwgiAultevJDISc3gPmY&_nc_ad=z-m&_nc_cid=0&_nc_zt=23&_nc_ht=scontent-cdg6-1.cdninstagram.com&_nc_gid=yLPiqNBTOuIh-HMOfC0RHA&_nc_ss=7a22e&oh=00_AQJDddrliu__92MR6UZVSM-4bPxRUV5jMmXT0IazQPWWhw&oe=6A9B750E,https://www.instagram.com/p/Dcj6lyLlKpL/
Super Compras Supermercado,Carnes / Aves,Filé de Sassami de Frango kg,15.99,29/08/2026,https://scontent-fra5-2.cdninstagram.com/v/t51.82787-15/787666404_18192892456391764_5631571009347207340_n.jpg?stp=dst-jpg_e35_tt6&_nc_cat=107&ig_cache_key=Mzk3NDAxMjM2OTYxNzUwODE0Ng%3D%3D.3-ccb7-5&ccb=7-5&_nc_sid=58cdad&efg=eyJ2ZW5jb2RlX3RhZyI6IkNBUk9VU0VMX0lURU0ueHBpZHMuMTQ0MC5zZHIucmVndWxhcl9waG90by5DMyJ9&_nc_ohc=YdVhHFKNO3AQ7kNvwHa8z1e&_nc_oc=AdpwMGnhVvWlN041QaQfsDzOqy-hV5b_Ifhj3ffDMCi2Xp_Hp5pbZkEgmtbUMjszaac&_nc_ad=z-m&_nc_cid=0&_nc_zt=23&_nc_ht=scontent-fra5-2.cdninstagram.com&_nc_gid=XE-WXNcIBrbBoDtt9F1rqg&_nc_ss=7a22e&oh=00_AQKpCS2P_ZDziG0QrqLwUOjOjF5ZrMbh1TYldsCI8elq9g&oe=6A9BA3DA,https://www.instagram.com/p/DcmhzwZjQj_/
Supermercado São Pedro,Carnes / Aves,Filé de Peito de Frango kg,16.49,31/08/2026,https://scontent-yyz1-1.cdninstagram.com/v/t51.82787-15/791942671_18196080940382122_5769268194854024718_n.jpg?stp=dst-jpg_e35_tt6&_nc_cat=107&ig_cache_key=Mzk3NTg1NzQ5MjM5MDM2NzAzMQ%3D%3D.3-ccb7-5&ccb=7-5&_nc_sid=58cdad&efg=eyJ2ZW5jb2RlX3RhZyI6IkZFRUQueHBpZHMuMzI0OC5zZHIucmVndWxhcl9waG90by5DMyJ9&_nc_ohc=FI0IN0j_ruIQ7kNvwGC3K8s&_nc_oc=AdrhdViKKQ2N_RCgWHLfou0OLpCFa2drnCTZkCdUPf570nxZem1Ru5Ioih6Rcu26XE0&_nc_ad=z-m&_nc_cid=0&_nc_zt=23&_nc_ht=scontent-yyz1-1.cdninstagram.com&_nc_gid=rTzcWpo5EmqgaOQBsoET-Q&_nc_ss=7a22e&oh=00_AQIM9kU-CPvdp3fzlcvqegMh4EAVc1oIktG_camzw6mVGw&oe=6A9B733A,https://www.instagram.com/p/DctFVMHgM83/
Supermercado São Pedro,Carnes / Aves,Meio das Asas kg,24.99,31/08/2026,https://scontent-yyz1-1.cdninstagram.com/v/t51.82787-15/791942671_18196080940382122_5769268194854024718_n.jpg?stp=dst-jpg_e35_tt6&_nc_cat=107&ig_cache_key=Mzk3NTg1NzQ5MjM5MDM2NzAzMQ%3D%3D.3-ccb7-5&ccb=7-5&_nc_sid=58cdad&efg=eyJ2ZW5jb2RlX3RhZyI6IkZFRUQueHBpZHMuMzI0OC5zZHIucmVndWxhcl9waG90by5DMyJ9&_nc_ohc=FI0IN0j_ruIQ7kNvwGC3K8s&_nc_oc=AdrhdViKKQ2N_RCgWHLfou0OLpCFa2drnCTZkCdUPf570nxZem1Ru5Ioih6Rcu26XE0&_nc_ad=z-m&_nc_cid=0&_nc_zt=23&_nc_ht=scontent-yyz1-1.cdninstagram.com&_nc_gid=rTzcWpo5EmqgaOQBsoET-Q&_nc_ss=7a22e&oh=00_AQIM9kU-CPvdp3fzlcvqegMh4EAVc1oIktG_camzw6mVGw&oe=6A9B733A,https://www.instagram.com/p/DctFVMHgM83/
Supermercado São Pedro,Carnes / Aves,Meio das Asas kg,24.99,28/08/2026,https://scontent-ord5-1.cdninstagram.com/v/t51.82787-15/787853786_18195711469382122_4084613579796731411_n.jpg?stp=dst-jpg_e35_tt6&_nc_cat=101&ig_cache_key=Mzk3MzY3MjU2ODk4MzkzOTE2MQ%3D%3D.3-ccb7-5&ccb=7-5&_nc_sid=58cdad&efg=eyJ2ZW5jb2RlX3RhZyI6IkNBUk9VU0VMX0lURU0ueHBpZHMuMTA4MS5zZHIucmVndWxhcl9waG90by5DMyJ9&_nc_ohc=YRh7I8l8B0QQ7kNvwHlEw3O&_nc_oc=AdrHCoG2WkdmZXa4FwFC30vrqZ2O_zCin_hSzkRyiGTz_k-7EvFXy8yMbwuq3rSQbHBWFYi1cP3qB_7ReenJ1ICO&_nc_ad=z-m&_nc_cid=0&_nc_zt=23&_nc_ht=scontent-ord5-1.cdninstagram.com&_nc_gid=e8yrrgwvTiB2RW3pwYsWmA&_nc_ss=7a22e&oh=00_AQJCf2yLnEnXMf-jjzQVUurpcTwQVzDCaO1bFCb3y3kVag&oe=6A9B89C7,https://www.instagram.com/p/DclUqI1G7TG/
Supermercado Tuiuiú,Carnes / Bovina,Recorte Bovino kg,9.99,31/08/2026,https://scontent-waw2-2.cdninstagram.com/v/t51.82787-15/789925865_18582933439067900_5352302008089866172_n.jpg?stp=dst-jpg_e35_tt6&_nc_cat=106&ig_cache_key=Mzk3NTg0NzAyMjI0MjEyOTQ1Ng%3D%3D.3-ccb7-5&ccb=7-5&_nc_sid=58cdad&efg=eyJ2ZW5jb2RlX3RhZyI6IkNBUk9VU0VMX0lURU0ueHBpZHMuMTA4MC5zZHIucmVndWxhcl9waG90by5DMyJ9&_nc_ohc=Av4uOeqKtxEQ7kNvwEcCoOT&_nc_oc=AdpoGu6eGbhr9rgs8AemijdaOP9zQqgXklsdQIInyH4P2WuDYlLBa6z7WM-EXJk-Qlg&_nc_ad=z-m&_nc_cid=0&_nc_zt=23&_nc_ht=scontent-waw2-2.cdninstagram.com&_nc_gid=tb_koEHgkC6rSgTGFM4n-g&_nc_ss=7a22e&oh=00_AQJRwFVdS7E-JxWkA1SXhOCDmL7IyZG-uJZcWwAkxOSg_g&oe=6A9B7C1E,https://www.instagram.com/p/DctC9pmj6oW/
Super Compras Supermercado,Carnes / Bovina,Paleta Suína kg,9.99,29/08/2026,https://scontent-fra5-2.cdninstagram.com/v/t51.82787-15/787666404_18192892456391764_5631571009347207340_n.jpg?stp=dst-jpg_e35_tt6&_nc_cat=107&ig_cache_key=Mzk3NDAxMjM2OTYxNzUwODE0Ng%3D%3D.3-ccb7-5&ccb=7-5&_nc_sid=58cdad&efg=eyJ2ZW5jb2RlX3RhZyI6IkNBUk9VU0VMX0lURU0ueHBpZHMuMTQ0MC5zZHIucmVndWxhcl9waG90by5DMyJ9&_nc_ohc=YdVhHFKNO3AQ7kNvwHa8z1e&_nc_oc=AdpwMGnhVvWlN041QaQfsDzOqy-hV5b_Ifhj3ffDMCi2Xp_Hp5pbZkEgmtbUMjszaac&_nc_ad=z-m&_nc_cid=0&_nc_zt=23&_nc_ht=scontent-fra5-2.cdninstagram.com&_nc_gid=XE-WXNcIBrbBoDtt9F1rqg&_nc_ss=7a22e&oh=00_AQKpCS2P_ZDziG0QrqLwUOjOjF5ZrMbh1TYldsCI8elq9g&oe=6A9BA3DA,https://www.instagram.com/p/DcmhzwZjQj_/
Bom Jesus Primavera do Leste 🛒,Carnes / Bovina,Bisteca Suína Excelência kg,12.99,28/08/2026,https://scontent-ams2-1.cdninstagram.com/v/t51.82787-15/786853630_18374942971237813_3112147777905981087_n.jpg?stp=dst-jpg_e35_tt6&_nc_cat=107&ig_cache_key=Mzk3Mzk3Nzc3OTE1MzU1MzcyNQ%3D%3D.3-ccb7-5&ccb=7-5&_nc_sid=58cdad&efg=eyJ2ZW5jb2RlX3RhZyI6IkNBUk9VU0VMX0lURU0ueHBpZHMuMTA4MC5zZHIucmVndWxhcl9waG90by5DMyJ9&_nc_ohc=X2aB_pDnUvgQ7kNvwG8uJH9&_nc_oc=AdpigUHsJRxjMoV1g7lQR4DbEc32Ikp2usi-5FwnwHpRZyYU1lairVlSsnYyShyrS68&_nc_ad=z-m&_nc_cid=0&_nc_zt=23&_nc_ht=scontent-ams2-1.cdninstagram.com&_nc_gid=jRI1dTb-zr9XSjXpQtgHvg&_nc_ss=7a22e&oh=00_AQLdusXZu3kwjJ8l2EnMH2edAs-4P9_1aNCp4Dgoq9u6Ag&oe=6A9BA2A4,https://www.instagram.com/p/DcmZ8cDD400/
Supermercado Tuiuiú,Carnes / Bovina,Costela Suína kg,15.99,28/08/2026,https://scontent-bos5-1.cdninstagram.com/v/t39.30808-6/784232177_1720016766798808_2199971508535547197_n.jpg?stp=dst-jpg_e35_tt6&_nc_cat=111&ig_cache_key=Mzk3MzM0Mjg3OTgyMjMyNDE3Mg%3D%3D.3-ccb7-5&ccb=7-5&_nc_sid=58cdad&efg=eyJ2ZW5jb2RlX3RhZyI6IkNBUk9VU0VMX0lURU0ueHBpZHMuMTI1NC5zZHIucmVndWxhcl9waG90by5DMyJ9&_nc_ohc=x4aYiOQwucQQ7kNvwG7xG2y&_nc_oc=Adr4POX_os7UuBqDq0TtjV1UdTCTwTy3vBKpge9ib6tP0PmSxstO2vqEeZRdZALWDy8&_nc_ad=z-m&_nc_cid=0&_nc_zt=23&_nc_ht=scontent-bos5-1.cdninstagram.com&_nc_gid=bmLXXYJOFClGMwHlmUZfvA&_nc_ss=7a22e&oh=00_AQL7FSodjzfttZ_khYsGECV9V1NNxlF55KepY-jakyXz8g&oe=6A9B9424,https://www.instagram.com/p/DckJlYyI3Tu/
Super Compras Supermercado,Carnes / Bovina,Costela Suína kg,17.99,29/08/2026,https://scontent-fra5-2.cdninstagram.com/v/t51.82787-15/787666404_18192892456391764_5631571009347207340_n.jpg?stp=dst-jpg_e35_tt6&_nc_cat=107&ig_cache_key=Mzk3NDAxMjM2OTYxNzUwODE0Ng%3D%3D.3-ccb7-5&ccb=7-5&_nc_sid=58cdad&efg=eyJ2ZW5jb2RlX3RhZyI6IkNBUk9VU0VMX0lURU0ueHBpZHMuMTQ0MC5zZHIucmVndWxhcl9waG90by5DMyJ9&_nc_ohc=YdVhHFKNO3AQ7kNvwHa8z1e&_nc_oc=AdpwMGnhVvWlN041QaQfsDzOqy-hV5b_Ifhj3ffDMCi2Xp_Hp5pbZkEgmtbUMjszaac&_nc_ad=z-m&_nc_cid=0&_nc_zt=23&_nc_ht=scontent-fra5-2.cdninstagram.com&_nc_gid=XE-WXNcIBrbBoDtt9F1rqg&_nc_ss=7a22e&oh=00_AQKpCS2P_ZDziG0QrqLwUOjOjF5ZrMbh1TYldsCI8elq9g&oe=6A9BA3DA,https://www.instagram.com/p/DcmhzwZjQj_/
Bom Jesus Primavera do Leste 🛒,Carnes / Bovina,Costela Suína Excelência kg,17.99,28/08/2026,https://scontent-ams2-1.cdninstagram.com/v/t51.82787-15/786853630_18374942971237813_3112147777905981087_n.jpg?stp=dst-jpg_e35_tt6&_nc_cat=107&ig_cache_key=Mzk3Mzk3Nzc3OTE1MzU1MzcyNQ%3D%3D.3-ccb7-5&ccb=7-5&_nc_sid=58cdad&efg=eyJ2ZW5jb2RlX3RhZyI6IkNBUk9VU0VMX0lURU0ueHBpZHMuMTA4MC5zZHIucmVndWxhcl9waG90by5DMyJ9&_nc_ohc=X2aB_pDnUvgQ7kNvwG8uJH9&_nc_oc=AdpigUHsJRxjMoV1g7lQR4DbEc32Ikp2usi-5FwnwHpRZyYU1lairVlSsnYyShyrS68&_nc_ad=z-m&_nc_cid=0&_nc_zt=23&_nc_ht=scontent-ams2-1.cdninstagram.com&_nc_gid=jRI1dTb-zr9XSjXpQtgHvg&_nc_ss=7a22e&oh=00_AQLdusXZu3kwjJ8l2EnMH2edAs-4P9_1aNCp4Dgoq9u6Ag&oe=6A9BA2A4,https://www.instagram.com/p/DcmZ8cDD400/
Supermercado Tuiuiú,Carnes / Bovina,Costela Fina kg,18.99,29/08/2026,https://scontent-ams2-1.cdninstagram.com/v/t51.82787-15/791045407_18582509014067900_6295115100514269558_n.jpg?stp=dst-jpg_e35_tt6&_nc_cat=101&ig_cache_key=Mzk3NDc1NDgyNzQxMDc1ODQzMA%3D%3D.3-ccb7-5&ccb=7-5&_nc_sid=58cdad&efg=eyJ2ZW5jb2RlX3RhZyI6IkNBUk9VU0VMX0lURU0ueHBpZHMuMTA4MC5zZHIucmVndWxhcl9waG90by5DMyJ9&_nc_ohc=4s6XsQUyXIQQ7kNvwHkouqb&_nc_oc=AdpJ46kK44qb2AYU_akZQ-H5pBZ2JkazP5ll4z2T6It_sskNdwZGMYDaiz4wtgszbk1etf5taYI3yzE-a6VNOKcP&_nc_ad=z-m&_nc_cid=0&_nc_zt=23&_nc_ht=scontent-ams2-1.cdninstagram.com&_nc_gid=c8hmnPOEljfLMaR3cq56Dw&_nc_ss=7a22e&oh=00_AQIwQqb-wYkDeq5fxIHg5aGA4vlOrSf0TwdVwRVlJDhizA&oe=6A9B6EBF,https://www.instagram.com/p/DcpKopsjwHG/
Supermercado Tuiuiú,Carnes / Bovina,Costela Grossa kg,18.99,29/08/2026,https://scontent-ams2-1.cdninstagram.com/v/t51.82787-15/791045407_18582509014067900_6295115100514269558_n.jpg?stp=dst-jpg_e35_tt6&_nc_cat=101&ig_cache_key=Mzk3NDc1NDgyNzQxMDc1ODQzMA%3D%3D.3-ccb7-5&ccb=7-5&_nc_sid=58cdad&efg=eyJ2ZW5jb2RlX3RhZyI6IkNBUk9VU0VMX0lURU0ueHBpZHMuMTA4MC5zZHIucmVndWxhcl9waG90by5DMyJ9&_nc_ohc=4s6XsQUyXIQQ7kNvwHkouqb&_nc_oc=AdpJ46kK44qb2AYU_akZQ-H5pBZ2JkazP5ll4z2T6It_sskNdwZGMYDaiz4wtgszbk1etf5taYI3yzE-a6VNOKcP&_nc_ad=z-m&_nc_cid=0&_nc_zt=23&_nc_ht=scontent-ams2-1.cdninstagram.com&_nc_gid=c8hmnPOEljfLMaR3cq56Dw&_nc_ss=7a22e&oh=00_AQIwQqb-wYkDeq5fxIHg5aGA4vlOrSf0TwdVwRVlJDhizA&oe=6A9B6EBF,https://www.instagram.com/p/DcpKopsjwHG/
Supermercado Tuiuiú,Carnes / Bovina,Costela Fina kg,18.99,28/08/2026,https://scontent-bos5-1.cdninstagram.com/v/t39.30808-6/784232177_1720016766798808_2199971508535547197_n.jpg?stp=dst-jpg_e35_tt6&_nc_cat=111&ig_cache_key=Mzk3MzM0Mjg3OTgyMjMyNDE3Mg%3D%3D.3-ccb7-5&ccb=7-5&_nc_sid=58cdad&efg=eyJ2ZW5jb2RlX3RhZyI6IkNBUk9VU0VMX0lURU0ueHBpZHMuMTI1NC5zZHIucmVndWxhcl9waG90by5DMyJ9&_nc_ohc=x4aYiOQwucQQ7kNvwG7xG2y&_nc_oc=Adr4POX_os7UuBqDq0TtjV1UdTCTwTy3vBKpge9ib6tP0PmSxstO2vqEeZRdZALWDy8&_nc_ad=z-m&_nc_cid=0&_nc_zt=23&_nc_ht=scontent-bos5-1.cdninstagram.com&_nc_gid=bmLXXYJOFClGMwHlmUZfvA&_nc_ss=7a22e&oh=00_AQL7FSodjzfttZ_khYsGECV9V1NNxlF55KepY-jakyXz8g&oe=6A9B9424,https://www.instagram.com/p/DckJlYyI3Tu/
Supermercado Tuiuiú,Carnes / Bovina,Costela Grossa kg,18.99,28/08/2026,https://scontent-bos5-1.cdninstagram.com/v/t39.30808-6/784232177_1720016766798808_2199971508535547197_n.jpg?stp=dst-jpg_e35_tt6&_nc_cat=111&ig_cache_key=Mzk3MzM0Mjg3OTgyMjMyNDE3Mg%3D%3D.3-ccb7-5&ccb=7-5&_nc_sid=58cdad&efg=eyJ2ZW5jb2RlX3RhZyI6IkNBUk9VU0VMX0lURU0ueHBpZHMuMTI1NC5zZHIucmVndWxhcl9waG90by5DMyJ9&_nc_ohc=x4aYiOQwucQQ7kNvwG7xG2y&_nc_oc=Adr4POX_os7UuBqDq0TtjV1UdTCTwTy3vBKpge9ib6tP0PmSxstO2vqEeZRdZALWDy8&_nc_ad=z-m&_nc_cid=0&_nc_zt=23&_nc_ht=scontent-bos5-1.cdninstagram.com&_nc_gid=bmLXXYJOFClGMwHlmUZfvA&_nc_ss=7a22e&oh=00_AQL7FSodjzfttZ_khYsGECV9V1NNxlF55KepY-jakyXz8g&oe=6A9B9424,https://www.instagram.com/p/DckJlYyI3Tu/
Super Compras Supermercado,Carnes / Bovina,Costela Bovina kg,21.99,29/08/2026,https://scontent-fra5-1.cdninstagram.com/v/t51.82787-15/787743920_18192892438391764_3005082908538598587_n.jpg?stp=dst-jpg_e35_tt6&_nc_cat=110&ig_cache_key=Mzk3NDAxMjMzNjQ5MTI3ODEzMg%3D%3D.3-ccb7-5&ccb=7-5&_nc_sid=58cdad&efg=eyJ2ZW5jb2RlX3RhZyI6IkNBUk9VU0VMX0lURU0ueHBpZHMuMTQ0MC5zZHIucmVndWxhcl9waG90by5DMyJ9&_nc_ohc=sDvW_231DL8Q7kNvwFUd-mY&_nc_oc=AdrVs152QyDKEMVf-19X4yc6xKwJI756zpOQan9pTBPi9CT3lHvSYCvTfyK3pJyyI5g&_nc_ad=z-m&_nc_cid=0&_nc_zt=23&_nc_ht=scontent-fra5-1.cdninstagram.com&_nc_gid=XE-WXNcIBrbBoDtt9F1rqg&_nc_ss=7a22e&oh=00_AQIMMY89zBTA66ZO23Vkasl2XpURebDtLT1oO3e0lElHuw&oe=6A9B703B,https://www.instagram.com/p/DcmhzwZjQj_/
Supermercado São Pedro,Carnes / Bovina,Costela Suína kg,22.99,28/08/2026,https://scontent-ord5-1.cdninstagram.com/v/t51.82787-15/787853786_18195711469382122_4084613579796731411_n.jpg?stp=dst-jpg_e35_tt6&_nc_cat=101&ig_cache_key=Mzk3MzY3MjU2ODk4MzkzOTE2MQ%3D%3D.3-ccb7-5&ccb=7-5&_nc_sid=58cdad&efg=eyJ2ZW5jb2RlX3RhZyI6IkNBUk9VU0VMX0lURU0ueHBpZHMuMTA4MS5zZHIucmVndWxhcl9waG90by5DMyJ9&_nc_ohc=YRh7I8l8B0QQ7kNvwHlEw3O&_nc_oc=AdrHCoG2WkdmZXa4FwFC30vrqZ2O_zCin_hSzkRyiGTz_k-7EvFXy8yMbwuq3rSQbHBWFYi1cP3qB_7ReenJ1ICO&_nc_ad=z-m&_nc_cid=0&_nc_zt=23&_nc_ht=scontent-ord5-1.cdninstagram.com&_nc_gid=e8yrrgwvTiB2RW3pwYsWmA&_nc_ss=7a22e&oh=00_AQJCf2yLnEnXMf-jjzQVUurpcTwQVzDCaO1bFCb3y3kVag&oe=6A9B89C7,https://www.instagram.com/p/DclUqI1G7TG/
Supermercado São Pedro,Carnes / Bovina,Costela Bovina kg,24.99,27/08/2026,https://scontent-cdg6-1.cdninstagram.com/v/t39.30808-6/785993166_1505168978322885_7442982966970505933_n.jpg?stp=c0.0.1638.2048a_dst-jpg_e35_s1638x2048_tt6&_nc_cat=110&ig_cache_key=Mzk3MzI3Njk2ODM0NzI3MzQzNQ%3D%3D.3-ccb7-5&ccb=7-5&_nc_sid=58cdad&efg=eyJ2ZW5jb2RlX3RhZyI6IkNBUk9VU0VMX0lURU0ueHBpZHMuMTYzOS5zZHIucmVndWxhcl9waG90by5DMyJ9&_nc_ohc=5-K7ePTTbO0Q7kNvwFuHQ-K&_nc_oc=AdoojWkzKKSETbn3pr2rnz8FZnTmtAEAAyLRPC6CDsZbrPcjwgiAultevJDISc3gPmY&_nc_ad=z-m&_nc_cid=0&_nc_zt=23&_nc_ht=scontent-cdg6-1.cdninstagram.com&_nc_gid=yLPiqNBTOuIh-HMOfC0RHA&_nc_ss=7a22e&oh=00_AQJDddrliu__92MR6UZVSM-4bPxRUV5jMmXT0IazQPWWhw&oe=6A9B750E,https://www.instagram.com/p/Dcj6lyLlKpL/
Supermercado Tuiuiú,Carnes / Bovina,Corte Grill kg,27.99,28/08/2026,https://scontent-bos5-1.cdninstagram.com/v/t39.30808-6/784321179_1720016750132143_1243001508239248716_n.jpg?stp=dst-jpg_e35_tt6&_nc_cat=109&ig_cache_key=Mzk3MzM0Mjg4MDE3NDY4MTI1NA%3D%3D.3-ccb7-5&ccb=7-5&_nc_sid=58cdad&efg=eyJ2ZW5jb2RlX3RhZyI6IkNBUk9VU0VMX0lURU0ueHBpZHMuMTI1NC5zZHIucmVndWxhcl9waG90by5DMyJ9&_nc_ohc=COO3PN8U09oQ7kNvwEQfX90&_nc_oc=Adq2LgJNDi20InxXzVZ6Hgvty_l9zjmsuUcIynuxWZRf7G1t3LfZANBMtIgdMxr6Q1M&_nc_ad=z-m&_nc_cid=0&_nc_zt=23&_nc_ht=scontent-bos5-1.cdninstagram.com&_nc_gid=bmLXXYJOFClGMwHlmUZfvA&_nc_ss=7a22e&oh=00_AQJmOxLSDX7PjiCv8SeruuPPoLWFNCBlw3-rT_9A2jqx6A&oe=6A9B6E59,https://www.instagram.com/p/DckJlYyI3Tu/
Supermercado Tuiuiú,Carnes / Bovina,Corte Americano kg,27.99,28/08/2026,https://scontent-bos5-1.cdninstagram.com/v/t39.30808-6/784321179_1720016750132143_1243001508239248716_n.jpg?stp=dst-jpg_e35_tt6&_nc_cat=109&ig_cache_key=Mzk3MzM0Mjg4MDE3NDY4MTI1NA%3D%3D.3-ccb7-5&ccb=7-5&_nc_sid=58cdad&efg=eyJ2ZW5jb2RlX3RhZyI6IkNBUk9VU0VMX0lURU0ueHBpZHMuMTI1NC5zZHIucmVndWxhcl9waG90by5DMyJ9&_nc_ohc=COO3PN8U09oQ7kNvwEQfX90&_nc_oc=Adq2LgJNDi20InxXzVZ6Hgvty_l9zjmsuUcIynuxWZRf7G1t3LfZANBMtIgdMxr6Q1M&_nc_ad=z-m&_nc_cid=0&_nc_zt=23&_nc_ht=scontent-bos5-1.cdninstagram.com&_nc_gid=bmLXXYJOFClGMwHlmUZfvA&_nc_ss=7a22e&oh=00_AQJmOxLSDX7PjiCv8SeruuPPoLWFNCBlw3-rT_9A2jqx6A&oe=6A9B6E59,https://www.instagram.com/p/DckJlYyI3Tu/
Supermercado Tuiuiú,Carnes / Bovina,Corte Grill Bovina kg,29.99,29/08/2026,https://scontent-ams2-1.cdninstagram.com/v/t51.82787-15/788493790_18582509032067900_5908567126790300069_n.jpg?stp=dst-jpg_e35_tt6&_nc_cat=109&ig_cache_key=Mzk3NDc1NDg1NzkyNzkxMjQwMQ%3D%3D.3-ccb7-5&ccb=7-5&_nc_sid=58cdad&efg=eyJ2ZW5jb2RlX3RhZyI6IkNBUk9VU0VMX0lURU0ueHBpZHMuMTA4MC5zZHIucmVndWxhcl9waG90by5DMyJ9&_nc_ohc=ZEEw91mmol0Q7kNvwGVnriZ&_nc_oc=AdoB6_SyfJtDXfOP67omgaVII8Icuiyd1qExVv-pJdmFaiSlEERjxEEA_53te6ypdw5vFu21Xx7Jsk9m7N443gzR&_nc_ad=z-m&_nc_cid=0&_nc_zt=23&_nc_ht=scontent-ams2-1.cdninstagram.com&_nc_gid=c8hmnPOEljfLMaR3cq56Dw&_nc_ss=7a22e&oh=00_AQJI6HV-2yS6LTe4Bx9kjBoEp7YoRNeeOAFSypgC5uIQqg&oe=6A9B91B5,https://www.instagram.com/p/DcpKopsjwHG/
Supermercado São Pedro,Carnes / Bovina,Costela Bovina kg,29.99,28/08/2026,https://scontent-ord5-1.cdninstagram.com/v/t51.82787-15/787853786_18195711469382122_4084613579796731411_n.jpg?stp=dst-jpg_e35_tt6&_nc_cat=101&ig_cache_key=Mzk3MzY3MjU2ODk4MzkzOTE2MQ%3D%3D.3-ccb7-5&ccb=7-5&_nc_sid=58cdad&efg=eyJ2ZW5jb2RlX3RhZyI6IkNBUk9VU0VMX0lURU0ueHBpZHMuMTA4MS5zZHIucmVndWxhcl9waG90by5DMyJ9&_nc_ohc=YRh7I8l8B0QQ7kNvwHlEw3O&_nc_oc=AdrHCoG2WkdmZXa4FwFC30vrqZ2O_zCin_hSzkRyiGTz_k-7EvFXy8yMbwuq3rSQbHBWFYi1cP3qB_7ReenJ1ICO&_nc_ad=z-m&_nc_cid=0&_nc_zt=23&_nc_ht=scontent-ord5-1.cdninstagram.com&_nc_gid=e8yrrgwvTiB2RW3pwYsWmA&_nc_ss=7a22e&oh=00_AQJCf2yLnEnXMf-jjzQVUurpcTwQVzDCaO1bFCb3y3kVag&oe=6A9B89C7,https://www.instagram.com/p/DclUqI1G7TG/
Supermercado Tuiuiú,Carnes / Bovina,Coxão Duro kg,34.99,28/08/2026,https://scontent-bos5-1.cdninstagram.com/v/t39.30808-6/784321179_1720016750132143_1243001508239248716_n.jpg?stp=dst-jpg_e35_tt6&_nc_cat=109&ig_cache_key=Mzk3MzM0Mjg4MDE3NDY4MTI1NA%3D%3D.3-ccb7-5&ccb=7-5&_nc_sid=58cdad&efg=eyJ2ZW5jb2RlX3RhZyI6IkNBUk9VU0VMX0lURU0ueHBpZHMuMTI1NC5zZHIucmVndWxhcl9waG90by5DMyJ9&_nc_ohc=COO3PN8U09oQ7kNvwEQfX90&_nc_oc=Adq2LgJNDi20InxXzVZ6Hgvty_l9zjmsuUcIynuxWZRf7G1t3LfZANBMtIgdMxr6Q1M&_nc_ad=z-m&_nc_cid=0&_nc_zt=23&_nc_ht=scontent-bos5-1.cdninstagram.com&_nc_gid=bmLXXYJOFClGMwHlmUZfvA&_nc_ss=7a22e&oh=00_AQJmOxLSDX7PjiCv8SeruuPPoLWFNCBlw3-rT_9A2jqx6A&oe=6A9B6E59,https://www.instagram.com/p/DckJlYyI3Tu/
Supermercado São Pedro,Carnes / Bovina,Bisteca Mineira kg,34.99,28/08/2026,https://scontent-ord5-1.cdninstagram.com/v/t51.82787-15/787853786_18195711469382122_4084613579796731411_n.jpg?stp=dst-jpg_e35_tt6&_nc_cat=101&ig_cache_key=Mzk3MzY3MjU2ODk4MzkzOTE2MQ%3D%3D.3-ccb7-5&ccb=7-5&_nc_sid=58cdad&efg=eyJ2ZW5jb2RlX3RhZyI6IkNBUk9VU0VMX0lURU0ueHBpZHMuMTA4MS5zZHIucmVndWxhcl9waG90by5DMyJ9&_nc_ohc=YRh7I8l8B0QQ7kNvwHlEw3O&_nc_oc=AdrHCoG2WkdmZXa4FwFC30vrqZ2O_zCin_hSzkRyiGTz_k-7EvFXy8yMbwuq3rSQbHBWFYi1cP3qB_7ReenJ1ICO&_nc_ad=z-m&_nc_cid=0&_nc_zt=23&_nc_ht=scontent-ord5-1.cdninstagram.com&_nc_gid=e8yrrgwvTiB2RW3pwYsWmA&_nc_ss=7a22e&oh=00_AQJCf2yLnEnXMf-jjzQVUurpcTwQVzDCaO1bFCb3y3kVag&oe=6A9B89C7,https://www.instagram.com/p/DclUqI1G7TG/
Super Compras Supermercado,Carnes / Bovina,Capa de Contra Filé Bovina kg,34.99,29/08/2026,https://scontent-fra5-1.cdninstagram.com/v/t51.82787-15/787743920_18192892438391764_3005082908538598587_n.jpg?stp=dst-jpg_e35_tt6&_nc_cat=110&ig_cache_key=Mzk3NDAxMjMzNjQ5MTI3ODEzMg%3D%3D.3-ccb7-5&ccb=7-5&_nc_sid=58cdad&efg=eyJ2ZW5jb2RlX3RhZyI6IkNBUk9VU0VMX0lURU0ueHBpZHMuMTQ0MC5zZHIucmVndWxhcl9waG90by5DMyJ9&_nc_ohc=sDvW_231DL8Q7kNvwFUd-mY&_nc_oc=AdrVs152QyDKEMVf-19X4yc6xKwJI756zpOQan9pTBPi9CT3lHvSYCvTfyK3pJyyI5g&_nc_ad=z-m&_nc_cid=0&_nc_zt=23&_nc_ht=scontent-fra5-1.cdninstagram.com&_nc_gid=XE-WXNcIBrbBoDtt9F1rqg&_nc_ss=7a22e&oh=00_AQIMMY89zBTA66ZO23Vkasl2XpURebDtLT1oO3e0lElHuw&oe=6A9B703B,https://www.instagram.com/p/DcmhzwZjQj_/
Supermercado Tuiuiú,Carnes / Bovina,Coxão Duro Bovina kg,36.99,29/08/2026,https://scontent-ams2-1.cdninstagram.com/v/t51.82787-15/788493790_18582509032067900_5908567126790300069_n.jpg?stp=dst-jpg_e35_tt6&_nc_cat=109&ig_cache_key=Mzk3NDc1NDg1NzkyNzkxMjQwMQ%3D%3D.3-ccb7-5&ccb=7-5&_nc_sid=58cdad&efg=eyJ2ZW5jb2RlX3RhZyI6IkNBUk9VU0VMX0lURU0ueHBpZHMuMTA4MC5zZHIucmVndWxhcl9waG90by5DMyJ9&_nc_ohc=ZEEw91mmol0Q7kNvwGVnriZ&_nc_oc=AdoB6_SyfJtDXfOP67omgaVII8Icuiyd1qExVv-pJdmFaiSlEERjxEEA_53te6ypdw5vFu21Xx7Jsk9m7N443gzR&_nc_ad=z-m&_nc_cid=0&_nc_zt=23&_nc_ht=scontent-ams2-1.cdninstagram.com&_nc_gid=c8hmnPOEljfLMaR3cq56Dw&_nc_ss=7a22e&oh=00_AQJI6HV-2yS6LTe4Bx9kjBoEp7YoRNeeOAFSypgC5uIQqg&oe=6A9B91B5,https://www.instagram.com/p/DcpKopsjwHG/
Supermercado São Pedro,Carnes / Bovina,Corte Grill kg,36.99,28/08/2026,https://scontent-ord5-1.cdninstagram.com/v/t51.82787-15/787853786_18195711469382122_4084613579796731411_n.jpg?stp=dst-jpg_e35_tt6&_nc_cat=101&ig_cache_key=Mzk3MzY3MjU2ODk4MzkzOTE2MQ%3D%3D.3-ccb7-5&ccb=7-5&_nc_sid=58cdad&efg=eyJ2ZW5jb2RlX3RhZyI6IkNBUk9VU0VMX0lURU0ueHBpZHMuMTA4MS5zZHIucmVndWxhcl9waG90by5DMyJ9&_nc_ohc=YRh7I8l8B0QQ7kNvwHlEw3O&_nc_oc=AdrHCoG2WkdmZXa4FwFC30vrqZ2O_zCin_hSzkRyiGTz_k-7EvFXy8yMbwuq3rSQbHBWFYi1cP3qB_7ReenJ1ICO&_nc_ad=z-m&_nc_cid=0&_nc_zt=23&_nc_ht=scontent-ord5-1.cdninstagram.com&_nc_gid=e8yrrgwvTiB2RW3pwYsWmA&_nc_ss=7a22e&oh=00_AQJCf2yLnEnXMf-jjzQVUurpcTwQVzDCaO1bFCb3y3kVag&oe=6A9B89C7,https://www.instagram.com/p/DclUqI1G7TG/
Supermercado Tuiuiú,Carnes / Bovina,Coxão Mole kg,38.99,28/08/2026,https://scontent-bos5-1.cdninstagram.com/v/t39.30808-6/784321179_1720016750132143_1243001508239248716_n.jpg?stp=dst-jpg_e35_tt6&_nc_cat=109&ig_cache_key=Mzk3MzM0Mjg4MDE3NDY4MTI1NA%3D%3D.3-ccb7-5&ccb=7-5&_nc_sid=58cdad&efg=eyJ2ZW5jb2RlX3RhZyI6IkNBUk9VU0VMX0lURU0ueHBpZHMuMTI1NC5zZHIucmVndWxhcl9waG90by5DMyJ9&_nc_ohc=COO3PN8U09oQ7kNvwEQfX90&_nc_oc=Adq2LgJNDi20InxXzVZ6Hgvty_l9zjmsuUcIynuxWZRf7G1t3LfZANBMtIgdMxr6Q1M&_nc_ad=z-m&_nc_cid=0&_nc_zt=23&_nc_ht=scontent-bos5-1.cdninstagram.com&_nc_gid=bmLXXYJOFClGMwHlmUZfvA&_nc_ss=7a22e&oh=00_AQJmOxLSDX7PjiCv8SeruuPPoLWFNCBlw3-rT_9A2jqx6A&oe=6A9B6E59,https://www.instagram.com/p/DckJlYyI3Tu/
Super Compras Supermercado,Carnes / Bovina,Bananinha Bovina kg,39.99,29/08/2026,https://scontent-fra5-1.cdninstagram.com/v/t51.82787-15/787743920_18192892438391764_3005082908538598587_n.jpg?stp=dst-jpg_e35_tt6&_nc_cat=110&ig_cache_key=Mzk3NDAxMjMzNjQ5MTI3ODEzMg%3D%3D.3-ccb7-5&ccb=7-5&_nc_sid=58cdad&efg=eyJ2ZW5jb2RlX3RhZyI6IkNBUk9VU0VMX0lURU0ueHBpZHMuMTQ0MC5zZHIucmVndWxhcl9waG90by5DMyJ9&_nc_ohc=sDvW_231DL8Q7kNvwFUd-mY&_nc_oc=AdrVs152QyDKEMVf-19X4yc6xKwJI756zpOQan9pTBPi9CT3lHvSYCvTfyK3pJyyI5g&_nc_ad=z-m&_nc_cid=0&_nc_zt=23&_nc_ht=scontent-fra5-1.cdninstagram.com&_nc_gid=XE-WXNcIBrbBoDtt9F1rqg&_nc_ss=7a22e&oh=00_AQIMMY89zBTA66ZO23Vkasl2XpURebDtLT1oO3e0lElHuw&oe=6A9B703B,https://www.instagram.com/p/DcmhzwZjQj_/
Supermercado São Pedro,Carnes / Bovina,Fraldinha Friboi kg,42.99,27/08/2026,https://scontent-cdg6-1.cdninstagram.com/v/t39.30808-6/785993166_1505168978322885_7442982966970505933_n.jpg?stp=c0.0.1638.2048a_dst-jpg_e35_s1638x2048_tt6&_nc_cat=110&ig_cache_key=Mzk3MzI3Njk2ODM0NzI3MzQzNQ%3D%3D.3-ccb7-5&ccb=7-5&_nc_sid=58cdad&efg=eyJ2ZW5jb2RlX3RhZyI6IkNBUk9VU0VMX0lURU0ueHBpZHMuMTYzOS5zZHIucmVndWxhcl9waG90by5DMyJ9&_nc_ohc=5-K7ePTTbO0Q7kNvwFuHQ-K&_nc_oc=AdoojWkzKKSETbn3pr2rnz8FZnTmtAEAAyLRPC6CDsZbrPcjwgiAultevJDISc3gPmY&_nc_ad=z-m&_nc_cid=0&_nc_zt=23&_nc_ht=scontent-cdg6-1.cdninstagram.com&_nc_gid=yLPiqNBTOuIh-HMOfC0RHA&_nc_ss=7a22e&oh=00_AQJDddrliu__92MR6UZVSM-4bPxRUV5jMmXT0IazQPWWhw&oe=6A9B750E,https://www.instagram.com/p/Dcj6lyLlKpL/
Supermercado Tuiuiú,Carnes / Bovina,Alcatra com Maminha kg,43.99,28/08/2026,https://scontent-bos5-1.cdninstagram.com/v/t39.30808-6/784321179_1720016750132143_1243001508239248716_n.jpg?stp=dst-jpg_e35_tt6&_nc_cat=109&ig_cache_key=Mzk3MzM0Mjg4MDE3NDY4MTI1NA%3D%3D.3-ccb7-5&ccb=7-5&_nc_sid=58cdad&efg=eyJ2ZW5jb2RlX3RhZyI6IkNBUk9VU0VMX0lURU0ueHBpZHMuMTI1NC5zZHIucmVndWxhcl9waG90by5DMyJ9&_nc_ohc=COO3PN8U09oQ7kNvwEQfX90&_nc_oc=Adq2LgJNDi20InxXzVZ6Hgvty_l9zjmsuUcIynuxWZRf7G1t3LfZANBMtIgdMxr6Q1M&_nc_ad=z-m&_nc_cid=0&_nc_zt=23&_nc_ht=scontent-bos5-1.cdninstagram.com&_nc_gid=bmLXXYJOFClGMwHlmUZfvA&_nc_ss=7a22e&oh=00_AQJmOxLSDX7PjiCv8SeruuPPoLWFNCBlw3-rT_9A2jqx6A&oe=6A9B6E59,https://www.instagram.com/p/DckJlYyI3Tu/
Supermercado Tuiuiú,Carnes / Bovina,Contra Filé Bovina kg,44.99,29/08/2026,https://scontent-ams2-1.cdninstagram.com/v/t51.82787-15/788493790_18582509032067900_5908567126790300069_n.jpg?stp=dst-jpg_e35_tt6&_nc_cat=109&ig_cache_key=Mzk3NDc1NDg1NzkyNzkxMjQwMQ%3D%3D.3-ccb7-5&ccb=7-5&_nc_sid=58cdad&efg=eyJ2ZW5jb2RlX3RhZyI6IkNBUk9VU0VMX0lURU0ueHBpZHMuMTA4MC5zZHIucmVndWxhcl9waG90by5DMyJ9&_nc_ohc=ZEEw91mmol0Q7kNvwGVnriZ&_nc_oc=AdoB6_SyfJtDXfOP67omgaVII8Icuiyd1qExVv-pJdmFaiSlEERjxEEA_53te6ypdw5vFu21Xx7Jsk9m7N443gzR&_nc_ad=z-m&_nc_cid=0&_nc_zt=23&_nc_ht=scontent-ams2-1.cdninstagram.com&_nc_gid=c8hmnPOEljfLMaR3cq56Dw&_nc_ss=7a22e&oh=00_AQJI6HV-2yS6LTe4Bx9kjBoEp7YoRNeeOAFSypgC5uIQqg&oe=6A9B91B5,https://www.instagram.com/p/DcpKopsjwHG/
Supermercado Tuiuiú,Carnes / Bovina,Alcatra Bovina kg,47.99,29/08/2026,https://scontent-ams2-1.cdninstagram.com/v/t51.82787-15/788493790_18582509032067900_5908567126790300069_n.jpg?stp=dst-jpg_e35_tt6&_nc_cat=109&ig_cache_key=Mzk3NDc1NDg1NzkyNzkxMjQwMQ%3D%3D.3-ccb7-5&ccb=7-5&_nc_sid=58cdad&efg=eyJ2ZW5jb2RlX3RhZyI6IkNBUk9VU0VMX0lURU0ueHBpZHMuMTA4MC5zZHIucmVndWxhcl9waG90by5DMyJ9&_nc_ohc=ZEEw91mmol0Q7kNvwGVnriZ&_nc_oc=AdoB6_SyfJtDXfOP67omgaVII8Icuiyd1qExVv-pJdmFaiSlEERjxEEA_53te6ypdw5vFu21Xx7Jsk9m7N443gzR&_nc_ad=z-m&_nc_cid=0&_nc_zt=23&_nc_ht=scontent-ams2-1.cdninstagram.com&_nc_gid=c8hmnPOEljfLMaR3cq56Dw&_nc_ss=7a22e&oh=00_AQJI6HV-2yS6LTe4Bx9kjBoEp7YoRNeeOAFSypgC5uIQqg&oe=6A9B91B5,https://www.instagram.com/p/DcpKopsjwHG/
Super Compras Supermercado,Carnes / Bovina,Miolo da Alcatra Bovina kg,48.99,29/08/2026,https://scontent-fra5-1.cdninstagram.com/v/t51.82787-15/787743920_18192892438391764_3005082908538598587_n.jpg?stp=dst-jpg_e35_tt6&_nc_cat=110&ig_cache_key=Mzk3NDAxMjMzNjQ5MTI3ODEzMg%3D%3D.3-ccb7-5&ccb=7-5&_nc_sid=58cdad&efg=eyJ2ZW5jb2RlX3RhZyI6IkNBUk9VU0VMX0lURU0ueHBpZHMuMTQ0MC5zZHIucmVndWxhcl9waG90by5DMyJ9&_nc_ohc=sDvW_231DL8Q7kNvwFUd-mY&_nc_oc=AdrVs152QyDKEMVf-19X4yc6xKwJI756zpOQan9pTBPi9CT3lHvSYCvTfyK3pJyyI5g&_nc_ad=z-m&_nc_cid=0&_nc_zt=23&_nc_ht=scontent-fra5-1.cdninstagram.com&_nc_gid=XE-WXNcIBrbBoDtt9F1rqg&_nc_ss=7a22e&oh=00_AQIMMY89zBTA66ZO23Vkasl2XpURebDtLT1oO3e0lElHuw&oe=6A9B703B,https://www.instagram.com/p/DcmhzwZjQj_/
Supermercado Tuiuiú,Carnes / Suína e Embutidos,Pernil Suíno kg,8.99,28/08/2026,https://scontent-bos5-1.cdninstagram.com/v/t39.30808-6/784232177_1720016766798808_2199971508535547197_n.jpg?stp=dst-jpg_e35_tt6&_nc_cat=111&ig_cache_key=Mzk3MzM0Mjg3OTgyMjMyNDE3Mg%3D%3D.3-ccb7-5&ccb=7-5&_nc_sid=58cdad&efg=eyJ2ZW5jb2RlX3RhZyI6IkNBUk9VU0VMX0lURU0ueHBpZHMuMTI1NC5zZHIucmVndWxhcl9waG90by5DMyJ9&_nc_ohc=x4aYiOQwucQQ7kNvwG7xG2y&_nc_oc=Adr4POX_os7UuBqDq0TtjV1UdTCTwTy3vBKpge9ib6tP0PmSxstO2vqEeZRdZALWDy8&_nc_ad=z-m&_nc_cid=0&_nc_zt=23&_nc_ht=scontent-bos5-1.cdninstagram.com&_nc_gid=bmLXXYJOFClGMwHlmUZfvA&_nc_ss=7a22e&oh=00_AQL7FSodjzfttZ_khYsGECV9V1NNxlF55KepY-jakyXz8g&oe=6A9B9424,https://www.instagram.com/p/DckJlYyI3Tu/
Super Compras Supermercado,Carnes / Suína e Embutidos,Pernil Suíno kg,9.99,29/08/2026,https://scontent-fra5-2.cdninstagram.com/v/t51.82787-15/787666404_18192892456391764_5631571009347207340_n.jpg?stp=dst-jpg_e35_tt6&_nc_cat=107&ig_cache_key=Mzk3NDAxMjM2OTYxNzUwODE0Ng%3D%3D.3-ccb7-5&ccb=7-5&_nc_sid=58cdad&efg=eyJ2ZW5jb2RlX3RhZyI6IkNBUk9VU0VMX0lURU0ueHBpZHMuMTQ0MC5zZHIucmVndWxhcl9waG90by5DMyJ9&_nc_ohc=YdVhHFKNO3AQ7kNvwHa8z1e&_nc_oc=AdpwMGnhVvWlN041QaQfsDzOqy-hV5b_Ifhj3ffDMCi2Xp_Hp5pbZkEgmtbUMjszaac&_nc_ad=z-m&_nc_cid=0&_nc_zt=23&_nc_ht=scontent-fra5-2.cdninstagram.com&_nc_gid=XE-WXNcIBrbBoDtt9F1rqg&_nc_ss=7a22e&oh=00_AQKpCS2P_ZDziG0QrqLwUOjOjF5ZrMbh1TYldsCI8elq9g&oe=6A9BA3DA,https://www.instagram.com/p/DcmhzwZjQj_/
Bom Jesus Primavera do Leste 🛒,Carnes / Suína e Embutidos,Pernil Suíno Ochove kg,9.99,28/08/2026,https://scontent-ams2-1.cdninstagram.com/v/t51.82787-15/786853630_18374942971237813_3112147777905981087_n.jpg?stp=dst-jpg_e35_tt6&_nc_cat=107&ig_cache_key=Mzk3Mzk3Nzc3OTE1MzU1MzcyNQ%3D%3D.3-ccb7-5&ccb=7-5&_nc_sid=58cdad&efg=eyJ2ZW5jb2RlX3RhZyI6IkNBUk9VU0VMX0lURU0ueHBpZHMuMTA4MC5zZHIucmVndWxhcl9waG90by5DMyJ9&_nc_ohc=X2aB_pDnUvgQ7kNvwG8uJH9&_nc_oc=AdpigUHsJRxjMoV1g7lQR4DbEc32Ikp2usi-5FwnwHpRZyYU1lairVlSsnYyShyrS68&_nc_ad=z-m&_nc_cid=0&_nc_zt=23&_nc_ht=scontent-ams2-1.cdninstagram.com&_nc_gid=jRI1dTb-zr9XSjXpQtgHvg&_nc_ss=7a22e&oh=00_AQLdusXZu3kwjJ8l2EnMH2edAs-4P9_1aNCp4Dgoq9u6Ag&oe=6A9BA2A4,https://www.instagram.com/p/DcmZ8cDD400/
Supermercado Tuiuiú,Carnes / Suína e Embutidos,Lombo Suíno com Osso kg,14.99,29/08/2026,https://scontent-ams2-1.cdninstagram.com/v/t51.82787-15/791045407_18582509014067900_6295115100514269558_n.jpg?stp=dst-jpg_e35_tt6&_nc_cat=101&ig_cache_key=Mzk3NDc1NDgyNzQxMDc1ODQzMA%3D%3D.3-ccb7-5&ccb=7-5&_nc_sid=58cdad&efg=eyJ2ZW5jb2RlX3RhZyI6IkNBUk9VU0VMX0lURU0ueHBpZHMuMTA4MC5zZHIucmVndWxhcl9waG90by5DMyJ9&_nc_ohc=4s6XsQUyXIQQ7kNvwHkouqb&_nc_oc=AdpJ46kK44qb2AYU_akZQ-H5pBZ2JkazP5ll4z2T6It_sskNdwZGMYDaiz4wtgszbk1etf5taYI3yzE-a6VNOKcP&_nc_ad=z-m&_nc_cid=0&_nc_zt=23&_nc_ht=scontent-ams2-1.cdninstagram.com&_nc_gid=c8hmnPOEljfLMaR3cq56Dw&_nc_ss=7a22e&oh=00_AQIwQqb-wYkDeq5fxIHg5aGA4vlOrSf0TwdVwRVlJDhizA&oe=6A9B6EBF,https://www.instagram.com/p/DcpKopsjwHG/
Supermercado Tuiuiú,Carnes / Suína e Embutidos,Linguiça Toscana Excelência kg,14.99,29/08/2026,https://scontent-ams2-1.cdninstagram.com/v/t51.82787-15/791045407_18582509014067900_6295115100514269558_n.jpg?stp=dst-jpg_e35_tt6&_nc_cat=101&ig_cache_key=Mzk3NDc1NDgyNzQxMDc1ODQzMA%3D%3D.3-ccb7-5&ccb=7-5&_nc_sid=58cdad&efg=eyJ2ZW5jb2RlX3RhZyI6IkNBUk9VU0VMX0lURU0ueHBpZHMuMTA4MC5zZHIucmVndWxhcl9waG90by5DMyJ9&_nc_ohc=4s6XsQUyXIQQ7kNvwHkouqb&_nc_oc=AdpJ46kK44qb2AYU_akZQ-H5pBZ2JkazP5ll4z2T6It_sskNdwZGMYDaiz4wtgszbk1etf5taYI3yzE-a6VNOKcP&_nc_ad=z-m&_nc_cid=0&_nc_zt=23&_nc_ht=scontent-ams2-1.cdninstagram.com&_nc_gid=c8hmnPOEljfLMaR3cq56Dw&_nc_ss=7a22e&oh=00_AQIwQqb-wYkDeq5fxIHg5aGA4vlOrSf0TwdVwRVlJDhizA&oe=6A9B6EBF,https://www.instagram.com/p/DcpKopsjwHG/
Supermercado Tuiuiú,Carnes / Suína e Embutidos,Linguiça Perdigão kg,14.99,28/08/2026,https://scontent-bos5-1.cdninstagram.com/v/t39.30808-6/784232177_1720016766798808_2199971508535547197_n.jpg?stp=dst-jpg_e35_tt6&_nc_cat=111&ig_cache_key=Mzk3MzM0Mjg3OTgyMjMyNDE3Mg%3D%3D.3-ccb7-5&ccb=7-5&_nc_sid=58cdad&efg=eyJ2ZW5jb2RlX3RhZyI6IkNBUk9VU0VMX0lURU0ueHBpZHMuMTI1NC5zZHIucmVndWxhcl9waG90by5DMyJ9&_nc_ohc=x4aYiOQwucQQ7kNvwG7xG2y&_nc_oc=Adr4POX_os7UuBqDq0TtjV1UdTCTwTy3vBKpge9ib6tP0PmSxstO2vqEeZRdZALWDy8&_nc_ad=z-m&_nc_cid=0&_nc_zt=23&_nc_ht=scontent-bos5-1.cdninstagram.com&_nc_gid=bmLXXYJOFClGMwHlmUZfvA&_nc_ss=7a22e&oh=00_AQL7FSodjzfttZ_khYsGECV9V1NNxlF55KepY-jakyXz8g&oe=6A9B9424,https://www.instagram.com/p/DckJlYyI3Tu/
Supermercado São Pedro,Carnes / Suína e Embutidos,Linguiça Toscana Excelência kg,15.99,27/08/2026,https://scontent-cdg6-1.cdninstagram.com/v/t39.30808-6/785993166_1505168978322885_7442982966970505933_n.jpg?stp=c0.0.1638.2048a_dst-jpg_e35_s1638x2048_tt6&_nc_cat=110&ig_cache_key=Mzk3MzI3Njk2ODM0NzI3MzQzNQ%3D%3D.3-ccb7-5&ccb=7-5&_nc_sid=58cdad&efg=eyJ2ZW5jb2RlX3RhZyI6IkNBUk9VU0VMX0lURU0ueHBpZHMuMTYzOS5zZHIucmVndWxhcl9waG90by5DMyJ9&_nc_ohc=5-K7ePTTbO0Q7kNvwFuHQ-K&_nc_oc=AdoojWkzKKSETbn3pr2rnz8FZnTmtAEAAyLRPC6CDsZbrPcjwgiAultevJDISc3gPmY&_nc_ad=z-m&_nc_cid=0&_nc_zt=23&_nc_ht=scontent-cdg6-1.cdninstagram.com&_nc_gid=yLPiqNBTOuIh-HMOfC0RHA&_nc_ss=7a22e&oh=00_AQJDddrliu__92MR6UZVSM-4bPxRUV5jMmXT0IazQPWWhw&oe=6A9B750E,https://www.instagram.com/p/Dcj6lyLlKpL/
Super Compras Supermercado,Carnes / Suína e Embutidos,Linguiça Perdigão kg,15.99,29/08/2026,https://scontent-fra5-1.cdninstagram.com/v/t51.82787-15/787743920_18192892438391764_3005082908538598587_n.jpg?stp=dst-jpg_e35_tt6&_nc_cat=110&ig_cache_key=Mzk3NDAxMjMzNjQ5MTI3ODEzMg%3D%3D.3-ccb7-5&ccb=7-5&_nc_sid=58cdad&efg=eyJ2ZW5jb2RlX3RhZyI6IkNBUk9VU0VMX0lURU0ueHBpZHMuMTQ0MC5zZHIucmVndWxhcl9waG90by5DMyJ9&_nc_ohc=sDvW_231DL8Q7kNvwFUd-mY&_nc_oc=AdrVs152QyDKEMVf-19X4yc6xKwJI756zpOQan9pTBPi9CT3lHvSYCvTfyK3pJyyI5g&_nc_ad=z-m&_nc_cid=0&_nc_zt=23&_nc_ht=scontent-fra5-1.cdninstagram.com&_nc_gid=XE-WXNcIBrbBoDtt9F1rqg&_nc_ss=7a22e&oh=00_AQIMMY89zBTA66ZO23Vkasl2XpURebDtLT1oO3e0lElHuw&oe=6A9B703B,https://www.instagram.com/p/DcmhzwZjQj_/
Bom Jesus Primavera do Leste 🛒,Carnes / Suína e Embutidos,Linguiça Toscana Excelência kg,15.99,28/08/2026,https://scontent-ams2-1.cdninstagram.com/v/t51.82787-15/786853630_18374942971237813_3112147777905981087_n.jpg?stp=dst-jpg_e35_tt6&_nc_cat=107&ig_cache_key=Mzk3Mzk3Nzc3OTE1MzU1MzcyNQ%3D%3D.3-ccb7-5&ccb=7-5&_nc_sid=58cdad&efg=eyJ2ZW5jb2RlX3RhZyI6IkNBUk9VU0VMX0lURU0ueHBpZHMuMTA4MC5zZHIucmVndWxhcl9waG90by5DMyJ9&_nc_ohc=X2aB_pDnUvgQ7kNvwG8uJH9&_nc_oc=AdpigUHsJRxjMoV1g7lQR4DbEc32Ikp2usi-5FwnwHpRZyYU1lairVlSsnYyShyrS68&_nc_ad=z-m&_nc_cid=0&_nc_zt=23&_nc_ht=scontent-ams2-1.cdninstagram.com&_nc_gid=jRI1dTb-zr9XSjXpQtgHvg&_nc_ss=7a22e&oh=00_AQLdusXZu3kwjJ8l2EnMH2edAs-4P9_1aNCp4Dgoq9u6Ag&oe=6A9BA2A4,https://www.instagram.com/p/DcmZ8cDD400/
Bom Jesus Primavera do Leste 🛒,Carnes / Suína e Embutidos,Linguiça Calabresa Excelência kg,19.99,28/08/2026,https://scontent-ams2-1.cdninstagram.com/v/t51.82787-15/786853630_18374942971237813_3112147777905981087_n.jpg?stp=dst-jpg_e35_tt6&_nc_cat=107&ig_cache_key=Mzk3Mzk3Nzc3OTE1MzU1MzcyNQ%3D%3D.3-ccb7-5&ccb=7-5&_nc_sid=58cdad&efg=eyJ2ZW5jb2RlX3RhZyI6IkNBUk9VU0VMX0lURU0ueHBpZHMuMTA4MC5zZHIucmVndWxhcl9waG90by5DMyJ9&_nc_ohc=X2aB_pDnUvgQ7kNvwG8uJH9&_nc_oc=AdpigUHsJRxjMoV1g7lQR4DbEc32Ikp2usi-5FwnwHpRZyYU1lairVlSsnYyShyrS68&_nc_ad=z-m&_nc_cid=0&_nc_zt=23&_nc_ht=scontent-ams2-1.cdninstagram.com&_nc_gid=jRI1dTb-zr9XSjXpQtgHvg&_nc_ss=7a22e&oh=00_AQLdusXZu3kwjJ8l2EnMH2edAs-4P9_1aNCp4Dgoq9u6Ag&oe=6A9BA2A4,https://www.instagram.com/p/DcmZ8cDD400/
Bom Jesus Primavera do Leste 🛒,Carnes / Suína e Embutidos,Presunto Cozido Excelência kg,22.99,28/08/2026,https://scontent-ams2-1.cdninstagram.com/v/t51.82787-15/788139857_18374943016237813_6095318216715939563_n.jpg?stp=dst-jpg_e35_tt6&_nc_cat=107&ig_cache_key=Mzk3Mzk3Nzc4MDcyMjI3NDY1Mg%3D%3D.3-ccb7-5&ccb=7-5&_nc_sid=58cdad&efg=eyJ2ZW5jb2RlX3RhZyI6IkNBUk9VU0VMX0lURU0ueHBpZHMuMTA4MC5zZHIucmVndWxhcl9waG90by5DMyJ9&_nc_ohc=u6RrkwcH62kQ7kNvwFsd-0U&_nc_oc=Adpihwj10u-gtE9AOlNelJ7Pcs9mJp3py1SUNkxTBlx8SqXy80_pAqE-gfvACtUV5D4&_nc_ad=z-m&_nc_cid=0&_nc_zt=23&_nc_ht=scontent-ams2-1.cdninstagram.com&_nc_gid=jRI1dTb-zr9XSjXpQtgHvg&_nc_ss=7a22e&oh=00_AQLioGgANVH1b_knfNEaQmt0mGjOFnOW8HWM1x1i8W9mOA&oe=6A9B9730,https://www.instagram.com/p/DcmZ8cDD400/
Supermercado São Pedro,Carnes / Suína e Embutidos,Presunto Excelência kg,24.99,28/08/2026,https://scontent-ord5-1.cdninstagram.com/v/t51.82787-15/785599572_18195711460382122_5575322653184498920_n.jpg?stp=dst-jpg_e35_tt6&_nc_cat=109&ig_cache_key=Mzk3MzY3MjU2OTQ3ODkxNjI0Mw%3D%3D.3-ccb7-5&ccb=7-5&_nc_sid=58cdad&efg=eyJ2ZW5jb2RlX3RhZyI6IkNBUk9VU0VMX0lURU0ueHBpZHMuMTA4MS5zZHIucmVndWxhcl9waG90by5DMyJ9&_nc_ohc=GqsGB5UTShAQ7kNvwGv8FhV&_nc_oc=AdoTUyGrk6x_HWUu6rc5f6T2wHTcl_kiYvT-O3ytIFrbVx47KipYUHyRko2d5sWuNL1Xa1hjpT5P6Z2vr8rlyGv5&_nc_ad=z-m&_nc_cid=0&_nc_zt=23&_nc_ht=scontent-ord5-1.cdninstagram.com&_nc_gid=e8yrrgwvTiB2RW3pwYsWmA&_nc_ss=7a22e&oh=00_AQJ_v0uueW5CdV0uftr1Xagj54p8HxYCHxzvUGvj9L7JVQ&oe=6A9B6ED2,https://www.instagram.com/p/DclUqI1G7TG/
Bom Jesus Primavera do Leste 🛒,Carnes / Suína e Embutidos,Mortadela Defumada Seara kg,26.99,28/08/2026,https://scontent-ams2-1.cdninstagram.com/v/t51.82787-15/788139857_18374943016237813_6095318216715939563_n.jpg?stp=dst-jpg_e35_tt6&_nc_cat=107&ig_cache_key=Mzk3Mzk3Nzc4MDcyMjI3NDY1Mg%3D%3D.3-ccb7-5&ccb=7-5&_nc_sid=58cdad&efg=eyJ2ZW5jb2RlX3RhZyI6IkNBUk9VU0VMX0lURU0ueHBpZHMuMTA4MC5zZHIucmVndWxhcl9waG90by5DMyJ9&_nc_ohc=u6RrkwcH62kQ7kNvwFsd-0U&_nc_oc=Adpihwj10u-gtE9AOlNelJ7Pcs9mJp3py1SUNkxTBlx8SqXy80_pAqE-gfvACtUV5D4&_nc_ad=z-m&_nc_cid=0&_nc_zt=23&_nc_ht=scontent-ams2-1.cdninstagram.com&_nc_gid=jRI1dTb-zr9XSjXpQtgHvg&_nc_ss=7a22e&oh=00_AQLioGgANVH1b_knfNEaQmt0mGjOFnOW8HWM1x1i8W9mOA&oe=6A9B9730,https://www.instagram.com/p/DcmZ8cDD400/
Super Compras Supermercado,Congelados e Sobremesas,Pizza Super Compras,14.99,28/08/2026,https://scontent-mxp2-1.cdninstagram.com/v/t51.82787-15/781804833_18192777268391764_1137004139144970890_n.jpg?stp=dst-jpg_e35_tt6&_nc_cat=111&ig_cache_key=Mzk3MzI5MzA5NzQ3NjE0OTUwNg%3D%3D.3-ccb7-5&ccb=7-5&_nc_sid=58cdad&efg=eyJ2ZW5jb2RlX3RhZyI6IkZFRUQueHBpZHMuMTQ0MC5zZHIucmVndWxhcl9waG90by5DMyJ9&_nc_ohc=xJdCm3CT7B8Q7kNvwHb-jfR&_nc_oc=AdodcBMjKlwVWiZhIvW5XmZWzfpyPmOCCojwyIQTKKrV3H1U6O5o_qqU1pTjbDuf8Ng&_nc_ad=z-m&_nc_cid=0&_nc_zt=23&_nc_ht=scontent-mxp2-1.cdninstagram.com&_nc_gid=PAuaovggNl_tjbDa_cPAWw&_nc_ss=7a22e&oh=00_AQKqxU64vmmz8bkqYeZCE_6iTC5Uy7UfuW_GE0I6gj4LuQ&oe=6A9B8979,https://www.instagram.com/p/Dcj-QVPk9EC/
Super Compras Supermercado,Congelados e Sobremesas,Batata Palito Sadia 2kg,26.99,29/08/2026,https://scontent-fra5-2.cdninstagram.com/v/t51.82787-15/787666404_18192892456391764_5631571009347207340_n.jpg?stp=dst-jpg_e35_tt6&_nc_cat=107&ig_cache_key=Mzk3NDAxMjM2OTYxNzUwODE0Ng%3D%3D.3-ccb7-5&ccb=7-5&_nc_sid=58cdad&efg=eyJ2ZW5jb2RlX3RhZyI6IkNBUk9VU0VMX0lURU0ueHBpZHMuMTQ0MC5zZHIucmVndWxhcl9waG90by5DMyJ9&_nc_ohc=YdVhHFKNO3AQ7kNvwHa8z1e&_nc_oc=AdpwMGnhVvWlN041QaQfsDzOqy-hV5b_Ifhj3ffDMCi2Xp_Hp5pbZkEgmtbUMjszaac&_nc_ad=z-m&_nc_cid=0&_nc_zt=23&_nc_ht=scontent-fra5-2.cdninstagram.com&_nc_gid=XE-WXNcIBrbBoDtt9F1rqg&_nc_ss=7a22e&oh=00_AQKpCS2P_ZDziG0QrqLwUOjOjF5ZrMbh1TYldsCI8elq9g&oe=6A9BA3DA,https://www.instagram.com/p/DcmhzwZjQj_/
Bom Jesus Primavera do Leste 🛒,Congelados e Sobremesas,Açaí Movida 1.5L,32.99,28/08/2026,https://scontent-ams2-1.cdninstagram.com/v/t51.82787-15/786853630_18374942971237813_3112147777905981087_n.jpg?stp=dst-jpg_e35_tt6&_nc_cat=107&ig_cache_key=Mzk3Mzk3Nzc3OTE1MzU1MzcyNQ%3D%3D.3-ccb7-5&ccb=7-5&_nc_sid=58cdad&efg=eyJ2ZW5jb2RlX3RhZyI6IkNBUk9VU0VMX0lURU0ueHBpZHMuMTA4MC5zZHIucmVndWxhcl9waG90by5DMyJ9&_nc_ohc=X2aB_pDnUvgQ7kNvwG8uJH9&_nc_oc=AdpigUHsJRxjMoV1g7lQR4DbEc32Ikp2usi-5FwnwHpRZyYU1lairVlSsnYyShyrS68&_nc_ad=z-m&_nc_cid=0&_nc_zt=23&_nc_ht=scontent-ams2-1.cdninstagram.com&_nc_gid=jRI1dTb-zr9XSjXpQtgHvg&_nc_ss=7a22e&oh=00_AQLdusXZu3kwjJ8l2EnMH2edAs-4P9_1aNCp4Dgoq9u6Ag&oe=6A9BA2A4,https://www.instagram.com/p/DcmZ8cDD400/
Bom Jesus Primavera do Leste 🛒,Higiene / Cuidados Pessoais,Sabonete em Barra Nivea 85g,2.19,28/08/2026,https://scontent-ams2-1.cdninstagram.com/v/t51.82787-15/788860531_18374942995237813_624644092953609674_n.jpg?stp=dst-jpg_e35_tt6&_nc_cat=106&ig_cache_key=Mzk3Mzk3Nzc4MjEzMTM5MTcwNQ%3D%3D.3-ccb7-5&ccb=7-5&_nc_sid=58cdad&efg=eyJ2ZW5jb2RlX3RhZyI6IkNBUk9VU0VMX0lURU0ueHBpZHMuMTA4MC5zZHIucmVndWxhcl9waG90by5DMyJ9&_nc_ohc=7IsixMbzdvIQ7kNvwFBEauc&_nc_oc=AdpH9K1QTD1BKoyG8uMa-8FTcfyQYSoEGIeCTBwl-_lQqMaQys9Z6l54LhOSWgvo7OM&_nc_ad=z-m&_nc_cid=0&_nc_zt=23&_nc_ht=scontent-ams2-1.cdninstagram.com&_nc_gid=jRI1dTb-zr9XSjXpQtgHvg&_nc_ss=7a22e&oh=00_AQLoVcKI7wLGY4VuJ1H2Nra6N-LzPXIYCLT1m60p2y_BjA&oe=6A9B994B,https://www.instagram.com/p/DcmZ8cDD400/
Supermercado São Pedro,Higiene / Cuidados Pessoais,Desodorante Aerossol Rexona Clinical 150ml,14.99,27/08/2026,https://scontent-cdg6-1.cdninstagram.com/v/t39.30808-6/785993166_1505168978322885_7442982966970505933_n.jpg?stp=c0.0.1638.2048a_dst-jpg_e35_s1638x2048_tt6&_nc_cat=110&ig_cache_key=Mzk3MzI3Njk2ODM0NzI3MzQzNQ%3D%3D.3-ccb7-5&ccb=7-5&_nc_sid=58cdad&efg=eyJ2ZW5jb2RlX3RhZyI6IkNBUk9VU0VMX0lURU0ueHBpZHMuMTYzOS5zZHIucmVndWxhcl9waG90by5DMyJ9&_nc_ohc=5-K7ePTTbO0Q7kNvwFuHQ-K&_nc_oc=AdoojWkzKKSETbn3pr2rnz8FZnTmtAEAAyLRPC6CDsZbrPcjwgiAultevJDISc3gPmY&_nc_ad=z-m&_nc_cid=0&_nc_zt=23&_nc_ht=scontent-cdg6-1.cdninstagram.com&_nc_gid=yLPiqNBTOuIh-HMOfC0RHA&_nc_ss=7a22e&oh=00_AQJDddrliu__92MR6UZVSM-4bPxRUV5jMmXT0IazQPWWhw&oe=6A9B750E,https://www.instagram.com/p/Dcj6lyLlKpL/
Bom Jesus Primavera do Leste 🛒,Higiene / Cuidados Pessoais,Shampoo Dove 190ml,15.99,27/08/2026,https://scontent-waw2-2.cdninstagram.com/v/t51.82787-15/787993259_18374687005237813_4471412213431393234_n.jpg?stp=dst-jpg_e35_tt6&_nc_cat=103&ig_cache_key=Mzk3Mjk0NzA1MzQ4MTkxNTUyNQ%3D%3D.3-ccb7-5&ccb=7-5&_nc_sid=58cdad&efg=eyJ2ZW5jb2RlX3RhZyI6IkZFRUQueHBpZHMuMTM1MC5zZHIucmVndWxhcl9waG90by5DMiJ9&_nc_ohc=wXQuivYivwoQ7kNvwF5p2cf&_nc_oc=Adp3MSbyZehCFwdta6zm_tXItUO2pegdDIvgfFlHWTKABO666j2qAdtrqjyj5LhrRQw&_nc_ad=z-m&_nc_cid=0&_nc_zt=23&_nc_ht=scontent-waw2-2.cdninstagram.com&_nc_gid=7Km_DVQKuLCEV1bZQdj17Q&_nc_ss=7a22e&oh=00_AQK5367QoveN8qbXyMCLvHnuYZq_N4YPlwy-xmxEobdwdA&oe=6A9B8EEE,https://www.instagram.com/p/DcivkuqOXSF/
Bom Jesus Primavera do Leste 🛒,Higiene / Cuidados Pessoais,Desodorante Aerosol Dove 150ml,17.99,27/08/2026,https://scontent-waw2-2.cdninstagram.com/v/t51.82787-15/787993259_18374687005237813_4471412213431393234_n.jpg?stp=dst-jpg_e35_tt6&_nc_cat=103&ig_cache_key=Mzk3Mjk0NzA1MzQ4MTkxNTUyNQ%3D%3D.3-ccb7-5&ccb=7-5&_nc_sid=58cdad&efg=eyJ2ZW5jb2RlX3RhZyI6IkZFRUQueHBpZHMuMTM1MC5zZHIucmVndWxhcl9waG90by5DMiJ9&_nc_ohc=wXQuivYivwoQ7kNvwF5p2cf&_nc_oc=Adp3MSbyZehCFwdta6zm_tXItUO2pegdDIvgfFlHWTKABO666j2qAdtrqjyj5LhrRQw&_nc_ad=z-m&_nc_cid=0&_nc_zt=23&_nc_ht=scontent-waw2-2.cdninstagram.com&_nc_gid=7Km_DVQKuLCEV1bZQdj17Q&_nc_ss=7a22e&oh=00_AQK5367QoveN8qbXyMCLvHnuYZq_N4YPlwy-xmxEobdwdA&oe=6A9B8EEE,https://www.instagram.com/p/DcivkuqOXSF/
Bom Jesus Primavera do Leste 🛒,Higiene / Cuidados Pessoais,Condicionador Dove 190ml,22.99,27/08/2026,https://scontent-waw2-2.cdninstagram.com/v/t51.82787-15/787993259_18374687005237813_4471412213431393234_n.jpg?stp=dst-jpg_e35_tt6&_nc_cat=103&ig_cache_key=Mzk3Mjk0NzA1MzQ4MTkxNTUyNQ%3D%3D.3-ccb7-5&ccb=7-5&_nc_sid=58cdad&efg=eyJ2ZW5jb2RlX3RhZyI6IkZFRUQueHBpZHMuMTM1MC5zZHIucmVndWxhcl9waG90by5DMiJ9&_nc_ohc=wXQuivYivwoQ7kNvwF5p2cf&_nc_oc=Adp3MSbyZehCFwdta6zm_tXItUO2pegdDIvgfFlHWTKABO666j2qAdtrqjyj5LhrRQw&_nc_ad=z-m&_nc_cid=0&_nc_zt=23&_nc_ht=scontent-waw2-2.cdninstagram.com&_nc_gid=7Km_DVQKuLCEV1bZQdj17Q&_nc_ss=7a22e&oh=00_AQK5367QoveN8qbXyMCLvHnuYZq_N4YPlwy-xmxEobdwdA&oe=6A9B8EEE,https://www.instagram.com/p/DcivkuqOXSF/
Bom Jesus Primavera do Leste 🛒,Higiene / Cuidados Pessoais,Kit Shampoo Elseve 375ml + Condicionador 175ml,27.99,28/08/2026,https://scontent-ams2-1.cdninstagram.com/v/t51.82787-15/788860531_18374942995237813_624644092953609674_n.jpg?stp=dst-jpg_e35_tt6&_nc_cat=106&ig_cache_key=Mzk3Mzk3Nzc4MjEzMTM5MTcwNQ%3D%3D.3-ccb7-5&ccb=7-5&_nc_sid=58cdad&efg=eyJ2ZW5jb2RlX3RhZyI6IkNBUk9VU0VMX0lURU0ueHBpZHMuMTA4MC5zZHIucmVndWxhcl9waG90by5DMyJ9&_nc_ohc=7IsixMbzdvIQ7kNvwFBEauc&_nc_oc=AdpH9K1QTD1BKoyG8uMa-8FTcfyQYSoEGIeCTBwl-_lQqMaQys9Z6l54LhOSWgvo7OM&_nc_ad=z-m&_nc_cid=0&_nc_zt=23&_nc_ht=scontent-ams2-1.cdninstagram.com&_nc_gid=jRI1dTb-zr9XSjXpQtgHvg&_nc_ss=7a22e&oh=00_AQLoVcKI7wLGY4VuJ1H2Nra6N-LzPXIYCLT1m60p2y_BjA&oe=6A9B994B,https://www.instagram.com/p/DcmZ8cDD400/
Bom Jesus Primavera do Leste 🛒,Higiene / Cuidados Pessoais,Fralda Huggies Tripla Proteção Mega,36.99,28/08/2026,https://scontent-ams2-1.cdninstagram.com/v/t51.82787-15/788860531_18374942995237813_624644092953609674_n.jpg?stp=dst-jpg_e35_tt6&_nc_cat=106&ig_cache_key=Mzk3Mzk3Nzc4MjEzMTM5MTcwNQ%3D%3D.3-ccb7-5&ccb=7-5&_nc_sid=58cdad&efg=eyJ2ZW5jb2RlX3RhZyI6IkNBUk9VU0VMX0lURU0ueHBpZHMuMTA4MC5zZHIucmVndWxhcl9waG90by5DMyJ9&_nc_ohc=7IsixMbzdvIQ7kNvwFBEauc&_nc_oc=AdpH9K1QTD1BKoyG8uMa-8FTcfyQYSoEGIeCTBwl-_lQqMaQys9Z6l54LhOSWgvo7OM&_nc_ad=z-m&_nc_cid=0&_nc_zt=23&_nc_ht=scontent-ams2-1.cdninstagram.com&_nc_gid=jRI1dTb-zr9XSjXpQtgHvg&_nc_ss=7a22e&oh=00_AQLoVcKI7wLGY4VuJ1H2Nra6N-LzPXIYCLT1m60p2y_BjA&oe=6A9B994B,https://www.instagram.com/p/DcmZ8cDD400/
Supermercado Tuiuiú,Higiene / Papelaria,Papel Higiênico Duetto 12 Rolos,15.99,28/08/2026,https://scontent-bos5-1.cdninstagram.com/v/t39.30808-6/782169170_1720016740132144_6974904276998945912_n.jpg?stp=dst-jpg_e35_tt6&_nc_cat=105&ig_cache_key=Mzk3MzM0Mjg3OTk5ODQ4MTkyMA%3D%3D.3-ccb7-5&ccb=7-5&_nc_sid=58cdad&efg=eyJ2ZW5jb2RlX3RhZyI6IkNBUk9VU0VMX0lURU0ueHBpZHMuMTI1NC5zZHIucmVndWxhcl9waG90by5DMyJ9&_nc_ohc=q-Z25NrUeboQ7kNvwHqS5sq&_nc_oc=Ado8ZisoxMJdNr2XXrSPHfie9hA4T1REfPpsoEskvp3ykgA6l0ci8XJNl__Mnr1g-Nc&_nc_ad=z-m&_nc_cid=0&_nc_zt=23&_nc_ht=scontent-bos5-1.cdninstagram.com&_nc_gid=bmLXXYJOFClGMwHlmUZfvA&_nc_ss=7a22e&oh=00_AQIIXLtKqVSb-WgFz2G5Ghcv79S983g7ZdBr9Ee-1dirQA&oe=6A9B7709,https://www.instagram.com/p/DckJlYyI3Tu/
Supermercado São Pedro,Higiene / Papelaria,Papel Higiênico Duetto Folha Dupla 12 Rolos 30m,16.99,27/08/2026,https://scontent-cdg6-1.cdninstagram.com/v/t39.30808-6/785993166_1505168978322885_7442982966970505933_n.jpg?stp=c0.0.1638.2048a_dst-jpg_e35_s1638x2048_tt6&_nc_cat=110&ig_cache_key=Mzk3MzI3Njk2ODM0NzI3MzQzNQ%3D%3D.3-ccb7-5&ccb=7-5&_nc_sid=58cdad&efg=eyJ2ZW5jb2RlX3RhZyI6IkNBUk9VU0VMX0lURU0ueHBpZHMuMTYzOS5zZHIucmVndWxhcl9waG90by5DMyJ9&_nc_ohc=5-K7ePTTbO0Q7kNvwFuHQ-K&_nc_oc=AdoojWkzKKSETbn3pr2rnz8FZnTmtAEAAyLRPC6CDsZbrPcjwgiAultevJDISc3gPmY&_nc_ad=z-m&_nc_cid=0&_nc_zt=23&_nc_ht=scontent-cdg6-1.cdninstagram.com&_nc_gid=yLPiqNBTOuIh-HMOfC0RHA&_nc_ss=7a22e&oh=00_AQJDddrliu__92MR6UZVSM-4bPxRUV5jMmXT0IazQPWWhw&oe=6A9B750E,https://www.instagram.com/p/Dcj6lyLlKpL/
Machadão Atacadista,Higiene / Papelaria,Papel Higiênico Duetto Folha Dupla 30m 24 Rolos,37.99,31/08/2026,https://instagram.fmel5-1.fna.fbcdn.net/v/t39.30808-6/785365107_1362151536004804_2436712632418186403_n.jpg?stp=dst-jpg_e35_tt6&_nc_cat=102&ig_cache_key=Mzk3NTQ4NzAyMDU1MDAxMDIxMA%3D%3D.3-ccb7-5&ccb=7-5&_nc_sid=58cdad&efg=eyJ2ZW5jb2RlX3RhZyI6IkNBUk9VU0VMX0lURU0ueHBpZHMuMTA4MC5zZHIucmVndWxhcl9waG90by5DMyJ9&_nc_ohc=r9vPLYgKGq0Q7kNvwECFSxy&_nc_oc=AdoTDINt3mufybeSG7Dmw9WWuIYhlhyDYfeRnM6z4HtC-6FwMrQ43kszss5Lb-oRBjQ&_nc_ad=z-m&_nc_cid=0&_nc_zt=23&_nc_ht=instagram.fmel5-1.fna&_nc_gid=Qk_94HUhvzOUfFEqa-fMKg&_nc_ss=7a22e&oh=00_AQLYobgC8UaYKMzqnmx7KO9KiaaaYY6qkbq9zuKwWOPMXA&oe=6A9BA329,https://www.instagram.com/p/DcrxGX5j8V3/
Bom Jesus Primavera do Leste 🛒,Hortifruti / Ovos,Alho Nacional 100g,2.49,31/08/2026,https://instagram.fvlc6-1.fna.fbcdn.net/v/t51.82787-15/789959440_18375342295237813_1330432405373791908_n.jpg?stp=dst-jpg_e35_tt6&_nc_cat=106&ig_cache_key=Mzk3NTgyNzIxNzYyMjY1MTcwMQ%3D%3D.3-ccb7-5&ccb=7-5&_nc_sid=58cdad&efg=eyJ2ZW5jb2RlX3RhZyI6IkNBUk9VU0VMX0lURU0ueHBpZHMuMTA4MC5zZHIucmVndWxhcl9waG90by5DMyJ9&_nc_ohc=jvVGAyriU-QQ7kNvwHwOB64&_nc_oc=AdqYI4BXVKDYY08LpV5lEwpBbSn2T_zDniCw-e-8bHmnsoJGuMaiiETXXUimcCZYUws&_nc_ad=z-m&_nc_cid=1022&_nc_zt=23&_nc_ht=instagram.fvlc6-1.fna&_nc_gid=0Z_2hOxHJkvd5v7BRwbI5g&_nc_ss=7a22e&oh=00_AQKGX2e7_hx-JRw8isQ6KYRv_-aYiEFlktji192OG7S1cw&oe=6A9B749F,https://www.instagram.com/p/Dcs-drSFpzk/
Supermercado São Pedro,Hortifruti / Ovos,Laranja un,2.89,30/08/2026,https://scontent-lga3-1.cdninstagram.com/v/t39.30808-6/785363261_1506829171490199_3564182439088120420_n.jpg?stp=dst-jpg_e35_tt6&_nc_cat=103&ig_cache_key=Mzk3NTM5MTQwMjA4NzE3ODI1NA%3D%3D.3-ccb7-5&ccb=7-5&_nc_sid=58cdad&efg=eyJ2ZW5jb2RlX3RhZyI6IkZFRUQueHBpZHMuMTYzOS5zZHIucmVndWxhcl9waG90by5DMyJ9&_nc_ohc=caKO3ASNVSIQ7kNvwFwJczB&_nc_oc=AdoW1_D1gK-cNSJy0bVw8IevlsElwFeJHKytbOLKYvlw4JdZAYWOoHl1ybmZUkzksj7NYYwLDl_cuXaHyivWWnjj&_nc_ad=z-m&_nc_cid=0&_nc_zt=23&_nc_ht=scontent-lga3-1.cdninstagram.com&_nc_gid=cKrKculQkyt1l8gvmfZJFg&_nc_ss=7a22e&oh=00_AQJyKhSq_Md-chFxjBj-JeyIAufxz4nY5-yBeUIcYDLUKQ&oe=6A9B96FF,https://www.instagram.com/p/DcrbWrsjGAO/
Super Compras Supermercado,Hortifruti / Ovos,Laranja kg,2.89,31/08/2026,https://scontent-cdg4-1.cdninstagram.com/v/t51.82787-15/790058600_18193115956391764_8827572755741076576_n.jpg?stp=dst-jpg_e35_tt6&_nc_cat=104&ig_cache_key=Mzk3NTQ2MjIwNjUyNzY2NTkwOQ%3D%3D.3-ccb7-5&ccb=7-5&_nc_sid=58cdad&efg=eyJ2ZW5jb2RlX3RhZyI6IkNBUk9VU0VMX0lURU0ueHBpZHMuMTQ0MC5zZHIucmVndWxhcl9waG90by5DMyJ9&_nc_ohc=lYb2blGkLh4Q7kNvwGmz9Za&_nc_oc=AdpXVQPyI0JV-X0zyCZBmc94wg3MaU5dfg3UFy5oRtk-OBUSrvbF1jxj2QY7fbYmxEaD-cx_Kbbk3SD3Q4he59k7&_nc_ad=z-m&_nc_cid=0&_nc_zt=23&_nc_ht=scontent-cdg4-1.cdninstagram.com&_nc_gid=OJoajgHHc593TCu2NktQWw&_nc_ss=7a22e&oh=00_AQKH7RWqN5H_Fk5SYfVuuI30iGs1WiZ_JpPr2YQ_2g6EMA&oe=6A9BA2B6,https://www.instagram.com/p/DcrreFFEorJ/
Machadão Atacadista,Hortifruti / Ovos,Melancia Inteira kg,2.98,31/08/2026,https://scontent-fra5-1.cdninstagram.com/v/t39.30808-6/786828902_1362153686004589_2767377144369527529_n.jpg?stp=dst-jpg_e35_tt6&_nc_cat=102&ig_cache_key=Mzk3NTQ4NDUyMzMyODE1NzczMQ%3D%3D.3-ccb7-5&ccb=7-5&_nc_sid=58cdad&efg=eyJ2ZW5jb2RlX3RhZyI6IkNBUk9VU0VMX0lURU0ueHBpZHMuMTYzOC5zZHIucmVndWxhcl9waG90by5DMyJ9&_nc_ohc=YTJVhLZkNPkQ7kNvwGSJqPm&_nc_oc=Ado-lQC3GSTW0TgXUhWCqqKGYlzv6AzbpY1_9Eyg3OscEjJwrgm55q0e4Xm-xxh6qZBPDgcI7Qsg7_YYAHL3GHiQ&_nc_ad=z-m&_nc_cid=0&_nc_zt=23&_nc_ht=scontent-fra5-1.cdninstagram.com&_nc_gid=kfo5m96Gf15gzW47dkXZxQ&_nc_ss=7a22e&oh=00_AQLPz27CD97mc-9tJsY1L3FgGe7X3OYR5E2b8-6bAKFv8w&oe=6A9B70B9,https://www.instagram.com/p/Dcrwh-ziUeh/
Super Compras Supermercado,Hortifruti / Ovos,Melancia kg,2.99,31/08/2026,https://scontent-cdg4-1.cdninstagram.com/v/t51.82787-15/790058600_18193115956391764_8827572755741076576_n.jpg?stp=dst-jpg_e35_tt6&_nc_cat=104&ig_cache_key=Mzk3NTQ2MjIwNjUyNzY2NTkwOQ%3D%3D.3-ccb7-5&ccb=7-5&_nc_sid=58cdad&efg=eyJ2ZW5jb2RlX3RhZyI6IkNBUk9VU0VMX0lURU0ueHBpZHMuMTQ0MC5zZHIucmVndWxhcl9waG90by5DMyJ9&_nc_ohc=lYb2blGkLh4Q7kNvwGmz9Za&_nc_oc=AdpXVQPyI0JV-X0zyCZBmc94wg3MaU5dfg3UFy5oRtk-OBUSrvbF1jxj2QY7fbYmxEaD-cx_Kbbk3SD3Q4he59k7&_nc_ad=z-m&_nc_cid=0&_nc_zt=23&_nc_ht=scontent-cdg4-1.cdninstagram.com&_nc_gid=OJoajgHHc593TCu2NktQWw&_nc_ss=7a22e&oh=00_AQKH7RWqN5H_Fk5SYfVuuI30iGs1WiZ_JpPr2YQ_2g6EMA&oe=6A9BA2B6,https://www.instagram.com/p/DcrreFFEorJ/
Bom Jesus Primavera do Leste 🛒,Hortifruti / Ovos,Laranja Nacional kg,2.99,31/08/2026,https://instagram.fvlc6-1.fna.fbcdn.net/v/t51.82787-15/790113394_18375342289237813_7246427130316640513_n.jpg?stp=dst-jpg_e35_tt6&_nc_cat=106&ig_cache_key=Mzk3NTgyNzIxNzI3MDIwNjY3Mg%3D%3D.3-ccb7-5&ccb=7-5&_nc_sid=58cdad&efg=eyJ2ZW5jb2RlX3RhZyI6IkNBUk9VU0VMX0lURU0ueHBpZHMuMTA4MC5zZHIucmVndWxhcl9waG90by5DMyJ9&_nc_ohc=S_BEWTxSEHYQ7kNvwHaOP5i&_nc_oc=Adq6ZWKgJUJUSuR730U8bBea5MIEurP_odr1OOU87L2crYC9mv8BedbEz1jpI7pvkG8&_nc_ad=z-m&_nc_cid=1022&_nc_zt=23&_nc_ht=instagram.fvlc6-1.fna&_nc_gid=0Z_2hOxHJkvd5v7BRwbI5g&_nc_ss=7a22e&oh=00_AQJn1po231fPT9ltKQ0ok3ibBDcnIF5_W2ix3iAg3V1_Mw&oe=6A9BA08F,https://www.instagram.com/p/Dcs-drSFpzk/
Machadão Atacadista,Hortifruti / Ovos,Laranja Pera kg,2.99,31/08/2026,https://scontent-fra5-1.cdninstagram.com/v/t39.30808-6/786828902_1362153686004589_2767377144369527529_n.jpg?stp=dst-jpg_e35_tt6&_nc_cat=102&ig_cache_key=Mzk3NTQ4NDUyMzMyODE1NzczMQ%3D%3D.3-ccb7-5&ccb=7-5&_nc_sid=58cdad&efg=eyJ2ZW5jb2RlX3RhZyI6IkNBUk9VU0VMX0lURU0ueHBpZHMuMTYzOC5zZHIucmVndWxhcl9waG90by5DMyJ9&_nc_ohc=YTJVhLZkNPkQ7kNvwGSJqPm&_nc_oc=Ado-lQC3GSTW0TgXUhWCqqKGYlzv6AzbpY1_9Eyg3OscEjJwrgm55q0e4Xm-xxh6qZBPDgcI7Qsg7_YYAHL3GHiQ&_nc_ad=z-m&_nc_cid=0&_nc_zt=23&_nc_ht=scontent-fra5-1.cdninstagram.com&_nc_gid=kfo5m96Gf15gzW47dkXZxQ&_nc_ss=7a22e&oh=00_AQLPz27CD97mc-9tJsY1L3FgGe7X3OYR5E2b8-6bAKFv8w&oe=6A9B70B9,https://www.instagram.com/p/Dcrwh-ziUeh/
Supermercado São Pedro,Hortifruti / Ovos,Banana Nanica kg,3.79,30/08/2026,https://scontent-lga3-1.cdninstagram.com/v/t39.30808-6/785363261_1506829171490199_3564182439088120420_n.jpg?stp=dst-jpg_e35_tt6&_nc_cat=103&ig_cache_key=Mzk3NTM5MTQwMjA4NzE3ODI1NA%3D%3D.3-ccb7-5&ccb=7-5&_nc_sid=58cdad&efg=eyJ2ZW5jb2RlX3RhZyI6IkZFRUQueHBpZHMuMTYzOS5zZHIucmVndWxhcl9waG90by5DMyJ9&_nc_ohc=caKO3ASNVSIQ7kNvwFwJczB&_nc_oc=AdoW1_D1gK-cNSJy0bVw8IevlsElwFeJHKytbOLKYvlw4JdZAYWOoHl1ybmZUkzksj7NYYwLDl_cuXaHyivWWnjj&_nc_ad=z-m&_nc_cid=0&_nc_zt=23&_nc_ht=scontent-lga3-1.cdninstagram.com&_nc_gid=cKrKculQkyt1l8gvmfZJFg&_nc_ss=7a22e&oh=00_AQJyKhSq_Md-chFxjBj-JeyIAufxz4nY5-yBeUIcYDLUKQ&oe=6A9B96FF,https://www.instagram.com/p/DcrbWrsjGAO/
Supermercado São Pedro,Hortifruti / Ovos,Cebola kg,3.99,30/08/2026,https://scontent-lga3-1.cdninstagram.com/v/t39.30808-6/785363261_1506829171490199_3564182439088120420_n.jpg?stp=dst-jpg_e35_tt6&_nc_cat=103&ig_cache_key=Mzk3NTM5MTQwMjA4NzE3ODI1NA%3D%3D.3-ccb7-5&ccb=7-5&_nc_sid=58cdad&efg=eyJ2ZW5jb2RlX3RhZyI6IkZFRUQueHBpZHMuMTYzOS5zZHIucmVndWxhcl9waG90by5DMyJ9&_nc_ohc=caKO3ASNVSIQ7kNvwFwJczB&_nc_oc=AdoW1_D1gK-cNSJy0bVw8IevlsElwFeJHKytbOLKYvlw4JdZAYWOoHl1ybmZUkzksj7NYYwLDl_cuXaHyivWWnjj&_nc_ad=z-m&_nc_cid=0&_nc_zt=23&_nc_ht=scontent-lga3-1.cdninstagram.com&_nc_gid=cKrKculQkyt1l8gvmfZJFg&_nc_ss=7a22e&oh=00_AQJyKhSq_Md-chFxjBj-JeyIAufxz4nY5-yBeUIcYDLUKQ&oe=6A9B96FF,https://www.instagram.com/p/DcrbWrsjGAO/
Supermercado São Pedro,Hortifruti / Ovos,Cebola kg,3.99,28/08/2026,https://scontent-ord5-1.cdninstagram.com/v/t51.82787-15/785599572_18195711460382122_5575322653184498920_n.jpg?stp=dst-jpg_e35_tt6&_nc_cat=109&ig_cache_key=Mzk3MzY3MjU2OTQ3ODkxNjI0Mw%3D%3D.3-ccb7-5&ccb=7-5&_nc_sid=58cdad&efg=eyJ2ZW5jb2RlX3RhZyI6IkNBUk9VU0VMX0lURU0ueHBpZHMuMTA4MS5zZHIucmVndWxhcl9waG90by5DMyJ9&_nc_ohc=GqsGB5UTShAQ7kNvwGv8FhV&_nc_oc=AdoTUyGrk6x_HWUu6rc5f6T2wHTcl_kiYvT-O3ytIFrbVx47KipYUHyRko2d5sWuNL1Xa1hjpT5P6Z2vr8rlyGv5&_nc_ad=z-m&_nc_cid=0&_nc_zt=23&_nc_ht=scontent-ord5-1.cdninstagram.com&_nc_gid=e8yrrgwvTiB2RW3pwYsWmA&_nc_ss=7a22e&oh=00_AQJ_v0uueW5CdV0uftr1Xagj54p8HxYCHxzvUGvj9L7JVQ&oe=6A9B6ED2,https://www.instagram.com/p/DclUqI1G7TG/
Super Compras Supermercado,Hortifruti / Ovos,Banana Nanica kg,3.99,31/08/2026,https://scontent-cdg6-1.cdninstagram.com/v/t51.82787-15/791974186_18193115938391764_5859732845031236442_n.jpg?stp=dst-jpg_e35_tt6&_nc_cat=105&ig_cache_key=Mzk3NTQ2MjE2MTk0MjIyOTY3Mg%3D%3D.3-ccb7-5&ccb=7-5&_nc_sid=58cdad&efg=eyJ2ZW5jb2RlX3RhZyI6IkNBUk9VU0VMX0lURU0ueHBpZHMuMTQ0MC5zZHIucmVndWxhcl9waG90by5DMyJ9&_nc_ohc=nzcZ4VRfyfMQ7kNvwHlUecV&_nc_oc=AdoDpzccQT_CRgfCO6U14HiEYyiByabnmNVK51dOCu43Hoi56T5dZJF32jeqL2cOH4xs2DEWWS6hNm1HlevCiDgj&_nc_ad=z-m&_nc_cid=0&_nc_zt=23&_nc_ht=scontent-cdg6-1.cdninstagram.com&_nc_gid=OJoajgHHc593TCu2NktQWw&_nc_ss=7a22e&oh=00_AQIByuI4N9Eh3WnAxBULUmrjbTjDc60A4epdtf64WiGfZA&oe=6A9B7076,https://www.instagram.com/p/DcrreFFEorJ/
Machadão Atacadista,Hortifruti / Ovos,Batata Doce kg,4.69,31/08/2026,https://scontent-fra5-1.cdninstagram.com/v/t39.30808-6/786828902_1362153686004589_2767377144369527529_n.jpg?stp=dst-jpg_e35_tt6&_nc_cat=102&ig_cache_key=Mzk3NTQ4NDUyMzMyODE1NzczMQ%3D%3D.3-ccb7-5&ccb=7-5&_nc_sid=58cdad&efg=eyJ2ZW5jb2RlX3RhZyI6IkNBUk9VU0VMX0lURU0ueHBpZHMuMTYzOC5zZHIucmVndWxhcl9waG90by5DMyJ9&_nc_ohc=YTJVhLZkNPkQ7kNvwGSJqPm&_nc_oc=Ado-lQC3GSTW0TgXUhWCqqKGYlzv6AzbpY1_9Eyg3OscEjJwrgm55q0e4Xm-xxh6qZBPDgcI7Qsg7_YYAHL3GHiQ&_nc_ad=z-m&_nc_cid=0&_nc_zt=23&_nc_ht=scontent-fra5-1.cdninstagram.com&_nc_gid=kfo5m96Gf15gzW47dkXZxQ&_nc_ss=7a22e&oh=00_AQLPz27CD97mc-9tJsY1L3FgGe7X3OYR5E2b8-6bAKFv8w&oe=6A9B70B9,https://www.instagram.com/p/Dcrwh-ziUeh/
Super Compras Supermercado,Hortifruti / Ovos,Batata kg,4.89,31/08/2026,https://scontent-cdg4-1.cdninstagram.com/v/t51.82787-15/790058600_18193115956391764_8827572755741076576_n.jpg?stp=dst-jpg_e35_tt6&_nc_cat=104&ig_cache_key=Mzk3NTQ2MjIwNjUyNzY2NTkwOQ%3D%3D.3-ccb7-5&ccb=7-5&_nc_sid=58cdad&efg=eyJ2ZW5jb2RlX3RhZyI6IkNBUk9VU0VMX0lURU0ueHBpZHMuMTQ0MC5zZHIucmVndWxhcl9waG90by5DMyJ9&_nc_ohc=lYb2blGkLh4Q7kNvwGmz9Za&_nc_oc=AdpXVQPyI0JV-X0zyCZBmc94wg3MaU5dfg3UFy5oRtk-OBUSrvbF1jxj2QY7fbYmxEaD-cx_Kbbk3SD3Q4he59k7&_nc_ad=z-m&_nc_cid=0&_nc_zt=23&_nc_ht=scontent-cdg4-1.cdninstagram.com&_nc_gid=OJoajgHHc593TCu2NktQWw&_nc_ss=7a22e&oh=00_AQKH7RWqN5H_Fk5SYfVuuI30iGs1WiZ_JpPr2YQ_2g6EMA&oe=6A9BA2B6,https://www.instagram.com/p/DcrreFFEorJ/
Super Compras Supermercado,Hortifruti / Ovos,Abacate kg,4.99,31/08/2026,https://scontent-cdg4-1.cdninstagram.com/v/t51.82787-15/790058600_18193115956391764_8827572755741076576_n.jpg?stp=dst-jpg_e35_tt6&_nc_cat=104&ig_cache_key=Mzk3NTQ2MjIwNjUyNzY2NTkwOQ%3D%3D.3-ccb7-5&ccb=7-5&_nc_sid=58cdad&efg=eyJ2ZW5jb2RlX3RhZyI6IkNBUk9VU0VMX0lURU0ueHBpZHMuMTQ0MC5zZHIucmVndWxhcl9waG90by5DMyJ9&_nc_ohc=lYb2blGkLh4Q7kNvwGmz9Za&_nc_oc=AdpXVQPyI0JV-X0zyCZBmc94wg3MaU5dfg3UFy5oRtk-OBUSrvbF1jxj2QY7fbYmxEaD-cx_Kbbk3SD3Q4he59k7&_nc_ad=z-m&_nc_cid=0&_nc_zt=23&_nc_ht=scontent-cdg4-1.cdninstagram.com&_nc_gid=OJoajgHHc593TCu2NktQWw&_nc_ss=7a22e&oh=00_AQKH7RWqN5H_Fk5SYfVuuI30iGs1WiZ_JpPr2YQ_2g6EMA&oe=6A9BA2B6,https://www.instagram.com/p/DcrreFFEorJ/
Bom Jesus Primavera do Leste 🛒,Hortifruti / Ovos,Batata Doce kg,4.99,31/08/2026,https://instagram.fvlc6-1.fna.fbcdn.net/v/t51.82787-15/789959440_18375342295237813_1330432405373791908_n.jpg?stp=dst-jpg_e35_tt6&_nc_cat=106&ig_cache_key=Mzk3NTgyNzIxNzYyMjY1MTcwMQ%3D%3D.3-ccb7-5&ccb=7-5&_nc_sid=58cdad&efg=eyJ2ZW5jb2RlX3RhZyI6IkNBUk9VU0VMX0lURU0ueHBpZHMuMTA4MC5zZHIucmVndWxhcl9waG90by5DMyJ9&_nc_ohc=jvVGAyriU-QQ7kNvwHwOB64&_nc_oc=AdqYI4BXVKDYY08LpV5lEwpBbSn2T_zDniCw-e-8bHmnsoJGuMaiiETXXUimcCZYUws&_nc_ad=z-m&_nc_cid=1022&_nc_zt=23&_nc_ht=instagram.fvlc6-1.fna&_nc_gid=0Z_2hOxHJkvd5v7BRwbI5g&_nc_ss=7a22e&oh=00_AQKGX2e7_hx-JRw8isQ6KYRv_-aYiEFlktji192OG7S1cw&oe=6A9B749F,https://www.instagram.com/p/Dcs-drSFpzk/
Bom Jesus Primavera do Leste 🛒,Hortifruti / Ovos,Abacate kg,4.99,31/08/2026,https://instagram.fvlc6-1.fna.fbcdn.net/v/t51.82787-15/790113394_18375342289237813_7246427130316640513_n.jpg?stp=dst-jpg_e35_tt6&_nc_cat=106&ig_cache_key=Mzk3NTgyNzIxNzI3MDIwNjY3Mg%3D%3D.3-ccb7-5&ccb=7-5&_nc_sid=58cdad&efg=eyJ2ZW5jb2RlX3RhZyI6IkNBUk9VU0VMX0lURU0ueHBpZHMuMTA4MC5zZHIucmVndWxhcl9waG90by5DMyJ9&_nc_ohc=S_BEWTxSEHYQ7kNvwHaOP5i&_nc_oc=Adq6ZWKgJUJUSuR730U8bBea5MIEurP_odr1OOU87L2crYC9mv8BedbEz1jpI7pvkG8&_nc_ad=z-m&_nc_cid=1022&_nc_zt=23&_nc_ht=instagram.fvlc6-1.fna&_nc_gid=0Z_2hOxHJkvd5v7BRwbI5g&_nc_ss=7a22e&oh=00_AQJn1po231fPT9ltKQ0ok3ibBDcnIF5_W2ix3iAg3V1_Mw&oe=6A9BA08F,https://www.instagram.com/p/Dcs-drSFpzk/
Bom Jesus Primavera do Leste 🛒,Hortifruti / Ovos,Banana Nanica kg,4.99,31/08/2026,https://instagram.fvlc6-1.fna.fbcdn.net/v/t51.82787-15/790113394_18375342289237813_7246427130316640513_n.jpg?stp=dst-jpg_e35_tt6&_nc_cat=106&ig_cache_key=Mzk3NTgyNzIxNzI3MDIwNjY3Mg%3D%3D.3-ccb7-5&ccb=7-5&_nc_sid=58cdad&efg=eyJ2ZW5jb2RlX3RhZyI6IkNBUk9VU0VMX0lURU0ueHBpZHMuMTA4MC5zZHIucmVndWxhcl9waG90by5DMyJ9&_nc_ohc=S_BEWTxSEHYQ7kNvwHaOP5i&_nc_oc=Adq6ZWKgJUJUSuR730U8bBea5MIEurP_odr1OOU87L2crYC9mv8BedbEz1jpI7pvkG8&_nc_ad=z-m&_nc_cid=1022&_nc_zt=23&_nc_ht=instagram.fvlc6-1.fna&_nc_gid=0Z_2hOxHJkvd5v7BRwbI5g&_nc_ss=7a22e&oh=00_AQJn1po231fPT9ltKQ0ok3ibBDcnIF5_W2ix3iAg3V1_Mw&oe=6A9BA08F,https://www.instagram.com/p/Dcs-drSFpzk/
Supermercado São Pedro,Hortifruti / Ovos,Tomate kg,5.39,28/08/2026,https://scontent-ord5-1.cdninstagram.com/v/t51.82787-15/785599572_18195711460382122_5575322653184498920_n.jpg?stp=dst-jpg_e35_tt6&_nc_cat=109&ig_cache_key=Mzk3MzY3MjU2OTQ3ODkxNjI0Mw%3D%3D.3-ccb7-5&ccb=7-5&_nc_sid=58cdad&efg=eyJ2ZW5jb2RlX3RhZyI6IkNBUk9VU0VMX0lURU0ueHBpZHMuMTA4MS5zZHIucmVndWxhcl9waG90by5DMyJ9&_nc_ohc=GqsGB5UTShAQ7kNvwGv8FhV&_nc_oc=AdoTUyGrk6x_HWUu6rc5f6T2wHTcl_kiYvT-O3ytIFrbVx47KipYUHyRko2d5sWuNL1Xa1hjpT5P6Z2vr8rlyGv5&_nc_ad=z-m&_nc_cid=0&_nc_zt=23&_nc_ht=scontent-ord5-1.cdninstagram.com&_nc_gid=e8yrrgwvTiB2RW3pwYsWmA&_nc_ss=7a22e&oh=00_AQJ_v0uueW5CdV0uftr1Xagj54p8HxYCHxzvUGvj9L7JVQ&oe=6A9B6ED2,https://www.instagram.com/p/DclUqI1G7TG/
Machadão Atacadista,Hortifruti / Ovos,Cebola Graúda kg,5.49,31/08/2026,https://scontent-fra5-1.cdninstagram.com/v/t39.30808-6/786828902_1362153686004589_2767377144369527529_n.jpg?stp=dst-jpg_e35_tt6&_nc_cat=102&ig_cache_key=Mzk3NTQ4NDUyMzMyODE1NzczMQ%3D%3D.3-ccb7-5&ccb=7-5&_nc_sid=58cdad&efg=eyJ2ZW5jb2RlX3RhZyI6IkNBUk9VU0VMX0lURU0ueHBpZHMuMTYzOC5zZHIucmVndWxhcl9waG90by5DMyJ9&_nc_ohc=YTJVhLZkNPkQ7kNvwGSJqPm&_nc_oc=Ado-lQC3GSTW0TgXUhWCqqKGYlzv6AzbpY1_9Eyg3OscEjJwrgm55q0e4Xm-xxh6qZBPDgcI7Qsg7_YYAHL3GHiQ&_nc_ad=z-m&_nc_cid=0&_nc_zt=23&_nc_ht=scontent-fra5-1.cdninstagram.com&_nc_gid=kfo5m96Gf15gzW47dkXZxQ&_nc_ss=7a22e&oh=00_AQLPz27CD97mc-9tJsY1L3FgGe7X3OYR5E2b8-6bAKFv8w&oe=6A9B70B9,https://www.instagram.com/p/Dcrwh-ziUeh/
Supermercado São Pedro,Hortifruti / Ovos,Uva Vitória kg,5.59,30/08/2026,https://scontent-lga3-1.cdninstagram.com/v/t39.30808-6/785363261_1506829171490199_3564182439088120420_n.jpg?stp=dst-jpg_e35_tt6&_nc_cat=103&ig_cache_key=Mzk3NTM5MTQwMjA4NzE3ODI1NA%3D%3D.3-ccb7-5&ccb=7-5&_nc_sid=58cdad&efg=eyJ2ZW5jb2RlX3RhZyI6IkZFRUQueHBpZHMuMTYzOS5zZHIucmVndWxhcl9waG90by5DMyJ9&_nc_ohc=caKO3ASNVSIQ7kNvwFwJczB&_nc_oc=AdoW1_D1gK-cNSJy0bVw8IevlsElwFeJHKytbOLKYvlw4JdZAYWOoHl1ybmZUkzksj7NYYwLDl_cuXaHyivWWnjj&_nc_ad=z-m&_nc_cid=0&_nc_zt=23&_nc_ht=scontent-lga3-1.cdninstagram.com&_nc_gid=cKrKculQkyt1l8gvmfZJFg&_nc_ss=7a22e&oh=00_AQJyKhSq_Md-chFxjBj-JeyIAufxz4nY5-yBeUIcYDLUKQ&oe=6A9B96FF,https://www.instagram.com/p/DcrbWrsjGAO/
Super Compras Supermercado,Hortifruti / Ovos,Cenoura kg,5.89,31/08/2026,https://scontent-cdg4-1.cdninstagram.com/v/t51.82787-15/790058600_18193115956391764_8827572755741076576_n.jpg?stp=dst-jpg_e35_tt6&_nc_cat=104&ig_cache_key=Mzk3NTQ2MjIwNjUyNzY2NTkwOQ%3D%3D.3-ccb7-5&ccb=7-5&_nc_sid=58cdad&efg=eyJ2ZW5jb2RlX3RhZyI6IkNBUk9VU0VMX0lURU0ueHBpZHMuMTQ0MC5zZHIucmVndWxhcl9waG90by5DMyJ9&_nc_ohc=lYb2blGkLh4Q7kNvwGmz9Za&_nc_oc=AdpXVQPyI0JV-X0zyCZBmc94wg3MaU5dfg3UFy5oRtk-OBUSrvbF1jxj2QY7fbYmxEaD-cx_Kbbk3SD3Q4he59k7&_nc_ad=z-m&_nc_cid=0&_nc_zt=23&_nc_ht=scontent-cdg4-1.cdninstagram.com&_nc_gid=OJoajgHHc593TCu2NktQWw&_nc_ss=7a22e&oh=00_AQKH7RWqN5H_Fk5SYfVuuI30iGs1WiZ_JpPr2YQ_2g6EMA&oe=6A9BA2B6,https://www.instagram.com/p/DcrreFFEorJ/
Super Compras Supermercado,Hortifruti / Ovos,Mamão kg,5.99,31/08/2026,https://scontent-cdg6-1.cdninstagram.com/v/t51.82787-15/791974186_18193115938391764_5859732845031236442_n.jpg?stp=dst-jpg_e35_tt6&_nc_cat=105&ig_cache_key=Mzk3NTQ2MjE2MTk0MjIyOTY3Mg%3D%3D.3-ccb7-5&ccb=7-5&_nc_sid=58cdad&efg=eyJ2ZW5jb2RlX3RhZyI6IkNBUk9VU0VMX0lURU0ueHBpZHMuMTQ0MC5zZHIucmVndWxhcl9waG90by5DMyJ9&_nc_ohc=nzcZ4VRfyfMQ7kNvwHlUecV&_nc_oc=AdoDpzccQT_CRgfCO6U14HiEYyiByabnmNVK51dOCu43Hoi56T5dZJF32jeqL2cOH4xs2DEWWS6hNm1HlevCiDgj&_nc_ad=z-m&_nc_cid=0&_nc_zt=23&_nc_ht=scontent-cdg6-1.cdninstagram.com&_nc_gid=OJoajgHHc593TCu2NktQWw&_nc_ss=7a22e&oh=00_AQIByuI4N9Eh3WnAxBULUmrjbTjDc60A4epdtf64WiGfZA&oe=6A9B7076,https://www.instagram.com/p/DcrreFFEorJ/
Super Compras Supermercado,Hortifruti / Ovos,Maçã Nacional kg,5.99,31/08/2026,https://scontent-cdg6-1.cdninstagram.com/v/t51.82787-15/791974186_18193115938391764_5859732845031236442_n.jpg?stp=dst-jpg_e35_tt6&_nc_cat=105&ig_cache_key=Mzk3NTQ2MjE2MTk0MjIyOTY3Mg%3D%3D.3-ccb7-5&ccb=7-5&_nc_sid=58cdad&efg=eyJ2ZW5jb2RlX3RhZyI6IkNBUk9VU0VMX0lURU0ueHBpZHMuMTQ0MC5zZHIucmVndWxhcl9waG90by5DMyJ9&_nc_ohc=nzcZ4VRfyfMQ7kNvwHlUecV&_nc_oc=AdoDpzccQT_CRgfCO6U14HiEYyiByabnmNVK51dOCu43Hoi56T5dZJF32jeqL2cOH4xs2DEWWS6hNm1HlevCiDgj&_nc_ad=z-m&_nc_cid=0&_nc_zt=23&_nc_ht=scontent-cdg6-1.cdninstagram.com&_nc_gid=OJoajgHHc593TCu2NktQWw&_nc_ss=7a22e&oh=00_AQIByuI4N9Eh3WnAxBULUmrjbTjDc60A4epdtf64WiGfZA&oe=6A9B7076,https://www.instagram.com/p/DcrreFFEorJ/
Bom Jesus Primavera do Leste 🛒,Hortifruti / Ovos,Cebola Nacional kg,5.99,31/08/2026,https://instagram.fvlc6-1.fna.fbcdn.net/v/t51.82787-15/789959440_18375342295237813_1330432405373791908_n.jpg?stp=dst-jpg_e35_tt6&_nc_cat=106&ig_cache_key=Mzk3NTgyNzIxNzYyMjY1MTcwMQ%3D%3D.3-ccb7-5&ccb=7-5&_nc_sid=58cdad&efg=eyJ2ZW5jb2RlX3RhZyI6IkNBUk9VU0VMX0lURU0ueHBpZHMuMTA4MC5zZHIucmVndWxhcl9waG90by5DMyJ9&_nc_ohc=jvVGAyriU-QQ7kNvwHwOB64&_nc_oc=AdqYI4BXVKDYY08LpV5lEwpBbSn2T_zDniCw-e-8bHmnsoJGuMaiiETXXUimcCZYUws&_nc_ad=z-m&_nc_cid=1022&_nc_zt=23&_nc_ht=instagram.fvlc6-1.fna&_nc_gid=0Z_2hOxHJkvd5v7BRwbI5g&_nc_ss=7a22e&oh=00_AQKGX2e7_hx-JRw8isQ6KYRv_-aYiEFlktji192OG7S1cw&oe=6A9B749F,https://www.instagram.com/p/Dcs-drSFpzk/
Bom Jesus Primavera do Leste 🛒,Hortifruti / Ovos,Cenoura kg,5.99,31/08/2026,https://instagram.fvlc6-2.fna.fbcdn.net/v/t51.82787-15/789347696_18375342277237813_6064801299202853606_n.jpg?stp=dst-jpg_e35_tt6&_nc_cat=107&ig_cache_key=Mzk3NTgyNzIxNjQ0NzcwODI2Nw%3D%3D.3-ccb7-5&ccb=7-5&_nc_sid=58cdad&efg=eyJ2ZW5jb2RlX3RhZyI6IkNBUk9VU0VMX0lURU0ueHBpZHMuMTA4MC5zZHIucmVndWxhcl9waG90by5DMyJ9&_nc_ohc=c74JiQWLpb8Q7kNvwHYeIUo&_nc_oc=Adpgk3QdkNwXFwFq_sUHmDCNtpRcjYQxg-crmbBiNohlj09kqKIB-JN537F59yH3YtY&_nc_ad=z-m&_nc_cid=1022&_nc_zt=23&_nc_ht=instagram.fvlc6-2.fna&_nc_gid=0Z_2hOxHJkvd5v7BRwbI5g&_nc_ss=7a22e&oh=00_AQK3ca2SX3w6oFUijY6RdgE7WWL2RrhNip7Gi_TOyj73aA&oe=6A9B8A5E,https://www.instagram.com/p/Dcs-drSFpzk/
Super Compras Supermercado,Hortifruti / Ovos,Melão kg,6.89,31/08/2026,https://scontent-cdg4-1.cdninstagram.com/v/t51.82787-15/790058600_18193115956391764_8827572755741076576_n.jpg?stp=dst-jpg_e35_tt6&_nc_cat=104&ig_cache_key=Mzk3NTQ2MjIwNjUyNzY2NTkwOQ%3D%3D.3-ccb7-5&ccb=7-5&_nc_sid=58cdad&efg=eyJ2ZW5jb2RlX3RhZyI6IkNBUk9VU0VMX0lURU0ueHBpZHMuMTQ0MC5zZHIucmVndWxhcl9waG90by5DMyJ9&_nc_ohc=lYb2blGkLh4Q7kNvwGmz9Za&_nc_oc=AdpXVQPyI0JV-X0zyCZBmc94wg3MaU5dfg3UFy5oRtk-OBUSrvbF1jxj2QY7fbYmxEaD-cx_Kbbk3SD3Q4he59k7&_nc_ad=z-m&_nc_cid=0&_nc_zt=23&_nc_ht=scontent-cdg4-1.cdninstagram.com&_nc_gid=OJoajgHHc593TCu2NktQWw&_nc_ss=7a22e&oh=00_AQKH7RWqN5H_Fk5SYfVuuI30iGs1WiZ_JpPr2YQ_2g6EMA&oe=6A9BA2B6,https://www.instagram.com/p/DcrreFFEorJ/
Bom Jesus Primavera do Leste 🛒,Hortifruti / Ovos,Mamão Formoso kg,6.99,31/08/2026,https://instagram.fvlc6-1.fna.fbcdn.net/v/t51.82787-15/790113394_18375342289237813_7246427130316640513_n.jpg?stp=dst-jpg_e35_tt6&_nc_cat=106&ig_cache_key=Mzk3NTgyNzIxNzI3MDIwNjY3Mg%3D%3D.3-ccb7-5&ccb=7-5&_nc_sid=58cdad&efg=eyJ2ZW5jb2RlX3RhZyI6IkNBUk9VU0VMX0lURU0ueHBpZHMuMTA4MC5zZHIucmVndWxhcl9waG90by5DMyJ9&_nc_ohc=S_BEWTxSEHYQ7kNvwHaOP5i&_nc_oc=Adq6ZWKgJUJUSuR730U8bBea5MIEurP_odr1OOU87L2crYC9mv8BedbEz1jpI7pvkG8&_nc_ad=z-m&_nc_cid=1022&_nc_zt=23&_nc_ht=instagram.fvlc6-1.fna&_nc_gid=0Z_2hOxHJkvd5v7BRwbI5g&_nc_ss=7a22e&oh=00_AQJn1po231fPT9ltKQ0ok3ibBDcnIF5_W2ix3iAg3V1_Mw&oe=6A9BA08F,https://www.instagram.com/p/Dcs-drSFpzk/
Super Compras Supermercado,Hortifruti / Ovos,Tomate kg,7.99,31/08/2026,https://scontent-cdg6-1.cdninstagram.com/v/t51.82787-15/791974186_18193115938391764_5859732845031236442_n.jpg?stp=dst-jpg_e35_tt6&_nc_cat=105&ig_cache_key=Mzk3NTQ2MjE2MTk0MjIyOTY3Mg%3D%3D.3-ccb7-5&ccb=7-5&_nc_sid=58cdad&efg=eyJ2ZW5jb2RlX3RhZyI6IkNBUk9VU0VMX0lURU0ueHBpZHMuMTQ0MC5zZHIucmVndWxhcl9waG90by5DMyJ9&_nc_ohc=nzcZ4VRfyfMQ7kNvwHlUecV&_nc_oc=AdoDpzccQT_CRgfCO6U14HiEYyiByabnmNVK51dOCu43Hoi56T5dZJF32jeqL2cOH4xs2DEWWS6hNm1HlevCiDgj&_nc_ad=z-m&_nc_cid=0&_nc_zt=23&_nc_ht=scontent-cdg6-1.cdninstagram.com&_nc_gid=OJoajgHHc593TCu2NktQWw&_nc_ss=7a22e&oh=00_AQIByuI4N9Eh3WnAxBULUmrjbTjDc60A4epdtf64WiGfZA&oe=6A9B7076,https://www.instagram.com/p/DcrreFFEorJ/
Supermercado São Pedro,Hortifruti / Ovos,Maçã Fuji un,8.29,30/08/2026,https://scontent-lga3-1.cdninstagram.com/v/t39.30808-6/785363261_1506829171490199_3564182439088120420_n.jpg?stp=dst-jpg_e35_tt6&_nc_cat=103&ig_cache_key=Mzk3NTM5MTQwMjA4NzE3ODI1NA%3D%3D.3-ccb7-5&ccb=7-5&_nc_sid=58cdad&efg=eyJ2ZW5jb2RlX3RhZyI6IkZFRUQueHBpZHMuMTYzOS5zZHIucmVndWxhcl9waG90by5DMyJ9&_nc_ohc=caKO3ASNVSIQ7kNvwFwJczB&_nc_oc=AdoW1_D1gK-cNSJy0bVw8IevlsElwFeJHKytbOLKYvlw4JdZAYWOoHl1ybmZUkzksj7NYYwLDl_cuXaHyivWWnjj&_nc_ad=z-m&_nc_cid=0&_nc_zt=23&_nc_ht=scontent-lga3-1.cdninstagram.com&_nc_gid=cKrKculQkyt1l8gvmfZJFg&_nc_ss=7a22e&oh=00_AQJyKhSq_Md-chFxjBj-JeyIAufxz4nY5-yBeUIcYDLUKQ&oe=6A9B96FF,https://www.instagram.com/p/DcrbWrsjGAO/
Bom Jesus Primavera do Leste 🛒,Hortifruti / Ovos,Tomate kg,8.99,31/08/2026,https://instagram.fvlc6-1.fna.fbcdn.net/v/t51.82787-15/790113394_18375342289237813_7246427130316640513_n.jpg?stp=dst-jpg_e35_tt6&_nc_cat=106&ig_cache_key=Mzk3NTgyNzIxNzI3MDIwNjY3Mg%3D%3D.3-ccb7-5&ccb=7-5&_nc_sid=58cdad&efg=eyJ2ZW5jb2RlX3RhZyI6IkNBUk9VU0VMX0lURU0ueHBpZHMuMTA4MC5zZHIucmVndWxhcl9waG90by5DMyJ9&_nc_ohc=S_BEWTxSEHYQ7kNvwHaOP5i&_nc_oc=Adq6ZWKgJUJUSuR730U8bBea5MIEurP_odr1OOU87L2crYC9mv8BedbEz1jpI7pvkG8&_nc_ad=z-m&_nc_cid=1022&_nc_zt=23&_nc_ht=instagram.fvlc6-1.fna&_nc_gid=0Z_2hOxHJkvd5v7BRwbI5g&_nc_ss=7a22e&oh=00_AQJn1po231fPT9ltKQ0ok3ibBDcnIF5_W2ix3iAg3V1_Mw&oe=6A9BA08F,https://www.instagram.com/p/Dcs-drSFpzk/
Bom Jesus Primavera do Leste 🛒,Hortifruti / Ovos,Uva Vitória Isis 500g,8.99,31/08/2026,https://instagram.fvlc6-1.fna.fbcdn.net/v/t51.82787-15/790113394_18375342289237813_7246427130316640513_n.jpg?stp=dst-jpg_e35_tt6&_nc_cat=106&ig_cache_key=Mzk3NTgyNzIxNzI3MDIwNjY3Mg%3D%3D.3-ccb7-5&ccb=7-5&_nc_sid=58cdad&efg=eyJ2ZW5jb2RlX3RhZyI6IkNBUk9VU0VMX0lURU0ueHBpZHMuMTA4MC5zZHIucmVndWxhcl9waG90by5DMyJ9&_nc_ohc=S_BEWTxSEHYQ7kNvwHaOP5i&_nc_oc=Adq6ZWKgJUJUSuR730U8bBea5MIEurP_odr1OOU87L2crYC9mv8BedbEz1jpI7pvkG8&_nc_ad=z-m&_nc_cid=1022&_nc_zt=23&_nc_ht=instagram.fvlc6-1.fna&_nc_gid=0Z_2hOxHJkvd5v7BRwbI5g&_nc_ss=7a22e&oh=00_AQJn1po231fPT9ltKQ0ok3ibBDcnIF5_W2ix3iAg3V1_Mw&oe=6A9BA08F,https://www.instagram.com/p/Dcs-drSFpzk/
Machadão Atacadista,Hortifruti / Ovos,Maçã Gala Graúda kg,9.98,31/08/2026,https://scontent-fra5-1.cdninstagram.com/v/t39.30808-6/786828902_1362153686004589_2767377144369527529_n.jpg?stp=dst-jpg_e35_tt6&_nc_cat=102&ig_cache_key=Mzk3NTQ4NDUyMzMyODE1NzczMQ%3D%3D.3-ccb7-5&ccb=7-5&_nc_sid=58cdad&efg=eyJ2ZW5jb2RlX3RhZyI6IkNBUk9VU0VMX0lURU0ueHBpZHMuMTYzOC5zZHIucmVndWxhcl9waG90by5DMyJ9&_nc_ohc=YTJVhLZkNPkQ7kNvwGSJqPm&_nc_oc=Ado-lQC3GSTW0TgXUhWCqqKGYlzv6AzbpY1_9Eyg3OscEjJwrgm55q0e4Xm-xxh6qZBPDgcI7Qsg7_YYAHL3GHiQ&_nc_ad=z-m&_nc_cid=0&_nc_zt=23&_nc_ht=scontent-fra5-1.cdninstagram.com&_nc_gid=kfo5m96Gf15gzW47dkXZxQ&_nc_ss=7a22e&oh=00_AQLPz27CD97mc-9tJsY1L3FgGe7X3OYR5E2b8-6bAKFv8w&oe=6A9B70B9,https://www.instagram.com/p/Dcrwh-ziUeh/
Supermercado São Pedro,Hortifruti / Ovos,Ovos Mantiqueira 20un,10.79,30/08/2026,https://scontent-lga3-1.cdninstagram.com/v/t39.30808-6/785363261_1506829171490199_3564182439088120420_n.jpg?stp=dst-jpg_e35_tt6&_nc_cat=103&ig_cache_key=Mzk3NTM5MTQwMjA4NzE3ODI1NA%3D%3D.3-ccb7-5&ccb=7-5&_nc_sid=58cdad&efg=eyJ2ZW5jb2RlX3RhZyI6IkZFRUQueHBpZHMuMTYzOS5zZHIucmVndWxhcl9waG90by5DMyJ9&_nc_ohc=caKO3ASNVSIQ7kNvwFwJczB&_nc_oc=AdoW1_D1gK-cNSJy0bVw8IevlsElwFeJHKytbOLKYvlw4JdZAYWOoHl1ybmZUkzksj7NYYwLDl_cuXaHyivWWnjj&_nc_ad=z-m&_nc_cid=0&_nc_zt=23&_nc_ht=scontent-lga3-1.cdninstagram.com&_nc_gid=cKrKculQkyt1l8gvmfZJFg&_nc_ss=7a22e&oh=00_AQJyKhSq_Md-chFxjBj-JeyIAufxz4nY5-yBeUIcYDLUKQ&oe=6A9B96FF,https://www.instagram.com/p/DcrbWrsjGAO/
Supermercado Tuiuiú,Hortifruti / Ovos,Ovos Brancos 30un,11.99,28/08/2026,https://scontent-bos5-1.cdninstagram.com/v/t39.30808-6/777867278_1720016746798810_8968857745876573698_n.jpg?stp=dst-jpg_e35_tt6&_nc_cat=108&ig_cache_key=Mzk3MzM0Mjg3ODY1NjMwNjQwOQ%3D%3D.3-ccb7-5&ccb=7-5&_nc_sid=58cdad&efg=eyJ2ZW5jb2RlX3RhZyI6IkNBUk9VU0VMX0lURU0ueHBpZHMuMTI1NC5zZHIucmVndWxhcl9waG90by5DMyJ9&_nc_ohc=7pvC346oZEwQ7kNvwGtBk0w&_nc_oc=AdoRYkJAoR6WiYUO8Q_0v1UjpwcYIK9MNQqWkHyPjJ8WrGIoWH8FCAOptrMnXI7DtLM&_nc_ad=z-m&_nc_cid=0&_nc_zt=23&_nc_ht=scontent-bos5-1.cdninstagram.com&_nc_gid=bmLXXYJOFClGMwHlmUZfvA&_nc_ss=7a22e&oh=00_AQIl2JzNPhpM02uWq7s6e73jd1zxEMDZJMtBSojuyoFbKQ&oe=6A9BA009,https://www.instagram.com/p/DckJlYyI3Tu/
Super Compras Supermercado,Hortifruti / Ovos,Alho kg,14.99,29/08/2026,https://scontent-fra5-1.cdninstagram.com/v/t51.82787-15/787743920_18192892438391764_3005082908538598587_n.jpg?stp=dst-jpg_e35_tt6&_nc_cat=110&ig_cache_key=Mzk3NDAxMjMzNjQ5MTI3ODEzMg%3D%3D.3-ccb7-5&ccb=7-5&_nc_sid=58cdad&efg=eyJ2ZW5jb2RlX3RhZyI6IkNBUk9VU0VMX0lURU0ueHBpZHMuMTQ0MC5zZHIucmVndWxhcl9waG90by5DMyJ9&_nc_ohc=sDvW_231DL8Q7kNvwFUd-mY&_nc_oc=AdrVs152QyDKEMVf-19X4yc6xKwJI756zpOQan9pTBPi9CT3lHvSYCvTfyK3pJyyI5g&_nc_ad=z-m&_nc_cid=0&_nc_zt=23&_nc_ht=scontent-fra5-1.cdninstagram.com&_nc_gid=XE-WXNcIBrbBoDtt9F1rqg&_nc_ss=7a22e&oh=00_AQIMMY89zBTA66ZO23Vkasl2XpURebDtLT1oO3e0lElHuw&oe=6A9B703B,https://www.instagram.com/p/DcmhzwZjQj_/
Machadão Atacadista,Hortifruti / Ovos,Uva Brasil kg,16.9,31/08/2026,https://scontent-fra5-1.cdninstagram.com/v/t39.30808-6/786828902_1362153686004589_2767377144369527529_n.jpg?stp=dst-jpg_e35_tt6&_nc_cat=102&ig_cache_key=Mzk3NTQ4NDUyMzMyODE1NzczMQ%3D%3D.3-ccb7-5&ccb=7-5&_nc_sid=58cdad&efg=eyJ2ZW5jb2RlX3RhZyI6IkNBUk9VU0VMX0lURU0ueHBpZHMuMTYzOC5zZHIucmVndWxhcl9waG90by5DMyJ9&_nc_ohc=YTJVhLZkNPkQ7kNvwGSJqPm&_nc_oc=Ado-lQC3GSTW0TgXUhWCqqKGYlzv6AzbpY1_9Eyg3OscEjJwrgm55q0e4Xm-xxh6qZBPDgcI7Qsg7_YYAHL3GHiQ&_nc_ad=z-m&_nc_cid=0&_nc_zt=23&_nc_ht=scontent-fra5-1.cdninstagram.com&_nc_gid=kfo5m96Gf15gzW47dkXZxQ&_nc_ss=7a22e&oh=00_AQLPz27CD97mc-9tJsY1L3FgGe7X3OYR5E2b8-6bAKFv8w&oe=6A9B70B9,https://www.instagram.com/p/Dcrwh-ziUeh/
Machadão Atacadista,Hortifruti / Ovos,Alho Nº6kg,17.99,31/08/2026,https://scontent-fra5-1.cdninstagram.com/v/t39.30808-6/786828902_1362153686004589_2767377144369527529_n.jpg?stp=dst-jpg_e35_tt6&_nc_cat=102&ig_cache_key=Mzk3NTQ4NDUyMzMyODE1NzczMQ%3D%3D.3-ccb7-5&ccb=7-5&_nc_sid=58cdad&efg=eyJ2ZW5jb2RlX3RhZyI6IkNBUk9VU0VMX0lURU0ueHBpZHMuMTYzOC5zZHIucmVndWxhcl9waG90by5DMyJ9&_nc_ohc=YTJVhLZkNPkQ7kNvwGSJqPm&_nc_oc=Ado-lQC3GSTW0TgXUhWCqqKGYlzv6AzbpY1_9Eyg3OscEjJwrgm55q0e4Xm-xxh6qZBPDgcI7Qsg7_YYAHL3GHiQ&_nc_ad=z-m&_nc_cid=0&_nc_zt=23&_nc_ht=scontent-fra5-1.cdninstagram.com&_nc_gid=kfo5m96Gf15gzW47dkXZxQ&_nc_ss=7a22e&oh=00_AQLPz27CD97mc-9tJsY1L3FgGe7X3OYR5E2b8-6bAKFv8w&oe=6A9B70B9,https://www.instagram.com/p/Dcrwh-ziUeh/
Supermercado São Pedro,Hortifruti / Ovos,Batata Sadia 2kg,27.49,28/08/2026,https://scontent-ord5-1.cdninstagram.com/v/t51.82787-15/785599572_18195711460382122_5575322653184498920_n.jpg?stp=dst-jpg_e35_tt6&_nc_cat=109&ig_cache_key=Mzk3MzY3MjU2OTQ3ODkxNjI0Mw%3D%3D.3-ccb7-5&ccb=7-5&_nc_sid=58cdad&efg=eyJ2ZW5jb2RlX3RhZyI6IkNBUk9VU0VMX0lURU0ueHBpZHMuMTA4MS5zZHIucmVndWxhcl9waG90by5DMyJ9&_nc_ohc=GqsGB5UTShAQ7kNvwGv8FhV&_nc_oc=AdoTUyGrk6x_HWUu6rc5f6T2wHTcl_kiYvT-O3ytIFrbVx47KipYUHyRko2d5sWuNL1Xa1hjpT5P6Z2vr8rlyGv5&_nc_ad=z-m&_nc_cid=0&_nc_zt=23&_nc_ht=scontent-ord5-1.cdninstagram.com&_nc_gid=e8yrrgwvTiB2RW3pwYsWmA&_nc_ss=7a22e&oh=00_AQJ_v0uueW5CdV0uftr1Xagj54p8HxYCHxzvUGvj9L7JVQ&oe=6A9B6ED2,https://www.instagram.com/p/DclUqI1G7TG/
Machadão Atacadista,Hortifruti / Ovos,Laranja Pera Saco 20kg,58.99,31/08/2026,https://scontent-fra5-1.cdninstagram.com/v/t39.30808-6/786828902_1362153686004589_2767377144369527529_n.jpg?stp=dst-jpg_e35_tt6&_nc_cat=102&ig_cache_key=Mzk3NTQ4NDUyMzMyODE1NzczMQ%3D%3D.3-ccb7-5&ccb=7-5&_nc_sid=58cdad&efg=eyJ2ZW5jb2RlX3RhZyI6IkNBUk9VU0VMX0lURU0ueHBpZHMuMTYzOC5zZHIucmVndWxhcl9waG90by5DMyJ9&_nc_ohc=YTJVhLZkNPkQ7kNvwGSJqPm&_nc_oc=Ado-lQC3GSTW0TgXUhWCqqKGYlzv6AzbpY1_9Eyg3OscEjJwrgm55q0e4Xm-xxh6qZBPDgcI7Qsg7_YYAHL3GHiQ&_nc_ad=z-m&_nc_cid=0&_nc_zt=23&_nc_ht=scontent-fra5-1.cdninstagram.com&_nc_gid=kfo5m96Gf15gzW47dkXZxQ&_nc_ss=7a22e&oh=00_AQLPz27CD97mc-9tJsY1L3FgGe7X3OYR5E2b8-6bAKFv8w&oe=6A9B70B9,https://www.instagram.com/p/Dcrwh-ziUeh/
Machadão Atacadista,Hortifruti / Ovos,Batata Doce Caixa 19kg,82.9,31/08/2026,https://scontent-fra5-1.cdninstagram.com/v/t39.30808-6/786828902_1362153686004589_2767377144369527529_n.jpg?stp=dst-jpg_e35_tt6&_nc_cat=102&ig_cache_key=Mzk3NTQ4NDUyMzMyODE1NzczMQ%3D%3D.3-ccb7-5&ccb=7-5&_nc_sid=58cdad&efg=eyJ2ZW5jb2RlX3RhZyI6IkNBUk9VU0VMX0lURU0ueHBpZHMuMTYzOC5zZHIucmVndWxhcl9waG90by5DMyJ9&_nc_ohc=YTJVhLZkNPkQ7kNvwGSJqPm&_nc_oc=Ado-lQC3GSTW0TgXUhWCqqKGYlzv6AzbpY1_9Eyg3OscEjJwrgm55q0e4Xm-xxh6qZBPDgcI7Qsg7_YYAHL3GHiQ&_nc_ad=z-m&_nc_cid=0&_nc_zt=23&_nc_ht=scontent-fra5-1.cdninstagram.com&_nc_gid=kfo5m96Gf15gzW47dkXZxQ&_nc_ss=7a22e&oh=00_AQLPz27CD97mc-9tJsY1L3FgGe7X3OYR5E2b8-6bAKFv8w&oe=6A9B70B9,https://www.instagram.com/p/Dcrwh-ziUeh/
Machadão Atacadista,Hortifruti / Ovos,Cebola Graúda Saco 20kg,108.9,31/08/2026,https://scontent-fra5-1.cdninstagram.com/v/t39.30808-6/786828902_1362153686004589_2767377144369527529_n.jpg?stp=dst-jpg_e35_tt6&_nc_cat=102&ig_cache_key=Mzk3NTQ4NDUyMzMyODE1NzczMQ%3D%3D.3-ccb7-5&ccb=7-5&_nc_sid=58cdad&efg=eyJ2ZW5jb2RlX3RhZyI6IkNBUk9VU0VMX0lURU0ueHBpZHMuMTYzOC5zZHIucmVndWxhcl9waG90by5DMyJ9&_nc_ohc=YTJVhLZkNPkQ7kNvwGSJqPm&_nc_oc=Ado-lQC3GSTW0TgXUhWCqqKGYlzv6AzbpY1_9Eyg3OscEjJwrgm55q0e4Xm-xxh6qZBPDgcI7Qsg7_YYAHL3GHiQ&_nc_ad=z-m&_nc_cid=0&_nc_zt=23&_nc_ht=scontent-fra5-1.cdninstagram.com&_nc_gid=kfo5m96Gf15gzW47dkXZxQ&_nc_ss=7a22e&oh=00_AQLPz27CD97mc-9tJsY1L3FgGe7X3OYR5E2b8-6bAKFv8w&oe=6A9B70B9,https://www.instagram.com/p/Dcrwh-ziUeh/
Machadão Atacadista,Hortifruti / Ovos,Uva Brasil Caixa 7kg,117.9,31/08/2026,https://scontent-fra5-1.cdninstagram.com/v/t39.30808-6/786828902_1362153686004589_2767377144369527529_n.jpg?stp=dst-jpg_e35_tt6&_nc_cat=102&ig_cache_key=Mzk3NTQ4NDUyMzMyODE1NzczMQ%3D%3D.3-ccb7-5&ccb=7-5&_nc_sid=58cdad&efg=eyJ2ZW5jb2RlX3RhZyI6IkNBUk9VU0VMX0lURU0ueHBpZHMuMTYzOC5zZHIucmVndWxhcl9waG90by5DMyJ9&_nc_ohc=YTJVhLZkNPkQ7kNvwGSJqPm&_nc_oc=Ado-lQC3GSTW0TgXUhWCqqKGYlzv6AzbpY1_9Eyg3OscEjJwrgm55q0e4Xm-xxh6qZBPDgcI7Qsg7_YYAHL3GHiQ&_nc_ad=z-m&_nc_cid=0&_nc_zt=23&_nc_ht=scontent-fra5-1.cdninstagram.com&_nc_gid=kfo5m96Gf15gzW47dkXZxQ&_nc_ss=7a22e&oh=00_AQLPz27CD97mc-9tJsY1L3FgGe7X3OYR5E2b8-6bAKFv8w&oe=6A9B70B9,https://www.instagram.com/p/Dcrwh-ziUeh/
Machadão Atacadista,Hortifruti / Ovos,Maçã Gala Graúda Caixa 18kg,172.9,31/08/2026,https://scontent-fra5-1.cdninstagram.com/v/t39.30808-6/786828902_1362153686004589_2767377144369527529_n.jpg?stp=dst-jpg_e35_tt6&_nc_cat=102&ig_cache_key=Mzk3NTQ4NDUyMzMyODE1NzczMQ%3D%3D.3-ccb7-5&ccb=7-5&_nc_sid=58cdad&efg=eyJ2ZW5jb2RlX3RhZyI6IkNBUk9VU0VMX0lURU0ueHBpZHMuMTYzOC5zZHIucmVndWxhcl9waG90by5DMyJ9&_nc_ohc=YTJVhLZkNPkQ7kNvwGSJqPm&_nc_oc=Ado-lQC3GSTW0TgXUhWCqqKGYlzv6AzbpY1_9Eyg3OscEjJwrgm55q0e4Xm-xxh6qZBPDgcI7Qsg7_YYAHL3GHiQ&_nc_ad=z-m&_nc_cid=0&_nc_zt=23&_nc_ht=scontent-fra5-1.cdninstagram.com&_nc_gid=kfo5m96Gf15gzW47dkXZxQ&_nc_ss=7a22e&oh=00_AQLPz27CD97mc-9tJsY1L3FgGe7X3OYR5E2b8-6bAKFv8w&oe=6A9B70B9,https://www.instagram.com/p/Dcrwh-ziUeh/
Machadão Atacadista,Hortifruti / Ovos,Alho Nº6 Caixa 10kg,179.9,31/08/2026,https://scontent-fra5-1.cdninstagram.com/v/t39.30808-6/786828902_1362153686004589_2767377144369527529_n.jpg?stp=dst-jpg_e35_tt6&_nc_cat=102&ig_cache_key=Mzk3NTQ4NDUyMzMyODE1NzczMQ%3D%3D.3-ccb7-5&ccb=7-5&_nc_sid=58cdad&efg=eyJ2ZW5jb2RlX3RhZyI6IkNBUk9VU0VMX0lURU0ueHBpZHMuMTYzOC5zZHIucmVndWxhcl9waG90by5DMyJ9&_nc_ohc=YTJVhLZkNPkQ7kNvwGSJqPm&_nc_oc=Ado-lQC3GSTW0TgXUhWCqqKGYlzv6AzbpY1_9Eyg3OscEjJwrgm55q0e4Xm-xxh6qZBPDgcI7Qsg7_YYAHL3GHiQ&_nc_ad=z-m&_nc_cid=0&_nc_zt=23&_nc_ht=scontent-fra5-1.cdninstagram.com&_nc_gid=kfo5m96Gf15gzW47dkXZxQ&_nc_ss=7a22e&oh=00_AQLPz27CD97mc-9tJsY1L3FgGe7X3OYR5E2b8-6bAKFv8w&oe=6A9B70B9,https://www.instagram.com/p/Dcrwh-ziUeh/
Supermercado Tuiuiú,Laticínios / Leites e Derivados,Creme de Leite Piracanjuba 200ml,2.49,28/08/2026,https://scontent-bos5-1.cdninstagram.com/v/t39.30808-6/752708427_1720016720132146_149709506206268519_n.jpg?stp=dst-jpg_e35_tt6&_nc_cat=108&ig_cache_key=Mzk3MzM0Mjg4MDAxNTI3Mzk0NA%3D%3D.3-ccb7-5&ccb=7-5&_nc_sid=58cdad&efg=eyJ2ZW5jb2RlX3RhZyI6IkNBUk9VU0VMX0lURU0ueHBpZHMuMTI1NC5zZHIucmVndWxhcl9waG90by5DMyJ9&_nc_ohc=_3zRKVChKd8Q7kNvwGWOzzA&_nc_oc=Adob59KjFpC0Iq-CsCGQbtVzwRiqt44j0j8HxjHRaRpwuM1FdjSWH-Ot8uFkj6f45gI&_nc_ad=z-m&_nc_cid=0&_nc_zt=23&_nc_ht=scontent-bos5-1.cdninstagram.com&_nc_gid=bmLXXYJOFClGMwHlmUZfvA&_nc_ss=7a22e&oh=00_AQLE2gMren8m6MNZOjJ7AooIrj5jmBkMPmfDS8wP5JCEIQ&oe=6A9B9A13,https://www.instagram.com/p/DckJlYyI3Tu/
Bom Jesus Primavera do Leste 🛒,Laticínios / Leites e Derivados,Leite Condensado Italac 395g,5.69,28/08/2026,https://scontent-ams2-1.cdninstagram.com/v/t51.82787-15/788139857_18374943016237813_6095318216715939563_n.jpg?stp=dst-jpg_e35_tt6&_nc_cat=107&ig_cache_key=Mzk3Mzk3Nzc4MDcyMjI3NDY1Mg%3D%3D.3-ccb7-5&ccb=7-5&_nc_sid=58cdad&efg=eyJ2ZW5jb2RlX3RhZyI6IkNBUk9VU0VMX0lURU0ueHBpZHMuMTA4MC5zZHIucmVndWxhcl9waG90by5DMyJ9&_nc_ohc=u6RrkwcH62kQ7kNvwFsd-0U&_nc_oc=Adpihwj10u-gtE9AOlNelJ7Pcs9mJp3py1SUNkxTBlx8SqXy80_pAqE-gfvACtUV5D4&_nc_ad=z-m&_nc_cid=0&_nc_zt=23&_nc_ht=scontent-ams2-1.cdninstagram.com&_nc_gid=jRI1dTb-zr9XSjXpQtgHvg&_nc_ss=7a22e&oh=00_AQLioGgANVH1b_knfNEaQmt0mGjOFnOW8HWM1x1i8W9mOA&oe=6A9B9730,https://www.instagram.com/p/DcmZ8cDD400/
Supermercado Tuiuiú,Laticínios / Leites e Derivados,Leite Condensado Piracanjuba 395g,5.79,28/08/2026,https://scontent-bos5-1.cdninstagram.com/v/t39.30808-6/752708427_1720016720132146_149709506206268519_n.jpg?stp=dst-jpg_e35_tt6&_nc_cat=108&ig_cache_key=Mzk3MzM0Mjg4MDAxNTI3Mzk0NA%3D%3D.3-ccb7-5&ccb=7-5&_nc_sid=58cdad&efg=eyJ2ZW5jb2RlX3RhZyI6IkNBUk9VU0VMX0lURU0ueHBpZHMuMTI1NC5zZHIucmVndWxhcl9waG90by5DMyJ9&_nc_ohc=_3zRKVChKd8Q7kNvwGWOzzA&_nc_oc=Adob59KjFpC0Iq-CsCGQbtVzwRiqt44j0j8HxjHRaRpwuM1FdjSWH-Ot8uFkj6f45gI&_nc_ad=z-m&_nc_cid=0&_nc_zt=23&_nc_ht=scontent-bos5-1.cdninstagram.com&_nc_gid=bmLXXYJOFClGMwHlmUZfvA&_nc_ss=7a22e&oh=00_AQLE2gMren8m6MNZOjJ7AooIrj5jmBkMPmfDS8wP5JCEIQ&oe=6A9B9A13,https://www.instagram.com/p/DckJlYyI3Tu/
Supermercado Tuiuiú,Laticínios / Leites e Derivados,Leite Integral Frimesa 1L,6.19,28/08/2026,https://scontent-bos5-1.cdninstagram.com/v/t39.30808-6/777867278_1720016746798810_8968857745876573698_n.jpg?stp=dst-jpg_e35_tt6&_nc_cat=108&ig_cache_key=Mzk3MzM0Mjg3ODY1NjMwNjQwOQ%3D%3D.3-ccb7-5&ccb=7-5&_nc_sid=58cdad&efg=eyJ2ZW5jb2RlX3RhZyI6IkNBUk9VU0VMX0lURU0ueHBpZHMuMTI1NC5zZHIucmVndWxhcl9waG90by5DMyJ9&_nc_ohc=7pvC346oZEwQ7kNvwGtBk0w&_nc_oc=AdoRYkJAoR6WiYUO8Q_0v1UjpwcYIK9MNQqWkHyPjJ8WrGIoWH8FCAOptrMnXI7DtLM&_nc_ad=z-m&_nc_cid=0&_nc_zt=23&_nc_ht=scontent-bos5-1.cdninstagram.com&_nc_gid=bmLXXYJOFClGMwHlmUZfvA&_nc_ss=7a22e&oh=00_AQIl2JzNPhpM02uWq7s6e73jd1zxEMDZJMtBSojuyoFbKQ&oe=6A9BA009,https://www.instagram.com/p/DckJlYyI3Tu/
Supermercado São Pedro,Laticínios / Leites e Derivados,Leite Condensado Moça 395g,6.99,27/08/2026,https://scontent-cdg6-1.cdninstagram.com/v/t39.30808-6/785993166_1505168978322885_7442982966970505933_n.jpg?stp=c0.0.1638.2048a_dst-jpg_e35_s1638x2048_tt6&_nc_cat=110&ig_cache_key=Mzk3MzI3Njk2ODM0NzI3MzQzNQ%3D%3D.3-ccb7-5&ccb=7-5&_nc_sid=58cdad&efg=eyJ2ZW5jb2RlX3RhZyI6IkNBUk9VU0VMX0lURU0ueHBpZHMuMTYzOS5zZHIucmVndWxhcl9waG90by5DMyJ9&_nc_ohc=5-K7ePTTbO0Q7kNvwFuHQ-K&_nc_oc=AdoojWkzKKSETbn3pr2rnz8FZnTmtAEAAyLRPC6CDsZbrPcjwgiAultevJDISc3gPmY&_nc_ad=z-m&_nc_cid=0&_nc_zt=23&_nc_ht=scontent-cdg6-1.cdninstagram.com&_nc_gid=yLPiqNBTOuIh-HMOfC0RHA&_nc_ss=7a22e&oh=00_AQJDddrliu__92MR6UZVSM-4bPxRUV5jMmXT0IazQPWWhw&oe=6A9B750E,https://www.instagram.com/p/Dcj6lyLlKpL/
Bom Jesus Primavera do Leste 🛒,Laticínios / Leites e Derivados,Iogurte Petit Goininho Morango 320g,7.49,28/08/2026,https://scontent-ams2-1.cdninstagram.com/v/t51.82787-15/786853630_18374942971237813_3112147777905981087_n.jpg?stp=dst-jpg_e35_tt6&_nc_cat=107&ig_cache_key=Mzk3Mzk3Nzc3OTE1MzU1MzcyNQ%3D%3D.3-ccb7-5&ccb=7-5&_nc_sid=58cdad&efg=eyJ2ZW5jb2RlX3RhZyI6IkNBUk9VU0VMX0lURU0ueHBpZHMuMTA4MC5zZHIucmVndWxhcl9waG90by5DMyJ9&_nc_ohc=X2aB_pDnUvgQ7kNvwG8uJH9&_nc_oc=AdpigUHsJRxjMoV1g7lQR4DbEc32Ikp2usi-5FwnwHpRZyYU1lairVlSsnYyShyrS68&_nc_ad=z-m&_nc_cid=0&_nc_zt=23&_nc_ht=scontent-ams2-1.cdninstagram.com&_nc_gid=jRI1dTb-zr9XSjXpQtgHvg&_nc_ss=7a22e&oh=00_AQLdusXZu3kwjJ8l2EnMH2edAs-4P9_1aNCp4Dgoq9u6Ag&oe=6A9BA2A4,https://www.instagram.com/p/DcmZ8cDD400/
Bom Jesus Primavera do Leste 🛒,Laticínios / Leites e Derivados,Requeijão Catupiry 200g,8.99,28/08/2026,https://scontent-ams2-1.cdninstagram.com/v/t51.82787-15/786853630_18374942971237813_3112147777905981087_n.jpg?stp=dst-jpg_e35_tt6&_nc_cat=107&ig_cache_key=Mzk3Mzk3Nzc3OTE1MzU1MzcyNQ%3D%3D.3-ccb7-5&ccb=7-5&_nc_sid=58cdad&efg=eyJ2ZW5jb2RlX3RhZyI6IkNBUk9VU0VMX0lURU0ueHBpZHMuMTA4MC5zZHIucmVndWxhcl9waG90by5DMyJ9&_nc_ohc=X2aB_pDnUvgQ7kNvwG8uJH9&_nc_oc=AdpigUHsJRxjMoV1g7lQR4DbEc32Ikp2usi-5FwnwHpRZyYU1lairVlSsnYyShyrS68&_nc_ad=z-m&_nc_cid=0&_nc_zt=23&_nc_ht=scontent-ams2-1.cdninstagram.com&_nc_gid=jRI1dTb-zr9XSjXpQtgHvg&_nc_ss=7a22e&oh=00_AQLdusXZu3kwjJ8l2EnMH2edAs-4P9_1aNCp4Dgoq9u6Ag&oe=6A9BA2A4,https://www.instagram.com/p/DcmZ8cDD400/
Bom Jesus Primavera do Leste 🛒,Laticínios / Leites e Derivados,Iogurte Goininho 1.1kg,10.99,28/08/2026,https://scontent-ams2-1.cdninstagram.com/v/t51.82787-15/786853630_18374942971237813_3112147777905981087_n.jpg?stp=dst-jpg_e35_tt6&_nc_cat=107&ig_cache_key=Mzk3Mzk3Nzc3OTE1MzU1MzcyNQ%3D%3D.3-ccb7-5&ccb=7-5&_nc_sid=58cdad&efg=eyJ2ZW5jb2RlX3RhZyI6IkNBUk9VU0VMX0lURU0ueHBpZHMuMTA4MC5zZHIucmVndWxhcl9waG90by5DMyJ9&_nc_ohc=X2aB_pDnUvgQ7kNvwG8uJH9&_nc_oc=AdpigUHsJRxjMoV1g7lQR4DbEc32Ikp2usi-5FwnwHpRZyYU1lairVlSsnYyShyrS68&_nc_ad=z-m&_nc_cid=0&_nc_zt=23&_nc_ht=scontent-ams2-1.cdninstagram.com&_nc_gid=jRI1dTb-zr9XSjXpQtgHvg&_nc_ss=7a22e&oh=00_AQLdusXZu3kwjJ8l2EnMH2edAs-4P9_1aNCp4Dgoq9u6Ag&oe=6A9BA2A4,https://www.instagram.com/p/DcmZ8cDD400/
Bom Jesus Primavera do Leste 🛒,Laticínios / Leites e Derivados,Doce de Leite Comajul 400g,10.99,28/08/2026,https://scontent-ams2-1.cdninstagram.com/v/t51.82787-15/788139857_18374943016237813_6095318216715939563_n.jpg?stp=dst-jpg_e35_tt6&_nc_cat=107&ig_cache_key=Mzk3Mzk3Nzc4MDcyMjI3NDY1Mg%3D%3D.3-ccb7-5&ccb=7-5&_nc_sid=58cdad&efg=eyJ2ZW5jb2RlX3RhZyI6IkNBUk9VU0VMX0lURU0ueHBpZHMuMTA4MC5zZHIucmVndWxhcl9waG90by5DMyJ9&_nc_ohc=u6RrkwcH62kQ7kNvwFsd-0U&_nc_oc=Adpihwj10u-gtE9AOlNelJ7Pcs9mJp3py1SUNkxTBlx8SqXy80_pAqE-gfvACtUV5D4&_nc_ad=z-m&_nc_cid=0&_nc_zt=23&_nc_ht=scontent-ams2-1.cdninstagram.com&_nc_gid=jRI1dTb-zr9XSjXpQtgHvg&_nc_ss=7a22e&oh=00_AQLioGgANVH1b_knfNEaQmt0mGjOFnOW8HWM1x1i8W9mOA&oe=6A9B9730,https://www.instagram.com/p/DcmZ8cDD400/
Bom Jesus Primavera do Leste 🛒,Laticínios / Leites e Derivados,Leite em Pó Instantâneo Ninho 380g,19.99,28/08/2026,https://scontent-ams2-1.cdninstagram.com/v/t51.82787-15/788139857_18374943016237813_6095318216715939563_n.jpg?stp=dst-jpg_e35_tt6&_nc_cat=107&ig_cache_key=Mzk3Mzk3Nzc4MDcyMjI3NDY1Mg%3D%3D.3-ccb7-5&ccb=7-5&_nc_sid=58cdad&efg=eyJ2ZW5jb2RlX3RhZyI6IkNBUk9VU0VMX0lURU0ueHBpZHMuMTA4MC5zZHIucmVndWxhcl9waG90by5DMyJ9&_nc_ohc=u6RrkwcH62kQ7kNvwFsd-0U&_nc_oc=Adpihwj10u-gtE9AOlNelJ7Pcs9mJp3py1SUNkxTBlx8SqXy80_pAqE-gfvACtUV5D4&_nc_ad=z-m&_nc_cid=0&_nc_zt=23&_nc_ht=scontent-ams2-1.cdninstagram.com&_nc_gid=jRI1dTb-zr9XSjXpQtgHvg&_nc_ss=7a22e&oh=00_AQLioGgANVH1b_knfNEaQmt0mGjOFnOW8HWM1x1i8W9mOA&oe=6A9B9730,https://www.instagram.com/p/DcmZ8cDD400/
Bom Jesus Primavera do Leste 🛒,Laticínios / Leites e Derivados,Queijo Queijo Mussarela Casterleite kg,45.99,28/08/2026,https://scontent-ams2-1.cdninstagram.com/v/t51.82787-15/788139857_18374943016237813_6095318216715939563_n.jpg?stp=dst-jpg_e35_tt6&_nc_cat=107&ig_cache_key=Mzk3Mzk3Nzc4MDcyMjI3NDY1Mg%3D%3D.3-ccb7-5&ccb=7-5&_nc_sid=58cdad&efg=eyJ2ZW5jb2RlX3RhZyI6IkNBUk9VU0VMX0lURU0ueHBpZHMuMTA4MC5zZHIucmVndWxhcl9waG90by5DMyJ9&_nc_ohc=u6RrkwcH62kQ7kNvwFsd-0U&_nc_oc=Adpihwj10u-gtE9AOlNelJ7Pcs9mJp3py1SUNkxTBlx8SqXy80_pAqE-gfvACtUV5D4&_nc_ad=z-m&_nc_cid=0&_nc_zt=23&_nc_ht=scontent-ams2-1.cdninstagram.com&_nc_gid=jRI1dTb-zr9XSjXpQtgHvg&_nc_ss=7a22e&oh=00_AQLioGgANVH1b_knfNEaQmt0mGjOFnOW8HWM1x1i8W9mOA&oe=6A9B9730,https://www.instagram.com/p/DcmZ8cDD400/
Supermercado São Pedro,Laticínios / Leites e Derivados,Queijo Queijo Mussarela Lactvit kg,46.99,28/08/2026,https://scontent-ord5-1.cdninstagram.com/v/t51.82787-15/785599572_18195711460382122_5575322653184498920_n.jpg?stp=dst-jpg_e35_tt6&_nc_cat=109&ig_cache_key=Mzk3MzY3MjU2OTQ3ODkxNjI0Mw%3D%3D.3-ccb7-5&ccb=7-5&_nc_sid=58cdad&efg=eyJ2ZW5jb2RlX3RhZyI6IkNBUk9VU0VMX0lURU0ueHBpZHMuMTA4MS5zZHIucmVndWxhcl9waG90by5DMyJ9&_nc_ohc=GqsGB5UTShAQ7kNvwGv8FhV&_nc_oc=AdoTUyGrk6x_HWUu6rc5f6T2wHTcl_kiYvT-O3ytIFrbVx47KipYUHyRko2d5sWuNL1Xa1hjpT5P6Z2vr8rlyGv5&_nc_ad=z-m&_nc_cid=0&_nc_zt=23&_nc_ht=scontent-ord5-1.cdninstagram.com&_nc_gid=e8yrrgwvTiB2RW3pwYsWmA&_nc_ss=7a22e&oh=00_AQJ_v0uueW5CdV0uftr1Xagj54p8HxYCHxzvUGvj9L7JVQ&oe=6A9B6ED2,https://www.instagram.com/p/DclUqI1G7TG/
Bom Jesus Primavera do Leste 🛒,Limpeza / Cuidados com a Casa,Detergente Líquido Ypê 500ml,2.49,28/08/2026,https://scontent-ams2-1.cdninstagram.com/v/t51.82787-15/786121630_18374942941237813_4377572295512190675_n.jpg?stp=dst-jpg_e35_tt6&_nc_cat=103&ig_cache_key=Mzk3Mzk3Nzc3NDI1NDQ2NDc1MQ%3D%3D.3-ccb7-5&ccb=7-5&_nc_sid=58cdad&efg=eyJ2ZW5jb2RlX3RhZyI6IkNBUk9VU0VMX0lURU0ueHBpZHMuMTA4MC5zZHIucmVndWxhcl9waG90by5DMyJ9&_nc_ohc=iyLSI7lZvv0Q7kNvwHMu2up&_nc_oc=AdrHCfVd5f6klQO_OeSyh-XyzKvFyLo_uNp0aIPrK9xWuTVoixRslSu0-LUcR1XaZS0&_nc_ad=z-m&_nc_cid=0&_nc_zt=23&_nc_ht=scontent-ams2-1.cdninstagram.com&_nc_gid=jRI1dTb-zr9XSjXpQtgHvg&_nc_ss=7a22e&oh=00_AQLuAITBN4p2zfYH5U5KjrfHwzaTXv49KsoYJqHLcW8J1A&oe=6A9BA105,https://www.instagram.com/p/DcmZ8cDD400/
Bom Jesus Primavera do Leste 🛒,Limpeza / Cuidados com a Casa,Detergente Líquido Ypê 500ml,2.69,27/08/2026,https://scontent-waw2-2.cdninstagram.com/v/t51.82787-15/787993259_18374687005237813_4471412213431393234_n.jpg?stp=dst-jpg_e35_tt6&_nc_cat=103&ig_cache_key=Mzk3Mjk0NzA1MzQ4MTkxNTUyNQ%3D%3D.3-ccb7-5&ccb=7-5&_nc_sid=58cdad&efg=eyJ2ZW5jb2RlX3RhZyI6IkZFRUQueHBpZHMuMTM1MC5zZHIucmVndWxhcl9waG90by5DMiJ9&_nc_ohc=wXQuivYivwoQ7kNvwF5p2cf&_nc_oc=Adp3MSbyZehCFwdta6zm_tXItUO2pegdDIvgfFlHWTKABO666j2qAdtrqjyj5LhrRQw&_nc_ad=z-m&_nc_cid=0&_nc_zt=23&_nc_ht=scontent-waw2-2.cdninstagram.com&_nc_gid=7Km_DVQKuLCEV1bZQdj17Q&_nc_ss=7a22e&oh=00_AQK5367QoveN8qbXyMCLvHnuYZq_N4YPlwy-xmxEobdwdA&oe=6A9B8EEE,https://www.instagram.com/p/DcivkuqOXSF/
Supermercado São Pedro,Limpeza / Cuidados com a Casa,Detergente Líquido Ypê 500ml,2.79,27/08/2026,https://scontent-cdg6-1.cdninstagram.com/v/t39.30808-6/785993166_1505168978322885_7442982966970505933_n.jpg?stp=c0.0.1638.2048a_dst-jpg_e35_s1638x2048_tt6&_nc_cat=110&ig_cache_key=Mzk3MzI3Njk2ODM0NzI3MzQzNQ%3D%3D.3-ccb7-5&ccb=7-5&_nc_sid=58cdad&efg=eyJ2ZW5jb2RlX3RhZyI6IkNBUk9VU0VMX0lURU0ueHBpZHMuMTYzOS5zZHIucmVndWxhcl9waG90by5DMyJ9&_nc_ohc=5-K7ePTTbO0Q7kNvwFuHQ-K&_nc_oc=AdoojWkzKKSETbn3pr2rnz8FZnTmtAEAAyLRPC6CDsZbrPcjwgiAultevJDISc3gPmY&_nc_ad=z-m&_nc_cid=0&_nc_zt=23&_nc_ht=scontent-cdg6-1.cdninstagram.com&_nc_gid=yLPiqNBTOuIh-HMOfC0RHA&_nc_ss=7a22e&oh=00_AQJDddrliu__92MR6UZVSM-4bPxRUV5jMmXT0IazQPWWhw&oe=6A9B750E,https://www.instagram.com/p/Dcj6lyLlKpL/
Supermercado São Pedro,Limpeza / Cuidados com a Casa,Água Sanitária Girando Sol 1L,3.99,27/08/2026,https://scontent-cdg6-1.cdninstagram.com/v/t39.30808-6/785993166_1505168978322885_7442982966970505933_n.jpg?stp=c0.0.1638.2048a_dst-jpg_e35_s1638x2048_tt6&_nc_cat=110&ig_cache_key=Mzk3MzI3Njk2ODM0NzI3MzQzNQ%3D%3D.3-ccb7-5&ccb=7-5&_nc_sid=58cdad&efg=eyJ2ZW5jb2RlX3RhZyI6IkNBUk9VU0VMX0lURU0ueHBpZHMuMTYzOS5zZHIucmVndWxhcl9waG90by5DMyJ9&_nc_ohc=5-K7ePTTbO0Q7kNvwFuHQ-K&_nc_oc=AdoojWkzKKSETbn3pr2rnz8FZnTmtAEAAyLRPC6CDsZbrPcjwgiAultevJDISc3gPmY&_nc_ad=z-m&_nc_cid=0&_nc_zt=23&_nc_ht=scontent-cdg6-1.cdninstagram.com&_nc_gid=yLPiqNBTOuIh-HMOfC0RHA&_nc_ss=7a22e&oh=00_AQJDddrliu__92MR6UZVSM-4bPxRUV5jMmXT0IazQPWWhw&oe=6A9B750E,https://www.instagram.com/p/Dcj6lyLlKpL/
Bom Jesus Primavera do Leste 🛒,Limpeza / Cuidados com a Casa,Limpador Multiuso Uau 500ml,4.29,27/08/2026,https://scontent-waw2-2.cdninstagram.com/v/t51.82787-15/787993259_18374687005237813_4471412213431393234_n.jpg?stp=dst-jpg_e35_tt6&_nc_cat=103&ig_cache_key=Mzk3Mjk0NzA1MzQ4MTkxNTUyNQ%3D%3D.3-ccb7-5&ccb=7-5&_nc_sid=58cdad&efg=eyJ2ZW5jb2RlX3RhZyI6IkZFRUQueHBpZHMuMTM1MC5zZHIucmVndWxhcl9waG90by5DMiJ9&_nc_ohc=wXQuivYivwoQ7kNvwF5p2cf&_nc_oc=Adp3MSbyZehCFwdta6zm_tXItUO2pegdDIvgfFlHWTKABO666j2qAdtrqjyj5LhrRQw&_nc_ad=z-m&_nc_cid=0&_nc_zt=23&_nc_ht=scontent-waw2-2.cdninstagram.com&_nc_gid=7Km_DVQKuLCEV1bZQdj17Q&_nc_ss=7a22e&oh=00_AQK5367QoveN8qbXyMCLvHnuYZq_N4YPlwy-xmxEobdwdA&oe=6A9B8EEE,https://www.instagram.com/p/DcivkuqOXSF/
Supermercado Tuiuiú,Limpeza / Cuidados com a Casa,Desinfetante Limza 2L,5.99,28/08/2026,https://scontent-bos5-1.cdninstagram.com/v/t39.30808-6/782169170_1720016740132144_6974904276998945912_n.jpg?stp=dst-jpg_e35_tt6&_nc_cat=105&ig_cache_key=Mzk3MzM0Mjg3OTk5ODQ4MTkyMA%3D%3D.3-ccb7-5&ccb=7-5&_nc_sid=58cdad&efg=eyJ2ZW5jb2RlX3RhZyI6IkNBUk9VU0VMX0lURU0ueHBpZHMuMTI1NC5zZHIucmVndWxhcl9waG90by5DMyJ9&_nc_ohc=q-Z25NrUeboQ7kNvwHqS5sq&_nc_oc=Ado8ZisoxMJdNr2XXrSPHfie9hA4T1REfPpsoEskvp3ykgA6l0ci8XJNl__Mnr1g-Nc&_nc_ad=z-m&_nc_cid=0&_nc_zt=23&_nc_ht=scontent-bos5-1.cdninstagram.com&_nc_gid=bmLXXYJOFClGMwHlmUZfvA&_nc_ss=7a22e&oh=00_AQIIXLtKqVSb-WgFz2G5Ghcv79S983g7ZdBr9Ee-1dirQA&oe=6A9B7709,https://www.instagram.com/p/DckJlYyI3Tu/
Bom Jesus Primavera do Leste 🛒,Limpeza / Cuidados com a Casa,Amaciante Remmus 2L,5.99,27/08/2026,https://scontent-waw2-2.cdninstagram.com/v/t51.82787-15/787993259_18374687005237813_4471412213431393234_n.jpg?stp=dst-jpg_e35_tt6&_nc_cat=103&ig_cache_key=Mzk3Mjk0NzA1MzQ4MTkxNTUyNQ%3D%3D.3-ccb7-5&ccb=7-5&_nc_sid=58cdad&efg=eyJ2ZW5jb2RlX3RhZyI6IkZFRUQueHBpZHMuMTM1MC5zZHIucmVndWxhcl9waG90by5DMiJ9&_nc_ohc=wXQuivYivwoQ7kNvwF5p2cf&_nc_oc=Adp3MSbyZehCFwdta6zm_tXItUO2pegdDIvgfFlHWTKABO666j2qAdtrqjyj5LhrRQw&_nc_ad=z-m&_nc_cid=0&_nc_zt=23&_nc_ht=scontent-waw2-2.cdninstagram.com&_nc_gid=7Km_DVQKuLCEV1bZQdj17Q&_nc_ss=7a22e&oh=00_AQK5367QoveN8qbXyMCLvHnuYZq_N4YPlwy-xmxEobdwdA&oe=6A9B8EEE,https://www.instagram.com/p/DcivkuqOXSF/
Bom Jesus Primavera do Leste 🛒,Limpeza / Cuidados com a Casa,Desinfetante Remmus 2L,6.49,27/08/2026,https://scontent-waw2-2.cdninstagram.com/v/t51.82787-15/787993259_18374687005237813_4471412213431393234_n.jpg?stp=dst-jpg_e35_tt6&_nc_cat=103&ig_cache_key=Mzk3Mjk0NzA1MzQ4MTkxNTUyNQ%3D%3D.3-ccb7-5&ccb=7-5&_nc_sid=58cdad&efg=eyJ2ZW5jb2RlX3RhZyI6IkZFRUQueHBpZHMuMTM1MC5zZHIucmVndWxhcl9waG90by5DMiJ9&_nc_ohc=wXQuivYivwoQ7kNvwF5p2cf&_nc_oc=Adp3MSbyZehCFwdta6zm_tXItUO2pegdDIvgfFlHWTKABO666j2qAdtrqjyj5LhrRQw&_nc_ad=z-m&_nc_cid=0&_nc_zt=23&_nc_ht=scontent-waw2-2.cdninstagram.com&_nc_gid=7Km_DVQKuLCEV1bZQdj17Q&_nc_ss=7a22e&oh=00_AQK5367QoveN8qbXyMCLvHnuYZq_N4YPlwy-xmxEobdwdA&oe=6A9B8EEE,https://www.instagram.com/p/DcivkuqOXSF/
Supermercado Tuiuiú,Limpeza / Cuidados com a Casa,Amaciante Ypê 2L,8.99,28/08/2026,https://scontent-bos5-1.cdninstagram.com/v/t39.30808-6/782169170_1720016740132144_6974904276998945912_n.jpg?stp=dst-jpg_e35_tt6&_nc_cat=105&ig_cache_key=Mzk3MzM0Mjg3OTk5ODQ4MTkyMA%3D%3D.3-ccb7-5&ccb=7-5&_nc_sid=58cdad&efg=eyJ2ZW5jb2RlX3RhZyI6IkNBUk9VU0VMX0lURU0ueHBpZHMuMTI1NC5zZHIucmVndWxhcl9waG90by5DMyJ9&_nc_ohc=q-Z25NrUeboQ7kNvwHqS5sq&_nc_oc=Ado8ZisoxMJdNr2XXrSPHfie9hA4T1REfPpsoEskvp3ykgA6l0ci8XJNl__Mnr1g-Nc&_nc_ad=z-m&_nc_cid=0&_nc_zt=23&_nc_ht=scontent-bos5-1.cdninstagram.com&_nc_gid=bmLXXYJOFClGMwHlmUZfvA&_nc_ss=7a22e&oh=00_AQIIXLtKqVSb-WgFz2G5Ghcv79S983g7ZdBr9Ee-1dirQA&oe=6A9B7709,https://www.instagram.com/p/DckJlYyI3Tu/
Machadão Atacadista,Limpeza / Cuidados com a Casa,Pano Multiuso Microfibra Bettanin 35cmx35cm,8.99,31/08/2026,https://instagram.fmel5-1.fna.fbcdn.net/v/t39.30808-6/785365107_1362151536004804_2436712632418186403_n.jpg?stp=dst-jpg_e35_tt6&_nc_cat=102&ig_cache_key=Mzk3NTQ4NzAyMDU1MDAxMDIxMA%3D%3D.3-ccb7-5&ccb=7-5&_nc_sid=58cdad&efg=eyJ2ZW5jb2RlX3RhZyI6IkNBUk9VU0VMX0lURU0ueHBpZHMuMTA4MC5zZHIucmVndWxhcl9waG90by5DMyJ9&_nc_ohc=r9vPLYgKGq0Q7kNvwECFSxy&_nc_oc=AdoTDINt3mufybeSG7Dmw9WWuIYhlhyDYfeRnM6z4HtC-6FwMrQ43kszss5Lb-oRBjQ&_nc_ad=z-m&_nc_cid=0&_nc_zt=23&_nc_ht=instagram.fmel5-1.fna&_nc_gid=Qk_94HUhvzOUfFEqa-fMKg&_nc_ss=7a22e&oh=00_AQLYobgC8UaYKMzqnmx7KO9KiaaaYY6qkbq9zuKwWOPMXA&oe=6A9BA329,https://www.instagram.com/p/DcrxGX5j8V3/
Bom Jesus Primavera do Leste 🛒,Limpeza / Cuidados com a Casa,Amaciante Concentrado Comfort 500ml,9.99,27/08/2026,https://scontent-waw2-2.cdninstagram.com/v/t51.82787-15/787993259_18374687005237813_4471412213431393234_n.jpg?stp=dst-jpg_e35_tt6&_nc_cat=103&ig_cache_key=Mzk3Mjk0NzA1MzQ4MTkxNTUyNQ%3D%3D.3-ccb7-5&ccb=7-5&_nc_sid=58cdad&efg=eyJ2ZW5jb2RlX3RhZyI6IkZFRUQueHBpZHMuMTM1MC5zZHIucmVndWxhcl9waG90by5DMiJ9&_nc_ohc=wXQuivYivwoQ7kNvwF5p2cf&_nc_oc=Adp3MSbyZehCFwdta6zm_tXItUO2pegdDIvgfFlHWTKABO666j2qAdtrqjyj5LhrRQw&_nc_ad=z-m&_nc_cid=0&_nc_zt=23&_nc_ht=scontent-waw2-2.cdninstagram.com&_nc_gid=7Km_DVQKuLCEV1bZQdj17Q&_nc_ss=7a22e&oh=00_AQK5367QoveN8qbXyMCLvHnuYZq_N4YPlwy-xmxEobdwdA&oe=6A9B8EEE,https://www.instagram.com/p/DcivkuqOXSF/
Supermercado Tuiuiú,Limpeza / Cuidados com a Casa,Sabão em Barra Ypê 800g,10.99,28/08/2026,https://scontent-bos5-1.cdninstagram.com/v/t39.30808-6/782169170_1720016740132144_6974904276998945912_n.jpg?stp=dst-jpg_e35_tt6&_nc_cat=105&ig_cache_key=Mzk3MzM0Mjg3OTk5ODQ4MTkyMA%3D%3D.3-ccb7-5&ccb=7-5&_nc_sid=58cdad&efg=eyJ2ZW5jb2RlX3RhZyI6IkNBUk9VU0VMX0lURU0ueHBpZHMuMTI1NC5zZHIucmVndWxhcl9waG90by5DMyJ9&_nc_ohc=q-Z25NrUeboQ7kNvwHqS5sq&_nc_oc=Ado8ZisoxMJdNr2XXrSPHfie9hA4T1REfPpsoEskvp3ykgA6l0ci8XJNl__Mnr1g-Nc&_nc_ad=z-m&_nc_cid=0&_nc_zt=23&_nc_ht=scontent-bos5-1.cdninstagram.com&_nc_gid=bmLXXYJOFClGMwHlmUZfvA&_nc_ss=7a22e&oh=00_AQIIXLtKqVSb-WgFz2G5Ghcv79S983g7ZdBr9Ee-1dirQA&oe=6A9B7709,https://www.instagram.com/p/DckJlYyI3Tu/
Bom Jesus Primavera do Leste 🛒,Limpeza / Cuidados com a Casa,Desinfetante Pinho Bril 1L,11.99,28/08/2026,https://scontent-ams2-1.cdninstagram.com/v/t51.82787-15/788860531_18374942995237813_624644092953609674_n.jpg?stp=dst-jpg_e35_tt6&_nc_cat=106&ig_cache_key=Mzk3Mzk3Nzc4MjEzMTM5MTcwNQ%3D%3D.3-ccb7-5&ccb=7-5&_nc_sid=58cdad&efg=eyJ2ZW5jb2RlX3RhZyI6IkNBUk9VU0VMX0lURU0ueHBpZHMuMTA4MC5zZHIucmVndWxhcl9waG90by5DMyJ9&_nc_ohc=7IsixMbzdvIQ7kNvwFBEauc&_nc_oc=AdpH9K1QTD1BKoyG8uMa-8FTcfyQYSoEGIeCTBwl-_lQqMaQys9Z6l54LhOSWgvo7OM&_nc_ad=z-m&_nc_cid=0&_nc_zt=23&_nc_ht=scontent-ams2-1.cdninstagram.com&_nc_gid=jRI1dTb-zr9XSjXpQtgHvg&_nc_ss=7a22e&oh=00_AQLoVcKI7wLGY4VuJ1H2Nra6N-LzPXIYCLT1m60p2y_BjA&oe=6A9B994B,https://www.instagram.com/p/DcmZ8cDD400/
Machadão Atacadista,Limpeza / Cuidados com a Casa,Desinfetante Gióca 5L,11.99,31/08/2026,https://instagram.fmel5-1.fna.fbcdn.net/v/t39.30808-6/785365107_1362151536004804_2436712632418186403_n.jpg?stp=dst-jpg_e35_tt6&_nc_cat=102&ig_cache_key=Mzk3NTQ4NzAyMDU1MDAxMDIxMA%3D%3D.3-ccb7-5&ccb=7-5&_nc_sid=58cdad&efg=eyJ2ZW5jb2RlX3RhZyI6IkNBUk9VU0VMX0lURU0ueHBpZHMuMTA4MC5zZHIucmVndWxhcl9waG90by5DMyJ9&_nc_ohc=r9vPLYgKGq0Q7kNvwECFSxy&_nc_oc=AdoTDINt3mufybeSG7Dmw9WWuIYhlhyDYfeRnM6z4HtC-6FwMrQ43kszss5Lb-oRBjQ&_nc_ad=z-m&_nc_cid=0&_nc_zt=23&_nc_ht=instagram.fmel5-1.fna&_nc_gid=Qk_94HUhvzOUfFEqa-fMKg&_nc_ss=7a22e&oh=00_AQLYobgC8UaYKMzqnmx7KO9KiaaaYY6qkbq9zuKwWOPMXA&oe=6A9BA329,https://www.instagram.com/p/DcrxGX5j8V3/
Bom Jesus Primavera do Leste 🛒,Limpeza / Cuidados com a Casa,Detergente em Pó Tixan Ypê 800g,12.99,28/08/2026,https://scontent-ams2-1.cdninstagram.com/v/t51.82787-15/788860531_18374942995237813_624644092953609674_n.jpg?stp=dst-jpg_e35_tt6&_nc_cat=106&ig_cache_key=Mzk3Mzk3Nzc4MjEzMTM5MTcwNQ%3D%3D.3-ccb7-5&ccb=7-5&_nc_sid=58cdad&efg=eyJ2ZW5jb2RlX3RhZyI6IkNBUk9VU0VMX0lURU0ueHBpZHMuMTA4MC5zZHIucmVndWxhcl9waG90by5DMyJ9&_nc_ohc=7IsixMbzdvIQ7kNvwFBEauc&_nc_oc=AdpH9K1QTD1BKoyG8uMa-8FTcfyQYSoEGIeCTBwl-_lQqMaQys9Z6l54LhOSWgvo7OM&_nc_ad=z-m&_nc_cid=0&_nc_zt=23&_nc_ht=scontent-ams2-1.cdninstagram.com&_nc_gid=jRI1dTb-zr9XSjXpQtgHvg&_nc_ss=7a22e&oh=00_AQLoVcKI7wLGY4VuJ1H2Nra6N-LzPXIYCLT1m60p2y_BjA&oe=6A9B994B,https://www.instagram.com/p/DcmZ8cDD400/
Machadão Atacadista,Limpeza / Cuidados com a Casa,Água Sanitária Girando Sol 5L,13.9,31/08/2026,https://instagram.fmel5-1.fna.fbcdn.net/v/t39.30808-6/785365107_1362151536004804_2436712632418186403_n.jpg?stp=dst-jpg_e35_tt6&_nc_cat=102&ig_cache_key=Mzk3NTQ4NzAyMDU1MDAxMDIxMA%3D%3D.3-ccb7-5&ccb=7-5&_nc_sid=58cdad&efg=eyJ2ZW5jb2RlX3RhZyI6IkNBUk9VU0VMX0lURU0ueHBpZHMuMTA4MC5zZHIucmVndWxhcl9waG90by5DMyJ9&_nc_ohc=r9vPLYgKGq0Q7kNvwECFSxy&_nc_oc=AdoTDINt3mufybeSG7Dmw9WWuIYhlhyDYfeRnM6z4HtC-6FwMrQ43kszss5Lb-oRBjQ&_nc_ad=z-m&_nc_cid=0&_nc_zt=23&_nc_ht=instagram.fmel5-1.fna&_nc_gid=Qk_94HUhvzOUfFEqa-fMKg&_nc_ss=7a22e&oh=00_AQLYobgC8UaYKMzqnmx7KO9KiaaaYY6qkbq9zuKwWOPMXA&oe=6A9BA329,https://www.instagram.com/p/DcrxGX5j8V3/
Bom Jesus Primavera do Leste 🛒,Limpeza / Cuidados com a Casa,Inseticida Raid 420ml,17.99,28/08/2026,https://scontent-ams2-1.cdninstagram.com/v/t51.82787-15/788860531_18374942995237813_624644092953609674_n.jpg?stp=dst-jpg_e35_tt6&_nc_cat=106&ig_cache_key=Mzk3Mzk3Nzc4MjEzMTM5MTcwNQ%3D%3D.3-ccb7-5&ccb=7-5&_nc_sid=58cdad&efg=eyJ2ZW5jb2RlX3RhZyI6IkNBUk9VU0VMX0lURU0ueHBpZHMuMTA4MC5zZHIucmVndWxhcl9waG90by5DMyJ9&_nc_ohc=7IsixMbzdvIQ7kNvwFBEauc&_nc_oc=AdpH9K1QTD1BKoyG8uMa-8FTcfyQYSoEGIeCTBwl-_lQqMaQys9Z6l54LhOSWgvo7OM&_nc_ad=z-m&_nc_cid=0&_nc_zt=23&_nc_ht=scontent-ams2-1.cdninstagram.com&_nc_gid=jRI1dTb-zr9XSjXpQtgHvg&_nc_ss=7a22e&oh=00_AQLoVcKI7wLGY4VuJ1H2Nra6N-LzPXIYCLT1m60p2y_BjA&oe=6A9B994B,https://www.instagram.com/p/DcmZ8cDD400/
Supermercado São Pedro,Limpeza / Cuidados com a Casa,Sabão em Pó Tixan Ypê 1.6kg,18.99,27/08/2026,https://scontent-cdg6-1.cdninstagram.com/v/t39.30808-6/785993166_1505168978322885_7442982966970505933_n.jpg?stp=c0.0.1638.2048a_dst-jpg_e35_s1638x2048_tt6&_nc_cat=110&ig_cache_key=Mzk3MzI3Njk2ODM0NzI3MzQzNQ%3D%3D.3-ccb7-5&ccb=7-5&_nc_sid=58cdad&efg=eyJ2ZW5jb2RlX3RhZyI6IkNBUk9VU0VMX0lURU0ueHBpZHMuMTYzOS5zZHIucmVndWxhcl9waG90by5DMyJ9&_nc_ohc=5-K7ePTTbO0Q7kNvwFuHQ-K&_nc_oc=AdoojWkzKKSETbn3pr2rnz8FZnTmtAEAAyLRPC6CDsZbrPcjwgiAultevJDISc3gPmY&_nc_ad=z-m&_nc_cid=0&_nc_zt=23&_nc_ht=scontent-cdg6-1.cdninstagram.com&_nc_gid=yLPiqNBTOuIh-HMOfC0RHA&_nc_ss=7a22e&oh=00_AQJDddrliu__92MR6UZVSM-4bPxRUV5jMmXT0IazQPWWhw&oe=6A9B750E,https://www.instagram.com/p/Dcj6lyLlKpL/
Bom Jesus Primavera do Leste 🛒,Limpeza / Cuidados com a Casa,Água Sanitária Ypê 5L,19.99,28/08/2026,https://scontent-ams2-1.cdninstagram.com/v/t51.82787-15/788860531_18374942995237813_624644092953609674_n.jpg?stp=dst-jpg_e35_tt6&_nc_cat=106&ig_cache_key=Mzk3Mzk3Nzc4MjEzMTM5MTcwNQ%3D%3D.3-ccb7-5&ccb=7-5&_nc_sid=58cdad&efg=eyJ2ZW5jb2RlX3RhZyI6IkNBUk9VU0VMX0lURU0ueHBpZHMuMTA4MC5zZHIucmVndWxhcl9waG90by5DMyJ9&_nc_ohc=7IsixMbzdvIQ7kNvwFBEauc&_nc_oc=AdpH9K1QTD1BKoyG8uMa-8FTcfyQYSoEGIeCTBwl-_lQqMaQys9Z6l54LhOSWgvo7OM&_nc_ad=z-m&_nc_cid=0&_nc_zt=23&_nc_ht=scontent-ams2-1.cdninstagram.com&_nc_gid=jRI1dTb-zr9XSjXpQtgHvg&_nc_ss=7a22e&oh=00_AQLoVcKI7wLGY4VuJ1H2Nra6N-LzPXIYCLT1m60p2y_BjA&oe=6A9B994B,https://www.instagram.com/p/DcmZ8cDD400/
Bom Jesus Primavera do Leste 🛒,Limpeza / Cuidados com a Casa,Água Sanitária Ypê 5L,20.9,27/08/2026,https://scontent-waw2-2.cdninstagram.com/v/t51.82787-15/787993259_18374687005237813_4471412213431393234_n.jpg?stp=dst-jpg_e35_tt6&_nc_cat=103&ig_cache_key=Mzk3Mjk0NzA1MzQ4MTkxNTUyNQ%3D%3D.3-ccb7-5&ccb=7-5&_nc_sid=58cdad&efg=eyJ2ZW5jb2RlX3RhZyI6IkZFRUQueHBpZHMuMTM1MC5zZHIucmVndWxhcl9waG90by5DMiJ9&_nc_ohc=wXQuivYivwoQ7kNvwF5p2cf&_nc_oc=Adp3MSbyZehCFwdta6zm_tXItUO2pegdDIvgfFlHWTKABO666j2qAdtrqjyj5LhrRQw&_nc_ad=z-m&_nc_cid=0&_nc_zt=23&_nc_ht=scontent-waw2-2.cdninstagram.com&_nc_gid=7Km_DVQKuLCEV1bZQdj17Q&_nc_ss=7a22e&oh=00_AQK5367QoveN8qbXyMCLvHnuYZq_N4YPlwy-xmxEobdwdA&oe=6A9B8EEE,https://www.instagram.com/p/DcivkuqOXSF/
Machadão Atacadista,Limpeza / Cuidados com a Casa,Desinfetante Ypê Bak 5L,22.9,31/08/2026,https://instagram.fmel5-1.fna.fbcdn.net/v/t39.30808-6/785365107_1362151536004804_2436712632418186403_n.jpg?stp=dst-jpg_e35_tt6&_nc_cat=102&ig_cache_key=Mzk3NTQ4NzAyMDU1MDAxMDIxMA%3D%3D.3-ccb7-5&ccb=7-5&_nc_sid=58cdad&efg=eyJ2ZW5jb2RlX3RhZyI6IkNBUk9VU0VMX0lURU0ueHBpZHMuMTA4MC5zZHIucmVndWxhcl9waG90by5DMyJ9&_nc_ohc=r9vPLYgKGq0Q7kNvwECFSxy&_nc_oc=AdoTDINt3mufybeSG7Dmw9WWuIYhlhyDYfeRnM6z4HtC-6FwMrQ43kszss5Lb-oRBjQ&_nc_ad=z-m&_nc_cid=0&_nc_zt=23&_nc_ht=instagram.fmel5-1.fna&_nc_gid=Qk_94HUhvzOUfFEqa-fMKg&_nc_ss=7a22e&oh=00_AQLYobgC8UaYKMzqnmx7KO9KiaaaYY6qkbq9zuKwWOPMXA&oe=6A9BA329,https://www.instagram.com/p/DcrxGX5j8V3/
Bom Jesus Primavera do Leste 🛒,Limpeza / Cuidados com a Casa,Lava Roupas em Pó Tixan Ypê 2.2kg,27.99,27/08/2026,https://scontent-waw2-2.cdninstagram.com/v/t51.82787-15/787993259_18374687005237813_4471412213431393234_n.jpg?stp=dst-jpg_e35_tt6&_nc_cat=103&ig_cache_key=Mzk3Mjk0NzA1MzQ4MTkxNTUyNQ%3D%3D.3-ccb7-5&ccb=7-5&_nc_sid=58cdad&efg=eyJ2ZW5jb2RlX3RhZyI6IkZFRUQueHBpZHMuMTM1MC5zZHIucmVndWxhcl9waG90by5DMiJ9&_nc_ohc=wXQuivYivwoQ7kNvwF5p2cf&_nc_oc=Adp3MSbyZehCFwdta6zm_tXItUO2pegdDIvgfFlHWTKABO666j2qAdtrqjyj5LhrRQw&_nc_ad=z-m&_nc_cid=0&_nc_zt=23&_nc_ht=scontent-waw2-2.cdninstagram.com&_nc_gid=7Km_DVQKuLCEV1bZQdj17Q&_nc_ss=7a22e&oh=00_AQK5367QoveN8qbXyMCLvHnuYZq_N4YPlwy-xmxEobdwdA&oe=6A9B8EEE,https://www.instagram.com/p/DcivkuqOXSF/
Bom Jesus Primavera do Leste 🛒,Limpeza / Cuidados com a Casa,Detergente em Pó Tixan Ypê 2.4kg,28.99,28/08/2026,https://scontent-ams2-1.cdninstagram.com/v/t51.82787-15/788860531_18374942995237813_624644092953609674_n.jpg?stp=dst-jpg_e35_tt6&_nc_cat=106&ig_cache_key=Mzk3Mzk3Nzc4MjEzMTM5MTcwNQ%3D%3D.3-ccb7-5&ccb=7-5&_nc_sid=58cdad&efg=eyJ2ZW5jb2RlX3RhZyI6IkNBUk9VU0VMX0lURU0ueHBpZHMuMTA4MC5zZHIucmVndWxhcl9waG90by5DMyJ9&_nc_ohc=7IsixMbzdvIQ7kNvwFBEauc&_nc_oc=AdpH9K1QTD1BKoyG8uMa-8FTcfyQYSoEGIeCTBwl-_lQqMaQys9Z6l54LhOSWgvo7OM&_nc_ad=z-m&_nc_cid=0&_nc_zt=23&_nc_ht=scontent-ams2-1.cdninstagram.com&_nc_gid=jRI1dTb-zr9XSjXpQtgHvg&_nc_ss=7a22e&oh=00_AQLoVcKI7wLGY4VuJ1H2Nra6N-LzPXIYCLT1m60p2y_BjA&oe=6A9B994B,https://www.instagram.com/p/DcmZ8cDD400/
Machadão Atacadista,Limpeza / Cuidados com a Casa,Cloro Estabilizado Triaction Aquapool 10kg,189.9,31/08/2026,https://instagram.fmel5-1.fna.fbcdn.net/v/t39.30808-6/785365107_1362151536004804_2436712632418186403_n.jpg?stp=dst-jpg_e35_tt6&_nc_cat=102&ig_cache_key=Mzk3NTQ4NzAyMDU1MDAxMDIxMA%3D%3D.3-ccb7-5&ccb=7-5&_nc_sid=58cdad&efg=eyJ2ZW5jb2RlX3RhZyI6IkNBUk9VU0VMX0lURU0ueHBpZHMuMTA4MC5zZHIucmVndWxhcl9waG90by5DMyJ9&_nc_ohc=r9vPLYgKGq0Q7kNvwECFSxy&_nc_oc=AdoTDINt3mufybeSG7Dmw9WWuIYhlhyDYfeRnM6z4HtC-6FwMrQ43kszss5Lb-oRBjQ&_nc_ad=z-m&_nc_cid=0&_nc_zt=23&_nc_ht=instagram.fmel5-1.fna&_nc_gid=Qk_94HUhvzOUfFEqa-fMKg&_nc_ss=7a22e&oh=00_AQLYobgC8UaYKMzqnmx7KO9KiaaaYY6qkbq9zuKwWOPMXA&oe=6A9BA329,https://www.instagram.com/p/DcrxGX5j8V3/
Supermercado Tuiuiú,Limpeza / Lavanderia e Louça,Sabão em Pó Tixan 800g,8.99,28/08/2026,https://scontent-bos5-1.cdninstagram.com/v/t39.30808-6/782169170_1720016740132144_6974904276998945912_n.jpg?stp=dst-jpg_e35_tt6&_nc_cat=105&ig_cache_key=Mzk3MzM0Mjg3OTk5ODQ4MTkyMA%3D%3D.3-ccb7-5&ccb=7-5&_nc_sid=58cdad&efg=eyJ2ZW5jb2RlX3RhZyI6IkNBUk9VU0VMX0lURU0ueHBpZHMuMTI1NC5zZHIucmVndWxhcl9waG90by5DMyJ9&_nc_ohc=q-Z25NrUeboQ7kNvwHqS5sq&_nc_oc=Ado8ZisoxMJdNr2XXrSPHfie9hA4T1REfPpsoEskvp3ykgA6l0ci8XJNl__Mnr1g-Nc&_nc_ad=z-m&_nc_cid=0&_nc_zt=23&_nc_ht=scontent-bos5-1.cdninstagram.com&_nc_gid=bmLXXYJOFClGMwHlmUZfvA&_nc_ss=7a22e&oh=00_AQIIXLtKqVSb-WgFz2G5Ghcv79S983g7ZdBr9Ee-1dirQA&oe=6A9B7709,https://www.instagram.com/p/DckJlYyI3Tu/
Bom Jesus Primavera do Leste 🛒,Limpeza / Lavanderia e Louça,Lava Roupas Líquido Omo 750ml,15.99,27/08/2026,https://scontent-waw2-2.cdninstagram.com/v/t51.82787-15/787993259_18374687005237813_4471412213431393234_n.jpg?stp=dst-jpg_e35_tt6&_nc_cat=103&ig_cache_key=Mzk3Mjk0NzA1MzQ4MTkxNTUyNQ%3D%3D.3-ccb7-5&ccb=7-5&_nc_sid=58cdad&efg=eyJ2ZW5jb2RlX3RhZyI6IkZFRUQueHBpZHMuMTM1MC5zZHIucmVndWxhcl9waG90by5DMiJ9&_nc_ohc=wXQuivYivwoQ7kNvwF5p2cf&_nc_oc=Adp3MSbyZehCFwdta6zm_tXItUO2pegdDIvgfFlHWTKABO666j2qAdtrqjyj5LhrRQw&_nc_ad=z-m&_nc_cid=0&_nc_zt=23&_nc_ht=scontent-waw2-2.cdninstagram.com&_nc_gid=7Km_DVQKuLCEV1bZQdj17Q&_nc_ss=7a22e&oh=00_AQK5367QoveN8qbXyMCLvHnuYZq_N4YPlwy-xmxEobdwdA&oe=6A9B8EEE,https://www.instagram.com/p/DcivkuqOXSF/
Supermercado Tuiuiú,Limpeza / Lavanderia e Louça,Sabão Líquido Omo 1.8L,19.99,28/08/2026,https://scontent-bos5-1.cdninstagram.com/v/t39.30808-6/782169170_1720016740132144_6974904276998945912_n.jpg?stp=dst-jpg_e35_tt6&_nc_cat=105&ig_cache_key=Mzk3MzM0Mjg3OTk5ODQ4MTkyMA%3D%3D.3-ccb7-5&ccb=7-5&_nc_sid=58cdad&efg=eyJ2ZW5jb2RlX3RhZyI6IkNBUk9VU0VMX0lURU0ueHBpZHMuMTI1NC5zZHIucmVndWxhcl9waG90by5DMyJ9&_nc_ohc=q-Z25NrUeboQ7kNvwHqS5sq&_nc_oc=Ado8ZisoxMJdNr2XXrSPHfie9hA4T1REfPpsoEskvp3ykgA6l0ci8XJNl__Mnr1g-Nc&_nc_ad=z-m&_nc_cid=0&_nc_zt=23&_nc_ht=scontent-bos5-1.cdninstagram.com&_nc_gid=bmLXXYJOFClGMwHlmUZfvA&_nc_ss=7a22e&oh=00_AQIIXLtKqVSb-WgFz2G5Ghcv79S983g7ZdBr9Ee-1dirQA&oe=6A9B7709,https://www.instagram.com/p/DckJlYyI3Tu/
Super Compras Supermercado,Limpeza / Lavanderia e Louça,Sabão em Pó Ace 4kg,26.99,31/08/2026,https://scontent-cdg6-1.cdninstagram.com/v/t51.82787-15/791974186_18193115938391764_5859732845031236442_n.jpg?stp=dst-jpg_e35_tt6&_nc_cat=105&ig_cache_key=Mzk3NTQ2MjE2MTk0MjIyOTY3Mg%3D%3D.3-ccb7-5&ccb=7-5&_nc_sid=58cdad&efg=eyJ2ZW5jb2RlX3RhZyI6IkNBUk9VU0VMX0lURU0ueHBpZHMuMTQ0MC5zZHIucmVndWxhcl9waG90by5DMyJ9&_nc_ohc=nzcZ4VRfyfMQ7kNvwHlUecV&_nc_oc=AdoDpzccQT_CRgfCO6U14HiEYyiByabnmNVK51dOCu43Hoi56T5dZJF32jeqL2cOH4xs2DEWWS6hNm1HlevCiDgj&_nc_ad=z-m&_nc_cid=0&_nc_zt=23&_nc_ht=scontent-cdg6-1.cdninstagram.com&_nc_gid=OJoajgHHc593TCu2NktQWw&_nc_ss=7a22e&oh=00_AQIByuI4N9Eh3WnAxBULUmrjbTjDc60A4epdtf64WiGfZA&oe=6A9B7076,https://www.instagram.com/p/DcrreFFEorJ/
Supermercado Tuiuiú,Mercearia / Arroz,Arroz Rei 5kg,16.99,28/08/2026,https://scontent-bos5-1.cdninstagram.com/v/t39.30808-6/780374541_1720016716798813_3229780711925498508_n.jpg?stp=dst-jpg_e35_tt6&_nc_cat=110&ig_cache_key=Mzk3MzM0Mjg3OTQ0NDg1Mjc3NQ%3D%3D.3-ccb7-5&ccb=7-5&_nc_sid=58cdad&efg=eyJ2ZW5jb2RlX3RhZyI6IkNBUk9VU0VMX0lURU0ueHBpZHMuMTI1NC5zZHIucmVndWxhcl9waG90by5DMyJ9&_nc_ohc=C-w4dEpy90cQ7kNvwELXwLi&_nc_oc=Adq5iAm_10JJZnhIROSQSstP6OUeXCObAurEj3Zl48XlKHCJUq2wEzp5DyuTklQJ70c&_nc_ad=z-m&_nc_cid=0&_nc_zt=23&_nc_ht=scontent-bos5-1.cdninstagram.com&_nc_gid=bmLXXYJOFClGMwHlmUZfvA&_nc_ss=7a22e&oh=00_AQKw4wY2X0DqSF1VeFEYoihQ__ZixCvGOWMG3_gBoz_otA&oe=6A9B7C4A,https://www.instagram.com/p/DckJlYyI3Tu/
Bom Jesus Primavera do Leste 🛒,Mercearia / Arroz,Arroz São João 5kg,16.99,28/08/2026,https://scontent-ams2-1.cdninstagram.com/v/t51.82787-15/788139857_18374943016237813_6095318216715939563_n.jpg?stp=dst-jpg_e35_tt6&_nc_cat=107&ig_cache_key=Mzk3Mzk3Nzc4MDcyMjI3NDY1Mg%3D%3D.3-ccb7-5&ccb=7-5&_nc_sid=58cdad&efg=eyJ2ZW5jb2RlX3RhZyI6IkNBUk9VU0VMX0lURU0ueHBpZHMuMTA4MC5zZHIucmVndWxhcl9waG90by5DMyJ9&_nc_ohc=u6RrkwcH62kQ7kNvwFsd-0U&_nc_oc=Adpihwj10u-gtE9AOlNelJ7Pcs9mJp3py1SUNkxTBlx8SqXy80_pAqE-gfvACtUV5D4&_nc_ad=z-m&_nc_cid=0&_nc_zt=23&_nc_ht=scontent-ams2-1.cdninstagram.com&_nc_gid=jRI1dTb-zr9XSjXpQtgHvg&_nc_ss=7a22e&oh=00_AQLioGgANVH1b_knfNEaQmt0mGjOFnOW8HWM1x1i8W9mOA&oe=6A9B9730,https://www.instagram.com/p/DcmZ8cDD400/
Supermercado São Pedro,Mercearia / Arroz,Arroz São João 5kg,18.49,27/08/2026,https://scontent-cdg4-2.cdninstagram.com/v/t39.30808-6/788413222_1505168981656218_2918311736305518854_n.jpg?stp=c0.0.1638.2047a_dst-jpg_e35_s1638x2047_tt6&_nc_cat=107&ig_cache_key=Mzk3MzI3Njk2ODIzODI0MjE0OA%3D%3D.3-ccb7-5&ccb=7-5&_nc_sid=58cdad&efg=eyJ2ZW5jb2RlX3RhZyI6IkNBUk9VU0VMX0lURU0ueHBpZHMuMTYzOC5zZHIucmVndWxhcl9waG90by5DMyJ9&_nc_ohc=6u-bXG9Z0hAQ7kNvwECUv0L&_nc_oc=Adrfup-oh_tTDaQKc8McqTthgcIZl5J8qyKW_ZULDj4ek1R0HQACnXE1JUO0g1IXcaY&_nc_ad=z-m&_nc_cid=0&_nc_zt=23&_nc_ht=scontent-cdg4-2.cdninstagram.com&_nc_gid=yLPiqNBTOuIh-HMOfC0RHA&_nc_ss=7a22e&oh=00_AQJjbCsYWro8MmE_RR62ULRL-8GxfRGZOStSK22xaNfFQg&oe=6A9BA5E0,https://www.instagram.com/p/Dcj6lyLlKpL/
Super Compras Supermercado,Mercearia / Arroz,Arroz Kumbuca tipo 1 5kg,21.99,29/08/2026,https://scontent-fra5-1.cdninstagram.com/v/t51.82787-15/787743920_18192892438391764_3005082908538598587_n.jpg?stp=dst-jpg_e35_tt6&_nc_cat=110&ig_cache_key=Mzk3NDAxMjMzNjQ5MTI3ODEzMg%3D%3D.3-ccb7-5&ccb=7-5&_nc_sid=58cdad&efg=eyJ2ZW5jb2RlX3RhZyI6IkNBUk9VU0VMX0lURU0ueHBpZHMuMTQ0MC5zZHIucmVndWxhcl9waG90by5DMyJ9&_nc_ohc=sDvW_231DL8Q7kNvwFUd-mY&_nc_oc=AdrVs152QyDKEMVf-19X4yc6xKwJI756zpOQan9pTBPi9CT3lHvSYCvTfyK3pJyyI5g&_nc_ad=z-m&_nc_cid=0&_nc_zt=23&_nc_ht=scontent-fra5-1.cdninstagram.com&_nc_gid=XE-WXNcIBrbBoDtt9F1rqg&_nc_ss=7a22e&oh=00_AQIMMY89zBTA66ZO23Vkasl2XpURebDtLT1oO3e0lElHuw&oe=6A9B703B,https://www.instagram.com/p/DcmhzwZjQj_/
Supermercado Tuiuiú,Mercearia / Açúcar,Açúcar Cristal Doce Dia 2kg,4.29,28/08/2026,https://scontent-bos5-1.cdninstagram.com/v/t39.30808-6/780374541_1720016716798813_3229780711925498508_n.jpg?stp=dst-jpg_e35_tt6&_nc_cat=110&ig_cache_key=Mzk3MzM0Mjg3OTQ0NDg1Mjc3NQ%3D%3D.3-ccb7-5&ccb=7-5&_nc_sid=58cdad&efg=eyJ2ZW5jb2RlX3RhZyI6IkNBUk9VU0VMX0lURU0ueHBpZHMuMTI1NC5zZHIucmVndWxhcl9waG90by5DMyJ9&_nc_ohc=C-w4dEpy90cQ7kNvwELXwLi&_nc_oc=Adq5iAm_10JJZnhIROSQSstP6OUeXCObAurEj3Zl48XlKHCJUq2wEzp5DyuTklQJ70c&_nc_ad=z-m&_nc_cid=0&_nc_zt=23&_nc_ht=scontent-bos5-1.cdninstagram.com&_nc_gid=bmLXXYJOFClGMwHlmUZfvA&_nc_ss=7a22e&oh=00_AQKw4wY2X0DqSF1VeFEYoihQ__ZixCvGOWMG3_gBoz_otA&oe=6A9B7C4A,https://www.instagram.com/p/DckJlYyI3Tu/
Bom Jesus Primavera do Leste 🛒,Mercearia / Açúcar,Açúcar Barralcool 2kg,4.89,28/08/2026,https://scontent-ams2-1.cdninstagram.com/v/t51.82787-15/786342905_18374942944237813_9171546184561105620_n.jpg?stp=dst-jpg_e35_tt6&_nc_cat=111&ig_cache_key=Mzk3Mzk3Nzc3NzA4MTU2NjM1Ng%3D%3D.3-ccb7-5&ccb=7-5&_nc_sid=58cdad&efg=eyJ2ZW5jb2RlX3RhZyI6IkNBUk9VU0VMX0lURU0ueHBpZHMuMTA4MC5zZHIucmVndWxhcl9waG90by5DMyJ9&_nc_ohc=mA-M1AzSXEAQ7kNvwFb1pRx&_nc_oc=Adow8BNM6_IixkR1b_1LGMVFnCOVKofQCAVt7slBK10I1Cx3ppVJyDGbqofUzC1IBpo&_nc_ad=z-m&_nc_cid=0&_nc_zt=23&_nc_ht=scontent-ams2-1.cdninstagram.com&_nc_gid=jRI1dTb-zr9XSjXpQtgHvg&_nc_ss=7a22e&oh=00_AQJ9nY3Ea2hMK9isQ49xI7-1L3mFfItWbtU_J-NnmFmhMw&oe=6A9B7098,https://www.instagram.com/p/DcmZ8cDD400/
Supermercado Tuiuiú,Mercearia / Biscoitos e Doces,Biscoito Passatempo 130g,2.49,28/08/2026,https://scontent-bos5-1.cdninstagram.com/v/t39.30808-6/752708427_1720016720132146_149709506206268519_n.jpg?stp=dst-jpg_e35_tt6&_nc_cat=108&ig_cache_key=Mzk3MzM0Mjg4MDAxNTI3Mzk0NA%3D%3D.3-ccb7-5&ccb=7-5&_nc_sid=58cdad&efg=eyJ2ZW5jb2RlX3RhZyI6IkNBUk9VU0VMX0lURU0ueHBpZHMuMTI1NC5zZHIucmVndWxhcl9waG90by5DMyJ9&_nc_ohc=_3zRKVChKd8Q7kNvwGWOzzA&_nc_oc=Adob59KjFpC0Iq-CsCGQbtVzwRiqt44j0j8HxjHRaRpwuM1FdjSWH-Ot8uFkj6f45gI&_nc_ad=z-m&_nc_cid=0&_nc_zt=23&_nc_ht=scontent-bos5-1.cdninstagram.com&_nc_gid=bmLXXYJOFClGMwHlmUZfvA&_nc_ss=7a22e&oh=00_AQLE2gMren8m6MNZOjJ7AooIrj5jmBkMPmfDS8wP5JCEIQ&oe=6A9B9A13,https://www.instagram.com/p/DckJlYyI3Tu/
Supermercado Tuiuiú,Mercearia / Biscoitos e Doces,Rosquinha Belma 500g,4.49,28/08/2026,https://scontent-bos5-1.cdninstagram.com/v/t39.30808-6/752708427_1720016720132146_149709506206268519_n.jpg?stp=dst-jpg_e35_tt6&_nc_cat=108&ig_cache_key=Mzk3MzM0Mjg4MDAxNTI3Mzk0NA%3D%3D.3-ccb7-5&ccb=7-5&_nc_sid=58cdad&efg=eyJ2ZW5jb2RlX3RhZyI6IkNBUk9VU0VMX0lURU0ueHBpZHMuMTI1NC5zZHIucmVndWxhcl9waG90by5DMyJ9&_nc_ohc=_3zRKVChKd8Q7kNvwGWOzzA&_nc_oc=Adob59KjFpC0Iq-CsCGQbtVzwRiqt44j0j8HxjHRaRpwuM1FdjSWH-Ot8uFkj6f45gI&_nc_ad=z-m&_nc_cid=0&_nc_zt=23&_nc_ht=scontent-bos5-1.cdninstagram.com&_nc_gid=bmLXXYJOFClGMwHlmUZfvA&_nc_ss=7a22e&oh=00_AQLE2gMren8m6MNZOjJ7AooIrj5jmBkMPmfDS8wP5JCEIQ&oe=6A9B9A13,https://www.instagram.com/p/DckJlYyI3Tu/
Supermercado Tuiuiú,Mercearia / Biscoitos e Doces,Mistura Para Bolo Adorale 400g,5.49,28/08/2026,https://scontent-bos5-1.cdninstagram.com/v/t39.30808-6/777867278_1720016746798810_8968857745876573698_n.jpg?stp=dst-jpg_e35_tt6&_nc_cat=108&ig_cache_key=Mzk3MzM0Mjg3ODY1NjMwNjQwOQ%3D%3D.3-ccb7-5&ccb=7-5&_nc_sid=58cdad&efg=eyJ2ZW5jb2RlX3RhZyI6IkNBUk9VU0VMX0lURU0ueHBpZHMuMTI1NC5zZHIucmVndWxhcl9waG90by5DMyJ9&_nc_ohc=7pvC346oZEwQ7kNvwGtBk0w&_nc_oc=AdoRYkJAoR6WiYUO8Q_0v1UjpwcYIK9MNQqWkHyPjJ8WrGIoWH8FCAOptrMnXI7DtLM&_nc_ad=z-m&_nc_cid=0&_nc_zt=23&_nc_ht=scontent-bos5-1.cdninstagram.com&_nc_gid=bmLXXYJOFClGMwHlmUZfvA&_nc_ss=7a22e&oh=00_AQIl2JzNPhpM02uWq7s6e73jd1zxEMDZJMtBSojuyoFbKQ&oe=6A9BA009,https://www.instagram.com/p/DckJlYyI3Tu/
Supermercado Tuiuiú,Mercearia / Biscoitos e Doces,Chocolate Hershey's 82g,7.49,28/08/2026,https://scontent-bos5-1.cdninstagram.com/v/t39.30808-6/752708427_1720016720132146_149709506206268519_n.jpg?stp=dst-jpg_e35_tt6&_nc_cat=108&ig_cache_key=Mzk3MzM0Mjg4MDAxNTI3Mzk0NA%3D%3D.3-ccb7-5&ccb=7-5&_nc_sid=58cdad&efg=eyJ2ZW5jb2RlX3RhZyI6IkNBUk9VU0VMX0lURU0ueHBpZHMuMTI1NC5zZHIucmVndWxhcl9waG90by5DMyJ9&_nc_ohc=_3zRKVChKd8Q7kNvwGWOzzA&_nc_oc=Adob59KjFpC0Iq-CsCGQbtVzwRiqt44j0j8HxjHRaRpwuM1FdjSWH-Ot8uFkj6f45gI&_nc_ad=z-m&_nc_cid=0&_nc_zt=23&_nc_ht=scontent-bos5-1.cdninstagram.com&_nc_gid=bmLXXYJOFClGMwHlmUZfvA&_nc_ss=7a22e&oh=00_AQLE2gMren8m6MNZOjJ7AooIrj5jmBkMPmfDS8wP5JCEIQ&oe=6A9B9A13,https://www.instagram.com/p/DckJlYyI3Tu/
Supermercado Tuiuiú,Mercearia / Biscoitos e Doces,Bombom Lacta Nestlé Garoto 220g,10.99,28/08/2026,https://scontent-bos5-1.cdninstagram.com/v/t39.30808-6/752708427_1720016720132146_149709506206268519_n.jpg?stp=dst-jpg_e35_tt6&_nc_cat=108&ig_cache_key=Mzk3MzM0Mjg4MDAxNTI3Mzk0NA%3D%3D.3-ccb7-5&ccb=7-5&_nc_sid=58cdad&efg=eyJ2ZW5jb2RlX3RhZyI6IkNBUk9VU0VMX0lURU0ueHBpZHMuMTI1NC5zZHIucmVndWxhcl9waG90by5DMyJ9&_nc_ohc=_3zRKVChKd8Q7kNvwGWOzzA&_nc_oc=Adob59KjFpC0Iq-CsCGQbtVzwRiqt44j0j8HxjHRaRpwuM1FdjSWH-Ot8uFkj6f45gI&_nc_ad=z-m&_nc_cid=0&_nc_zt=23&_nc_ht=scontent-bos5-1.cdninstagram.com&_nc_gid=bmLXXYJOFClGMwHlmUZfvA&_nc_ss=7a22e&oh=00_AQLE2gMren8m6MNZOjJ7AooIrj5jmBkMPmfDS8wP5JCEIQ&oe=6A9B9A13,https://www.instagram.com/p/DckJlYyI3Tu/
Supermercado Tuiuiú,Mercearia / Café,Café Nascente Araguaia 250g,8.99,28/08/2026,https://scontent-bos5-1.cdninstagram.com/v/t39.30808-6/777867278_1720016746798810_8968857745876573698_n.jpg?stp=dst-jpg_e35_tt6&_nc_cat=108&ig_cache_key=Mzk3MzM0Mjg3ODY1NjMwNjQwOQ%3D%3D.3-ccb7-5&ccb=7-5&_nc_sid=58cdad&efg=eyJ2ZW5jb2RlX3RhZyI6IkNBUk9VU0VMX0lURU0ueHBpZHMuMTI1NC5zZHIucmVndWxhcl9waG90by5DMyJ9&_nc_ohc=7pvC346oZEwQ7kNvwGtBk0w&_nc_oc=AdoRYkJAoR6WiYUO8Q_0v1UjpwcYIK9MNQqWkHyPjJ8WrGIoWH8FCAOptrMnXI7DtLM&_nc_ad=z-m&_nc_cid=0&_nc_zt=23&_nc_ht=scontent-bos5-1.cdninstagram.com&_nc_gid=bmLXXYJOFClGMwHlmUZfvA&_nc_ss=7a22e&oh=00_AQIl2JzNPhpM02uWq7s6e73jd1zxEMDZJMtBSojuyoFbKQ&oe=6A9BA009,https://www.instagram.com/p/DckJlYyI3Tu/
Super Compras Supermercado,Mercearia / Café,Café Quitada 250g,15.99,31/08/2026,https://scontent-cdg6-1.cdninstagram.com/v/t51.82787-15/791974186_18193115938391764_5859732845031236442_n.jpg?stp=dst-jpg_e35_tt6&_nc_cat=105&ig_cache_key=Mzk3NTQ2MjE2MTk0MjIyOTY3Mg%3D%3D.3-ccb7-5&ccb=7-5&_nc_sid=58cdad&efg=eyJ2ZW5jb2RlX3RhZyI6IkNBUk9VU0VMX0lURU0ueHBpZHMuMTQ0MC5zZHIucmVndWxhcl9waG90by5DMyJ9&_nc_ohc=nzcZ4VRfyfMQ7kNvwHlUecV&_nc_oc=AdoDpzccQT_CRgfCO6U14HiEYyiByabnmNVK51dOCu43Hoi56T5dZJF32jeqL2cOH4xs2DEWWS6hNm1HlevCiDgj&_nc_ad=z-m&_nc_cid=0&_nc_zt=23&_nc_ht=scontent-cdg6-1.cdninstagram.com&_nc_gid=OJoajgHHc593TCu2NktQWw&_nc_ss=7a22e&oh=00_AQIByuI4N9Eh3WnAxBULUmrjbTjDc60A4epdtf64WiGfZA&oe=6A9B7076,https://www.instagram.com/p/DcrreFFEorJ/
Supermercado São Pedro,Mercearia / Café,Café Torrado e Moído Caboclo 500g,24.49,27/08/2026,https://scontent-cdg4-2.cdninstagram.com/v/t39.30808-6/788413222_1505168981656218_2918311736305518854_n.jpg?stp=c0.0.1638.2047a_dst-jpg_e35_s1638x2047_tt6&_nc_cat=107&ig_cache_key=Mzk3MzI3Njk2ODIzODI0MjE0OA%3D%3D.3-ccb7-5&ccb=7-5&_nc_sid=58cdad&efg=eyJ2ZW5jb2RlX3RhZyI6IkNBUk9VU0VMX0lURU0ueHBpZHMuMTYzOC5zZHIucmVndWxhcl9waG90by5DMyJ9&_nc_ohc=6u-bXG9Z0hAQ7kNvwECUv0L&_nc_oc=Adrfup-oh_tTDaQKc8McqTthgcIZl5J8qyKW_ZULDj4ek1R0HQACnXE1JUO0g1IXcaY&_nc_ad=z-m&_nc_cid=0&_nc_zt=23&_nc_ht=scontent-cdg4-2.cdninstagram.com&_nc_gid=yLPiqNBTOuIh-HMOfC0RHA&_nc_ss=7a22e&oh=00_AQJjbCsYWro8MmE_RR62ULRL-8GxfRGZOStSK22xaNfFQg&oe=6A9BA5E0,https://www.instagram.com/p/Dcj6lyLlKpL/
Supermercado Tuiuiú,Mercearia / Farináceos,Farinha de Trigo Ventureli 1kg,5.49,28/08/2026,https://scontent-bos5-1.cdninstagram.com/v/t39.30808-6/780374541_1720016716798813_3229780711925498508_n.jpg?stp=dst-jpg_e35_tt6&_nc_cat=110&ig_cache_key=Mzk3MzM0Mjg3OTQ0NDg1Mjc3NQ%3D%3D.3-ccb7-5&ccb=7-5&_nc_sid=58cdad&efg=eyJ2ZW5jb2RlX3RhZyI6IkNBUk9VU0VMX0lURU0ueHBpZHMuMTI1NC5zZHIucmVndWxhcl9waG90by5DMyJ9&_nc_ohc=C-w4dEpy90cQ7kNvwELXwLi&_nc_oc=Adq5iAm_10JJZnhIROSQSstP6OUeXCObAurEj3Zl48XlKHCJUq2wEzp5DyuTklQJ70c&_nc_ad=z-m&_nc_cid=0&_nc_zt=23&_nc_ht=scontent-bos5-1.cdninstagram.com&_nc_gid=bmLXXYJOFClGMwHlmUZfvA&_nc_ss=7a22e&oh=00_AQKw4wY2X0DqSF1VeFEYoihQ__ZixCvGOWMG3_gBoz_otA&oe=6A9B7C4A,https://www.instagram.com/p/DckJlYyI3Tu/
Supermercado Tuiuiú,Mercearia / Grãos e Conservas,Milho Verde Só Fruta 170g,2.89,28/08/2026,https://scontent-bos5-1.cdninstagram.com/v/t39.30808-6/777867278_1720016746798810_8968857745876573698_n.jpg?stp=dst-jpg_e35_tt6&_nc_cat=108&ig_cache_key=Mzk3MzM0Mjg3ODY1NjMwNjQwOQ%3D%3D.3-ccb7-5&ccb=7-5&_nc_sid=58cdad&efg=eyJ2ZW5jb2RlX3RhZyI6IkNBUk9VU0VMX0lURU0ueHBpZHMuMTI1NC5zZHIucmVndWxhcl9waG90by5DMyJ9&_nc_ohc=7pvC346oZEwQ7kNvwGtBk0w&_nc_oc=AdoRYkJAoR6WiYUO8Q_0v1UjpwcYIK9MNQqWkHyPjJ8WrGIoWH8FCAOptrMnXI7DtLM&_nc_ad=z-m&_nc_cid=0&_nc_zt=23&_nc_ht=scontent-bos5-1.cdninstagram.com&_nc_gid=bmLXXYJOFClGMwHlmUZfvA&_nc_ss=7a22e&oh=00_AQIl2JzNPhpM02uWq7s6e73jd1zxEMDZJMtBSojuyoFbKQ&oe=6A9BA009,https://www.instagram.com/p/DckJlYyI3Tu/
Supermercado Tuiuiú,Mercearia / Grãos e Conservas,Feijão Kumbuca 1kg,6.49,28/08/2026,https://scontent-bos5-1.cdninstagram.com/v/t39.30808-6/780374541_1720016716798813_3229780711925498508_n.jpg?stp=dst-jpg_e35_tt6&_nc_cat=110&ig_cache_key=Mzk3MzM0Mjg3OTQ0NDg1Mjc3NQ%3D%3D.3-ccb7-5&ccb=7-5&_nc_sid=58cdad&efg=eyJ2ZW5jb2RlX3RhZyI6IkNBUk9VU0VMX0lURU0ueHBpZHMuMTI1NC5zZHIucmVndWxhcl9waG90by5DMyJ9&_nc_ohc=C-w4dEpy90cQ7kNvwELXwLi&_nc_oc=Adq5iAm_10JJZnhIROSQSstP6OUeXCObAurEj3Zl48XlKHCJUq2wEzp5DyuTklQJ70c&_nc_ad=z-m&_nc_cid=0&_nc_zt=23&_nc_ht=scontent-bos5-1.cdninstagram.com&_nc_gid=bmLXXYJOFClGMwHlmUZfvA&_nc_ss=7a22e&oh=00_AQKw4wY2X0DqSF1VeFEYoihQ__ZixCvGOWMG3_gBoz_otA&oe=6A9B7C4A,https://www.instagram.com/p/DckJlYyI3Tu/
Bom Jesus Primavera do Leste 🛒,Mercearia / Grãos e Conservas,Feijão Carioca Dona Dê 1kg,6.79,28/08/2026,https://scontent-ams2-1.cdninstagram.com/v/t51.82787-15/788139857_18374943016237813_6095318216715939563_n.jpg?stp=dst-jpg_e35_tt6&_nc_cat=107&ig_cache_key=Mzk3Mzk3Nzc4MDcyMjI3NDY1Mg%3D%3D.3-ccb7-5&ccb=7-5&_nc_sid=58cdad&efg=eyJ2ZW5jb2RlX3RhZyI6IkNBUk9VU0VMX0lURU0ueHBpZHMuMTA4MC5zZHIucmVndWxhcl9waG90by5DMyJ9&_nc_ohc=u6RrkwcH62kQ7kNvwFsd-0U&_nc_oc=Adpihwj10u-gtE9AOlNelJ7Pcs9mJp3py1SUNkxTBlx8SqXy80_pAqE-gfvACtUV5D4&_nc_ad=z-m&_nc_cid=0&_nc_zt=23&_nc_ht=scontent-ams2-1.cdninstagram.com&_nc_gid=jRI1dTb-zr9XSjXpQtgHvg&_nc_ss=7a22e&oh=00_AQLioGgANVH1b_knfNEaQmt0mGjOFnOW8HWM1x1i8W9mOA&oe=6A9B9730,https://www.instagram.com/p/DcmZ8cDD400/
Supermercado São Pedro,Mercearia / Molhos e Condimentos,Extrato de Tomate Elefante 300g,7.19,27/08/2026,https://scontent-cdg4-2.cdninstagram.com/v/t39.30808-6/788413222_1505168981656218_2918311736305518854_n.jpg?stp=c0.0.1638.2047a_dst-jpg_e35_s1638x2047_tt6&_nc_cat=107&ig_cache_key=Mzk3MzI3Njk2ODIzODI0MjE0OA%3D%3D.3-ccb7-5&ccb=7-5&_nc_sid=58cdad&efg=eyJ2ZW5jb2RlX3RhZyI6IkNBUk9VU0VMX0lURU0ueHBpZHMuMTYzOC5zZHIucmVndWxhcl9waG90by5DMyJ9&_nc_ohc=6u-bXG9Z0hAQ7kNvwECUv0L&_nc_oc=Adrfup-oh_tTDaQKc8McqTthgcIZl5J8qyKW_ZULDj4ek1R0HQACnXE1JUO0g1IXcaY&_nc_ad=z-m&_nc_cid=0&_nc_zt=23&_nc_ht=scontent-cdg4-2.cdninstagram.com&_nc_gid=yLPiqNBTOuIh-HMOfC0RHA&_nc_ss=7a22e&oh=00_AQJjbCsYWro8MmE_RR62ULRL-8GxfRGZOStSK22xaNfFQg&oe=6A9BA5E0,https://www.instagram.com/p/Dcj6lyLlKpL/
Supermercado Tuiuiú,Mercearia / Óleos e Azeites,Macarrão Gallo 500g,2.99,28/08/2026,https://scontent-bos5-1.cdninstagram.com/v/t39.30808-6/777867278_1720016746798810_8968857745876573698_n.jpg?stp=dst-jpg_e35_tt6&_nc_cat=108&ig_cache_key=Mzk3MzM0Mjg3ODY1NjMwNjQwOQ%3D%3D.3-ccb7-5&ccb=7-5&_nc_sid=58cdad&efg=eyJ2ZW5jb2RlX3RhZyI6IkNBUk9VU0VMX0lURU0ueHBpZHMuMTI1NC5zZHIucmVndWxhcl9waG90by5DMyJ9&_nc_ohc=7pvC346oZEwQ7kNvwGtBk0w&_nc_oc=AdoRYkJAoR6WiYUO8Q_0v1UjpwcYIK9MNQqWkHyPjJ8WrGIoWH8FCAOptrMnXI7DtLM&_nc_ad=z-m&_nc_cid=0&_nc_zt=23&_nc_ht=scontent-bos5-1.cdninstagram.com&_nc_gid=bmLXXYJOFClGMwHlmUZfvA&_nc_ss=7a22e&oh=00_AQIl2JzNPhpM02uWq7s6e73jd1zxEMDZJMtBSojuyoFbKQ&oe=6A9BA009,https://www.instagram.com/p/DckJlYyI3Tu/
Bom Jesus Primavera do Leste 🛒,Mercearia / Óleos e Azeites,Batata Monalisa kg,4.99,31/08/2026,https://instagram.fvlc6-1.fna.fbcdn.net/v/t51.82787-15/790113394_18375342289237813_7246427130316640513_n.jpg?stp=dst-jpg_e35_tt6&_nc_cat=106&ig_cache_key=Mzk3NTgyNzIxNzI3MDIwNjY3Mg%3D%3D.3-ccb7-5&ccb=7-5&_nc_sid=58cdad&efg=eyJ2ZW5jb2RlX3RhZyI6IkNBUk9VU0VMX0lURU0ueHBpZHMuMTA4MC5zZHIucmVndWxhcl9waG90by5DMyJ9&_nc_ohc=S_BEWTxSEHYQ7kNvwHaOP5i&_nc_oc=Adq6ZWKgJUJUSuR730U8bBea5MIEurP_odr1OOU87L2crYC9mv8BedbEz1jpI7pvkG8&_nc_ad=z-m&_nc_cid=1022&_nc_zt=23&_nc_ht=instagram.fvlc6-1.fna&_nc_gid=0Z_2hOxHJkvd5v7BRwbI5g&_nc_ss=7a22e&oh=00_AQJn1po231fPT9ltKQ0ok3ibBDcnIF5_W2ix3iAg3V1_Mw&oe=6A9BA08F,https://www.instagram.com/p/Dcs-drSFpzk/
Supermercado Tuiuiú,Mercearia / Óleos e Azeites,Óleo de Soja Liza 900ml,5.99,28/08/2026,https://scontent-bos5-1.cdninstagram.com/v/t39.30808-6/780374541_1720016716798813_3229780711925498508_n.jpg?stp=dst-jpg_e35_tt6&_nc_cat=110&ig_cache_key=Mzk3MzM0Mjg3OTQ0NDg1Mjc3NQ%3D%3D.3-ccb7-5&ccb=7-5&_nc_sid=58cdad&efg=eyJ2ZW5jb2RlX3RhZyI6IkNBUk9VU0VMX0lURU0ueHBpZHMuMTI1NC5zZHIucmVndWxhcl9waG90by5DMyJ9&_nc_ohc=C-w4dEpy90cQ7kNvwELXwLi&_nc_oc=Adq5iAm_10JJZnhIROSQSstP6OUeXCObAurEj3Zl48XlKHCJUq2wEzp5DyuTklQJ70c&_nc_ad=z-m&_nc_cid=0&_nc_zt=23&_nc_ht=scontent-bos5-1.cdninstagram.com&_nc_gid=bmLXXYJOFClGMwHlmUZfvA&_nc_ss=7a22e&oh=00_AQKw4wY2X0DqSF1VeFEYoihQ__ZixCvGOWMG3_gBoz_otA&oe=6A9B7C4A,https://www.instagram.com/p/DckJlYyI3Tu/
Supermercado São Pedro,Mercearia / Óleos e Azeites,Óleo de Soja Concórdia 900ml,6.89,27/08/2026,https://scontent-cdg4-2.cdninstagram.com/v/t39.30808-6/788413222_1505168981656218_2918311736305518854_n.jpg?stp=c0.0.1638.2047a_dst-jpg_e35_s1638x2047_tt6&_nc_cat=107&ig_cache_key=Mzk3MzI3Njk2ODIzODI0MjE0OA%3D%3D.3-ccb7-5&ccb=7-5&_nc_sid=58cdad&efg=eyJ2ZW5jb2RlX3RhZyI6IkNBUk9VU0VMX0lURU0ueHBpZHMuMTYzOC5zZHIucmVndWxhcl9waG90by5DMyJ9&_nc_ohc=6u-bXG9Z0hAQ7kNvwECUv0L&_nc_oc=Adrfup-oh_tTDaQKc8McqTthgcIZl5J8qyKW_ZULDj4ek1R0HQACnXE1JUO0g1IXcaY&_nc_ad=z-m&_nc_cid=0&_nc_zt=23&_nc_ht=scontent-cdg4-2.cdninstagram.com&_nc_gid=yLPiqNBTOuIh-HMOfC0RHA&_nc_ss=7a22e&oh=00_AQJjbCsYWro8MmE_RR62ULRL-8GxfRGZOStSK22xaNfFQg&oe=6A9BA5E0,https://www.instagram.com/p/Dcj6lyLlKpL/
Machadão Atacadista,Outros,Palito Dental Billa com Paliteiro,2.99,31/08/2026,https://instagram.fmel5-1.fna.fbcdn.net/v/t39.30808-6/785365107_1362151536004804_2436712632418186403_n.jpg?stp=dst-jpg_e35_tt6&_nc_cat=102&ig_cache_key=Mzk3NTQ4NzAyMDU1MDAxMDIxMA%3D%3D.3-ccb7-5&ccb=7-5&_nc_sid=58cdad&efg=eyJ2ZW5jb2RlX3RhZyI6IkNBUk9VU0VMX0lURU0ueHBpZHMuMTA4MC5zZHIucmVndWxhcl9waG90by5DMyJ9&_nc_ohc=r9vPLYgKGq0Q7kNvwECFSxy&_nc_oc=AdoTDINt3mufybeSG7Dmw9WWuIYhlhyDYfeRnM6z4HtC-6FwMrQ43kszss5Lb-oRBjQ&_nc_ad=z-m&_nc_cid=0&_nc_zt=23&_nc_ht=instagram.fmel5-1.fna&_nc_gid=Qk_94HUhvzOUfFEqa-fMKg&_nc_ss=7a22e&oh=00_AQLYobgC8UaYKMzqnmx7KO9KiaaaYY6qkbq9zuKwWOPMXA&oe=6A9BA329,https://www.instagram.com/p/DcrxGX5j8V3/
Supermercado São Pedro,Outros,Abóbora Cabotíá kg,3.29,30/08/2026,https://scontent-lga3-1.cdninstagram.com/v/t39.30808-6/785363261_1506829171490199_3564182439088120420_n.jpg?stp=dst-jpg_e35_tt6&_nc_cat=103&ig_cache_key=Mzk3NTM5MTQwMjA4NzE3ODI1NA%3D%3D.3-ccb7-5&ccb=7-5&_nc_sid=58cdad&efg=eyJ2ZW5jb2RlX3RhZyI6IkZFRUQueHBpZHMuMTYzOS5zZHIucmVndWxhcl9waG90by5DMyJ9&_nc_ohc=caKO3ASNVSIQ7kNvwFwJczB&_nc_oc=AdoW1_D1gK-cNSJy0bVw8IevlsElwFeJHKytbOLKYvlw4JdZAYWOoHl1ybmZUkzksj7NYYwLDl_cuXaHyivWWnjj&_nc_ad=z-m&_nc_cid=0&_nc_zt=23&_nc_ht=scontent-lga3-1.cdninstagram.com&_nc_gid=cKrKculQkyt1l8gvmfZJFg&_nc_ss=7a22e&oh=00_AQJyKhSq_Md-chFxjBj-JeyIAufxz4nY5-yBeUIcYDLUKQ&oe=6A9B96FF,https://www.instagram.com/p/DcrbWrsjGAO/
Machadão Atacadista,Outros,Abóbora Moranga kg,3.69,31/08/2026,https://scontent-fra5-1.cdninstagram.com/v/t39.30808-6/786828902_1362153686004589_2767377144369527529_n.jpg?stp=dst-jpg_e35_tt6&_nc_cat=102&ig_cache_key=Mzk3NTQ4NDUyMzMyODE1NzczMQ%3D%3D.3-ccb7-5&ccb=7-5&_nc_sid=58cdad&efg=eyJ2ZW5jb2RlX3RhZyI6IkNBUk9VU0VMX0lURU0ueHBpZHMuMTYzOC5zZHIucmVndWxhcl9waG90by5DMyJ9&_nc_ohc=YTJVhLZkNPkQ7kNvwGSJqPm&_nc_oc=Ado-lQC3GSTW0TgXUhWCqqKGYlzv6AzbpY1_9Eyg3OscEjJwrgm55q0e4Xm-xxh6qZBPDgcI7Qsg7_YYAHL3GHiQ&_nc_ad=z-m&_nc_cid=0&_nc_zt=23&_nc_ht=scontent-fra5-1.cdninstagram.com&_nc_gid=kfo5m96Gf15gzW47dkXZxQ&_nc_ss=7a22e&oh=00_AQLPz27CD97mc-9tJsY1L3FgGe7X3OYR5E2b8-6bAKFv8w&oe=6A9B70B9,https://www.instagram.com/p/Dcrwh-ziUeh/
Super Compras Supermercado,Outros,Chuchu kg,3.89,31/08/2026,https://scontent-cdg4-1.cdninstagram.com/v/t51.82787-15/790058600_18193115956391764_8827572755741076576_n.jpg?stp=dst-jpg_e35_tt6&_nc_cat=104&ig_cache_key=Mzk3NTQ2MjIwNjUyNzY2NTkwOQ%3D%3D.3-ccb7-5&ccb=7-5&_nc_sid=58cdad&efg=eyJ2ZW5jb2RlX3RhZyI6IkNBUk9VU0VMX0lURU0ueHBpZHMuMTQ0MC5zZHIucmVndWxhcl9waG90by5DMyJ9&_nc_ohc=lYb2blGkLh4Q7kNvwGmz9Za&_nc_oc=AdpXVQPyI0JV-X0zyCZBmc94wg3MaU5dfg3UFy5oRtk-OBUSrvbF1jxj2QY7fbYmxEaD-cx_Kbbk3SD3Q4he59k7&_nc_ad=z-m&_nc_cid=0&_nc_zt=23&_nc_ht=scontent-cdg4-1.cdninstagram.com&_nc_gid=OJoajgHHc593TCu2NktQWw&_nc_ss=7a22e&oh=00_AQKH7RWqN5H_Fk5SYfVuuI30iGs1WiZ_JpPr2YQ_2g6EMA&oe=6A9BA2B6,https://www.instagram.com/p/DcrreFFEorJ/
Machadão Atacadista,Outros,Chuchu kg,3.98,31/08/2026,https://scontent-fra5-1.cdninstagram.com/v/t39.30808-6/786828902_1362153686004589_2767377144369527529_n.jpg?stp=dst-jpg_e35_tt6&_nc_cat=102&ig_cache_key=Mzk3NTQ4NDUyMzMyODE1NzczMQ%3D%3D.3-ccb7-5&ccb=7-5&_nc_sid=58cdad&efg=eyJ2ZW5jb2RlX3RhZyI6IkNBUk9VU0VMX0lURU0ueHBpZHMuMTYzOC5zZHIucmVndWxhcl9waG90by5DMyJ9&_nc_ohc=YTJVhLZkNPkQ7kNvwGSJqPm&_nc_oc=Ado-lQC3GSTW0TgXUhWCqqKGYlzv6AzbpY1_9Eyg3OscEjJwrgm55q0e4Xm-xxh6qZBPDgcI7Qsg7_YYAHL3GHiQ&_nc_ad=z-m&_nc_cid=0&_nc_zt=23&_nc_ht=scontent-fra5-1.cdninstagram.com&_nc_gid=kfo5m96Gf15gzW47dkXZxQ&_nc_ss=7a22e&oh=00_AQLPz27CD97mc-9tJsY1L3FgGe7X3OYR5E2b8-6bAKFv8w&oe=6A9B70B9,https://www.instagram.com/p/Dcrwh-ziUeh/
Super Compras Supermercado,Outros,Repolho Verde kg,3.99,31/08/2026,https://scontent-cdg6-1.cdninstagram.com/v/t51.82787-15/791974186_18193115938391764_5859732845031236442_n.jpg?stp=dst-jpg_e35_tt6&_nc_cat=105&ig_cache_key=Mzk3NTQ2MjE2MTk0MjIyOTY3Mg%3D%3D.3-ccb7-5&ccb=7-5&_nc_sid=58cdad&efg=eyJ2ZW5jb2RlX3RhZyI6IkNBUk9VU0VMX0lURU0ueHBpZHMuMTQ0MC5zZHIucmVndWxhcl9waG90by5DMyJ9&_nc_ohc=nzcZ4VRfyfMQ7kNvwHlUecV&_nc_oc=AdoDpzccQT_CRgfCO6U14HiEYyiByabnmNVK51dOCu43Hoi56T5dZJF32jeqL2cOH4xs2DEWWS6hNm1HlevCiDgj&_nc_ad=z-m&_nc_cid=0&_nc_zt=23&_nc_ht=scontent-cdg6-1.cdninstagram.com&_nc_gid=OJoajgHHc593TCu2NktQWw&_nc_ss=7a22e&oh=00_AQIByuI4N9Eh3WnAxBULUmrjbTjDc60A4epdtf64WiGfZA&oe=6A9B7076,https://www.instagram.com/p/DcrreFFEorJ/
Bom Jesus Primavera do Leste 🛒,Outros,Abóbora Kabotiã kg,3.99,31/08/2026,https://instagram.fvlc6-1.fna.fbcdn.net/v/t51.82787-15/789959440_18375342295237813_1330432405373791908_n.jpg?stp=dst-jpg_e35_tt6&_nc_cat=106&ig_cache_key=Mzk3NTgyNzIxNzYyMjY1MTcwMQ%3D%3D.3-ccb7-5&ccb=7-5&_nc_sid=58cdad&efg=eyJ2ZW5jb2RlX3RhZyI6IkNBUk9VU0VMX0lURU0ueHBpZHMuMTA4MC5zZHIucmVndWxhcl9waG90by5DMyJ9&_nc_ohc=jvVGAyriU-QQ7kNvwHwOB64&_nc_oc=AdqYI4BXVKDYY08LpV5lEwpBbSn2T_zDniCw-e-8bHmnsoJGuMaiiETXXUimcCZYUws&_nc_ad=z-m&_nc_cid=1022&_nc_zt=23&_nc_ht=instagram.fvlc6-1.fna&_nc_gid=0Z_2hOxHJkvd5v7BRwbI5g&_nc_ss=7a22e&oh=00_AQKGX2e7_hx-JRw8isQ6KYRv_-aYiEFlktji192OG7S1cw&oe=6A9B749F,https://www.instagram.com/p/Dcs-drSFpzk/
Supermercado Tuiuiú,Outros,Mandioca kg,4.49,31/08/2026,https://scontent-waw2-2.cdninstagram.com/v/t51.82787-15/790590392_18582933505067900_2201772778734952147_n.jpg?stp=dst-jpg_e35_tt6&_nc_cat=103&ig_cache_key=Mzk3NTg0NzA1MzA0NTM0MDc5MQ%3D%3D.3-ccb7-5&ccb=7-5&_nc_sid=58cdad&efg=eyJ2ZW5jb2RlX3RhZyI6IkNBUk9VU0VMX0lURU0ueHBpZHMuMTA4MC5zZHIucmVndWxhcl9waG90by5DMyJ9&_nc_ohc=xipPFTIHiTUQ7kNvwGjsloh&_nc_oc=AdqwmXuwZH31LEWz8SwMpbbeb3lrbdp0iaodiIY83ysaEXPIEuikRQ4AX62to33EKfM&_nc_ad=z-m&_nc_cid=0&_nc_zt=23&_nc_ht=scontent-waw2-2.cdninstagram.com&_nc_gid=tb_koEHgkC6rSgTGFM4n-g&_nc_ss=7a22e&oh=00_AQJ7eFHgBCJn88-lxLH7ktkOpSGB24juF76ZyEu4TBRUig&oe=6A9BA4C2,https://www.instagram.com/p/DctC9pmj6oW/
Supermercado São Pedro,Outros,Beterraba kg,4.69,30/08/2026,https://scontent-lga3-1.cdninstagram.com/v/t39.30808-6/785363261_1506829171490199_3564182439088120420_n.jpg?stp=dst-jpg_e35_tt6&_nc_cat=103&ig_cache_key=Mzk3NTM5MTQwMjA4NzE3ODI1NA%3D%3D.3-ccb7-5&ccb=7-5&_nc_sid=58cdad&efg=eyJ2ZW5jb2RlX3RhZyI6IkZFRUQueHBpZHMuMTYzOS5zZHIucmVndWxhcl9waG90by5DMyJ9&_nc_ohc=caKO3ASNVSIQ7kNvwFwJczB&_nc_oc=AdoW1_D1gK-cNSJy0bVw8IevlsElwFeJHKytbOLKYvlw4JdZAYWOoHl1ybmZUkzksj7NYYwLDl_cuXaHyivWWnjj&_nc_ad=z-m&_nc_cid=0&_nc_zt=23&_nc_ht=scontent-lga3-1.cdninstagram.com&_nc_gid=cKrKculQkyt1l8gvmfZJFg&_nc_ss=7a22e&oh=00_AQJyKhSq_Md-chFxjBj-JeyIAufxz4nY5-yBeUIcYDLUKQ&oe=6A9B96FF,https://www.instagram.com/p/DcrbWrsjGAO/
Machadão Atacadista,Outros,Pepino Comum kg,4.69,31/08/2026,https://scontent-fra5-1.cdninstagram.com/v/t39.30808-6/786828902_1362153686004589_2767377144369527529_n.jpg?stp=dst-jpg_e35_tt6&_nc_cat=102&ig_cache_key=Mzk3NTQ4NDUyMzMyODE1NzczMQ%3D%3D.3-ccb7-5&ccb=7-5&_nc_sid=58cdad&efg=eyJ2ZW5jb2RlX3RhZyI6IkNBUk9VU0VMX0lURU0ueHBpZHMuMTYzOC5zZHIucmVndWxhcl9waG90by5DMyJ9&_nc_ohc=YTJVhLZkNPkQ7kNvwGSJqPm&_nc_oc=Ado-lQC3GSTW0TgXUhWCqqKGYlzv6AzbpY1_9Eyg3OscEjJwrgm55q0e4Xm-xxh6qZBPDgcI7Qsg7_YYAHL3GHiQ&_nc_ad=z-m&_nc_cid=0&_nc_zt=23&_nc_ht=scontent-fra5-1.cdninstagram.com&_nc_gid=kfo5m96Gf15gzW47dkXZxQ&_nc_ss=7a22e&oh=00_AQLPz27CD97mc-9tJsY1L3FgGe7X3OYR5E2b8-6bAKFv8w&oe=6A9B70B9,https://www.instagram.com/p/Dcrwh-ziUeh/
Supermercado São Pedro,Outros,Repolho Verde kg,4.79,30/08/2026,https://scontent-lga3-1.cdninstagram.com/v/t39.30808-6/785363261_1506829171490199_3564182439088120420_n.jpg?stp=dst-jpg_e35_tt6&_nc_cat=103&ig_cache_key=Mzk3NTM5MTQwMjA4NzE3ODI1NA%3D%3D.3-ccb7-5&ccb=7-5&_nc_sid=58cdad&efg=eyJ2ZW5jb2RlX3RhZyI6IkZFRUQueHBpZHMuMTYzOS5zZHIucmVndWxhcl9waG90by5DMyJ9&_nc_ohc=caKO3ASNVSIQ7kNvwFwJczB&_nc_oc=AdoW1_D1gK-cNSJy0bVw8IevlsElwFeJHKytbOLKYvlw4JdZAYWOoHl1ybmZUkzksj7NYYwLDl_cuXaHyivWWnjj&_nc_ad=z-m&_nc_cid=0&_nc_zt=23&_nc_ht=scontent-lga3-1.cdninstagram.com&_nc_gid=cKrKculQkyt1l8gvmfZJFg&_nc_ss=7a22e&oh=00_AQJyKhSq_Md-chFxjBj-JeyIAufxz4nY5-yBeUIcYDLUKQ&oe=6A9B96FF,https://www.instagram.com/p/DcrbWrsjGAO/
Machadão Atacadista,Outros,Repolho Verde kg,4.79,31/08/2026,https://scontent-fra5-1.cdninstagram.com/v/t39.30808-6/786828902_1362153686004589_2767377144369527529_n.jpg?stp=dst-jpg_e35_tt6&_nc_cat=102&ig_cache_key=Mzk3NTQ4NDUyMzMyODE1NzczMQ%3D%3D.3-ccb7-5&ccb=7-5&_nc_sid=58cdad&efg=eyJ2ZW5jb2RlX3RhZyI6IkNBUk9VU0VMX0lURU0ueHBpZHMuMTYzOC5zZHIucmVndWxhcl9waG90by5DMyJ9&_nc_ohc=YTJVhLZkNPkQ7kNvwGSJqPm&_nc_oc=Ado-lQC3GSTW0TgXUhWCqqKGYlzv6AzbpY1_9Eyg3OscEjJwrgm55q0e4Xm-xxh6qZBPDgcI7Qsg7_YYAHL3GHiQ&_nc_ad=z-m&_nc_cid=0&_nc_zt=23&_nc_ht=scontent-fra5-1.cdninstagram.com&_nc_gid=kfo5m96Gf15gzW47dkXZxQ&_nc_ss=7a22e&oh=00_AQLPz27CD97mc-9tJsY1L3FgGe7X3OYR5E2b8-6bAKFv8w&oe=6A9B70B9,https://www.instagram.com/p/Dcrwh-ziUeh/
Machadão Atacadista,Outros,Tâmara Natural Sky Light 200g,4.79,31/08/2026,https://scontent-fra5-1.cdninstagram.com/v/t39.30808-6/786828902_1362153686004589_2767377144369527529_n.jpg?stp=dst-jpg_e35_tt6&_nc_cat=102&ig_cache_key=Mzk3NTQ4NDUyMzMyODE1NzczMQ%3D%3D.3-ccb7-5&ccb=7-5&_nc_sid=58cdad&efg=eyJ2ZW5jb2RlX3RhZyI6IkNBUk9VU0VMX0lURU0ueHBpZHMuMTYzOC5zZHIucmVndWxhcl9waG90by5DMyJ9&_nc_ohc=YTJVhLZkNPkQ7kNvwGSJqPm&_nc_oc=Ado-lQC3GSTW0TgXUhWCqqKGYlzv6AzbpY1_9Eyg3OscEjJwrgm55q0e4Xm-xxh6qZBPDgcI7Qsg7_YYAHL3GHiQ&_nc_ad=z-m&_nc_cid=0&_nc_zt=23&_nc_ht=scontent-fra5-1.cdninstagram.com&_nc_gid=kfo5m96Gf15gzW47dkXZxQ&_nc_ss=7a22e&oh=00_AQLPz27CD97mc-9tJsY1L3FgGe7X3OYR5E2b8-6bAKFv8w&oe=6A9B70B9,https://www.instagram.com/p/Dcrwh-ziUeh/
Supermercado Tuiuiú,Outros,Rins Bovino kg,4.99,31/08/2026,https://scontent-waw2-2.cdninstagram.com/v/t51.82787-15/789925865_18582933439067900_5352302008089866172_n.jpg?stp=dst-jpg_e35_tt6&_nc_cat=106&ig_cache_key=Mzk3NTg0NzAyMjI0MjEyOTQ1Ng%3D%3D.3-ccb7-5&ccb=7-5&_nc_sid=58cdad&efg=eyJ2ZW5jb2RlX3RhZyI6IkNBUk9VU0VMX0lURU0ueHBpZHMuMTA4MC5zZHIucmVndWxhcl9waG90by5DMyJ9&_nc_ohc=Av4uOeqKtxEQ7kNvwEcCoOT&_nc_oc=AdpoGu6eGbhr9rgs8AemijdaOP9zQqgXklsdQIInyH4P2WuDYlLBa6z7WM-EXJk-Qlg&_nc_ad=z-m&_nc_cid=0&_nc_zt=23&_nc_ht=scontent-waw2-2.cdninstagram.com&_nc_gid=tb_koEHgkC6rSgTGFM4n-g&_nc_ss=7a22e&oh=00_AQJRwFVdS7E-JxWkA1SXhOCDmL7IyZG-uJZcWwAkxOSg_g&oe=6A9B7C1E,https://www.instagram.com/p/DctC9pmj6oW/
Bom Jesus Primavera do Leste 🛒,Outros,Goiabada Predilecta 300g,4.99,28/08/2026,https://scontent-ams2-1.cdninstagram.com/v/t51.82787-15/788139857_18374943016237813_6095318216715939563_n.jpg?stp=dst-jpg_e35_tt6&_nc_cat=107&ig_cache_key=Mzk3Mzk3Nzc4MDcyMjI3NDY1Mg%3D%3D.3-ccb7-5&ccb=7-5&_nc_sid=58cdad&efg=eyJ2ZW5jb2RlX3RhZyI6IkNBUk9VU0VMX0lURU0ueHBpZHMuMTA4MC5zZHIucmVndWxhcl9waG90by5DMyJ9&_nc_ohc=u6RrkwcH62kQ7kNvwFsd-0U&_nc_oc=Adpihwj10u-gtE9AOlNelJ7Pcs9mJp3py1SUNkxTBlx8SqXy80_pAqE-gfvACtUV5D4&_nc_ad=z-m&_nc_cid=0&_nc_zt=23&_nc_ht=scontent-ams2-1.cdninstagram.com&_nc_gid=jRI1dTb-zr9XSjXpQtgHvg&_nc_ss=7a22e&oh=00_AQLioGgANVH1b_knfNEaQmt0mGjOFnOW8HWM1x1i8W9mOA&oe=6A9B9730,https://www.instagram.com/p/DcmZ8cDD400/
Bom Jesus Primavera do Leste 🛒,Outros,Repolho Verde kg,4.99,31/08/2026,https://instagram.fvlc6-1.fna.fbcdn.net/v/t51.82787-15/789959440_18375342295237813_1330432405373791908_n.jpg?stp=dst-jpg_e35_tt6&_nc_cat=106&ig_cache_key=Mzk3NTgyNzIxNzYyMjY1MTcwMQ%3D%3D.3-ccb7-5&ccb=7-5&_nc_sid=58cdad&efg=eyJ2ZW5jb2RlX3RhZyI6IkNBUk9VU0VMX0lURU0ueHBpZHMuMTA4MC5zZHIucmVndWxhcl9waG90by5DMyJ9&_nc_ohc=jvVGAyriU-QQ7kNvwHwOB64&_nc_oc=AdqYI4BXVKDYY08LpV5lEwpBbSn2T_zDniCw-e-8bHmnsoJGuMaiiETXXUimcCZYUws&_nc_ad=z-m&_nc_cid=1022&_nc_zt=23&_nc_ht=instagram.fvlc6-1.fna&_nc_gid=0Z_2hOxHJkvd5v7BRwbI5g&_nc_ss=7a22e&oh=00_AQKGX2e7_hx-JRw8isQ6KYRv_-aYiEFlktji192OG7S1cw&oe=6A9B749F,https://www.instagram.com/p/Dcs-drSFpzk/
Super Compras Supermercado,Outros,Língua Bovina kg,5.99,31/08/2026,https://scontent-cdg6-1.cdninstagram.com/v/t51.82787-15/791974186_18193115938391764_5859732845031236442_n.jpg?stp=dst-jpg_e35_tt6&_nc_cat=105&ig_cache_key=Mzk3NTQ2MjE2MTk0MjIyOTY3Mg%3D%3D.3-ccb7-5&ccb=7-5&_nc_sid=58cdad&efg=eyJ2ZW5jb2RlX3RhZyI6IkNBUk9VU0VMX0lURU0ueHBpZHMuMTQ0MC5zZHIucmVndWxhcl9waG90by5DMyJ9&_nc_ohc=nzcZ4VRfyfMQ7kNvwHlUecV&_nc_oc=AdoDpzccQT_CRgfCO6U14HiEYyiByabnmNVK51dOCu43Hoi56T5dZJF32jeqL2cOH4xs2DEWWS6hNm1HlevCiDgj&_nc_ad=z-m&_nc_cid=0&_nc_zt=23&_nc_ht=scontent-cdg6-1.cdninstagram.com&_nc_gid=OJoajgHHc593TCu2NktQWw&_nc_ss=7a22e&oh=00_AQIByuI4N9Eh3WnAxBULUmrjbTjDc60A4epdtf64WiGfZA&oe=6A9B7076,https://www.instagram.com/p/DcrreFFEorJ/
Supermercado Tuiuiú,Outros,Língua Bovina kg,6.99,31/08/2026,https://scontent-waw2-2.cdninstagram.com/v/t51.82787-15/789925865_18582933439067900_5352302008089866172_n.jpg?stp=dst-jpg_e35_tt6&_nc_cat=106&ig_cache_key=Mzk3NTg0NzAyMjI0MjEyOTQ1Ng%3D%3D.3-ccb7-5&ccb=7-5&_nc_sid=58cdad&efg=eyJ2ZW5jb2RlX3RhZyI6IkNBUk9VU0VMX0lURU0ueHBpZHMuMTA4MC5zZHIucmVndWxhcl9waG90by5DMyJ9&_nc_ohc=Av4uOeqKtxEQ7kNvwEcCoOT&_nc_oc=AdpoGu6eGbhr9rgs8AemijdaOP9zQqgXklsdQIInyH4P2WuDYlLBa6z7WM-EXJk-Qlg&_nc_ad=z-m&_nc_cid=0&_nc_zt=23&_nc_ht=scontent-waw2-2.cdninstagram.com&_nc_gid=tb_koEHgkC6rSgTGFM4n-g&_nc_ss=7a22e&oh=00_AQJRwFVdS7E-JxWkA1SXhOCDmL7IyZG-uJZcWwAkxOSg_g&oe=6A9B7C1E,https://www.instagram.com/p/DctC9pmj6oW/
Supermercado Tuiuiú,Outros,Morango,6.99,29/08/2026,https://scontent-msp1-1.cdninstagram.com/v/t51.82787-15/787000798_18582375850067900_3149822714176268656_n.jpg?stp=dst-jpg_e35_tt6&_nc_cat=104&ig_cache_key=Mzk3NDQ1MDg0ODIzMTk0NjQwMg%3D%3D.3-ccb7-5&ccb=7-5&_nc_sid=58cdad&efg=eyJ2ZW5jb2RlX3RhZyI6IkZFRUQueHBpZHMuMTA4MC5zZHIucmVndWxhcl9waG90by5DMyJ9&_nc_ohc=8MpbsMibNhwQ7kNvwGfAtYb&_nc_oc=AdoZFbM3BKbR8GnnVCOiUqoRSamN-1rXLBQGPhF-b7oZ5aeLyMbK1SOUL1RIHRBi5PMF4dQv3p2sD4EYbCnTwVmP&_nc_ad=z-m&_nc_cid=1087&_nc_zt=23&_nc_ht=scontent-msp1-1.cdninstagram.com&_nc_gid=ORs5-eSLqthQKn2bf832Ew&_nc_ss=7a22e&oh=00_AQJwwu2bDOD-PdjV1LFq20qR5eSRh_VkryFFqF6p2ApyyA&oe=6A9B824C,https://www.instagram.com/p/DcoFf0qHXii/
Supermercado São Pedro,Outros,Cabaré Ice 275ml,6.99,28/08/2026,https://scontent-ord5-1.cdninstagram.com/v/t51.82787-15/787853786_18195711469382122_4084613579796731411_n.jpg?stp=dst-jpg_e35_tt6&_nc_cat=101&ig_cache_key=Mzk3MzY3MjU2ODk4MzkzOTE2MQ%3D%3D.3-ccb7-5&ccb=7-5&_nc_sid=58cdad&efg=eyJ2ZW5jb2RlX3RhZyI6IkNBUk9VU0VMX0lURU0ueHBpZHMuMTA4MS5zZHIucmVndWxhcl9waG90by5DMyJ9&_nc_ohc=YRh7I8l8B0QQ7kNvwHlEw3O&_nc_oc=AdrHCoG2WkdmZXa4FwFC30vrqZ2O_zCin_hSzkRyiGTz_k-7EvFXy8yMbwuq3rSQbHBWFYi1cP3qB_7ReenJ1ICO&_nc_ad=z-m&_nc_cid=0&_nc_zt=23&_nc_ht=scontent-ord5-1.cdninstagram.com&_nc_gid=e8yrrgwvTiB2RW3pwYsWmA&_nc_ss=7a22e&oh=00_AQJCf2yLnEnXMf-jjzQVUurpcTwQVzDCaO1bFCb3y3kVag&oe=6A9B89C7,https://www.instagram.com/p/DclUqI1G7TG/
Supermercado São Pedro,Outros,Cachorro Quente,6.99,28/08/2026,https://scontent-ord5-1.cdninstagram.com/v/t51.82787-15/785599572_18195711460382122_5575322653184498920_n.jpg?stp=dst-jpg_e35_tt6&_nc_cat=109&ig_cache_key=Mzk3MzY3MjU2OTQ3ODkxNjI0Mw%3D%3D.3-ccb7-5&ccb=7-5&_nc_sid=58cdad&efg=eyJ2ZW5jb2RlX3RhZyI6IkNBUk9VU0VMX0lURU0ueHBpZHMuMTA4MS5zZHIucmVndWxhcl9waG90by5DMyJ9&_nc_ohc=GqsGB5UTShAQ7kNvwGv8FhV&_nc_oc=AdoTUyGrk6x_HWUu6rc5f6T2wHTcl_kiYvT-O3ytIFrbVx47KipYUHyRko2d5sWuNL1Xa1hjpT5P6Z2vr8rlyGv5&_nc_ad=z-m&_nc_cid=0&_nc_zt=23&_nc_ht=scontent-ord5-1.cdninstagram.com&_nc_gid=e8yrrgwvTiB2RW3pwYsWmA&_nc_ss=7a22e&oh=00_AQJ_v0uueW5CdV0uftr1Xagj54p8HxYCHxzvUGvj9L7JVQ&oe=6A9B6ED2,https://www.instagram.com/p/DclUqI1G7TG/
Super Compras Supermercado,Outros,Morgote kg,6.99,31/08/2026,https://scontent-cdg4-1.cdninstagram.com/v/t51.82787-15/790058600_18193115956391764_8827572755741076576_n.jpg?stp=dst-jpg_e35_tt6&_nc_cat=104&ig_cache_key=Mzk3NTQ2MjIwNjUyNzY2NTkwOQ%3D%3D.3-ccb7-5&ccb=7-5&_nc_sid=58cdad&efg=eyJ2ZW5jb2RlX3RhZyI6IkNBUk9VU0VMX0lURU0ueHBpZHMuMTQ0MC5zZHIucmVndWxhcl9waG90by5DMyJ9&_nc_ohc=lYb2blGkLh4Q7kNvwGmz9Za&_nc_oc=AdpXVQPyI0JV-X0zyCZBmc94wg3MaU5dfg3UFy5oRtk-OBUSrvbF1jxj2QY7fbYmxEaD-cx_Kbbk3SD3Q4he59k7&_nc_ad=z-m&_nc_cid=0&_nc_zt=23&_nc_ht=scontent-cdg4-1.cdninstagram.com&_nc_gid=OJoajgHHc593TCu2NktQWw&_nc_ss=7a22e&oh=00_AQKH7RWqN5H_Fk5SYfVuuI30iGs1WiZ_JpPr2YQ_2g6EMA&oe=6A9BA2B6,https://www.instagram.com/p/DcrreFFEorJ/
Supermercado São Pedro,Outros,Mexerica kg,7.29,30/08/2026,https://scontent-lga3-1.cdninstagram.com/v/t39.30808-6/785363261_1506829171490199_3564182439088120420_n.jpg?stp=dst-jpg_e35_tt6&_nc_cat=103&ig_cache_key=Mzk3NTM5MTQwMjA4NzE3ODI1NA%3D%3D.3-ccb7-5&ccb=7-5&_nc_sid=58cdad&efg=eyJ2ZW5jb2RlX3RhZyI6IkZFRUQueHBpZHMuMTYzOS5zZHIucmVndWxhcl9waG90by5DMyJ9&_nc_ohc=caKO3ASNVSIQ7kNvwFwJczB&_nc_oc=AdoW1_D1gK-cNSJy0bVw8IevlsElwFeJHKytbOLKYvlw4JdZAYWOoHl1ybmZUkzksj7NYYwLDl_cuXaHyivWWnjj&_nc_ad=z-m&_nc_cid=0&_nc_zt=23&_nc_ht=scontent-lga3-1.cdninstagram.com&_nc_gid=cKrKculQkyt1l8gvmfZJFg&_nc_ss=7a22e&oh=00_AQJyKhSq_Md-chFxjBj-JeyIAufxz4nY5-yBeUIcYDLUKQ&oe=6A9B96FF,https://www.instagram.com/p/DcrbWrsjGAO/
Supermercado São Pedro,Outros,Morango Mape 250g,7.99,28/08/2026,https://scontent-ord5-1.cdninstagram.com/v/t51.82787-15/785599572_18195711460382122_5575322653184498920_n.jpg?stp=dst-jpg_e35_tt6&_nc_cat=109&ig_cache_key=Mzk3MzY3MjU2OTQ3ODkxNjI0Mw%3D%3D.3-ccb7-5&ccb=7-5&_nc_sid=58cdad&efg=eyJ2ZW5jb2RlX3RhZyI6IkNBUk9VU0VMX0lURU0ueHBpZHMuMTA4MS5zZHIucmVndWxhcl9waG90by5DMyJ9&_nc_ohc=GqsGB5UTShAQ7kNvwGv8FhV&_nc_oc=AdoTUyGrk6x_HWUu6rc5f6T2wHTcl_kiYvT-O3ytIFrbVx47KipYUHyRko2d5sWuNL1Xa1hjpT5P6Z2vr8rlyGv5&_nc_ad=z-m&_nc_cid=0&_nc_zt=23&_nc_ht=scontent-ord5-1.cdninstagram.com&_nc_gid=e8yrrgwvTiB2RW3pwYsWmA&_nc_ss=7a22e&oh=00_AQJ_v0uueW5CdV0uftr1Xagj54p8HxYCHxzvUGvj9L7JVQ&oe=6A9B6ED2,https://www.instagram.com/p/DclUqI1G7TG/
Super Compras Supermercado,Outros,Brócolis,7.99,31/08/2026,https://scontent-cdg4-1.cdninstagram.com/v/t51.82787-15/790058600_18193115956391764_8827572755741076576_n.jpg?stp=dst-jpg_e35_tt6&_nc_cat=104&ig_cache_key=Mzk3NTQ2MjIwNjUyNzY2NTkwOQ%3D%3D.3-ccb7-5&ccb=7-5&_nc_sid=58cdad&efg=eyJ2ZW5jb2RlX3RhZyI6IkNBUk9VU0VMX0lURU0ueHBpZHMuMTQ0MC5zZHIucmVndWxhcl9waG90by5DMyJ9&_nc_ohc=lYb2blGkLh4Q7kNvwGmz9Za&_nc_oc=AdpXVQPyI0JV-X0zyCZBmc94wg3MaU5dfg3UFy5oRtk-OBUSrvbF1jxj2QY7fbYmxEaD-cx_Kbbk3SD3Q4he59k7&_nc_ad=z-m&_nc_cid=0&_nc_zt=23&_nc_ht=scontent-cdg4-1.cdninstagram.com&_nc_gid=OJoajgHHc593TCu2NktQWw&_nc_ss=7a22e&oh=00_AQKH7RWqN5H_Fk5SYfVuuI30iGs1WiZ_JpPr2YQ_2g6EMA&oe=6A9BA2B6,https://www.instagram.com/p/DcrreFFEorJ/
Machadão Atacadista,Outros,Brócolis Ninja,7.99,31/08/2026,https://scontent-fra5-1.cdninstagram.com/v/t39.30808-6/786828902_1362153686004589_2767377144369527529_n.jpg?stp=dst-jpg_e35_tt6&_nc_cat=102&ig_cache_key=Mzk3NTQ4NDUyMzMyODE1NzczMQ%3D%3D.3-ccb7-5&ccb=7-5&_nc_sid=58cdad&efg=eyJ2ZW5jb2RlX3RhZyI6IkNBUk9VU0VMX0lURU0ueHBpZHMuMTYzOC5zZHIucmVndWxhcl9waG90by5DMyJ9&_nc_ohc=YTJVhLZkNPkQ7kNvwGSJqPm&_nc_oc=Ado-lQC3GSTW0TgXUhWCqqKGYlzv6AzbpY1_9Eyg3OscEjJwrgm55q0e4Xm-xxh6qZBPDgcI7Qsg7_YYAHL3GHiQ&_nc_ad=z-m&_nc_cid=0&_nc_zt=23&_nc_ht=scontent-fra5-1.cdninstagram.com&_nc_gid=kfo5m96Gf15gzW47dkXZxQ&_nc_ss=7a22e&oh=00_AQLPz27CD97mc-9tJsY1L3FgGe7X3OYR5E2b8-6bAKFv8w&oe=6A9B70B9,https://www.instagram.com/p/Dcrwh-ziUeh/
Supermercado Tuiuiú,Outros,Mocotó Bovino kg,8.99,31/08/2026,https://scontent-waw2-2.cdninstagram.com/v/t51.82787-15/789925865_18582933439067900_5352302008089866172_n.jpg?stp=dst-jpg_e35_tt6&_nc_cat=106&ig_cache_key=Mzk3NTg0NzAyMjI0MjEyOTQ1Ng%3D%3D.3-ccb7-5&ccb=7-5&_nc_sid=58cdad&efg=eyJ2ZW5jb2RlX3RhZyI6IkNBUk9VU0VMX0lURU0ueHBpZHMuMTA4MC5zZHIucmVndWxhcl9waG90by5DMyJ9&_nc_ohc=Av4uOeqKtxEQ7kNvwEcCoOT&_nc_oc=AdpoGu6eGbhr9rgs8AemijdaOP9zQqgXklsdQIInyH4P2WuDYlLBa6z7WM-EXJk-Qlg&_nc_ad=z-m&_nc_cid=0&_nc_zt=23&_nc_ht=scontent-waw2-2.cdninstagram.com&_nc_gid=tb_koEHgkC6rSgTGFM4n-g&_nc_ss=7a22e&oh=00_AQJRwFVdS7E-JxWkA1SXhOCDmL7IyZG-uJZcWwAkxOSg_g&oe=6A9B7C1E,https://www.instagram.com/p/DctC9pmj6oW/
Supermercado Tuiuiú,Outros,Pé Suíno kg,8.99,31/08/2026,https://scontent-waw2-2.cdninstagram.com/v/t51.82787-15/789925865_18582933439067900_5352302008089866172_n.jpg?stp=dst-jpg_e35_tt6&_nc_cat=106&ig_cache_key=Mzk3NTg0NzAyMjI0MjEyOTQ1Ng%3D%3D.3-ccb7-5&ccb=7-5&_nc_sid=58cdad&efg=eyJ2ZW5jb2RlX3RhZyI6IkNBUk9VU0VMX0lURU0ueHBpZHMuMTA4MC5zZHIucmVndWxhcl9waG90by5DMyJ9&_nc_ohc=Av4uOeqKtxEQ7kNvwEcCoOT&_nc_oc=AdpoGu6eGbhr9rgs8AemijdaOP9zQqgXklsdQIInyH4P2WuDYlLBa6z7WM-EXJk-Qlg&_nc_ad=z-m&_nc_cid=0&_nc_zt=23&_nc_ht=scontent-waw2-2.cdninstagram.com&_nc_gid=tb_koEHgkC6rSgTGFM4n-g&_nc_ss=7a22e&oh=00_AQJRwFVdS7E-JxWkA1SXhOCDmL7IyZG-uJZcWwAkxOSg_g&oe=6A9B7C1E,https://www.instagram.com/p/DctC9pmj6oW/
Supermercado São Pedro,Outros,Mocotó kg,8.99,31/08/2026,https://scontent-yyz1-1.cdninstagram.com/v/t51.82787-15/791942671_18196080940382122_5769268194854024718_n.jpg?stp=dst-jpg_e35_tt6&_nc_cat=107&ig_cache_key=Mzk3NTg1NzQ5MjM5MDM2NzAzMQ%3D%3D.3-ccb7-5&ccb=7-5&_nc_sid=58cdad&efg=eyJ2ZW5jb2RlX3RhZyI6IkZFRUQueHBpZHMuMzI0OC5zZHIucmVndWxhcl9waG90by5DMyJ9&_nc_ohc=FI0IN0j_ruIQ7kNvwGC3K8s&_nc_oc=AdrhdViKKQ2N_RCgWHLfou0OLpCFa2drnCTZkCdUPf570nxZem1Ru5Ioih6Rcu26XE0&_nc_ad=z-m&_nc_cid=0&_nc_zt=23&_nc_ht=scontent-yyz1-1.cdninstagram.com&_nc_gid=rTzcWpo5EmqgaOQBsoET-Q&_nc_ss=7a22e&oh=00_AQIM9kU-CPvdp3fzlcvqegMh4EAVc1oIktG_camzw6mVGw&oe=6A9B733A,https://www.instagram.com/p/DctFVMHgM83/
Machadão Atacadista,Outros,Goiaba Vermelha kg,9.98,31/08/2026,https://scontent-fra5-1.cdninstagram.com/v/t39.30808-6/786828902_1362153686004589_2767377144369527529_n.jpg?stp=dst-jpg_e35_tt6&_nc_cat=102&ig_cache_key=Mzk3NTQ4NDUyMzMyODE1NzczMQ%3D%3D.3-ccb7-5&ccb=7-5&_nc_sid=58cdad&efg=eyJ2ZW5jb2RlX3RhZyI6IkNBUk9VU0VMX0lURU0ueHBpZHMuMTYzOC5zZHIucmVndWxhcl9waG90by5DMyJ9&_nc_ohc=YTJVhLZkNPkQ7kNvwGSJqPm&_nc_oc=Ado-lQC3GSTW0TgXUhWCqqKGYlzv6AzbpY1_9Eyg3OscEjJwrgm55q0e4Xm-xxh6qZBPDgcI7Qsg7_YYAHL3GHiQ&_nc_ad=z-m&_nc_cid=0&_nc_zt=23&_nc_ht=scontent-fra5-1.cdninstagram.com&_nc_gid=kfo5m96Gf15gzW47dkXZxQ&_nc_ss=7a22e&oh=00_AQLPz27CD97mc-9tJsY1L3FgGe7X3OYR5E2b8-6bAKFv8w&oe=6A9B70B9,https://www.instagram.com/p/Dcrwh-ziUeh/
Supermercado Tuiuiú,Outros,Bucho Bovino kg,9.99,31/08/2026,https://scontent-waw2-2.cdninstagram.com/v/t51.82787-15/789925865_18582933439067900_5352302008089866172_n.jpg?stp=dst-jpg_e35_tt6&_nc_cat=106&ig_cache_key=Mzk3NTg0NzAyMjI0MjEyOTQ1Ng%3D%3D.3-ccb7-5&ccb=7-5&_nc_sid=58cdad&efg=eyJ2ZW5jb2RlX3RhZyI6IkNBUk9VU0VMX0lURU0ueHBpZHMuMTA4MC5zZHIucmVndWxhcl9waG90by5DMyJ9&_nc_ohc=Av4uOeqKtxEQ7kNvwEcCoOT&_nc_oc=AdpoGu6eGbhr9rgs8AemijdaOP9zQqgXklsdQIInyH4P2WuDYlLBa6z7WM-EXJk-Qlg&_nc_ad=z-m&_nc_cid=0&_nc_zt=23&_nc_ht=scontent-waw2-2.cdninstagram.com&_nc_gid=tb_koEHgkC6rSgTGFM4n-g&_nc_ss=7a22e&oh=00_AQJRwFVdS7E-JxWkA1SXhOCDmL7IyZG-uJZcWwAkxOSg_g&oe=6A9B7C1E,https://www.instagram.com/p/DctC9pmj6oW/
Supermercado Tuiuiú,Outros,Fígado Bovino kg,9.99,31/08/2026,https://scontent-waw2-2.cdninstagram.com/v/t51.82787-15/789925865_18582933439067900_5352302008089866172_n.jpg?stp=dst-jpg_e35_tt6&_nc_cat=106&ig_cache_key=Mzk3NTg0NzAyMjI0MjEyOTQ1Ng%3D%3D.3-ccb7-5&ccb=7-5&_nc_sid=58cdad&efg=eyJ2ZW5jb2RlX3RhZyI6IkNBUk9VU0VMX0lURU0ueHBpZHMuMTA4MC5zZHIucmVndWxhcl9waG90by5DMyJ9&_nc_ohc=Av4uOeqKtxEQ7kNvwEcCoOT&_nc_oc=AdpoGu6eGbhr9rgs8AemijdaOP9zQqgXklsdQIInyH4P2WuDYlLBa6z7WM-EXJk-Qlg&_nc_ad=z-m&_nc_cid=0&_nc_zt=23&_nc_ht=scontent-waw2-2.cdninstagram.com&_nc_gid=tb_koEHgkC6rSgTGFM4n-g&_nc_ss=7a22e&oh=00_AQJRwFVdS7E-JxWkA1SXhOCDmL7IyZG-uJZcWwAkxOSg_g&oe=6A9B7C1E,https://www.instagram.com/p/DctC9pmj6oW/
Supermercado São Pedro,Outros,Bucho Bovino kg,9.99,31/08/2026,https://scontent-yyz1-1.cdninstagram.com/v/t51.82787-15/791942671_18196080940382122_5769268194854024718_n.jpg?stp=dst-jpg_e35_tt6&_nc_cat=107&ig_cache_key=Mzk3NTg1NzQ5MjM5MDM2NzAzMQ%3D%3D.3-ccb7-5&ccb=7-5&_nc_sid=58cdad&efg=eyJ2ZW5jb2RlX3RhZyI6IkZFRUQueHBpZHMuMzI0OC5zZHIucmVndWxhcl9waG90by5DMyJ9&_nc_ohc=FI0IN0j_ruIQ7kNvwGC3K8s&_nc_oc=AdrhdViKKQ2N_RCgWHLfou0OLpCFa2drnCTZkCdUPf570nxZem1Ru5Ioih6Rcu26XE0&_nc_ad=z-m&_nc_cid=0&_nc_zt=23&_nc_ht=scontent-yyz1-1.cdninstagram.com&_nc_gid=rTzcWpo5EmqgaOQBsoET-Q&_nc_ss=7a22e&oh=00_AQIM9kU-CPvdp3fzlcvqegMh4EAVc1oIktG_camzw6mVGw&oe=6A9B733A,https://www.instagram.com/p/DctFVMHgM83/
Super Compras Supermercado,Outros,Fígado Bovino kg,9.99,31/08/2026,https://scontent-cdg6-1.cdninstagram.com/v/t51.82787-15/791974186_18193115938391764_5859732845031236442_n.jpg?stp=dst-jpg_e35_tt6&_nc_cat=105&ig_cache_key=Mzk3NTQ2MjE2MTk0MjIyOTY3Mg%3D%3D.3-ccb7-5&ccb=7-5&_nc_sid=58cdad&efg=eyJ2ZW5jb2RlX3RhZyI6IkNBUk9VU0VMX0lURU0ueHBpZHMuMTQ0MC5zZHIucmVndWxhcl9waG90by5DMyJ9&_nc_ohc=nzcZ4VRfyfMQ7kNvwHlUecV&_nc_oc=AdoDpzccQT_CRgfCO6U14HiEYyiByabnmNVK51dOCu43Hoi56T5dZJF32jeqL2cOH4xs2DEWWS6hNm1HlevCiDgj&_nc_ad=z-m&_nc_cid=0&_nc_zt=23&_nc_ht=scontent-cdg6-1.cdninstagram.com&_nc_gid=OJoajgHHc593TCu2NktQWw&_nc_ss=7a22e&oh=00_AQIByuI4N9Eh3WnAxBULUmrjbTjDc60A4epdtf64WiGfZA&oe=6A9B7076,https://www.instagram.com/p/DcrreFFEorJ/
Super Compras Supermercado,Outros,Pera kg,11.89,31/08/2026,https://scontent-cdg4-1.cdninstagram.com/v/t51.82787-15/790058600_18193115956391764_8827572755741076576_n.jpg?stp=dst-jpg_e35_tt6&_nc_cat=104&ig_cache_key=Mzk3NTQ2MjIwNjUyNzY2NTkwOQ%3D%3D.3-ccb7-5&ccb=7-5&_nc_sid=58cdad&efg=eyJ2ZW5jb2RlX3RhZyI6IkNBUk9VU0VMX0lURU0ueHBpZHMuMTQ0MC5zZHIucmVndWxhcl9waG90by5DMyJ9&_nc_ohc=lYb2blGkLh4Q7kNvwGmz9Za&_nc_oc=AdpXVQPyI0JV-X0zyCZBmc94wg3MaU5dfg3UFy5oRtk-OBUSrvbF1jxj2QY7fbYmxEaD-cx_Kbbk3SD3Q4he59k7&_nc_ad=z-m&_nc_cid=0&_nc_zt=23&_nc_ht=scontent-cdg4-1.cdninstagram.com&_nc_gid=OJoajgHHc593TCu2NktQWw&_nc_ss=7a22e&oh=00_AQKH7RWqN5H_Fk5SYfVuuI30iGs1WiZ_JpPr2YQ_2g6EMA&oe=6A9BA2B6,https://www.instagram.com/p/DcrreFFEorJ/
Machadão Atacadista,Outros,Maracujá kg,11.98,31/08/2026,https://scontent-fra5-1.cdninstagram.com/v/t39.30808-6/786828902_1362153686004589_2767377144369527529_n.jpg?stp=dst-jpg_e35_tt6&_nc_cat=102&ig_cache_key=Mzk3NTQ4NDUyMzMyODE1NzczMQ%3D%3D.3-ccb7-5&ccb=7-5&_nc_sid=58cdad&efg=eyJ2ZW5jb2RlX3RhZyI6IkNBUk9VU0VMX0lURU0ueHBpZHMuMTYzOC5zZHIucmVndWxhcl9waG90by5DMyJ9&_nc_ohc=YTJVhLZkNPkQ7kNvwGSJqPm&_nc_oc=Ado-lQC3GSTW0TgXUhWCqqKGYlzv6AzbpY1_9Eyg3OscEjJwrgm55q0e4Xm-xxh6qZBPDgcI7Qsg7_YYAHL3GHiQ&_nc_ad=z-m&_nc_cid=0&_nc_zt=23&_nc_ht=scontent-fra5-1.cdninstagram.com&_nc_gid=kfo5m96Gf15gzW47dkXZxQ&_nc_ss=7a22e&oh=00_AQLPz27CD97mc-9tJsY1L3FgGe7X3OYR5E2b8-6bAKFv8w&oe=6A9B70B9,https://www.instagram.com/p/Dcrwh-ziUeh/
Super Compras Supermercado,Outros,Mocotó Bovino kg,11.99,31/08/2026,https://scontent-cdg6-1.cdninstagram.com/v/t51.82787-15/791974186_18193115938391764_5859732845031236442_n.jpg?stp=dst-jpg_e35_tt6&_nc_cat=105&ig_cache_key=Mzk3NTQ2MjE2MTk0MjIyOTY3Mg%3D%3D.3-ccb7-5&ccb=7-5&_nc_sid=58cdad&efg=eyJ2ZW5jb2RlX3RhZyI6IkNBUk9VU0VMX0lURU0ueHBpZHMuMTQ0MC5zZHIucmVndWxhcl9waG90by5DMyJ9&_nc_ohc=nzcZ4VRfyfMQ7kNvwHlUecV&_nc_oc=AdoDpzccQT_CRgfCO6U14HiEYyiByabnmNVK51dOCu43Hoi56T5dZJF32jeqL2cOH4xs2DEWWS6hNm1HlevCiDgj&_nc_ad=z-m&_nc_cid=0&_nc_zt=23&_nc_ht=scontent-cdg6-1.cdninstagram.com&_nc_gid=OJoajgHHc593TCu2NktQWw&_nc_ss=7a22e&oh=00_AQIByuI4N9Eh3WnAxBULUmrjbTjDc60A4epdtf64WiGfZA&oe=6A9B7076,https://www.instagram.com/p/DcrreFFEorJ/
Super Compras Supermercado,Outros,Bucho Bovino kg,11.99,31/08/2026,https://scontent-cdg6-1.cdninstagram.com/v/t51.82787-15/791974186_18193115938391764_5859732845031236442_n.jpg?stp=dst-jpg_e35_tt6&_nc_cat=105&ig_cache_key=Mzk3NTQ2MjE2MTk0MjIyOTY3Mg%3D%3D.3-ccb7-5&ccb=7-5&_nc_sid=58cdad&efg=eyJ2ZW5jb2RlX3RhZyI6IkNBUk9VU0VMX0lURU0ueHBpZHMuMTQ0MC5zZHIucmVndWxhcl9waG90by5DMyJ9&_nc_ohc=nzcZ4VRfyfMQ7kNvwHlUecV&_nc_oc=AdoDpzccQT_CRgfCO6U14HiEYyiByabnmNVK51dOCu43Hoi56T5dZJF32jeqL2cOH4xs2DEWWS6hNm1HlevCiDgj&_nc_ad=z-m&_nc_cid=0&_nc_zt=23&_nc_ht=scontent-cdg6-1.cdninstagram.com&_nc_gid=OJoajgHHc593TCu2NktQWw&_nc_ss=7a22e&oh=00_AQIByuI4N9Eh3WnAxBULUmrjbTjDc60A4epdtf64WiGfZA&oe=6A9B7076,https://www.instagram.com/p/DcrreFFEorJ/
Machadão Atacadista,Outros,Pera Importada Verde kg,11.99,31/08/2026,https://scontent-fra5-1.cdninstagram.com/v/t39.30808-6/786828902_1362153686004589_2767377144369527529_n.jpg?stp=dst-jpg_e35_tt6&_nc_cat=102&ig_cache_key=Mzk3NTQ4NDUyMzMyODE1NzczMQ%3D%3D.3-ccb7-5&ccb=7-5&_nc_sid=58cdad&efg=eyJ2ZW5jb2RlX3RhZyI6IkNBUk9VU0VMX0lURU0ueHBpZHMuMTYzOC5zZHIucmVndWxhcl9waG90by5DMyJ9&_nc_ohc=YTJVhLZkNPkQ7kNvwGSJqPm&_nc_oc=Ado-lQC3GSTW0TgXUhWCqqKGYlzv6AzbpY1_9Eyg3OscEjJwrgm55q0e4Xm-xxh6qZBPDgcI7Qsg7_YYAHL3GHiQ&_nc_ad=z-m&_nc_cid=0&_nc_zt=23&_nc_ht=scontent-fra5-1.cdninstagram.com&_nc_gid=kfo5m96Gf15gzW47dkXZxQ&_nc_ss=7a22e&oh=00_AQLPz27CD97mc-9tJsY1L3FgGe7X3OYR5E2b8-6bAKFv8w&oe=6A9B70B9,https://www.instagram.com/p/Dcrwh-ziUeh/
Bom Jesus Primavera do Leste 🛒,Outros,Amendoim Mape 1kg,14.99,31/08/2026,https://instagram.fvlc6-1.fna.fbcdn.net/v/t51.82787-15/789959440_18375342295237813_1330432405373791908_n.jpg?stp=dst-jpg_e35_tt6&_nc_cat=106&ig_cache_key=Mzk3NTgyNzIxNzYyMjY1MTcwMQ%3D%3D.3-ccb7-5&ccb=7-5&_nc_sid=58cdad&efg=eyJ2ZW5jb2RlX3RhZyI6IkNBUk9VU0VMX0lURU0ueHBpZHMuMTA4MC5zZHIucmVndWxhcl9waG90by5DMyJ9&_nc_ohc=jvVGAyriU-QQ7kNvwHwOB64&_nc_oc=AdqYI4BXVKDYY08LpV5lEwpBbSn2T_zDniCw-e-8bHmnsoJGuMaiiETXXUimcCZYUws&_nc_ad=z-m&_nc_cid=1022&_nc_zt=23&_nc_ht=instagram.fvlc6-1.fna&_nc_gid=0Z_2hOxHJkvd5v7BRwbI5g&_nc_ss=7a22e&oh=00_AQKGX2e7_hx-JRw8isQ6KYRv_-aYiEFlktji192OG7S1cw&oe=6A9B749F,https://www.instagram.com/p/Dcs-drSFpzk/
Machadão Atacadista,Outros,Saco Para Lixo Brilhus 200L,14.99,31/08/2026,https://instagram.fmel5-1.fna.fbcdn.net/v/t39.30808-6/785365107_1362151536004804_2436712632418186403_n.jpg?stp=dst-jpg_e35_tt6&_nc_cat=102&ig_cache_key=Mzk3NTQ4NzAyMDU1MDAxMDIxMA%3D%3D.3-ccb7-5&ccb=7-5&_nc_sid=58cdad&efg=eyJ2ZW5jb2RlX3RhZyI6IkNBUk9VU0VMX0lURU0ueHBpZHMuMTA4MC5zZHIucmVndWxhcl9waG90by5DMyJ9&_nc_ohc=r9vPLYgKGq0Q7kNvwECFSxy&_nc_oc=AdoTDINt3mufybeSG7Dmw9WWuIYhlhyDYfeRnM6z4HtC-6FwMrQ43kszss5Lb-oRBjQ&_nc_ad=z-m&_nc_cid=0&_nc_zt=23&_nc_ht=instagram.fmel5-1.fna&_nc_gid=Qk_94HUhvzOUfFEqa-fMKg&_nc_ss=7a22e&oh=00_AQLYobgC8UaYKMzqnmx7KO9KiaaaYY6qkbq9zuKwWOPMXA&oe=6A9BA329,https://www.instagram.com/p/DcrxGX5j8V3/
Bom Jesus Primavera do Leste 🛒,Outros,Gel Fixador Bozzano 300g,18.99,27/08/2026,https://scontent-waw2-2.cdninstagram.com/v/t51.82787-15/787993259_18374687005237813_4471412213431393234_n.jpg?stp=dst-jpg_e35_tt6&_nc_cat=103&ig_cache_key=Mzk3Mjk0NzA1MzQ4MTkxNTUyNQ%3D%3D.3-ccb7-5&ccb=7-5&_nc_sid=58cdad&efg=eyJ2ZW5jb2RlX3RhZyI6IkZFRUQueHBpZHMuMTM1MC5zZHIucmVndWxhcl9waG90by5DMiJ9&_nc_ohc=wXQuivYivwoQ7kNvwF5p2cf&_nc_oc=Adp3MSbyZehCFwdta6zm_tXItUO2pegdDIvgfFlHWTKABO666j2qAdtrqjyj5LhrRQw&_nc_ad=z-m&_nc_cid=0&_nc_zt=23&_nc_ht=scontent-waw2-2.cdninstagram.com&_nc_gid=7Km_DVQKuLCEV1bZQdj17Q&_nc_ss=7a22e&oh=00_AQK5367QoveN8qbXyMCLvHnuYZq_N4YPlwy-xmxEobdwdA&oe=6A9B8EEE,https://www.instagram.com/p/DcivkuqOXSF/
Supermercado Tuiuiú,Outros,Carvão Paraná 5kg,19.99,28/08/2026,https://scontent-bos5-1.cdninstagram.com/v/t39.30808-6/788141803_1720016743465477_9146230528598203595_n.jpg?stp=dst-jpg_e35_tt6&_nc_cat=108&ig_cache_key=Mzk3MzM0Mjg3ODE5NDkyODIxMw%3D%3D.3-ccb7-5&ccb=7-5&_nc_sid=58cdad&efg=eyJ2ZW5jb2RlX3RhZyI6IkNBUk9VU0VMX0lURU0ueHBpZHMuMTI1NC5zZHIucmVndWxhcl9waG90by5DMyJ9&_nc_ohc=zal2Q-KNBSMQ7kNvwFcVn4B&_nc_oc=Adpq99sMFbbHbIpC2NxOWqTorwufTWeeR-dL-ciVx9nKoqBHw4b-mdjTfXZtcV4M9Xc&_nc_ad=z-m&_nc_cid=0&_nc_zt=23&_nc_ht=scontent-bos5-1.cdninstagram.com&_nc_gid=bmLXXYJOFClGMwHlmUZfvA&_nc_ss=7a22e&oh=00_AQL7XSFmbi9DliFG2UhrxJawAzX8y0cX3Y8h_xMkNQBG0Q&oe=6A9B7E36,https://www.instagram.com/p/DckJlYyI3Tu/
Supermercado Tuiuiú,Outros,Carvão do Vale 5kg,21.99,29/08/2026,https://scontent-ams2-1.cdninstagram.com/v/t51.82787-15/788550438_18582509053067900_6263948761205084851_n.jpg?stp=dst-jpg_e35_tt6&_nc_cat=100&ig_cache_key=Mzk3NDc1NDg5NDQxOTI5Mzg5Nw%3D%3D.3-ccb7-5&ccb=7-5&_nc_sid=58cdad&efg=eyJ2ZW5jb2RlX3RhZyI6IkNBUk9VU0VMX0lURU0ueHBpZHMuMTA4MC5zZHIucmVndWxhcl9waG90by5DMyJ9&_nc_ohc=jNbyy_j-UyYQ7kNvwHAXfwE&_nc_oc=Adpd5n1yN3aIFwKTpOwySKGM4L5tNMgwX96D8g2kczcwBq1Q9w1sjPlGG4Yxx1gqTB-HjlRz3RcUyOCBai1JLMB4&_nc_ad=z-m&_nc_cid=0&_nc_zt=23&_nc_ht=scontent-ams2-1.cdninstagram.com&_nc_gid=c8hmnPOEljfLMaR3cq56Dw&_nc_ss=7a22e&oh=00_AQIsIhl3nq5l7P1daaNT1WCW15MJrmFYMSB7m7IOLozZ6A&oe=6A9B81C8,https://www.instagram.com/p/DcpKopsjwHG/
Supermercado São Pedro,Outros,Cuca Recheada kg,23.49,28/08/2026,https://scontent-ord5-1.cdninstagram.com/v/t51.82787-15/785599572_18195711460382122_5575322653184498920_n.jpg?stp=dst-jpg_e35_tt6&_nc_cat=109&ig_cache_key=Mzk3MzY3MjU2OTQ3ODkxNjI0Mw%3D%3D.3-ccb7-5&ccb=7-5&_nc_sid=58cdad&efg=eyJ2ZW5jb2RlX3RhZyI6IkNBUk9VU0VMX0lURU0ueHBpZHMuMTA4MS5zZHIucmVndWxhcl9waG90by5DMyJ9&_nc_ohc=GqsGB5UTShAQ7kNvwGv8FhV&_nc_oc=AdoTUyGrk6x_HWUu6rc5f6T2wHTcl_kiYvT-O3ytIFrbVx47KipYUHyRko2d5sWuNL1Xa1hjpT5P6Z2vr8rlyGv5&_nc_ad=z-m&_nc_cid=0&_nc_zt=23&_nc_ht=scontent-ord5-1.cdninstagram.com&_nc_gid=e8yrrgwvTiB2RW3pwYsWmA&_nc_ss=7a22e&oh=00_AQJ_v0uueW5CdV0uftr1Xagj54p8HxYCHxzvUGvj9L7JVQ&oe=6A9B6ED2,https://www.instagram.com/p/DclUqI1G7TG/
Supermercado Tuiuiú,Outros,Ponta de Peito com Osso kg,23.99,28/08/2026,https://scontent-bos5-1.cdninstagram.com/v/t39.30808-6/784321179_1720016750132143_1243001508239248716_n.jpg?stp=dst-jpg_e35_tt6&_nc_cat=109&ig_cache_key=Mzk3MzM0Mjg4MDE3NDY4MTI1NA%3D%3D.3-ccb7-5&ccb=7-5&_nc_sid=58cdad&efg=eyJ2ZW5jb2RlX3RhZyI6IkNBUk9VU0VMX0lURU0ueHBpZHMuMTI1NC5zZHIucmVndWxhcl9waG90by5DMyJ9&_nc_ohc=COO3PN8U09oQ7kNvwEQfX90&_nc_oc=Adq2LgJNDi20InxXzVZ6Hgvty_l9zjmsuUcIynuxWZRf7G1t3LfZANBMtIgdMxr6Q1M&_nc_ad=z-m&_nc_cid=0&_nc_zt=23&_nc_ht=scontent-bos5-1.cdninstagram.com&_nc_gid=bmLXXYJOFClGMwHlmUZfvA&_nc_ss=7a22e&oh=00_AQJmOxLSDX7PjiCv8SeruuPPoLWFNCBlw3-rT_9A2jqx6A&oe=6A9B6E59,https://www.instagram.com/p/DckJlYyI3Tu/
Supermercado São Pedro,Outros,Rosca Doce kg,23.99,28/08/2026,https://scontent-ord5-1.cdninstagram.com/v/t51.82787-15/785599572_18195711460382122_5575322653184498920_n.jpg?stp=dst-jpg_e35_tt6&_nc_cat=109&ig_cache_key=Mzk3MzY3MjU2OTQ3ODkxNjI0Mw%3D%3D.3-ccb7-5&ccb=7-5&_nc_sid=58cdad&efg=eyJ2ZW5jb2RlX3RhZyI6IkNBUk9VU0VMX0lURU0ueHBpZHMuMTA4MS5zZHIucmVndWxhcl9waG90by5DMyJ9&_nc_ohc=GqsGB5UTShAQ7kNvwGv8FhV&_nc_oc=AdoTUyGrk6x_HWUu6rc5f6T2wHTcl_kiYvT-O3ytIFrbVx47KipYUHyRko2d5sWuNL1Xa1hjpT5P6Z2vr8rlyGv5&_nc_ad=z-m&_nc_cid=0&_nc_zt=23&_nc_ht=scontent-ord5-1.cdninstagram.com&_nc_gid=e8yrrgwvTiB2RW3pwYsWmA&_nc_ss=7a22e&oh=00_AQJ_v0uueW5CdV0uftr1Xagj54p8HxYCHxzvUGvj9L7JVQ&oe=6A9B6ED2,https://www.instagram.com/p/DclUqI1G7TG/
Machadão Atacadista,Outros,Toalha de Papel Mili 600 Toalhas,24.99,31/08/2026,https://instagram.fmel5-1.fna.fbcdn.net/v/t39.30808-6/785365107_1362151536004804_2436712632418186403_n.jpg?stp=dst-jpg_e35_tt6&_nc_cat=102&ig_cache_key=Mzk3NTQ4NzAyMDU1MDAxMDIxMA%3D%3D.3-ccb7-5&ccb=7-5&_nc_sid=58cdad&efg=eyJ2ZW5jb2RlX3RhZyI6IkNBUk9VU0VMX0lURU0ueHBpZHMuMTA4MC5zZHIucmVndWxhcl9waG90by5DMyJ9&_nc_ohc=r9vPLYgKGq0Q7kNvwECFSxy&_nc_oc=AdoTDINt3mufybeSG7Dmw9WWuIYhlhyDYfeRnM6z4HtC-6FwMrQ43kszss5Lb-oRBjQ&_nc_ad=z-m&_nc_cid=0&_nc_zt=23&_nc_ht=instagram.fmel5-1.fna&_nc_gid=Qk_94HUhvzOUfFEqa-fMKg&_nc_ss=7a22e&oh=00_AQLYobgC8UaYKMzqnmx7KO9KiaaaYY6qkbq9zuKwWOPMXA&oe=6A9BA329,https://www.instagram.com/p/DcrxGX5j8V3/
Bom Jesus Primavera do Leste 🛒,Outros,Creme Facial Garnier 85g,31.99,27/08/2026,https://scontent-waw2-2.cdninstagram.com/v/t51.82787-15/787993259_18374687005237813_4471412213431393234_n.jpg?stp=dst-jpg_e35_tt6&_nc_cat=103&ig_cache_key=Mzk3Mjk0NzA1MzQ4MTkxNTUyNQ%3D%3D.3-ccb7-5&ccb=7-5&_nc_sid=58cdad&efg=eyJ2ZW5jb2RlX3RhZyI6IkZFRUQueHBpZHMuMTM1MC5zZHIucmVndWxhcl9waG90by5DMiJ9&_nc_ohc=wXQuivYivwoQ7kNvwF5p2cf&_nc_oc=Adp3MSbyZehCFwdta6zm_tXItUO2pegdDIvgfFlHWTKABO666j2qAdtrqjyj5LhrRQw&_nc_ad=z-m&_nc_cid=0&_nc_zt=23&_nc_ht=scontent-waw2-2.cdninstagram.com&_nc_gid=7Km_DVQKuLCEV1bZQdj17Q&_nc_ss=7a22e&oh=00_AQK5367QoveN8qbXyMCLvHnuYZq_N4YPlwy-xmxEobdwdA&oe=6A9B8EEE,https://www.instagram.com/p/DcivkuqOXSF/
Bom Jesus Primavera do Leste 🛒,Outros,Capa de Contrafilé Sulbeef kg,32.99,28/08/2026,https://scontent-ams2-1.cdninstagram.com/v/t51.82787-15/786853630_18374942971237813_3112147777905981087_n.jpg?stp=dst-jpg_e35_tt6&_nc_cat=107&ig_cache_key=Mzk3Mzk3Nzc3OTE1MzU1MzcyNQ%3D%3D.3-ccb7-5&ccb=7-5&_nc_sid=58cdad&efg=eyJ2ZW5jb2RlX3RhZyI6IkNBUk9VU0VMX0lURU0ueHBpZHMuMTA4MC5zZHIucmVndWxhcl9waG90by5DMyJ9&_nc_ohc=X2aB_pDnUvgQ7kNvwG8uJH9&_nc_oc=AdpigUHsJRxjMoV1g7lQR4DbEc32Ikp2usi-5FwnwHpRZyYU1lairVlSsnYyShyrS68&_nc_ad=z-m&_nc_cid=0&_nc_zt=23&_nc_ht=scontent-ams2-1.cdninstagram.com&_nc_gid=jRI1dTb-zr9XSjXpQtgHvg&_nc_ss=7a22e&oh=00_AQLdusXZu3kwjJ8l2EnMH2edAs-4P9_1aNCp4Dgoq9u6Ag&oe=6A9BA2A4,https://www.instagram.com/p/DcmZ8cDD400/
Supermercado São Pedro,Outros,Chipa kg,34.99,28/08/2026,https://scontent-ord5-1.cdninstagram.com/v/t51.82787-15/785599572_18195711460382122_5575322653184498920_n.jpg?stp=dst-jpg_e35_tt6&_nc_cat=109&ig_cache_key=Mzk3MzY3MjU2OTQ3ODkxNjI0Mw%3D%3D.3-ccb7-5&ccb=7-5&_nc_sid=58cdad&efg=eyJ2ZW5jb2RlX3RhZyI6IkNBUk9VU0VMX0lURU0ueHBpZHMuMTA4MS5zZHIucmVndWxhcl9waG90by5DMyJ9&_nc_ohc=GqsGB5UTShAQ7kNvwGv8FhV&_nc_oc=AdoTUyGrk6x_HWUu6rc5f6T2wHTcl_kiYvT-O3ytIFrbVx47KipYUHyRko2d5sWuNL1Xa1hjpT5P6Z2vr8rlyGv5&_nc_ad=z-m&_nc_cid=0&_nc_zt=23&_nc_ht=scontent-ord5-1.cdninstagram.com&_nc_gid=e8yrrgwvTiB2RW3pwYsWmA&_nc_ss=7a22e&oh=00_AQJ_v0uueW5CdV0uftr1Xagj54p8HxYCHxzvUGvj9L7JVQ&oe=6A9B6ED2,https://www.instagram.com/p/DclUqI1G7TG/
Super Compras Supermercado,Outros,Ponta de Peito Bovina kg,35.99,29/08/2026,https://scontent-fra5-1.cdninstagram.com/v/t51.82787-15/787743920_18192892438391764_3005082908538598587_n.jpg?stp=dst-jpg_e35_tt6&_nc_cat=110&ig_cache_key=Mzk3NDAxMjMzNjQ5MTI3ODEzMg%3D%3D.3-ccb7-5&ccb=7-5&_nc_sid=58cdad&efg=eyJ2ZW5jb2RlX3RhZyI6IkNBUk9VU0VMX0lURU0ueHBpZHMuMTQ0MC5zZHIucmVndWxhcl9waG90by5DMyJ9&_nc_ohc=sDvW_231DL8Q7kNvwFUd-mY&_nc_oc=AdrVs152QyDKEMVf-19X4yc6xKwJI756zpOQan9pTBPi9CT3lHvSYCvTfyK3pJyyI5g&_nc_ad=z-m&_nc_cid=0&_nc_zt=23&_nc_ht=scontent-fra5-1.cdninstagram.com&_nc_gid=XE-WXNcIBrbBoDtt9F1rqg&_nc_ss=7a22e&oh=00_AQIMMY89zBTA66ZO23Vkasl2XpURebDtLT1oO3e0lElHuw&oe=6A9B703B,https://www.instagram.com/p/DcmhzwZjQj_/
Supermercado São Pedro,Outros,Ponta de Peito Bovina kg,36.99,28/08/2026,https://scontent-ord5-1.cdninstagram.com/v/t51.82787-15/787853786_18195711469382122_4084613579796731411_n.jpg?stp=dst-jpg_e35_tt6&_nc_cat=101&ig_cache_key=Mzk3MzY3MjU2ODk4MzkzOTE2MQ%3D%3D.3-ccb7-5&ccb=7-5&_nc_sid=58cdad&efg=eyJ2ZW5jb2RlX3RhZyI6IkNBUk9VU0VMX0lURU0ueHBpZHMuMTA4MS5zZHIucmVndWxhcl9waG90by5DMyJ9&_nc_ohc=YRh7I8l8B0QQ7kNvwHlEw3O&_nc_oc=AdrHCoG2WkdmZXa4FwFC30vrqZ2O_zCin_hSzkRyiGTz_k-7EvFXy8yMbwuq3rSQbHBWFYi1cP3qB_7ReenJ1ICO&_nc_ad=z-m&_nc_cid=0&_nc_zt=23&_nc_ht=scontent-ord5-1.cdninstagram.com&_nc_gid=e8yrrgwvTiB2RW3pwYsWmA&_nc_ss=7a22e&oh=00_AQJCf2yLnEnXMf-jjzQVUurpcTwQVzDCaO1bFCb3y3kVag&oe=6A9B89C7,https://www.instagram.com/p/DclUqI1G7TG/
Supermercado Tuiuiú,Outros,Filé Mignon Bovina kg,54.99,29/08/2026,https://scontent-ams2-1.cdninstagram.com/v/t51.82787-15/788493790_18582509032067900_5908567126790300069_n.jpg?stp=dst-jpg_e35_tt6&_nc_cat=109&ig_cache_key=Mzk3NDc1NDg1NzkyNzkxMjQwMQ%3D%3D.3-ccb7-5&ccb=7-5&_nc_sid=58cdad&efg=eyJ2ZW5jb2RlX3RhZyI6IkNBUk9VU0VMX0lURU0ueHBpZHMuMTA4MC5zZHIucmVndWxhcl9waG90by5DMyJ9&_nc_ohc=ZEEw91mmol0Q7kNvwGVnriZ&_nc_oc=AdoB6_SyfJtDXfOP67omgaVII8Icuiyd1qExVv-pJdmFaiSlEERjxEEA_53te6ypdw5vFu21Xx7Jsk9m7N443gzR&_nc_ad=z-m&_nc_cid=0&_nc_zt=23&_nc_ht=scontent-ams2-1.cdninstagram.com&_nc_gid=c8hmnPOEljfLMaR3cq56Dw&_nc_ss=7a22e&oh=00_AQJI6HV-2yS6LTe4Bx9kjBoEp7YoRNeeOAFSypgC5uIQqg&oe=6A9B91B5,https://www.instagram.com/p/DcpKopsjwHG/
Supermercado São Pedro,Outros,Aperol 750ml,56.99,27/08/2026,https://scontent-cdg4-2.cdninstagram.com/v/t39.30808-6/788413222_1505168981656218_2918311736305518854_n.jpg?stp=c0.0.1638.2047a_dst-jpg_e35_s1638x2047_tt6&_nc_cat=107&ig_cache_key=Mzk3MzI3Njk2ODIzODI0MjE0OA%3D%3D.3-ccb7-5&ccb=7-5&_nc_sid=58cdad&efg=eyJ2ZW5jb2RlX3RhZyI6IkNBUk9VU0VMX0lURU0ueHBpZHMuMTYzOC5zZHIucmVndWxhcl9waG90by5DMyJ9&_nc_ohc=6u-bXG9Z0hAQ7kNvwECUv0L&_nc_oc=Adrfup-oh_tTDaQKc8McqTthgcIZl5J8qyKW_ZULDj4ek1R0HQACnXE1JUO0g1IXcaY&_nc_ad=z-m&_nc_cid=0&_nc_zt=23&_nc_ht=scontent-cdg4-2.cdninstagram.com&_nc_gid=yLPiqNBTOuIh-HMOfC0RHA&_nc_ss=7a22e&oh=00_AQJjbCsYWro8MmE_RR62ULRL-8GxfRGZOStSK22xaNfFQg&oe=6A9BA5E0,https://www.instagram.com/p/Dcj6lyLlKpL/
Machadão Atacadista,Outros,Goiaba Vermelha Caixa 6kg,59.9,31/08/2026,https://scontent-fra5-1.cdninstagram.com/v/t39.30808-6/786828902_1362153686004589_2767377144369527529_n.jpg?stp=dst-jpg_e35_tt6&_nc_cat=102&ig_cache_key=Mzk3NTQ4NDUyMzMyODE1NzczMQ%3D%3D.3-ccb7-5&ccb=7-5&_nc_sid=58cdad&efg=eyJ2ZW5jb2RlX3RhZyI6IkNBUk9VU0VMX0lURU0ueHBpZHMuMTYzOC5zZHIucmVndWxhcl9waG90by5DMyJ9&_nc_ohc=YTJVhLZkNPkQ7kNvwGSJqPm&_nc_oc=Ado-lQC3GSTW0TgXUhWCqqKGYlzv6AzbpY1_9Eyg3OscEjJwrgm55q0e4Xm-xxh6qZBPDgcI7Qsg7_YYAHL3GHiQ&_nc_ad=z-m&_nc_cid=0&_nc_zt=23&_nc_ht=scontent-fra5-1.cdninstagram.com&_nc_gid=kfo5m96Gf15gzW47dkXZxQ&_nc_ss=7a22e&oh=00_AQLPz27CD97mc-9tJsY1L3FgGe7X3OYR5E2b8-6bAKFv8w&oe=6A9B70B9,https://www.instagram.com/p/Dcrwh-ziUeh/
Machadão Atacadista,Outros,Filme de PVC Braspratick 28cmx300m,59.9,31/08/2026,https://instagram.fmel5-1.fna.fbcdn.net/v/t39.30808-6/785365107_1362151536004804_2436712632418186403_n.jpg?stp=dst-jpg_e35_tt6&_nc_cat=102&ig_cache_key=Mzk3NTQ4NzAyMDU1MDAxMDIxMA%3D%3D.3-ccb7-5&ccb=7-5&_nc_sid=58cdad&efg=eyJ2ZW5jb2RlX3RhZyI6IkNBUk9VU0VMX0lURU0ueHBpZHMuMTA4MC5zZHIucmVndWxhcl9waG90by5DMyJ9&_nc_ohc=r9vPLYgKGq0Q7kNvwECFSxy&_nc_oc=AdoTDINt3mufybeSG7Dmw9WWuIYhlhyDYfeRnM6z4HtC-6FwMrQ43kszss5Lb-oRBjQ&_nc_ad=z-m&_nc_cid=0&_nc_zt=23&_nc_ht=instagram.fmel5-1.fna&_nc_gid=Qk_94HUhvzOUfFEqa-fMKg&_nc_ss=7a22e&oh=00_AQLYobgC8UaYKMzqnmx7KO9KiaaaYY6qkbq9zuKwWOPMXA&oe=6A9BA329,https://www.instagram.com/p/DcrxGX5j8V3/
Machadão Atacadista,Outros,Abóbora Moranga Saco 19kg,64.9,31/08/2026,https://scontent-fra5-1.cdninstagram.com/v/t39.30808-6/786828902_1362153686004589_2767377144369527529_n.jpg?stp=dst-jpg_e35_tt6&_nc_cat=102&ig_cache_key=Mzk3NTQ4NDUyMzMyODE1NzczMQ%3D%3D.3-ccb7-5&ccb=7-5&_nc_sid=58cdad&efg=eyJ2ZW5jb2RlX3RhZyI6IkNBUk9VU0VMX0lURU0ueHBpZHMuMTYzOC5zZHIucmVndWxhcl9waG90by5DMyJ9&_nc_ohc=YTJVhLZkNPkQ7kNvwGSJqPm&_nc_oc=Ado-lQC3GSTW0TgXUhWCqqKGYlzv6AzbpY1_9Eyg3OscEjJwrgm55q0e4Xm-xxh6qZBPDgcI7Qsg7_YYAHL3GHiQ&_nc_ad=z-m&_nc_cid=0&_nc_zt=23&_nc_ht=scontent-fra5-1.cdninstagram.com&_nc_gid=kfo5m96Gf15gzW47dkXZxQ&_nc_ss=7a22e&oh=00_AQLPz27CD97mc-9tJsY1L3FgGe7X3OYR5E2b8-6bAKFv8w&oe=6A9B70B9,https://www.instagram.com/p/Dcrwh-ziUeh/
Machadão Atacadista,Outros,Chuchu Caixa 18kg,69.9,31/08/2026,https://scontent-fra5-1.cdninstagram.com/v/t39.30808-6/786828902_1362153686004589_2767377144369527529_n.jpg?stp=dst-jpg_e35_tt6&_nc_cat=102&ig_cache_key=Mzk3NTQ4NDUyMzMyODE1NzczMQ%3D%3D.3-ccb7-5&ccb=7-5&_nc_sid=58cdad&efg=eyJ2ZW5jb2RlX3RhZyI6IkNBUk9VU0VMX0lURU0ueHBpZHMuMTYzOC5zZHIucmVndWxhcl9waG90by5DMyJ9&_nc_ohc=YTJVhLZkNPkQ7kNvwGSJqPm&_nc_oc=Ado-lQC3GSTW0TgXUhWCqqKGYlzv6AzbpY1_9Eyg3OscEjJwrgm55q0e4Xm-xxh6qZBPDgcI7Qsg7_YYAHL3GHiQ&_nc_ad=z-m&_nc_cid=0&_nc_zt=23&_nc_ht=scontent-fra5-1.cdninstagram.com&_nc_gid=kfo5m96Gf15gzW47dkXZxQ&_nc_ss=7a22e&oh=00_AQLPz27CD97mc-9tJsY1L3FgGe7X3OYR5E2b8-6bAKFv8w&oe=6A9B70B9,https://www.instagram.com/p/Dcrwh-ziUeh/
Machadão Atacadista,Outros,Repolho Verde Caixa 18kg,85.9,31/08/2026,https://scontent-fra5-1.cdninstagram.com/v/t39.30808-6/786828902_1362153686004589_2767377144369527529_n.jpg?stp=dst-jpg_e35_tt6&_nc_cat=102&ig_cache_key=Mzk3NTQ4NDUyMzMyODE1NzczMQ%3D%3D.3-ccb7-5&ccb=7-5&_nc_sid=58cdad&efg=eyJ2ZW5jb2RlX3RhZyI6IkNBUk9VU0VMX0lURU0ueHBpZHMuMTYzOC5zZHIucmVndWxhcl9waG90by5DMyJ9&_nc_ohc=YTJVhLZkNPkQ7kNvwGSJqPm&_nc_oc=Ado-lQC3GSTW0TgXUhWCqqKGYlzv6AzbpY1_9Eyg3OscEjJwrgm55q0e4Xm-xxh6qZBPDgcI7Qsg7_YYAHL3GHiQ&_nc_ad=z-m&_nc_cid=0&_nc_zt=23&_nc_ht=scontent-fra5-1.cdninstagram.com&_nc_gid=kfo5m96Gf15gzW47dkXZxQ&_nc_ss=7a22e&oh=00_AQLPz27CD97mc-9tJsY1L3FgGe7X3OYR5E2b8-6bAKFv8w&oe=6A9B70B9,https://www.instagram.com/p/Dcrwh-ziUeh/
Machadão Atacadista,Outros,Pepino Comum Caixa 20kg,92.9,31/08/2026,https://scontent-fra5-1.cdninstagram.com/v/t39.30808-6/786828902_1362153686004589_2767377144369527529_n.jpg?stp=dst-jpg_e35_tt6&_nc_cat=102&ig_cache_key=Mzk3NTQ4NDUyMzMyODE1NzczMQ%3D%3D.3-ccb7-5&ccb=7-5&_nc_sid=58cdad&efg=eyJ2ZW5jb2RlX3RhZyI6IkNBUk9VU0VMX0lURU0ueHBpZHMuMTYzOC5zZHIucmVndWxhcl9waG90by5DMyJ9&_nc_ohc=YTJVhLZkNPkQ7kNvwGSJqPm&_nc_oc=Ado-lQC3GSTW0TgXUhWCqqKGYlzv6AzbpY1_9Eyg3OscEjJwrgm55q0e4Xm-xxh6qZBPDgcI7Qsg7_YYAHL3GHiQ&_nc_ad=z-m&_nc_cid=0&_nc_zt=23&_nc_ht=scontent-fra5-1.cdninstagram.com&_nc_gid=kfo5m96Gf15gzW47dkXZxQ&_nc_ss=7a22e&oh=00_AQLPz27CD97mc-9tJsY1L3FgGe7X3OYR5E2b8-6bAKFv8w&oe=6A9B70B9,https://www.instagram.com/p/Dcrwh-ziUeh/
Machadão Atacadista,Outros,Maracujá Caixa 12kg,142.9,31/08/2026,https://scontent-fra5-1.cdninstagram.com/v/t39.30808-6/786828902_1362153686004589_2767377144369527529_n.jpg?stp=dst-jpg_e35_tt6&_nc_cat=102&ig_cache_key=Mzk3NTQ4NDUyMzMyODE1NzczMQ%3D%3D.3-ccb7-5&ccb=7-5&_nc_sid=58cdad&efg=eyJ2ZW5jb2RlX3RhZyI6IkNBUk9VU0VMX0lURU0ueHBpZHMuMTYzOC5zZHIucmVndWxhcl9waG90by5DMyJ9&_nc_ohc=YTJVhLZkNPkQ7kNvwGSJqPm&_nc_oc=Ado-lQC3GSTW0TgXUhWCqqKGYlzv6AzbpY1_9Eyg3OscEjJwrgm55q0e4Xm-xxh6qZBPDgcI7Qsg7_YYAHL3GHiQ&_nc_ad=z-m&_nc_cid=0&_nc_zt=23&_nc_ht=scontent-fra5-1.cdninstagram.com&_nc_gid=kfo5m96Gf15gzW47dkXZxQ&_nc_ss=7a22e&oh=00_AQLPz27CD97mc-9tJsY1L3FgGe7X3OYR5E2b8-6bAKFv8w&oe=6A9B70B9,https://www.instagram.com/p/Dcrwh-ziUeh/
Machadão Atacadista,Outros,Pera Importada Verde Caixa 18kg,214.9,31/08/2026,https://scontent-fra5-1.cdninstagram.com/v/t39.30808-6/786828902_1362153686004589_2767377144369527529_n.jpg?stp=dst-jpg_e35_tt6&_nc_cat=102&ig_cache_key=Mzk3NTQ4NDUyMzMyODE1NzczMQ%3D%3D.3-ccb7-5&ccb=7-5&_nc_sid=58cdad&efg=eyJ2ZW5jb2RlX3RhZyI6IkNBUk9VU0VMX0lURU0ueHBpZHMuMTYzOC5zZHIucmVndWxhcl9waG90by5DMyJ9&_nc_ohc=YTJVhLZkNPkQ7kNvwGSJqPm&_nc_oc=Ado-lQC3GSTW0TgXUhWCqqKGYlzv6AzbpY1_9Eyg3OscEjJwrgm55q0e4Xm-xxh6qZBPDgcI7Qsg7_YYAHL3GHiQ&_nc_ad=z-m&_nc_cid=0&_nc_zt=23&_nc_ht=scontent-fra5-1.cdninstagram.com&_nc_gid=kfo5m96Gf15gzW47dkXZxQ&_nc_ss=7a22e&oh=00_AQLPz27CD97mc-9tJsY1L3FgGe7X3OYR5E2b8-6bAKFv8w&oe=6A9B70B9,https://www.instagram.com/p/Dcrwh-ziUeh/
Bom Jesus Primavera do Leste 🛒,Padaria / Congelados,Pão de Queijo Cuiabá 1kg,9.99,28/08/2026,https://scontent-ams2-1.cdninstagram.com/v/t51.82787-15/786853630_18374942971237813_3112147777905981087_n.jpg?stp=dst-jpg_e35_tt6&_nc_cat=107&ig_cache_key=Mzk3Mzk3Nzc3OTE1MzU1MzcyNQ%3D%3D.3-ccb7-5&ccb=7-5&_nc_sid=58cdad&efg=eyJ2ZW5jb2RlX3RhZyI6IkNBUk9VU0VMX0lURU0ueHBpZHMuMTA4MC5zZHIucmVndWxhcl9waG90by5DMyJ9&_nc_ohc=X2aB_pDnUvgQ7kNvwG8uJH9&_nc_oc=AdpigUHsJRxjMoV1g7lQR4DbEc32Ikp2usi-5FwnwHpRZyYU1lairVlSsnYyShyrS68&_nc_ad=z-m&_nc_cid=0&_nc_zt=23&_nc_ht=scontent-ams2-1.cdninstagram.com&_nc_gid=jRI1dTb-zr9XSjXpQtgHvg&_nc_ss=7a22e&oh=00_AQLdusXZu3kwjJ8l2EnMH2edAs-4P9_1aNCp4Dgoq9u6Ag&oe=6A9BA2A4,https://www.instagram.com/p/DcmZ8cDD400/
Supermercado São Pedro,Padaria / Congelados,Pão de Queijo Cuiabá 1kg,11.99,28/08/2026,https://scontent-ord5-1.cdninstagram.com/v/t51.82787-15/785599572_18195711460382122_5575322653184498920_n.jpg?stp=dst-jpg_e35_tt6&_nc_cat=109&ig_cache_key=Mzk3MzY3MjU2OTQ3ODkxNjI0Mw%3D%3D.3-ccb7-5&ccb=7-5&_nc_sid=58cdad&efg=eyJ2ZW5jb2RlX3RhZyI6IkNBUk9VU0VMX0lURU0ueHBpZHMuMTA4MS5zZHIucmVndWxhcl9waG90by5DMyJ9&_nc_ohc=GqsGB5UTShAQ7kNvwGv8FhV&_nc_oc=AdoTUyGrk6x_HWUu6rc5f6T2wHTcl_kiYvT-O3ytIFrbVx47KipYUHyRko2d5sWuNL1Xa1hjpT5P6Z2vr8rlyGv5&_nc_ad=z-m&_nc_cid=0&_nc_zt=23&_nc_ht=scontent-ord5-1.cdninstagram.com&_nc_gid=e8yrrgwvTiB2RW3pwYsWmA&_nc_ss=7a22e&oh=00_AQJ_v0uueW5CdV0uftr1Xagj54p8HxYCHxzvUGvj9L7JVQ&oe=6A9B6ED2,https://www.instagram.com/p/DclUqI1G7TG/
Supermercado Tuiuiú,Padaria / Pães,Pão de Alho Bello 300g,9.99,29/08/2026,https://scontent-ams2-1.cdninstagram.com/v/t51.82787-15/788550438_18582509053067900_6263948761205084851_n.jpg?stp=dst-jpg_e35_tt6&_nc_cat=100&ig_cache_key=Mzk3NDc1NDg5NDQxOTI5Mzg5Nw%3D%3D.3-ccb7-5&ccb=7-5&_nc_sid=58cdad&efg=eyJ2ZW5jb2RlX3RhZyI6IkNBUk9VU0VMX0lURU0ueHBpZHMuMTA4MC5zZHIucmVndWxhcl9waG90by5DMyJ9&_nc_ohc=jNbyy_j-UyYQ7kNvwHAXfwE&_nc_oc=Adpd5n1yN3aIFwKTpOwySKGM4L5tNMgwX96D8g2kczcwBq1Q9w1sjPlGG4Yxx1gqTB-HjlRz3RcUyOCBai1JLMB4&_nc_ad=z-m&_nc_cid=0&_nc_zt=23&_nc_ht=scontent-ams2-1.cdninstagram.com&_nc_gid=c8hmnPOEljfLMaR3cq56Dw&_nc_ss=7a22e&oh=00_AQIsIhl3nq5l7P1daaNT1WCW15MJrmFYMSB7m7IOLozZ6A&oe=6A9B81C8,https://www.instagram.com/p/DcpKopsjwHG/
Supermercado Tuiuiú,Padaria / Pães,Pão de Alho Bello 300g,9.99,28/08/2026,https://scontent-bos5-1.cdninstagram.com/v/t39.30808-6/788141803_1720016743465477_9146230528598203595_n.jpg?stp=dst-jpg_e35_tt6&_nc_cat=108&ig_cache_key=Mzk3MzM0Mjg3ODE5NDkyODIxMw%3D%3D.3-ccb7-5&ccb=7-5&_nc_sid=58cdad&efg=eyJ2ZW5jb2RlX3RhZyI6IkNBUk9VU0VMX0lURU0ueHBpZHMuMTI1NC5zZHIucmVndWxhcl9waG90by5DMyJ9&_nc_ohc=zal2Q-KNBSMQ7kNvwFcVn4B&_nc_oc=Adpq99sMFbbHbIpC2NxOWqTorwufTWeeR-dL-ciVx9nKoqBHw4b-mdjTfXZtcV4M9Xc&_nc_ad=z-m&_nc_cid=0&_nc_zt=23&_nc_ht=scontent-bos5-1.cdninstagram.com&_nc_gid=bmLXXYJOFClGMwHlmUZfvA&_nc_ss=7a22e&oh=00_AQL7XSFmbi9DliFG2UhrxJawAzX8y0cX3Y8h_xMkNQBG0Q&oe=6A9B7E36,https://www.instagram.com/p/DckJlYyI3Tu/
Bom Jesus Primavera do Leste 🛒,Padaria / Pães,Pão de Alho Dabrasa 450g,11.99,28/08/2026,https://scontent-ams2-1.cdninstagram.com/v/t51.82787-15/786853630_18374942971237813_3112147777905981087_n.jpg?stp=dst-jpg_e35_tt6&_nc_cat=107&ig_cache_key=Mzk3Mzk3Nzc3OTE1MzU1MzcyNQ%3D%3D.3-ccb7-5&ccb=7-5&_nc_sid=58cdad&efg=eyJ2ZW5jb2RlX3RhZyI6IkNBUk9VU0VMX0lURU0ueHBpZHMuMTA4MC5zZHIucmVndWxhcl9waG90by5DMyJ9&_nc_ohc=X2aB_pDnUvgQ7kNvwG8uJH9&_nc_oc=AdpigUHsJRxjMoV1g7lQR4DbEc32Ikp2usi-5FwnwHpRZyYU1lairVlSsnYyShyrS68&_nc_ad=z-m&_nc_cid=0&_nc_zt=23&_nc_ht=scontent-ams2-1.cdninstagram.com&_nc_gid=jRI1dTb-zr9XSjXpQtgHvg&_nc_ss=7a22e&oh=00_AQLdusXZu3kwjJ8l2EnMH2edAs-4P9_1aNCp4Dgoq9u6Ag&oe=6A9BA2A4,https://www.instagram.com/p/DcmZ8cDD400/
Supermercado São Pedro,Padaria / Pães,Pão de Alho Zinho 300g,12.99,28/08/2026,https://scontent-ord5-1.cdninstagram.com/v/t51.82787-15/785599572_18195711460382122_5575322653184498920_n.jpg?stp=dst-jpg_e35_tt6&_nc_cat=109&ig_cache_key=Mzk3MzY3MjU2OTQ3ODkxNjI0Mw%3D%3D.3-ccb7-5&ccb=7-5&_nc_sid=58cdad&efg=eyJ2ZW5jb2RlX3RhZyI6IkNBUk9VU0VMX0lURU0ueHBpZHMuMTA4MS5zZHIucmVndWxhcl9waG90by5DMyJ9&_nc_ohc=GqsGB5UTShAQ7kNvwGv8FhV&_nc_oc=AdoTUyGrk6x_HWUu6rc5f6T2wHTcl_kiYvT-O3ytIFrbVx47KipYUHyRko2d5sWuNL1Xa1hjpT5P6Z2vr8rlyGv5&_nc_ad=z-m&_nc_cid=0&_nc_zt=23&_nc_ht=scontent-ord5-1.cdninstagram.com&_nc_gid=e8yrrgwvTiB2RW3pwYsWmA&_nc_ss=7a22e&oh=00_AQJ_v0uueW5CdV0uftr1Xagj54p8HxYCHxzvUGvj9L7JVQ&oe=6A9B6ED2,https://www.instagram.com/p/DclUqI1G7TG/
Super Compras Supermercado,Pet Shop,Coração Bovino kg,6.99,31/08/2026,https://scontent-cdg6-1.cdninstagram.com/v/t51.82787-15/791974186_18193115938391764_5859732845031236442_n.jpg?stp=dst-jpg_e35_tt6&_nc_cat=105&ig_cache_key=Mzk3NTQ2MjE2MTk0MjIyOTY3Mg%3D%3D.3-ccb7-5&ccb=7-5&_nc_sid=58cdad&efg=eyJ2ZW5jb2RlX3RhZyI6IkNBUk9VU0VMX0lURU0ueHBpZHMuMTQ0MC5zZHIucmVndWxhcl9waG90by5DMyJ9&_nc_ohc=nzcZ4VRfyfMQ7kNvwHlUecV&_nc_oc=AdoDpzccQT_CRgfCO6U14HiEYyiByabnmNVK51dOCu43Hoi56T5dZJF32jeqL2cOH4xs2DEWWS6hNm1HlevCiDgj&_nc_ad=z-m&_nc_cid=0&_nc_zt=23&_nc_ht=scontent-cdg6-1.cdninstagram.com&_nc_gid=OJoajgHHc593TCu2NktQWw&_nc_ss=7a22e&oh=00_AQIByuI4N9Eh3WnAxBULUmrjbTjDc60A4epdtf64WiGfZA&oe=6A9B7076,https://www.instagram.com/p/DcrreFFEorJ/
Supermercado São Pedro,Pet Shop,Coração Bovino kg,9.99,31/08/2026,https://scontent-yyz1-1.cdninstagram.com/v/t51.82787-15/791942671_18196080940382122_5769268194854024718_n.jpg?stp=dst-jpg_e35_tt6&_nc_cat=107&ig_cache_key=Mzk3NTg1NzQ5MjM5MDM2NzAzMQ%3D%3D.3-ccb7-5&ccb=7-5&_nc_sid=58cdad&efg=eyJ2ZW5jb2RlX3RhZyI6IkZFRUQueHBpZHMuMzI0OC5zZHIucmVndWxhcl9waG90by5DMyJ9&_nc_ohc=FI0IN0j_ruIQ7kNvwGC3K8s&_nc_oc=AdrhdViKKQ2N_RCgWHLfou0OLpCFa2drnCTZkCdUPf570nxZem1Ru5Ioih6Rcu26XE0&_nc_ad=z-m&_nc_cid=0&_nc_zt=23&_nc_ht=scontent-yyz1-1.cdninstagram.com&_nc_gid=rTzcWpo5EmqgaOQBsoET-Q&_nc_ss=7a22e&oh=00_AQIM9kU-CPvdp3fzlcvqegMh4EAVc1oIktG_camzw6mVGw&oe=6A9B733A,https://www.instagram.com/p/DctFVMHgM83/
Bom Jesus Primavera do Leste 🛒,Pet Shop,Ração Para Gatos Mimiau 1kg,12.49,28/08/2026,https://scontent-ams2-1.cdninstagram.com/v/t51.82787-15/788860531_18374942995237813_624644092953609674_n.jpg?stp=dst-jpg_e35_tt6&_nc_cat=106&ig_cache_key=Mzk3Mzk3Nzc4MjEzMTM5MTcwNQ%3D%3D.3-ccb7-5&ccb=7-5&_nc_sid=58cdad&efg=eyJ2ZW5jb2RlX3RhZyI6IkNBUk9VU0VMX0lURU0ueHBpZHMuMTA4MC5zZHIucmVndWxhcl9waG90by5DMyJ9&_nc_ohc=7IsixMbzdvIQ7kNvwFBEauc&_nc_oc=AdpH9K1QTD1BKoyG8uMa-8FTcfyQYSoEGIeCTBwl-_lQqMaQys9Z6l54LhOSWgvo7OM&_nc_ad=z-m&_nc_cid=0&_nc_zt=23&_nc_ht=scontent-ams2-1.cdninstagram.com&_nc_gid=jRI1dTb-zr9XSjXpQtgHvg&_nc_ss=7a22e&oh=00_AQLoVcKI7wLGY4VuJ1H2Nra6N-LzPXIYCLT1m60p2y_BjA&oe=6A9B994B,https://www.instagram.com/p/DcmZ8cDD400/
Bom Jesus Primavera do Leste 🛒,Pet Shop,Ração Para Cães Maikão Carne com Cereais 7kg,34.9,28/08/2026,https://scontent-ams2-1.cdninstagram.com/v/t51.82787-15/788860531_18374942995237813_624644092953609674_n.jpg?stp=dst-jpg_e35_tt6&_nc_cat=106&ig_cache_key=Mzk3Mzk3Nzc4MjEzMTM5MTcwNQ%3D%3D.3-ccb7-5&ccb=7-5&_nc_sid=58cdad&efg=eyJ2ZW5jb2RlX3RhZyI6IkNBUk9VU0VMX0lURU0ueHBpZHMuMTA4MC5zZHIucmVndWxhcl9waG90by5DMyJ9&_nc_ohc=7IsixMbzdvIQ7kNvwFBEauc&_nc_oc=AdpH9K1QTD1BKoyG8uMa-8FTcfyQYSoEGIeCTBwl-_lQqMaQys9Z6l54LhOSWgvo7OM&_nc_ad=z-m&_nc_cid=0&_nc_zt=23&_nc_ht=scontent-ams2-1.cdninstagram.com&_nc_gid=jRI1dTb-zr9XSjXpQtgHvg&_nc_ss=7a22e&oh=00_AQLoVcKI7wLGY4VuJ1H2Nra6N-LzPXIYCLT1m60p2y_BjA&oe=6A9B994B,https://www.instagram.com/p/DcmZ8cDD400/
Bom Jesus Primavera do Leste 🛒,Pet Shop,Ração Para Cães Vittamax Classic 7kg,64.9,28/08/2026,https://scontent-ams2-1.cdninstagram.com/v/t51.82787-15/788860531_18374942995237813_624644092953609674_n.jpg?stp=dst-jpg_e35_tt6&_nc_cat=106&ig_cache_key=Mzk3Mzk3Nzc4MjEzMTM5MTcwNQ%3D%3D.3-ccb7-5&ccb=7-5&_nc_sid=58cdad&efg=eyJ2ZW5jb2RlX3RhZyI6IkNBUk9VU0VMX0lURU0ueHBpZHMuMTA4MC5zZHIucmVndWxhcl9waG90by5DMyJ9&_nc_ohc=7IsixMbzdvIQ7kNvwFBEauc&_nc_oc=AdpH9K1QTD1BKoyG8uMa-8FTcfyQYSoEGIeCTBwl-_lQqMaQys9Z6l54LhOSWgvo7OM&_nc_ad=z-m&_nc_cid=0&_nc_zt=23&_nc_ht=scontent-ams2-1.cdninstagram.com&_nc_gid=jRI1dTb-zr9XSjXpQtgHvg&_nc_ss=7a22e&oh=00_AQLoVcKI7wLGY4VuJ1H2Nra6N-LzPXIYCLT1m60p2y_BjA&oe=6A9B994B,https://www.instagram.com/p/DcmZ8cDD400/
