supermercado,categoria,item,valor,data_postagem,link,post_url
Machadão Atacadista,Bazar / Eletro,Pote Tramontina Mix Color 600ml,10.9,27/08/2026,https://instagram.fyto2-1.fna.fbcdn.net/v/t39.30808-6/786141071_1360550506164907_1343288441209680541_n.jpg?stp=dst-jpg_e35_tt6&_nc_cat=100&ig_cache_key=Mzk3MzE1NjQ3MjAxNjIzNDQ4NA%3D%3D.3-ccb7-5&ccb=7-5&_nc_sid=58cdad&efg=eyJ2ZW5jb2RlX3RhZyI6IkNBUk9VU0VMX0lURU0ueHBpZHMuMTYzOC5zZHIucmVndWxhcl9waG90by5DMyJ9&_nc_ohc=aMK5GLv5FBcQ7kNvwEDMxh0&_nc_oc=AdpWuxL4VLkbZ6DZN4-vuIq-jU9vlST0z0KDqlNXDoTt1WlcYsRB4fwhiJICSYvj0xw&_nc_ad=z-m&_nc_cid=0&_nc_zt=23&_nc_ht=instagram.fyto2-1.fna&_nc_gid=IXal9zDDXfZ0GyqCGxQXgg&_nc_ss=7a22e&oh=00_AQHbXvyWTmBTgINHFv510Kl1nd7qoQ2vyD-goSfn6iagJA&oe=6A9682F9,https://www.instagram.com/p/DcjfMcbkgCV/
Super Compras Supermercado,Bebidas / Alcoólicos Diversos,Molho de Tomate Fugini 300g,1.59,27/08/2026,https://scontent-ams2-1.cdninstagram.com/v/t51.82787-15/788172202_18192669184391764_5816935157600731829_n.jpg?stp=dst-jpg_e35_tt6&_nc_cat=102&ig_cache_key=Mzk3MjU2Mjg0NTk4OTQwNjA0Mw%3D%3D.3-ccb7-5&ccb=7-5&_nc_sid=58cdad&efg=eyJ2ZW5jb2RlX3RhZyI6IkZFRUQueHBpZHMuMTQ0MC5zZHIucmVndWxhcl9waG90by5DMyJ9&_nc_ohc=6V6MUSXxtWEQ7kNvwEiX9Iy&_nc_oc=AdrQCKzt2IP-ocFF-FbaYs3Q4kwNC6iyh3WBRnpuYUxZJFYGurB5QVHUAv2UKzzbNhLZr8L5iiVMZ__Z0GwnMa4v&_nc_ad=z-m&_nc_cid=0&_nc_zt=23&_nc_ht=scontent-ams2-1.cdninstagram.com&_nc_gid=_6Bjz1Qe-apFUvGe8-R7zg&_nc_ss=7a22e&oh=00_AQHDedMdFifYxvYbiz35fID0ZSN6roivKw5gK-ObWEzJCw&oe=6A9672A8,https://www.instagram.com/p/DchYNxjHQVb/
Machadão Atacadista,Bebidas / Alcoólicos Diversos,Molho de Tomate Fugini 1.02kg,7.49,27/08/2026,https://instagram.fyto2-1.fna.fbcdn.net/v/t39.30808-6/787798079_1360550486164909_1488167338527184913_n.jpg?stp=dst-jpg_e35_tt6&_nc_cat=107&ig_cache_key=Mzk3MzE1NjQ3MjAzMzA0ODEyMg%3D%3D.3-ccb7-5&ccb=7-5&_nc_sid=58cdad&efg=eyJ2ZW5jb2RlX3RhZyI6IkNBUk9VU0VMX0lURU0ueHBpZHMuMTYzOC5zZHIucmVndWxhcl9waG90by5DMyJ9&_nc_ohc=_YSRXBR_xEAQ7kNvwGz-Jto&_nc_oc=AdpLlJzkYRevw0CSLWuqB-KI2jK2tnW7KUxNYwMqDutU8aJJamvN2PScwwK8KVSNNW0&_nc_ad=z-m&_nc_cid=0&_nc_zt=23&_nc_ht=instagram.fyto2-1.fna&_nc_gid=IXal9zDDXfZ0GyqCGxQXgg&_nc_ss=7a22e&oh=00_AQFOWvfPu9eQQSbEeGxpEzc_ICisAWZEBaBd3B4eIkUSZg&oe=6A966BD5,https://www.instagram.com/p/DcjfMcbkgCV/
Machadão Atacadista,Bebidas / Alcoólicos Diversos,Molho de Tomate Fugini 1.02kg,7.49,27/08/2026,https://instagram.fyto2-1.fna.fbcdn.net/v/t39.30808-6/787104328_1360550532831571_2281243341389434448_n.jpg?stp=dst-jpg_e35_tt6&_nc_cat=100&ig_cache_key=Mzk3MzE1NjQ3MTc1NjIxMzA2MQ%3D%3D.3-ccb7-5&ccb=7-5&_nc_sid=58cdad&efg=eyJ2ZW5jb2RlX3RhZyI6IkNBUk9VU0VMX0lURU0ueHBpZHMuMTYzOC5zZHIucmVndWxhcl9waG90by5DMyJ9&_nc_ohc=Y9MsBJNTALEQ7kNvwGWInLu&_nc_oc=AdpddtOg1iPztqTH7eT-YWFaB54UHVZOR9Da1l8Mt7vhLBC-6BjRzHEH7wd_T0diJ_k&_nc_ad=z-m&_nc_cid=0&_nc_zt=23&_nc_ht=instagram.fyto2-1.fna&_nc_gid=IXal9zDDXfZ0GyqCGxQXgg&_nc_ss=7a22e&oh=00_AQG49cO8fhv8rCMyE6ScwuXA1ai2xKhoND925OUDpDHoLQ&oe=6A967010,https://www.instagram.com/p/DcjfMcbkgCV/
Bom Jesus Primavera do Leste 🛒,Bebidas / Alcoólicos Diversos,Sérum de Tratamento Dove Bond Intense Repair Glow 110ml,29.9,27/08/2026,https://instagram.fadl5-1.fna.fbcdn.net/v/t51.82787-15/787993259_18374687005237813_4471412213431393234_n.jpg?stp=dst-jpg_e35_tt6&_nc_cat=103&ig_cache_key=Mzk3Mjk0NzA1MzQ4MTkxNTUyNQ%3D%3D.3-ccb7-5&ccb=7-5&_nc_sid=58cdad&efg=eyJ2ZW5jb2RlX3RhZyI6IkZFRUQueHBpZHMuMTM1MC5zZHIucmVndWxhcl9waG90by5DMyJ9&_nc_ohc=TDgSfUoaAVwQ7kNvwEpJglj&_nc_oc=Adqu2KqnSf50G7TDxOquJ2uamr8oO9jzHi_BQy2aFOqyIb5SSEpi_QgfU5z94oW6Unw&_nc_ad=z-m&_nc_cid=0&_nc_zt=23&_nc_ht=instagram.fadl5-1.fna&_nc_gid=zss7cGQMVjPM9PMJWPayKQ&_nc_ss=7a22e&oh=00_AQH6uxTgwUTWP_uXSgSbjVJi8nei0-SRcac-_DjyWODW4Q&oe=6A96812E,https://www.instagram.com/p/DcivkuqOXSF/
Bom Jesus Primavera do Leste 🛒,Bebidas / Alcoólicos Diversos,Sérum Elseve Colágeno Lifter Liso dos Sonhos 100ml,29.99,27/08/2026,https://instagram.fadl5-1.fna.fbcdn.net/v/t51.82787-15/787993259_18374687005237813_4471412213431393234_n.jpg?stp=dst-jpg_e35_tt6&_nc_cat=103&ig_cache_key=Mzk3Mjk0NzA1MzQ4MTkxNTUyNQ%3D%3D.3-ccb7-5&ccb=7-5&_nc_sid=58cdad&efg=eyJ2ZW5jb2RlX3RhZyI6IkZFRUQueHBpZHMuMTM1MC5zZHIucmVndWxhcl9waG90by5DMyJ9&_nc_ohc=TDgSfUoaAVwQ7kNvwEpJglj&_nc_oc=Adqu2KqnSf50G7TDxOquJ2uamr8oO9jzHi_BQy2aFOqyIb5SSEpi_QgfU5z94oW6Unw&_nc_ad=z-m&_nc_cid=0&_nc_zt=23&_nc_ht=instagram.fadl5-1.fna&_nc_gid=zss7cGQMVjPM9PMJWPayKQ&_nc_ss=7a22e&oh=00_AQH6uxTgwUTWP_uXSgSbjVJi8nei0-SRcac-_DjyWODW4Q&oe=6A96812E,https://www.instagram.com/p/DcivkuqOXSF/
Machadão Atacadista,Bebidas / Alcoólicos Diversos,Vinho Cristóbal 750ml,35.9,27/08/2026,https://instagram.fyto2-1.fna.fbcdn.net/v/t39.30808-6/787798079_1360550486164909_1488167338527184913_n.jpg?stp=dst-jpg_e35_tt6&_nc_cat=107&ig_cache_key=Mzk3MzE1NjQ3MjAzMzA0ODEyMg%3D%3D.3-ccb7-5&ccb=7-5&_nc_sid=58cdad&efg=eyJ2ZW5jb2RlX3RhZyI6IkNBUk9VU0VMX0lURU0ueHBpZHMuMTYzOC5zZHIucmVndWxhcl9waG90by5DMyJ9&_nc_ohc=_YSRXBR_xEAQ7kNvwGz-Jto&_nc_oc=AdpLlJzkYRevw0CSLWuqB-KI2jK2tnW7KUxNYwMqDutU8aJJamvN2PScwwK8KVSNNW0&_nc_ad=z-m&_nc_cid=0&_nc_zt=23&_nc_ht=instagram.fyto2-1.fna&_nc_gid=IXal9zDDXfZ0GyqCGxQXgg&_nc_ss=7a22e&oh=00_AQFOWvfPu9eQQSbEeGxpEzc_ICisAWZEBaBd3B4eIkUSZg&oe=6A966BD5,https://www.instagram.com/p/DcjfMcbkgCV/
Machadão Atacadista,Bebidas / Alcoólicos Diversos,Vinho Cristóbal 750ml,35.9,27/08/2026,https://instagram.fyto2-1.fna.fbcdn.net/v/t39.30808-6/787104328_1360550532831571_2281243341389434448_n.jpg?stp=dst-jpg_e35_tt6&_nc_cat=100&ig_cache_key=Mzk3MzE1NjQ3MTc1NjIxMzA2MQ%3D%3D.3-ccb7-5&ccb=7-5&_nc_sid=58cdad&efg=eyJ2ZW5jb2RlX3RhZyI6IkNBUk9VU0VMX0lURU0ueHBpZHMuMTYzOC5zZHIucmVndWxhcl9waG90by5DMyJ9&_nc_ohc=Y9MsBJNTALEQ7kNvwGWInLu&_nc_oc=AdpddtOg1iPztqTH7eT-YWFaB54UHVZOR9Da1l8Mt7vhLBC-6BjRzHEH7wd_T0diJ_k&_nc_ad=z-m&_nc_cid=0&_nc_zt=23&_nc_ht=instagram.fyto2-1.fna&_nc_gid=IXal9zDDXfZ0GyqCGxQXgg&_nc_ss=7a22e&oh=00_AQG49cO8fhv8rCMyE6ScwuXA1ai2xKhoND925OUDpDHoLQ&oe=6A967010,https://www.instagram.com/p/DcjfMcbkgCV/
Bom Jesus Primavera do Leste 🛒,Bebidas / Alcoólicos Diversos,Sérum Facial Garnier Vitamina C 100ml,36.99,27/08/2026,https://instagram.fadl5-1.fna.fbcdn.net/v/t51.82787-15/787993259_18374687005237813_4471412213431393234_n.jpg?stp=dst-jpg_e35_tt6&_nc_cat=103&ig_cache_key=Mzk3Mjk0NzA1MzQ4MTkxNTUyNQ%3D%3D.3-ccb7-5&ccb=7-5&_nc_sid=58cdad&efg=eyJ2ZW5jb2RlX3RhZyI6IkZFRUQueHBpZHMuMTM1MC5zZHIucmVndWxhcl9waG90by5DMyJ9&_nc_ohc=TDgSfUoaAVwQ7kNvwEpJglj&_nc_oc=Adqu2KqnSf50G7TDxOquJ2uamr8oO9jzHi_BQy2aFOqyIb5SSEpi_QgfU5z94oW6Unw&_nc_ad=z-m&_nc_cid=0&_nc_zt=23&_nc_ht=instagram.fadl5-1.fna&_nc_gid=zss7cGQMVjPM9PMJWPayKQ&_nc_ss=7a22e&oh=00_AQH6uxTgwUTWP_uXSgSbjVJi8nei0-SRcac-_DjyWODW4Q&oe=6A96812E,https://www.instagram.com/p/DcivkuqOXSF/
Super Compras Supermercado,Bebidas / Cervejas,Cerveja Skol Ou Antarctica Retornável 300ml,2.49,21/08/2026,https://instagram.ftgz2-1.fna.fbcdn.net/v/t51.82787-15/780140079_18192045034391764_7683991793781918786_n.jpg?stp=dst-jpg_e35_tt6&_nc_cat=103&ig_cache_key=Mzk2ODIxODA0ODc2ODI1MjE2NA%3D%3D.3-ccb7-5&ccb=7-5&_nc_sid=58cdad&efg=eyJ2ZW5jb2RlX3RhZyI6IkZFRUQueHBpZHMuMTQ0MC5zZHIucmVndWxhcl9waG90by5DMyJ9&_nc_ohc=Su6wo4o_AAEQ7kNvwHKsvI3&_nc_oc=AdqHpQCsDBNaEZ5-X3EB8Zab-Osn52r0xSN9LEgOV7g7pquqHCd3QeJEZZEJGdA8DBdiiAxREbsS1CzcBJWTbAD1&_nc_ad=z-m&_nc_cid=0&_nc_zt=23&_nc_ht=instagram.ftgz2-1.fna&_nc_gid=oHv5kAUjL6YyUqpH14-hmg&_nc_ss=7a22e&oh=00_AQEbsXV5g3m3qWtjHn92eEIkWanBuU9SlaCt1suJ0gW0tA&oe=6A966A2E,https://www.instagram.com/p/DcR8Up0IBkE/
Super Compras Supermercado,Bebidas / Cervejas,Cerveja Skol 300ml,2.49,22/08/2026,https://scontent-fra3-1.cdninstagram.com/v/t51.82787-15/781425562_18192143110391764_1116124836587707156_n.jpg?stp=dst-jpg_e35_tt6&_nc_cat=103&ig_cache_key=Mzk2ODk1MTQ4MDU4NDU2NzM5OQ%3D%3D.3-ccb7-5&ccb=7-5&_nc_sid=58cdad&efg=eyJ2ZW5jb2RlX3RhZyI6IkZFRUQueHBpZHMuMTQ0MC5zZHIucmVndWxhcl9waG90by5DMyJ9&_nc_ohc=hgLrqZMAdhsQ7kNvwEbw-5J&_nc_oc=AdqMJnvK7o8Kx-WAwUJ2fdrF5KLMr6OzsI_0vq4LJVMC41DGK35roPYoUOxAvCDM7Jg&_nc_ad=z-m&_nc_cid=0&_nc_zt=23&_nc_ht=scontent-fra3-1.cdninstagram.com&_nc_gid=FOgLUhHVTJ7XwYsIrtKNkQ&_nc_ss=7a22e&oh=00_AQHPwVnGq7ROV6gjQY2UsBm9sW934g0A9MrJcEShyx3c8g&oe=6A967AA0,https://www.instagram.com/p/DcUjFfbAPpn/
Super Compras Supermercado,Bebidas / Cervejas,Cerveja Antarctica 300ml,2.49,22/08/2026,https://scontent-fra3-1.cdninstagram.com/v/t51.82787-15/781425562_18192143110391764_1116124836587707156_n.jpg?stp=dst-jpg_e35_tt6&_nc_cat=103&ig_cache_key=Mzk2ODk1MTQ4MDU4NDU2NzM5OQ%3D%3D.3-ccb7-5&ccb=7-5&_nc_sid=58cdad&efg=eyJ2ZW5jb2RlX3RhZyI6IkZFRUQueHBpZHMuMTQ0MC5zZHIucmVndWxhcl9waG90by5DMyJ9&_nc_ohc=hgLrqZMAdhsQ7kNvwEbw-5J&_nc_oc=AdqMJnvK7o8Kx-WAwUJ2fdrF5KLMr6OzsI_0vq4LJVMC41DGK35roPYoUOxAvCDM7Jg&_nc_ad=z-m&_nc_cid=0&_nc_zt=23&_nc_ht=scontent-fra3-1.cdninstagram.com&_nc_gid=FOgLUhHVTJ7XwYsIrtKNkQ&_nc_ss=7a22e&oh=00_AQHPwVnGq7ROV6gjQY2UsBm9sW934g0A9MrJcEShyx3c8g&oe=6A967AA0,https://www.instagram.com/p/DcUjFfbAPpn/
Super Compras Supermercado,Bebidas / Cervejas,Cerveja Antarctica Original Retornável 300ml,2.69,21/08/2026,https://instagram.ftgz2-1.fna.fbcdn.net/v/t51.82787-15/780140079_18192045034391764_7683991793781918786_n.jpg?stp=dst-jpg_e35_tt6&_nc_cat=103&ig_cache_key=Mzk2ODIxODA0ODc2ODI1MjE2NA%3D%3D.3-ccb7-5&ccb=7-5&_nc_sid=58cdad&efg=eyJ2ZW5jb2RlX3RhZyI6IkZFRUQueHBpZHMuMTQ0MC5zZHIucmVndWxhcl9waG90by5DMyJ9&_nc_ohc=Su6wo4o_AAEQ7kNvwHKsvI3&_nc_oc=AdqHpQCsDBNaEZ5-X3EB8Zab-Osn52r0xSN9LEgOV7g7pquqHCd3QeJEZZEJGdA8DBdiiAxREbsS1CzcBJWTbAD1&_nc_ad=z-m&_nc_cid=0&_nc_zt=23&_nc_ht=instagram.ftgz2-1.fna&_nc_gid=oHv5kAUjL6YyUqpH14-hmg&_nc_ss=7a22e&oh=00_AQEbsXV5g3m3qWtjHn92eEIkWanBuU9SlaCt1suJ0gW0tA&oe=6A966A2E,https://www.instagram.com/p/DcR8Up0IBkE/
Super Compras Supermercado,Bebidas / Cervejas,Cerveja Original 300ml,2.69,22/08/2026,https://scontent-fra3-1.cdninstagram.com/v/t51.82787-15/781425562_18192143110391764_1116124836587707156_n.jpg?stp=dst-jpg_e35_tt6&_nc_cat=103&ig_cache_key=Mzk2ODk1MTQ4MDU4NDU2NzM5OQ%3D%3D.3-ccb7-5&ccb=7-5&_nc_sid=58cdad&efg=eyJ2ZW5jb2RlX3RhZyI6IkZFRUQueHBpZHMuMTQ0MC5zZHIucmVndWxhcl9waG90by5DMyJ9&_nc_ohc=hgLrqZMAdhsQ7kNvwEbw-5J&_nc_oc=AdqMJnvK7o8Kx-WAwUJ2fdrF5KLMr6OzsI_0vq4LJVMC41DGK35roPYoUOxAvCDM7Jg&_nc_ad=z-m&_nc_cid=0&_nc_zt=23&_nc_ht=scontent-fra3-1.cdninstagram.com&_nc_gid=FOgLUhHVTJ7XwYsIrtKNkQ&_nc_ss=7a22e&oh=00_AQHPwVnGq7ROV6gjQY2UsBm9sW934g0A9MrJcEShyx3c8g&oe=6A967AA0,https://www.instagram.com/p/DcUjFfbAPpn/
Machadão Atacadista,Bebidas / Cervejas,Saco Para Lixo Super Reforçado Giopack 30L 15L,8.49,27/08/2026,https://instagram.fyto2-1.fna.fbcdn.net/v/t39.30808-6/786141071_1360550506164907_1343288441209680541_n.jpg?stp=dst-jpg_e35_tt6&_nc_cat=100&ig_cache_key=Mzk3MzE1NjQ3MjAxNjIzNDQ4NA%3D%3D.3-ccb7-5&ccb=7-5&_nc_sid=58cdad&efg=eyJ2ZW5jb2RlX3RhZyI6IkNBUk9VU0VMX0lURU0ueHBpZHMuMTYzOC5zZHIucmVndWxhcl9waG90by5DMyJ9&_nc_ohc=aMK5GLv5FBcQ7kNvwEDMxh0&_nc_oc=AdpWuxL4VLkbZ6DZN4-vuIq-jU9vlST0z0KDqlNXDoTt1WlcYsRB4fwhiJICSYvj0xw&_nc_ad=z-m&_nc_cid=0&_nc_zt=23&_nc_ht=instagram.fyto2-1.fna&_nc_gid=IXal9zDDXfZ0GyqCGxQXgg&_nc_ss=7a22e&oh=00_AQHbXvyWTmBTgINHFv510Kl1nd7qoQ2vyD-goSfn6iagJA&oe=6A9682F9,https://www.instagram.com/p/DcjfMcbkgCV/
Super Compras Supermercado,Bebidas / Cervejas,Cerveja Spaten 269ml 8 Unidades,29.52,21/08/2026,https://instagram.ftgz2-1.fna.fbcdn.net/v/t51.82787-15/780140079_18192045034391764_7683991793781918786_n.jpg?stp=dst-jpg_e35_tt6&_nc_cat=103&ig_cache_key=Mzk2ODIxODA0ODc2ODI1MjE2NA%3D%3D.3-ccb7-5&ccb=7-5&_nc_sid=58cdad&efg=eyJ2ZW5jb2RlX3RhZyI6IkZFRUQueHBpZHMuMTQ0MC5zZHIucmVndWxhcl9waG90by5DMyJ9&_nc_ohc=Su6wo4o_AAEQ7kNvwHKsvI3&_nc_oc=AdqHpQCsDBNaEZ5-X3EB8Zab-Osn52r0xSN9LEgOV7g7pquqHCd3QeJEZZEJGdA8DBdiiAxREbsS1CzcBJWTbAD1&_nc_ad=z-m&_nc_cid=0&_nc_zt=23&_nc_ht=instagram.ftgz2-1.fna&_nc_gid=oHv5kAUjL6YyUqpH14-hmg&_nc_ss=7a22e&oh=00_AQEbsXV5g3m3qWtjHn92eEIkWanBuU9SlaCt1suJ0gW0tA&oe=6A966A2E,https://www.instagram.com/p/DcR8Up0IBkE/
Super Compras Supermercado,Bebidas / Cervejas,Cerveja Spaten 8x269ml,29.52,22/08/2026,https://scontent-fra3-1.cdninstagram.com/v/t51.82787-15/781425562_18192143110391764_1116124836587707156_n.jpg?stp=dst-jpg_e35_tt6&_nc_cat=103&ig_cache_key=Mzk2ODk1MTQ4MDU4NDU2NzM5OQ%3D%3D.3-ccb7-5&ccb=7-5&_nc_sid=58cdad&efg=eyJ2ZW5jb2RlX3RhZyI6IkZFRUQueHBpZHMuMTQ0MC5zZHIucmVndWxhcl9waG90by5DMyJ9&_nc_ohc=hgLrqZMAdhsQ7kNvwEbw-5J&_nc_oc=AdqMJnvK7o8Kx-WAwUJ2fdrF5KLMr6OzsI_0vq4LJVMC41DGK35roPYoUOxAvCDM7Jg&_nc_ad=z-m&_nc_cid=0&_nc_zt=23&_nc_ht=scontent-fra3-1.cdninstagram.com&_nc_gid=FOgLUhHVTJ7XwYsIrtKNkQ&_nc_ss=7a22e&oh=00_AQHPwVnGq7ROV6gjQY2UsBm9sW934g0A9MrJcEShyx3c8g&oe=6A967AA0,https://www.instagram.com/p/DcUjFfbAPpn/
Super Compras Supermercado,Bebidas / Cervejas,Cerveja Corona 269ml 8 Unidades,34.32,21/08/2026,https://instagram.ftgz2-1.fna.fbcdn.net/v/t51.82787-15/780140079_18192045034391764_7683991793781918786_n.jpg?stp=dst-jpg_e35_tt6&_nc_cat=103&ig_cache_key=Mzk2ODIxODA0ODc2ODI1MjE2NA%3D%3D.3-ccb7-5&ccb=7-5&_nc_sid=58cdad&efg=eyJ2ZW5jb2RlX3RhZyI6IkZFRUQueHBpZHMuMTQ0MC5zZHIucmVndWxhcl9waG90by5DMyJ9&_nc_ohc=Su6wo4o_AAEQ7kNvwHKsvI3&_nc_oc=AdqHpQCsDBNaEZ5-X3EB8Zab-Osn52r0xSN9LEgOV7g7pquqHCd3QeJEZZEJGdA8DBdiiAxREbsS1CzcBJWTbAD1&_nc_ad=z-m&_nc_cid=0&_nc_zt=23&_nc_ht=instagram.ftgz2-1.fna&_nc_gid=oHv5kAUjL6YyUqpH14-hmg&_nc_ss=7a22e&oh=00_AQEbsXV5g3m3qWtjHn92eEIkWanBuU9SlaCt1suJ0gW0tA&oe=6A966A2E,https://www.instagram.com/p/DcR8Up0IBkE/
Super Compras Supermercado,Bebidas / Cervejas,Cerveja Corona 8x269ml,34.32,22/08/2026,https://scontent-fra3-1.cdninstagram.com/v/t51.82787-15/781425562_18192143110391764_1116124836587707156_n.jpg?stp=dst-jpg_e35_tt6&_nc_cat=103&ig_cache_key=Mzk2ODk1MTQ4MDU4NDU2NzM5OQ%3D%3D.3-ccb7-5&ccb=7-5&_nc_sid=58cdad&efg=eyJ2ZW5jb2RlX3RhZyI6IkZFRUQueHBpZHMuMTQ0MC5zZHIucmVndWxhcl9waG90by5DMyJ9&_nc_ohc=hgLrqZMAdhsQ7kNvwEbw-5J&_nc_oc=AdqMJnvK7o8Kx-WAwUJ2fdrF5KLMr6OzsI_0vq4LJVMC41DGK35roPYoUOxAvCDM7Jg&_nc_ad=z-m&_nc_cid=0&_nc_zt=23&_nc_ht=scontent-fra3-1.cdninstagram.com&_nc_gid=FOgLUhHVTJ7XwYsIrtKNkQ&_nc_ss=7a22e&oh=00_AQHPwVnGq7ROV6gjQY2UsBm9sW934g0A9MrJcEShyx3c8g&oe=6A967AA0,https://www.instagram.com/p/DcUjFfbAPpn/
Supermercado Tuiuiú,Bebidas / Cervejas,Cerveja Skol 15x269ml,43.35,26/08/2026,https://instagram.fqpa2-1.fna.fbcdn.net/v/t51.82787-15/784389246_18581502034067900_514741470007781001_n.jpg?stp=dst-jpg_e35_tt6&_nc_cat=108&ig_cache_key=Mzk3MjE4Nzk0NDI0MDc2NjUyOQ%3D%3D.3-ccb7-5&ccb=7-5&_nc_sid=58cdad&efg=eyJ2ZW5jb2RlX3RhZyI6IkNBUk9VU0VMX0lURU0ueHBpZHMuMTA4MC5zZHIucmVndWxhcl9waG90by5DMyJ9&_nc_ohc=axgGxUji1CYQ7kNvwF5yFe_&_nc_oc=AdoPdvXKkxhOnuhRHqGiq6Pt03mMi3YFrFv35FgdwDW_XLaCuthau9xVtjxvSvd3Et0&_nc_ad=z-m&_nc_cid=1007&_nc_zt=23&_nc_ht=instagram.fqpa2-1.fna&_nc_gid=i0WVNSltBBtBZMld_QiciA&_nc_ss=7a22e&oh=00_AQGnyh9C5KtZnA7Clr6PJqSdV_he0XIhN4EcSf3kil01jw&oe=6A967986,https://www.instagram.com/p/DcgDAMGj_Dr/
Supermercado Tuiuiú,Bebidas / Cervejas,Cerveja Brahma 15x269ml,43.35,26/08/2026,https://instagram.fqpa2-1.fna.fbcdn.net/v/t51.82787-15/784389246_18581502034067900_514741470007781001_n.jpg?stp=dst-jpg_e35_tt6&_nc_cat=108&ig_cache_key=Mzk3MjE4Nzk0NDI0MDc2NjUyOQ%3D%3D.3-ccb7-5&ccb=7-5&_nc_sid=58cdad&efg=eyJ2ZW5jb2RlX3RhZyI6IkNBUk9VU0VMX0lURU0ueHBpZHMuMTA4MC5zZHIucmVndWxhcl9waG90by5DMyJ9&_nc_ohc=axgGxUji1CYQ7kNvwF5yFe_&_nc_oc=AdoPdvXKkxhOnuhRHqGiq6Pt03mMi3YFrFv35FgdwDW_XLaCuthau9xVtjxvSvd3Et0&_nc_ad=z-m&_nc_cid=1007&_nc_zt=23&_nc_ht=instagram.fqpa2-1.fna&_nc_gid=i0WVNSltBBtBZMld_QiciA&_nc_ss=7a22e&oh=00_AQGnyh9C5KtZnA7Clr6PJqSdV_he0XIhN4EcSf3kil01jw&oe=6A967986,https://www.instagram.com/p/DcgDAMGj_Dr/
Super Compras Supermercado,Bebidas / Cervejas,Cerveja Skol 269ml 15 Unidades,43.35,21/08/2026,https://instagram.ftgz2-1.fna.fbcdn.net/v/t51.82787-15/780140079_18192045034391764_7683991793781918786_n.jpg?stp=dst-jpg_e35_tt6&_nc_cat=103&ig_cache_key=Mzk2ODIxODA0ODc2ODI1MjE2NA%3D%3D.3-ccb7-5&ccb=7-5&_nc_sid=58cdad&efg=eyJ2ZW5jb2RlX3RhZyI6IkZFRUQueHBpZHMuMTQ0MC5zZHIucmVndWxhcl9waG90by5DMyJ9&_nc_ohc=Su6wo4o_AAEQ7kNvwHKsvI3&_nc_oc=AdqHpQCsDBNaEZ5-X3EB8Zab-Osn52r0xSN9LEgOV7g7pquqHCd3QeJEZZEJGdA8DBdiiAxREbsS1CzcBJWTbAD1&_nc_ad=z-m&_nc_cid=0&_nc_zt=23&_nc_ht=instagram.ftgz2-1.fna&_nc_gid=oHv5kAUjL6YyUqpH14-hmg&_nc_ss=7a22e&oh=00_AQEbsXV5g3m3qWtjHn92eEIkWanBuU9SlaCt1suJ0gW0tA&oe=6A966A2E,https://www.instagram.com/p/DcR8Up0IBkE/
Super Compras Supermercado,Bebidas / Cervejas,Cerveja Skol 15x269ml,43.35,22/08/2026,https://scontent-fra3-1.cdninstagram.com/v/t51.82787-15/781425562_18192143110391764_1116124836587707156_n.jpg?stp=dst-jpg_e35_tt6&_nc_cat=103&ig_cache_key=Mzk2ODk1MTQ4MDU4NDU2NzM5OQ%3D%3D.3-ccb7-5&ccb=7-5&_nc_sid=58cdad&efg=eyJ2ZW5jb2RlX3RhZyI6IkZFRUQueHBpZHMuMTQ0MC5zZHIucmVndWxhcl9waG90by5DMyJ9&_nc_ohc=hgLrqZMAdhsQ7kNvwEbw-5J&_nc_oc=AdqMJnvK7o8Kx-WAwUJ2fdrF5KLMr6OzsI_0vq4LJVMC41DGK35roPYoUOxAvCDM7Jg&_nc_ad=z-m&_nc_cid=0&_nc_zt=23&_nc_ht=scontent-fra3-1.cdninstagram.com&_nc_gid=FOgLUhHVTJ7XwYsIrtKNkQ&_nc_ss=7a22e&oh=00_AQHPwVnGq7ROV6gjQY2UsBm9sW934g0A9MrJcEShyx3c8g&oe=6A967AA0,https://www.instagram.com/p/DcUjFfbAPpn/
Supermercado Tuiuiú,Bebidas / Refrigerantes,Sukita 2L,6.29,26/08/2026,https://instagram.fqpa2-1.fna.fbcdn.net/v/t51.82787-15/784389246_18581502034067900_514741470007781001_n.jpg?stp=dst-jpg_e35_tt6&_nc_cat=108&ig_cache_key=Mzk3MjE4Nzk0NDI0MDc2NjUyOQ%3D%3D.3-ccb7-5&ccb=7-5&_nc_sid=58cdad&efg=eyJ2ZW5jb2RlX3RhZyI6IkNBUk9VU0VMX0lURU0ueHBpZHMuMTA4MC5zZHIucmVndWxhcl9waG90by5DMyJ9&_nc_ohc=axgGxUji1CYQ7kNvwF5yFe_&_nc_oc=AdoPdvXKkxhOnuhRHqGiq6Pt03mMi3YFrFv35FgdwDW_XLaCuthau9xVtjxvSvd3Et0&_nc_ad=z-m&_nc_cid=1007&_nc_zt=23&_nc_ht=instagram.fqpa2-1.fna&_nc_gid=i0WVNSltBBtBZMld_QiciA&_nc_ss=7a22e&oh=00_AQGnyh9C5KtZnA7Clr6PJqSdV_he0XIhN4EcSf3kil01jw&oe=6A967986,https://www.instagram.com/p/DcgDAMGj_Dr/
Bom Jesus Primavera do Leste 🛒,Bebidas / Sucos e Diversos,Isotônico Powerade 500ml,5.79,22/08/2026,https://scontent-fco2-1.cdninstagram.com/v/t51.82787-15/781162059_18373952632237813_4532706053079983862_n.jpg?stp=dst-jpg_e15_tt6&_nc_cat=101&ig_cache_key=Mzk2OTQ0MzcyNDUxNzY0ODEyMTE4MzczOTUyNjI5MjM3ODEz.3-ccb7-5&ccb=7-5&_nc_sid=58cdad&efg=eyJ2ZW5jb2RlX3RhZyI6IkNMSVBTLnhwaWRzLjcyMC5zZHIudmlkZW9fZGVmYXVsdF9jb3Zlcl9mcmFtZS5DMyJ9&_nc_ohc=xshLq_1UYukQ7kNvwH8NEjx&_nc_oc=AdppzFu-Hh0BO5RnjF9YuSyN_3_XxabLEQ8RsW1ev3ULvAAZEuGYqgDflkGsmIgvtpk&_nc_ad=z-m&_nc_cid=0&_nc_zt=23&_nc_ht=scontent-fco2-1.cdninstagram.com&_nc_gid=K-hLFdWbPpxYMOy6NjRGCw&_nc_ss=7a22e&oh=00_AQG-b1CP2iK33dzJWt-upWfT8kFYia1MjGGgavA4Gd6j9A&oe=6A96673B,https://www.instagram.com/p/DcWTAlTxyb5/
SUPERMERCADO PARANAENSE,Bebidas / Sucos e Diversos,Absorvente Intimus Tripla Proteção 8 Unidades,5.99,24/08/2026,https://instagram.ffuk1-1.fna.fbcdn.net/v/t51.82787-15/786158033_17906990622496981_4554436689859059284_n.jpg?stp=dst-jpg_e35_tt6&_nc_cat=108&ig_cache_key=Mzk3MDc1Nzk3MTU2NDU0MjYxMQ%3D%3D.3-ccb7-5&ccb=7-5&_nc_sid=58cdad&efg=eyJ2ZW5jb2RlX3RhZyI6IkZFRUQueHBpZHMuMTM1MC5zZHIucmVndWxhcl9waG90by5DMyJ9&_nc_ohc=e8Edeo1LUSMQ7kNvwFDrBk2&_nc_oc=Adqzn6Bjmkdn0CVNHW8fWR-x4q2Jm9LyztIwrb1H_55ZiqTojaLtlvOKaXN5oVtaKDvrLYbvHsicZly3O1fwIZds&_nc_ad=z-m&_nc_cid=1700&_nc_zt=23&_nc_ht=instagram.ffuk1-1.fna&_nc_gid=oyc2vinubaI_F8oMEOxmWA&_nc_ss=7a22e&oh=00_AQFkRP_MezZhrd5PQXMlDm3GIkauDG_EplHb2Vb0e8p3tQ&oe=6A965F8B,https://www.instagram.com/p/Dca91ZQJ7qT/
Bom Jesus Primavera do Leste 🛒,Bebidas / Sucos e Diversos,Isotônico Powerade 500ml,6.39,22/08/2026,https://scontent-fco2-1.cdninstagram.com/v/t51.82787-15/781162059_18373952632237813_4532706053079983862_n.jpg?stp=dst-jpg_e15_tt6&_nc_cat=101&ig_cache_key=Mzk2OTQ0MzcyNDUxNzY0ODEyMTE4MzczOTUyNjI5MjM3ODEz.3-ccb7-5&ccb=7-5&_nc_sid=58cdad&efg=eyJ2ZW5jb2RlX3RhZyI6IkNMSVBTLnhwaWRzLjcyMC5zZHIudmlkZW9fZGVmYXVsdF9jb3Zlcl9mcmFtZS5DMyJ9&_nc_ohc=xshLq_1UYukQ7kNvwH8NEjx&_nc_oc=AdppzFu-Hh0BO5RnjF9YuSyN_3_XxabLEQ8RsW1ev3ULvAAZEuGYqgDflkGsmIgvtpk&_nc_ad=z-m&_nc_cid=0&_nc_zt=23&_nc_ht=scontent-fco2-1.cdninstagram.com&_nc_gid=K-hLFdWbPpxYMOy6NjRGCw&_nc_ss=7a22e&oh=00_AQG-b1CP2iK33dzJWt-upWfT8kFYia1MjGGgavA4Gd6j9A&oe=6A96673B,https://www.instagram.com/p/DcWTAlTxyb5/
Supermercado Tuiuiú,Bebidas / Sucos e Diversos,Monster 473ml,9.99,26/08/2026,https://instagram.fqpa2-1.fna.fbcdn.net/v/t51.82787-15/784389246_18581502034067900_514741470007781001_n.jpg?stp=dst-jpg_e35_tt6&_nc_cat=108&ig_cache_key=Mzk3MjE4Nzk0NDI0MDc2NjUyOQ%3D%3D.3-ccb7-5&ccb=7-5&_nc_sid=58cdad&efg=eyJ2ZW5jb2RlX3RhZyI6IkNBUk9VU0VMX0lURU0ueHBpZHMuMTA4MC5zZHIucmVndWxhcl9waG90by5DMyJ9&_nc_ohc=axgGxUji1CYQ7kNvwF5yFe_&_nc_oc=AdoPdvXKkxhOnuhRHqGiq6Pt03mMi3YFrFv35FgdwDW_XLaCuthau9xVtjxvSvd3Et0&_nc_ad=z-m&_nc_cid=1007&_nc_zt=23&_nc_ht=instagram.fqpa2-1.fna&_nc_gid=i0WVNSltBBtBZMld_QiciA&_nc_ss=7a22e&oh=00_AQGnyh9C5KtZnA7Clr6PJqSdV_he0XIhN4EcSf3kil01jw&oe=6A967986,https://www.instagram.com/p/DcgDAMGj_Dr/
Supermercado Tuiuiú,Bebidas / Sucos e Diversos,Papel Higiênico Stylus 12 Unidades,10.49,26/08/2026,https://instagram.fqpa2-1.fna.fbcdn.net/v/t51.82787-15/786656678_18581502151067900_8490347803628786235_n.jpg?stp=dst-jpg_e35_tt6&_nc_cat=106&ig_cache_key=Mzk3MjE4ODA0MDI2NTAzODUyMQ%3D%3D.3-ccb7-5&ccb=7-5&_nc_sid=58cdad&efg=eyJ2ZW5jb2RlX3RhZyI6IkNBUk9VU0VMX0lURU0ueHBpZHMuMTA4MC5zZHIucmVndWxhcl9waG90by5DMyJ9&_nc_ohc=EcdOnVlttmoQ7kNvwH70PlI&_nc_oc=Ado82ixek600vX3hfhL5KCdBOomq0p34CYASZrMbpFkNDU8Rn2ZRizO3W36sjpTqpT0&_nc_ad=z-m&_nc_cid=1007&_nc_zt=23&_nc_ht=instagram.fqpa2-1.fna&_nc_gid=i0WVNSltBBtBZMld_QiciA&_nc_ss=7a22e&oh=00_AQFs12_u1-T868CKgrHhWNAaA-ZCp9unoHS_lu79usCNaA&oe=6A966AED,https://www.instagram.com/p/DcgDAMGj_Dr/
Supermercado São Pedro,Bebidas / Sucos e Diversos,Salsicha Seara kg,10.49,24/08/2026,https://scontent-yyz1-1.cdninstagram.com/v/t51.82787-15/779866028_18195137623382122_1225681475285530325_n.jpg?stp=dst-jpg_e35_tt6&_nc_cat=104&ig_cache_key=Mzk3MDg5NTAzMjEwMDYxNzYxMA%3D%3D.3-ccb7-5&ccb=7-5&_nc_sid=58cdad&efg=eyJ2ZW5jb2RlX3RhZyI6IkZFRUQueHBpZHMuMzI0OC5zZHIucmVndWxhcl9waG90by5DMyJ9&_nc_ohc=27_NHNZ1YPEQ7kNvwFoKDXp&_nc_oc=Adq93sm4yjujuKl2H9qKd7A-Ri6sPJ2O7h6MT7xu_2Gn_ICjD_O8jrpMyqpEq10pxog&_nc_ad=z-m&_nc_cid=0&_nc_zt=23&_nc_ht=scontent-yyz1-1.cdninstagram.com&_nc_gid=zbuJQKO7MCB6qCV9cm71qw&_nc_ss=7a22e&oh=00_AQFoLPeW7mZwdNBlXkTxG1Z4Q8aI7FC9c9WBaNrB5U4a1g&oe=6A966FA1,https://www.instagram.com/p/Dcbc_40uH2K/
Supermercado São Pedro,Bebidas / Sucos e Diversos,Ovos Campo Verde 20un,10.9,23/08/2026,https://scontent-gru1-2.cdninstagram.com/v/t39.30808-6/781977378_1500799415426508_4866536164507670119_n.jpg?stp=dst-jpg_e35_tt6&_nc_cat=110&ig_cache_key=Mzk3MDM5MzQ4NDg1OTE4MjA5Mw%3D%3D.3-ccb7-5&ccb=7-5&_nc_sid=58cdad&efg=eyJ2ZW5jb2RlX3RhZyI6IkZFRUQueHBpZHMuMTYzOS5zZHIucmVndWxhcl9waG90by5DMyJ9&_nc_ohc=Sm8TJqnT95wQ7kNvwEAuv_w&_nc_oc=AdpZZydJ1-GE-INZNtInz7cq-SA5Wv0_1GvozmDDjQeLz4rUzU8kTBOScd6cu17GRE0&_nc_ad=z-m&_nc_cid=0&_nc_zt=23&_nc_ht=scontent-gru1-2.cdninstagram.com&_nc_gid=xhJmWYiNAus3mZNW9vvJyw&_nc_ss=7a22e&oh=00_AQE6E29Ld-MfM-p4OWrqqGCNOmN8PZvQ5Qy2CX5my112VA&oe=6A96604E,https://www.instagram.com/p/DcZq9ajjowN/
Bom Jesus Primavera do Leste 🛒,Bebidas / Sucos e Diversos,Ovo Mantiqueira 20 Unidades,12.99,24/08/2026,https://scontent-fra5-2.cdninstagram.com/v/t51.82787-15/780551083_18374239432237813_6720893505103105991_n.jpg?stp=dst-jpg_e35_tt6&_nc_cat=106&ig_cache_key=Mzk3MDc4NzgzMjYxOTg0ODE2Mw%3D%3D.3-ccb7-5&ccb=7-5&_nc_sid=58cdad&efg=eyJ2ZW5jb2RlX3RhZyI6IkNBUk9VU0VMX0lURU0ueHBpZHMuMTA4MC5zZHIucmVndWxhcl9waG90by5DMyJ9&_nc_ohc=myPGG8GAEqkQ7kNvwHLDn1l&_nc_oc=AdrjU5VMRBqsuXkwk4c0CVoFJJrfcHMHOvbiwEEFcun3p9p2hik2QEPKSkkENHmKztw&_nc_ad=z-m&_nc_cid=0&_nc_zt=23&_nc_ht=scontent-fra5-2.cdninstagram.com&_nc_gid=AvC9Q5d1SS9-m3_hZ18qNA&_nc_ss=7a22e&oh=00_AQEfQDvhG99ZAq90S9bBXXRlP1P2A7WTTAAQyJqxbjexoQ&oe=6A966904,https://www.instagram.com/p/DcbEo2aliuR/
Super Compras Supermercado,Bebidas / Sucos e Diversos,Ovos Brancos Campo Verde 30 Und,14.99,24/08/2026,https://scontent-icn2-1.cdninstagram.com/v/t51.82787-15/778986014_18192356080391764_2727967813090525154_n.jpg?stp=dst-jpg_e35_tt6&_nc_cat=111&ig_cache_key=Mzk3MDM4ODQ5NTE4MTQxNTkzNQ%3D%3D.3-ccb7-5&ccb=7-5&_nc_sid=58cdad&efg=eyJ2ZW5jb2RlX3RhZyI6IkZFRUQueHBpZHMuMTQ0MC5zZHIucmVndWxhcl9waG90by5DMyJ9&_nc_ohc=50Gin0TDwkYQ7kNvwFRXMk_&_nc_oc=Adq1jeZCIm0fJChDH-K0bIzQsjuYRYNu5MZ_RHk9-4qDtB5RfUf-4hdhNbkkAXT492E&_nc_ad=z-m&_nc_cid=0&_nc_zt=23&_nc_ht=scontent-icn2-1.cdninstagram.com&_nc_gid=NLn0qkOUaC7GUk6QhEmUMQ&_nc_ss=7a22e&oh=00_AQHNWI81bEW9P4XHyZ2-M8XSSOgHSuwwUI29oNEDVMU14A&oe=6A968150,https://www.instagram.com/p/DcZp0zjlgX_/
SUPERMERCADO PARANAENSE,Bebidas / Sucos e Diversos,Papel Higiênico Mili Folha Dupla 12 Unidades,18.99,24/08/2026,https://instagram.ffuk1-1.fna.fbcdn.net/v/t51.82787-15/786158033_17906990622496981_4554436689859059284_n.jpg?stp=dst-jpg_e35_tt6&_nc_cat=108&ig_cache_key=Mzk3MDc1Nzk3MTU2NDU0MjYxMQ%3D%3D.3-ccb7-5&ccb=7-5&_nc_sid=58cdad&efg=eyJ2ZW5jb2RlX3RhZyI6IkZFRUQueHBpZHMuMTM1MC5zZHIucmVndWxhcl9waG90by5DMyJ9&_nc_ohc=e8Edeo1LUSMQ7kNvwFDrBk2&_nc_oc=Adqzn6Bjmkdn0CVNHW8fWR-x4q2Jm9LyztIwrb1H_55ZiqTojaLtlvOKaXN5oVtaKDvrLYbvHsicZly3O1fwIZds&_nc_ad=z-m&_nc_cid=1700&_nc_zt=23&_nc_ht=instagram.ffuk1-1.fna&_nc_gid=oyc2vinubaI_F8oMEOxmWA&_nc_ss=7a22e&oh=00_AQFkRP_MezZhrd5PQXMlDm3GIkauDG_EplHb2Vb0e8p3tQ&oe=6A965F8B,https://www.instagram.com/p/Dca91ZQJ7qT/
Super Compras Supermercado,Carnes / Aves,Coxa e Sobrecoxa de Frango Sadia kg,8.99,21/08/2026,https://instagram.ftgz2-1.fna.fbcdn.net/v/t51.82787-15/780140079_18192045034391764_7683991793781918786_n.jpg?stp=dst-jpg_e35_tt6&_nc_cat=103&ig_cache_key=Mzk2ODIxODA0ODc2ODI1MjE2NA%3D%3D.3-ccb7-5&ccb=7-5&_nc_sid=58cdad&efg=eyJ2ZW5jb2RlX3RhZyI6IkZFRUQueHBpZHMuMTQ0MC5zZHIucmVndWxhcl9waG90by5DMyJ9&_nc_ohc=Su6wo4o_AAEQ7kNvwHKsvI3&_nc_oc=AdqHpQCsDBNaEZ5-X3EB8Zab-Osn52r0xSN9LEgOV7g7pquqHCd3QeJEZZEJGdA8DBdiiAxREbsS1CzcBJWTbAD1&_nc_ad=z-m&_nc_cid=0&_nc_zt=23&_nc_ht=instagram.ftgz2-1.fna&_nc_gid=oHv5kAUjL6YyUqpH14-hmg&_nc_ss=7a22e&oh=00_AQEbsXV5g3m3qWtjHn92eEIkWanBuU9SlaCt1suJ0gW0tA&oe=6A966A2E,https://www.instagram.com/p/DcR8Up0IBkE/
Bom Jesus Primavera do Leste 🛒,Carnes / Aves,Frango A Passarinho Bello 800g,8.99,26/08/2026,https://instagram.fktw1-1.fna.fbcdn.net/v/t51.82787-15/786656678_18374533654237813_1357775697752571265_n.jpg?stp=dst-jpg_e35_tt6&_nc_cat=102&ig_cache_key=Mzk3MjE2ODE2MTUzODk3MjI2NA%3D%3D.3-ccb7-5&ccb=7-5&_nc_sid=58cdad&efg=eyJ2ZW5jb2RlX3RhZyI6IkNBUk9VU0VMX0lURU0ueHBpZHMuMTA4MC5zZHIucmVndWxhcl9waG90by5DMyJ9&_nc_ohc=E3K-BzvU7NkQ7kNvwHdQvVN&_nc_oc=Adr2jz83g1HMFZbddfvWSC0pL4rnuXe_n9d4o8qnNRSzg_ggtsdVyqHY1_rraZXke4fM-PacFcpd2ny--CV4tB30&_nc_ad=z-m&_nc_cid=0&_nc_zt=23&_nc_ht=instagram.fktw1-1.fna&_nc_gid=WvhUxQv6PEktrzXyczPSSw&_nc_ss=7a22e&oh=00_AQGA5eHj920O_UhzUyPP2raQEwWZYO8b3KtcsEODu3jKRg&oe=6A9666A5,https://www.instagram.com/p/Dcf-fgoloPJ/
Bom Jesus Primavera do Leste 🛒,Carnes / Aves,Frango Inteiro Seara kg,9.69,26/08/2026,https://instagram.fktw4-1.fna.fbcdn.net/v/t51.82787-15/786433730_18374533639237813_3285427351558996853_n.jpg?stp=dst-jpg_e35_tt6&_nc_cat=108&ig_cache_key=Mzk3MjE2ODE2MDExNDQ2ODEyNg%3D%3D.3-ccb7-5&ccb=7-5&_nc_sid=58cdad&efg=eyJ2ZW5jb2RlX3RhZyI6IkNBUk9VU0VMX0lURU0ueHBpZHMuMTA4MC5zZHIucmVndWxhcl9waG90by5DMyJ9&_nc_ohc=NsGACeUcnlQQ7kNvwE8yRwV&_nc_oc=Adp8lxjG1zYKs8eD2uNyLEyucRxpn7rXi66JaXCqG2qfVniSQmcJbxcRLK-58R73f4kIreynafsInRAYHzicea5r&_nc_ad=z-m&_nc_cid=0&_nc_zt=23&_nc_ht=instagram.fktw4-1.fna&_nc_gid=WvhUxQv6PEktrzXyczPSSw&_nc_ss=7a22e&oh=00_AQEJYDaDHrMFHD5E9K6Z2pQH4XV62St5imH5nF7JG0vS7g&oe=6A965195,https://www.instagram.com/p/Dcf-fgoloPJ/
Supermercado São Pedro,Carnes / Aves,Frango Inteiro Seara kg,10.99,25/08/2026,https://scontent-cdg4-1.cdninstagram.com/v/t39.30808-6/784428542_1503489418490841_697405957732902936_n.jpg?stp=dst-jpg_e35_tt6&_nc_cat=102&ig_cache_key=Mzk3MTgyNzk2NDE0ODc5MzU5NA%3D%3D.3-ccb7-5&ccb=7-5&_nc_sid=58cdad&efg=eyJ2ZW5jb2RlX3RhZyI6IkZFRUQueHBpZHMuMTYzOS5zZHIucmVndWxhcl9waG90by5DMiJ9&_nc_ohc=XsYkt3_1l6QQ7kNvwHvPqBK&_nc_oc=AdoxHccv3l1ezOe2SRiaKdoIKylxRFAMAa-bcY8i1nMbLQRho8hGGxaPwVCiK9K63Rk&_nc_ad=z-m&_nc_cid=0&_nc_zt=23&_nc_ht=scontent-cdg4-1.cdninstagram.com&_nc_gid=l2Ws1l6EHCFje39eqZ55ow&_nc_ss=7a22e&oh=00_AQFDMDGgiy16J0IXYT6xj-Xo6NU7bSN7xPfmly_JDARCug&oe=6A965EFA,https://www.instagram.com/p/DcexH1gDUD6/
Bom Jesus Primavera do Leste 🛒,Carnes / Aves,Coxinha da Asa Bello 800g,10.99,26/08/2026,https://instagram.fktw1-1.fna.fbcdn.net/v/t51.82787-15/786656678_18374533654237813_1357775697752571265_n.jpg?stp=dst-jpg_e35_tt6&_nc_cat=102&ig_cache_key=Mzk3MjE2ODE2MTUzODk3MjI2NA%3D%3D.3-ccb7-5&ccb=7-5&_nc_sid=58cdad&efg=eyJ2ZW5jb2RlX3RhZyI6IkNBUk9VU0VMX0lURU0ueHBpZHMuMTA4MC5zZHIucmVndWxhcl9waG90by5DMyJ9&_nc_ohc=E3K-BzvU7NkQ7kNvwHdQvVN&_nc_oc=Adr2jz83g1HMFZbddfvWSC0pL4rnuXe_n9d4o8qnNRSzg_ggtsdVyqHY1_rraZXke4fM-PacFcpd2ny--CV4tB30&_nc_ad=z-m&_nc_cid=0&_nc_zt=23&_nc_ht=instagram.fktw1-1.fna&_nc_gid=WvhUxQv6PEktrzXyczPSSw&_nc_ss=7a22e&oh=00_AQGA5eHj920O_UhzUyPP2raQEwWZYO8b3KtcsEODu3jKRg&oe=6A9666A5,https://www.instagram.com/p/Dcf-fgoloPJ/
Super Compras Supermercado,Carnes / Aves,Coxinhas da Asa de Frango Super Frango 1kg,12.99,22/08/2026,https://scontent-fra3-1.cdninstagram.com/v/t51.82787-15/781425562_18192143110391764_1116124836587707156_n.jpg?stp=dst-jpg_e35_tt6&_nc_cat=103&ig_cache_key=Mzk2ODk1MTQ4MDU4NDU2NzM5OQ%3D%3D.3-ccb7-5&ccb=7-5&_nc_sid=58cdad&efg=eyJ2ZW5jb2RlX3RhZyI6IkZFRUQueHBpZHMuMTQ0MC5zZHIucmVndWxhcl9waG90by5DMyJ9&_nc_ohc=hgLrqZMAdhsQ7kNvwEbw-5J&_nc_oc=AdqMJnvK7o8Kx-WAwUJ2fdrF5KLMr6OzsI_0vq4LJVMC41DGK35roPYoUOxAvCDM7Jg&_nc_ad=z-m&_nc_cid=0&_nc_zt=23&_nc_ht=scontent-fra3-1.cdninstagram.com&_nc_gid=FOgLUhHVTJ7XwYsIrtKNkQ&_nc_ss=7a22e&oh=00_AQHPwVnGq7ROV6gjQY2UsBm9sW934g0A9MrJcEShyx3c8g&oe=6A967AA0,https://www.instagram.com/p/DcUjFfbAPpn/
Supermercado São Pedro,Carnes / Aves,Coxinha das Asas Sadia 1kg,14.49,25/08/2026,https://scontent-cdg4-1.cdninstagram.com/v/t39.30808-6/784428542_1503489418490841_697405957732902936_n.jpg?stp=dst-jpg_e35_tt6&_nc_cat=102&ig_cache_key=Mzk3MTgyNzk2NDE0ODc5MzU5NA%3D%3D.3-ccb7-5&ccb=7-5&_nc_sid=58cdad&efg=eyJ2ZW5jb2RlX3RhZyI6IkZFRUQueHBpZHMuMTYzOS5zZHIucmVndWxhcl9waG90by5DMiJ9&_nc_ohc=XsYkt3_1l6QQ7kNvwHvPqBK&_nc_oc=AdoxHccv3l1ezOe2SRiaKdoIKylxRFAMAa-bcY8i1nMbLQRho8hGGxaPwVCiK9K63Rk&_nc_ad=z-m&_nc_cid=0&_nc_zt=23&_nc_ht=scontent-cdg4-1.cdninstagram.com&_nc_gid=l2Ws1l6EHCFje39eqZ55ow&_nc_ss=7a22e&oh=00_AQFDMDGgiy16J0IXYT6xj-Xo6NU7bSN7xPfmly_JDARCug&oe=6A965EFA,https://www.instagram.com/p/DcexH1gDUD6/
Machadão Atacadista,Carnes / Aves,Linguiça de Frango Sadia 700g,14.99,27/08/2026,https://instagram.fyto2-1.fna.fbcdn.net/v/t39.30808-6/787798079_1360550486164909_1488167338527184913_n.jpg?stp=dst-jpg_e35_tt6&_nc_cat=107&ig_cache_key=Mzk3MzE1NjQ3MjAzMzA0ODEyMg%3D%3D.3-ccb7-5&ccb=7-5&_nc_sid=58cdad&efg=eyJ2ZW5jb2RlX3RhZyI6IkNBUk9VU0VMX0lURU0ueHBpZHMuMTYzOC5zZHIucmVndWxhcl9waG90by5DMyJ9&_nc_ohc=_YSRXBR_xEAQ7kNvwGz-Jto&_nc_oc=AdpLlJzkYRevw0CSLWuqB-KI2jK2tnW7KUxNYwMqDutU8aJJamvN2PScwwK8KVSNNW0&_nc_ad=z-m&_nc_cid=0&_nc_zt=23&_nc_ht=instagram.fyto2-1.fna&_nc_gid=IXal9zDDXfZ0GyqCGxQXgg&_nc_ss=7a22e&oh=00_AQFOWvfPu9eQQSbEeGxpEzc_ICisAWZEBaBd3B4eIkUSZg&oe=6A966BD5,https://www.instagram.com/p/DcjfMcbkgCV/
Machadão Atacadista,Carnes / Aves,Linguiça de Frango Sadia 700g,14.99,27/08/2026,https://instagram.fyto2-1.fna.fbcdn.net/v/t39.30808-6/787104328_1360550532831571_2281243341389434448_n.jpg?stp=dst-jpg_e35_tt6&_nc_cat=100&ig_cache_key=Mzk3MzE1NjQ3MTc1NjIxMzA2MQ%3D%3D.3-ccb7-5&ccb=7-5&_nc_sid=58cdad&efg=eyJ2ZW5jb2RlX3RhZyI6IkNBUk9VU0VMX0lURU0ueHBpZHMuMTYzOC5zZHIucmVndWxhcl9waG90by5DMyJ9&_nc_ohc=Y9MsBJNTALEQ7kNvwGWInLu&_nc_oc=AdpddtOg1iPztqTH7eT-YWFaB54UHVZOR9Da1l8Mt7vhLBC-6BjRzHEH7wd_T0diJ_k&_nc_ad=z-m&_nc_cid=0&_nc_zt=23&_nc_ht=instagram.fyto2-1.fna&_nc_gid=IXal9zDDXfZ0GyqCGxQXgg&_nc_ss=7a22e&oh=00_AQG49cO8fhv8rCMyE6ScwuXA1ai2xKhoND925OUDpDHoLQ&oe=6A967010,https://www.instagram.com/p/DcjfMcbkgCV/
Supermercado São Pedro,Carnes / Aves,Filé de Peito de Frango kg,16.49,24/08/2026,https://scontent-yyz1-1.cdninstagram.com/v/t51.82787-15/779866028_18195137623382122_1225681475285530325_n.jpg?stp=dst-jpg_e35_tt6&_nc_cat=104&ig_cache_key=Mzk3MDg5NTAzMjEwMDYxNzYxMA%3D%3D.3-ccb7-5&ccb=7-5&_nc_sid=58cdad&efg=eyJ2ZW5jb2RlX3RhZyI6IkZFRUQueHBpZHMuMzI0OC5zZHIucmVndWxhcl9waG90by5DMyJ9&_nc_ohc=27_NHNZ1YPEQ7kNvwFoKDXp&_nc_oc=Adq93sm4yjujuKl2H9qKd7A-Ri6sPJ2O7h6MT7xu_2Gn_ICjD_O8jrpMyqpEq10pxog&_nc_ad=z-m&_nc_cid=0&_nc_zt=23&_nc_ht=scontent-yyz1-1.cdninstagram.com&_nc_gid=zbuJQKO7MCB6qCV9cm71qw&_nc_ss=7a22e&oh=00_AQFoLPeW7mZwdNBlXkTxG1Z4Q8aI7FC9c9WBaNrB5U4a1g&oe=6A966FA1,https://www.instagram.com/p/Dcbc_40uH2K/
Machadão Atacadista,Carnes / Aves,Filé de Peito de Frango Seara 1kg,19.79,27/08/2026,https://instagram.fyto2-1.fna.fbcdn.net/v/t39.30808-6/787798079_1360550486164909_1488167338527184913_n.jpg?stp=dst-jpg_e35_tt6&_nc_cat=107&ig_cache_key=Mzk3MzE1NjQ3MjAzMzA0ODEyMg%3D%3D.3-ccb7-5&ccb=7-5&_nc_sid=58cdad&efg=eyJ2ZW5jb2RlX3RhZyI6IkNBUk9VU0VMX0lURU0ueHBpZHMuMTYzOC5zZHIucmVndWxhcl9waG90by5DMyJ9&_nc_ohc=_YSRXBR_xEAQ7kNvwGz-Jto&_nc_oc=AdpLlJzkYRevw0CSLWuqB-KI2jK2tnW7KUxNYwMqDutU8aJJamvN2PScwwK8KVSNNW0&_nc_ad=z-m&_nc_cid=0&_nc_zt=23&_nc_ht=instagram.fyto2-1.fna&_nc_gid=IXal9zDDXfZ0GyqCGxQXgg&_nc_ss=7a22e&oh=00_AQFOWvfPu9eQQSbEeGxpEzc_ICisAWZEBaBd3B4eIkUSZg&oe=6A966BD5,https://www.instagram.com/p/DcjfMcbkgCV/
Machadão Atacadista,Carnes / Aves,Filé de Peito de Frango Seara 1kg,19.79,27/08/2026,https://instagram.fyto2-1.fna.fbcdn.net/v/t39.30808-6/787104328_1360550532831571_2281243341389434448_n.jpg?stp=dst-jpg_e35_tt6&_nc_cat=100&ig_cache_key=Mzk3MzE1NjQ3MTc1NjIxMzA2MQ%3D%3D.3-ccb7-5&ccb=7-5&_nc_sid=58cdad&efg=eyJ2ZW5jb2RlX3RhZyI6IkNBUk9VU0VMX0lURU0ueHBpZHMuMTYzOC5zZHIucmVndWxhcl9waG90by5DMyJ9&_nc_ohc=Y9MsBJNTALEQ7kNvwGWInLu&_nc_oc=AdpddtOg1iPztqTH7eT-YWFaB54UHVZOR9Da1l8Mt7vhLBC-6BjRzHEH7wd_T0diJ_k&_nc_ad=z-m&_nc_cid=0&_nc_zt=23&_nc_ht=instagram.fyto2-1.fna&_nc_gid=IXal9zDDXfZ0GyqCGxQXgg&_nc_ss=7a22e&oh=00_AQG49cO8fhv8rCMyE6ScwuXA1ai2xKhoND925OUDpDHoLQ&oe=6A967010,https://www.instagram.com/p/DcjfMcbkgCV/
Supermercado São Pedro,Carnes / Bovina,Paleta Suína kg,8.98,25/08/2026,https://scontent-cdg4-1.cdninstagram.com/v/t39.30808-6/784428542_1503489418490841_697405957732902936_n.jpg?stp=dst-jpg_e35_tt6&_nc_cat=102&ig_cache_key=Mzk3MTgyNzk2NDE0ODc5MzU5NA%3D%3D.3-ccb7-5&ccb=7-5&_nc_sid=58cdad&efg=eyJ2ZW5jb2RlX3RhZyI6IkZFRUQueHBpZHMuMTYzOS5zZHIucmVndWxhcl9waG90by5DMiJ9&_nc_ohc=XsYkt3_1l6QQ7kNvwHvPqBK&_nc_oc=AdoxHccv3l1ezOe2SRiaKdoIKylxRFAMAa-bcY8i1nMbLQRho8hGGxaPwVCiK9K63Rk&_nc_ad=z-m&_nc_cid=0&_nc_zt=23&_nc_ht=scontent-cdg4-1.cdninstagram.com&_nc_gid=l2Ws1l6EHCFje39eqZ55ow&_nc_ss=7a22e&oh=00_AQFDMDGgiy16J0IXYT6xj-Xo6NU7bSN7xPfmly_JDARCug&oe=6A965EFA,https://www.instagram.com/p/DcexH1gDUD6/
Supermercado Tuiuiú,Carnes / Bovina,Paleta Suína kg,8.99,26/08/2026,https://instagram.fqpa2-1.fna.fbcdn.net/v/t51.82787-15/786467846_18581501911067900_1635849977930495039_n.jpg?stp=dst-jpg_e35_tt6&_nc_cat=104&ig_cache_key=Mzk3MjE4NzkxMTEzMDgyMDgwNA%3D%3D.3-ccb7-5&ccb=7-5&_nc_sid=58cdad&efg=eyJ2ZW5jb2RlX3RhZyI6IkNBUk9VU0VMX0lURU0ueHBpZHMuMTA4MC5zZHIucmVndWxhcl9waG90by5DMyJ9&_nc_ohc=68dX_CMI8T8Q7kNvwHpguAF&_nc_oc=AdpvJ8hg4jzx9Q7uK8qPvuWvKrWMP08Oeehoujr6Wpc2QxbpMYPcxWGkg2NQUSOk7C4&_nc_ad=z-m&_nc_cid=1007&_nc_zt=23&_nc_ht=instagram.fqpa2-1.fna&_nc_gid=i0WVNSltBBtBZMld_QiciA&_nc_ss=7a22e&oh=00_AQEXezKQKLTebF6L1-4Q53oshrrGdQxlFh_KVpPH4RViYA&oe=6A964FDA,https://www.instagram.com/p/DcgDAMGj_Dr/
Bom Jesus Primavera do Leste 🛒,Carnes / Bovina,Pernil e Paleta Suína Ochove kg,9.99,26/08/2026,https://instagram.fktw1-1.fna.fbcdn.net/v/t51.82787-15/786656678_18374533654237813_1357775697752571265_n.jpg?stp=dst-jpg_e35_tt6&_nc_cat=102&ig_cache_key=Mzk3MjE2ODE2MTUzODk3MjI2NA%3D%3D.3-ccb7-5&ccb=7-5&_nc_sid=58cdad&efg=eyJ2ZW5jb2RlX3RhZyI6IkNBUk9VU0VMX0lURU0ueHBpZHMuMTA4MC5zZHIucmVndWxhcl9waG90by5DMyJ9&_nc_ohc=E3K-BzvU7NkQ7kNvwHdQvVN&_nc_oc=Adr2jz83g1HMFZbddfvWSC0pL4rnuXe_n9d4o8qnNRSzg_ggtsdVyqHY1_rraZXke4fM-PacFcpd2ny--CV4tB30&_nc_ad=z-m&_nc_cid=0&_nc_zt=23&_nc_ht=instagram.fktw1-1.fna&_nc_gid=WvhUxQv6PEktrzXyczPSSw&_nc_ss=7a22e&oh=00_AQGA5eHj920O_UhzUyPP2raQEwWZYO8b3KtcsEODu3jKRg&oe=6A9666A5,https://www.instagram.com/p/Dcf-fgoloPJ/
Supermercado Tuiuiú,Carnes / Bovina,Bisteca Suína kg,12.99,26/08/2026,https://instagram.fqpa2-1.fna.fbcdn.net/v/t51.82787-15/784389246_18581502034067900_514741470007781001_n.jpg?stp=dst-jpg_e35_tt6&_nc_cat=108&ig_cache_key=Mzk3MjE4Nzk0NDI0MDc2NjUyOQ%3D%3D.3-ccb7-5&ccb=7-5&_nc_sid=58cdad&efg=eyJ2ZW5jb2RlX3RhZyI6IkNBUk9VU0VMX0lURU0ueHBpZHMuMTA4MC5zZHIucmVndWxhcl9waG90by5DMyJ9&_nc_ohc=axgGxUji1CYQ7kNvwF5yFe_&_nc_oc=AdoPdvXKkxhOnuhRHqGiq6Pt03mMi3YFrFv35FgdwDW_XLaCuthau9xVtjxvSvd3Et0&_nc_ad=z-m&_nc_cid=1007&_nc_zt=23&_nc_ht=instagram.fqpa2-1.fna&_nc_gid=i0WVNSltBBtBZMld_QiciA&_nc_ss=7a22e&oh=00_AQGnyh9C5KtZnA7Clr6PJqSdV_he0XIhN4EcSf3kil01jw&oe=6A967986,https://www.instagram.com/p/DcgDAMGj_Dr/
Bom Jesus Primavera do Leste 🛒,Carnes / Bovina,Bisteca Suína Excelência kg,12.99,26/08/2026,https://instagram.fktw1-1.fna.fbcdn.net/v/t51.82787-15/786656678_18374533654237813_1357775697752571265_n.jpg?stp=dst-jpg_e35_tt6&_nc_cat=102&ig_cache_key=Mzk3MjE2ODE2MTUzODk3MjI2NA%3D%3D.3-ccb7-5&ccb=7-5&_nc_sid=58cdad&efg=eyJ2ZW5jb2RlX3RhZyI6IkNBUk9VU0VMX0lURU0ueHBpZHMuMTA4MC5zZHIucmVndWxhcl9waG90by5DMyJ9&_nc_ohc=E3K-BzvU7NkQ7kNvwHdQvVN&_nc_oc=Adr2jz83g1HMFZbddfvWSC0pL4rnuXe_n9d4o8qnNRSzg_ggtsdVyqHY1_rraZXke4fM-PacFcpd2ny--CV4tB30&_nc_ad=z-m&_nc_cid=0&_nc_zt=23&_nc_ht=instagram.fktw1-1.fna&_nc_gid=WvhUxQv6PEktrzXyczPSSw&_nc_ss=7a22e&oh=00_AQGA5eHj920O_UhzUyPP2raQEwWZYO8b3KtcsEODu3jKRg&oe=6A9666A5,https://www.instagram.com/p/Dcf-fgoloPJ/
Supermercado Tuiuiú,Carnes / Bovina,Carne Moída kg,19.99,26/08/2026,https://instagram.fqpa2-1.fna.fbcdn.net/v/t51.82787-15/786467846_18581501911067900_1635849977930495039_n.jpg?stp=dst-jpg_e35_tt6&_nc_cat=104&ig_cache_key=Mzk3MjE4NzkxMTEzMDgyMDgwNA%3D%3D.3-ccb7-5&ccb=7-5&_nc_sid=58cdad&efg=eyJ2ZW5jb2RlX3RhZyI6IkNBUk9VU0VMX0lURU0ueHBpZHMuMTA4MC5zZHIucmVndWxhcl9waG90by5DMyJ9&_nc_ohc=68dX_CMI8T8Q7kNvwHpguAF&_nc_oc=AdpvJ8hg4jzx9Q7uK8qPvuWvKrWMP08Oeehoujr6Wpc2QxbpMYPcxWGkg2NQUSOk7C4&_nc_ad=z-m&_nc_cid=1007&_nc_zt=23&_nc_ht=instagram.fqpa2-1.fna&_nc_gid=i0WVNSltBBtBZMld_QiciA&_nc_ss=7a22e&oh=00_AQEXezKQKLTebF6L1-4Q53oshrrGdQxlFh_KVpPH4RViYA&oe=6A964FDA,https://www.instagram.com/p/DcgDAMGj_Dr/
Supermercado Tuiuiú,Carnes / Bovina,Acém com Osso kg,20.99,26/08/2026,https://instagram.fqpa2-1.fna.fbcdn.net/v/t51.82787-15/786467846_18581501911067900_1635849977930495039_n.jpg?stp=dst-jpg_e35_tt6&_nc_cat=104&ig_cache_key=Mzk3MjE4NzkxMTEzMDgyMDgwNA%3D%3D.3-ccb7-5&ccb=7-5&_nc_sid=58cdad&efg=eyJ2ZW5jb2RlX3RhZyI6IkNBUk9VU0VMX0lURU0ueHBpZHMuMTA4MC5zZHIucmVndWxhcl9waG90by5DMyJ9&_nc_ohc=68dX_CMI8T8Q7kNvwHpguAF&_nc_oc=AdpvJ8hg4jzx9Q7uK8qPvuWvKrWMP08Oeehoujr6Wpc2QxbpMYPcxWGkg2NQUSOk7C4&_nc_ad=z-m&_nc_cid=1007&_nc_zt=23&_nc_ht=instagram.fqpa2-1.fna&_nc_gid=i0WVNSltBBtBZMld_QiciA&_nc_ss=7a22e&oh=00_AQEXezKQKLTebF6L1-4Q53oshrrGdQxlFh_KVpPH4RViYA&oe=6A964FDA,https://www.instagram.com/p/DcgDAMGj_Dr/
Super Compras Supermercado,Carnes / Bovina,Costela Bovina kg,20.99,22/08/2026,https://scontent-fra3-1.cdninstagram.com/v/t51.82787-15/781425562_18192143110391764_1116124836587707156_n.jpg?stp=dst-jpg_e35_tt6&_nc_cat=103&ig_cache_key=Mzk2ODk1MTQ4MDU4NDU2NzM5OQ%3D%3D.3-ccb7-5&ccb=7-5&_nc_sid=58cdad&efg=eyJ2ZW5jb2RlX3RhZyI6IkZFRUQueHBpZHMuMTQ0MC5zZHIucmVndWxhcl9waG90by5DMyJ9&_nc_ohc=hgLrqZMAdhsQ7kNvwEbw-5J&_nc_oc=AdqMJnvK7o8Kx-WAwUJ2fdrF5KLMr6OzsI_0vq4LJVMC41DGK35roPYoUOxAvCDM7Jg&_nc_ad=z-m&_nc_cid=0&_nc_zt=23&_nc_ht=scontent-fra3-1.cdninstagram.com&_nc_gid=FOgLUhHVTJ7XwYsIrtKNkQ&_nc_ss=7a22e&oh=00_AQHPwVnGq7ROV6gjQY2UsBm9sW934g0A9MrJcEShyx3c8g&oe=6A967AA0,https://www.instagram.com/p/DcUjFfbAPpn/
Bom Jesus Primavera do Leste 🛒,Carnes / Bovina,Acém e Músculo com Osso Sulbeef kg,21.99,26/08/2026,https://instagram.fktw4-1.fna.fbcdn.net/v/t51.82787-15/786837850_18374533663237813_2968687181146751427_n.jpg?stp=dst-jpg_e35_tt6&_nc_cat=100&ig_cache_key=Mzk3MjE2ODE2MTY3MzMwMjgxMg%3D%3D.3-ccb7-5&ccb=7-5&_nc_sid=58cdad&efg=eyJ2ZW5jb2RlX3RhZyI6IkNBUk9VU0VMX0lURU0ueHBpZHMuMTA4MC5zZHIucmVndWxhcl9waG90by5DMyJ9&_nc_ohc=wecasNb-bicQ7kNvwHn2Ans&_nc_oc=AdoaD9yhEQHxNxTT6dVW2831gh9YvtHOkjIyW0HrtAmSkQFq6pF2ab2IVMLYNpZqUqhBBxd2zWPq04gPZ1t49W4Z&_nc_ad=z-m&_nc_cid=0&_nc_zt=23&_nc_ht=instagram.fktw4-1.fna&_nc_gid=WvhUxQv6PEktrzXyczPSSw&_nc_ss=7a22e&oh=00_AQF4a0Y9_NKwZXJwWZHMF9uqX0FiNsV42rdgjR5KMV-Bpw&oe=6A9670CB,https://www.instagram.com/p/Dcf-fgoloPJ/
Supermercado São Pedro,Carnes / Bovina,Carne Moída kg,22.99,24/08/2026,https://scontent-yyz1-1.cdninstagram.com/v/t51.82787-15/779866028_18195137623382122_1225681475285530325_n.jpg?stp=dst-jpg_e35_tt6&_nc_cat=104&ig_cache_key=Mzk3MDg5NTAzMjEwMDYxNzYxMA%3D%3D.3-ccb7-5&ccb=7-5&_nc_sid=58cdad&efg=eyJ2ZW5jb2RlX3RhZyI6IkZFRUQueHBpZHMuMzI0OC5zZHIucmVndWxhcl9waG90by5DMyJ9&_nc_ohc=27_NHNZ1YPEQ7kNvwFoKDXp&_nc_oc=Adq93sm4yjujuKl2H9qKd7A-Ri6sPJ2O7h6MT7xu_2Gn_ICjD_O8jrpMyqpEq10pxog&_nc_ad=z-m&_nc_cid=0&_nc_zt=23&_nc_ht=scontent-yyz1-1.cdninstagram.com&_nc_gid=zbuJQKO7MCB6qCV9cm71qw&_nc_ss=7a22e&oh=00_AQFoLPeW7mZwdNBlXkTxG1Z4Q8aI7FC9c9WBaNrB5U4a1g&oe=6A966FA1,https://www.instagram.com/p/Dcbc_40uH2K/
Supermercado São Pedro,Carnes / Bovina,Acém Bovino com Osso kg,23.48,25/08/2026,https://scontent-cdg4-1.cdninstagram.com/v/t39.30808-6/784428542_1503489418490841_697405957732902936_n.jpg?stp=dst-jpg_e35_tt6&_nc_cat=102&ig_cache_key=Mzk3MTgyNzk2NDE0ODc5MzU5NA%3D%3D.3-ccb7-5&ccb=7-5&_nc_sid=58cdad&efg=eyJ2ZW5jb2RlX3RhZyI6IkZFRUQueHBpZHMuMTYzOS5zZHIucmVndWxhcl9waG90by5DMiJ9&_nc_ohc=XsYkt3_1l6QQ7kNvwHvPqBK&_nc_oc=AdoxHccv3l1ezOe2SRiaKdoIKylxRFAMAa-bcY8i1nMbLQRho8hGGxaPwVCiK9K63Rk&_nc_ad=z-m&_nc_cid=0&_nc_zt=23&_nc_ht=scontent-cdg4-1.cdninstagram.com&_nc_gid=l2Ws1l6EHCFje39eqZ55ow&_nc_ss=7a22e&oh=00_AQFDMDGgiy16J0IXYT6xj-Xo6NU7bSN7xPfmly_JDARCug&oe=6A965EFA,https://www.instagram.com/p/DcexH1gDUD6/
Supermercado Tuiuiú,Carnes / Bovina,Paleta com Osso kg,23.99,26/08/2026,https://instagram.fqpa2-1.fna.fbcdn.net/v/t51.82787-15/786467846_18581501911067900_1635849977930495039_n.jpg?stp=dst-jpg_e35_tt6&_nc_cat=104&ig_cache_key=Mzk3MjE4NzkxMTEzMDgyMDgwNA%3D%3D.3-ccb7-5&ccb=7-5&_nc_sid=58cdad&efg=eyJ2ZW5jb2RlX3RhZyI6IkNBUk9VU0VMX0lURU0ueHBpZHMuMTA4MC5zZHIucmVndWxhcl9waG90by5DMyJ9&_nc_ohc=68dX_CMI8T8Q7kNvwHpguAF&_nc_oc=AdpvJ8hg4jzx9Q7uK8qPvuWvKrWMP08Oeehoujr6Wpc2QxbpMYPcxWGkg2NQUSOk7C4&_nc_ad=z-m&_nc_cid=1007&_nc_zt=23&_nc_ht=instagram.fqpa2-1.fna&_nc_gid=i0WVNSltBBtBZMld_QiciA&_nc_ss=7a22e&oh=00_AQEXezKQKLTebF6L1-4Q53oshrrGdQxlFh_KVpPH4RViYA&oe=6A964FDA,https://www.instagram.com/p/DcgDAMGj_Dr/
Supermercado São Pedro,Carnes / Bovina,Paleta Bovina com Osso kg,24.48,25/08/2026,https://scontent-cdg4-1.cdninstagram.com/v/t39.30808-6/784428542_1503489418490841_697405957732902936_n.jpg?stp=dst-jpg_e35_tt6&_nc_cat=102&ig_cache_key=Mzk3MTgyNzk2NDE0ODc5MzU5NA%3D%3D.3-ccb7-5&ccb=7-5&_nc_sid=58cdad&efg=eyJ2ZW5jb2RlX3RhZyI6IkZFRUQueHBpZHMuMTYzOS5zZHIucmVndWxhcl9waG90by5DMiJ9&_nc_ohc=XsYkt3_1l6QQ7kNvwHvPqBK&_nc_oc=AdoxHccv3l1ezOe2SRiaKdoIKylxRFAMAa-bcY8i1nMbLQRho8hGGxaPwVCiK9K63Rk&_nc_ad=z-m&_nc_cid=0&_nc_zt=23&_nc_ht=scontent-cdg4-1.cdninstagram.com&_nc_gid=l2Ws1l6EHCFje39eqZ55ow&_nc_ss=7a22e&oh=00_AQFDMDGgiy16J0IXYT6xj-Xo6NU7bSN7xPfmly_JDARCug&oe=6A965EFA,https://www.instagram.com/p/DcexH1gDUD6/
Supermercado São Pedro,Carnes / Bovina,Costela Bovina kg,24.99,24/08/2026,https://scontent-yyz1-1.cdninstagram.com/v/t51.82787-15/779866028_18195137623382122_1225681475285530325_n.jpg?stp=dst-jpg_e35_tt6&_nc_cat=104&ig_cache_key=Mzk3MDg5NTAzMjEwMDYxNzYxMA%3D%3D.3-ccb7-5&ccb=7-5&_nc_sid=58cdad&efg=eyJ2ZW5jb2RlX3RhZyI6IkZFRUQueHBpZHMuMzI0OC5zZHIucmVndWxhcl9waG90by5DMyJ9&_nc_ohc=27_NHNZ1YPEQ7kNvwFoKDXp&_nc_oc=Adq93sm4yjujuKl2H9qKd7A-Ri6sPJ2O7h6MT7xu_2Gn_ICjD_O8jrpMyqpEq10pxog&_nc_ad=z-m&_nc_cid=0&_nc_zt=23&_nc_ht=scontent-yyz1-1.cdninstagram.com&_nc_gid=zbuJQKO7MCB6qCV9cm71qw&_nc_ss=7a22e&oh=00_AQFoLPeW7mZwdNBlXkTxG1Z4Q8aI7FC9c9WBaNrB5U4a1g&oe=6A966FA1,https://www.instagram.com/p/Dcbc_40uH2K/
Bom Jesus Primavera do Leste 🛒,Carnes / Bovina,Capa de Contra Filé Sulbeef kg,32.99,26/08/2026,https://instagram.fktw4-1.fna.fbcdn.net/v/t51.82787-15/786837850_18374533663237813_2968687181146751427_n.jpg?stp=dst-jpg_e35_tt6&_nc_cat=100&ig_cache_key=Mzk3MjE2ODE2MTY3MzMwMjgxMg%3D%3D.3-ccb7-5&ccb=7-5&_nc_sid=58cdad&efg=eyJ2ZW5jb2RlX3RhZyI6IkNBUk9VU0VMX0lURU0ueHBpZHMuMTA4MC5zZHIucmVndWxhcl9waG90by5DMyJ9&_nc_ohc=wecasNb-bicQ7kNvwHn2Ans&_nc_oc=AdoaD9yhEQHxNxTT6dVW2831gh9YvtHOkjIyW0HrtAmSkQFq6pF2ab2IVMLYNpZqUqhBBxd2zWPq04gPZ1t49W4Z&_nc_ad=z-m&_nc_cid=0&_nc_zt=23&_nc_ht=instagram.fktw4-1.fna&_nc_gid=WvhUxQv6PEktrzXyczPSSw&_nc_ss=7a22e&oh=00_AQF4a0Y9_NKwZXJwWZHMF9uqX0FiNsV42rdgjR5KMV-Bpw&oe=6A9670CB,https://www.instagram.com/p/Dcf-fgoloPJ/
Supermercado São Pedro,Carnes / Bovina,Bisteca Mineira kg,34.98,25/08/2026,https://scontent-cdg4-1.cdninstagram.com/v/t39.30808-6/784428542_1503489418490841_697405957732902936_n.jpg?stp=dst-jpg_e35_tt6&_nc_cat=102&ig_cache_key=Mzk3MTgyNzk2NDE0ODc5MzU5NA%3D%3D.3-ccb7-5&ccb=7-5&_nc_sid=58cdad&efg=eyJ2ZW5jb2RlX3RhZyI6IkZFRUQueHBpZHMuMTYzOS5zZHIucmVndWxhcl9waG90by5DMiJ9&_nc_ohc=XsYkt3_1l6QQ7kNvwHvPqBK&_nc_oc=AdoxHccv3l1ezOe2SRiaKdoIKylxRFAMAa-bcY8i1nMbLQRho8hGGxaPwVCiK9K63Rk&_nc_ad=z-m&_nc_cid=0&_nc_zt=23&_nc_ht=scontent-cdg4-1.cdninstagram.com&_nc_gid=l2Ws1l6EHCFje39eqZ55ow&_nc_ss=7a22e&oh=00_AQFDMDGgiy16J0IXYT6xj-Xo6NU7bSN7xPfmly_JDARCug&oe=6A965EFA,https://www.instagram.com/p/DcexH1gDUD6/
Bom Jesus Primavera do Leste 🛒,Carnes / Bovina,Coxão Duro e Cupim Sulbeef kg,36.99,26/08/2026,https://instagram.fktw4-1.fna.fbcdn.net/v/t51.82787-15/786837850_18374533663237813_2968687181146751427_n.jpg?stp=dst-jpg_e35_tt6&_nc_cat=100&ig_cache_key=Mzk3MjE2ODE2MTY3MzMwMjgxMg%3D%3D.3-ccb7-5&ccb=7-5&_nc_sid=58cdad&efg=eyJ2ZW5jb2RlX3RhZyI6IkNBUk9VU0VMX0lURU0ueHBpZHMuMTA4MC5zZHIucmVndWxhcl9waG90by5DMyJ9&_nc_ohc=wecasNb-bicQ7kNvwHn2Ans&_nc_oc=AdoaD9yhEQHxNxTT6dVW2831gh9YvtHOkjIyW0HrtAmSkQFq6pF2ab2IVMLYNpZqUqhBBxd2zWPq04gPZ1t49W4Z&_nc_ad=z-m&_nc_cid=0&_nc_zt=23&_nc_ht=instagram.fktw4-1.fna&_nc_gid=WvhUxQv6PEktrzXyczPSSw&_nc_ss=7a22e&oh=00_AQF4a0Y9_NKwZXJwWZHMF9uqX0FiNsV42rdgjR5KMV-Bpw&oe=6A9670CB,https://www.instagram.com/p/Dcf-fgoloPJ/
Supermercado São Pedro,Carnes / Bovina,Coxão Duro Bovino kg,42.98,25/08/2026,https://scontent-cdg4-1.cdninstagram.com/v/t39.30808-6/784428542_1503489418490841_697405957732902936_n.jpg?stp=dst-jpg_e35_tt6&_nc_cat=102&ig_cache_key=Mzk3MTgyNzk2NDE0ODc5MzU5NA%3D%3D.3-ccb7-5&ccb=7-5&_nc_sid=58cdad&efg=eyJ2ZW5jb2RlX3RhZyI6IkZFRUQueHBpZHMuMTYzOS5zZHIucmVndWxhcl9waG90by5DMiJ9&_nc_ohc=XsYkt3_1l6QQ7kNvwHvPqBK&_nc_oc=AdoxHccv3l1ezOe2SRiaKdoIKylxRFAMAa-bcY8i1nMbLQRho8hGGxaPwVCiK9K63Rk&_nc_ad=z-m&_nc_cid=0&_nc_zt=23&_nc_ht=scontent-cdg4-1.cdninstagram.com&_nc_gid=l2Ws1l6EHCFje39eqZ55ow&_nc_ss=7a22e&oh=00_AQFDMDGgiy16J0IXYT6xj-Xo6NU7bSN7xPfmly_JDARCug&oe=6A965EFA,https://www.instagram.com/p/DcexH1gDUD6/
Super Compras Supermercado,Carnes / Bovina,Fraldinha Bovina kg,42.99,22/08/2026,https://scontent-fra3-1.cdninstagram.com/v/t51.82787-15/781425562_18192143110391764_1116124836587707156_n.jpg?stp=dst-jpg_e35_tt6&_nc_cat=103&ig_cache_key=Mzk2ODk1MTQ4MDU4NDU2NzM5OQ%3D%3D.3-ccb7-5&ccb=7-5&_nc_sid=58cdad&efg=eyJ2ZW5jb2RlX3RhZyI6IkZFRUQueHBpZHMuMTQ0MC5zZHIucmVndWxhcl9waG90by5DMyJ9&_nc_ohc=hgLrqZMAdhsQ7kNvwEbw-5J&_nc_oc=AdqMJnvK7o8Kx-WAwUJ2fdrF5KLMr6OzsI_0vq4LJVMC41DGK35roPYoUOxAvCDM7Jg&_nc_ad=z-m&_nc_cid=0&_nc_zt=23&_nc_ht=scontent-fra3-1.cdninstagram.com&_nc_gid=FOgLUhHVTJ7XwYsIrtKNkQ&_nc_ss=7a22e&oh=00_AQHPwVnGq7ROV6gjQY2UsBm9sW934g0A9MrJcEShyx3c8g&oe=6A967AA0,https://www.instagram.com/p/DcUjFfbAPpn/
Super Compras Supermercado,Carnes / Bovina,Maminha Bovina kg,44.99,22/08/2026,https://scontent-fra3-1.cdninstagram.com/v/t51.82787-15/781425562_18192143110391764_1116124836587707156_n.jpg?stp=dst-jpg_e35_tt6&_nc_cat=103&ig_cache_key=Mzk2ODk1MTQ4MDU4NDU2NzM5OQ%3D%3D.3-ccb7-5&ccb=7-5&_nc_sid=58cdad&efg=eyJ2ZW5jb2RlX3RhZyI6IkZFRUQueHBpZHMuMTQ0MC5zZHIucmVndWxhcl9waG90by5DMyJ9&_nc_ohc=hgLrqZMAdhsQ7kNvwEbw-5J&_nc_oc=AdqMJnvK7o8Kx-WAwUJ2fdrF5KLMr6OzsI_0vq4LJVMC41DGK35roPYoUOxAvCDM7Jg&_nc_ad=z-m&_nc_cid=0&_nc_zt=23&_nc_ht=scontent-fra3-1.cdninstagram.com&_nc_gid=FOgLUhHVTJ7XwYsIrtKNkQ&_nc_ss=7a22e&oh=00_AQHPwVnGq7ROV6gjQY2UsBm9sW934g0A9MrJcEShyx3c8g&oe=6A967AA0,https://www.instagram.com/p/DcUjFfbAPpn/
Supermercado São Pedro,Carnes / Bovina,Coxão Mole Bovino kg,46.98,25/08/2026,https://scontent-cdg4-1.cdninstagram.com/v/t39.30808-6/784428542_1503489418490841_697405957732902936_n.jpg?stp=dst-jpg_e35_tt6&_nc_cat=102&ig_cache_key=Mzk3MTgyNzk2NDE0ODc5MzU5NA%3D%3D.3-ccb7-5&ccb=7-5&_nc_sid=58cdad&efg=eyJ2ZW5jb2RlX3RhZyI6IkZFRUQueHBpZHMuMTYzOS5zZHIucmVndWxhcl9waG90by5DMiJ9&_nc_ohc=XsYkt3_1l6QQ7kNvwHvPqBK&_nc_oc=AdoxHccv3l1ezOe2SRiaKdoIKylxRFAMAa-bcY8i1nMbLQRho8hGGxaPwVCiK9K63Rk&_nc_ad=z-m&_nc_cid=0&_nc_zt=23&_nc_ht=scontent-cdg4-1.cdninstagram.com&_nc_gid=l2Ws1l6EHCFje39eqZ55ow&_nc_ss=7a22e&oh=00_AQFDMDGgiy16J0IXYT6xj-Xo6NU7bSN7xPfmly_JDARCug&oe=6A965EFA,https://www.instagram.com/p/DcexH1gDUD6/
Super Compras Supermercado,Carnes / Bovina,Alcatra Bovina kg,47.99,22/08/2026,https://scontent-fra3-1.cdninstagram.com/v/t51.82787-15/781425562_18192143110391764_1116124836587707156_n.jpg?stp=dst-jpg_e35_tt6&_nc_cat=103&ig_cache_key=Mzk2ODk1MTQ4MDU4NDU2NzM5OQ%3D%3D.3-ccb7-5&ccb=7-5&_nc_sid=58cdad&efg=eyJ2ZW5jb2RlX3RhZyI6IkZFRUQueHBpZHMuMTQ0MC5zZHIucmVndWxhcl9waG90by5DMyJ9&_nc_ohc=hgLrqZMAdhsQ7kNvwEbw-5J&_nc_oc=AdqMJnvK7o8Kx-WAwUJ2fdrF5KLMr6OzsI_0vq4LJVMC41DGK35roPYoUOxAvCDM7Jg&_nc_ad=z-m&_nc_cid=0&_nc_zt=23&_nc_ht=scontent-fra3-1.cdninstagram.com&_nc_gid=FOgLUhHVTJ7XwYsIrtKNkQ&_nc_ss=7a22e&oh=00_AQHPwVnGq7ROV6gjQY2UsBm9sW934g0A9MrJcEShyx3c8g&oe=6A967AA0,https://www.instagram.com/p/DcUjFfbAPpn/
Bom Jesus Primavera do Leste 🛒,Carnes / Bovina,Picanha e Filé Mignon Sulbeef kg,69.9,26/08/2026,https://instagram.fktw4-1.fna.fbcdn.net/v/t51.82787-15/786837850_18374533663237813_2968687181146751427_n.jpg?stp=dst-jpg_e35_tt6&_nc_cat=100&ig_cache_key=Mzk3MjE2ODE2MTY3MzMwMjgxMg%3D%3D.3-ccb7-5&ccb=7-5&_nc_sid=58cdad&efg=eyJ2ZW5jb2RlX3RhZyI6IkNBUk9VU0VMX0lURU0ueHBpZHMuMTA4MC5zZHIucmVndWxhcl9waG90by5DMyJ9&_nc_ohc=wecasNb-bicQ7kNvwHn2Ans&_nc_oc=AdoaD9yhEQHxNxTT6dVW2831gh9YvtHOkjIyW0HrtAmSkQFq6pF2ab2IVMLYNpZqUqhBBxd2zWPq04gPZ1t49W4Z&_nc_ad=z-m&_nc_cid=0&_nc_zt=23&_nc_ht=instagram.fktw4-1.fna&_nc_gid=WvhUxQv6PEktrzXyczPSSw&_nc_ss=7a22e&oh=00_AQF4a0Y9_NKwZXJwWZHMF9uqX0FiNsV42rdgjR5KMV-Bpw&oe=6A9670CB,https://www.instagram.com/p/Dcf-fgoloPJ/
Machadão Atacadista,Carnes / Peixes,Sardinha Iglu 400g,16.9,27/08/2026,https://instagram.fyto2-1.fna.fbcdn.net/v/t39.30808-6/787798079_1360550486164909_1488167338527184913_n.jpg?stp=dst-jpg_e35_tt6&_nc_cat=107&ig_cache_key=Mzk3MzE1NjQ3MjAzMzA0ODEyMg%3D%3D.3-ccb7-5&ccb=7-5&_nc_sid=58cdad&efg=eyJ2ZW5jb2RlX3RhZyI6IkNBUk9VU0VMX0lURU0ueHBpZHMuMTYzOC5zZHIucmVndWxhcl9waG90by5DMyJ9&_nc_ohc=_YSRXBR_xEAQ7kNvwGz-Jto&_nc_oc=AdpLlJzkYRevw0CSLWuqB-KI2jK2tnW7KUxNYwMqDutU8aJJamvN2PScwwK8KVSNNW0&_nc_ad=z-m&_nc_cid=0&_nc_zt=23&_nc_ht=instagram.fyto2-1.fna&_nc_gid=IXal9zDDXfZ0GyqCGxQXgg&_nc_ss=7a22e&oh=00_AQFOWvfPu9eQQSbEeGxpEzc_ICisAWZEBaBd3B4eIkUSZg&oe=6A966BD5,https://www.instagram.com/p/DcjfMcbkgCV/
Machadão Atacadista,Carnes / Peixes,Sardinha Espalmada Iglu 400g,16.9,27/08/2026,https://instagram.fyto2-1.fna.fbcdn.net/v/t39.30808-6/787104328_1360550532831571_2281243341389434448_n.jpg?stp=dst-jpg_e35_tt6&_nc_cat=100&ig_cache_key=Mzk3MzE1NjQ3MTc1NjIxMzA2MQ%3D%3D.3-ccb7-5&ccb=7-5&_nc_sid=58cdad&efg=eyJ2ZW5jb2RlX3RhZyI6IkNBUk9VU0VMX0lURU0ueHBpZHMuMTYzOC5zZHIucmVndWxhcl9waG90by5DMyJ9&_nc_ohc=Y9MsBJNTALEQ7kNvwGWInLu&_nc_oc=AdpddtOg1iPztqTH7eT-YWFaB54UHVZOR9Da1l8Mt7vhLBC-6BjRzHEH7wd_T0diJ_k&_nc_ad=z-m&_nc_cid=0&_nc_zt=23&_nc_ht=instagram.fyto2-1.fna&_nc_gid=IXal9zDDXfZ0GyqCGxQXgg&_nc_ss=7a22e&oh=00_AQG49cO8fhv8rCMyE6ScwuXA1ai2xKhoND925OUDpDHoLQ&oe=6A967010,https://www.instagram.com/p/DcjfMcbkgCV/
Bom Jesus Primavera do Leste 🛒,Carnes / Peixes,Peixe Tambatinga Delicious Fish kg,21.99,26/08/2026,https://instagram.fktw4-1.fna.fbcdn.net/v/t51.82787-15/786837850_18374533663237813_2968687181146751427_n.jpg?stp=dst-jpg_e35_tt6&_nc_cat=100&ig_cache_key=Mzk3MjE2ODE2MTY3MzMwMjgxMg%3D%3D.3-ccb7-5&ccb=7-5&_nc_sid=58cdad&efg=eyJ2ZW5jb2RlX3RhZyI6IkNBUk9VU0VMX0lURU0ueHBpZHMuMTA4MC5zZHIucmVndWxhcl9waG90by5DMyJ9&_nc_ohc=wecasNb-bicQ7kNvwHn2Ans&_nc_oc=AdoaD9yhEQHxNxTT6dVW2831gh9YvtHOkjIyW0HrtAmSkQFq6pF2ab2IVMLYNpZqUqhBBxd2zWPq04gPZ1t49W4Z&_nc_ad=z-m&_nc_cid=0&_nc_zt=23&_nc_ht=instagram.fktw4-1.fna&_nc_gid=WvhUxQv6PEktrzXyczPSSw&_nc_ss=7a22e&oh=00_AQF4a0Y9_NKwZXJwWZHMF9uqX0FiNsV42rdgjR5KMV-Bpw&oe=6A9670CB,https://www.instagram.com/p/Dcf-fgoloPJ/
Mercado Talismã,Carnes / Peixes,Peixe Tambatinga kg,23.49,27/08/2026,https://instagram.fein1-2.fna.fbcdn.net/v/t51.82787-15/788729215_18093625259531849_1531670164686177481_n.jpg?stp=dst-jpg_e35_tt6&_nc_cat=105&ig_cache_key=Mzk3Mjk0NzI0NTE5NTkyMjY1MA%3D%3D.3-ccb7-5&ccb=7-5&_nc_sid=58cdad&efg=eyJ2ZW5jb2RlX3RhZyI6IkNBUk9VU0VMX0lURU0ueHBpZHMuMTI1NC5zZHIucmVndWxhcl9waG90by5DMyJ9&_nc_ohc=OIrB5YXP5WUQ7kNvwHCRGZZ&_nc_oc=AdokfAr95rC3Fx22KbLeCp4E5kBUQlI5eWOR3ETdtdDqvoMuggd0JP0K3cX4LhU3mak&_nc_ad=z-m&_nc_cid=0&_nc_zt=23&_nc_ht=instagram.fein1-2.fna&_nc_gid=m8vL59IcN81voNHEYINoVA&_nc_ss=7a22e&oh=00_AQHFBkOvXHLxxOvr_GOB-DLHQZ6XnsuhSb6LN4SbBk_R-g&oe=6A967466,https://www.instagram.com/p/DcivoODkXLH/
Supermercado São Pedro,Carnes / Suína e Embutidos,Pernil Suíno kg,9.98,25/08/2026,https://scontent-cdg4-1.cdninstagram.com/v/t39.30808-6/784428542_1503489418490841_697405957732902936_n.jpg?stp=dst-jpg_e35_tt6&_nc_cat=102&ig_cache_key=Mzk3MTgyNzk2NDE0ODc5MzU5NA%3D%3D.3-ccb7-5&ccb=7-5&_nc_sid=58cdad&efg=eyJ2ZW5jb2RlX3RhZyI6IkZFRUQueHBpZHMuMTYzOS5zZHIucmVndWxhcl9waG90by5DMiJ9&_nc_ohc=XsYkt3_1l6QQ7kNvwHvPqBK&_nc_oc=AdoxHccv3l1ezOe2SRiaKdoIKylxRFAMAa-bcY8i1nMbLQRho8hGGxaPwVCiK9K63Rk&_nc_ad=z-m&_nc_cid=0&_nc_zt=23&_nc_ht=scontent-cdg4-1.cdninstagram.com&_nc_gid=l2Ws1l6EHCFje39eqZ55ow&_nc_ss=7a22e&oh=00_AQFDMDGgiy16J0IXYT6xj-Xo6NU7bSN7xPfmly_JDARCug&oe=6A965EFA,https://www.instagram.com/p/DcexH1gDUD6/
Super Compras Supermercado,Carnes / Suína e Embutidos,Mortadela Perdigão Bolognella kg,9.99,21/08/2026,https://instagram.ftgz2-1.fna.fbcdn.net/v/t51.82787-15/780140079_18192045034391764_7683991793781918786_n.jpg?stp=dst-jpg_e35_tt6&_nc_cat=103&ig_cache_key=Mzk2ODIxODA0ODc2ODI1MjE2NA%3D%3D.3-ccb7-5&ccb=7-5&_nc_sid=58cdad&efg=eyJ2ZW5jb2RlX3RhZyI6IkZFRUQueHBpZHMuMTQ0MC5zZHIucmVndWxhcl9waG90by5DMyJ9&_nc_ohc=Su6wo4o_AAEQ7kNvwHKsvI3&_nc_oc=AdqHpQCsDBNaEZ5-X3EB8Zab-Osn52r0xSN9LEgOV7g7pquqHCd3QeJEZZEJGdA8DBdiiAxREbsS1CzcBJWTbAD1&_nc_ad=z-m&_nc_cid=0&_nc_zt=23&_nc_ht=instagram.ftgz2-1.fna&_nc_gid=oHv5kAUjL6YyUqpH14-hmg&_nc_ss=7a22e&oh=00_AQEbsXV5g3m3qWtjHn92eEIkWanBuU9SlaCt1suJ0gW0tA&oe=6A966A2E,https://www.instagram.com/p/DcR8Up0IBkE/
Super Compras Supermercado,Carnes / Suína e Embutidos,Pernil Suíno kg,9.99,22/08/2026,https://scontent-fra3-1.cdninstagram.com/v/t51.82787-15/781425562_18192143110391764_1116124836587707156_n.jpg?stp=dst-jpg_e35_tt6&_nc_cat=103&ig_cache_key=Mzk2ODk1MTQ4MDU4NDU2NzM5OQ%3D%3D.3-ccb7-5&ccb=7-5&_nc_sid=58cdad&efg=eyJ2ZW5jb2RlX3RhZyI6IkZFRUQueHBpZHMuMTQ0MC5zZHIucmVndWxhcl9waG90by5DMyJ9&_nc_ohc=hgLrqZMAdhsQ7kNvwEbw-5J&_nc_oc=AdqMJnvK7o8Kx-WAwUJ2fdrF5KLMr6OzsI_0vq4LJVMC41DGK35roPYoUOxAvCDM7Jg&_nc_ad=z-m&_nc_cid=0&_nc_zt=23&_nc_ht=scontent-fra3-1.cdninstagram.com&_nc_gid=FOgLUhHVTJ7XwYsIrtKNkQ&_nc_ss=7a22e&oh=00_AQHPwVnGq7ROV6gjQY2UsBm9sW934g0A9MrJcEShyx3c8g&oe=6A967AA0,https://www.instagram.com/p/DcUjFfbAPpn/
Supermercado Tuiuiú,Carnes / Suína e Embutidos,Linguiça Nutribribas kg,11.49,26/08/2026,https://instagram.fqpa2-1.fna.fbcdn.net/v/t51.82787-15/784389246_18581502034067900_514741470007781001_n.jpg?stp=dst-jpg_e35_tt6&_nc_cat=108&ig_cache_key=Mzk3MjE4Nzk0NDI0MDc2NjUyOQ%3D%3D.3-ccb7-5&ccb=7-5&_nc_sid=58cdad&efg=eyJ2ZW5jb2RlX3RhZyI6IkNBUk9VU0VMX0lURU0ueHBpZHMuMTA4MC5zZHIucmVndWxhcl9waG90by5DMyJ9&_nc_ohc=axgGxUji1CYQ7kNvwF5yFe_&_nc_oc=AdoPdvXKkxhOnuhRHqGiq6Pt03mMi3YFrFv35FgdwDW_XLaCuthau9xVtjxvSvd3Et0&_nc_ad=z-m&_nc_cid=1007&_nc_zt=23&_nc_ht=instagram.fqpa2-1.fna&_nc_gid=i0WVNSltBBtBZMld_QiciA&_nc_ss=7a22e&oh=00_AQGnyh9C5KtZnA7Clr6PJqSdV_he0XIhN4EcSf3kil01jw&oe=6A967986,https://www.instagram.com/p/DcgDAMGj_Dr/
Bom Jesus Primavera do Leste 🛒,Carnes / Suína e Embutidos,Linguiça Suína Perdigão kg,15.99,26/08/2026,https://instagram.fktw4-1.fna.fbcdn.net/v/t51.82787-15/786837850_18374533663237813_2968687181146751427_n.jpg?stp=dst-jpg_e35_tt6&_nc_cat=100&ig_cache_key=Mzk3MjE2ODE2MTY3MzMwMjgxMg%3D%3D.3-ccb7-5&ccb=7-5&_nc_sid=58cdad&efg=eyJ2ZW5jb2RlX3RhZyI6IkNBUk9VU0VMX0lURU0ueHBpZHMuMTA4MC5zZHIucmVndWxhcl9waG90by5DMyJ9&_nc_ohc=wecasNb-bicQ7kNvwHn2Ans&_nc_oc=AdoaD9yhEQHxNxTT6dVW2831gh9YvtHOkjIyW0HrtAmSkQFq6pF2ab2IVMLYNpZqUqhBBxd2zWPq04gPZ1t49W4Z&_nc_ad=z-m&_nc_cid=0&_nc_zt=23&_nc_ht=instagram.fktw4-1.fna&_nc_gid=WvhUxQv6PEktrzXyczPSSw&_nc_ss=7a22e&oh=00_AQF4a0Y9_NKwZXJwWZHMF9uqX0FiNsV42rdgjR5KMV-Bpw&oe=6A9670CB,https://www.instagram.com/p/Dcf-fgoloPJ/
Mercado Talismã,Carnes / Suína e Embutidos,Linguiça Fina Apimentada kg,16.99,27/08/2026,https://instagram.fein1-2.fna.fbcdn.net/v/t51.82787-15/788729215_18093625259531849_1531670164686177481_n.jpg?stp=dst-jpg_e35_tt6&_nc_cat=105&ig_cache_key=Mzk3Mjk0NzI0NTE5NTkyMjY1MA%3D%3D.3-ccb7-5&ccb=7-5&_nc_sid=58cdad&efg=eyJ2ZW5jb2RlX3RhZyI6IkNBUk9VU0VMX0lURU0ueHBpZHMuMTI1NC5zZHIucmVndWxhcl9waG90by5DMyJ9&_nc_ohc=OIrB5YXP5WUQ7kNvwHCRGZZ&_nc_oc=AdokfAr95rC3Fx22KbLeCp4E5kBUQlI5eWOR3ETdtdDqvoMuggd0JP0K3cX4LhU3mak&_nc_ad=z-m&_nc_cid=0&_nc_zt=23&_nc_ht=instagram.fein1-2.fna&_nc_gid=m8vL59IcN81voNHEYINoVA&_nc_ss=7a22e&oh=00_AQHFBkOvXHLxxOvr_GOB-DLHQZ6XnsuhSb6LN4SbBk_R-g&oe=6A967466,https://www.instagram.com/p/DcivoODkXLH/
Mercado Talismã,Carnes / Suína e Embutidos,Linguiça Calabresa Excelência kg,19.99,27/08/2026,https://instagram.fein1-2.fna.fbcdn.net/v/t51.82787-15/788729215_18093625259531849_1531670164686177481_n.jpg?stp=dst-jpg_e35_tt6&_nc_cat=105&ig_cache_key=Mzk3Mjk0NzI0NTE5NTkyMjY1MA%3D%3D.3-ccb7-5&ccb=7-5&_nc_sid=58cdad&efg=eyJ2ZW5jb2RlX3RhZyI6IkNBUk9VU0VMX0lURU0ueHBpZHMuMTI1NC5zZHIucmVndWxhcl9waG90by5DMyJ9&_nc_ohc=OIrB5YXP5WUQ7kNvwHCRGZZ&_nc_oc=AdokfAr95rC3Fx22KbLeCp4E5kBUQlI5eWOR3ETdtdDqvoMuggd0JP0K3cX4LhU3mak&_nc_ad=z-m&_nc_cid=0&_nc_zt=23&_nc_ht=instagram.fein1-2.fna&_nc_gid=m8vL59IcN81voNHEYINoVA&_nc_ss=7a22e&oh=00_AQHFBkOvXHLxxOvr_GOB-DLHQZ6XnsuhSb6LN4SbBk_R-g&oe=6A967466,https://www.instagram.com/p/DcivoODkXLH/
Super Compras Supermercado,Carnes / Suína e Embutidos,Linguiça Suína kg,21.99,22/08/2026,https://scontent-fra3-1.cdninstagram.com/v/t51.82787-15/781425562_18192143110391764_1116124836587707156_n.jpg?stp=dst-jpg_e35_tt6&_nc_cat=103&ig_cache_key=Mzk2ODk1MTQ4MDU4NDU2NzM5OQ%3D%3D.3-ccb7-5&ccb=7-5&_nc_sid=58cdad&efg=eyJ2ZW5jb2RlX3RhZyI6IkZFRUQueHBpZHMuMTQ0MC5zZHIucmVndWxhcl9waG90by5DMyJ9&_nc_ohc=hgLrqZMAdhsQ7kNvwEbw-5J&_nc_oc=AdqMJnvK7o8Kx-WAwUJ2fdrF5KLMr6OzsI_0vq4LJVMC41DGK35roPYoUOxAvCDM7Jg&_nc_ad=z-m&_nc_cid=0&_nc_zt=23&_nc_ht=scontent-fra3-1.cdninstagram.com&_nc_gid=FOgLUhHVTJ7XwYsIrtKNkQ&_nc_ss=7a22e&oh=00_AQHPwVnGq7ROV6gjQY2UsBm9sW934g0A9MrJcEShyx3c8g&oe=6A967AA0,https://www.instagram.com/p/DcUjFfbAPpn/
Supermercado Tuiuiú,Carnes / Suína e Embutidos,Presunto Cozido kg,24.99,26/08/2026,https://scontent-muc2-1.cdninstagram.com/v/t51.82787-15/782208226_18581670763067900_4505279802407067664_n.jpg?stp=dst-jpg_e35_tt6&_nc_cat=101&ig_cache_key=Mzk3MjU4MDUzNjU2NDQyMTcwOQ%3D%3D.3-ccb7-5&ccb=7-5&_nc_sid=58cdad&efg=eyJ2ZW5jb2RlX3RhZyI6IkNBUk9VU0VMX0lURU0ueHBpZHMuMTA4MC5zZHIucmVndWxhcl9waG90by5DMyJ9&_nc_ohc=r3oFMSDFP4cQ7kNvwG9Ys90&_nc_oc=AdoC42xnlWixiFBnGTixoIoSuINXbUH7HVIiNflpXrqsxMMsZ1amfBnwQP8JJ6V6Hvz6WXBSqMA6dxY82d9H_hvt&_nc_ad=z-m&_nc_cid=1088&_nc_zt=23&_nc_ht=scontent-muc2-1.cdninstagram.com&_nc_gid=wq5LuXijk1jgdzQyiugWpw&_nc_ss=7a22e&oh=00_AQHf_fl8KlU8yVIrGBu0ZZMZ0BwlmD5m-SCHFN7zxQiZVw&oe=6A966CA3,https://www.instagram.com/p/DchcQH5DdVj/
Mercado Talismã,Carnes / Suína e Embutidos,Bacon Excelência kg,25.99,27/08/2026,https://instagram.fein1-2.fna.fbcdn.net/v/t51.82787-15/788729215_18093625259531849_1531670164686177481_n.jpg?stp=dst-jpg_e35_tt6&_nc_cat=105&ig_cache_key=Mzk3Mjk0NzI0NTE5NTkyMjY1MA%3D%3D.3-ccb7-5&ccb=7-5&_nc_sid=58cdad&efg=eyJ2ZW5jb2RlX3RhZyI6IkNBUk9VU0VMX0lURU0ueHBpZHMuMTI1NC5zZHIucmVndWxhcl9waG90by5DMyJ9&_nc_ohc=OIrB5YXP5WUQ7kNvwHCRGZZ&_nc_oc=AdokfAr95rC3Fx22KbLeCp4E5kBUQlI5eWOR3ETdtdDqvoMuggd0JP0K3cX4LhU3mak&_nc_ad=z-m&_nc_cid=0&_nc_zt=23&_nc_ht=instagram.fein1-2.fna&_nc_gid=m8vL59IcN81voNHEYINoVA&_nc_ss=7a22e&oh=00_AQHFBkOvXHLxxOvr_GOB-DLHQZ6XnsuhSb6LN4SbBk_R-g&oe=6A967466,https://www.instagram.com/p/DcivoODkXLH/
Machadão Atacadista,Congelados e Sobremesas,Açaí Ricaeli 1.02kg,25.99,27/08/2026,https://instagram.fyto2-1.fna.fbcdn.net/v/t39.30808-6/787798079_1360550486164909_1488167338527184913_n.jpg?stp=dst-jpg_e35_tt6&_nc_cat=107&ig_cache_key=Mzk3MzE1NjQ3MjAzMzA0ODEyMg%3D%3D.3-ccb7-5&ccb=7-5&_nc_sid=58cdad&efg=eyJ2ZW5jb2RlX3RhZyI6IkNBUk9VU0VMX0lURU0ueHBpZHMuMTYzOC5zZHIucmVndWxhcl9waG90by5DMyJ9&_nc_ohc=_YSRXBR_xEAQ7kNvwGz-Jto&_nc_oc=AdpLlJzkYRevw0CSLWuqB-KI2jK2tnW7KUxNYwMqDutU8aJJamvN2PScwwK8KVSNNW0&_nc_ad=z-m&_nc_cid=0&_nc_zt=23&_nc_ht=instagram.fyto2-1.fna&_nc_gid=IXal9zDDXfZ0GyqCGxQXgg&_nc_ss=7a22e&oh=00_AQFOWvfPu9eQQSbEeGxpEzc_ICisAWZEBaBd3B4eIkUSZg&oe=6A966BD5,https://www.instagram.com/p/DcjfMcbkgCV/
Machadão Atacadista,Congelados e Sobremesas,Açaí Ricaeli 1.02kg,25.99,27/08/2026,https://instagram.fyto2-1.fna.fbcdn.net/v/t39.30808-6/787104328_1360550532831571_2281243341389434448_n.jpg?stp=dst-jpg_e35_tt6&_nc_cat=100&ig_cache_key=Mzk3MzE1NjQ3MTc1NjIxMzA2MQ%3D%3D.3-ccb7-5&ccb=7-5&_nc_sid=58cdad&efg=eyJ2ZW5jb2RlX3RhZyI6IkNBUk9VU0VMX0lURU0ueHBpZHMuMTYzOC5zZHIucmVndWxhcl9waG90by5DMyJ9&_nc_ohc=Y9MsBJNTALEQ7kNvwGWInLu&_nc_oc=AdpddtOg1iPztqTH7eT-YWFaB54UHVZOR9Da1l8Mt7vhLBC-6BjRzHEH7wd_T0diJ_k&_nc_ad=z-m&_nc_cid=0&_nc_zt=23&_nc_ht=instagram.fyto2-1.fna&_nc_gid=IXal9zDDXfZ0GyqCGxQXgg&_nc_ss=7a22e&oh=00_AQG49cO8fhv8rCMyE6ScwuXA1ai2xKhoND925OUDpDHoLQ&oe=6A967010,https://www.instagram.com/p/DcjfMcbkgCV/
Bom Jesus Primavera do Leste 🛒,Congelados e Sobremesas,Batata Palito Sadia 2kg,27.99,26/08/2026,https://instagram.fktw1-1.fna.fbcdn.net/v/t51.82787-15/786656678_18374533654237813_1357775697752571265_n.jpg?stp=dst-jpg_e35_tt6&_nc_cat=102&ig_cache_key=Mzk3MjE2ODE2MTUzODk3MjI2NA%3D%3D.3-ccb7-5&ccb=7-5&_nc_sid=58cdad&efg=eyJ2ZW5jb2RlX3RhZyI6IkNBUk9VU0VMX0lURU0ueHBpZHMuMTA4MC5zZHIucmVndWxhcl9waG90by5DMyJ9&_nc_ohc=E3K-BzvU7NkQ7kNvwHdQvVN&_nc_oc=Adr2jz83g1HMFZbddfvWSC0pL4rnuXe_n9d4o8qnNRSzg_ggtsdVyqHY1_rraZXke4fM-PacFcpd2ny--CV4tB30&_nc_ad=z-m&_nc_cid=0&_nc_zt=23&_nc_ht=instagram.fktw1-1.fna&_nc_gid=WvhUxQv6PEktrzXyczPSSw&_nc_ss=7a22e&oh=00_AQGA5eHj920O_UhzUyPP2raQEwWZYO8b3KtcsEODu3jKRg&oe=6A9666A5,https://www.instagram.com/p/Dcf-fgoloPJ/
SUPERMERCADO PARANAENSE,Higiene / Cuidados Pessoais,Sabonete Albany 85g,1.79,24/08/2026,https://instagram.ffuk1-1.fna.fbcdn.net/v/t51.82787-15/786158033_17906990622496981_4554436689859059284_n.jpg?stp=dst-jpg_e35_tt6&_nc_cat=108&ig_cache_key=Mzk3MDc1Nzk3MTU2NDU0MjYxMQ%3D%3D.3-ccb7-5&ccb=7-5&_nc_sid=58cdad&efg=eyJ2ZW5jb2RlX3RhZyI6IkZFRUQueHBpZHMuMTM1MC5zZHIucmVndWxhcl9waG90by5DMyJ9&_nc_ohc=e8Edeo1LUSMQ7kNvwFDrBk2&_nc_oc=Adqzn6Bjmkdn0CVNHW8fWR-x4q2Jm9LyztIwrb1H_55ZiqTojaLtlvOKaXN5oVtaKDvrLYbvHsicZly3O1fwIZds&_nc_ad=z-m&_nc_cid=1700&_nc_zt=23&_nc_ht=instagram.ffuk1-1.fna&_nc_gid=oyc2vinubaI_F8oMEOxmWA&_nc_ss=7a22e&oh=00_AQFkRP_MezZhrd5PQXMlDm3GIkauDG_EplHb2Vb0e8p3tQ&oe=6A965F8B,https://www.instagram.com/p/Dca91ZQJ7qT/
Machadão Atacadista,Higiene / Cuidados Pessoais,Creme Dental Máxima Proteção Anticáries Colgate 120g,5.99,27/08/2026,https://instagram.fyto2-1.fna.fbcdn.net/v/t39.30808-6/786141071_1360550506164907_1343288441209680541_n.jpg?stp=dst-jpg_e35_tt6&_nc_cat=100&ig_cache_key=Mzk3MzE1NjQ3MjAxNjIzNDQ4NA%3D%3D.3-ccb7-5&ccb=7-5&_nc_sid=58cdad&efg=eyJ2ZW5jb2RlX3RhZyI6IkNBUk9VU0VMX0lURU0ueHBpZHMuMTYzOC5zZHIucmVndWxhcl9waG90by5DMyJ9&_nc_ohc=aMK5GLv5FBcQ7kNvwEDMxh0&_nc_oc=AdpWuxL4VLkbZ6DZN4-vuIq-jU9vlST0z0KDqlNXDoTt1WlcYsRB4fwhiJICSYvj0xw&_nc_ad=z-m&_nc_cid=0&_nc_zt=23&_nc_ht=instagram.fyto2-1.fna&_nc_gid=IXal9zDDXfZ0GyqCGxQXgg&_nc_ss=7a22e&oh=00_AQHbXvyWTmBTgINHFv510Kl1nd7qoQ2vyD-goSfn6iagJA&oe=6A9682F9,https://www.instagram.com/p/DcjfMcbkgCV/
SUPERMERCADO PARANAENSE,Higiene / Cuidados Pessoais,Creme Dental Colgate Total 12 90g,9.99,24/08/2026,https://instagram.ffuk1-1.fna.fbcdn.net/v/t51.82787-15/786158033_17906990622496981_4554436689859059284_n.jpg?stp=dst-jpg_e35_tt6&_nc_cat=108&ig_cache_key=Mzk3MDc1Nzk3MTU2NDU0MjYxMQ%3D%3D.3-ccb7-5&ccb=7-5&_nc_sid=58cdad&efg=eyJ2ZW5jb2RlX3RhZyI6IkZFRUQueHBpZHMuMTM1MC5zZHIucmVndWxhcl9waG90by5DMyJ9&_nc_ohc=e8Edeo1LUSMQ7kNvwFDrBk2&_nc_oc=Adqzn6Bjmkdn0CVNHW8fWR-x4q2Jm9LyztIwrb1H_55ZiqTojaLtlvOKaXN5oVtaKDvrLYbvHsicZly3O1fwIZds&_nc_ad=z-m&_nc_cid=1700&_nc_zt=23&_nc_ht=instagram.ffuk1-1.fna&_nc_gid=oyc2vinubaI_F8oMEOxmWA&_nc_ss=7a22e&oh=00_AQFkRP_MezZhrd5PQXMlDm3GIkauDG_EplHb2Vb0e8p3tQ&oe=6A965F8B,https://www.instagram.com/p/Dca91ZQJ7qT/
SUPERMERCADO PARANAENSE,Higiene / Cuidados Pessoais,Desodorante Aerossol Rexona 150ml,14.99,24/08/2026,https://instagram.ffuk1-1.fna.fbcdn.net/v/t51.82787-15/786158033_17906990622496981_4554436689859059284_n.jpg?stp=dst-jpg_e35_tt6&_nc_cat=108&ig_cache_key=Mzk3MDc1Nzk3MTU2NDU0MjYxMQ%3D%3D.3-ccb7-5&ccb=7-5&_nc_sid=58cdad&efg=eyJ2ZW5jb2RlX3RhZyI6IkZFRUQueHBpZHMuMTM1MC5zZHIucmVndWxhcl9waG90by5DMyJ9&_nc_ohc=e8Edeo1LUSMQ7kNvwFDrBk2&_nc_oc=Adqzn6Bjmkdn0CVNHW8fWR-x4q2Jm9LyztIwrb1H_55ZiqTojaLtlvOKaXN5oVtaKDvrLYbvHsicZly3O1fwIZds&_nc_ad=z-m&_nc_cid=1700&_nc_zt=23&_nc_ht=instagram.ffuk1-1.fna&_nc_gid=oyc2vinubaI_F8oMEOxmWA&_nc_ss=7a22e&oh=00_AQFkRP_MezZhrd5PQXMlDm3GIkauDG_EplHb2Vb0e8p3tQ&oe=6A965F8B,https://www.instagram.com/p/Dca91ZQJ7qT/
Bom Jesus Primavera do Leste 🛒,Higiene / Cuidados Pessoais,Shampoo Dove 190ml,15.99,27/08/2026,https://instagram.fadl5-1.fna.fbcdn.net/v/t51.82787-15/787993259_18374687005237813_4471412213431393234_n.jpg?stp=dst-jpg_e35_tt6&_nc_cat=103&ig_cache_key=Mzk3Mjk0NzA1MzQ4MTkxNTUyNQ%3D%3D.3-ccb7-5&ccb=7-5&_nc_sid=58cdad&efg=eyJ2ZW5jb2RlX3RhZyI6IkZFRUQueHBpZHMuMTM1MC5zZHIucmVndWxhcl9waG90by5DMyJ9&_nc_ohc=TDgSfUoaAVwQ7kNvwEpJglj&_nc_oc=Adqu2KqnSf50G7TDxOquJ2uamr8oO9jzHi_BQy2aFOqyIb5SSEpi_QgfU5z94oW6Unw&_nc_ad=z-m&_nc_cid=0&_nc_zt=23&_nc_ht=instagram.fadl5-1.fna&_nc_gid=zss7cGQMVjPM9PMJWPayKQ&_nc_ss=7a22e&oh=00_AQH6uxTgwUTWP_uXSgSbjVJi8nei0-SRcac-_DjyWODW4Q&oe=6A96812E,https://www.instagram.com/p/DcivkuqOXSF/
Machadão Atacadista,Higiene / Cuidados Pessoais,Absorvente Noturno com Abas Intimus 16un,15.99,27/08/2026,https://instagram.fyto2-1.fna.fbcdn.net/v/t39.30808-6/786141071_1360550506164907_1343288441209680541_n.jpg?stp=dst-jpg_e35_tt6&_nc_cat=100&ig_cache_key=Mzk3MzE1NjQ3MjAxNjIzNDQ4NA%3D%3D.3-ccb7-5&ccb=7-5&_nc_sid=58cdad&efg=eyJ2ZW5jb2RlX3RhZyI6IkNBUk9VU0VMX0lURU0ueHBpZHMuMTYzOC5zZHIucmVndWxhcl9waG90by5DMyJ9&_nc_ohc=aMK5GLv5FBcQ7kNvwEDMxh0&_nc_oc=AdpWuxL4VLkbZ6DZN4-vuIq-jU9vlST0z0KDqlNXDoTt1WlcYsRB4fwhiJICSYvj0xw&_nc_ad=z-m&_nc_cid=0&_nc_zt=23&_nc_ht=instagram.fyto2-1.fna&_nc_gid=IXal9zDDXfZ0GyqCGxQXgg&_nc_ss=7a22e&oh=00_AQHbXvyWTmBTgINHFv510Kl1nd7qoQ2vyD-goSfn6iagJA&oe=6A9682F9,https://www.instagram.com/p/DcjfMcbkgCV/
Bom Jesus Primavera do Leste 🛒,Higiene / Cuidados Pessoais,Desodorante Antitranspirante Aerosol Dove 150ml,17.99,27/08/2026,https://instagram.fadl5-1.fna.fbcdn.net/v/t51.82787-15/787993259_18374687005237813_4471412213431393234_n.jpg?stp=dst-jpg_e35_tt6&_nc_cat=103&ig_cache_key=Mzk3Mjk0NzA1MzQ4MTkxNTUyNQ%3D%3D.3-ccb7-5&ccb=7-5&_nc_sid=58cdad&efg=eyJ2ZW5jb2RlX3RhZyI6IkZFRUQueHBpZHMuMTM1MC5zZHIucmVndWxhcl9waG90by5DMyJ9&_nc_ohc=TDgSfUoaAVwQ7kNvwEpJglj&_nc_oc=Adqu2KqnSf50G7TDxOquJ2uamr8oO9jzHi_BQy2aFOqyIb5SSEpi_QgfU5z94oW6Unw&_nc_ad=z-m&_nc_cid=0&_nc_zt=23&_nc_ht=instagram.fadl5-1.fna&_nc_gid=zss7cGQMVjPM9PMJWPayKQ&_nc_ss=7a22e&oh=00_AQH6uxTgwUTWP_uXSgSbjVJi8nei0-SRcac-_DjyWODW4Q&oe=6A96812E,https://www.instagram.com/p/DcivkuqOXSF/
Bom Jesus Primavera do Leste 🛒,Higiene / Cuidados Pessoais,Condicionador Dove 190ml,22.99,27/08/2026,https://instagram.fadl5-1.fna.fbcdn.net/v/t51.82787-15/787993259_18374687005237813_4471412213431393234_n.jpg?stp=dst-jpg_e35_tt6&_nc_cat=103&ig_cache_key=Mzk3Mjk0NzA1MzQ4MTkxNTUyNQ%3D%3D.3-ccb7-5&ccb=7-5&_nc_sid=58cdad&efg=eyJ2ZW5jb2RlX3RhZyI6IkZFRUQueHBpZHMuMTM1MC5zZHIucmVndWxhcl9waG90by5DMyJ9&_nc_ohc=TDgSfUoaAVwQ7kNvwEpJglj&_nc_oc=Adqu2KqnSf50G7TDxOquJ2uamr8oO9jzHi_BQy2aFOqyIb5SSEpi_QgfU5z94oW6Unw&_nc_ad=z-m&_nc_cid=0&_nc_zt=23&_nc_ht=instagram.fadl5-1.fna&_nc_gid=zss7cGQMVjPM9PMJWPayKQ&_nc_ss=7a22e&oh=00_AQH6uxTgwUTWP_uXSgSbjVJi8nei0-SRcac-_DjyWODW4Q&oe=6A96812E,https://www.instagram.com/p/DcivkuqOXSF/
Machadão Atacadista,Higiene / Papelaria,Guardanapo de Papel Mili 30cm X 29.5cm,2.99,27/08/2026,https://instagram.fyto2-1.fna.fbcdn.net/v/t39.30808-6/786141071_1360550506164907_1343288441209680541_n.jpg?stp=dst-jpg_e35_tt6&_nc_cat=100&ig_cache_key=Mzk3MzE1NjQ3MjAxNjIzNDQ4NA%3D%3D.3-ccb7-5&ccb=7-5&_nc_sid=58cdad&efg=eyJ2ZW5jb2RlX3RhZyI6IkNBUk9VU0VMX0lURU0ueHBpZHMuMTYzOC5zZHIucmVndWxhcl9waG90by5DMyJ9&_nc_ohc=aMK5GLv5FBcQ7kNvwEDMxh0&_nc_oc=AdpWuxL4VLkbZ6DZN4-vuIq-jU9vlST0z0KDqlNXDoTt1WlcYsRB4fwhiJICSYvj0xw&_nc_ad=z-m&_nc_cid=0&_nc_zt=23&_nc_ht=instagram.fyto2-1.fna&_nc_gid=IXal9zDDXfZ0GyqCGxQXgg&_nc_ss=7a22e&oh=00_AQHbXvyWTmBTgINHFv510Kl1nd7qoQ2vyD-goSfn6iagJA&oe=6A9682F9,https://www.instagram.com/p/DcjfMcbkgCV/
Super Compras Supermercado,Higiene / Papelaria,Papel Higiênico Duetto Folha Dupla 30m 12 Rolos,18.99,21/08/2026,https://instagram.ftgz2-1.fna.fbcdn.net/v/t51.82787-15/780140079_18192045034391764_7683991793781918786_n.jpg?stp=dst-jpg_e35_tt6&_nc_cat=103&ig_cache_key=Mzk2ODIxODA0ODc2ODI1MjE2NA%3D%3D.3-ccb7-5&ccb=7-5&_nc_sid=58cdad&efg=eyJ2ZW5jb2RlX3RhZyI6IkZFRUQueHBpZHMuMTQ0MC5zZHIucmVndWxhcl9waG90by5DMyJ9&_nc_ohc=Su6wo4o_AAEQ7kNvwHKsvI3&_nc_oc=AdqHpQCsDBNaEZ5-X3EB8Zab-Osn52r0xSN9LEgOV7g7pquqHCd3QeJEZZEJGdA8DBdiiAxREbsS1CzcBJWTbAD1&_nc_ad=z-m&_nc_cid=0&_nc_zt=23&_nc_ht=instagram.ftgz2-1.fna&_nc_gid=oHv5kAUjL6YyUqpH14-hmg&_nc_ss=7a22e&oh=00_AQEbsXV5g3m3qWtjHn92eEIkWanBuU9SlaCt1suJ0gW0tA&oe=6A966A2E,https://www.instagram.com/p/DcR8Up0IBkE/
Machadão Atacadista,Higiene / Papelaria,Papel Higiênico Folha Dupla Duetto 30m 12un,19.9,27/08/2026,https://instagram.fyto2-1.fna.fbcdn.net/v/t39.30808-6/786141071_1360550506164907_1343288441209680541_n.jpg?stp=dst-jpg_e35_tt6&_nc_cat=100&ig_cache_key=Mzk3MzE1NjQ3MjAxNjIzNDQ4NA%3D%3D.3-ccb7-5&ccb=7-5&_nc_sid=58cdad&efg=eyJ2ZW5jb2RlX3RhZyI6IkNBUk9VU0VMX0lURU0ueHBpZHMuMTYzOC5zZHIucmVndWxhcl9waG90by5DMyJ9&_nc_ohc=aMK5GLv5FBcQ7kNvwEDMxh0&_nc_oc=AdpWuxL4VLkbZ6DZN4-vuIq-jU9vlST0z0KDqlNXDoTt1WlcYsRB4fwhiJICSYvj0xw&_nc_ad=z-m&_nc_cid=0&_nc_zt=23&_nc_ht=instagram.fyto2-1.fna&_nc_gid=IXal9zDDXfZ0GyqCGxQXgg&_nc_ss=7a22e&oh=00_AQHbXvyWTmBTgINHFv510Kl1nd7qoQ2vyD-goSfn6iagJA&oe=6A9682F9,https://www.instagram.com/p/DcjfMcbkgCV/
Bom Jesus Primavera do Leste 🛒,Hortifruti / Ovos,Alho Nacional 100g,2.39,24/08/2026,https://scontent-fra5-2.cdninstagram.com/v/t51.82787-15/780551083_18374239432237813_6720893505103105991_n.jpg?stp=dst-jpg_e35_tt6&_nc_cat=106&ig_cache_key=Mzk3MDc4NzgzMjYxOTg0ODE2Mw%3D%3D.3-ccb7-5&ccb=7-5&_nc_sid=58cdad&efg=eyJ2ZW5jb2RlX3RhZyI6IkNBUk9VU0VMX0lURU0ueHBpZHMuMTA4MC5zZHIucmVndWxhcl9waG90by5DMyJ9&_nc_ohc=myPGG8GAEqkQ7kNvwHLDn1l&_nc_oc=AdrjU5VMRBqsuXkwk4c0CVoFJJrfcHMHOvbiwEEFcun3p9p2hik2QEPKSkkENHmKztw&_nc_ad=z-m&_nc_cid=0&_nc_zt=23&_nc_ht=scontent-fra5-2.cdninstagram.com&_nc_gid=AvC9Q5d1SS9-m3_hZ18qNA&_nc_ss=7a22e&oh=00_AQEfQDvhG99ZAq90S9bBXXRlP1P2A7WTTAAQyJqxbjexoQ&oe=6A966904,https://www.instagram.com/p/DcbEo2aliuR/
Supermercado São Pedro,Hortifruti / Ovos,Laranja un,2.89,23/08/2026,https://scontent-gru1-2.cdninstagram.com/v/t39.30808-6/781977378_1500799415426508_4866536164507670119_n.jpg?stp=dst-jpg_e35_tt6&_nc_cat=110&ig_cache_key=Mzk3MDM5MzQ4NDg1OTE4MjA5Mw%3D%3D.3-ccb7-5&ccb=7-5&_nc_sid=58cdad&efg=eyJ2ZW5jb2RlX3RhZyI6IkZFRUQueHBpZHMuMTYzOS5zZHIucmVndWxhcl9waG90by5DMyJ9&_nc_ohc=Sm8TJqnT95wQ7kNvwEAuv_w&_nc_oc=AdpZZydJ1-GE-INZNtInz7cq-SA5Wv0_1GvozmDDjQeLz4rUzU8kTBOScd6cu17GRE0&_nc_ad=z-m&_nc_cid=0&_nc_zt=23&_nc_ht=scontent-gru1-2.cdninstagram.com&_nc_gid=xhJmWYiNAus3mZNW9vvJyw&_nc_ss=7a22e&oh=00_AQE6E29Ld-MfM-p4OWrqqGCNOmN8PZvQ5Qy2CX5my112VA&oe=6A96604E,https://www.instagram.com/p/DcZq9ajjowN/
Super Compras Supermercado,Hortifruti / Ovos,Laranja kg,2.99,24/08/2026,https://scontent-icn2-1.cdninstagram.com/v/t51.82787-15/778986014_18192356080391764_2727967813090525154_n.jpg?stp=dst-jpg_e35_tt6&_nc_cat=111&ig_cache_key=Mzk3MDM4ODQ5NTE4MTQxNTkzNQ%3D%3D.3-ccb7-5&ccb=7-5&_nc_sid=58cdad&efg=eyJ2ZW5jb2RlX3RhZyI6IkZFRUQueHBpZHMuMTQ0MC5zZHIucmVndWxhcl9waG90by5DMyJ9&_nc_ohc=50Gin0TDwkYQ7kNvwFRXMk_&_nc_oc=Adq1jeZCIm0fJChDH-K0bIzQsjuYRYNu5MZ_RHk9-4qDtB5RfUf-4hdhNbkkAXT492E&_nc_ad=z-m&_nc_cid=0&_nc_zt=23&_nc_ht=scontent-icn2-1.cdninstagram.com&_nc_gid=NLn0qkOUaC7GUk6QhEmUMQ&_nc_ss=7a22e&oh=00_AQHNWI81bEW9P4XHyZ2-M8XSSOgHSuwwUI29oNEDVMU14A&oe=6A968150,https://www.instagram.com/p/DcZp0zjlgX_/
Bom Jesus Primavera do Leste 🛒,Hortifruti / Ovos,Laranja Nacional kg,2.99,24/08/2026,https://scontent-fra3-2.cdninstagram.com/v/t51.82787-15/784817810_18374239453237813_2825750323987932425_n.jpg?stp=dst-jpg_e35_tt6&_nc_cat=111&ig_cache_key=Mzk3MDc4NzgzNDU3MDQ3NjY3NQ%3D%3D.3-ccb7-5&ccb=7-5&_nc_sid=58cdad&efg=eyJ2ZW5jb2RlX3RhZyI6IkNBUk9VU0VMX0lURU0ueHBpZHMuMTA4MC5zZHIucmVndWxhcl9waG90by5DMyJ9&_nc_ohc=P7IruUnPC1sQ7kNvwEMPYyR&_nc_oc=Adr_b1bUKeRFPM7ZmqdRxfot36hQCNU24IL5_Efa9ytO3ogM1bBZT4MQjmZ9FH6Ptko&_nc_ad=z-m&_nc_cid=0&_nc_zt=23&_nc_ht=scontent-fra3-2.cdninstagram.com&_nc_gid=AvC9Q5d1SS9-m3_hZ18qNA&_nc_ss=7a22e&oh=00_AQE80woS5j4qXeeidrqbdKnZmc1O3XfaeZ4vl-pHtiNMhQ&oe=6A965889,https://www.instagram.com/p/DcbEo2aliuR/
Super Compras Supermercado,Hortifruti / Ovos,Batata kg,3.49,22/08/2026,https://scontent-fra3-1.cdninstagram.com/v/t51.82787-15/781425562_18192143110391764_1116124836587707156_n.jpg?stp=dst-jpg_e35_tt6&_nc_cat=103&ig_cache_key=Mzk2ODk1MTQ4MDU4NDU2NzM5OQ%3D%3D.3-ccb7-5&ccb=7-5&_nc_sid=58cdad&efg=eyJ2ZW5jb2RlX3RhZyI6IkZFRUQueHBpZHMuMTQ0MC5zZHIucmVndWxhcl9waG90by5DMyJ9&_nc_ohc=hgLrqZMAdhsQ7kNvwEbw-5J&_nc_oc=AdqMJnvK7o8Kx-WAwUJ2fdrF5KLMr6OzsI_0vq4LJVMC41DGK35roPYoUOxAvCDM7Jg&_nc_ad=z-m&_nc_cid=0&_nc_zt=23&_nc_ht=scontent-fra3-1.cdninstagram.com&_nc_gid=FOgLUhHVTJ7XwYsIrtKNkQ&_nc_ss=7a22e&oh=00_AQHPwVnGq7ROV6gjQY2UsBm9sW934g0A9MrJcEShyx3c8g&oe=6A967AA0,https://www.instagram.com/p/DcUjFfbAPpn/
Supermercado São Pedro,Hortifruti / Ovos,Cebola kg,3.99,23/08/2026,https://scontent-gru1-2.cdninstagram.com/v/t39.30808-6/781977378_1500799415426508_4866536164507670119_n.jpg?stp=dst-jpg_e35_tt6&_nc_cat=110&ig_cache_key=Mzk3MDM5MzQ4NDg1OTE4MjA5Mw%3D%3D.3-ccb7-5&ccb=7-5&_nc_sid=58cdad&efg=eyJ2ZW5jb2RlX3RhZyI6IkZFRUQueHBpZHMuMTYzOS5zZHIucmVndWxhcl9waG90by5DMyJ9&_nc_ohc=Sm8TJqnT95wQ7kNvwEAuv_w&_nc_oc=AdpZZydJ1-GE-INZNtInz7cq-SA5Wv0_1GvozmDDjQeLz4rUzU8kTBOScd6cu17GRE0&_nc_ad=z-m&_nc_cid=0&_nc_zt=23&_nc_ht=scontent-gru1-2.cdninstagram.com&_nc_gid=xhJmWYiNAus3mZNW9vvJyw&_nc_ss=7a22e&oh=00_AQE6E29Ld-MfM-p4OWrqqGCNOmN8PZvQ5Qy2CX5my112VA&oe=6A96604E,https://www.instagram.com/p/DcZq9ajjowN/
Supermercado São Pedro,Hortifruti / Ovos,Banana Nanica kg,3.99,23/08/2026,https://scontent-gru1-2.cdninstagram.com/v/t39.30808-6/781977378_1500799415426508_4866536164507670119_n.jpg?stp=dst-jpg_e35_tt6&_nc_cat=110&ig_cache_key=Mzk3MDM5MzQ4NDg1OTE4MjA5Mw%3D%3D.3-ccb7-5&ccb=7-5&_nc_sid=58cdad&efg=eyJ2ZW5jb2RlX3RhZyI6IkZFRUQueHBpZHMuMTYzOS5zZHIucmVndWxhcl9waG90by5DMyJ9&_nc_ohc=Sm8TJqnT95wQ7kNvwEAuv_w&_nc_oc=AdpZZydJ1-GE-INZNtInz7cq-SA5Wv0_1GvozmDDjQeLz4rUzU8kTBOScd6cu17GRE0&_nc_ad=z-m&_nc_cid=0&_nc_zt=23&_nc_ht=scontent-gru1-2.cdninstagram.com&_nc_gid=xhJmWYiNAus3mZNW9vvJyw&_nc_ss=7a22e&oh=00_AQE6E29Ld-MfM-p4OWrqqGCNOmN8PZvQ5Qy2CX5my112VA&oe=6A96604E,https://www.instagram.com/p/DcZq9ajjowN/
Super Compras Supermercado,Hortifruti / Ovos,Banana Nanica kg,3.99,24/08/2026,https://scontent-icn2-1.cdninstagram.com/v/t51.82787-15/778986014_18192356080391764_2727967813090525154_n.jpg?stp=dst-jpg_e35_tt6&_nc_cat=111&ig_cache_key=Mzk3MDM4ODQ5NTE4MTQxNTkzNQ%3D%3D.3-ccb7-5&ccb=7-5&_nc_sid=58cdad&efg=eyJ2ZW5jb2RlX3RhZyI6IkZFRUQueHBpZHMuMTQ0MC5zZHIucmVndWxhcl9waG90by5DMyJ9&_nc_ohc=50Gin0TDwkYQ7kNvwFRXMk_&_nc_oc=Adq1jeZCIm0fJChDH-K0bIzQsjuYRYNu5MZ_RHk9-4qDtB5RfUf-4hdhNbkkAXT492E&_nc_ad=z-m&_nc_cid=0&_nc_zt=23&_nc_ht=scontent-icn2-1.cdninstagram.com&_nc_gid=NLn0qkOUaC7GUk6QhEmUMQ&_nc_ss=7a22e&oh=00_AQHNWI81bEW9P4XHyZ2-M8XSSOgHSuwwUI29oNEDVMU14A&oe=6A968150,https://www.instagram.com/p/DcZp0zjlgX_/
Super Compras Supermercado,Hortifruti / Ovos,Cebola kg,3.99,24/08/2026,https://scontent-icn2-1.cdninstagram.com/v/t51.82787-15/778986014_18192356080391764_2727967813090525154_n.jpg?stp=dst-jpg_e35_tt6&_nc_cat=111&ig_cache_key=Mzk3MDM4ODQ5NTE4MTQxNTkzNQ%3D%3D.3-ccb7-5&ccb=7-5&_nc_sid=58cdad&efg=eyJ2ZW5jb2RlX3RhZyI6IkZFRUQueHBpZHMuMTQ0MC5zZHIucmVndWxhcl9waG90by5DMyJ9&_nc_ohc=50Gin0TDwkYQ7kNvwFRXMk_&_nc_oc=Adq1jeZCIm0fJChDH-K0bIzQsjuYRYNu5MZ_RHk9-4qDtB5RfUf-4hdhNbkkAXT492E&_nc_ad=z-m&_nc_cid=0&_nc_zt=23&_nc_ht=scontent-icn2-1.cdninstagram.com&_nc_gid=NLn0qkOUaC7GUk6QhEmUMQ&_nc_ss=7a22e&oh=00_AQHNWI81bEW9P4XHyZ2-M8XSSOgHSuwwUI29oNEDVMU14A&oe=6A968150,https://www.instagram.com/p/DcZp0zjlgX_/
Super Compras Supermercado,Hortifruti / Ovos,Batata kg,3.99,24/08/2026,https://scontent-icn2-1.cdninstagram.com/v/t51.82787-15/778986014_18192356080391764_2727967813090525154_n.jpg?stp=dst-jpg_e35_tt6&_nc_cat=111&ig_cache_key=Mzk3MDM4ODQ5NTE4MTQxNTkzNQ%3D%3D.3-ccb7-5&ccb=7-5&_nc_sid=58cdad&efg=eyJ2ZW5jb2RlX3RhZyI6IkZFRUQueHBpZHMuMTQ0MC5zZHIucmVndWxhcl9waG90by5DMyJ9&_nc_ohc=50Gin0TDwkYQ7kNvwFRXMk_&_nc_oc=Adq1jeZCIm0fJChDH-K0bIzQsjuYRYNu5MZ_RHk9-4qDtB5RfUf-4hdhNbkkAXT492E&_nc_ad=z-m&_nc_cid=0&_nc_zt=23&_nc_ht=scontent-icn2-1.cdninstagram.com&_nc_gid=NLn0qkOUaC7GUk6QhEmUMQ&_nc_ss=7a22e&oh=00_AQHNWI81bEW9P4XHyZ2-M8XSSOgHSuwwUI29oNEDVMU14A&oe=6A968150,https://www.instagram.com/p/DcZp0zjlgX_/
Super Compras Supermercado,Hortifruti / Ovos,Cebola kg,3.99,22/08/2026,https://scontent-fra3-1.cdninstagram.com/v/t51.82787-15/781425562_18192143110391764_1116124836587707156_n.jpg?stp=dst-jpg_e35_tt6&_nc_cat=103&ig_cache_key=Mzk2ODk1MTQ4MDU4NDU2NzM5OQ%3D%3D.3-ccb7-5&ccb=7-5&_nc_sid=58cdad&efg=eyJ2ZW5jb2RlX3RhZyI6IkZFRUQueHBpZHMuMTQ0MC5zZHIucmVndWxhcl9waG90by5DMyJ9&_nc_ohc=hgLrqZMAdhsQ7kNvwEbw-5J&_nc_oc=AdqMJnvK7o8Kx-WAwUJ2fdrF5KLMr6OzsI_0vq4LJVMC41DGK35roPYoUOxAvCDM7Jg&_nc_ad=z-m&_nc_cid=0&_nc_zt=23&_nc_ht=scontent-fra3-1.cdninstagram.com&_nc_gid=FOgLUhHVTJ7XwYsIrtKNkQ&_nc_ss=7a22e&oh=00_AQHPwVnGq7ROV6gjQY2UsBm9sW934g0A9MrJcEShyx3c8g&oe=6A967AA0,https://www.instagram.com/p/DcUjFfbAPpn/
Bom Jesus Primavera do Leste 🛒,Hortifruti / Ovos,Abacate kg,4.99,24/08/2026,https://scontent-fra5-2.cdninstagram.com/v/t51.82787-15/780551083_18374239432237813_6720893505103105991_n.jpg?stp=dst-jpg_e35_tt6&_nc_cat=106&ig_cache_key=Mzk3MDc4NzgzMjYxOTg0ODE2Mw%3D%3D.3-ccb7-5&ccb=7-5&_nc_sid=58cdad&efg=eyJ2ZW5jb2RlX3RhZyI6IkNBUk9VU0VMX0lURU0ueHBpZHMuMTA4MC5zZHIucmVndWxhcl9waG90by5DMyJ9&_nc_ohc=myPGG8GAEqkQ7kNvwHLDn1l&_nc_oc=AdrjU5VMRBqsuXkwk4c0CVoFJJrfcHMHOvbiwEEFcun3p9p2hik2QEPKSkkENHmKztw&_nc_ad=z-m&_nc_cid=0&_nc_zt=23&_nc_ht=scontent-fra5-2.cdninstagram.com&_nc_gid=AvC9Q5d1SS9-m3_hZ18qNA&_nc_ss=7a22e&oh=00_AQEfQDvhG99ZAq90S9bBXXRlP1P2A7WTTAAQyJqxbjexoQ&oe=6A966904,https://www.instagram.com/p/DcbEo2aliuR/
Bom Jesus Primavera do Leste 🛒,Hortifruti / Ovos,Cebola Nacional kg,4.99,24/08/2026,https://scontent-fra5-2.cdninstagram.com/v/t51.82787-15/784590234_18374239444237813_5954849484238865529_n.jpg?stp=dst-jpg_e35_tt6&_nc_cat=107&ig_cache_key=Mzk3MDc4NzgzMDE4NTU1ODE1Mg%3D%3D.3-ccb7-5&ccb=7-5&_nc_sid=58cdad&efg=eyJ2ZW5jb2RlX3RhZyI6IkNBUk9VU0VMX0lURU0ueHBpZHMuMTA4MC5zZHIucmVndWxhcl9waG90by5DMyJ9&_nc_ohc=LgS51WzQ1pUQ7kNvwHS6sp3&_nc_oc=Adq-I5_Xn8CCRjvz97Kn4r2f3xktur6Gu42Td7H_6XAB_ExqFmXB42vvtG4bWZmJfMQ&_nc_ad=z-m&_nc_cid=0&_nc_zt=23&_nc_ht=scontent-fra5-2.cdninstagram.com&_nc_gid=AvC9Q5d1SS9-m3_hZ18qNA&_nc_ss=7a22e&oh=00_AQGnRzNkzmati-DS5NTWgMGRbxf6IoqXoAtgiegU0XTHuw&oe=6A9666FA,https://www.instagram.com/p/DcbEo2aliuR/
Super Compras Supermercado,Hortifruti / Ovos,Maçã kg,5.49,24/08/2026,https://scontent-icn2-1.cdninstagram.com/v/t51.82787-15/778986014_18192356080391764_2727967813090525154_n.jpg?stp=dst-jpg_e35_tt6&_nc_cat=111&ig_cache_key=Mzk3MDM4ODQ5NTE4MTQxNTkzNQ%3D%3D.3-ccb7-5&ccb=7-5&_nc_sid=58cdad&efg=eyJ2ZW5jb2RlX3RhZyI6IkZFRUQueHBpZHMuMTQ0MC5zZHIucmVndWxhcl9waG90by5DMyJ9&_nc_ohc=50Gin0TDwkYQ7kNvwFRXMk_&_nc_oc=Adq1jeZCIm0fJChDH-K0bIzQsjuYRYNu5MZ_RHk9-4qDtB5RfUf-4hdhNbkkAXT492E&_nc_ad=z-m&_nc_cid=0&_nc_zt=23&_nc_ht=scontent-icn2-1.cdninstagram.com&_nc_gid=NLn0qkOUaC7GUk6QhEmUMQ&_nc_ss=7a22e&oh=00_AQHNWI81bEW9P4XHyZ2-M8XSSOgHSuwwUI29oNEDVMU14A&oe=6A968150,https://www.instagram.com/p/DcZp0zjlgX_/
Super Compras Supermercado,Hortifruti / Ovos,Tomate kg,5.49,24/08/2026,https://scontent-icn2-1.cdninstagram.com/v/t51.82787-15/778986014_18192356080391764_2727967813090525154_n.jpg?stp=dst-jpg_e35_tt6&_nc_cat=111&ig_cache_key=Mzk3MDM4ODQ5NTE4MTQxNTkzNQ%3D%3D.3-ccb7-5&ccb=7-5&_nc_sid=58cdad&efg=eyJ2ZW5jb2RlX3RhZyI6IkZFRUQueHBpZHMuMTQ0MC5zZHIucmVndWxhcl9waG90by5DMyJ9&_nc_ohc=50Gin0TDwkYQ7kNvwFRXMk_&_nc_oc=Adq1jeZCIm0fJChDH-K0bIzQsjuYRYNu5MZ_RHk9-4qDtB5RfUf-4hdhNbkkAXT492E&_nc_ad=z-m&_nc_cid=0&_nc_zt=23&_nc_ht=scontent-icn2-1.cdninstagram.com&_nc_gid=NLn0qkOUaC7GUk6QhEmUMQ&_nc_ss=7a22e&oh=00_AQHNWI81bEW9P4XHyZ2-M8XSSOgHSuwwUI29oNEDVMU14A&oe=6A968150,https://www.instagram.com/p/DcZp0zjlgX_/
Super Compras Supermercado,Hortifruti / Ovos,Alface,5.59,21/08/2026,https://instagram.ftgz2-1.fna.fbcdn.net/v/t51.82787-15/780140079_18192045034391764_7683991793781918786_n.jpg?stp=dst-jpg_e35_tt6&_nc_cat=103&ig_cache_key=Mzk2ODIxODA0ODc2ODI1MjE2NA%3D%3D.3-ccb7-5&ccb=7-5&_nc_sid=58cdad&efg=eyJ2ZW5jb2RlX3RhZyI6IkZFRUQueHBpZHMuMTQ0MC5zZHIucmVndWxhcl9waG90by5DMyJ9&_nc_ohc=Su6wo4o_AAEQ7kNvwHKsvI3&_nc_oc=AdqHpQCsDBNaEZ5-X3EB8Zab-Osn52r0xSN9LEgOV7g7pquqHCd3QeJEZZEJGdA8DBdiiAxREbsS1CzcBJWTbAD1&_nc_ad=z-m&_nc_cid=0&_nc_zt=23&_nc_ht=instagram.ftgz2-1.fna&_nc_gid=oHv5kAUjL6YyUqpH14-hmg&_nc_ss=7a22e&oh=00_AQEbsXV5g3m3qWtjHn92eEIkWanBuU9SlaCt1suJ0gW0tA&oe=6A966A2E,https://www.instagram.com/p/DcR8Up0IBkE/
Supermercado São Pedro,Hortifruti / Ovos,Mamão Formosa kg,5.89,23/08/2026,https://scontent-gru1-2.cdninstagram.com/v/t39.30808-6/781977378_1500799415426508_4866536164507670119_n.jpg?stp=dst-jpg_e35_tt6&_nc_cat=110&ig_cache_key=Mzk3MDM5MzQ4NDg1OTE4MjA5Mw%3D%3D.3-ccb7-5&ccb=7-5&_nc_sid=58cdad&efg=eyJ2ZW5jb2RlX3RhZyI6IkZFRUQueHBpZHMuMTYzOS5zZHIucmVndWxhcl9waG90by5DMyJ9&_nc_ohc=Sm8TJqnT95wQ7kNvwEAuv_w&_nc_oc=AdpZZydJ1-GE-INZNtInz7cq-SA5Wv0_1GvozmDDjQeLz4rUzU8kTBOScd6cu17GRE0&_nc_ad=z-m&_nc_cid=0&_nc_zt=23&_nc_ht=scontent-gru1-2.cdninstagram.com&_nc_gid=xhJmWYiNAus3mZNW9vvJyw&_nc_ss=7a22e&oh=00_AQE6E29Ld-MfM-p4OWrqqGCNOmN8PZvQ5Qy2CX5my112VA&oe=6A96604E,https://www.instagram.com/p/DcZq9ajjowN/
Super Compras Supermercado,Hortifruti / Ovos,Mamão Comum kg,5.99,24/08/2026,https://scontent-icn2-1.cdninstagram.com/v/t51.82787-15/778986014_18192356080391764_2727967813090525154_n.jpg?stp=dst-jpg_e35_tt6&_nc_cat=111&ig_cache_key=Mzk3MDM4ODQ5NTE4MTQxNTkzNQ%3D%3D.3-ccb7-5&ccb=7-5&_nc_sid=58cdad&efg=eyJ2ZW5jb2RlX3RhZyI6IkZFRUQueHBpZHMuMTQ0MC5zZHIucmVndWxhcl9waG90by5DMyJ9&_nc_ohc=50Gin0TDwkYQ7kNvwFRXMk_&_nc_oc=Adq1jeZCIm0fJChDH-K0bIzQsjuYRYNu5MZ_RHk9-4qDtB5RfUf-4hdhNbkkAXT492E&_nc_ad=z-m&_nc_cid=0&_nc_zt=23&_nc_ht=scontent-icn2-1.cdninstagram.com&_nc_gid=NLn0qkOUaC7GUk6QhEmUMQ&_nc_ss=7a22e&oh=00_AQHNWI81bEW9P4XHyZ2-M8XSSOgHSuwwUI29oNEDVMU14A&oe=6A968150,https://www.instagram.com/p/DcZp0zjlgX_/
Bom Jesus Primavera do Leste 🛒,Hortifruti / Ovos,Tomate kg,5.99,24/08/2026,https://scontent-fra5-2.cdninstagram.com/v/t51.82787-15/780551083_18374239432237813_6720893505103105991_n.jpg?stp=dst-jpg_e35_tt6&_nc_cat=106&ig_cache_key=Mzk3MDc4NzgzMjYxOTg0ODE2Mw%3D%3D.3-ccb7-5&ccb=7-5&_nc_sid=58cdad&efg=eyJ2ZW5jb2RlX3RhZyI6IkNBUk9VU0VMX0lURU0ueHBpZHMuMTA4MC5zZHIucmVndWxhcl9waG90by5DMyJ9&_nc_ohc=myPGG8GAEqkQ7kNvwHLDn1l&_nc_oc=AdrjU5VMRBqsuXkwk4c0CVoFJJrfcHMHOvbiwEEFcun3p9p2hik2QEPKSkkENHmKztw&_nc_ad=z-m&_nc_cid=0&_nc_zt=23&_nc_ht=scontent-fra5-2.cdninstagram.com&_nc_gid=AvC9Q5d1SS9-m3_hZ18qNA&_nc_ss=7a22e&oh=00_AQEfQDvhG99ZAq90S9bBXXRlP1P2A7WTTAAQyJqxbjexoQ&oe=6A966904,https://www.instagram.com/p/DcbEo2aliuR/
Bom Jesus Primavera do Leste 🛒,Hortifruti / Ovos,Banana Nanica kg,5.99,24/08/2026,https://scontent-fra5-2.cdninstagram.com/v/t51.82787-15/780551083_18374239432237813_6720893505103105991_n.jpg?stp=dst-jpg_e35_tt6&_nc_cat=106&ig_cache_key=Mzk3MDc4NzgzMjYxOTg0ODE2Mw%3D%3D.3-ccb7-5&ccb=7-5&_nc_sid=58cdad&efg=eyJ2ZW5jb2RlX3RhZyI6IkNBUk9VU0VMX0lURU0ueHBpZHMuMTA4MC5zZHIucmVndWxhcl9waG90by5DMyJ9&_nc_ohc=myPGG8GAEqkQ7kNvwHLDn1l&_nc_oc=AdrjU5VMRBqsuXkwk4c0CVoFJJrfcHMHOvbiwEEFcun3p9p2hik2QEPKSkkENHmKztw&_nc_ad=z-m&_nc_cid=0&_nc_zt=23&_nc_ht=scontent-fra5-2.cdninstagram.com&_nc_gid=AvC9Q5d1SS9-m3_hZ18qNA&_nc_ss=7a22e&oh=00_AQEfQDvhG99ZAq90S9bBXXRlP1P2A7WTTAAQyJqxbjexoQ&oe=6A966904,https://www.instagram.com/p/DcbEo2aliuR/
Bom Jesus Primavera do Leste 🛒,Hortifruti / Ovos,Batata Doce kg,5.99,24/08/2026,https://scontent-fra5-2.cdninstagram.com/v/t51.82787-15/780551083_18374239432237813_6720893505103105991_n.jpg?stp=dst-jpg_e35_tt6&_nc_cat=106&ig_cache_key=Mzk3MDc4NzgzMjYxOTg0ODE2Mw%3D%3D.3-ccb7-5&ccb=7-5&_nc_sid=58cdad&efg=eyJ2ZW5jb2RlX3RhZyI6IkNBUk9VU0VMX0lURU0ueHBpZHMuMTA4MC5zZHIucmVndWxhcl9waG90by5DMyJ9&_nc_ohc=myPGG8GAEqkQ7kNvwHLDn1l&_nc_oc=AdrjU5VMRBqsuXkwk4c0CVoFJJrfcHMHOvbiwEEFcun3p9p2hik2QEPKSkkENHmKztw&_nc_ad=z-m&_nc_cid=0&_nc_zt=23&_nc_ht=scontent-fra5-2.cdninstagram.com&_nc_gid=AvC9Q5d1SS9-m3_hZ18qNA&_nc_ss=7a22e&oh=00_AQEfQDvhG99ZAq90S9bBXXRlP1P2A7WTTAAQyJqxbjexoQ&oe=6A966904,https://www.instagram.com/p/DcbEo2aliuR/
Bom Jesus Primavera do Leste 🛒,Hortifruti / Ovos,Melão Amarelo kg,5.99,24/08/2026,https://scontent-fra5-1.cdninstagram.com/v/t51.82787-15/783707432_18374239420237813_1111475954040917869_n.jpg?stp=dst-jpg_e35_tt6&_nc_cat=100&ig_cache_key=Mzk3MDc4NzgyNzEwNDYzMDI1Mg%3D%3D.3-ccb7-5&ccb=7-5&_nc_sid=58cdad&efg=eyJ2ZW5jb2RlX3RhZyI6IkNBUk9VU0VMX0lURU0ueHBpZHMuMTA4MC5zZHIucmVndWxhcl9waG90by5DMyJ9&_nc_ohc=73JIocu6eoQQ7kNvwEvvLSK&_nc_oc=AdpGuR3DSAz5WeKKbDC3kDNnpQRyfnT8q15GsH_qRF_h-YrFzURyrIARRvfGI5S__fU&_nc_ad=z-m&_nc_cid=0&_nc_zt=23&_nc_ht=scontent-fra5-1.cdninstagram.com&_nc_gid=AvC9Q5d1SS9-m3_hZ18qNA&_nc_ss=7a22e&oh=00_AQH0QkR77diIV5EFzpZKWsSier8yT2aa37bfxTC8hHX1sA&oe=6A9654FC,https://www.instagram.com/p/DcbEo2aliuR/
Supermercado São Pedro,Hortifruti / Ovos,Melão Amarelo kg,6.19,23/08/2026,https://scontent-gru1-2.cdninstagram.com/v/t39.30808-6/781977378_1500799415426508_4866536164507670119_n.jpg?stp=dst-jpg_e35_tt6&_nc_cat=110&ig_cache_key=Mzk3MDM5MzQ4NDg1OTE4MjA5Mw%3D%3D.3-ccb7-5&ccb=7-5&_nc_sid=58cdad&efg=eyJ2ZW5jb2RlX3RhZyI6IkZFRUQueHBpZHMuMTYzOS5zZHIucmVndWxhcl9waG90by5DMyJ9&_nc_ohc=Sm8TJqnT95wQ7kNvwEAuv_w&_nc_oc=AdpZZydJ1-GE-INZNtInz7cq-SA5Wv0_1GvozmDDjQeLz4rUzU8kTBOScd6cu17GRE0&_nc_ad=z-m&_nc_cid=0&_nc_zt=23&_nc_ht=scontent-gru1-2.cdninstagram.com&_nc_gid=xhJmWYiNAus3mZNW9vvJyw&_nc_ss=7a22e&oh=00_AQE6E29Ld-MfM-p4OWrqqGCNOmN8PZvQ5Qy2CX5my112VA&oe=6A96604E,https://www.instagram.com/p/DcZq9ajjowN/
Supermercado São Pedro,Hortifruti / Ovos,Maçã Fuji un,6.69,23/08/2026,https://scontent-gru1-2.cdninstagram.com/v/t39.30808-6/781977378_1500799415426508_4866536164507670119_n.jpg?stp=dst-jpg_e35_tt6&_nc_cat=110&ig_cache_key=Mzk3MDM5MzQ4NDg1OTE4MjA5Mw%3D%3D.3-ccb7-5&ccb=7-5&_nc_sid=58cdad&efg=eyJ2ZW5jb2RlX3RhZyI6IkZFRUQueHBpZHMuMTYzOS5zZHIucmVndWxhcl9waG90by5DMyJ9&_nc_ohc=Sm8TJqnT95wQ7kNvwEAuv_w&_nc_oc=AdpZZydJ1-GE-INZNtInz7cq-SA5Wv0_1GvozmDDjQeLz4rUzU8kTBOScd6cu17GRE0&_nc_ad=z-m&_nc_cid=0&_nc_zt=23&_nc_ht=scontent-gru1-2.cdninstagram.com&_nc_gid=xhJmWYiNAus3mZNW9vvJyw&_nc_ss=7a22e&oh=00_AQE6E29Ld-MfM-p4OWrqqGCNOmN8PZvQ5Qy2CX5my112VA&oe=6A96604E,https://www.instagram.com/p/DcZq9ajjowN/
Super Compras Supermercado,Hortifruti / Ovos,Cenoura kg,6.89,24/08/2026,https://scontent-icn2-1.cdninstagram.com/v/t51.82787-15/778986014_18192356080391764_2727967813090525154_n.jpg?stp=dst-jpg_e35_tt6&_nc_cat=111&ig_cache_key=Mzk3MDM4ODQ5NTE4MTQxNTkzNQ%3D%3D.3-ccb7-5&ccb=7-5&_nc_sid=58cdad&efg=eyJ2ZW5jb2RlX3RhZyI6IkZFRUQueHBpZHMuMTQ0MC5zZHIucmVndWxhcl9waG90by5DMyJ9&_nc_ohc=50Gin0TDwkYQ7kNvwFRXMk_&_nc_oc=Adq1jeZCIm0fJChDH-K0bIzQsjuYRYNu5MZ_RHk9-4qDtB5RfUf-4hdhNbkkAXT492E&_nc_ad=z-m&_nc_cid=0&_nc_zt=23&_nc_ht=scontent-icn2-1.cdninstagram.com&_nc_gid=NLn0qkOUaC7GUk6QhEmUMQ&_nc_ss=7a22e&oh=00_AQHNWI81bEW9P4XHyZ2-M8XSSOgHSuwwUI29oNEDVMU14A&oe=6A968150,https://www.instagram.com/p/DcZp0zjlgX_/
Super Compras Supermercado,Hortifruti / Ovos,Uva Vitória 500g,6.99,24/08/2026,https://scontent-icn2-1.cdninstagram.com/v/t51.82787-15/778986014_18192356080391764_2727967813090525154_n.jpg?stp=dst-jpg_e35_tt6&_nc_cat=111&ig_cache_key=Mzk3MDM4ODQ5NTE4MTQxNTkzNQ%3D%3D.3-ccb7-5&ccb=7-5&_nc_sid=58cdad&efg=eyJ2ZW5jb2RlX3RhZyI6IkZFRUQueHBpZHMuMTQ0MC5zZHIucmVndWxhcl9waG90by5DMyJ9&_nc_ohc=50Gin0TDwkYQ7kNvwFRXMk_&_nc_oc=Adq1jeZCIm0fJChDH-K0bIzQsjuYRYNu5MZ_RHk9-4qDtB5RfUf-4hdhNbkkAXT492E&_nc_ad=z-m&_nc_cid=0&_nc_zt=23&_nc_ht=scontent-icn2-1.cdninstagram.com&_nc_gid=NLn0qkOUaC7GUk6QhEmUMQ&_nc_ss=7a22e&oh=00_AQHNWI81bEW9P4XHyZ2-M8XSSOgHSuwwUI29oNEDVMU14A&oe=6A968150,https://www.instagram.com/p/DcZp0zjlgX_/
Super Compras Supermercado,Hortifruti / Ovos,Melão kg,6.99,24/08/2026,https://scontent-icn2-1.cdninstagram.com/v/t51.82787-15/778986014_18192356080391764_2727967813090525154_n.jpg?stp=dst-jpg_e35_tt6&_nc_cat=111&ig_cache_key=Mzk3MDM4ODQ5NTE4MTQxNTkzNQ%3D%3D.3-ccb7-5&ccb=7-5&_nc_sid=58cdad&efg=eyJ2ZW5jb2RlX3RhZyI6IkZFRUQueHBpZHMuMTQ0MC5zZHIucmVndWxhcl9waG90by5DMyJ9&_nc_ohc=50Gin0TDwkYQ7kNvwFRXMk_&_nc_oc=Adq1jeZCIm0fJChDH-K0bIzQsjuYRYNu5MZ_RHk9-4qDtB5RfUf-4hdhNbkkAXT492E&_nc_ad=z-m&_nc_cid=0&_nc_zt=23&_nc_ht=scontent-icn2-1.cdninstagram.com&_nc_gid=NLn0qkOUaC7GUk6QhEmUMQ&_nc_ss=7a22e&oh=00_AQHNWI81bEW9P4XHyZ2-M8XSSOgHSuwwUI29oNEDVMU14A&oe=6A968150,https://www.instagram.com/p/DcZp0zjlgX_/
Bom Jesus Primavera do Leste 🛒,Hortifruti / Ovos,Mamão Formoso kg,6.99,24/08/2026,https://scontent-fra3-2.cdninstagram.com/v/t51.82787-15/784817810_18374239453237813_2825750323987932425_n.jpg?stp=dst-jpg_e35_tt6&_nc_cat=111&ig_cache_key=Mzk3MDc4NzgzNDU3MDQ3NjY3NQ%3D%3D.3-ccb7-5&ccb=7-5&_nc_sid=58cdad&efg=eyJ2ZW5jb2RlX3RhZyI6IkNBUk9VU0VMX0lURU0ueHBpZHMuMTA4MC5zZHIucmVndWxhcl9waG90by5DMyJ9&_nc_ohc=P7IruUnPC1sQ7kNvwEMPYyR&_nc_oc=Adr_b1bUKeRFPM7ZmqdRxfot36hQCNU24IL5_Efa9ytO3ogM1bBZT4MQjmZ9FH6Ptko&_nc_ad=z-m&_nc_cid=0&_nc_zt=23&_nc_ht=scontent-fra3-2.cdninstagram.com&_nc_gid=AvC9Q5d1SS9-m3_hZ18qNA&_nc_ss=7a22e&oh=00_AQE80woS5j4qXeeidrqbdKnZmc1O3XfaeZ4vl-pHtiNMhQ&oe=6A965889,https://www.instagram.com/p/DcbEo2aliuR/
Bom Jesus Primavera do Leste 🛒,Hortifruti / Ovos,Uva Vitória Isis 500g,7.99,24/08/2026,https://scontent-fra5-2.cdninstagram.com/v/t51.82787-15/780551083_18374239432237813_6720893505103105991_n.jpg?stp=dst-jpg_e35_tt6&_nc_cat=106&ig_cache_key=Mzk3MDc4NzgzMjYxOTg0ODE2Mw%3D%3D.3-ccb7-5&ccb=7-5&_nc_sid=58cdad&efg=eyJ2ZW5jb2RlX3RhZyI6IkNBUk9VU0VMX0lURU0ueHBpZHMuMTA4MC5zZHIucmVndWxhcl9waG90by5DMyJ9&_nc_ohc=myPGG8GAEqkQ7kNvwHLDn1l&_nc_oc=AdrjU5VMRBqsuXkwk4c0CVoFJJrfcHMHOvbiwEEFcun3p9p2hik2QEPKSkkENHmKztw&_nc_ad=z-m&_nc_cid=0&_nc_zt=23&_nc_ht=scontent-fra5-2.cdninstagram.com&_nc_gid=AvC9Q5d1SS9-m3_hZ18qNA&_nc_ss=7a22e&oh=00_AQEfQDvhG99ZAq90S9bBXXRlP1P2A7WTTAAQyJqxbjexoQ&oe=6A966904,https://www.instagram.com/p/DcbEo2aliuR/
Bom Jesus Primavera do Leste 🛒,Hortifruti / Ovos,Maçã Gala kg,7.99,24/08/2026,https://scontent-fra3-2.cdninstagram.com/v/t51.82787-15/784817810_18374239453237813_2825750323987932425_n.jpg?stp=dst-jpg_e35_tt6&_nc_cat=111&ig_cache_key=Mzk3MDc4NzgzNDU3MDQ3NjY3NQ%3D%3D.3-ccb7-5&ccb=7-5&_nc_sid=58cdad&efg=eyJ2ZW5jb2RlX3RhZyI6IkNBUk9VU0VMX0lURU0ueHBpZHMuMTA4MC5zZHIucmVndWxhcl9waG90by5DMyJ9&_nc_ohc=P7IruUnPC1sQ7kNvwEMPYyR&_nc_oc=Adr_b1bUKeRFPM7ZmqdRxfot36hQCNU24IL5_Efa9ytO3ogM1bBZT4MQjmZ9FH6Ptko&_nc_ad=z-m&_nc_cid=0&_nc_zt=23&_nc_ht=scontent-fra3-2.cdninstagram.com&_nc_gid=AvC9Q5d1SS9-m3_hZ18qNA&_nc_ss=7a22e&oh=00_AQE80woS5j4qXeeidrqbdKnZmc1O3XfaeZ4vl-pHtiNMhQ&oe=6A965889,https://www.instagram.com/p/DcbEo2aliuR/
Super Compras Supermercado,Hortifruti / Ovos,Ovos Brancos 20un,9.89,27/08/2026,https://scontent-ams2-1.cdninstagram.com/v/t51.82787-15/788172202_18192669184391764_5816935157600731829_n.jpg?stp=dst-jpg_e35_tt6&_nc_cat=102&ig_cache_key=Mzk3MjU2Mjg0NTk4OTQwNjA0Mw%3D%3D.3-ccb7-5&ccb=7-5&_nc_sid=58cdad&efg=eyJ2ZW5jb2RlX3RhZyI6IkZFRUQueHBpZHMuMTQ0MC5zZHIucmVndWxhcl9waG90by5DMyJ9&_nc_ohc=6V6MUSXxtWEQ7kNvwEiX9Iy&_nc_oc=AdrQCKzt2IP-ocFF-FbaYs3Q4kwNC6iyh3WBRnpuYUxZJFYGurB5QVHUAv2UKzzbNhLZr8L5iiVMZ__Z0GwnMa4v&_nc_ad=z-m&_nc_cid=0&_nc_zt=23&_nc_ht=scontent-ams2-1.cdninstagram.com&_nc_gid=_6Bjz1Qe-apFUvGe8-R7zg&_nc_ss=7a22e&oh=00_AQHDedMdFifYxvYbiz35fID0ZSN6roivKw5gK-ObWEzJCw&oe=6A9672A8,https://www.instagram.com/p/DchYNxjHQVb/
Super Compras Supermercado,Hortifruti / Ovos,Uva Crimson Und,9.99,24/08/2026,https://scontent-icn2-1.cdninstagram.com/v/t51.82787-15/778986014_18192356080391764_2727967813090525154_n.jpg?stp=dst-jpg_e35_tt6&_nc_cat=111&ig_cache_key=Mzk3MDM4ODQ5NTE4MTQxNTkzNQ%3D%3D.3-ccb7-5&ccb=7-5&_nc_sid=58cdad&efg=eyJ2ZW5jb2RlX3RhZyI6IkZFRUQueHBpZHMuMTQ0MC5zZHIucmVndWxhcl9waG90by5DMyJ9&_nc_ohc=50Gin0TDwkYQ7kNvwFRXMk_&_nc_oc=Adq1jeZCIm0fJChDH-K0bIzQsjuYRYNu5MZ_RHk9-4qDtB5RfUf-4hdhNbkkAXT492E&_nc_ad=z-m&_nc_cid=0&_nc_zt=23&_nc_ht=scontent-icn2-1.cdninstagram.com&_nc_gid=NLn0qkOUaC7GUk6QhEmUMQ&_nc_ss=7a22e&oh=00_AQHNWI81bEW9P4XHyZ2-M8XSSOgHSuwwUI29oNEDVMU14A&oe=6A968150,https://www.instagram.com/p/DcZp0zjlgX_/
Super Compras Supermercado,Hortifruti / Ovos,Alho kg,14.99,24/08/2026,https://scontent-icn2-1.cdninstagram.com/v/t51.82787-15/778986014_18192356080391764_2727967813090525154_n.jpg?stp=dst-jpg_e35_tt6&_nc_cat=111&ig_cache_key=Mzk3MDM4ODQ5NTE4MTQxNTkzNQ%3D%3D.3-ccb7-5&ccb=7-5&_nc_sid=58cdad&efg=eyJ2ZW5jb2RlX3RhZyI6IkZFRUQueHBpZHMuMTQ0MC5zZHIucmVndWxhcl9waG90by5DMyJ9&_nc_ohc=50Gin0TDwkYQ7kNvwFRXMk_&_nc_oc=Adq1jeZCIm0fJChDH-K0bIzQsjuYRYNu5MZ_RHk9-4qDtB5RfUf-4hdhNbkkAXT492E&_nc_ad=z-m&_nc_cid=0&_nc_zt=23&_nc_ht=scontent-icn2-1.cdninstagram.com&_nc_gid=NLn0qkOUaC7GUk6QhEmUMQ&_nc_ss=7a22e&oh=00_AQHNWI81bEW9P4XHyZ2-M8XSSOgHSuwwUI29oNEDVMU14A&oe=6A968150,https://www.instagram.com/p/DcZp0zjlgX_/
Super Compras Supermercado,Laticínios / Leites e Derivados,Creme de Leite Piracanjuba 200g,2.89,27/08/2026,https://scontent-ams2-1.cdninstagram.com/v/t51.82787-15/788172202_18192669184391764_5816935157600731829_n.jpg?stp=dst-jpg_e35_tt6&_nc_cat=102&ig_cache_key=Mzk3MjU2Mjg0NTk4OTQwNjA0Mw%3D%3D.3-ccb7-5&ccb=7-5&_nc_sid=58cdad&efg=eyJ2ZW5jb2RlX3RhZyI6IkZFRUQueHBpZHMuMTQ0MC5zZHIucmVndWxhcl9waG90by5DMyJ9&_nc_ohc=6V6MUSXxtWEQ7kNvwEiX9Iy&_nc_oc=AdrQCKzt2IP-ocFF-FbaYs3Q4kwNC6iyh3WBRnpuYUxZJFYGurB5QVHUAv2UKzzbNhLZr8L5iiVMZ__Z0GwnMa4v&_nc_ad=z-m&_nc_cid=0&_nc_zt=23&_nc_ht=scontent-ams2-1.cdninstagram.com&_nc_gid=_6Bjz1Qe-apFUvGe8-R7zg&_nc_ss=7a22e&oh=00_AQHDedMdFifYxvYbiz35fID0ZSN6roivKw5gK-ObWEzJCw&oe=6A9672A8,https://www.instagram.com/p/DchYNxjHQVb/
Super Compras Supermercado,Laticínios / Leites e Derivados,Leite Condensado Piracanjuba 395g,5.99,21/08/2026,https://instagram.ftgz2-1.fna.fbcdn.net/v/t51.82787-15/780140079_18192045034391764_7683991793781918786_n.jpg?stp=dst-jpg_e35_tt6&_nc_cat=103&ig_cache_key=Mzk2ODIxODA0ODc2ODI1MjE2NA%3D%3D.3-ccb7-5&ccb=7-5&_nc_sid=58cdad&efg=eyJ2ZW5jb2RlX3RhZyI6IkZFRUQueHBpZHMuMTQ0MC5zZHIucmVndWxhcl9waG90by5DMyJ9&_nc_ohc=Su6wo4o_AAEQ7kNvwHKsvI3&_nc_oc=AdqHpQCsDBNaEZ5-X3EB8Zab-Osn52r0xSN9LEgOV7g7pquqHCd3QeJEZZEJGdA8DBdiiAxREbsS1CzcBJWTbAD1&_nc_ad=z-m&_nc_cid=0&_nc_zt=23&_nc_ht=instagram.ftgz2-1.fna&_nc_gid=oHv5kAUjL6YyUqpH14-hmg&_nc_ss=7a22e&oh=00_AQEbsXV5g3m3qWtjHn92eEIkWanBuU9SlaCt1suJ0gW0tA&oe=6A966A2E,https://www.instagram.com/p/DcR8Up0IBkE/
Supermercado Tuiuiú,Laticínios / Leites e Derivados,Requeijão Carolina 180g,6.49,26/08/2026,https://scontent-muc2-1.cdninstagram.com/v/t51.82787-15/786993044_18581670784067900_4451038722088372453_n.jpg?stp=dst-jpg_e35_tt6&_nc_cat=106&ig_cache_key=Mzk3MjU4MDU3NDQ4MDgyOTk0OQ%3D%3D.3-ccb7-5&ccb=7-5&_nc_sid=58cdad&efg=eyJ2ZW5jb2RlX3RhZyI6IkNBUk9VU0VMX0lURU0ueHBpZHMuMTA4MC5zZHIucmVndWxhcl9waG90by5DMyJ9&_nc_ohc=LMIY6vyvLpAQ7kNvwFzRZDa&_nc_oc=AdpnLYuz2zP3KEo9yE4Ckx3JontOm9ijObSBcYFUkYCV_U8owjFPlxcKpzBJ04C_tES90tOjidDM9ON6x_rxBt99&_nc_ad=z-m&_nc_cid=1088&_nc_zt=23&_nc_ht=scontent-muc2-1.cdninstagram.com&_nc_gid=wq5LuXijk1jgdzQyiugWpw&_nc_ss=7a22e&oh=00_AQGidPGwWB3qvA3LHMWb_KOSttWUBKWO15Wrb_dDPdYJ8Q&oe=6A965291,https://www.instagram.com/p/DchcQH5DdVj/
Supermercado Tuiuiú,Laticínios / Leites e Derivados,Leite Frimesa 1L,6.49,26/08/2026,https://instagram.fqpa2-1.fna.fbcdn.net/v/t51.82787-15/786212952_18581502124067900_5975145042866561341_n.jpg?stp=dst-jpg_e35_tt6&_nc_cat=106&ig_cache_key=Mzk3MjE4ODAxMDAwNzY0NzI2Nw%3D%3D.3-ccb7-5&ccb=7-5&_nc_sid=58cdad&efg=eyJ2ZW5jb2RlX3RhZyI6IkNBUk9VU0VMX0lURU0ueHBpZHMuMTA4MC5zZHIucmVndWxhcl9waG90by5DMyJ9&_nc_ohc=CgyVTuZAOawQ7kNvwHb1DJI&_nc_oc=AdoYfUdYRo6kmZkbOQDYTJfK2se0jNv6Cr9iFr4FmXy6ugLPifkO8lz405kN6GaqpoM&_nc_ad=z-m&_nc_cid=1007&_nc_zt=23&_nc_ht=instagram.fqpa2-1.fna&_nc_gid=i0WVNSltBBtBZMld_QiciA&_nc_ss=7a22e&oh=00_AQGbe2prVq0TPzQK0Nvez0MjMe0G6l5nJQB3WnzPiI4STw&oe=6A9679D1,https://www.instagram.com/p/DcgDAMGj_Dr/
Super Compras Supermercado,Laticínios / Leites e Derivados,Leite Semidesnatado Piracanjuba 1L,6.49,21/08/2026,https://instagram.ftgz2-1.fna.fbcdn.net/v/t51.82787-15/780140079_18192045034391764_7683991793781918786_n.jpg?stp=dst-jpg_e35_tt6&_nc_cat=103&ig_cache_key=Mzk2ODIxODA0ODc2ODI1MjE2NA%3D%3D.3-ccb7-5&ccb=7-5&_nc_sid=58cdad&efg=eyJ2ZW5jb2RlX3RhZyI6IkZFRUQueHBpZHMuMTQ0MC5zZHIucmVndWxhcl9waG90by5DMyJ9&_nc_ohc=Su6wo4o_AAEQ7kNvwHKsvI3&_nc_oc=AdqHpQCsDBNaEZ5-X3EB8Zab-Osn52r0xSN9LEgOV7g7pquqHCd3QeJEZZEJGdA8DBdiiAxREbsS1CzcBJWTbAD1&_nc_ad=z-m&_nc_cid=0&_nc_zt=23&_nc_ht=instagram.ftgz2-1.fna&_nc_gid=oHv5kAUjL6YyUqpH14-hmg&_nc_ss=7a22e&oh=00_AQEbsXV5g3m3qWtjHn92eEIkWanBuU9SlaCt1suJ0gW0tA&oe=6A966A2E,https://www.instagram.com/p/DcR8Up0IBkE/
Super Compras Supermercado,Laticínios / Leites e Derivados,Leite Desnatado Piracanjuba 1L,6.49,21/08/2026,https://instagram.ftgz2-1.fna.fbcdn.net/v/t51.82787-15/780140079_18192045034391764_7683991793781918786_n.jpg?stp=dst-jpg_e35_tt6&_nc_cat=103&ig_cache_key=Mzk2ODIxODA0ODc2ODI1MjE2NA%3D%3D.3-ccb7-5&ccb=7-5&_nc_sid=58cdad&efg=eyJ2ZW5jb2RlX3RhZyI6IkZFRUQueHBpZHMuMTQ0MC5zZHIucmVndWxhcl9waG90by5DMyJ9&_nc_ohc=Su6wo4o_AAEQ7kNvwHKsvI3&_nc_oc=AdqHpQCsDBNaEZ5-X3EB8Zab-Osn52r0xSN9LEgOV7g7pquqHCd3QeJEZZEJGdA8DBdiiAxREbsS1CzcBJWTbAD1&_nc_ad=z-m&_nc_cid=0&_nc_zt=23&_nc_ht=instagram.ftgz2-1.fna&_nc_gid=oHv5kAUjL6YyUqpH14-hmg&_nc_ss=7a22e&oh=00_AQEbsXV5g3m3qWtjHn92eEIkWanBuU9SlaCt1suJ0gW0tA&oe=6A966A2E,https://www.instagram.com/p/DcR8Up0IBkE/
Supermercado Tuiuiú,Laticínios / Leites e Derivados,Iogurte Carolina 800g,6.89,26/08/2026,https://scontent-muc2-1.cdninstagram.com/v/t51.82787-15/786993044_18581670784067900_4451038722088372453_n.jpg?stp=dst-jpg_e35_tt6&_nc_cat=106&ig_cache_key=Mzk3MjU4MDU3NDQ4MDgyOTk0OQ%3D%3D.3-ccb7-5&ccb=7-5&_nc_sid=58cdad&efg=eyJ2ZW5jb2RlX3RhZyI6IkNBUk9VU0VMX0lURU0ueHBpZHMuMTA4MC5zZHIucmVndWxhcl9waG90by5DMyJ9&_nc_ohc=LMIY6vyvLpAQ7kNvwFzRZDa&_nc_oc=AdpnLYuz2zP3KEo9yE4Ckx3JontOm9ijObSBcYFUkYCV_U8owjFPlxcKpzBJ04C_tES90tOjidDM9ON6x_rxBt99&_nc_ad=z-m&_nc_cid=1088&_nc_zt=23&_nc_ht=scontent-muc2-1.cdninstagram.com&_nc_gid=wq5LuXijk1jgdzQyiugWpw&_nc_ss=7a22e&oh=00_AQGidPGwWB3qvA3LHMWb_KOSttWUBKWO15Wrb_dDPdYJ8Q&oe=6A965291,https://www.instagram.com/p/DchcQH5DdVj/
Super Compras Supermercado,Laticínios / Leites e Derivados,Requeijão Boua 180g,6.99,21/08/2026,https://instagram.ftgz2-1.fna.fbcdn.net/v/t51.82787-15/780140079_18192045034391764_7683991793781918786_n.jpg?stp=dst-jpg_e35_tt6&_nc_cat=103&ig_cache_key=Mzk2ODIxODA0ODc2ODI1MjE2NA%3D%3D.3-ccb7-5&ccb=7-5&_nc_sid=58cdad&efg=eyJ2ZW5jb2RlX3RhZyI6IkZFRUQueHBpZHMuMTQ0MC5zZHIucmVndWxhcl9waG90by5DMyJ9&_nc_ohc=Su6wo4o_AAEQ7kNvwHKsvI3&_nc_oc=AdqHpQCsDBNaEZ5-X3EB8Zab-Osn52r0xSN9LEgOV7g7pquqHCd3QeJEZZEJGdA8DBdiiAxREbsS1CzcBJWTbAD1&_nc_ad=z-m&_nc_cid=0&_nc_zt=23&_nc_ht=instagram.ftgz2-1.fna&_nc_gid=oHv5kAUjL6YyUqpH14-hmg&_nc_ss=7a22e&oh=00_AQEbsXV5g3m3qWtjHn92eEIkWanBuU9SlaCt1suJ0gW0tA&oe=6A966A2E,https://www.instagram.com/p/DcR8Up0IBkE/
Machadão Atacadista,Laticínios / Leites e Derivados,Requeijão Cremoso Poços de Caldas 400g,14.9,27/08/2026,https://instagram.fyto2-1.fna.fbcdn.net/v/t39.30808-6/787798079_1360550486164909_1488167338527184913_n.jpg?stp=dst-jpg_e35_tt6&_nc_cat=107&ig_cache_key=Mzk3MzE1NjQ3MjAzMzA0ODEyMg%3D%3D.3-ccb7-5&ccb=7-5&_nc_sid=58cdad&efg=eyJ2ZW5jb2RlX3RhZyI6IkNBUk9VU0VMX0lURU0ueHBpZHMuMTYzOC5zZHIucmVndWxhcl9waG90by5DMyJ9&_nc_ohc=_YSRXBR_xEAQ7kNvwGz-Jto&_nc_oc=AdpLlJzkYRevw0CSLWuqB-KI2jK2tnW7KUxNYwMqDutU8aJJamvN2PScwwK8KVSNNW0&_nc_ad=z-m&_nc_cid=0&_nc_zt=23&_nc_ht=instagram.fyto2-1.fna&_nc_gid=IXal9zDDXfZ0GyqCGxQXgg&_nc_ss=7a22e&oh=00_AQFOWvfPu9eQQSbEeGxpEzc_ICisAWZEBaBd3B4eIkUSZg&oe=6A966BD5,https://www.instagram.com/p/DcjfMcbkgCV/
Machadão Atacadista,Laticínios / Leites e Derivados,Requeijão Cremoso Poços de Caldas 400g,14.9,27/08/2026,https://instagram.fyto2-1.fna.fbcdn.net/v/t39.30808-6/787104328_1360550532831571_2281243341389434448_n.jpg?stp=dst-jpg_e35_tt6&_nc_cat=100&ig_cache_key=Mzk3MzE1NjQ3MTc1NjIxMzA2MQ%3D%3D.3-ccb7-5&ccb=7-5&_nc_sid=58cdad&efg=eyJ2ZW5jb2RlX3RhZyI6IkNBUk9VU0VMX0lURU0ueHBpZHMuMTYzOC5zZHIucmVndWxhcl9waG90by5DMyJ9&_nc_ohc=Y9MsBJNTALEQ7kNvwGWInLu&_nc_oc=AdpddtOg1iPztqTH7eT-YWFaB54UHVZOR9Da1l8Mt7vhLBC-6BjRzHEH7wd_T0diJ_k&_nc_ad=z-m&_nc_cid=0&_nc_zt=23&_nc_ht=instagram.fyto2-1.fna&_nc_gid=IXal9zDDXfZ0GyqCGxQXgg&_nc_ss=7a22e&oh=00_AQG49cO8fhv8rCMyE6ScwuXA1ai2xKhoND925OUDpDHoLQ&oe=6A967010,https://www.instagram.com/p/DcjfMcbkgCV/
Supermercado Tuiuiú,Laticínios / Leites e Derivados,Leite Ninho Nestlé 370g,16.99,26/08/2026,https://scontent-muc2-1.cdninstagram.com/v/t51.82787-15/786993044_18581670784067900_4451038722088372453_n.jpg?stp=dst-jpg_e35_tt6&_nc_cat=106&ig_cache_key=Mzk3MjU4MDU3NDQ4MDgyOTk0OQ%3D%3D.3-ccb7-5&ccb=7-5&_nc_sid=58cdad&efg=eyJ2ZW5jb2RlX3RhZyI6IkNBUk9VU0VMX0lURU0ueHBpZHMuMTA4MC5zZHIucmVndWxhcl9waG90by5DMyJ9&_nc_ohc=LMIY6vyvLpAQ7kNvwFzRZDa&_nc_oc=AdpnLYuz2zP3KEo9yE4Ckx3JontOm9ijObSBcYFUkYCV_U8owjFPlxcKpzBJ04C_tES90tOjidDM9ON6x_rxBt99&_nc_ad=z-m&_nc_cid=1088&_nc_zt=23&_nc_ht=scontent-muc2-1.cdninstagram.com&_nc_gid=wq5LuXijk1jgdzQyiugWpw&_nc_ss=7a22e&oh=00_AQGidPGwWB3qvA3LHMWb_KOSttWUBKWO15Wrb_dDPdYJ8Q&oe=6A965291,https://www.instagram.com/p/DchcQH5DdVj/
Supermercado Tuiuiú,Laticínios / Leites e Derivados,Queijo Queijo Mussarela kg,42.99,26/08/2026,https://scontent-muc2-1.cdninstagram.com/v/t51.82787-15/782208226_18581670763067900_4505279802407067664_n.jpg?stp=dst-jpg_e35_tt6&_nc_cat=101&ig_cache_key=Mzk3MjU4MDUzNjU2NDQyMTcwOQ%3D%3D.3-ccb7-5&ccb=7-5&_nc_sid=58cdad&efg=eyJ2ZW5jb2RlX3RhZyI6IkNBUk9VU0VMX0lURU0ueHBpZHMuMTA4MC5zZHIucmVndWxhcl9waG90by5DMyJ9&_nc_ohc=r3oFMSDFP4cQ7kNvwG9Ys90&_nc_oc=AdoC42xnlWixiFBnGTixoIoSuINXbUH7HVIiNflpXrqsxMMsZ1amfBnwQP8JJ6V6Hvz6WXBSqMA6dxY82d9H_hvt&_nc_ad=z-m&_nc_cid=1088&_nc_zt=23&_nc_ht=scontent-muc2-1.cdninstagram.com&_nc_gid=wq5LuXijk1jgdzQyiugWpw&_nc_ss=7a22e&oh=00_AQHf_fl8KlU8yVIrGBu0ZZMZ0BwlmD5m-SCHFN7zxQiZVw&oe=6A966CA3,https://www.instagram.com/p/DchcQH5DdVj/
Supermercado Tuiuiú,Laticínios / Leites e Derivados,Queijo Queijo Mussarela kg,44.99,26/08/2026,https://scontent-muc2-1.cdninstagram.com/v/t51.82787-15/782208226_18581670763067900_4505279802407067664_n.jpg?stp=dst-jpg_e35_tt6&_nc_cat=101&ig_cache_key=Mzk3MjU4MDUzNjU2NDQyMTcwOQ%3D%3D.3-ccb7-5&ccb=7-5&_nc_sid=58cdad&efg=eyJ2ZW5jb2RlX3RhZyI6IkNBUk9VU0VMX0lURU0ueHBpZHMuMTA4MC5zZHIucmVndWxhcl9waG90by5DMyJ9&_nc_ohc=r3oFMSDFP4cQ7kNvwG9Ys90&_nc_oc=AdoC42xnlWixiFBnGTixoIoSuINXbUH7HVIiNflpXrqsxMMsZ1amfBnwQP8JJ6V6Hvz6WXBSqMA6dxY82d9H_hvt&_nc_ad=z-m&_nc_cid=1088&_nc_zt=23&_nc_ht=scontent-muc2-1.cdninstagram.com&_nc_gid=wq5LuXijk1jgdzQyiugWpw&_nc_ss=7a22e&oh=00_AQHf_fl8KlU8yVIrGBu0ZZMZ0BwlmD5m-SCHFN7zxQiZVw&oe=6A966CA3,https://www.instagram.com/p/DchcQH5DdVj/
SUPERMERCADO PARANAENSE,Limpeza / Cuidados com a Casa,Detergente Líquido Ypê 500ml,2.49,24/08/2026,https://instagram.ffuk1-1.fna.fbcdn.net/v/t51.82787-15/786158033_17906990622496981_4554436689859059284_n.jpg?stp=dst-jpg_e35_tt6&_nc_cat=108&ig_cache_key=Mzk3MDc1Nzk3MTU2NDU0MjYxMQ%3D%3D.3-ccb7-5&ccb=7-5&_nc_sid=58cdad&efg=eyJ2ZW5jb2RlX3RhZyI6IkZFRUQueHBpZHMuMTM1MC5zZHIucmVndWxhcl9waG90by5DMyJ9&_nc_ohc=e8Edeo1LUSMQ7kNvwFDrBk2&_nc_oc=Adqzn6Bjmkdn0CVNHW8fWR-x4q2Jm9LyztIwrb1H_55ZiqTojaLtlvOKaXN5oVtaKDvrLYbvHsicZly3O1fwIZds&_nc_ad=z-m&_nc_cid=1700&_nc_zt=23&_nc_ht=instagram.ffuk1-1.fna&_nc_gid=oyc2vinubaI_F8oMEOxmWA&_nc_ss=7a22e&oh=00_AQFkRP_MezZhrd5PQXMlDm3GIkauDG_EplHb2Vb0e8p3tQ&oe=6A965F8B,https://www.instagram.com/p/Dca91ZQJ7qT/
Bom Jesus Primavera do Leste 🛒,Limpeza / Cuidados com a Casa,Detergente Líquido Ypê 500ml,2.69,27/08/2026,https://instagram.fadl5-1.fna.fbcdn.net/v/t51.82787-15/787993259_18374687005237813_4471412213431393234_n.jpg?stp=dst-jpg_e35_tt6&_nc_cat=103&ig_cache_key=Mzk3Mjk0NzA1MzQ4MTkxNTUyNQ%3D%3D.3-ccb7-5&ccb=7-5&_nc_sid=58cdad&efg=eyJ2ZW5jb2RlX3RhZyI6IkZFRUQueHBpZHMuMTM1MC5zZHIucmVndWxhcl9waG90by5DMyJ9&_nc_ohc=TDgSfUoaAVwQ7kNvwEpJglj&_nc_oc=Adqu2KqnSf50G7TDxOquJ2uamr8oO9jzHi_BQy2aFOqyIb5SSEpi_QgfU5z94oW6Unw&_nc_ad=z-m&_nc_cid=0&_nc_zt=23&_nc_ht=instagram.fadl5-1.fna&_nc_gid=zss7cGQMVjPM9PMJWPayKQ&_nc_ss=7a22e&oh=00_AQH6uxTgwUTWP_uXSgSbjVJi8nei0-SRcac-_DjyWODW4Q&oe=6A96812E,https://www.instagram.com/p/DcivkuqOXSF/
SUPERMERCADO PARANAENSE,Limpeza / Cuidados com a Casa,Água Sanitária Girando Sol 1L,3.99,24/08/2026,https://instagram.ffuk1-1.fna.fbcdn.net/v/t51.82787-15/786158033_17906990622496981_4554436689859059284_n.jpg?stp=dst-jpg_e35_tt6&_nc_cat=108&ig_cache_key=Mzk3MDc1Nzk3MTU2NDU0MjYxMQ%3D%3D.3-ccb7-5&ccb=7-5&_nc_sid=58cdad&efg=eyJ2ZW5jb2RlX3RhZyI6IkZFRUQueHBpZHMuMTM1MC5zZHIucmVndWxhcl9waG90by5DMyJ9&_nc_ohc=e8Edeo1LUSMQ7kNvwFDrBk2&_nc_oc=Adqzn6Bjmkdn0CVNHW8fWR-x4q2Jm9LyztIwrb1H_55ZiqTojaLtlvOKaXN5oVtaKDvrLYbvHsicZly3O1fwIZds&_nc_ad=z-m&_nc_cid=1700&_nc_zt=23&_nc_ht=instagram.ffuk1-1.fna&_nc_gid=oyc2vinubaI_F8oMEOxmWA&_nc_ss=7a22e&oh=00_AQFkRP_MezZhrd5PQXMlDm3GIkauDG_EplHb2Vb0e8p3tQ&oe=6A965F8B,https://www.instagram.com/p/Dca91ZQJ7qT/
Bom Jesus Primavera do Leste 🛒,Limpeza / Cuidados com a Casa,Limpador Multiuso Uau 500ml,4.29,27/08/2026,https://instagram.fadl5-1.fna.fbcdn.net/v/t51.82787-15/787993259_18374687005237813_4471412213431393234_n.jpg?stp=dst-jpg_e35_tt6&_nc_cat=103&ig_cache_key=Mzk3Mjk0NzA1MzQ4MTkxNTUyNQ%3D%3D.3-ccb7-5&ccb=7-5&_nc_sid=58cdad&efg=eyJ2ZW5jb2RlX3RhZyI6IkZFRUQueHBpZHMuMTM1MC5zZHIucmVndWxhcl9waG90by5DMyJ9&_nc_ohc=TDgSfUoaAVwQ7kNvwEpJglj&_nc_oc=Adqu2KqnSf50G7TDxOquJ2uamr8oO9jzHi_BQy2aFOqyIb5SSEpi_QgfU5z94oW6Unw&_nc_ad=z-m&_nc_cid=0&_nc_zt=23&_nc_ht=instagram.fadl5-1.fna&_nc_gid=zss7cGQMVjPM9PMJWPayKQ&_nc_ss=7a22e&oh=00_AQH6uxTgwUTWP_uXSgSbjVJi8nei0-SRcac-_DjyWODW4Q&oe=6A96812E,https://www.instagram.com/p/DcivkuqOXSF/
Bom Jesus Primavera do Leste 🛒,Limpeza / Cuidados com a Casa,Amaciante Remmus 2L,5.99,27/08/2026,https://instagram.fadl5-1.fna.fbcdn.net/v/t51.82787-15/787993259_18374687005237813_4471412213431393234_n.jpg?stp=dst-jpg_e35_tt6&_nc_cat=103&ig_cache_key=Mzk3Mjk0NzA1MzQ4MTkxNTUyNQ%3D%3D.3-ccb7-5&ccb=7-5&_nc_sid=58cdad&efg=eyJ2ZW5jb2RlX3RhZyI6IkZFRUQueHBpZHMuMTM1MC5zZHIucmVndWxhcl9waG90by5DMyJ9&_nc_ohc=TDgSfUoaAVwQ7kNvwEpJglj&_nc_oc=Adqu2KqnSf50G7TDxOquJ2uamr8oO9jzHi_BQy2aFOqyIb5SSEpi_QgfU5z94oW6Unw&_nc_ad=z-m&_nc_cid=0&_nc_zt=23&_nc_ht=instagram.fadl5-1.fna&_nc_gid=zss7cGQMVjPM9PMJWPayKQ&_nc_ss=7a22e&oh=00_AQH6uxTgwUTWP_uXSgSbjVJi8nei0-SRcac-_DjyWODW4Q&oe=6A96812E,https://www.instagram.com/p/DcivkuqOXSF/
Bom Jesus Primavera do Leste 🛒,Limpeza / Cuidados com a Casa,Desinfetante Remmus 2L,6.49,27/08/2026,https://instagram.fadl5-1.fna.fbcdn.net/v/t51.82787-15/787993259_18374687005237813_4471412213431393234_n.jpg?stp=dst-jpg_e35_tt6&_nc_cat=103&ig_cache_key=Mzk3Mjk0NzA1MzQ4MTkxNTUyNQ%3D%3D.3-ccb7-5&ccb=7-5&_nc_sid=58cdad&efg=eyJ2ZW5jb2RlX3RhZyI6IkZFRUQueHBpZHMuMTM1MC5zZHIucmVndWxhcl9waG90by5DMyJ9&_nc_ohc=TDgSfUoaAVwQ7kNvwEpJglj&_nc_oc=Adqu2KqnSf50G7TDxOquJ2uamr8oO9jzHi_BQy2aFOqyIb5SSEpi_QgfU5z94oW6Unw&_nc_ad=z-m&_nc_cid=0&_nc_zt=23&_nc_ht=instagram.fadl5-1.fna&_nc_gid=zss7cGQMVjPM9PMJWPayKQ&_nc_ss=7a22e&oh=00_AQH6uxTgwUTWP_uXSgSbjVJi8nei0-SRcac-_DjyWODW4Q&oe=6A96812E,https://www.instagram.com/p/DcivkuqOXSF/
Supermercado Tuiuiú,Limpeza / Cuidados com a Casa,Desinfetante Zupp 2L,6.99,26/08/2026,https://instagram.fqpa2-1.fna.fbcdn.net/v/t51.82787-15/786656678_18581502151067900_8490347803628786235_n.jpg?stp=dst-jpg_e35_tt6&_nc_cat=106&ig_cache_key=Mzk3MjE4ODA0MDI2NTAzODUyMQ%3D%3D.3-ccb7-5&ccb=7-5&_nc_sid=58cdad&efg=eyJ2ZW5jb2RlX3RhZyI6IkNBUk9VU0VMX0lURU0ueHBpZHMuMTA4MC5zZHIucmVndWxhcl9waG90by5DMyJ9&_nc_ohc=EcdOnVlttmoQ7kNvwH70PlI&_nc_oc=Ado82ixek600vX3hfhL5KCdBOomq0p34CYASZrMbpFkNDU8Rn2ZRizO3W36sjpTqpT0&_nc_ad=z-m&_nc_cid=1007&_nc_zt=23&_nc_ht=instagram.fqpa2-1.fna&_nc_gid=i0WVNSltBBtBZMld_QiciA&_nc_ss=7a22e&oh=00_AQFs12_u1-T868CKgrHhWNAaA-ZCp9unoHS_lu79usCNaA&oe=6A966AED,https://www.instagram.com/p/DcgDAMGj_Dr/
Supermercado Tuiuiú,Limpeza / Cuidados com a Casa,Água Sanitária Zupp 2L,6.99,26/08/2026,https://instagram.fqpa2-1.fna.fbcdn.net/v/t51.82787-15/786656678_18581502151067900_8490347803628786235_n.jpg?stp=dst-jpg_e35_tt6&_nc_cat=106&ig_cache_key=Mzk3MjE4ODA0MDI2NTAzODUyMQ%3D%3D.3-ccb7-5&ccb=7-5&_nc_sid=58cdad&efg=eyJ2ZW5jb2RlX3RhZyI6IkNBUk9VU0VMX0lURU0ueHBpZHMuMTA4MC5zZHIucmVndWxhcl9waG90by5DMyJ9&_nc_ohc=EcdOnVlttmoQ7kNvwH70PlI&_nc_oc=Ado82ixek600vX3hfhL5KCdBOomq0p34CYASZrMbpFkNDU8Rn2ZRizO3W36sjpTqpT0&_nc_ad=z-m&_nc_cid=1007&_nc_zt=23&_nc_ht=instagram.fqpa2-1.fna&_nc_gid=i0WVNSltBBtBZMld_QiciA&_nc_ss=7a22e&oh=00_AQFs12_u1-T868CKgrHhWNAaA-ZCp9unoHS_lu79usCNaA&oe=6A966AED,https://www.instagram.com/p/DcgDAMGj_Dr/
Machadão Atacadista,Limpeza / Cuidados com a Casa,Água Sanitária Qboa 2L,7.99,27/08/2026,https://instagram.fyto2-1.fna.fbcdn.net/v/t39.30808-6/786141071_1360550506164907_1343288441209680541_n.jpg?stp=dst-jpg_e35_tt6&_nc_cat=100&ig_cache_key=Mzk3MzE1NjQ3MjAxNjIzNDQ4NA%3D%3D.3-ccb7-5&ccb=7-5&_nc_sid=58cdad&efg=eyJ2ZW5jb2RlX3RhZyI6IkNBUk9VU0VMX0lURU0ueHBpZHMuMTYzOC5zZHIucmVndWxhcl9waG90by5DMyJ9&_nc_ohc=aMK5GLv5FBcQ7kNvwEDMxh0&_nc_oc=AdpWuxL4VLkbZ6DZN4-vuIq-jU9vlST0z0KDqlNXDoTt1WlcYsRB4fwhiJICSYvj0xw&_nc_ad=z-m&_nc_cid=0&_nc_zt=23&_nc_ht=instagram.fyto2-1.fna&_nc_gid=IXal9zDDXfZ0GyqCGxQXgg&_nc_ss=7a22e&oh=00_AQHbXvyWTmBTgINHFv510Kl1nd7qoQ2vyD-goSfn6iagJA&oe=6A9682F9,https://www.instagram.com/p/DcjfMcbkgCV/
Supermercado Tuiuiú,Limpeza / Cuidados com a Casa,Desinfetante Pinho Sol 1L,9.99,26/08/2026,https://instagram.fqpa2-1.fna.fbcdn.net/v/t51.82787-15/786656678_18581502151067900_8490347803628786235_n.jpg?stp=dst-jpg_e35_tt6&_nc_cat=106&ig_cache_key=Mzk3MjE4ODA0MDI2NTAzODUyMQ%3D%3D.3-ccb7-5&ccb=7-5&_nc_sid=58cdad&efg=eyJ2ZW5jb2RlX3RhZyI6IkNBUk9VU0VMX0lURU0ueHBpZHMuMTA4MC5zZHIucmVndWxhcl9waG90by5DMyJ9&_nc_ohc=EcdOnVlttmoQ7kNvwH70PlI&_nc_oc=Ado82ixek600vX3hfhL5KCdBOomq0p34CYASZrMbpFkNDU8Rn2ZRizO3W36sjpTqpT0&_nc_ad=z-m&_nc_cid=1007&_nc_zt=23&_nc_ht=instagram.fqpa2-1.fna&_nc_gid=i0WVNSltBBtBZMld_QiciA&_nc_ss=7a22e&oh=00_AQFs12_u1-T868CKgrHhWNAaA-ZCp9unoHS_lu79usCNaA&oe=6A966AED,https://www.instagram.com/p/DcgDAMGj_Dr/
Bom Jesus Primavera do Leste 🛒,Limpeza / Cuidados com a Casa,Amaciante Concentrado Comfort 500ml,9.99,27/08/2026,https://instagram.fadl5-1.fna.fbcdn.net/v/t51.82787-15/787993259_18374687005237813_4471412213431393234_n.jpg?stp=dst-jpg_e35_tt6&_nc_cat=103&ig_cache_key=Mzk3Mjk0NzA1MzQ4MTkxNTUyNQ%3D%3D.3-ccb7-5&ccb=7-5&_nc_sid=58cdad&efg=eyJ2ZW5jb2RlX3RhZyI6IkZFRUQueHBpZHMuMTM1MC5zZHIucmVndWxhcl9waG90by5DMyJ9&_nc_ohc=TDgSfUoaAVwQ7kNvwEpJglj&_nc_oc=Adqu2KqnSf50G7TDxOquJ2uamr8oO9jzHi_BQy2aFOqyIb5SSEpi_QgfU5z94oW6Unw&_nc_ad=z-m&_nc_cid=0&_nc_zt=23&_nc_ht=instagram.fadl5-1.fna&_nc_gid=zss7cGQMVjPM9PMJWPayKQ&_nc_ss=7a22e&oh=00_AQH6uxTgwUTWP_uXSgSbjVJi8nei0-SRcac-_DjyWODW4Q&oe=6A96812E,https://www.instagram.com/p/DcivkuqOXSF/
SUPERMERCADO PARANAENSE,Limpeza / Cuidados com a Casa,Sabão em Barra Ypê 5x160g,12.99,24/08/2026,https://instagram.ffuk1-1.fna.fbcdn.net/v/t51.82787-15/786158033_17906990622496981_4554436689859059284_n.jpg?stp=dst-jpg_e35_tt6&_nc_cat=108&ig_cache_key=Mzk3MDc1Nzk3MTU2NDU0MjYxMQ%3D%3D.3-ccb7-5&ccb=7-5&_nc_sid=58cdad&efg=eyJ2ZW5jb2RlX3RhZyI6IkZFRUQueHBpZHMuMTM1MC5zZHIucmVndWxhcl9waG90by5DMyJ9&_nc_ohc=e8Edeo1LUSMQ7kNvwFDrBk2&_nc_oc=Adqzn6Bjmkdn0CVNHW8fWR-x4q2Jm9LyztIwrb1H_55ZiqTojaLtlvOKaXN5oVtaKDvrLYbvHsicZly3O1fwIZds&_nc_ad=z-m&_nc_cid=1700&_nc_zt=23&_nc_ht=instagram.ffuk1-1.fna&_nc_gid=oyc2vinubaI_F8oMEOxmWA&_nc_ss=7a22e&oh=00_AQFkRP_MezZhrd5PQXMlDm3GIkauDG_EplHb2Vb0e8p3tQ&oe=6A965F8B,https://www.instagram.com/p/Dca91ZQJ7qT/
SUPERMERCADO PARANAENSE,Limpeza / Cuidados com a Casa,Lava Roupas Líquido Ypê 1L,12.99,24/08/2026,https://instagram.ffuk1-1.fna.fbcdn.net/v/t51.82787-15/786158033_17906990622496981_4554436689859059284_n.jpg?stp=dst-jpg_e35_tt6&_nc_cat=108&ig_cache_key=Mzk3MDc1Nzk3MTU2NDU0MjYxMQ%3D%3D.3-ccb7-5&ccb=7-5&_nc_sid=58cdad&efg=eyJ2ZW5jb2RlX3RhZyI6IkZFRUQueHBpZHMuMTM1MC5zZHIucmVndWxhcl9waG90by5DMyJ9&_nc_ohc=e8Edeo1LUSMQ7kNvwFDrBk2&_nc_oc=Adqzn6Bjmkdn0CVNHW8fWR-x4q2Jm9LyztIwrb1H_55ZiqTojaLtlvOKaXN5oVtaKDvrLYbvHsicZly3O1fwIZds&_nc_ad=z-m&_nc_cid=1700&_nc_zt=23&_nc_ht=instagram.ffuk1-1.fna&_nc_gid=oyc2vinubaI_F8oMEOxmWA&_nc_ss=7a22e&oh=00_AQFkRP_MezZhrd5PQXMlDm3GIkauDG_EplHb2Vb0e8p3tQ&oe=6A965F8B,https://www.instagram.com/p/Dca91ZQJ7qT/
SUPERMERCADO PARANAENSE,Limpeza / Cuidados com a Casa,Amaciante Concentrado Girando Sol 1L,15.99,24/08/2026,https://instagram.ffuk1-1.fna.fbcdn.net/v/t51.82787-15/786158033_17906990622496981_4554436689859059284_n.jpg?stp=dst-jpg_e35_tt6&_nc_cat=108&ig_cache_key=Mzk3MDc1Nzk3MTU2NDU0MjYxMQ%3D%3D.3-ccb7-5&ccb=7-5&_nc_sid=58cdad&efg=eyJ2ZW5jb2RlX3RhZyI6IkZFRUQueHBpZHMuMTM1MC5zZHIucmVndWxhcl9waG90by5DMyJ9&_nc_ohc=e8Edeo1LUSMQ7kNvwFDrBk2&_nc_oc=Adqzn6Bjmkdn0CVNHW8fWR-x4q2Jm9LyztIwrb1H_55ZiqTojaLtlvOKaXN5oVtaKDvrLYbvHsicZly3O1fwIZds&_nc_ad=z-m&_nc_cid=1700&_nc_zt=23&_nc_ht=instagram.ffuk1-1.fna&_nc_gid=oyc2vinubaI_F8oMEOxmWA&_nc_ss=7a22e&oh=00_AQFkRP_MezZhrd5PQXMlDm3GIkauDG_EplHb2Vb0e8p3tQ&oe=6A965F8B,https://www.instagram.com/p/Dca91ZQJ7qT/
Bom Jesus Primavera do Leste 🛒,Limpeza / Cuidados com a Casa,Água Sanitária Ypê 5L,20.9,27/08/2026,https://instagram.fadl5-1.fna.fbcdn.net/v/t51.82787-15/787993259_18374687005237813_4471412213431393234_n.jpg?stp=dst-jpg_e35_tt6&_nc_cat=103&ig_cache_key=Mzk3Mjk0NzA1MzQ4MTkxNTUyNQ%3D%3D.3-ccb7-5&ccb=7-5&_nc_sid=58cdad&efg=eyJ2ZW5jb2RlX3RhZyI6IkZFRUQueHBpZHMuMTM1MC5zZHIucmVndWxhcl9waG90by5DMyJ9&_nc_ohc=TDgSfUoaAVwQ7kNvwEpJglj&_nc_oc=Adqu2KqnSf50G7TDxOquJ2uamr8oO9jzHi_BQy2aFOqyIb5SSEpi_QgfU5z94oW6Unw&_nc_ad=z-m&_nc_cid=0&_nc_zt=23&_nc_ht=instagram.fadl5-1.fna&_nc_gid=zss7cGQMVjPM9PMJWPayKQ&_nc_ss=7a22e&oh=00_AQH6uxTgwUTWP_uXSgSbjVJi8nei0-SRcac-_DjyWODW4Q&oe=6A96812E,https://www.instagram.com/p/DcivkuqOXSF/
Bom Jesus Primavera do Leste 🛒,Limpeza / Cuidados com a Casa,Detergente em Pó Tixan Ypê 2.2kg,27.99,27/08/2026,https://instagram.fadl5-1.fna.fbcdn.net/v/t51.82787-15/787993259_18374687005237813_4471412213431393234_n.jpg?stp=dst-jpg_e35_tt6&_nc_cat=103&ig_cache_key=Mzk3Mjk0NzA1MzQ4MTkxNTUyNQ%3D%3D.3-ccb7-5&ccb=7-5&_nc_sid=58cdad&efg=eyJ2ZW5jb2RlX3RhZyI6IkZFRUQueHBpZHMuMTM1MC5zZHIucmVndWxhcl9waG90by5DMyJ9&_nc_ohc=TDgSfUoaAVwQ7kNvwEpJglj&_nc_oc=Adqu2KqnSf50G7TDxOquJ2uamr8oO9jzHi_BQy2aFOqyIb5SSEpi_QgfU5z94oW6Unw&_nc_ad=z-m&_nc_cid=0&_nc_zt=23&_nc_ht=instagram.fadl5-1.fna&_nc_gid=zss7cGQMVjPM9PMJWPayKQ&_nc_ss=7a22e&oh=00_AQH6uxTgwUTWP_uXSgSbjVJi8nei0-SRcac-_DjyWODW4Q&oe=6A96812E,https://www.instagram.com/p/DcivkuqOXSF/
SUPERMERCADO PARANAENSE,Limpeza / Lavanderia e Louça,Esponja de Aço Assolan 45g,1.89,24/08/2026,https://instagram.ffuk1-1.fna.fbcdn.net/v/t51.82787-15/786158033_17906990622496981_4554436689859059284_n.jpg?stp=dst-jpg_e35_tt6&_nc_cat=108&ig_cache_key=Mzk3MDc1Nzk3MTU2NDU0MjYxMQ%3D%3D.3-ccb7-5&ccb=7-5&_nc_sid=58cdad&efg=eyJ2ZW5jb2RlX3RhZyI6IkZFRUQueHBpZHMuMTM1MC5zZHIucmVndWxhcl9waG90by5DMyJ9&_nc_ohc=e8Edeo1LUSMQ7kNvwFDrBk2&_nc_oc=Adqzn6Bjmkdn0CVNHW8fWR-x4q2Jm9LyztIwrb1H_55ZiqTojaLtlvOKaXN5oVtaKDvrLYbvHsicZly3O1fwIZds&_nc_ad=z-m&_nc_cid=1700&_nc_zt=23&_nc_ht=instagram.ffuk1-1.fna&_nc_gid=oyc2vinubaI_F8oMEOxmWA&_nc_ss=7a22e&oh=00_AQFkRP_MezZhrd5PQXMlDm3GIkauDG_EplHb2Vb0e8p3tQ&oe=6A965F8B,https://www.instagram.com/p/Dca91ZQJ7qT/
Supermercado Tuiuiú,Limpeza / Lavanderia e Louça,Detergente Líquido Zupp 500ml,1.99,26/08/2026,https://instagram.fqpa2-1.fna.fbcdn.net/v/t51.82787-15/786656678_18581502151067900_8490347803628786235_n.jpg?stp=dst-jpg_e35_tt6&_nc_cat=106&ig_cache_key=Mzk3MjE4ODA0MDI2NTAzODUyMQ%3D%3D.3-ccb7-5&ccb=7-5&_nc_sid=58cdad&efg=eyJ2ZW5jb2RlX3RhZyI6IkNBUk9VU0VMX0lURU0ueHBpZHMuMTA4MC5zZHIucmVndWxhcl9waG90by5DMyJ9&_nc_ohc=EcdOnVlttmoQ7kNvwH70PlI&_nc_oc=Ado82ixek600vX3hfhL5KCdBOomq0p34CYASZrMbpFkNDU8Rn2ZRizO3W36sjpTqpT0&_nc_ad=z-m&_nc_cid=1007&_nc_zt=23&_nc_ht=instagram.fqpa2-1.fna&_nc_gid=i0WVNSltBBtBZMld_QiciA&_nc_ss=7a22e&oh=00_AQFs12_u1-T868CKgrHhWNAaA-ZCp9unoHS_lu79usCNaA&oe=6A966AED,https://www.instagram.com/p/DcgDAMGj_Dr/
Bom Jesus Primavera do Leste 🛒,Limpeza / Lavanderia e Louça,Lava Roupas Líquido Omo Ciclo Rápido 750ml,15.99,27/08/2026,https://instagram.fadl5-1.fna.fbcdn.net/v/t51.82787-15/787993259_18374687005237813_4471412213431393234_n.jpg?stp=dst-jpg_e35_tt6&_nc_cat=103&ig_cache_key=Mzk3Mjk0NzA1MzQ4MTkxNTUyNQ%3D%3D.3-ccb7-5&ccb=7-5&_nc_sid=58cdad&efg=eyJ2ZW5jb2RlX3RhZyI6IkZFRUQueHBpZHMuMTM1MC5zZHIucmVndWxhcl9waG90by5DMyJ9&_nc_ohc=TDgSfUoaAVwQ7kNvwEpJglj&_nc_oc=Adqu2KqnSf50G7TDxOquJ2uamr8oO9jzHi_BQy2aFOqyIb5SSEpi_QgfU5z94oW6Unw&_nc_ad=z-m&_nc_cid=0&_nc_zt=23&_nc_ht=instagram.fadl5-1.fna&_nc_gid=zss7cGQMVjPM9PMJWPayKQ&_nc_ss=7a22e&oh=00_AQH6uxTgwUTWP_uXSgSbjVJi8nei0-SRcac-_DjyWODW4Q&oe=6A96812E,https://www.instagram.com/p/DcivkuqOXSF/
Supermercado Tuiuiú,Limpeza / Lavanderia e Louça,Sabão em Pó Tixan 1.6kg,18.99,26/08/2026,https://instagram.fqpa2-1.fna.fbcdn.net/v/t51.82787-15/786656678_18581502151067900_8490347803628786235_n.jpg?stp=dst-jpg_e35_tt6&_nc_cat=106&ig_cache_key=Mzk3MjE4ODA0MDI2NTAzODUyMQ%3D%3D.3-ccb7-5&ccb=7-5&_nc_sid=58cdad&efg=eyJ2ZW5jb2RlX3RhZyI6IkNBUk9VU0VMX0lURU0ueHBpZHMuMTA4MC5zZHIucmVndWxhcl9waG90by5DMyJ9&_nc_ohc=EcdOnVlttmoQ7kNvwH70PlI&_nc_oc=Ado82ixek600vX3hfhL5KCdBOomq0p34CYASZrMbpFkNDU8Rn2ZRizO3W36sjpTqpT0&_nc_ad=z-m&_nc_cid=1007&_nc_zt=23&_nc_ht=instagram.fqpa2-1.fna&_nc_gid=i0WVNSltBBtBZMld_QiciA&_nc_ss=7a22e&oh=00_AQFs12_u1-T868CKgrHhWNAaA-ZCp9unoHS_lu79usCNaA&oe=6A966AED,https://www.instagram.com/p/DcgDAMGj_Dr/
Super Compras Supermercado,Limpeza / Lavanderia e Louça,Sabão em Pó Ace 4kg,25.99,27/08/2026,https://scontent-ams2-1.cdninstagram.com/v/t51.82787-15/788172202_18192669184391764_5816935157600731829_n.jpg?stp=dst-jpg_e35_tt6&_nc_cat=102&ig_cache_key=Mzk3MjU2Mjg0NTk4OTQwNjA0Mw%3D%3D.3-ccb7-5&ccb=7-5&_nc_sid=58cdad&efg=eyJ2ZW5jb2RlX3RhZyI6IkZFRUQueHBpZHMuMTQ0MC5zZHIucmVndWxhcl9waG90by5DMyJ9&_nc_ohc=6V6MUSXxtWEQ7kNvwEiX9Iy&_nc_oc=AdrQCKzt2IP-ocFF-FbaYs3Q4kwNC6iyh3WBRnpuYUxZJFYGurB5QVHUAv2UKzzbNhLZr8L5iiVMZ__Z0GwnMa4v&_nc_ad=z-m&_nc_cid=0&_nc_zt=23&_nc_ht=scontent-ams2-1.cdninstagram.com&_nc_gid=_6Bjz1Qe-apFUvGe8-R7zg&_nc_ss=7a22e&oh=00_AQHDedMdFifYxvYbiz35fID0ZSN6roivKw5gK-ObWEzJCw&oe=6A9672A8,https://www.instagram.com/p/DchYNxjHQVb/
Supermercado Tuiuiú,Mercearia / Arroz,Arroz São João 5kg,17.99,26/08/2026,https://instagram.fqpa2-1.fna.fbcdn.net/v/t51.82787-15/786993107_18581502097067900_268524009214221357_n.jpg?stp=dst-jpg_e35_tt6&_nc_cat=109&ig_cache_key=Mzk3MjE4Nzk3NTM1Mzk5Mzk0OA%3D%3D.3-ccb7-5&ccb=7-5&_nc_sid=58cdad&efg=eyJ2ZW5jb2RlX3RhZyI6IkNBUk9VU0VMX0lURU0ueHBpZHMuMTA4MC5zZHIucmVndWxhcl9waG90by5DMyJ9&_nc_ohc=K-lwQ6xVRL8Q7kNvwGfqk3V&_nc_oc=AdpGHzUvaPDhMW59etPUc1vg5VvBJuYrIeO4BmT9jxqgMtZI_lE5RS-OK4yGhpvtjcg&_nc_ad=z-m&_nc_cid=1007&_nc_zt=23&_nc_ht=instagram.fqpa2-1.fna&_nc_gid=i0WVNSltBBtBZMld_QiciA&_nc_ss=7a22e&oh=00_AQGhKWSf3lHdt-BATc5xgY0WHy3k_oX2Z7Rtvds16cPhuQ&oe=6A96783A,https://www.instagram.com/p/DcgDAMGj_Dr/
Supermercado Tuiuiú,Mercearia / Açúcar,Açúcar Doce Dia 2kg,4.39,26/08/2026,https://instagram.fqpa2-1.fna.fbcdn.net/v/t51.82787-15/786993107_18581502097067900_268524009214221357_n.jpg?stp=dst-jpg_e35_tt6&_nc_cat=109&ig_cache_key=Mzk3MjE4Nzk3NTM1Mzk5Mzk0OA%3D%3D.3-ccb7-5&ccb=7-5&_nc_sid=58cdad&efg=eyJ2ZW5jb2RlX3RhZyI6IkNBUk9VU0VMX0lURU0ueHBpZHMuMTA4MC5zZHIucmVndWxhcl9waG90by5DMyJ9&_nc_ohc=K-lwQ6xVRL8Q7kNvwGfqk3V&_nc_oc=AdpGHzUvaPDhMW59etPUc1vg5VvBJuYrIeO4BmT9jxqgMtZI_lE5RS-OK4yGhpvtjcg&_nc_ad=z-m&_nc_cid=1007&_nc_zt=23&_nc_ht=instagram.fqpa2-1.fna&_nc_gid=i0WVNSltBBtBZMld_QiciA&_nc_ss=7a22e&oh=00_AQGhKWSf3lHdt-BATc5xgY0WHy3k_oX2Z7Rtvds16cPhuQ&oe=6A96783A,https://www.instagram.com/p/DcgDAMGj_Dr/
Supermercado Tuiuiú,Mercearia / Biscoitos e Doces,Biscoito Show Gol 76g,0.99,26/08/2026,https://scontent-muc2-1.cdninstagram.com/v/t51.82787-15/786993044_18581670784067900_4451038722088372453_n.jpg?stp=dst-jpg_e35_tt6&_nc_cat=106&ig_cache_key=Mzk3MjU4MDU3NDQ4MDgyOTk0OQ%3D%3D.3-ccb7-5&ccb=7-5&_nc_sid=58cdad&efg=eyJ2ZW5jb2RlX3RhZyI6IkNBUk9VU0VMX0lURU0ueHBpZHMuMTA4MC5zZHIucmVndWxhcl9waG90by5DMyJ9&_nc_ohc=LMIY6vyvLpAQ7kNvwFzRZDa&_nc_oc=AdpnLYuz2zP3KEo9yE4Ckx3JontOm9ijObSBcYFUkYCV_U8owjFPlxcKpzBJ04C_tES90tOjidDM9ON6x_rxBt99&_nc_ad=z-m&_nc_cid=1088&_nc_zt=23&_nc_ht=scontent-muc2-1.cdninstagram.com&_nc_gid=wq5LuXijk1jgdzQyiugWpw&_nc_ss=7a22e&oh=00_AQGidPGwWB3qvA3LHMWb_KOSttWUBKWO15Wrb_dDPdYJ8Q&oe=6A965291,https://www.instagram.com/p/DchcQH5DdVj/
Supermercado Tuiuiú,Mercearia / Biscoitos e Doces,Biscoito Mousse Zabet 130g,2.39,26/08/2026,https://instagram.fqpa2-1.fna.fbcdn.net/v/t51.82787-15/786212952_18581502124067900_5975145042866561341_n.jpg?stp=dst-jpg_e35_tt6&_nc_cat=106&ig_cache_key=Mzk3MjE4ODAxMDAwNzY0NzI2Nw%3D%3D.3-ccb7-5&ccb=7-5&_nc_sid=58cdad&efg=eyJ2ZW5jb2RlX3RhZyI6IkNBUk9VU0VMX0lURU0ueHBpZHMuMTA4MC5zZHIucmVndWxhcl9waG90by5DMyJ9&_nc_ohc=CgyVTuZAOawQ7kNvwHb1DJI&_nc_oc=AdoYfUdYRo6kmZkbOQDYTJfK2se0jNv6Cr9iFr4FmXy6ugLPifkO8lz405kN6GaqpoM&_nc_ad=z-m&_nc_cid=1007&_nc_zt=23&_nc_ht=instagram.fqpa2-1.fna&_nc_gid=i0WVNSltBBtBZMld_QiciA&_nc_ss=7a22e&oh=00_AQGbe2prVq0TPzQK0Nvez0MjMe0G6l5nJQB3WnzPiI4STw&oe=6A9679D1,https://www.instagram.com/p/DcgDAMGj_Dr/
Super Compras Supermercado,Mercearia / Biscoitos e Doces,Biscoito Wafer Belma 90g,2.49,27/08/2026,https://scontent-ams2-1.cdninstagram.com/v/t51.82787-15/788172202_18192669184391764_5816935157600731829_n.jpg?stp=dst-jpg_e35_tt6&_nc_cat=102&ig_cache_key=Mzk3MjU2Mjg0NTk4OTQwNjA0Mw%3D%3D.3-ccb7-5&ccb=7-5&_nc_sid=58cdad&efg=eyJ2ZW5jb2RlX3RhZyI6IkZFRUQueHBpZHMuMTQ0MC5zZHIucmVndWxhcl9waG90by5DMyJ9&_nc_ohc=6V6MUSXxtWEQ7kNvwEiX9Iy&_nc_oc=AdrQCKzt2IP-ocFF-FbaYs3Q4kwNC6iyh3WBRnpuYUxZJFYGurB5QVHUAv2UKzzbNhLZr8L5iiVMZ__Z0GwnMa4v&_nc_ad=z-m&_nc_cid=0&_nc_zt=23&_nc_ht=scontent-ams2-1.cdninstagram.com&_nc_gid=_6Bjz1Qe-apFUvGe8-R7zg&_nc_ss=7a22e&oh=00_AQHDedMdFifYxvYbiz35fID0ZSN6roivKw5gK-ObWEzJCw&oe=6A9672A8,https://www.instagram.com/p/DchYNxjHQVb/
Machadão Atacadista,Mercearia / Biscoitos e Doces,Biscoito Quero Quero 300g,5.99,27/08/2026,https://instagram.fyto2-1.fna.fbcdn.net/v/t39.30808-6/787798079_1360550486164909_1488167338527184913_n.jpg?stp=dst-jpg_e35_tt6&_nc_cat=107&ig_cache_key=Mzk3MzE1NjQ3MjAzMzA0ODEyMg%3D%3D.3-ccb7-5&ccb=7-5&_nc_sid=58cdad&efg=eyJ2ZW5jb2RlX3RhZyI6IkNBUk9VU0VMX0lURU0ueHBpZHMuMTYzOC5zZHIucmVndWxhcl9waG90by5DMyJ9&_nc_ohc=_YSRXBR_xEAQ7kNvwGz-Jto&_nc_oc=AdpLlJzkYRevw0CSLWuqB-KI2jK2tnW7KUxNYwMqDutU8aJJamvN2PScwwK8KVSNNW0&_nc_ad=z-m&_nc_cid=0&_nc_zt=23&_nc_ht=instagram.fyto2-1.fna&_nc_gid=IXal9zDDXfZ0GyqCGxQXgg&_nc_ss=7a22e&oh=00_AQFOWvfPu9eQQSbEeGxpEzc_ICisAWZEBaBd3B4eIkUSZg&oe=6A966BD5,https://www.instagram.com/p/DcjfMcbkgCV/
Machadão Atacadista,Mercearia / Biscoitos e Doces,Biscoito Quero Quero 300g,5.99,27/08/2026,https://instagram.fyto2-1.fna.fbcdn.net/v/t39.30808-6/787104328_1360550532831571_2281243341389434448_n.jpg?stp=dst-jpg_e35_tt6&_nc_cat=100&ig_cache_key=Mzk3MzE1NjQ3MTc1NjIxMzA2MQ%3D%3D.3-ccb7-5&ccb=7-5&_nc_sid=58cdad&efg=eyJ2ZW5jb2RlX3RhZyI6IkNBUk9VU0VMX0lURU0ueHBpZHMuMTYzOC5zZHIucmVndWxhcl9waG90by5DMyJ9&_nc_ohc=Y9MsBJNTALEQ7kNvwGWInLu&_nc_oc=AdpddtOg1iPztqTH7eT-YWFaB54UHVZOR9Da1l8Mt7vhLBC-6BjRzHEH7wd_T0diJ_k&_nc_ad=z-m&_nc_cid=0&_nc_zt=23&_nc_ht=instagram.fyto2-1.fna&_nc_gid=IXal9zDDXfZ0GyqCGxQXgg&_nc_ss=7a22e&oh=00_AQG49cO8fhv8rCMyE6ScwuXA1ai2xKhoND925OUDpDHoLQ&oe=6A967010,https://www.instagram.com/p/DcjfMcbkgCV/
Machadão Atacadista,Mercearia / Biscoitos e Doces,Bala Icekiss 500g,7.99,27/08/2026,https://instagram.fyto2-1.fna.fbcdn.net/v/t39.30808-6/787798079_1360550486164909_1488167338527184913_n.jpg?stp=dst-jpg_e35_tt6&_nc_cat=107&ig_cache_key=Mzk3MzE1NjQ3MjAzMzA0ODEyMg%3D%3D.3-ccb7-5&ccb=7-5&_nc_sid=58cdad&efg=eyJ2ZW5jb2RlX3RhZyI6IkNBUk9VU0VMX0lURU0ueHBpZHMuMTYzOC5zZHIucmVndWxhcl9waG90by5DMyJ9&_nc_ohc=_YSRXBR_xEAQ7kNvwGz-Jto&_nc_oc=AdpLlJzkYRevw0CSLWuqB-KI2jK2tnW7KUxNYwMqDutU8aJJamvN2PScwwK8KVSNNW0&_nc_ad=z-m&_nc_cid=0&_nc_zt=23&_nc_ht=instagram.fyto2-1.fna&_nc_gid=IXal9zDDXfZ0GyqCGxQXgg&_nc_ss=7a22e&oh=00_AQFOWvfPu9eQQSbEeGxpEzc_ICisAWZEBaBd3B4eIkUSZg&oe=6A966BD5,https://www.instagram.com/p/DcjfMcbkgCV/
Machadão Atacadista,Mercearia / Biscoitos e Doces,Bala Icekiss 500g,7.99,27/08/2026,https://instagram.fyto2-1.fna.fbcdn.net/v/t39.30808-6/787104328_1360550532831571_2281243341389434448_n.jpg?stp=dst-jpg_e35_tt6&_nc_cat=100&ig_cache_key=Mzk3MzE1NjQ3MTc1NjIxMzA2MQ%3D%3D.3-ccb7-5&ccb=7-5&_nc_sid=58cdad&efg=eyJ2ZW5jb2RlX3RhZyI6IkNBUk9VU0VMX0lURU0ueHBpZHMuMTYzOC5zZHIucmVndWxhcl9waG90by5DMyJ9&_nc_ohc=Y9MsBJNTALEQ7kNvwGWInLu&_nc_oc=AdpddtOg1iPztqTH7eT-YWFaB54UHVZOR9Da1l8Mt7vhLBC-6BjRzHEH7wd_T0diJ_k&_nc_ad=z-m&_nc_cid=0&_nc_zt=23&_nc_ht=instagram.fyto2-1.fna&_nc_gid=IXal9zDDXfZ0GyqCGxQXgg&_nc_ss=7a22e&oh=00_AQG49cO8fhv8rCMyE6ScwuXA1ai2xKhoND925OUDpDHoLQ&oe=6A967010,https://www.instagram.com/p/DcjfMcbkgCV/
Supermercado Tuiuiú,Mercearia / Biscoitos e Doces,Nescau 370g,9.99,26/08/2026,https://scontent-muc2-1.cdninstagram.com/v/t51.82787-15/782208226_18581670763067900_4505279802407067664_n.jpg?stp=dst-jpg_e35_tt6&_nc_cat=101&ig_cache_key=Mzk3MjU4MDUzNjU2NDQyMTcwOQ%3D%3D.3-ccb7-5&ccb=7-5&_nc_sid=58cdad&efg=eyJ2ZW5jb2RlX3RhZyI6IkNBUk9VU0VMX0lURU0ueHBpZHMuMTA4MC5zZHIucmVndWxhcl9waG90by5DMyJ9&_nc_ohc=r3oFMSDFP4cQ7kNvwG9Ys90&_nc_oc=AdoC42xnlWixiFBnGTixoIoSuINXbUH7HVIiNflpXrqsxMMsZ1amfBnwQP8JJ6V6Hvz6WXBSqMA6dxY82d9H_hvt&_nc_ad=z-m&_nc_cid=1088&_nc_zt=23&_nc_ht=scontent-muc2-1.cdninstagram.com&_nc_gid=wq5LuXijk1jgdzQyiugWpw&_nc_ss=7a22e&oh=00_AQHf_fl8KlU8yVIrGBu0ZZMZ0BwlmD5m-SCHFN7zxQiZVw&oe=6A966CA3,https://www.instagram.com/p/DchcQH5DdVj/
Ramin Supermercado,Mercearia / Biscoitos e Doces,Biscoito Infantil Biscotti Papapá 60g,11.19,25/08/2026,https://instagram.fagp5-1.fna.fbcdn.net/v/t51.82787-15/782413347_18423080377199090_2820046938058952728_n.jpg?stp=dst-jpg_e15_tt6&_nc_cat=105&ig_cache_key=Mzk3MTc0NDk1NjY5MzEzNzA5MzE4NDIzMDgwMzcxMTk5MDkw.3-ccb7-5&ccb=7-5&_nc_sid=58cdad&efg=eyJ2ZW5jb2RlX3RhZyI6IkNMSVBTLnhwaWRzLjcyMC5zZHIudmlkZW9fZGVmYXVsdF9jb3Zlcl9mcmFtZS5DMyJ9&_nc_ohc=1YNXWGkVTegQ7kNvwFnGD1y&_nc_oc=Adqb-3k5FKK6WzXHVpCZ5gBoXBtn1gyQvQHQG9sMCMBgLMwbRjl9F2VhpR0XM09tP0M&_nc_ad=z-m&_nc_cid=0&_nc_zt=23&_nc_ht=instagram.fagp5-1.fna&_nc_gid=3UEsjUfFydbfqZH2bgBZbA&_nc_ss=7a22e&oh=00_AQELzl4FrEMFD6d-zrVLwdU5dqNZXYf9Tk1UmsEmM7DyOQ&oe=6A965A2B,https://www.instagram.com/p/DceeP6yJMbF/
Supermercado Tuiuiú,Mercearia / Café,Café Aroma 250g,9.99,26/08/2026,https://instagram.fqpa2-1.fna.fbcdn.net/v/t51.82787-15/786993107_18581502097067900_268524009214221357_n.jpg?stp=dst-jpg_e35_tt6&_nc_cat=109&ig_cache_key=Mzk3MjE4Nzk3NTM1Mzk5Mzk0OA%3D%3D.3-ccb7-5&ccb=7-5&_nc_sid=58cdad&efg=eyJ2ZW5jb2RlX3RhZyI6IkNBUk9VU0VMX0lURU0ueHBpZHMuMTA4MC5zZHIucmVndWxhcl9waG90by5DMyJ9&_nc_ohc=K-lwQ6xVRL8Q7kNvwGfqk3V&_nc_oc=AdpGHzUvaPDhMW59etPUc1vg5VvBJuYrIeO4BmT9jxqgMtZI_lE5RS-OK4yGhpvtjcg&_nc_ad=z-m&_nc_cid=1007&_nc_zt=23&_nc_ht=instagram.fqpa2-1.fna&_nc_gid=i0WVNSltBBtBZMld_QiciA&_nc_ss=7a22e&oh=00_AQGhKWSf3lHdt-BATc5xgY0WHy3k_oX2Z7Rtvds16cPhuQ&oe=6A96783A,https://www.instagram.com/p/DcgDAMGj_Dr/
Machadão Atacadista,Mercearia / Café,Café Sinop 1kg,28.9,27/08/2026,https://instagram.fyto2-1.fna.fbcdn.net/v/t39.30808-6/787798079_1360550486164909_1488167338527184913_n.jpg?stp=dst-jpg_e35_tt6&_nc_cat=107&ig_cache_key=Mzk3MzE1NjQ3MjAzMzA0ODEyMg%3D%3D.3-ccb7-5&ccb=7-5&_nc_sid=58cdad&efg=eyJ2ZW5jb2RlX3RhZyI6IkNBUk9VU0VMX0lURU0ueHBpZHMuMTYzOC5zZHIucmVndWxhcl9waG90by5DMyJ9&_nc_ohc=_YSRXBR_xEAQ7kNvwGz-Jto&_nc_oc=AdpLlJzkYRevw0CSLWuqB-KI2jK2tnW7KUxNYwMqDutU8aJJamvN2PScwwK8KVSNNW0&_nc_ad=z-m&_nc_cid=0&_nc_zt=23&_nc_ht=instagram.fyto2-1.fna&_nc_gid=IXal9zDDXfZ0GyqCGxQXgg&_nc_ss=7a22e&oh=00_AQFOWvfPu9eQQSbEeGxpEzc_ICisAWZEBaBd3B4eIkUSZg&oe=6A966BD5,https://www.instagram.com/p/DcjfMcbkgCV/
Machadão Atacadista,Mercearia / Café,Café Sinop 500g,28.9,27/08/2026,https://instagram.fyto2-1.fna.fbcdn.net/v/t39.30808-6/787104328_1360550532831571_2281243341389434448_n.jpg?stp=dst-jpg_e35_tt6&_nc_cat=100&ig_cache_key=Mzk3MzE1NjQ3MTc1NjIxMzA2MQ%3D%3D.3-ccb7-5&ccb=7-5&_nc_sid=58cdad&efg=eyJ2ZW5jb2RlX3RhZyI6IkNBUk9VU0VMX0lURU0ueHBpZHMuMTYzOC5zZHIucmVndWxhcl9waG90by5DMyJ9&_nc_ohc=Y9MsBJNTALEQ7kNvwGWInLu&_nc_oc=AdpddtOg1iPztqTH7eT-YWFaB54UHVZOR9Da1l8Mt7vhLBC-6BjRzHEH7wd_T0diJ_k&_nc_ad=z-m&_nc_cid=0&_nc_zt=23&_nc_ht=instagram.fyto2-1.fna&_nc_gid=IXal9zDDXfZ0GyqCGxQXgg&_nc_ss=7a22e&oh=00_AQG49cO8fhv8rCMyE6ScwuXA1ai2xKhoND925OUDpDHoLQ&oe=6A967010,https://www.instagram.com/p/DcjfMcbkgCV/
Machadão Atacadista,Mercearia / Farináceos,Macarrão Espaguete Vitoriosa 400g,2.39,27/08/2026,https://instagram.fyto2-1.fna.fbcdn.net/v/t39.30808-6/787798079_1360550486164909_1488167338527184913_n.jpg?stp=dst-jpg_e35_tt6&_nc_cat=107&ig_cache_key=Mzk3MzE1NjQ3MjAzMzA0ODEyMg%3D%3D.3-ccb7-5&ccb=7-5&_nc_sid=58cdad&efg=eyJ2ZW5jb2RlX3RhZyI6IkNBUk9VU0VMX0lURU0ueHBpZHMuMTYzOC5zZHIucmVndWxhcl9waG90by5DMyJ9&_nc_ohc=_YSRXBR_xEAQ7kNvwGz-Jto&_nc_oc=AdpLlJzkYRevw0CSLWuqB-KI2jK2tnW7KUxNYwMqDutU8aJJamvN2PScwwK8KVSNNW0&_nc_ad=z-m&_nc_cid=0&_nc_zt=23&_nc_ht=instagram.fyto2-1.fna&_nc_gid=IXal9zDDXfZ0GyqCGxQXgg&_nc_ss=7a22e&oh=00_AQFOWvfPu9eQQSbEeGxpEzc_ICisAWZEBaBd3B4eIkUSZg&oe=6A966BD5,https://www.instagram.com/p/DcjfMcbkgCV/
Machadão Atacadista,Mercearia / Farináceos,Macarrão Espaguete Vitoriosa 400g,2.39,27/08/2026,https://instagram.fyto2-1.fna.fbcdn.net/v/t39.30808-6/787104328_1360550532831571_2281243341389434448_n.jpg?stp=dst-jpg_e35_tt6&_nc_cat=100&ig_cache_key=Mzk3MzE1NjQ3MTc1NjIxMzA2MQ%3D%3D.3-ccb7-5&ccb=7-5&_nc_sid=58cdad&efg=eyJ2ZW5jb2RlX3RhZyI6IkNBUk9VU0VMX0lURU0ueHBpZHMuMTYzOC5zZHIucmVndWxhcl9waG90by5DMyJ9&_nc_ohc=Y9MsBJNTALEQ7kNvwGWInLu&_nc_oc=AdpddtOg1iPztqTH7eT-YWFaB54UHVZOR9Da1l8Mt7vhLBC-6BjRzHEH7wd_T0diJ_k&_nc_ad=z-m&_nc_cid=0&_nc_zt=23&_nc_ht=instagram.fyto2-1.fna&_nc_gid=IXal9zDDXfZ0GyqCGxQXgg&_nc_ss=7a22e&oh=00_AQG49cO8fhv8rCMyE6ScwuXA1ai2xKhoND925OUDpDHoLQ&oe=6A967010,https://www.instagram.com/p/DcjfMcbkgCV/
Supermercado Tuiuiú,Mercearia / Farináceos,Farinha de Trigo Globo 1kg,3.89,26/08/2026,https://instagram.fqpa2-1.fna.fbcdn.net/v/t51.82787-15/786993107_18581502097067900_268524009214221357_n.jpg?stp=dst-jpg_e35_tt6&_nc_cat=109&ig_cache_key=Mzk3MjE4Nzk3NTM1Mzk5Mzk0OA%3D%3D.3-ccb7-5&ccb=7-5&_nc_sid=58cdad&efg=eyJ2ZW5jb2RlX3RhZyI6IkNBUk9VU0VMX0lURU0ueHBpZHMuMTA4MC5zZHIucmVndWxhcl9waG90by5DMyJ9&_nc_ohc=K-lwQ6xVRL8Q7kNvwGfqk3V&_nc_oc=AdpGHzUvaPDhMW59etPUc1vg5VvBJuYrIeO4BmT9jxqgMtZI_lE5RS-OK4yGhpvtjcg&_nc_ad=z-m&_nc_cid=1007&_nc_zt=23&_nc_ht=instagram.fqpa2-1.fna&_nc_gid=i0WVNSltBBtBZMld_QiciA&_nc_ss=7a22e&oh=00_AQGhKWSf3lHdt-BATc5xgY0WHy3k_oX2Z7Rtvds16cPhuQ&oe=6A96783A,https://www.instagram.com/p/DcgDAMGj_Dr/
Supermercado Tuiuiú,Mercearia / Farináceos,Tapioca Amafil 500g,4.99,26/08/2026,https://scontent-muc2-1.cdninstagram.com/v/t51.82787-15/782208226_18581670763067900_4505279802407067664_n.jpg?stp=dst-jpg_e35_tt6&_nc_cat=101&ig_cache_key=Mzk3MjU4MDUzNjU2NDQyMTcwOQ%3D%3D.3-ccb7-5&ccb=7-5&_nc_sid=58cdad&efg=eyJ2ZW5jb2RlX3RhZyI6IkNBUk9VU0VMX0lURU0ueHBpZHMuMTA4MC5zZHIucmVndWxhcl9waG90by5DMyJ9&_nc_ohc=r3oFMSDFP4cQ7kNvwG9Ys90&_nc_oc=AdoC42xnlWixiFBnGTixoIoSuINXbUH7HVIiNflpXrqsxMMsZ1amfBnwQP8JJ6V6Hvz6WXBSqMA6dxY82d9H_hvt&_nc_ad=z-m&_nc_cid=1088&_nc_zt=23&_nc_ht=scontent-muc2-1.cdninstagram.com&_nc_gid=wq5LuXijk1jgdzQyiugWpw&_nc_ss=7a22e&oh=00_AQHf_fl8KlU8yVIrGBu0ZZMZ0BwlmD5m-SCHFN7zxQiZVw&oe=6A966CA3,https://www.instagram.com/p/DchcQH5DdVj/
Super Compras Supermercado,Mercearia / Farináceos,Tapioca Amafil 500g,4.99,27/08/2026,https://scontent-ams2-1.cdninstagram.com/v/t51.82787-15/788172202_18192669184391764_5816935157600731829_n.jpg?stp=dst-jpg_e35_tt6&_nc_cat=102&ig_cache_key=Mzk3MjU2Mjg0NTk4OTQwNjA0Mw%3D%3D.3-ccb7-5&ccb=7-5&_nc_sid=58cdad&efg=eyJ2ZW5jb2RlX3RhZyI6IkZFRUQueHBpZHMuMTQ0MC5zZHIucmVndWxhcl9waG90by5DMyJ9&_nc_ohc=6V6MUSXxtWEQ7kNvwEiX9Iy&_nc_oc=AdrQCKzt2IP-ocFF-FbaYs3Q4kwNC6iyh3WBRnpuYUxZJFYGurB5QVHUAv2UKzzbNhLZr8L5iiVMZ__Z0GwnMa4v&_nc_ad=z-m&_nc_cid=0&_nc_zt=23&_nc_ht=scontent-ams2-1.cdninstagram.com&_nc_gid=_6Bjz1Qe-apFUvGe8-R7zg&_nc_ss=7a22e&oh=00_AQHDedMdFifYxvYbiz35fID0ZSN6roivKw5gK-ObWEzJCw&oe=6A9672A8,https://www.instagram.com/p/DchYNxjHQVb/
Supermercado Tuiuiú,Mercearia / Farináceos,Farinha de Rosca kg,11.99,26/08/2026,https://scontent-muc2-1.cdninstagram.com/v/t51.82787-15/786213187_18581670739067900_7614859529006382993_n.jpg?stp=dst-jpg_e35_tt6&_nc_cat=105&ig_cache_key=Mzk3MjU4MDUwMTEzMDg5NTg1Ng%3D%3D.3-ccb7-5&ccb=7-5&_nc_sid=58cdad&efg=eyJ2ZW5jb2RlX3RhZyI6IkNBUk9VU0VMX0lURU0ueHBpZHMuMTA4MC5zZHIucmVndWxhcl9waG90by5DMyJ9&_nc_ohc=PKu5sCqaXh0Q7kNvwEZtR1F&_nc_oc=AdrXnq9-E_K9Ar0dU2z_3MTrPlViu9NeiIkkLyH1ovDDVgRakx0nMLgvofX44g9PCKQdYELhczrdPChbWwcfmlyE&_nc_ad=z-m&_nc_cid=1088&_nc_zt=23&_nc_ht=scontent-muc2-1.cdninstagram.com&_nc_gid=wq5LuXijk1jgdzQyiugWpw&_nc_ss=7a22e&oh=00_AQFP-keuWSslHivgVtK2a45M4wCXZwnVyjGnvVIAzWEO8Q&oe=6A96826B,https://www.instagram.com/p/DchcQH5DdVj/
Machadão Atacadista,Mercearia / Farináceos,Farinha de Trigo Venturelli 5kg,25.9,27/08/2026,https://instagram.fyto2-1.fna.fbcdn.net/v/t39.30808-6/787798079_1360550486164909_1488167338527184913_n.jpg?stp=dst-jpg_e35_tt6&_nc_cat=107&ig_cache_key=Mzk3MzE1NjQ3MjAzMzA0ODEyMg%3D%3D.3-ccb7-5&ccb=7-5&_nc_sid=58cdad&efg=eyJ2ZW5jb2RlX3RhZyI6IkNBUk9VU0VMX0lURU0ueHBpZHMuMTYzOC5zZHIucmVndWxhcl9waG90by5DMyJ9&_nc_ohc=_YSRXBR_xEAQ7kNvwGz-Jto&_nc_oc=AdpLlJzkYRevw0CSLWuqB-KI2jK2tnW7KUxNYwMqDutU8aJJamvN2PScwwK8KVSNNW0&_nc_ad=z-m&_nc_cid=0&_nc_zt=23&_nc_ht=instagram.fyto2-1.fna&_nc_gid=IXal9zDDXfZ0GyqCGxQXgg&_nc_ss=7a22e&oh=00_AQFOWvfPu9eQQSbEeGxpEzc_ICisAWZEBaBd3B4eIkUSZg&oe=6A966BD5,https://www.instagram.com/p/DcjfMcbkgCV/
Machadão Atacadista,Mercearia / Farináceos,Farinha de Trigo Venturelli 5kg,25.9,27/08/2026,https://instagram.fyto2-1.fna.fbcdn.net/v/t39.30808-6/787104328_1360550532831571_2281243341389434448_n.jpg?stp=dst-jpg_e35_tt6&_nc_cat=100&ig_cache_key=Mzk3MzE1NjQ3MTc1NjIxMzA2MQ%3D%3D.3-ccb7-5&ccb=7-5&_nc_sid=58cdad&efg=eyJ2ZW5jb2RlX3RhZyI6IkNBUk9VU0VMX0lURU0ueHBpZHMuMTYzOC5zZHIucmVndWxhcl9waG90by5DMyJ9&_nc_ohc=Y9MsBJNTALEQ7kNvwGWInLu&_nc_oc=AdpddtOg1iPztqTH7eT-YWFaB54UHVZOR9Da1l8Mt7vhLBC-6BjRzHEH7wd_T0diJ_k&_nc_ad=z-m&_nc_cid=0&_nc_zt=23&_nc_ht=instagram.fyto2-1.fna&_nc_gid=IXal9zDDXfZ0GyqCGxQXgg&_nc_ss=7a22e&oh=00_AQG49cO8fhv8rCMyE6ScwuXA1ai2xKhoND925OUDpDHoLQ&oe=6A967010,https://www.instagram.com/p/DcjfMcbkgCV/
Super Compras Supermercado,Mercearia / Grãos e Conservas,Milho Verde Quero 170g,3.99,21/08/2026,https://instagram.ftgz2-1.fna.fbcdn.net/v/t51.82787-15/780140079_18192045034391764_7683991793781918786_n.jpg?stp=dst-jpg_e35_tt6&_nc_cat=103&ig_cache_key=Mzk2ODIxODA0ODc2ODI1MjE2NA%3D%3D.3-ccb7-5&ccb=7-5&_nc_sid=58cdad&efg=eyJ2ZW5jb2RlX3RhZyI6IkZFRUQueHBpZHMuMTQ0MC5zZHIucmVndWxhcl9waG90by5DMyJ9&_nc_ohc=Su6wo4o_AAEQ7kNvwHKsvI3&_nc_oc=AdqHpQCsDBNaEZ5-X3EB8Zab-Osn52r0xSN9LEgOV7g7pquqHCd3QeJEZZEJGdA8DBdiiAxREbsS1CzcBJWTbAD1&_nc_ad=z-m&_nc_cid=0&_nc_zt=23&_nc_ht=instagram.ftgz2-1.fna&_nc_gid=oHv5kAUjL6YyUqpH14-hmg&_nc_ss=7a22e&oh=00_AQEbsXV5g3m3qWtjHn92eEIkWanBuU9SlaCt1suJ0gW0tA&oe=6A966A2E,https://www.instagram.com/p/DcR8Up0IBkE/
Super Compras Supermercado,Mercearia / Grãos e Conservas,Feijão Kumbuca 1kg,6.59,27/08/2026,https://scontent-ams2-1.cdninstagram.com/v/t51.82787-15/788172202_18192669184391764_5816935157600731829_n.jpg?stp=dst-jpg_e35_tt6&_nc_cat=102&ig_cache_key=Mzk3MjU2Mjg0NTk4OTQwNjA0Mw%3D%3D.3-ccb7-5&ccb=7-5&_nc_sid=58cdad&efg=eyJ2ZW5jb2RlX3RhZyI6IkZFRUQueHBpZHMuMTQ0MC5zZHIucmVndWxhcl9waG90by5DMyJ9&_nc_ohc=6V6MUSXxtWEQ7kNvwEiX9Iy&_nc_oc=AdrQCKzt2IP-ocFF-FbaYs3Q4kwNC6iyh3WBRnpuYUxZJFYGurB5QVHUAv2UKzzbNhLZr8L5iiVMZ__Z0GwnMa4v&_nc_ad=z-m&_nc_cid=0&_nc_zt=23&_nc_ht=scontent-ams2-1.cdninstagram.com&_nc_gid=_6Bjz1Qe-apFUvGe8-R7zg&_nc_ss=7a22e&oh=00_AQHDedMdFifYxvYbiz35fID0ZSN6roivKw5gK-ObWEzJCw&oe=6A9672A8,https://www.instagram.com/p/DchYNxjHQVb/
Supermercado Tuiuiú,Mercearia / Grãos e Conservas,Feijão Carioca Rei 1kg,6.99,26/08/2026,https://instagram.fqpa2-1.fna.fbcdn.net/v/t51.82787-15/786993107_18581502097067900_268524009214221357_n.jpg?stp=dst-jpg_e35_tt6&_nc_cat=109&ig_cache_key=Mzk3MjE4Nzk3NTM1Mzk5Mzk0OA%3D%3D.3-ccb7-5&ccb=7-5&_nc_sid=58cdad&efg=eyJ2ZW5jb2RlX3RhZyI6IkNBUk9VU0VMX0lURU0ueHBpZHMuMTA4MC5zZHIucmVndWxhcl9waG90by5DMyJ9&_nc_ohc=K-lwQ6xVRL8Q7kNvwGfqk3V&_nc_oc=AdpGHzUvaPDhMW59etPUc1vg5VvBJuYrIeO4BmT9jxqgMtZI_lE5RS-OK4yGhpvtjcg&_nc_ad=z-m&_nc_cid=1007&_nc_zt=23&_nc_ht=instagram.fqpa2-1.fna&_nc_gid=i0WVNSltBBtBZMld_QiciA&_nc_ss=7a22e&oh=00_AQGhKWSf3lHdt-BATc5xgY0WHy3k_oX2Z7Rtvds16cPhuQ&oe=6A96783A,https://www.instagram.com/p/DcgDAMGj_Dr/
Supermercado Tuiuiú,Mercearia / Massas,Macarrão Instantâneo Adoralle 80g,1.49,26/08/2026,https://instagram.fqpa2-1.fna.fbcdn.net/v/t51.82787-15/786212952_18581502124067900_5975145042866561341_n.jpg?stp=dst-jpg_e35_tt6&_nc_cat=106&ig_cache_key=Mzk3MjE4ODAxMDAwNzY0NzI2Nw%3D%3D.3-ccb7-5&ccb=7-5&_nc_sid=58cdad&efg=eyJ2ZW5jb2RlX3RhZyI6IkNBUk9VU0VMX0lURU0ueHBpZHMuMTA4MC5zZHIucmVndWxhcl9waG90by5DMyJ9&_nc_ohc=CgyVTuZAOawQ7kNvwHb1DJI&_nc_oc=AdoYfUdYRo6kmZkbOQDYTJfK2se0jNv6Cr9iFr4FmXy6ugLPifkO8lz405kN6GaqpoM&_nc_ad=z-m&_nc_cid=1007&_nc_zt=23&_nc_ht=instagram.fqpa2-1.fna&_nc_gid=i0WVNSltBBtBZMld_QiciA&_nc_ss=7a22e&oh=00_AQGbe2prVq0TPzQK0Nvez0MjMe0G6l5nJQB3WnzPiI4STw&oe=6A9679D1,https://www.instagram.com/p/DcgDAMGj_Dr/
Supermercado Tuiuiú,Mercearia / Massas,Macarrão Liane 500g,2.99,26/08/2026,https://instagram.fqpa2-1.fna.fbcdn.net/v/t51.82787-15/786212952_18581502124067900_5975145042866561341_n.jpg?stp=dst-jpg_e35_tt6&_nc_cat=106&ig_cache_key=Mzk3MjE4ODAxMDAwNzY0NzI2Nw%3D%3D.3-ccb7-5&ccb=7-5&_nc_sid=58cdad&efg=eyJ2ZW5jb2RlX3RhZyI6IkNBUk9VU0VMX0lURU0ueHBpZHMuMTA4MC5zZHIucmVndWxhcl9waG90by5DMyJ9&_nc_ohc=CgyVTuZAOawQ7kNvwHb1DJI&_nc_oc=AdoYfUdYRo6kmZkbOQDYTJfK2se0jNv6Cr9iFr4FmXy6ugLPifkO8lz405kN6GaqpoM&_nc_ad=z-m&_nc_cid=1007&_nc_zt=23&_nc_ht=instagram.fqpa2-1.fna&_nc_gid=i0WVNSltBBtBZMld_QiciA&_nc_ss=7a22e&oh=00_AQGbe2prVq0TPzQK0Nvez0MjMe0G6l5nJQB3WnzPiI4STw&oe=6A9679D1,https://www.instagram.com/p/DcgDAMGj_Dr/
Super Compras Supermercado,Mercearia / Massas,Macarrão Semolado Espaguete Galo 500g,3.39,21/08/2026,https://instagram.ftgz2-1.fna.fbcdn.net/v/t51.82787-15/780140079_18192045034391764_7683991793781918786_n.jpg?stp=dst-jpg_e35_tt6&_nc_cat=103&ig_cache_key=Mzk2ODIxODA0ODc2ODI1MjE2NA%3D%3D.3-ccb7-5&ccb=7-5&_nc_sid=58cdad&efg=eyJ2ZW5jb2RlX3RhZyI6IkZFRUQueHBpZHMuMTQ0MC5zZHIucmVndWxhcl9waG90by5DMyJ9&_nc_ohc=Su6wo4o_AAEQ7kNvwHKsvI3&_nc_oc=AdqHpQCsDBNaEZ5-X3EB8Zab-Osn52r0xSN9LEgOV7g7pquqHCd3QeJEZZEJGdA8DBdiiAxREbsS1CzcBJWTbAD1&_nc_ad=z-m&_nc_cid=0&_nc_zt=23&_nc_ht=instagram.ftgz2-1.fna&_nc_gid=oHv5kAUjL6YyUqpH14-hmg&_nc_ss=7a22e&oh=00_AQEbsXV5g3m3qWtjHn92eEIkWanBuU9SlaCt1suJ0gW0tA&oe=6A966A2E,https://www.instagram.com/p/DcR8Up0IBkE/
Ramin Supermercado,Mercearia / Massas,Macarrão Infantil Papa Pasta Papapá 200g,12.55,25/08/2026,https://instagram.fagp5-1.fna.fbcdn.net/v/t51.82787-15/782413347_18423080377199090_2820046938058952728_n.jpg?stp=dst-jpg_e15_tt6&_nc_cat=105&ig_cache_key=Mzk3MTc0NDk1NjY5MzEzNzA5MzE4NDIzMDgwMzcxMTk5MDkw.3-ccb7-5&ccb=7-5&_nc_sid=58cdad&efg=eyJ2ZW5jb2RlX3RhZyI6IkNMSVBTLnhwaWRzLjcyMC5zZHIudmlkZW9fZGVmYXVsdF9jb3Zlcl9mcmFtZS5DMyJ9&_nc_ohc=1YNXWGkVTegQ7kNvwFnGD1y&_nc_oc=Adqb-3k5FKK6WzXHVpCZ5gBoXBtn1gyQvQHQG9sMCMBgLMwbRjl9F2VhpR0XM09tP0M&_nc_ad=z-m&_nc_cid=0&_nc_zt=23&_nc_ht=instagram.fagp5-1.fna&_nc_gid=3UEsjUfFydbfqZH2bgBZbA&_nc_ss=7a22e&oh=00_AQELzl4FrEMFD6d-zrVLwdU5dqNZXYf9Tk1UmsEmM7DyOQ&oe=6A965A2B,https://www.instagram.com/p/DceeP6yJMbF/
Machadão Atacadista,Mercearia / Molhos e Condimentos,Molho de Tomate Olé 300g,1.99,27/08/2026,https://instagram.fyto2-1.fna.fbcdn.net/v/t39.30808-6/787798079_1360550486164909_1488167338527184913_n.jpg?stp=dst-jpg_e35_tt6&_nc_cat=107&ig_cache_key=Mzk3MzE1NjQ3MjAzMzA0ODEyMg%3D%3D.3-ccb7-5&ccb=7-5&_nc_sid=58cdad&efg=eyJ2ZW5jb2RlX3RhZyI6IkNBUk9VU0VMX0lURU0ueHBpZHMuMTYzOC5zZHIucmVndWxhcl9waG90by5DMyJ9&_nc_ohc=_YSRXBR_xEAQ7kNvwGz-Jto&_nc_oc=AdpLlJzkYRevw0CSLWuqB-KI2jK2tnW7KUxNYwMqDutU8aJJamvN2PScwwK8KVSNNW0&_nc_ad=z-m&_nc_cid=0&_nc_zt=23&_nc_ht=instagram.fyto2-1.fna&_nc_gid=IXal9zDDXfZ0GyqCGxQXgg&_nc_ss=7a22e&oh=00_AQFOWvfPu9eQQSbEeGxpEzc_ICisAWZEBaBd3B4eIkUSZg&oe=6A966BD5,https://www.instagram.com/p/DcjfMcbkgCV/
Machadão Atacadista,Mercearia / Molhos e Condimentos,Molho de Tomate Olé 300g,1.99,27/08/2026,https://instagram.fyto2-1.fna.fbcdn.net/v/t39.30808-6/787104328_1360550532831571_2281243341389434448_n.jpg?stp=dst-jpg_e35_tt6&_nc_cat=100&ig_cache_key=Mzk3MzE1NjQ3MTc1NjIxMzA2MQ%3D%3D.3-ccb7-5&ccb=7-5&_nc_sid=58cdad&efg=eyJ2ZW5jb2RlX3RhZyI6IkNBUk9VU0VMX0lURU0ueHBpZHMuMTYzOC5zZHIucmVndWxhcl9waG90by5DMyJ9&_nc_ohc=Y9MsBJNTALEQ7kNvwGWInLu&_nc_oc=AdpddtOg1iPztqTH7eT-YWFaB54UHVZOR9Da1l8Mt7vhLBC-6BjRzHEH7wd_T0diJ_k&_nc_ad=z-m&_nc_cid=0&_nc_zt=23&_nc_ht=instagram.fyto2-1.fna&_nc_gid=IXal9zDDXfZ0GyqCGxQXgg&_nc_ss=7a22e&oh=00_AQG49cO8fhv8rCMyE6ScwuXA1ai2xKhoND925OUDpDHoLQ&oe=6A967010,https://www.instagram.com/p/DcjfMcbkgCV/
Bom Jesus Primavera do Leste 🛒,Mercearia / Óleos e Azeites,Batata Monalisa kg,3.99,24/08/2026,https://scontent-fra5-2.cdninstagram.com/v/t51.82787-15/780551083_18374239432237813_6720893505103105991_n.jpg?stp=dst-jpg_e35_tt6&_nc_cat=106&ig_cache_key=Mzk3MDc4NzgzMjYxOTg0ODE2Mw%3D%3D.3-ccb7-5&ccb=7-5&_nc_sid=58cdad&efg=eyJ2ZW5jb2RlX3RhZyI6IkNBUk9VU0VMX0lURU0ueHBpZHMuMTA4MC5zZHIucmVndWxhcl9waG90by5DMyJ9&_nc_ohc=myPGG8GAEqkQ7kNvwHLDn1l&_nc_oc=AdrjU5VMRBqsuXkwk4c0CVoFJJrfcHMHOvbiwEEFcun3p9p2hik2QEPKSkkENHmKztw&_nc_ad=z-m&_nc_cid=0&_nc_zt=23&_nc_ht=scontent-fra5-2.cdninstagram.com&_nc_gid=AvC9Q5d1SS9-m3_hZ18qNA&_nc_ss=7a22e&oh=00_AQEfQDvhG99ZAq90S9bBXXRlP1P2A7WTTAAQyJqxbjexoQ&oe=6A966904,https://www.instagram.com/p/DcbEo2aliuR/
Supermercado Tuiuiú,Mercearia / Óleos e Azeites,Óleo Liza 900ml,6.49,26/08/2026,https://instagram.fqpa2-1.fna.fbcdn.net/v/t51.82787-15/786993107_18581502097067900_268524009214221357_n.jpg?stp=dst-jpg_e35_tt6&_nc_cat=109&ig_cache_key=Mzk3MjE4Nzk3NTM1Mzk5Mzk0OA%3D%3D.3-ccb7-5&ccb=7-5&_nc_sid=58cdad&efg=eyJ2ZW5jb2RlX3RhZyI6IkNBUk9VU0VMX0lURU0ueHBpZHMuMTA4MC5zZHIucmVndWxhcl9waG90by5DMyJ9&_nc_ohc=K-lwQ6xVRL8Q7kNvwGfqk3V&_nc_oc=AdpGHzUvaPDhMW59etPUc1vg5VvBJuYrIeO4BmT9jxqgMtZI_lE5RS-OK4yGhpvtjcg&_nc_ad=z-m&_nc_cid=1007&_nc_zt=23&_nc_ht=instagram.fqpa2-1.fna&_nc_gid=i0WVNSltBBtBZMld_QiciA&_nc_ss=7a22e&oh=00_AQGhKWSf3lHdt-BATc5xgY0WHy3k_oX2Z7Rtvds16cPhuQ&oe=6A96783A,https://www.instagram.com/p/DcgDAMGj_Dr/
Super Compras Supermercado,Outros,Bolinho Bauducco 40g,1.99,27/08/2026,https://scontent-ams2-1.cdninstagram.com/v/t51.82787-15/788172202_18192669184391764_5816935157600731829_n.jpg?stp=dst-jpg_e35_tt6&_nc_cat=102&ig_cache_key=Mzk3MjU2Mjg0NTk4OTQwNjA0Mw%3D%3D.3-ccb7-5&ccb=7-5&_nc_sid=58cdad&efg=eyJ2ZW5jb2RlX3RhZyI6IkZFRUQueHBpZHMuMTQ0MC5zZHIucmVndWxhcl9waG90by5DMyJ9&_nc_ohc=6V6MUSXxtWEQ7kNvwEiX9Iy&_nc_oc=AdrQCKzt2IP-ocFF-FbaYs3Q4kwNC6iyh3WBRnpuYUxZJFYGurB5QVHUAv2UKzzbNhLZr8L5iiVMZ__Z0GwnMa4v&_nc_ad=z-m&_nc_cid=0&_nc_zt=23&_nc_ht=scontent-ams2-1.cdninstagram.com&_nc_gid=_6Bjz1Qe-apFUvGe8-R7zg&_nc_ss=7a22e&oh=00_AQHDedMdFifYxvYbiz35fID0ZSN6roivKw5gK-ObWEzJCw&oe=6A9672A8,https://www.instagram.com/p/DchYNxjHQVb/
Supermercado Tuiuiú,Outros,Tempero Mika 50g,2.39,26/08/2026,https://instagram.fqpa2-1.fna.fbcdn.net/v/t51.82787-15/786212952_18581502124067900_5975145042866561341_n.jpg?stp=dst-jpg_e35_tt6&_nc_cat=106&ig_cache_key=Mzk3MjE4ODAxMDAwNzY0NzI2Nw%3D%3D.3-ccb7-5&ccb=7-5&_nc_sid=58cdad&efg=eyJ2ZW5jb2RlX3RhZyI6IkNBUk9VU0VMX0lURU0ueHBpZHMuMTA4MC5zZHIucmVndWxhcl9waG90by5DMyJ9&_nc_ohc=CgyVTuZAOawQ7kNvwHb1DJI&_nc_oc=AdoYfUdYRo6kmZkbOQDYTJfK2se0jNv6Cr9iFr4FmXy6ugLPifkO8lz405kN6GaqpoM&_nc_ad=z-m&_nc_cid=1007&_nc_zt=23&_nc_ht=instagram.fqpa2-1.fna&_nc_gid=i0WVNSltBBtBZMld_QiciA&_nc_ss=7a22e&oh=00_AQGbe2prVq0TPzQK0Nvez0MjMe0G6l5nJQB3WnzPiI4STw&oe=6A9679D1,https://www.instagram.com/p/DcgDAMGj_Dr/
Bom Jesus Primavera do Leste 🛒,Outros,Água Mineral sem Gás Puríssima 500ml,2.6,22/08/2026,https://scontent-fco2-1.cdninstagram.com/v/t51.82787-15/781162059_18373952632237813_4532706053079983862_n.jpg?stp=dst-jpg_e15_tt6&_nc_cat=101&ig_cache_key=Mzk2OTQ0MzcyNDUxNzY0ODEyMTE4MzczOTUyNjI5MjM3ODEz.3-ccb7-5&ccb=7-5&_nc_sid=58cdad&efg=eyJ2ZW5jb2RlX3RhZyI6IkNMSVBTLnhwaWRzLjcyMC5zZHIudmlkZW9fZGVmYXVsdF9jb3Zlcl9mcmFtZS5DMyJ9&_nc_ohc=xshLq_1UYukQ7kNvwH8NEjx&_nc_oc=AdppzFu-Hh0BO5RnjF9YuSyN_3_XxabLEQ8RsW1ev3ULvAAZEuGYqgDflkGsmIgvtpk&_nc_ad=z-m&_nc_cid=0&_nc_zt=23&_nc_ht=scontent-fco2-1.cdninstagram.com&_nc_gid=K-hLFdWbPpxYMOy6NjRGCw&_nc_ss=7a22e&oh=00_AQG-b1CP2iK33dzJWt-upWfT8kFYia1MjGGgavA4Gd6j9A&oe=6A96673B,https://www.instagram.com/p/DcWTAlTxyb5/
Bom Jesus Primavera do Leste 🛒,Outros,Água Mineral com Gás Puríssima 500ml,2.89,22/08/2026,https://scontent-fco2-1.cdninstagram.com/v/t51.82787-15/781162059_18373952632237813_4532706053079983862_n.jpg?stp=dst-jpg_e15_tt6&_nc_cat=101&ig_cache_key=Mzk2OTQ0MzcyNDUxNzY0ODEyMTE4MzczOTUyNjI5MjM3ODEz.3-ccb7-5&ccb=7-5&_nc_sid=58cdad&efg=eyJ2ZW5jb2RlX3RhZyI6IkNMSVBTLnhwaWRzLjcyMC5zZHIudmlkZW9fZGVmYXVsdF9jb3Zlcl9mcmFtZS5DMyJ9&_nc_ohc=xshLq_1UYukQ7kNvwH8NEjx&_nc_oc=AdppzFu-Hh0BO5RnjF9YuSyN_3_XxabLEQ8RsW1ev3ULvAAZEuGYqgDflkGsmIgvtpk&_nc_ad=z-m&_nc_cid=0&_nc_zt=23&_nc_ht=scontent-fco2-1.cdninstagram.com&_nc_gid=K-hLFdWbPpxYMOy6NjRGCw&_nc_ss=7a22e&oh=00_AQG-b1CP2iK33dzJWt-upWfT8kFYia1MjGGgavA4Gd6j9A&oe=6A96673B,https://www.instagram.com/p/DcWTAlTxyb5/
Bom Jesus Primavera do Leste 🛒,Outros,Água Mineral sem Gás Brunado 1.5L,2.89,22/08/2026,https://scontent-fco2-1.cdninstagram.com/v/t51.82787-15/781162059_18373952632237813_4532706053079983862_n.jpg?stp=dst-jpg_e15_tt6&_nc_cat=101&ig_cache_key=Mzk2OTQ0MzcyNDUxNzY0ODEyMTE4MzczOTUyNjI5MjM3ODEz.3-ccb7-5&ccb=7-5&_nc_sid=58cdad&efg=eyJ2ZW5jb2RlX3RhZyI6IkNMSVBTLnhwaWRzLjcyMC5zZHIudmlkZW9fZGVmYXVsdF9jb3Zlcl9mcmFtZS5DMyJ9&_nc_ohc=xshLq_1UYukQ7kNvwH8NEjx&_nc_oc=AdppzFu-Hh0BO5RnjF9YuSyN_3_XxabLEQ8RsW1ev3ULvAAZEuGYqgDflkGsmIgvtpk&_nc_ad=z-m&_nc_cid=0&_nc_zt=23&_nc_ht=scontent-fco2-1.cdninstagram.com&_nc_gid=K-hLFdWbPpxYMOy6NjRGCw&_nc_ss=7a22e&oh=00_AQG-b1CP2iK33dzJWt-upWfT8kFYia1MjGGgavA4Gd6j9A&oe=6A96673B,https://www.instagram.com/p/DcWTAlTxyb5/
Super Compras Supermercado,Outros,Abóbora Cabotia kg,2.99,24/08/2026,https://scontent-icn2-1.cdninstagram.com/v/t51.82787-15/778986014_18192356080391764_2727967813090525154_n.jpg?stp=dst-jpg_e35_tt6&_nc_cat=111&ig_cache_key=Mzk3MDM4ODQ5NTE4MTQxNTkzNQ%3D%3D.3-ccb7-5&ccb=7-5&_nc_sid=58cdad&efg=eyJ2ZW5jb2RlX3RhZyI6IkZFRUQueHBpZHMuMTQ0MC5zZHIucmVndWxhcl9waG90by5DMyJ9&_nc_ohc=50Gin0TDwkYQ7kNvwFRXMk_&_nc_oc=Adq1jeZCIm0fJChDH-K0bIzQsjuYRYNu5MZ_RHk9-4qDtB5RfUf-4hdhNbkkAXT492E&_nc_ad=z-m&_nc_cid=0&_nc_zt=23&_nc_ht=scontent-icn2-1.cdninstagram.com&_nc_gid=NLn0qkOUaC7GUk6QhEmUMQ&_nc_ss=7a22e&oh=00_AQHNWI81bEW9P4XHyZ2-M8XSSOgHSuwwUI29oNEDVMU14A&oe=6A968150,https://www.instagram.com/p/DcZp0zjlgX_/
Machadão Atacadista,Outros,Limpa Alumínio Polylar 500ml,3.49,27/08/2026,https://instagram.fyto2-1.fna.fbcdn.net/v/t39.30808-6/786141071_1360550506164907_1343288441209680541_n.jpg?stp=dst-jpg_e35_tt6&_nc_cat=100&ig_cache_key=Mzk3MzE1NjQ3MjAxNjIzNDQ4NA%3D%3D.3-ccb7-5&ccb=7-5&_nc_sid=58cdad&efg=eyJ2ZW5jb2RlX3RhZyI6IkNBUk9VU0VMX0lURU0ueHBpZHMuMTYzOC5zZHIucmVndWxhcl9waG90by5DMyJ9&_nc_ohc=aMK5GLv5FBcQ7kNvwEDMxh0&_nc_oc=AdpWuxL4VLkbZ6DZN4-vuIq-jU9vlST0z0KDqlNXDoTt1WlcYsRB4fwhiJICSYvj0xw&_nc_ad=z-m&_nc_cid=0&_nc_zt=23&_nc_ht=instagram.fyto2-1.fna&_nc_gid=IXal9zDDXfZ0GyqCGxQXgg&_nc_ss=7a22e&oh=00_AQHbXvyWTmBTgINHFv510Kl1nd7qoQ2vyD-goSfn6iagJA&oe=6A9682F9,https://www.instagram.com/p/DcjfMcbkgCV/
Supermercado São Pedro,Outros,Batatinha kg,3.69,23/08/2026,https://scontent-gru1-2.cdninstagram.com/v/t39.30808-6/781977378_1500799415426508_4866536164507670119_n.jpg?stp=dst-jpg_e35_tt6&_nc_cat=110&ig_cache_key=Mzk3MDM5MzQ4NDg1OTE4MjA5Mw%3D%3D.3-ccb7-5&ccb=7-5&_nc_sid=58cdad&efg=eyJ2ZW5jb2RlX3RhZyI6IkZFRUQueHBpZHMuMTYzOS5zZHIucmVndWxhcl9waG90by5DMyJ9&_nc_ohc=Sm8TJqnT95wQ7kNvwEAuv_w&_nc_oc=AdpZZydJ1-GE-INZNtInz7cq-SA5Wv0_1GvozmDDjQeLz4rUzU8kTBOScd6cu17GRE0&_nc_ad=z-m&_nc_cid=0&_nc_zt=23&_nc_ht=scontent-gru1-2.cdninstagram.com&_nc_gid=xhJmWYiNAus3mZNW9vvJyw&_nc_ss=7a22e&oh=00_AQE6E29Ld-MfM-p4OWrqqGCNOmN8PZvQ5Qy2CX5my112VA&oe=6A96604E,https://www.instagram.com/p/DcZq9ajjowN/
Supermercado São Pedro,Outros,Beterraba kg,3.99,23/08/2026,https://scontent-gru1-2.cdninstagram.com/v/t39.30808-6/781977378_1500799415426508_4866536164507670119_n.jpg?stp=dst-jpg_e35_tt6&_nc_cat=110&ig_cache_key=Mzk3MDM5MzQ4NDg1OTE4MjA5Mw%3D%3D.3-ccb7-5&ccb=7-5&_nc_sid=58cdad&efg=eyJ2ZW5jb2RlX3RhZyI6IkZFRUQueHBpZHMuMTYzOS5zZHIucmVndWxhcl9waG90by5DMyJ9&_nc_ohc=Sm8TJqnT95wQ7kNvwEAuv_w&_nc_oc=AdpZZydJ1-GE-INZNtInz7cq-SA5Wv0_1GvozmDDjQeLz4rUzU8kTBOScd6cu17GRE0&_nc_ad=z-m&_nc_cid=0&_nc_zt=23&_nc_ht=scontent-gru1-2.cdninstagram.com&_nc_gid=xhJmWYiNAus3mZNW9vvJyw&_nc_ss=7a22e&oh=00_AQE6E29Ld-MfM-p4OWrqqGCNOmN8PZvQ5Qy2CX5my112VA&oe=6A96604E,https://www.instagram.com/p/DcZq9ajjowN/
Bom Jesus Primavera do Leste 🛒,Outros,Abóbora Kabotiã kg,3.99,24/08/2026,https://scontent-fra3-2.cdninstagram.com/v/t51.82787-15/784817810_18374239453237813_2825750323987932425_n.jpg?stp=dst-jpg_e35_tt6&_nc_cat=111&ig_cache_key=Mzk3MDc4NzgzNDU3MDQ3NjY3NQ%3D%3D.3-ccb7-5&ccb=7-5&_nc_sid=58cdad&efg=eyJ2ZW5jb2RlX3RhZyI6IkNBUk9VU0VMX0lURU0ueHBpZHMuMTA4MC5zZHIucmVndWxhcl9waG90by5DMyJ9&_nc_ohc=P7IruUnPC1sQ7kNvwEMPYyR&_nc_oc=Adr_b1bUKeRFPM7ZmqdRxfot36hQCNU24IL5_Efa9ytO3ogM1bBZT4MQjmZ9FH6Ptko&_nc_ad=z-m&_nc_cid=0&_nc_zt=23&_nc_ht=scontent-fra3-2.cdninstagram.com&_nc_gid=AvC9Q5d1SS9-m3_hZ18qNA&_nc_ss=7a22e&oh=00_AQE80woS5j4qXeeidrqbdKnZmc1O3XfaeZ4vl-pHtiNMhQ&oe=6A965889,https://www.instagram.com/p/DcbEo2aliuR/
Supermercado São Pedro,Outros,Repolho Verde kg,4.39,23/08/2026,https://scontent-gru1-2.cdninstagram.com/v/t39.30808-6/781977378_1500799415426508_4866536164507670119_n.jpg?stp=dst-jpg_e35_tt6&_nc_cat=110&ig_cache_key=Mzk3MDM5MzQ4NDg1OTE4MjA5Mw%3D%3D.3-ccb7-5&ccb=7-5&_nc_sid=58cdad&efg=eyJ2ZW5jb2RlX3RhZyI6IkZFRUQueHBpZHMuMTYzOS5zZHIucmVndWxhcl9waG90by5DMyJ9&_nc_ohc=Sm8TJqnT95wQ7kNvwEAuv_w&_nc_oc=AdpZZydJ1-GE-INZNtInz7cq-SA5Wv0_1GvozmDDjQeLz4rUzU8kTBOScd6cu17GRE0&_nc_ad=z-m&_nc_cid=0&_nc_zt=23&_nc_ht=scontent-gru1-2.cdninstagram.com&_nc_gid=xhJmWYiNAus3mZNW9vvJyw&_nc_ss=7a22e&oh=00_AQE6E29Ld-MfM-p4OWrqqGCNOmN8PZvQ5Qy2CX5my112VA&oe=6A96604E,https://www.instagram.com/p/DcZq9ajjowN/
Super Compras Supermercado,Outros,Ponkan kg,4.99,24/08/2026,https://scontent-icn2-1.cdninstagram.com/v/t51.82787-15/778986014_18192356080391764_2727967813090525154_n.jpg?stp=dst-jpg_e35_tt6&_nc_cat=111&ig_cache_key=Mzk3MDM4ODQ5NTE4MTQxNTkzNQ%3D%3D.3-ccb7-5&ccb=7-5&_nc_sid=58cdad&efg=eyJ2ZW5jb2RlX3RhZyI6IkZFRUQueHBpZHMuMTQ0MC5zZHIucmVndWxhcl9waG90by5DMyJ9&_nc_ohc=50Gin0TDwkYQ7kNvwFRXMk_&_nc_oc=Adq1jeZCIm0fJChDH-K0bIzQsjuYRYNu5MZ_RHk9-4qDtB5RfUf-4hdhNbkkAXT492E&_nc_ad=z-m&_nc_cid=0&_nc_zt=23&_nc_ht=scontent-icn2-1.cdninstagram.com&_nc_gid=NLn0qkOUaC7GUk6QhEmUMQ&_nc_ss=7a22e&oh=00_AQHNWI81bEW9P4XHyZ2-M8XSSOgHSuwwUI29oNEDVMU14A&oe=6A968150,https://www.instagram.com/p/DcZp0zjlgX_/
Machadão Atacadista,Outros,Pilha Alcalina Aaa Kian 4un,4.99,27/08/2026,https://instagram.fyto2-1.fna.fbcdn.net/v/t39.30808-6/786141071_1360550506164907_1343288441209680541_n.jpg?stp=dst-jpg_e35_tt6&_nc_cat=100&ig_cache_key=Mzk3MzE1NjQ3MjAxNjIzNDQ4NA%3D%3D.3-ccb7-5&ccb=7-5&_nc_sid=58cdad&efg=eyJ2ZW5jb2RlX3RhZyI6IkNBUk9VU0VMX0lURU0ueHBpZHMuMTYzOC5zZHIucmVndWxhcl9waG90by5DMyJ9&_nc_ohc=aMK5GLv5FBcQ7kNvwEDMxh0&_nc_oc=AdpWuxL4VLkbZ6DZN4-vuIq-jU9vlST0z0KDqlNXDoTt1WlcYsRB4fwhiJICSYvj0xw&_nc_ad=z-m&_nc_cid=0&_nc_zt=23&_nc_ht=instagram.fyto2-1.fna&_nc_gid=IXal9zDDXfZ0GyqCGxQXgg&_nc_ss=7a22e&oh=00_AQHbXvyWTmBTgINHFv510Kl1nd7qoQ2vyD-goSfn6iagJA&oe=6A9682F9,https://www.instagram.com/p/DcjfMcbkgCV/
Supermercado Tuiuiú,Outros,Claybom 500g,5.49,26/08/2026,https://scontent-muc2-1.cdninstagram.com/v/t51.82787-15/786213187_18581670739067900_7614859529006382993_n.jpg?stp=dst-jpg_e35_tt6&_nc_cat=105&ig_cache_key=Mzk3MjU4MDUwMTEzMDg5NTg1Ng%3D%3D.3-ccb7-5&ccb=7-5&_nc_sid=58cdad&efg=eyJ2ZW5jb2RlX3RhZyI6IkNBUk9VU0VMX0lURU0ueHBpZHMuMTA4MC5zZHIucmVndWxhcl9waG90by5DMyJ9&_nc_ohc=PKu5sCqaXh0Q7kNvwEZtR1F&_nc_oc=AdrXnq9-E_K9Ar0dU2z_3MTrPlViu9NeiIkkLyH1ovDDVgRakx0nMLgvofX44g9PCKQdYELhczrdPChbWwcfmlyE&_nc_ad=z-m&_nc_cid=1088&_nc_zt=23&_nc_ht=scontent-muc2-1.cdninstagram.com&_nc_gid=wq5LuXijk1jgdzQyiugWpw&_nc_ss=7a22e&oh=00_AQFP-keuWSslHivgVtK2a45M4wCXZwnVyjGnvVIAzWEO8Q&oe=6A96826B,https://www.instagram.com/p/DchcQH5DdVj/
Machadão Atacadista,Outros,Amendoim Oba Oba 400g,5.9,27/08/2026,https://instagram.fyto2-1.fna.fbcdn.net/v/t39.30808-6/787798079_1360550486164909_1488167338527184913_n.jpg?stp=dst-jpg_e35_tt6&_nc_cat=107&ig_cache_key=Mzk3MzE1NjQ3MjAzMzA0ODEyMg%3D%3D.3-ccb7-5&ccb=7-5&_nc_sid=58cdad&efg=eyJ2ZW5jb2RlX3RhZyI6IkNBUk9VU0VMX0lURU0ueHBpZHMuMTYzOC5zZHIucmVndWxhcl9waG90by5DMyJ9&_nc_ohc=_YSRXBR_xEAQ7kNvwGz-Jto&_nc_oc=AdpLlJzkYRevw0CSLWuqB-KI2jK2tnW7KUxNYwMqDutU8aJJamvN2PScwwK8KVSNNW0&_nc_ad=z-m&_nc_cid=0&_nc_zt=23&_nc_ht=instagram.fyto2-1.fna&_nc_gid=IXal9zDDXfZ0GyqCGxQXgg&_nc_ss=7a22e&oh=00_AQFOWvfPu9eQQSbEeGxpEzc_ICisAWZEBaBd3B4eIkUSZg&oe=6A966BD5,https://www.instagram.com/p/DcjfMcbkgCV/
Machadão Atacadista,Outros,Amendoim Oba Oba 400g,5.9,27/08/2026,https://instagram.fyto2-1.fna.fbcdn.net/v/t39.30808-6/787104328_1360550532831571_2281243341389434448_n.jpg?stp=dst-jpg_e35_tt6&_nc_cat=100&ig_cache_key=Mzk3MzE1NjQ3MTc1NjIxMzA2MQ%3D%3D.3-ccb7-5&ccb=7-5&_nc_sid=58cdad&efg=eyJ2ZW5jb2RlX3RhZyI6IkNBUk9VU0VMX0lURU0ueHBpZHMuMTYzOC5zZHIucmVndWxhcl9waG90by5DMyJ9&_nc_ohc=Y9MsBJNTALEQ7kNvwGWInLu&_nc_oc=AdpddtOg1iPztqTH7eT-YWFaB54UHVZOR9Da1l8Mt7vhLBC-6BjRzHEH7wd_T0diJ_k&_nc_ad=z-m&_nc_cid=0&_nc_zt=23&_nc_ht=instagram.fyto2-1.fna&_nc_gid=IXal9zDDXfZ0GyqCGxQXgg&_nc_ss=7a22e&oh=00_AQG49cO8fhv8rCMyE6ScwuXA1ai2xKhoND925OUDpDHoLQ&oe=6A967010,https://www.instagram.com/p/DcjfMcbkgCV/
Super Compras Supermercado,Outros,Língua Bovina kg,5.99,27/08/2026,https://scontent-ams2-1.cdninstagram.com/v/t51.82787-15/788172202_18192669184391764_5816935157600731829_n.jpg?stp=dst-jpg_e35_tt6&_nc_cat=102&ig_cache_key=Mzk3MjU2Mjg0NTk4OTQwNjA0Mw%3D%3D.3-ccb7-5&ccb=7-5&_nc_sid=58cdad&efg=eyJ2ZW5jb2RlX3RhZyI6IkZFRUQueHBpZHMuMTQ0MC5zZHIucmVndWxhcl9waG90by5DMyJ9&_nc_ohc=6V6MUSXxtWEQ7kNvwEiX9Iy&_nc_oc=AdrQCKzt2IP-ocFF-FbaYs3Q4kwNC6iyh3WBRnpuYUxZJFYGurB5QVHUAv2UKzzbNhLZr8L5iiVMZ__Z0GwnMa4v&_nc_ad=z-m&_nc_cid=0&_nc_zt=23&_nc_ht=scontent-ams2-1.cdninstagram.com&_nc_gid=_6Bjz1Qe-apFUvGe8-R7zg&_nc_ss=7a22e&oh=00_AQHDedMdFifYxvYbiz35fID0ZSN6roivKw5gK-ObWEzJCw&oe=6A9672A8,https://www.instagram.com/p/DchYNxjHQVb/
Bom Jesus Primavera do Leste 🛒,Outros,Repolho Verde kg,5.99,24/08/2026,https://scontent-fra3-2.cdninstagram.com/v/t51.82787-15/784817810_18374239453237813_2825750323987932425_n.jpg?stp=dst-jpg_e35_tt6&_nc_cat=111&ig_cache_key=Mzk3MDc4NzgzNDU3MDQ3NjY3NQ%3D%3D.3-ccb7-5&ccb=7-5&_nc_sid=58cdad&efg=eyJ2ZW5jb2RlX3RhZyI6IkNBUk9VU0VMX0lURU0ueHBpZHMuMTA4MC5zZHIucmVndWxhcl9waG90by5DMyJ9&_nc_ohc=P7IruUnPC1sQ7kNvwEMPYyR&_nc_oc=Adr_b1bUKeRFPM7ZmqdRxfot36hQCNU24IL5_Efa9ytO3ogM1bBZT4MQjmZ9FH6Ptko&_nc_ad=z-m&_nc_cid=0&_nc_zt=23&_nc_ht=scontent-fra3-2.cdninstagram.com&_nc_gid=AvC9Q5d1SS9-m3_hZ18qNA&_nc_ss=7a22e&oh=00_AQE80woS5j4qXeeidrqbdKnZmc1O3XfaeZ4vl-pHtiNMhQ&oe=6A965889,https://www.instagram.com/p/DcbEo2aliuR/
Super Compras Supermercado,Outros,Mexerica kg,6.99,24/08/2026,https://scontent-icn2-1.cdninstagram.com/v/t51.82787-15/778986014_18192356080391764_2727967813090525154_n.jpg?stp=dst-jpg_e35_tt6&_nc_cat=111&ig_cache_key=Mzk3MDM4ODQ5NTE4MTQxNTkzNQ%3D%3D.3-ccb7-5&ccb=7-5&_nc_sid=58cdad&efg=eyJ2ZW5jb2RlX3RhZyI6IkZFRUQueHBpZHMuMTQ0MC5zZHIucmVndWxhcl9waG90by5DMyJ9&_nc_ohc=50Gin0TDwkYQ7kNvwFRXMk_&_nc_oc=Adq1jeZCIm0fJChDH-K0bIzQsjuYRYNu5MZ_RHk9-4qDtB5RfUf-4hdhNbkkAXT492E&_nc_ad=z-m&_nc_cid=0&_nc_zt=23&_nc_ht=scontent-icn2-1.cdninstagram.com&_nc_gid=NLn0qkOUaC7GUk6QhEmUMQ&_nc_ss=7a22e&oh=00_AQHNWI81bEW9P4XHyZ2-M8XSSOgHSuwwUI29oNEDVMU14A&oe=6A968150,https://www.instagram.com/p/DcZp0zjlgX_/
Supermercado Tuiuiú,Outros,Sucrilhos Kellogg's 240g,7.49,26/08/2026,https://scontent-muc2-1.cdninstagram.com/v/t51.82787-15/786993044_18581670784067900_4451038722088372453_n.jpg?stp=dst-jpg_e35_tt6&_nc_cat=106&ig_cache_key=Mzk3MjU4MDU3NDQ4MDgyOTk0OQ%3D%3D.3-ccb7-5&ccb=7-5&_nc_sid=58cdad&efg=eyJ2ZW5jb2RlX3RhZyI6IkNBUk9VU0VMX0lURU0ueHBpZHMuMTA4MC5zZHIucmVndWxhcl9waG90by5DMyJ9&_nc_ohc=LMIY6vyvLpAQ7kNvwFzRZDa&_nc_oc=AdpnLYuz2zP3KEo9yE4Ckx3JontOm9ijObSBcYFUkYCV_U8owjFPlxcKpzBJ04C_tES90tOjidDM9ON6x_rxBt99&_nc_ad=z-m&_nc_cid=1088&_nc_zt=23&_nc_ht=scontent-muc2-1.cdninstagram.com&_nc_gid=wq5LuXijk1jgdzQyiugWpw&_nc_ss=7a22e&oh=00_AQGidPGwWB3qvA3LHMWb_KOSttWUBKWO15Wrb_dDPdYJ8Q&oe=6A965291,https://www.instagram.com/p/DchcQH5DdVj/
Machadão Atacadista,Outros,Toalha de Papel Mili Gran Chef 200un,7.49,27/08/2026,https://instagram.fyto2-1.fna.fbcdn.net/v/t39.30808-6/786141071_1360550506164907_1343288441209680541_n.jpg?stp=dst-jpg_e35_tt6&_nc_cat=100&ig_cache_key=Mzk3MzE1NjQ3MjAxNjIzNDQ4NA%3D%3D.3-ccb7-5&ccb=7-5&_nc_sid=58cdad&efg=eyJ2ZW5jb2RlX3RhZyI6IkNBUk9VU0VMX0lURU0ueHBpZHMuMTYzOC5zZHIucmVndWxhcl9waG90by5DMyJ9&_nc_ohc=aMK5GLv5FBcQ7kNvwEDMxh0&_nc_oc=AdpWuxL4VLkbZ6DZN4-vuIq-jU9vlST0z0KDqlNXDoTt1WlcYsRB4fwhiJICSYvj0xw&_nc_ad=z-m&_nc_cid=0&_nc_zt=23&_nc_ht=instagram.fyto2-1.fna&_nc_gid=IXal9zDDXfZ0GyqCGxQXgg&_nc_ss=7a22e&oh=00_AQHbXvyWTmBTgINHFv510Kl1nd7qoQ2vyD-goSfn6iagJA&oe=6A9682F9,https://www.instagram.com/p/DcjfMcbkgCV/
Supermercado São Pedro,Outros,Mocotó kg,8.99,24/08/2026,https://scontent-yyz1-1.cdninstagram.com/v/t51.82787-15/779866028_18195137623382122_1225681475285530325_n.jpg?stp=dst-jpg_e35_tt6&_nc_cat=104&ig_cache_key=Mzk3MDg5NTAzMjEwMDYxNzYxMA%3D%3D.3-ccb7-5&ccb=7-5&_nc_sid=58cdad&efg=eyJ2ZW5jb2RlX3RhZyI6IkZFRUQueHBpZHMuMzI0OC5zZHIucmVndWxhcl9waG90by5DMyJ9&_nc_ohc=27_NHNZ1YPEQ7kNvwFoKDXp&_nc_oc=Adq93sm4yjujuKl2H9qKd7A-Ri6sPJ2O7h6MT7xu_2Gn_ICjD_O8jrpMyqpEq10pxog&_nc_ad=z-m&_nc_cid=0&_nc_zt=23&_nc_ht=scontent-yyz1-1.cdninstagram.com&_nc_gid=zbuJQKO7MCB6qCV9cm71qw&_nc_ss=7a22e&oh=00_AQFoLPeW7mZwdNBlXkTxG1Z4Q8aI7FC9c9WBaNrB5U4a1g&oe=6A966FA1,https://www.instagram.com/p/Dcbc_40uH2K/
Ramin Supermercado,Outros,Salgadinho Orgânico Era Uma Vez Papapá 35g,9.19,25/08/2026,https://instagram.fagp5-1.fna.fbcdn.net/v/t51.82787-15/782413347_18423080377199090_2820046938058952728_n.jpg?stp=dst-jpg_e15_tt6&_nc_cat=105&ig_cache_key=Mzk3MTc0NDk1NjY5MzEzNzA5MzE4NDIzMDgwMzcxMTk5MDkw.3-ccb7-5&ccb=7-5&_nc_sid=58cdad&efg=eyJ2ZW5jb2RlX3RhZyI6IkNMSVBTLnhwaWRzLjcyMC5zZHIudmlkZW9fZGVmYXVsdF9jb3Zlcl9mcmFtZS5DMyJ9&_nc_ohc=1YNXWGkVTegQ7kNvwFnGD1y&_nc_oc=Adqb-3k5FKK6WzXHVpCZ5gBoXBtn1gyQvQHQG9sMCMBgLMwbRjl9F2VhpR0XM09tP0M&_nc_ad=z-m&_nc_cid=0&_nc_zt=23&_nc_ht=instagram.fagp5-1.fna&_nc_gid=3UEsjUfFydbfqZH2bgBZbA&_nc_ss=7a22e&oh=00_AQELzl4FrEMFD6d-zrVLwdU5dqNZXYf9Tk1UmsEmM7DyOQ&oe=6A965A2B,https://www.instagram.com/p/DceeP6yJMbF/
Ramin Supermercado,Outros,Palitinhos de Vegetais Papapá 45g,9.19,25/08/2026,https://instagram.fagp5-1.fna.fbcdn.net/v/t51.82787-15/782413347_18423080377199090_2820046938058952728_n.jpg?stp=dst-jpg_e15_tt6&_nc_cat=105&ig_cache_key=Mzk3MTc0NDk1NjY5MzEzNzA5MzE4NDIzMDgwMzcxMTk5MDkw.3-ccb7-5&ccb=7-5&_nc_sid=58cdad&efg=eyJ2ZW5jb2RlX3RhZyI6IkNMSVBTLnhwaWRzLjcyMC5zZHIudmlkZW9fZGVmYXVsdF9jb3Zlcl9mcmFtZS5DMyJ9&_nc_ohc=1YNXWGkVTegQ7kNvwFnGD1y&_nc_oc=Adqb-3k5FKK6WzXHVpCZ5gBoXBtn1gyQvQHQG9sMCMBgLMwbRjl9F2VhpR0XM09tP0M&_nc_ad=z-m&_nc_cid=0&_nc_zt=23&_nc_ht=instagram.fagp5-1.fna&_nc_gid=3UEsjUfFydbfqZH2bgBZbA&_nc_ss=7a22e&oh=00_AQELzl4FrEMFD6d-zrVLwdU5dqNZXYf9Tk1UmsEmM7DyOQ&oe=6A965A2B,https://www.instagram.com/p/DceeP6yJMbF/
Supermercado São Pedro,Outros,Bucho Bovino kg,9.99,24/08/2026,https://scontent-yyz1-1.cdninstagram.com/v/t51.82787-15/779866028_18195137623382122_1225681475285530325_n.jpg?stp=dst-jpg_e35_tt6&_nc_cat=104&ig_cache_key=Mzk3MDg5NTAzMjEwMDYxNzYxMA%3D%3D.3-ccb7-5&ccb=7-5&_nc_sid=58cdad&efg=eyJ2ZW5jb2RlX3RhZyI6IkZFRUQueHBpZHMuMzI0OC5zZHIucmVndWxhcl9waG90by5DMyJ9&_nc_ohc=27_NHNZ1YPEQ7kNvwFoKDXp&_nc_oc=Adq93sm4yjujuKl2H9qKd7A-Ri6sPJ2O7h6MT7xu_2Gn_ICjD_O8jrpMyqpEq10pxog&_nc_ad=z-m&_nc_cid=0&_nc_zt=23&_nc_ht=scontent-yyz1-1.cdninstagram.com&_nc_gid=zbuJQKO7MCB6qCV9cm71qw&_nc_ss=7a22e&oh=00_AQFoLPeW7mZwdNBlXkTxG1Z4Q8aI7FC9c9WBaNrB5U4a1g&oe=6A966FA1,https://www.instagram.com/p/Dcbc_40uH2K/
Supermercado São Pedro,Outros,Fígado Bovino kg,9.99,24/08/2026,https://scontent-yyz1-1.cdninstagram.com/v/t51.82787-15/779866028_18195137623382122_1225681475285530325_n.jpg?stp=dst-jpg_e35_tt6&_nc_cat=104&ig_cache_key=Mzk3MDg5NTAzMjEwMDYxNzYxMA%3D%3D.3-ccb7-5&ccb=7-5&_nc_sid=58cdad&efg=eyJ2ZW5jb2RlX3RhZyI6IkZFRUQueHBpZHMuMzI0OC5zZHIucmVndWxhcl9waG90by5DMyJ9&_nc_ohc=27_NHNZ1YPEQ7kNvwFoKDXp&_nc_oc=Adq93sm4yjujuKl2H9qKd7A-Ri6sPJ2O7h6MT7xu_2Gn_ICjD_O8jrpMyqpEq10pxog&_nc_ad=z-m&_nc_cid=0&_nc_zt=23&_nc_ht=scontent-yyz1-1.cdninstagram.com&_nc_gid=zbuJQKO7MCB6qCV9cm71qw&_nc_ss=7a22e&oh=00_AQFoLPeW7mZwdNBlXkTxG1Z4Q8aI7FC9c9WBaNrB5U4a1g&oe=6A966FA1,https://www.instagram.com/p/Dcbc_40uH2K/
Super Compras Supermercado,Outros,Fígado Bovino kg,9.99,27/08/2026,https://scontent-ams2-1.cdninstagram.com/v/t51.82787-15/788172202_18192669184391764_5816935157600731829_n.jpg?stp=dst-jpg_e35_tt6&_nc_cat=102&ig_cache_key=Mzk3MjU2Mjg0NTk4OTQwNjA0Mw%3D%3D.3-ccb7-5&ccb=7-5&_nc_sid=58cdad&efg=eyJ2ZW5jb2RlX3RhZyI6IkZFRUQueHBpZHMuMTQ0MC5zZHIucmVndWxhcl9waG90by5DMyJ9&_nc_ohc=6V6MUSXxtWEQ7kNvwEiX9Iy&_nc_oc=AdrQCKzt2IP-ocFF-FbaYs3Q4kwNC6iyh3WBRnpuYUxZJFYGurB5QVHUAv2UKzzbNhLZr8L5iiVMZ__Z0GwnMa4v&_nc_ad=z-m&_nc_cid=0&_nc_zt=23&_nc_ht=scontent-ams2-1.cdninstagram.com&_nc_gid=_6Bjz1Qe-apFUvGe8-R7zg&_nc_ss=7a22e&oh=00_AQHDedMdFifYxvYbiz35fID0ZSN6roivKw5gK-ObWEzJCw&oe=6A9672A8,https://www.instagram.com/p/DchYNxjHQVb/
Machadão Atacadista,Outros,Pepino em Conserva Pinduca 300g,10.99,27/08/2026,https://instagram.fyto2-1.fna.fbcdn.net/v/t39.30808-6/787798079_1360550486164909_1488167338527184913_n.jpg?stp=dst-jpg_e35_tt6&_nc_cat=107&ig_cache_key=Mzk3MzE1NjQ3MjAzMzA0ODEyMg%3D%3D.3-ccb7-5&ccb=7-5&_nc_sid=58cdad&efg=eyJ2ZW5jb2RlX3RhZyI6IkNBUk9VU0VMX0lURU0ueHBpZHMuMTYzOC5zZHIucmVndWxhcl9waG90by5DMyJ9&_nc_ohc=_YSRXBR_xEAQ7kNvwGz-Jto&_nc_oc=AdpLlJzkYRevw0CSLWuqB-KI2jK2tnW7KUxNYwMqDutU8aJJamvN2PScwwK8KVSNNW0&_nc_ad=z-m&_nc_cid=0&_nc_zt=23&_nc_ht=instagram.fyto2-1.fna&_nc_gid=IXal9zDDXfZ0GyqCGxQXgg&_nc_ss=7a22e&oh=00_AQFOWvfPu9eQQSbEeGxpEzc_ICisAWZEBaBd3B4eIkUSZg&oe=6A966BD5,https://www.instagram.com/p/DcjfMcbkgCV/
Machadão Atacadista,Outros,Pepino em Conserva Pinduca 300g,10.99,27/08/2026,https://instagram.fyto2-1.fna.fbcdn.net/v/t39.30808-6/787104328_1360550532831571_2281243341389434448_n.jpg?stp=dst-jpg_e35_tt6&_nc_cat=100&ig_cache_key=Mzk3MzE1NjQ3MTc1NjIxMzA2MQ%3D%3D.3-ccb7-5&ccb=7-5&_nc_sid=58cdad&efg=eyJ2ZW5jb2RlX3RhZyI6IkNBUk9VU0VMX0lURU0ueHBpZHMuMTYzOC5zZHIucmVndWxhcl9waG90by5DMyJ9&_nc_ohc=Y9MsBJNTALEQ7kNvwGWInLu&_nc_oc=AdpddtOg1iPztqTH7eT-YWFaB54UHVZOR9Da1l8Mt7vhLBC-6BjRzHEH7wd_T0diJ_k&_nc_ad=z-m&_nc_cid=0&_nc_zt=23&_nc_ht=instagram.fyto2-1.fna&_nc_gid=IXal9zDDXfZ0GyqCGxQXgg&_nc_ss=7a22e&oh=00_AQG49cO8fhv8rCMyE6ScwuXA1ai2xKhoND925OUDpDHoLQ&oe=6A967010,https://www.instagram.com/p/DcjfMcbkgCV/
Super Compras Supermercado,Outros,Mocotó Bovino kg,11.99,27/08/2026,https://scontent-ams2-1.cdninstagram.com/v/t51.82787-15/788172202_18192669184391764_5816935157600731829_n.jpg?stp=dst-jpg_e35_tt6&_nc_cat=102&ig_cache_key=Mzk3MjU2Mjg0NTk4OTQwNjA0Mw%3D%3D.3-ccb7-5&ccb=7-5&_nc_sid=58cdad&efg=eyJ2ZW5jb2RlX3RhZyI6IkZFRUQueHBpZHMuMTQ0MC5zZHIucmVndWxhcl9waG90by5DMyJ9&_nc_ohc=6V6MUSXxtWEQ7kNvwEiX9Iy&_nc_oc=AdrQCKzt2IP-ocFF-FbaYs3Q4kwNC6iyh3WBRnpuYUxZJFYGurB5QVHUAv2UKzzbNhLZr8L5iiVMZ__Z0GwnMa4v&_nc_ad=z-m&_nc_cid=0&_nc_zt=23&_nc_ht=scontent-ams2-1.cdninstagram.com&_nc_gid=_6Bjz1Qe-apFUvGe8-R7zg&_nc_ss=7a22e&oh=00_AQHDedMdFifYxvYbiz35fID0ZSN6roivKw5gK-ObWEzJCw&oe=6A9672A8,https://www.instagram.com/p/DchYNxjHQVb/
Super Compras Supermercado,Outros,Bucho Bovino kg,11.99,27/08/2026,https://scontent-ams2-1.cdninstagram.com/v/t51.82787-15/788172202_18192669184391764_5816935157600731829_n.jpg?stp=dst-jpg_e35_tt6&_nc_cat=102&ig_cache_key=Mzk3MjU2Mjg0NTk4OTQwNjA0Mw%3D%3D.3-ccb7-5&ccb=7-5&_nc_sid=58cdad&efg=eyJ2ZW5jb2RlX3RhZyI6IkZFRUQueHBpZHMuMTQ0MC5zZHIucmVndWxhcl9waG90by5DMyJ9&_nc_ohc=6V6MUSXxtWEQ7kNvwEiX9Iy&_nc_oc=AdrQCKzt2IP-ocFF-FbaYs3Q4kwNC6iyh3WBRnpuYUxZJFYGurB5QVHUAv2UKzzbNhLZr8L5iiVMZ__Z0GwnMa4v&_nc_ad=z-m&_nc_cid=0&_nc_zt=23&_nc_ht=scontent-ams2-1.cdninstagram.com&_nc_gid=_6Bjz1Qe-apFUvGe8-R7zg&_nc_ss=7a22e&oh=00_AQHDedMdFifYxvYbiz35fID0ZSN6roivKw5gK-ObWEzJCw&oe=6A9672A8,https://www.instagram.com/p/DchYNxjHQVb/
Bom Jesus Primavera do Leste 🛒,Outros,Fígado Bovino kg,12.99,26/08/2026,https://instagram.fktw4-1.fna.fbcdn.net/v/t51.82787-15/786837850_18374533663237813_2968687181146751427_n.jpg?stp=dst-jpg_e35_tt6&_nc_cat=100&ig_cache_key=Mzk3MjE2ODE2MTY3MzMwMjgxMg%3D%3D.3-ccb7-5&ccb=7-5&_nc_sid=58cdad&efg=eyJ2ZW5jb2RlX3RhZyI6IkNBUk9VU0VMX0lURU0ueHBpZHMuMTA4MC5zZHIucmVndWxhcl9waG90by5DMyJ9&_nc_ohc=wecasNb-bicQ7kNvwHn2Ans&_nc_oc=AdoaD9yhEQHxNxTT6dVW2831gh9YvtHOkjIyW0HrtAmSkQFq6pF2ab2IVMLYNpZqUqhBBxd2zWPq04gPZ1t49W4Z&_nc_ad=z-m&_nc_cid=0&_nc_zt=23&_nc_ht=instagram.fktw4-1.fna&_nc_gid=WvhUxQv6PEktrzXyczPSSw&_nc_ss=7a22e&oh=00_AQF4a0Y9_NKwZXJwWZHMF9uqX0FiNsV42rdgjR5KMV-Bpw&oe=6A9670CB,https://www.instagram.com/p/Dcf-fgoloPJ/
Bom Jesus Primavera do Leste 🛒,Outros,Mocotó Bovino kg,12.99,26/08/2026,https://instagram.fktw4-1.fna.fbcdn.net/v/t51.82787-15/786837850_18374533663237813_2968687181146751427_n.jpg?stp=dst-jpg_e35_tt6&_nc_cat=100&ig_cache_key=Mzk3MjE2ODE2MTY3MzMwMjgxMg%3D%3D.3-ccb7-5&ccb=7-5&_nc_sid=58cdad&efg=eyJ2ZW5jb2RlX3RhZyI6IkNBUk9VU0VMX0lURU0ueHBpZHMuMTA4MC5zZHIucmVndWxhcl9waG90by5DMyJ9&_nc_ohc=wecasNb-bicQ7kNvwHn2Ans&_nc_oc=AdoaD9yhEQHxNxTT6dVW2831gh9YvtHOkjIyW0HrtAmSkQFq6pF2ab2IVMLYNpZqUqhBBxd2zWPq04gPZ1t49W4Z&_nc_ad=z-m&_nc_cid=0&_nc_zt=23&_nc_ht=instagram.fktw4-1.fna&_nc_gid=WvhUxQv6PEktrzXyczPSSw&_nc_ss=7a22e&oh=00_AQF4a0Y9_NKwZXJwWZHMF9uqX0FiNsV42rdgjR5KMV-Bpw&oe=6A9670CB,https://www.instagram.com/p/Dcf-fgoloPJ/
Supermercado Tuiuiú,Outros,Filé de Peito kg,13.99,26/08/2026,https://instagram.fqpa2-1.fna.fbcdn.net/v/t51.82787-15/784389246_18581502034067900_514741470007781001_n.jpg?stp=dst-jpg_e35_tt6&_nc_cat=108&ig_cache_key=Mzk3MjE4Nzk0NDI0MDc2NjUyOQ%3D%3D.3-ccb7-5&ccb=7-5&_nc_sid=58cdad&efg=eyJ2ZW5jb2RlX3RhZyI6IkNBUk9VU0VMX0lURU0ueHBpZHMuMTA4MC5zZHIucmVndWxhcl9waG90by5DMyJ9&_nc_ohc=axgGxUji1CYQ7kNvwF5yFe_&_nc_oc=AdoPdvXKkxhOnuhRHqGiq6Pt03mMi3YFrFv35FgdwDW_XLaCuthau9xVtjxvSvd3Et0&_nc_ad=z-m&_nc_cid=1007&_nc_zt=23&_nc_ht=instagram.fqpa2-1.fna&_nc_gid=i0WVNSltBBtBZMld_QiciA&_nc_ss=7a22e&oh=00_AQGnyh9C5KtZnA7Clr6PJqSdV_he0XIhN4EcSf3kil01jw&oe=6A967986,https://www.instagram.com/p/DcgDAMGj_Dr/
Supermercado São Pedro,Outros,Moela Perdigão 1kg,13.99,24/08/2026,https://scontent-yyz1-1.cdninstagram.com/v/t51.82787-15/779866028_18195137623382122_1225681475285530325_n.jpg?stp=dst-jpg_e35_tt6&_nc_cat=104&ig_cache_key=Mzk3MDg5NTAzMjEwMDYxNzYxMA%3D%3D.3-ccb7-5&ccb=7-5&_nc_sid=58cdad&efg=eyJ2ZW5jb2RlX3RhZyI6IkZFRUQueHBpZHMuMzI0OC5zZHIucmVndWxhcl9waG90by5DMyJ9&_nc_ohc=27_NHNZ1YPEQ7kNvwFoKDXp&_nc_oc=Adq93sm4yjujuKl2H9qKd7A-Ri6sPJ2O7h6MT7xu_2Gn_ICjD_O8jrpMyqpEq10pxog&_nc_ad=z-m&_nc_cid=0&_nc_zt=23&_nc_ht=scontent-yyz1-1.cdninstagram.com&_nc_gid=zbuJQKO7MCB6qCV9cm71qw&_nc_ss=7a22e&oh=00_AQFoLPeW7mZwdNBlXkTxG1Z4Q8aI7FC9c9WBaNrB5U4a1g&oe=6A966FA1,https://www.instagram.com/p/Dcbc_40uH2K/
Machadão Atacadista,Outros,Aperitivo Raiz Amarga Paratudo 900ml,14.49,27/08/2026,https://instagram.fyto2-1.fna.fbcdn.net/v/t39.30808-6/787798079_1360550486164909_1488167338527184913_n.jpg?stp=dst-jpg_e35_tt6&_nc_cat=107&ig_cache_key=Mzk3MzE1NjQ3MjAzMzA0ODEyMg%3D%3D.3-ccb7-5&ccb=7-5&_nc_sid=58cdad&efg=eyJ2ZW5jb2RlX3RhZyI6IkNBUk9VU0VMX0lURU0ueHBpZHMuMTYzOC5zZHIucmVndWxhcl9waG90by5DMyJ9&_nc_ohc=_YSRXBR_xEAQ7kNvwGz-Jto&_nc_oc=AdpLlJzkYRevw0CSLWuqB-KI2jK2tnW7KUxNYwMqDutU8aJJamvN2PScwwK8KVSNNW0&_nc_ad=z-m&_nc_cid=0&_nc_zt=23&_nc_ht=instagram.fyto2-1.fna&_nc_gid=IXal9zDDXfZ0GyqCGxQXgg&_nc_ss=7a22e&oh=00_AQFOWvfPu9eQQSbEeGxpEzc_ICisAWZEBaBd3B4eIkUSZg&oe=6A966BD5,https://www.instagram.com/p/DcjfMcbkgCV/
Machadão Atacadista,Outros,Raiz Amarga Paratudo 900ml,14.49,27/08/2026,https://instagram.fyto2-1.fna.fbcdn.net/v/t39.30808-6/787104328_1360550532831571_2281243341389434448_n.jpg?stp=dst-jpg_e35_tt6&_nc_cat=100&ig_cache_key=Mzk3MzE1NjQ3MTc1NjIxMzA2MQ%3D%3D.3-ccb7-5&ccb=7-5&_nc_sid=58cdad&efg=eyJ2ZW5jb2RlX3RhZyI6IkNBUk9VU0VMX0lURU0ueHBpZHMuMTYzOC5zZHIucmVndWxhcl9waG90by5DMyJ9&_nc_ohc=Y9MsBJNTALEQ7kNvwGWInLu&_nc_oc=AdpddtOg1iPztqTH7eT-YWFaB54UHVZOR9Da1l8Mt7vhLBC-6BjRzHEH7wd_T0diJ_k&_nc_ad=z-m&_nc_cid=0&_nc_zt=23&_nc_ht=instagram.fyto2-1.fna&_nc_gid=IXal9zDDXfZ0GyqCGxQXgg&_nc_ss=7a22e&oh=00_AQG49cO8fhv8rCMyE6ScwuXA1ai2xKhoND925OUDpDHoLQ&oe=6A967010,https://www.instagram.com/p/DcjfMcbkgCV/
Bom Jesus Primavera do Leste 🛒,Outros,Amendoim Mape 1kg,14.99,24/08/2026,https://scontent-fra3-2.cdninstagram.com/v/t51.82787-15/784817810_18374239453237813_2825750323987932425_n.jpg?stp=dst-jpg_e35_tt6&_nc_cat=111&ig_cache_key=Mzk3MDc4NzgzNDU3MDQ3NjY3NQ%3D%3D.3-ccb7-5&ccb=7-5&_nc_sid=58cdad&efg=eyJ2ZW5jb2RlX3RhZyI6IkNBUk9VU0VMX0lURU0ueHBpZHMuMTA4MC5zZHIucmVndWxhcl9waG90by5DMyJ9&_nc_ohc=P7IruUnPC1sQ7kNvwEMPYyR&_nc_oc=Adr_b1bUKeRFPM7ZmqdRxfot36hQCNU24IL5_Efa9ytO3ogM1bBZT4MQjmZ9FH6Ptko&_nc_ad=z-m&_nc_cid=0&_nc_zt=23&_nc_ht=scontent-fra3-2.cdninstagram.com&_nc_gid=AvC9Q5d1SS9-m3_hZ18qNA&_nc_ss=7a22e&oh=00_AQE80woS5j4qXeeidrqbdKnZmc1O3XfaeZ4vl-pHtiNMhQ&oe=6A965889,https://www.instagram.com/p/DcbEo2aliuR/
Machadão Atacadista,Outros,Rodo Para Pia de Plástico Esfrebom Bettanin,15.9,27/08/2026,https://instagram.fyto2-1.fna.fbcdn.net/v/t39.30808-6/786141071_1360550506164907_1343288441209680541_n.jpg?stp=dst-jpg_e35_tt6&_nc_cat=100&ig_cache_key=Mzk3MzE1NjQ3MjAxNjIzNDQ4NA%3D%3D.3-ccb7-5&ccb=7-5&_nc_sid=58cdad&efg=eyJ2ZW5jb2RlX3RhZyI6IkNBUk9VU0VMX0lURU0ueHBpZHMuMTYzOC5zZHIucmVndWxhcl9waG90by5DMyJ9&_nc_ohc=aMK5GLv5FBcQ7kNvwEDMxh0&_nc_oc=AdpWuxL4VLkbZ6DZN4-vuIq-jU9vlST0z0KDqlNXDoTt1WlcYsRB4fwhiJICSYvj0xw&_nc_ad=z-m&_nc_cid=0&_nc_zt=23&_nc_ht=instagram.fyto2-1.fna&_nc_gid=IXal9zDDXfZ0GyqCGxQXgg&_nc_ss=7a22e&oh=00_AQHbXvyWTmBTgINHFv510Kl1nd7qoQ2vyD-goSfn6iagJA&oe=6A9682F9,https://www.instagram.com/p/DcjfMcbkgCV/
Machadão Atacadista,Outros,Caixa Organizadora com Tampa Bioprátika Pleion 8L,18.9,27/08/2026,https://instagram.fyto2-1.fna.fbcdn.net/v/t39.30808-6/786141071_1360550506164907_1343288441209680541_n.jpg?stp=dst-jpg_e35_tt6&_nc_cat=100&ig_cache_key=Mzk3MzE1NjQ3MjAxNjIzNDQ4NA%3D%3D.3-ccb7-5&ccb=7-5&_nc_sid=58cdad&efg=eyJ2ZW5jb2RlX3RhZyI6IkNBUk9VU0VMX0lURU0ueHBpZHMuMTYzOC5zZHIucmVndWxhcl9waG90by5DMyJ9&_nc_ohc=aMK5GLv5FBcQ7kNvwEDMxh0&_nc_oc=AdpWuxL4VLkbZ6DZN4-vuIq-jU9vlST0z0KDqlNXDoTt1WlcYsRB4fwhiJICSYvj0xw&_nc_ad=z-m&_nc_cid=0&_nc_zt=23&_nc_ht=instagram.fyto2-1.fna&_nc_gid=IXal9zDDXfZ0GyqCGxQXgg&_nc_ss=7a22e&oh=00_AQHbXvyWTmBTgINHFv510Kl1nd7qoQ2vyD-goSfn6iagJA&oe=6A9682F9,https://www.instagram.com/p/DcjfMcbkgCV/
Supermercado Tuiuiú,Outros,Músculo com Osso kg,18.99,26/08/2026,https://instagram.fqpa2-1.fna.fbcdn.net/v/t51.82787-15/786467846_18581501911067900_1635849977930495039_n.jpg?stp=dst-jpg_e35_tt6&_nc_cat=104&ig_cache_key=Mzk3MjE4NzkxMTEzMDgyMDgwNA%3D%3D.3-ccb7-5&ccb=7-5&_nc_sid=58cdad&efg=eyJ2ZW5jb2RlX3RhZyI6IkNBUk9VU0VMX0lURU0ueHBpZHMuMTA4MC5zZHIucmVndWxhcl9waG90by5DMyJ9&_nc_ohc=68dX_CMI8T8Q7kNvwHpguAF&_nc_oc=AdpvJ8hg4jzx9Q7uK8qPvuWvKrWMP08Oeehoujr6Wpc2QxbpMYPcxWGkg2NQUSOk7C4&_nc_ad=z-m&_nc_cid=1007&_nc_zt=23&_nc_ht=instagram.fqpa2-1.fna&_nc_gid=i0WVNSltBBtBZMld_QiciA&_nc_ss=7a22e&oh=00_AQEXezKQKLTebF6L1-4Q53oshrrGdQxlFh_KVpPH4RViYA&oe=6A964FDA,https://www.instagram.com/p/DcgDAMGj_Dr/
Bom Jesus Primavera do Leste 🛒,Outros,Gel Fixador Bozzano 300g,18.99,27/08/2026,https://instagram.fadl5-1.fna.fbcdn.net/v/t51.82787-15/787993259_18374687005237813_4471412213431393234_n.jpg?stp=dst-jpg_e35_tt6&_nc_cat=103&ig_cache_key=Mzk3Mjk0NzA1MzQ4MTkxNTUyNQ%3D%3D.3-ccb7-5&ccb=7-5&_nc_sid=58cdad&efg=eyJ2ZW5jb2RlX3RhZyI6IkZFRUQueHBpZHMuMTM1MC5zZHIucmVndWxhcl9waG90by5DMyJ9&_nc_ohc=TDgSfUoaAVwQ7kNvwEpJglj&_nc_oc=Adqu2KqnSf50G7TDxOquJ2uamr8oO9jzHi_BQy2aFOqyIb5SSEpi_QgfU5z94oW6Unw&_nc_ad=z-m&_nc_cid=0&_nc_zt=23&_nc_ht=instagram.fadl5-1.fna&_nc_gid=zss7cGQMVjPM9PMJWPayKQ&_nc_ss=7a22e&oh=00_AQH6uxTgwUTWP_uXSgSbjVJi8nei0-SRcac-_DjyWODW4Q&oe=6A96812E,https://www.instagram.com/p/DcivkuqOXSF/
Supermercado São Pedro,Outros,Músculo com Osso kg,24.48,25/08/2026,https://scontent-cdg4-1.cdninstagram.com/v/t39.30808-6/784428542_1503489418490841_697405957732902936_n.jpg?stp=dst-jpg_e35_tt6&_nc_cat=102&ig_cache_key=Mzk3MTgyNzk2NDE0ODc5MzU5NA%3D%3D.3-ccb7-5&ccb=7-5&_nc_sid=58cdad&efg=eyJ2ZW5jb2RlX3RhZyI6IkZFRUQueHBpZHMuMTYzOS5zZHIucmVndWxhcl9waG90by5DMiJ9&_nc_ohc=XsYkt3_1l6QQ7kNvwHvPqBK&_nc_oc=AdoxHccv3l1ezOe2SRiaKdoIKylxRFAMAa-bcY8i1nMbLQRho8hGGxaPwVCiK9K63Rk&_nc_ad=z-m&_nc_cid=0&_nc_zt=23&_nc_ht=scontent-cdg4-1.cdninstagram.com&_nc_gid=l2Ws1l6EHCFje39eqZ55ow&_nc_ss=7a22e&oh=00_AQFDMDGgiy16J0IXYT6xj-Xo6NU7bSN7xPfmly_JDARCug&oe=6A965EFA,https://www.instagram.com/p/DcexH1gDUD6/
Supermercado Tuiuiú,Outros,Ponta de Peito com Osso kg,24.99,26/08/2026,https://instagram.fqpa2-1.fna.fbcdn.net/v/t51.82787-15/786467846_18581501911067900_1635849977930495039_n.jpg?stp=dst-jpg_e35_tt6&_nc_cat=104&ig_cache_key=Mzk3MjE4NzkxMTEzMDgyMDgwNA%3D%3D.3-ccb7-5&ccb=7-5&_nc_sid=58cdad&efg=eyJ2ZW5jb2RlX3RhZyI6IkNBUk9VU0VMX0lURU0ueHBpZHMuMTA4MC5zZHIucmVndWxhcl9waG90by5DMyJ9&_nc_ohc=68dX_CMI8T8Q7kNvwHpguAF&_nc_oc=AdpvJ8hg4jzx9Q7uK8qPvuWvKrWMP08Oeehoujr6Wpc2QxbpMYPcxWGkg2NQUSOk7C4&_nc_ad=z-m&_nc_cid=1007&_nc_zt=23&_nc_ht=instagram.fqpa2-1.fna&_nc_gid=i0WVNSltBBtBZMld_QiciA&_nc_ss=7a22e&oh=00_AQEXezKQKLTebF6L1-4Q53oshrrGdQxlFh_KVpPH4RViYA&oe=6A964FDA,https://www.instagram.com/p/DcgDAMGj_Dr/
Supermercado Tuiuiú,Outros,Filé de Agulha kg,25.99,26/08/2026,https://instagram.fqpa2-1.fna.fbcdn.net/v/t51.82787-15/786467846_18581501911067900_1635849977930495039_n.jpg?stp=dst-jpg_e35_tt6&_nc_cat=104&ig_cache_key=Mzk3MjE4NzkxMTEzMDgyMDgwNA%3D%3D.3-ccb7-5&ccb=7-5&_nc_sid=58cdad&efg=eyJ2ZW5jb2RlX3RhZyI6IkNBUk9VU0VMX0lURU0ueHBpZHMuMTA4MC5zZHIucmVndWxhcl9waG90by5DMyJ9&_nc_ohc=68dX_CMI8T8Q7kNvwHpguAF&_nc_oc=AdpvJ8hg4jzx9Q7uK8qPvuWvKrWMP08Oeehoujr6Wpc2QxbpMYPcxWGkg2NQUSOk7C4&_nc_ad=z-m&_nc_cid=1007&_nc_zt=23&_nc_ht=instagram.fqpa2-1.fna&_nc_gid=i0WVNSltBBtBZMld_QiciA&_nc_ss=7a22e&oh=00_AQEXezKQKLTebF6L1-4Q53oshrrGdQxlFh_KVpPH4RViYA&oe=6A964FDA,https://www.instagram.com/p/DcgDAMGj_Dr/
Supermercado Tuiuiú,Outros,Salgadinho kg,29.99,26/08/2026,https://scontent-muc2-1.cdninstagram.com/v/t51.82787-15/786213187_18581670739067900_7614859529006382993_n.jpg?stp=dst-jpg_e35_tt6&_nc_cat=105&ig_cache_key=Mzk3MjU4MDUwMTEzMDg5NTg1Ng%3D%3D.3-ccb7-5&ccb=7-5&_nc_sid=58cdad&efg=eyJ2ZW5jb2RlX3RhZyI6IkNBUk9VU0VMX0lURU0ueHBpZHMuMTA4MC5zZHIucmVndWxhcl9waG90by5DMyJ9&_nc_ohc=PKu5sCqaXh0Q7kNvwEZtR1F&_nc_oc=AdrXnq9-E_K9Ar0dU2z_3MTrPlViu9NeiIkkLyH1ovDDVgRakx0nMLgvofX44g9PCKQdYELhczrdPChbWwcfmlyE&_nc_ad=z-m&_nc_cid=1088&_nc_zt=23&_nc_ht=scontent-muc2-1.cdninstagram.com&_nc_gid=wq5LuXijk1jgdzQyiugWpw&_nc_ss=7a22e&oh=00_AQFP-keuWSslHivgVtK2a45M4wCXZwnVyjGnvVIAzWEO8Q&oe=6A96826B,https://www.instagram.com/p/DchcQH5DdVj/
SUPERMERCADO PARANAENSE,Outros,Creme de Pentear Salon Line 1kg,29.99,24/08/2026,https://instagram.ffuk1-1.fna.fbcdn.net/v/t51.82787-15/786158033_17906990622496981_4554436689859059284_n.jpg?stp=dst-jpg_e35_tt6&_nc_cat=108&ig_cache_key=Mzk3MDc1Nzk3MTU2NDU0MjYxMQ%3D%3D.3-ccb7-5&ccb=7-5&_nc_sid=58cdad&efg=eyJ2ZW5jb2RlX3RhZyI6IkZFRUQueHBpZHMuMTM1MC5zZHIucmVndWxhcl9waG90by5DMyJ9&_nc_ohc=e8Edeo1LUSMQ7kNvwFDrBk2&_nc_oc=Adqzn6Bjmkdn0CVNHW8fWR-x4q2Jm9LyztIwrb1H_55ZiqTojaLtlvOKaXN5oVtaKDvrLYbvHsicZly3O1fwIZds&_nc_ad=z-m&_nc_cid=1700&_nc_zt=23&_nc_ht=instagram.ffuk1-1.fna&_nc_gid=oyc2vinubaI_F8oMEOxmWA&_nc_ss=7a22e&oh=00_AQFkRP_MezZhrd5PQXMlDm3GIkauDG_EplHb2Vb0e8p3tQ&oe=6A965F8B,https://www.instagram.com/p/Dca91ZQJ7qT/
Bom Jesus Primavera do Leste 🛒,Outros,Short Ribs e Shoulder Steak kg,31.99,26/08/2026,https://instagram.fktw4-1.fna.fbcdn.net/v/t51.82787-15/786837850_18374533663237813_2968687181146751427_n.jpg?stp=dst-jpg_e35_tt6&_nc_cat=100&ig_cache_key=Mzk3MjE2ODE2MTY3MzMwMjgxMg%3D%3D.3-ccb7-5&ccb=7-5&_nc_sid=58cdad&efg=eyJ2ZW5jb2RlX3RhZyI6IkNBUk9VU0VMX0lURU0ueHBpZHMuMTA4MC5zZHIucmVndWxhcl9waG90by5DMyJ9&_nc_ohc=wecasNb-bicQ7kNvwHn2Ans&_nc_oc=AdoaD9yhEQHxNxTT6dVW2831gh9YvtHOkjIyW0HrtAmSkQFq6pF2ab2IVMLYNpZqUqhBBxd2zWPq04gPZ1t49W4Z&_nc_ad=z-m&_nc_cid=0&_nc_zt=23&_nc_ht=instagram.fktw4-1.fna&_nc_gid=WvhUxQv6PEktrzXyczPSSw&_nc_ss=7a22e&oh=00_AQF4a0Y9_NKwZXJwWZHMF9uqX0FiNsV42rdgjR5KMV-Bpw&oe=6A9670CB,https://www.instagram.com/p/Dcf-fgoloPJ/
Bom Jesus Primavera do Leste 🛒,Outros,Creme Facial Garnier 85g,31.99,27/08/2026,https://instagram.fadl5-1.fna.fbcdn.net/v/t51.82787-15/787993259_18374687005237813_4471412213431393234_n.jpg?stp=dst-jpg_e35_tt6&_nc_cat=103&ig_cache_key=Mzk3Mjk0NzA1MzQ4MTkxNTUyNQ%3D%3D.3-ccb7-5&ccb=7-5&_nc_sid=58cdad&efg=eyJ2ZW5jb2RlX3RhZyI6IkZFRUQueHBpZHMuMTM1MC5zZHIucmVndWxhcl9waG90by5DMyJ9&_nc_ohc=TDgSfUoaAVwQ7kNvwEpJglj&_nc_oc=Adqu2KqnSf50G7TDxOquJ2uamr8oO9jzHi_BQy2aFOqyIb5SSEpi_QgfU5z94oW6Unw&_nc_ad=z-m&_nc_cid=0&_nc_zt=23&_nc_ht=instagram.fadl5-1.fna&_nc_gid=zss7cGQMVjPM9PMJWPayKQ&_nc_ss=7a22e&oh=00_AQH6uxTgwUTWP_uXSgSbjVJi8nei0-SRcac-_DjyWODW4Q&oe=6A96812E,https://www.instagram.com/p/DcivkuqOXSF/
Super Compras Supermercado,Outros,Ponta de Peito Bovina kg,34.99,22/08/2026,https://scontent-fra3-1.cdninstagram.com/v/t51.82787-15/781425562_18192143110391764_1116124836587707156_n.jpg?stp=dst-jpg_e35_tt6&_nc_cat=103&ig_cache_key=Mzk2ODk1MTQ4MDU4NDU2NzM5OQ%3D%3D.3-ccb7-5&ccb=7-5&_nc_sid=58cdad&efg=eyJ2ZW5jb2RlX3RhZyI6IkZFRUQueHBpZHMuMTQ0MC5zZHIucmVndWxhcl9waG90by5DMyJ9&_nc_ohc=hgLrqZMAdhsQ7kNvwEbw-5J&_nc_oc=AdqMJnvK7o8Kx-WAwUJ2fdrF5KLMr6OzsI_0vq4LJVMC41DGK35roPYoUOxAvCDM7Jg&_nc_ad=z-m&_nc_cid=0&_nc_zt=23&_nc_ht=scontent-fra3-1.cdninstagram.com&_nc_gid=FOgLUhHVTJ7XwYsIrtKNkQ&_nc_ss=7a22e&oh=00_AQHPwVnGq7ROV6gjQY2UsBm9sW934g0A9MrJcEShyx3c8g&oe=6A967AA0,https://www.instagram.com/p/DcUjFfbAPpn/
Machadão Atacadista,Outros,Frigideira Wok Alumínio sem Tampa Loreto Tramontina 28cm,52.9,27/08/2026,https://instagram.fyto2-1.fna.fbcdn.net/v/t39.30808-6/786141071_1360550506164907_1343288441209680541_n.jpg?stp=dst-jpg_e35_tt6&_nc_cat=100&ig_cache_key=Mzk3MzE1NjQ3MjAxNjIzNDQ4NA%3D%3D.3-ccb7-5&ccb=7-5&_nc_sid=58cdad&efg=eyJ2ZW5jb2RlX3RhZyI6IkNBUk9VU0VMX0lURU0ueHBpZHMuMTYzOC5zZHIucmVndWxhcl9waG90by5DMyJ9&_nc_ohc=aMK5GLv5FBcQ7kNvwEDMxh0&_nc_oc=AdpWuxL4VLkbZ6DZN4-vuIq-jU9vlST0z0KDqlNXDoTt1WlcYsRB4fwhiJICSYvj0xw&_nc_ad=z-m&_nc_cid=0&_nc_zt=23&_nc_ht=instagram.fyto2-1.fna&_nc_gid=IXal9zDDXfZ0GyqCGxQXgg&_nc_ss=7a22e&oh=00_AQHbXvyWTmBTgINHFv510Kl1nd7qoQ2vyD-goSfn6iagJA&oe=6A9682F9,https://www.instagram.com/p/DcjfMcbkgCV/
Bom Jesus Primavera do Leste 🛒,Padaria / Congelados,Pão de Queijo Cuiabá 1kg,9.99,26/08/2026,https://instagram.fktw1-1.fna.fbcdn.net/v/t51.82787-15/786656678_18374533654237813_1357775697752571265_n.jpg?stp=dst-jpg_e35_tt6&_nc_cat=102&ig_cache_key=Mzk3MjE2ODE2MTUzODk3MjI2NA%3D%3D.3-ccb7-5&ccb=7-5&_nc_sid=58cdad&efg=eyJ2ZW5jb2RlX3RhZyI6IkNBUk9VU0VMX0lURU0ueHBpZHMuMTA4MC5zZHIucmVndWxhcl9waG90by5DMyJ9&_nc_ohc=E3K-BzvU7NkQ7kNvwHdQvVN&_nc_oc=Adr2jz83g1HMFZbddfvWSC0pL4rnuXe_n9d4o8qnNRSzg_ggtsdVyqHY1_rraZXke4fM-PacFcpd2ny--CV4tB30&_nc_ad=z-m&_nc_cid=0&_nc_zt=23&_nc_ht=instagram.fktw1-1.fna&_nc_gid=WvhUxQv6PEktrzXyczPSSw&_nc_ss=7a22e&oh=00_AQGA5eHj920O_UhzUyPP2raQEwWZYO8b3KtcsEODu3jKRg&oe=6A9666A5,https://www.instagram.com/p/Dcf-fgoloPJ/
Supermercado Tuiuiú,Padaria / Congelados,Pão de Queijo kg,18.99,26/08/2026,https://scontent-muc2-1.cdninstagram.com/v/t51.82787-15/786213187_18581670739067900_7614859529006382993_n.jpg?stp=dst-jpg_e35_tt6&_nc_cat=105&ig_cache_key=Mzk3MjU4MDUwMTEzMDg5NTg1Ng%3D%3D.3-ccb7-5&ccb=7-5&_nc_sid=58cdad&efg=eyJ2ZW5jb2RlX3RhZyI6IkNBUk9VU0VMX0lURU0ueHBpZHMuMTA4MC5zZHIucmVndWxhcl9waG90by5DMyJ9&_nc_ohc=PKu5sCqaXh0Q7kNvwEZtR1F&_nc_oc=AdrXnq9-E_K9Ar0dU2z_3MTrPlViu9NeiIkkLyH1ovDDVgRakx0nMLgvofX44g9PCKQdYELhczrdPChbWwcfmlyE&_nc_ad=z-m&_nc_cid=1088&_nc_zt=23&_nc_ht=scontent-muc2-1.cdninstagram.com&_nc_gid=wq5LuXijk1jgdzQyiugWpw&_nc_ss=7a22e&oh=00_AQFP-keuWSslHivgVtK2a45M4wCXZwnVyjGnvVIAzWEO8Q&oe=6A96826B,https://www.instagram.com/p/DchcQH5DdVj/
Super Compras Supermercado,Padaria / Congelados,Pão de Queijo kg,19.99,27/08/2026,https://scontent-ams2-1.cdninstagram.com/v/t51.82787-15/788172202_18192669184391764_5816935157600731829_n.jpg?stp=dst-jpg_e35_tt6&_nc_cat=102&ig_cache_key=Mzk3MjU2Mjg0NTk4OTQwNjA0Mw%3D%3D.3-ccb7-5&ccb=7-5&_nc_sid=58cdad&efg=eyJ2ZW5jb2RlX3RhZyI6IkZFRUQueHBpZHMuMTQ0MC5zZHIucmVndWxhcl9waG90by5DMyJ9&_nc_ohc=6V6MUSXxtWEQ7kNvwEiX9Iy&_nc_oc=AdrQCKzt2IP-ocFF-FbaYs3Q4kwNC6iyh3WBRnpuYUxZJFYGurB5QVHUAv2UKzzbNhLZr8L5iiVMZ__Z0GwnMa4v&_nc_ad=z-m&_nc_cid=0&_nc_zt=23&_nc_ht=scontent-ams2-1.cdninstagram.com&_nc_gid=_6Bjz1Qe-apFUvGe8-R7zg&_nc_ss=7a22e&oh=00_AQHDedMdFifYxvYbiz35fID0ZSN6roivKw5gK-ObWEzJCw&oe=6A9672A8,https://www.instagram.com/p/DchYNxjHQVb/
Supermercado Tuiuiú,Padaria / Pães,Pão Francês kg,9.99,26/08/2026,https://scontent-muc2-1.cdninstagram.com/v/t51.82787-15/786213187_18581670739067900_7614859529006382993_n.jpg?stp=dst-jpg_e35_tt6&_nc_cat=105&ig_cache_key=Mzk3MjU4MDUwMTEzMDg5NTg1Ng%3D%3D.3-ccb7-5&ccb=7-5&_nc_sid=58cdad&efg=eyJ2ZW5jb2RlX3RhZyI6IkNBUk9VU0VMX0lURU0ueHBpZHMuMTA4MC5zZHIucmVndWxhcl9waG90by5DMyJ9&_nc_ohc=PKu5sCqaXh0Q7kNvwEZtR1F&_nc_oc=AdrXnq9-E_K9Ar0dU2z_3MTrPlViu9NeiIkkLyH1ovDDVgRakx0nMLgvofX44g9PCKQdYELhczrdPChbWwcfmlyE&_nc_ad=z-m&_nc_cid=1088&_nc_zt=23&_nc_ht=scontent-muc2-1.cdninstagram.com&_nc_gid=wq5LuXijk1jgdzQyiugWpw&_nc_ss=7a22e&oh=00_AQFP-keuWSslHivgVtK2a45M4wCXZwnVyjGnvVIAzWEO8Q&oe=6A96826B,https://www.instagram.com/p/DchcQH5DdVj/
Super Compras Supermercado,Padaria / Pães,Pão de Alho Boua 300g,10.99,21/08/2026,https://instagram.ftgz2-1.fna.fbcdn.net/v/t51.82787-15/780140079_18192045034391764_7683991793781918786_n.jpg?stp=dst-jpg_e35_tt6&_nc_cat=103&ig_cache_key=Mzk2ODIxODA0ODc2ODI1MjE2NA%3D%3D.3-ccb7-5&ccb=7-5&_nc_sid=58cdad&efg=eyJ2ZW5jb2RlX3RhZyI6IkZFRUQueHBpZHMuMTQ0MC5zZHIucmVndWxhcl9waG90by5DMyJ9&_nc_ohc=Su6wo4o_AAEQ7kNvwHKsvI3&_nc_oc=AdqHpQCsDBNaEZ5-X3EB8Zab-Osn52r0xSN9LEgOV7g7pquqHCd3QeJEZZEJGdA8DBdiiAxREbsS1CzcBJWTbAD1&_nc_ad=z-m&_nc_cid=0&_nc_zt=23&_nc_ht=instagram.ftgz2-1.fna&_nc_gid=oHv5kAUjL6YyUqpH14-hmg&_nc_ss=7a22e&oh=00_AQEbsXV5g3m3qWtjHn92eEIkWanBuU9SlaCt1suJ0gW0tA&oe=6A966A2E,https://www.instagram.com/p/DcR8Up0IBkE/
Machadão Atacadista,Padaria / Pães,Faca Para Pão Inox 7 Plenus Tramontina,15.9,27/08/2026,https://instagram.fyto2-1.fna.fbcdn.net/v/t39.30808-6/786141071_1360550506164907_1343288441209680541_n.jpg?stp=dst-jpg_e35_tt6&_nc_cat=100&ig_cache_key=Mzk3MzE1NjQ3MjAxNjIzNDQ4NA%3D%3D.3-ccb7-5&ccb=7-5&_nc_sid=58cdad&efg=eyJ2ZW5jb2RlX3RhZyI6IkNBUk9VU0VMX0lURU0ueHBpZHMuMTYzOC5zZHIucmVndWxhcl9waG90by5DMyJ9&_nc_ohc=aMK5GLv5FBcQ7kNvwEDMxh0&_nc_oc=AdpWuxL4VLkbZ6DZN4-vuIq-jU9vlST0z0KDqlNXDoTt1WlcYsRB4fwhiJICSYvj0xw&_nc_ad=z-m&_nc_cid=0&_nc_zt=23&_nc_ht=instagram.fyto2-1.fna&_nc_gid=IXal9zDDXfZ0GyqCGxQXgg&_nc_ss=7a22e&oh=00_AQHbXvyWTmBTgINHFv510Kl1nd7qoQ2vyD-goSfn6iagJA&oe=6A9682F9,https://www.instagram.com/p/DcjfMcbkgCV/
Machadão Atacadista,Pet Shop,Espeto de Bambu Theoto 30cm,3.99,27/08/2026,https://instagram.fyto2-1.fna.fbcdn.net/v/t39.30808-6/786141071_1360550506164907_1343288441209680541_n.jpg?stp=dst-jpg_e35_tt6&_nc_cat=100&ig_cache_key=Mzk3MzE1NjQ3MjAxNjIzNDQ4NA%3D%3D.3-ccb7-5&ccb=7-5&_nc_sid=58cdad&efg=eyJ2ZW5jb2RlX3RhZyI6IkNBUk9VU0VMX0lURU0ueHBpZHMuMTYzOC5zZHIucmVndWxhcl9waG90by5DMyJ9&_nc_ohc=aMK5GLv5FBcQ7kNvwEDMxh0&_nc_oc=AdpWuxL4VLkbZ6DZN4-vuIq-jU9vlST0z0KDqlNXDoTt1WlcYsRB4fwhiJICSYvj0xw&_nc_ad=z-m&_nc_cid=0&_nc_zt=23&_nc_ht=instagram.fyto2-1.fna&_nc_gid=IXal9zDDXfZ0GyqCGxQXgg&_nc_ss=7a22e&oh=00_AQHbXvyWTmBTgINHFv510Kl1nd7qoQ2vyD-goSfn6iagJA&oe=6A9682F9,https://www.instagram.com/p/DcjfMcbkgCV/
Super Compras Supermercado,Pet Shop,Coração Bovino kg,6.99,27/08/2026,https://scontent-ams2-1.cdninstagram.com/v/t51.82787-15/788172202_18192669184391764_5816935157600731829_n.jpg?stp=dst-jpg_e35_tt6&_nc_cat=102&ig_cache_key=Mzk3MjU2Mjg0NTk4OTQwNjA0Mw%3D%3D.3-ccb7-5&ccb=7-5&_nc_sid=58cdad&efg=eyJ2ZW5jb2RlX3RhZyI6IkZFRUQueHBpZHMuMTQ0MC5zZHIucmVndWxhcl9waG90by5DMyJ9&_nc_ohc=6V6MUSXxtWEQ7kNvwEiX9Iy&_nc_oc=AdrQCKzt2IP-ocFF-FbaYs3Q4kwNC6iyh3WBRnpuYUxZJFYGurB5QVHUAv2UKzzbNhLZr8L5iiVMZ__Z0GwnMa4v&_nc_ad=z-m&_nc_cid=0&_nc_zt=23&_nc_ht=scontent-ams2-1.cdninstagram.com&_nc_gid=_6Bjz1Qe-apFUvGe8-R7zg&_nc_ss=7a22e&oh=00_AQHDedMdFifYxvYbiz35fID0ZSN6roivKw5gK-ObWEzJCw&oe=6A9672A8,https://www.instagram.com/p/DchYNxjHQVb/
Machadão Atacadista,Pet Shop,Ração Para Cães Gold Premium Filhote Bob Dog 15kg,144.9,27/08/2026,https://instagram.fyto2-1.fna.fbcdn.net/v/t39.30808-6/786141071_1360550506164907_1343288441209680541_n.jpg?stp=dst-jpg_e35_tt6&_nc_cat=100&ig_cache_key=Mzk3MzE1NjQ3MjAxNjIzNDQ4NA%3D%3D.3-ccb7-5&ccb=7-5&_nc_sid=58cdad&efg=eyJ2ZW5jb2RlX3RhZyI6IkNBUk9VU0VMX0lURU0ueHBpZHMuMTYzOC5zZHIucmVndWxhcl9waG90by5DMyJ9&_nc_ohc=aMK5GLv5FBcQ7kNvwEDMxh0&_nc_oc=AdpWuxL4VLkbZ6DZN4-vuIq-jU9vlST0z0KDqlNXDoTt1WlcYsRB4fwhiJICSYvj0xw&_nc_ad=z-m&_nc_cid=0&_nc_zt=23&_nc_ht=instagram.fyto2-1.fna&_nc_gid=IXal9zDDXfZ0GyqCGxQXgg&_nc_ss=7a22e&oh=00_AQHbXvyWTmBTgINHFv510Kl1nd7qoQ2vyD-goSfn6iagJA&oe=6A9682F9,https://www.instagram.com/p/DcjfMcbkgCV/
