supermercado,categoria,item,valor,data_postagem,link,post_url
Supermercado São Pedro,Bebidas / Alcoólicos Diversos,Milho Verde Fugini 170g,3.29,31/08/2026,https://scontent-ord5-2.cdninstagram.com/v/t39.30808-6/790341028_1508698111303305_6101754768913825516_n.jpg?stp=c0.0.1638.2048a_dst-jpg_e35_s1638x2048_tt6&_nc_cat=107&ig_cache_key=Mzk3NjE3NTA3NTg4NzQ4NDk5OQ%3D%3D.3-ccb7-5&ccb=7-5&_nc_sid=58cdad&efg=eyJ2ZW5jb2RlX3RhZyI6IkNBUk9VU0VMX0lURU0ueHBpZHMuMTYzOS5zZHIucmVndWxhcl9waG90by5DMyJ9&_nc_ohc=3okOtetE7JoQ7kNvwHGwXBk&_nc_oc=AdqeSxT5kE3rFEOMi7-YN1yuLdpL5xJsPPu11Pc2CINK1LsOw-xFjJW925AuBZyeTVeXA0jedfrTjBhduOjZE6UA&_nc_ad=z-m&_nc_cid=1087&_nc_zt=23&_nc_ht=scontent-ord5-2.cdninstagram.com&_nc_gid=8zJsSQ99jKbPuQyWDjwUag&_nc_ss=7a22e&oh=00_AQInuPYdyY17rMEkFKuPyE7z4TNXKO9r9Y11F9MzXZMbMQ&oe=6AA098A7,https://www.instagram.com/p/DcuNi7YiX2_/
Supermercado São Pedro,Bebidas / Alcoólicos Diversos,Espumante Aurora Moscatel Branco 750ml,42.99,31/08/2026,https://scontent-ord5-2.cdninstagram.com/v/t39.30808-6/790651262_1508698107969972_5998080027560533600_n.jpg?stp=c0.0.1638.2048a_dst-jpg_e35_s1638x2048_tt6&_nc_cat=100&ig_cache_key=Mzk3NjE3NTA3NTkzNzgyODUwNQ%3D%3D.3-ccb7-5&ccb=7-5&_nc_sid=58cdad&efg=eyJ2ZW5jb2RlX3RhZyI6IkNBUk9VU0VMX0lURU0ueHBpZHMuMTYzOS5zZHIucmVndWxhcl9waG90by5DMyJ9&_nc_ohc=oxBXcFaL888Q7kNvwHEYKt3&_nc_oc=AdrFkBQWqbFnDjKA0e4rOxbt1AvJOHwNUftvlfOhtjQUqAWWH-C7ZUiZWFAUK3K_9gjJ_7pGjVduUE9BVfDsSTlL&_nc_ad=z-m&_nc_cid=1087&_nc_zt=23&_nc_ht=scontent-ord5-2.cdninstagram.com&_nc_gid=8zJsSQ99jKbPuQyWDjwUag&_nc_ss=7a22e&oh=00_AQI4bD6n7OOHtfIk9hxXshosARLJ-6zWtujAuhQYsNZA9A&oe=6AA084C9,https://www.instagram.com/p/DcuNi7YiX2_/
Supermercado São Pedro,Bebidas / Cervejas,Achocolatado Pirakids 200ml,1.49,31/08/2026,https://scontent-ord5-2.cdninstagram.com/v/t39.30808-6/790341028_1508698111303305_6101754768913825516_n.jpg?stp=c0.0.1638.2048a_dst-jpg_e35_s1638x2048_tt6&_nc_cat=107&ig_cache_key=Mzk3NjE3NTA3NTg4NzQ4NDk5OQ%3D%3D.3-ccb7-5&ccb=7-5&_nc_sid=58cdad&efg=eyJ2ZW5jb2RlX3RhZyI6IkNBUk9VU0VMX0lURU0ueHBpZHMuMTYzOS5zZHIucmVndWxhcl9waG90by5DMyJ9&_nc_ohc=3okOtetE7JoQ7kNvwHGwXBk&_nc_oc=AdqeSxT5kE3rFEOMi7-YN1yuLdpL5xJsPPu11Pc2CINK1LsOw-xFjJW925AuBZyeTVeXA0jedfrTjBhduOjZE6UA&_nc_ad=z-m&_nc_cid=1087&_nc_zt=23&_nc_ht=scontent-ord5-2.cdninstagram.com&_nc_gid=8zJsSQ99jKbPuQyWDjwUag&_nc_ss=7a22e&oh=00_AQInuPYdyY17rMEkFKuPyE7z4TNXKO9r9Y11F9MzXZMbMQ&oe=6AA098A7,https://www.instagram.com/p/DcuNi7YiX2_/
Super Compras Supermercado,Bebidas / Cervejas,Cerveja Brahma Retornável 300ml,2.49,03/09/2026,https://instagram.ftls1-1.fna.fbcdn.net/v/t51.82787-15/792053703_18193426588391764_4096902630104938508_n.jpg?stp=dst-jpg_e35_tt6&_nc_cat=101&ig_cache_key=Mzk3NzYzNTQxMjMzMjA4NDUzMw%3D%3D.3-ccb7-5&ccb=7-5&_nc_sid=58cdad&efg=eyJ2ZW5jb2RlX3RhZyI6IkNBUk9VU0VMX0lURU0ueHBpZHMuMTQ0MC5zZHIucmVndWxhcl9waG90by5DMyJ9&_nc_ohc=-AUFiMQb1OoQ7kNvwGsLw-4&_nc_oc=AdoZdPOHZqxz-p8SGdeexmxNgQyCRXTLH5mfdocLd3szeN71DpLhomxJHCFO_GO-4R8&_nc_ad=z-m&_nc_cid=0&_nc_zt=23&_nc_ht=instagram.ftls1-1.fna&_nc_gid=7csfsUKuVDLcuOQCLIgMUA&_nc_ss=7a22e&oh=00_AQJ_Q_awmk0OEeZbP51zQR6fN9VGZXRLJ9I1g5P0XSOdTQ&oe=6AA0B74E,https://www.instagram.com/p/DczZl6tlIWo/
Supermercado São Pedro,Bebidas / Cervejas,Cerveja Amstel Ultra 275ml,5.19,31/08/2026,https://scontent-ord5-1.cdninstagram.com/v/t39.30808-6/790756054_1508698114636638_6053247548143654318_n.jpg?stp=c0.0.1638.2048a_dst-jpg_e35_s1638x2048_tt6&_nc_cat=109&ig_cache_key=Mzk3NjE3NTA3NTM3NTgzNTQzMQ%3D%3D.3-ccb7-5&ccb=7-5&_nc_sid=58cdad&efg=eyJ2ZW5jb2RlX3RhZyI6IkNBUk9VU0VMX0lURU0ueHBpZHMuMTYzOS5zZHIucmVndWxhcl9waG90by5DMyJ9&_nc_ohc=BeNfpyiWpaAQ7kNvwHdvss-&_nc_oc=Adof6ck7GZqpdX__j2nfm0EsMD2UBkJzrrtzfkU4ca5KIUn1HDdCTgY5rlXmwdnYkyzOYj0XrN7ODMqTU8KnjFap&_nc_ad=z-m&_nc_cid=1087&_nc_zt=23&_nc_ht=scontent-ord5-1.cdninstagram.com&_nc_gid=8zJsSQ99jKbPuQyWDjwUag&_nc_ss=7a22e&oh=00_AQLObuDZ_oLqEpG7xzzBFzxpzH0WAC9c6VZi4rQMt7iHMQ&oe=6AA0A0B9,https://www.instagram.com/p/DcuNi7YiX2_/
Super Compras Supermercado,Bebidas / Cervejas,Cerveja Budweiser 330ml,5.69,03/09/2026,https://instagram.ftls1-1.fna.fbcdn.net/v/t51.82787-15/792053703_18193426588391764_4096902630104938508_n.jpg?stp=dst-jpg_e35_tt6&_nc_cat=101&ig_cache_key=Mzk3NzYzNTQxMjMzMjA4NDUzMw%3D%3D.3-ccb7-5&ccb=7-5&_nc_sid=58cdad&efg=eyJ2ZW5jb2RlX3RhZyI6IkNBUk9VU0VMX0lURU0ueHBpZHMuMTQ0MC5zZHIucmVndWxhcl9waG90by5DMyJ9&_nc_ohc=-AUFiMQb1OoQ7kNvwGsLw-4&_nc_oc=AdoZdPOHZqxz-p8SGdeexmxNgQyCRXTLH5mfdocLd3szeN71DpLhomxJHCFO_GO-4R8&_nc_ad=z-m&_nc_cid=0&_nc_zt=23&_nc_ht=instagram.ftls1-1.fna&_nc_gid=7csfsUKuVDLcuOQCLIgMUA&_nc_ss=7a22e&oh=00_AQJ_Q_awmk0OEeZbP51zQR6fN9VGZXRLJ9I1g5P0XSOdTQ&oe=6AA0B74E,https://www.instagram.com/p/DczZl6tlIWo/
Super Compras Supermercado,Bebidas / Cervejas,Cerveja Corona 330ml,6.99,03/09/2026,https://instagram.ftls1-1.fna.fbcdn.net/v/t51.82787-15/792053703_18193426588391764_4096902630104938508_n.jpg?stp=dst-jpg_e35_tt6&_nc_cat=101&ig_cache_key=Mzk3NzYzNTQxMjMzMjA4NDUzMw%3D%3D.3-ccb7-5&ccb=7-5&_nc_sid=58cdad&efg=eyJ2ZW5jb2RlX3RhZyI6IkNBUk9VU0VMX0lURU0ueHBpZHMuMTQ0MC5zZHIucmVndWxhcl9waG90by5DMyJ9&_nc_ohc=-AUFiMQb1OoQ7kNvwGsLw-4&_nc_oc=AdoZdPOHZqxz-p8SGdeexmxNgQyCRXTLH5mfdocLd3szeN71DpLhomxJHCFO_GO-4R8&_nc_ad=z-m&_nc_cid=0&_nc_zt=23&_nc_ht=instagram.ftls1-1.fna&_nc_gid=7csfsUKuVDLcuOQCLIgMUA&_nc_ss=7a22e&oh=00_AQJ_Q_awmk0OEeZbP51zQR6fN9VGZXRLJ9I1g5P0XSOdTQ&oe=6AA0B74E,https://www.instagram.com/p/DczZl6tlIWo/
Supermercado Tuiuiú,Bebidas / Cervejas,Guaraná Antarctica 2L,7.99,01/09/2026,https://scontent-dus1-1.cdninstagram.com/v/t51.82787-15/791624359_18583372411067900_7913942695836634888_n.jpg?stp=dst-jpg_e35_tt6&_nc_cat=109&ig_cache_key=Mzk3NjkyOTE4MDM4OTQ5OTYzMA%3D%3D.3-ccb7-5&ccb=7-5&_nc_sid=58cdad&efg=eyJ2ZW5jb2RlX3RhZyI6IkNBUk9VU0VMX0lURU0ueHBpZHMuMTA4MC5zZHIucmVndWxhcl9waG90by5DMyJ9&_nc_ohc=jhhPqh_BfNMQ7kNvwEUnql8&_nc_oc=Adr_koFPHY980QHrxFJSvwCVmb2m5FXAYRxfc2GVuHj9c6vYvI-GD-O1_DkiN_Vr10YlUNfL7fFZWl9W9Fv9qRK0&_nc_ad=z-m&_nc_cid=0&_nc_zt=23&_nc_ht=scontent-dus1-1.cdninstagram.com&_nc_gid=ppUv2AVYBLXJJwItyjB7eA&_nc_ss=7a22e&oh=00_AQL0scphKuI8YbX0aGZFzjP31YoHE6xvCKRNqopTfCd0wg&oe=6AA0B861,https://www.instagram.com/p/Dcw5ArimFPm/
Supermercado São Pedro,Bebidas / Cervejas,Achocolatado Toddy 300g,7.99,31/08/2026,https://scontent-ord5-2.cdninstagram.com/v/t39.30808-6/790341028_1508698111303305_6101754768913825516_n.jpg?stp=c0.0.1638.2048a_dst-jpg_e35_s1638x2048_tt6&_nc_cat=107&ig_cache_key=Mzk3NjE3NTA3NTg4NzQ4NDk5OQ%3D%3D.3-ccb7-5&ccb=7-5&_nc_sid=58cdad&efg=eyJ2ZW5jb2RlX3RhZyI6IkNBUk9VU0VMX0lURU0ueHBpZHMuMTYzOS5zZHIucmVndWxhcl9waG90by5DMyJ9&_nc_ohc=3okOtetE7JoQ7kNvwHGwXBk&_nc_oc=AdqeSxT5kE3rFEOMi7-YN1yuLdpL5xJsPPu11Pc2CINK1LsOw-xFjJW925AuBZyeTVeXA0jedfrTjBhduOjZE6UA&_nc_ad=z-m&_nc_cid=1087&_nc_zt=23&_nc_ht=scontent-ord5-2.cdninstagram.com&_nc_gid=8zJsSQ99jKbPuQyWDjwUag&_nc_ss=7a22e&oh=00_AQInuPYdyY17rMEkFKuPyE7z4TNXKO9r9Y11F9MzXZMbMQ&oe=6AA098A7,https://www.instagram.com/p/DcuNi7YiX2_/
Supermercado Tuiuiú,Bebidas / Cervejas,Achocolatado Toddy 750g,15.99,02/09/2026,https://scontent-iad6-1.cdninstagram.com/v/t51.82787-15/792157898_18583652440067900_5431933029132674723_n.jpg?stp=dst-jpg_e35_tt6&_nc_cat=102&ig_cache_key=Mzk3NzY1NDAwMjM4NDcxMTU2Nw%3D%3D.3-ccb7-5&ccb=7-5&_nc_sid=58cdad&efg=eyJ2ZW5jb2RlX3RhZyI6IkNBUk9VU0VMX0lURU0ueHBpZHMuMTA4MC5zZHIucmVndWxhcl9waG90by5DMyJ9&_nc_ohc=oZgvBw2DbvkQ7kNvwESZzsW&_nc_oc=AdrBk4b7rJXJryZ9o4RM7lrMm4VTHrCcW303D016dggk9FDJ5-VE3AhMOjH2kYhTeoQ&_nc_ad=z-m&_nc_cid=0&_nc_zt=23&_nc_ht=scontent-iad6-1.cdninstagram.com&_nc_gid=1JG5_kC-xVnuMJsmS-GXLw&_nc_ss=7a22e&oh=00_AQIDIWOI2umubyQlGiXHZ9qm155i27PItz8qjRfESnvvgw&oe=6AA0AE3E,https://www.instagram.com/p/Dczd0LlkeC6/
Supermercado São Pedro,Bebidas / Cervejas,Cerveja Heineken 8x269ml,35.92,31/08/2026,https://scontent-ord5-1.cdninstagram.com/v/t39.30808-6/790756054_1508698114636638_6053247548143654318_n.jpg?stp=c0.0.1638.2048a_dst-jpg_e35_s1638x2048_tt6&_nc_cat=109&ig_cache_key=Mzk3NjE3NTA3NTM3NTgzNTQzMQ%3D%3D.3-ccb7-5&ccb=7-5&_nc_sid=58cdad&efg=eyJ2ZW5jb2RlX3RhZyI6IkNBUk9VU0VMX0lURU0ueHBpZHMuMTYzOS5zZHIucmVndWxhcl9waG90by5DMyJ9&_nc_ohc=BeNfpyiWpaAQ7kNvwHdvss-&_nc_oc=Adof6ck7GZqpdX__j2nfm0EsMD2UBkJzrrtzfkU4ca5KIUn1HDdCTgY5rlXmwdnYkyzOYj0XrN7ODMqTU8KnjFap&_nc_ad=z-m&_nc_cid=1087&_nc_zt=23&_nc_ht=scontent-ord5-1.cdninstagram.com&_nc_gid=8zJsSQ99jKbPuQyWDjwUag&_nc_ss=7a22e&oh=00_AQLObuDZ_oLqEpG7xzzBFzxpzH0WAC9c6VZi4rQMt7iHMQ&oe=6AA0A0B9,https://www.instagram.com/p/DcuNi7YiX2_/
Supermercado Tuiuiú,Bebidas / Cervejas,Cerveja Brahma 15x269ml,41.85,01/09/2026,https://scontent-dus1-1.cdninstagram.com/v/t51.82787-15/791624359_18583372411067900_7913942695836634888_n.jpg?stp=dst-jpg_e35_tt6&_nc_cat=109&ig_cache_key=Mzk3NjkyOTE4MDM4OTQ5OTYzMA%3D%3D.3-ccb7-5&ccb=7-5&_nc_sid=58cdad&efg=eyJ2ZW5jb2RlX3RhZyI6IkNBUk9VU0VMX0lURU0ueHBpZHMuMTA4MC5zZHIucmVndWxhcl9waG90by5DMyJ9&_nc_ohc=jhhPqh_BfNMQ7kNvwEUnql8&_nc_oc=Adr_koFPHY980QHrxFJSvwCVmb2m5FXAYRxfc2GVuHj9c6vYvI-GD-O1_DkiN_Vr10YlUNfL7fFZWl9W9Fv9qRK0&_nc_ad=z-m&_nc_cid=0&_nc_zt=23&_nc_ht=scontent-dus1-1.cdninstagram.com&_nc_gid=ppUv2AVYBLXJJwItyjB7eA&_nc_ss=7a22e&oh=00_AQL0scphKuI8YbX0aGZFzjP31YoHE6xvCKRNqopTfCd0wg&oe=6AA0B861,https://www.instagram.com/p/Dcw5ArimFPm/
Supermercado Tuiuiú,Bebidas / Cervejas,Cerveja Skol 15x269ml,41.85,01/09/2026,https://scontent-dus1-1.cdninstagram.com/v/t51.82787-15/791624359_18583372411067900_7913942695836634888_n.jpg?stp=dst-jpg_e35_tt6&_nc_cat=109&ig_cache_key=Mzk3NjkyOTE4MDM4OTQ5OTYzMA%3D%3D.3-ccb7-5&ccb=7-5&_nc_sid=58cdad&efg=eyJ2ZW5jb2RlX3RhZyI6IkNBUk9VU0VMX0lURU0ueHBpZHMuMTA4MC5zZHIucmVndWxhcl9waG90by5DMyJ9&_nc_ohc=jhhPqh_BfNMQ7kNvwEUnql8&_nc_oc=Adr_koFPHY980QHrxFJSvwCVmb2m5FXAYRxfc2GVuHj9c6vYvI-GD-O1_DkiN_Vr10YlUNfL7fFZWl9W9Fv9qRK0&_nc_ad=z-m&_nc_cid=0&_nc_zt=23&_nc_ht=scontent-dus1-1.cdninstagram.com&_nc_gid=ppUv2AVYBLXJJwItyjB7eA&_nc_ss=7a22e&oh=00_AQL0scphKuI8YbX0aGZFzjP31YoHE6xvCKRNqopTfCd0wg&oe=6AA0B861,https://www.instagram.com/p/Dcw5ArimFPm/
Supermercado São Pedro,Bebidas / Cervejas,Cerveja Brahma 15x269ml,41.85,31/08/2026,https://scontent-ord5-1.cdninstagram.com/v/t39.30808-6/790756054_1508698114636638_6053247548143654318_n.jpg?stp=c0.0.1638.2048a_dst-jpg_e35_s1638x2048_tt6&_nc_cat=109&ig_cache_key=Mzk3NjE3NTA3NTM3NTgzNTQzMQ%3D%3D.3-ccb7-5&ccb=7-5&_nc_sid=58cdad&efg=eyJ2ZW5jb2RlX3RhZyI6IkNBUk9VU0VMX0lURU0ueHBpZHMuMTYzOS5zZHIucmVndWxhcl9waG90by5DMyJ9&_nc_ohc=BeNfpyiWpaAQ7kNvwHdvss-&_nc_oc=Adof6ck7GZqpdX__j2nfm0EsMD2UBkJzrrtzfkU4ca5KIUn1HDdCTgY5rlXmwdnYkyzOYj0XrN7ODMqTU8KnjFap&_nc_ad=z-m&_nc_cid=1087&_nc_zt=23&_nc_ht=scontent-ord5-1.cdninstagram.com&_nc_gid=8zJsSQ99jKbPuQyWDjwUag&_nc_ss=7a22e&oh=00_AQLObuDZ_oLqEpG7xzzBFzxpzH0WAC9c6VZi4rQMt7iHMQ&oe=6AA0A0B9,https://www.instagram.com/p/DcuNi7YiX2_/
Super Compras Supermercado,Bebidas / Cervejas,Cerveja Brahma Multipack 15x269ml,41.85,03/09/2026,https://instagram.ftls1-1.fna.fbcdn.net/v/t51.82787-15/792053703_18193426588391764_4096902630104938508_n.jpg?stp=dst-jpg_e35_tt6&_nc_cat=101&ig_cache_key=Mzk3NzYzNTQxMjMzMjA4NDUzMw%3D%3D.3-ccb7-5&ccb=7-5&_nc_sid=58cdad&efg=eyJ2ZW5jb2RlX3RhZyI6IkNBUk9VU0VMX0lURU0ueHBpZHMuMTQ0MC5zZHIucmVndWxhcl9waG90by5DMyJ9&_nc_ohc=-AUFiMQb1OoQ7kNvwGsLw-4&_nc_oc=AdoZdPOHZqxz-p8SGdeexmxNgQyCRXTLH5mfdocLd3szeN71DpLhomxJHCFO_GO-4R8&_nc_ad=z-m&_nc_cid=0&_nc_zt=23&_nc_ht=instagram.ftls1-1.fna&_nc_gid=7csfsUKuVDLcuOQCLIgMUA&_nc_ss=7a22e&oh=00_AQJ_Q_awmk0OEeZbP51zQR6fN9VGZXRLJ9I1g5P0XSOdTQ&oe=6AA0B74E,https://www.instagram.com/p/DczZl6tlIWo/
Supermercado São Pedro,Bebidas / Cervejas,Cerveja Budweiser 15x269ml,43.35,31/08/2026,https://scontent-ord5-1.cdninstagram.com/v/t39.30808-6/790756054_1508698114636638_6053247548143654318_n.jpg?stp=c0.0.1638.2048a_dst-jpg_e35_s1638x2048_tt6&_nc_cat=109&ig_cache_key=Mzk3NjE3NTA3NTM3NTgzNTQzMQ%3D%3D.3-ccb7-5&ccb=7-5&_nc_sid=58cdad&efg=eyJ2ZW5jb2RlX3RhZyI6IkNBUk9VU0VMX0lURU0ueHBpZHMuMTYzOS5zZHIucmVndWxhcl9waG90by5DMyJ9&_nc_ohc=BeNfpyiWpaAQ7kNvwHdvss-&_nc_oc=Adof6ck7GZqpdX__j2nfm0EsMD2UBkJzrrtzfkU4ca5KIUn1HDdCTgY5rlXmwdnYkyzOYj0XrN7ODMqTU8KnjFap&_nc_ad=z-m&_nc_cid=1087&_nc_zt=23&_nc_ht=scontent-ord5-1.cdninstagram.com&_nc_gid=8zJsSQ99jKbPuQyWDjwUag&_nc_ss=7a22e&oh=00_AQLObuDZ_oLqEpG7xzzBFzxpzH0WAC9c6VZi4rQMt7iHMQ&oe=6AA0A0B9,https://www.instagram.com/p/DcuNi7YiX2_/
Super Compras Supermercado,Bebidas / Cervejas,Cerveja Budweiser Multipack 15x269ml,43.35,03/09/2026,https://instagram.ftls1-1.fna.fbcdn.net/v/t51.82787-15/792053703_18193426588391764_4096902630104938508_n.jpg?stp=dst-jpg_e35_tt6&_nc_cat=101&ig_cache_key=Mzk3NzYzNTQxMjMzMjA4NDUzMw%3D%3D.3-ccb7-5&ccb=7-5&_nc_sid=58cdad&efg=eyJ2ZW5jb2RlX3RhZyI6IkNBUk9VU0VMX0lURU0ueHBpZHMuMTQ0MC5zZHIucmVndWxhcl9waG90by5DMyJ9&_nc_ohc=-AUFiMQb1OoQ7kNvwGsLw-4&_nc_oc=AdoZdPOHZqxz-p8SGdeexmxNgQyCRXTLH5mfdocLd3szeN71DpLhomxJHCFO_GO-4R8&_nc_ad=z-m&_nc_cid=0&_nc_zt=23&_nc_ht=instagram.ftls1-1.fna&_nc_gid=7csfsUKuVDLcuOQCLIgMUA&_nc_ss=7a22e&oh=00_AQJ_Q_awmk0OEeZbP51zQR6fN9VGZXRLJ9I1g5P0XSOdTQ&oe=6AA0B74E,https://www.instagram.com/p/DczZl6tlIWo/
Supermercado São Pedro,Bebidas / Refrigerantes,Refrigerante Coca Cola 2.5L,11.29,31/08/2026,https://scontent-ord5-1.cdninstagram.com/v/t39.30808-6/790756054_1508698114636638_6053247548143654318_n.jpg?stp=c0.0.1638.2048a_dst-jpg_e35_s1638x2048_tt6&_nc_cat=109&ig_cache_key=Mzk3NjE3NTA3NTM3NTgzNTQzMQ%3D%3D.3-ccb7-5&ccb=7-5&_nc_sid=58cdad&efg=eyJ2ZW5jb2RlX3RhZyI6IkNBUk9VU0VMX0lURU0ueHBpZHMuMTYzOS5zZHIucmVndWxhcl9waG90by5DMyJ9&_nc_ohc=BeNfpyiWpaAQ7kNvwHdvss-&_nc_oc=Adof6ck7GZqpdX__j2nfm0EsMD2UBkJzrrtzfkU4ca5KIUn1HDdCTgY5rlXmwdnYkyzOYj0XrN7ODMqTU8KnjFap&_nc_ad=z-m&_nc_cid=1087&_nc_zt=23&_nc_ht=scontent-ord5-1.cdninstagram.com&_nc_gid=8zJsSQ99jKbPuQyWDjwUag&_nc_ss=7a22e&oh=00_AQLObuDZ_oLqEpG7xzzBFzxpzH0WAC9c6VZi4rQMt7iHMQ&oe=6AA0A0B9,https://www.instagram.com/p/DcuNi7YiX2_/
Supermercado São Pedro,Bebidas / Sucos e Diversos,Suco Kapo 200ml,2.39,31/08/2026,https://scontent-ord5-1.cdninstagram.com/v/t39.30808-6/790756054_1508698114636638_6053247548143654318_n.jpg?stp=c0.0.1638.2048a_dst-jpg_e35_s1638x2048_tt6&_nc_cat=109&ig_cache_key=Mzk3NjE3NTA3NTM3NTgzNTQzMQ%3D%3D.3-ccb7-5&ccb=7-5&_nc_sid=58cdad&efg=eyJ2ZW5jb2RlX3RhZyI6IkNBUk9VU0VMX0lURU0ueHBpZHMuMTYzOS5zZHIucmVndWxhcl9waG90by5DMyJ9&_nc_ohc=BeNfpyiWpaAQ7kNvwHdvss-&_nc_oc=Adof6ck7GZqpdX__j2nfm0EsMD2UBkJzrrtzfkU4ca5KIUn1HDdCTgY5rlXmwdnYkyzOYj0XrN7ODMqTU8KnjFap&_nc_ad=z-m&_nc_cid=1087&_nc_zt=23&_nc_ht=scontent-ord5-1.cdninstagram.com&_nc_gid=8zJsSQ99jKbPuQyWDjwUag&_nc_ss=7a22e&oh=00_AQLObuDZ_oLqEpG7xzzBFzxpzH0WAC9c6VZi4rQMt7iHMQ&oe=6AA0A0B9,https://www.instagram.com/p/DcuNi7YiX2_/
Supermercado São Pedro,Bebidas / Sucos e Diversos,Energético Red Bull 250ml,8.99,31/08/2026,https://scontent-ord5-1.cdninstagram.com/v/t39.30808-6/790756054_1508698114636638_6053247548143654318_n.jpg?stp=c0.0.1638.2048a_dst-jpg_e35_s1638x2048_tt6&_nc_cat=109&ig_cache_key=Mzk3NjE3NTA3NTM3NTgzNTQzMQ%3D%3D.3-ccb7-5&ccb=7-5&_nc_sid=58cdad&efg=eyJ2ZW5jb2RlX3RhZyI6IkNBUk9VU0VMX0lURU0ueHBpZHMuMTYzOS5zZHIucmVndWxhcl9waG90by5DMyJ9&_nc_ohc=BeNfpyiWpaAQ7kNvwHdvss-&_nc_oc=Adof6ck7GZqpdX__j2nfm0EsMD2UBkJzrrtzfkU4ca5KIUn1HDdCTgY5rlXmwdnYkyzOYj0XrN7ODMqTU8KnjFap&_nc_ad=z-m&_nc_cid=1087&_nc_zt=23&_nc_ht=scontent-ord5-1.cdninstagram.com&_nc_gid=8zJsSQ99jKbPuQyWDjwUag&_nc_ss=7a22e&oh=00_AQLObuDZ_oLqEpG7xzzBFzxpzH0WAC9c6VZi4rQMt7iHMQ&oe=6AA0A0B9,https://www.instagram.com/p/DcuNi7YiX2_/
Supermercado Tuiuiú,Bebidas / Sucos e Diversos,Monster 473ml,9.49,01/09/2026,https://scontent-dus1-1.cdninstagram.com/v/t51.82787-15/791624359_18583372411067900_7913942695836634888_n.jpg?stp=dst-jpg_e35_tt6&_nc_cat=109&ig_cache_key=Mzk3NjkyOTE4MDM4OTQ5OTYzMA%3D%3D.3-ccb7-5&ccb=7-5&_nc_sid=58cdad&efg=eyJ2ZW5jb2RlX3RhZyI6IkNBUk9VU0VMX0lURU0ueHBpZHMuMTA4MC5zZHIucmVndWxhcl9waG90by5DMyJ9&_nc_ohc=jhhPqh_BfNMQ7kNvwEUnql8&_nc_oc=Adr_koFPHY980QHrxFJSvwCVmb2m5FXAYRxfc2GVuHj9c6vYvI-GD-O1_DkiN_Vr10YlUNfL7fFZWl9W9Fv9qRK0&_nc_ad=z-m&_nc_cid=0&_nc_zt=23&_nc_ht=scontent-dus1-1.cdninstagram.com&_nc_gid=ppUv2AVYBLXJJwItyjB7eA&_nc_ss=7a22e&oh=00_AQL0scphKuI8YbX0aGZFzjP31YoHE6xvCKRNqopTfCd0wg&oe=6AA0B861,https://www.instagram.com/p/Dcw5ArimFPm/
Supermercado São Pedro,Bebidas / Sucos e Diversos,Suco de Uva Garibaldi 1.5L,16.99,31/08/2026,https://scontent-ord5-1.cdninstagram.com/v/t39.30808-6/790756054_1508698114636638_6053247548143654318_n.jpg?stp=c0.0.1638.2048a_dst-jpg_e35_s1638x2048_tt6&_nc_cat=109&ig_cache_key=Mzk3NjE3NTA3NTM3NTgzNTQzMQ%3D%3D.3-ccb7-5&ccb=7-5&_nc_sid=58cdad&efg=eyJ2ZW5jb2RlX3RhZyI6IkNBUk9VU0VMX0lURU0ueHBpZHMuMTYzOS5zZHIucmVndWxhcl9waG90by5DMyJ9&_nc_ohc=BeNfpyiWpaAQ7kNvwHdvss-&_nc_oc=Adof6ck7GZqpdX__j2nfm0EsMD2UBkJzrrtzfkU4ca5KIUn1HDdCTgY5rlXmwdnYkyzOYj0XrN7ODMqTU8KnjFap&_nc_ad=z-m&_nc_cid=1087&_nc_zt=23&_nc_ht=scontent-ord5-1.cdninstagram.com&_nc_gid=8zJsSQ99jKbPuQyWDjwUag&_nc_ss=7a22e&oh=00_AQLObuDZ_oLqEpG7xzzBFzxpzH0WAC9c6VZi4rQMt7iHMQ&oe=6AA0A0B9,https://www.instagram.com/p/DcuNi7YiX2_/
Machadão Atacadista,Bebidas / Sucos e Diversos,Abacaxi Pérola Caixa 10 Unidades,92.9,04/09/2026,https://scontent-waw2-1.cdninstagram.com/v/t39.30808-6/792149596_1366549022231722_1180479154644046527_n.jpg?stp=dst-jpg_e35_tt6&_nc_cat=109&ig_cache_key=Mzk3ODc2NDU2MDg4NzQ5NTcyNg%3D%3D.3-ccb7-5&ccb=7-5&_nc_sid=58cdad&efg=eyJ2ZW5jb2RlX3RhZyI6IkZFRUQueHBpZHMuMTYzOC5zZHIucmVndWxhcl9waG90by5DMyJ9&_nc_ohc=Kl8OwwTbxWkQ7kNvwE7-tLh&_nc_oc=AdpMlQVCwYM8_jt0nUiR94_kaRRl3RnTnrj7PNvZt78sY1UrCzAZCP9iRybkv_leDYM&_nc_ad=z-m&_nc_cid=0&_nc_zt=23&_nc_ht=scontent-waw2-1.cdninstagram.com&_nc_gid=oa5mGpY0sQjIK21dbQXGzw&_nc_ss=7a22e&oh=00_AQJrErO_G1ctl-zuPW_j7OUFybsvPS8DI2Q5obl9JTFT3w&oe=6AA08B8A,https://www.instagram.com/p/Dc3aUmonLwu/
Supermercado São Pedro,Carnes / Aves,Coxa e Sobrecoxa de Frango kg,8.29,31/08/2026,https://scontent-ord5-2.cdninstagram.com/v/t39.30808-6/790310368_1508698117969971_69530791300054474_n.jpg?stp=c0.0.1638.2047a_dst-jpg_e35_s1638x2047_tt6&_nc_cat=102&ig_cache_key=Mzk3NjE3NTA3NzMxMzU4MjExNA%3D%3D.3-ccb7-5&ccb=7-5&_nc_sid=58cdad&efg=eyJ2ZW5jb2RlX3RhZyI6IkNBUk9VU0VMX0lURU0ueHBpZHMuMTYzOC5zZHIucmVndWxhcl9waG90by5DMyJ9&_nc_ohc=g4n58O2K9cUQ7kNvwEpdfqA&_nc_oc=AdrBfYdtW6QCj9dmzx8to__xEp_v8TjuSJvoLBKQvfgXNqJ3Nh8aDiwShetpzvGYvu8B22EZDu01S8KzgQq6xCgA&_nc_ad=z-m&_nc_cid=1087&_nc_zt=23&_nc_ht=scontent-ord5-2.cdninstagram.com&_nc_gid=8zJsSQ99jKbPuQyWDjwUag&_nc_ss=7a22e&oh=00_AQIgUwelJQ9mFbjsG0w89wot2PjRfNnvl0cF2yLKg9yITg&oe=6AA0B95A,https://www.instagram.com/p/DcuNi7YiX2_/
Supermercado São Pedro,Carnes / Aves,Coxinha da Asa Seara 1kg,12.99,31/08/2026,https://scontent-ord5-2.cdninstagram.com/v/t39.30808-6/790651262_1508698107969972_5998080027560533600_n.jpg?stp=c0.0.1638.2048a_dst-jpg_e35_s1638x2048_tt6&_nc_cat=100&ig_cache_key=Mzk3NjE3NTA3NTkzNzgyODUwNQ%3D%3D.3-ccb7-5&ccb=7-5&_nc_sid=58cdad&efg=eyJ2ZW5jb2RlX3RhZyI6IkNBUk9VU0VMX0lURU0ueHBpZHMuMTYzOS5zZHIucmVndWxhcl9waG90by5DMyJ9&_nc_ohc=oxBXcFaL888Q7kNvwHEYKt3&_nc_oc=AdrFkBQWqbFnDjKA0e4rOxbt1AvJOHwNUftvlfOhtjQUqAWWH-C7ZUiZWFAUK3K_9gjJ_7pGjVduUE9BVfDsSTlL&_nc_ad=z-m&_nc_cid=1087&_nc_zt=23&_nc_ht=scontent-ord5-2.cdninstagram.com&_nc_gid=8zJsSQ99jKbPuQyWDjwUag&_nc_ss=7a22e&oh=00_AQI4bD6n7OOHtfIk9hxXshosARLJ-6zWtujAuhQYsNZA9A&oe=6AA084C9,https://www.instagram.com/p/DcuNi7YiX2_/
Super Compras Supermercado,Carnes / Aves,Coxinha da Asa de Frango Sadia 1kg,13.89,03/09/2026,https://instagram.ftls1-1.fna.fbcdn.net/v/t51.82787-15/792881933_18193426549391764_5492786927584962822_n.jpg?stp=dst-jpg_e35_tt6&_nc_cat=100&ig_cache_key=Mzk3NzYzNTM1MTY0OTA5ODM4NQ%3D%3D.3-ccb7-5&ccb=7-5&_nc_sid=58cdad&efg=eyJ2ZW5jb2RlX3RhZyI6IkNBUk9VU0VMX0lURU0ueHBpZHMuMTQ0MC5zZHIucmVndWxhcl9waG90by5DMyJ9&_nc_ohc=PucYJLO-nJYQ7kNvwG4_I-Q&_nc_oc=Adr0ugDetv3wqHvoAHs_Gh_s26Yh9kVbP26kWQYZssqf4P0Dm9-edaGdqKkceo9swmw&_nc_ad=z-m&_nc_cid=0&_nc_zt=23&_nc_ht=instagram.ftls1-1.fna&_nc_gid=7csfsUKuVDLcuOQCLIgMUA&_nc_ss=7a22e&oh=00_AQJHklB659T19XZVy3bzwkcw38dXnCWAysUA7xSPXv0qng&oe=6AA0A437,https://www.instagram.com/p/DczZl6tlIWo/
Bom Jesus Primavera do Leste 🛒,Carnes / Aves,Lasanha Sadia 600g,15.99,02/09/2026,https://scontent-ord5-1.cdninstagram.com/v/t51.82787-15/791996249_18375659671237813_7553928904625436317_n.jpg?stp=dst-jpg_e35_tt6&_nc_cat=111&ig_cache_key=Mzk3NzI1MTE3NjUwNzI0MTUyNg%3D%3D.3-ccb7-5&ccb=7-5&_nc_sid=58cdad&efg=eyJ2ZW5jb2RlX3RhZyI6IkNBUk9VU0VMX0lURU0ueHBpZHMuMTA4MC5zZHIucmVndWxhcl9waG90by5DMyJ9&_nc_ohc=3v9KwvC_0xcQ7kNvwHVixjr&_nc_oc=AdoyNvubAeTS6qmdyaPWsiD3-eWkJOclsgym7WhST5FNIXrUp6dCDn8S-mMD0LB0c5U&_nc_ad=z-m&_nc_cid=0&_nc_zt=23&_nc_ht=scontent-ord5-1.cdninstagram.com&_nc_gid=xWPWnCekOZ4RzjDvFnFUAA&_nc_ss=7a22e&oh=00_AQJkO7kje0ZoyEY2NobyTxk9rd4PWfd_VaGk50I15fqQlA&oe=6AA0859C,https://www.instagram.com/p/DcyCPB9lqMG/
Supermercado São Pedro,Carnes / Aves,Filé de Peito de Frango Sadia 1kg,17.49,31/08/2026,https://scontent-ord5-2.cdninstagram.com/v/t39.30808-6/790310368_1508698117969971_69530791300054474_n.jpg?stp=c0.0.1638.2047a_dst-jpg_e35_s1638x2047_tt6&_nc_cat=102&ig_cache_key=Mzk3NjE3NTA3NzMxMzU4MjExNA%3D%3D.3-ccb7-5&ccb=7-5&_nc_sid=58cdad&efg=eyJ2ZW5jb2RlX3RhZyI6IkNBUk9VU0VMX0lURU0ueHBpZHMuMTYzOC5zZHIucmVndWxhcl9waG90by5DMyJ9&_nc_ohc=g4n58O2K9cUQ7kNvwEpdfqA&_nc_oc=AdrBfYdtW6QCj9dmzx8to__xEp_v8TjuSJvoLBKQvfgXNqJ3Nh8aDiwShetpzvGYvu8B22EZDu01S8KzgQq6xCgA&_nc_ad=z-m&_nc_cid=1087&_nc_zt=23&_nc_ht=scontent-ord5-2.cdninstagram.com&_nc_gid=8zJsSQ99jKbPuQyWDjwUag&_nc_ss=7a22e&oh=00_AQIgUwelJQ9mFbjsG0w89wot2PjRfNnvl0cF2yLKg9yITg&oe=6AA0B95A,https://www.instagram.com/p/DcuNi7YiX2_/
Supermercado Tuiuiú,Carnes / Aves,Meio da Asa kg,27.99,01/09/2026,https://scontent-dus1-1.cdninstagram.com/v/t51.82787-15/791624359_18583372411067900_7913942695836634888_n.jpg?stp=dst-jpg_e35_tt6&_nc_cat=109&ig_cache_key=Mzk3NjkyOTE4MDM4OTQ5OTYzMA%3D%3D.3-ccb7-5&ccb=7-5&_nc_sid=58cdad&efg=eyJ2ZW5jb2RlX3RhZyI6IkNBUk9VU0VMX0lURU0ueHBpZHMuMTA4MC5zZHIucmVndWxhcl9waG90by5DMyJ9&_nc_ohc=jhhPqh_BfNMQ7kNvwEUnql8&_nc_oc=Adr_koFPHY980QHrxFJSvwCVmb2m5FXAYRxfc2GVuHj9c6vYvI-GD-O1_DkiN_Vr10YlUNfL7fFZWl9W9Fv9qRK0&_nc_ad=z-m&_nc_cid=0&_nc_zt=23&_nc_ht=scontent-dus1-1.cdninstagram.com&_nc_gid=ppUv2AVYBLXJJwItyjB7eA&_nc_ss=7a22e&oh=00_AQL0scphKuI8YbX0aGZFzjP31YoHE6xvCKRNqopTfCd0wg&oe=6AA0B861,https://www.instagram.com/p/Dcw5ArimFPm/
Supermercado Tuiuiú,Carnes / Bovina,Paleta Suína kg,7.99,01/09/2026,https://scontent-dus1-1.cdninstagram.com/v/t51.82787-15/788926706_18583372381067900_2731166898553094135_n.jpg?stp=dst-jpg_e35_tt6&_nc_cat=109&ig_cache_key=Mzk3NjkyOTE1NTI5MjE5NzQ4MQ%3D%3D.3-ccb7-5&ccb=7-5&_nc_sid=58cdad&efg=eyJ2ZW5jb2RlX3RhZyI6IkNBUk9VU0VMX0lURU0ueHBpZHMuMTA4MC5zZHIucmVndWxhcl9waG90by5DMyJ9&_nc_ohc=GzVxTrjWSxIQ7kNvwE-Ze-T&_nc_oc=AdqNqOF2HeKEMUiVbv8ibsV3CN2pnETrHlvOWXaNuANFZmbblaSAuyIF3NQMQ4dae9Mo5uJbBHYcDCrHxIxMFgPy&_nc_ad=z-m&_nc_cid=0&_nc_zt=23&_nc_ht=scontent-dus1-1.cdninstagram.com&_nc_gid=ppUv2AVYBLXJJwItyjB7eA&_nc_ss=7a22e&oh=00_AQLnGkLaDvolWkODiCOEp4gc0SF2siZABmFiqYM3XPjYng&oe=6AA094CD,https://www.instagram.com/p/Dcw5ArimFPm/
Super Compras Supermercado,Carnes / Bovina,Pernil Ou Paleta Suína kg,9.99,03/09/2026,https://instagram.ftls1-1.fna.fbcdn.net/v/t51.82787-15/792881933_18193426549391764_5492786927584962822_n.jpg?stp=dst-jpg_e35_tt6&_nc_cat=100&ig_cache_key=Mzk3NzYzNTM1MTY0OTA5ODM4NQ%3D%3D.3-ccb7-5&ccb=7-5&_nc_sid=58cdad&efg=eyJ2ZW5jb2RlX3RhZyI6IkNBUk9VU0VMX0lURU0ueHBpZHMuMTQ0MC5zZHIucmVndWxhcl9waG90by5DMyJ9&_nc_ohc=PucYJLO-nJYQ7kNvwG4_I-Q&_nc_oc=Adr0ugDetv3wqHvoAHs_Gh_s26Yh9kVbP26kWQYZssqf4P0Dm9-edaGdqKkceo9swmw&_nc_ad=z-m&_nc_cid=0&_nc_zt=23&_nc_ht=instagram.ftls1-1.fna&_nc_gid=7csfsUKuVDLcuOQCLIgMUA&_nc_ss=7a22e&oh=00_AQJHklB659T19XZVy3bzwkcw38dXnCWAysUA7xSPXv0qng&oe=6AA0A437,https://www.instagram.com/p/DczZl6tlIWo/
Supermercado Tuiuiú,Carnes / Bovina,Bisteca Suína kg,11.99,01/09/2026,https://scontent-dus1-1.cdninstagram.com/v/t51.82787-15/791624359_18583372411067900_7913942695836634888_n.jpg?stp=dst-jpg_e35_tt6&_nc_cat=109&ig_cache_key=Mzk3NjkyOTE4MDM4OTQ5OTYzMA%3D%3D.3-ccb7-5&ccb=7-5&_nc_sid=58cdad&efg=eyJ2ZW5jb2RlX3RhZyI6IkNBUk9VU0VMX0lURU0ueHBpZHMuMTA4MC5zZHIucmVndWxhcl9waG90by5DMyJ9&_nc_ohc=jhhPqh_BfNMQ7kNvwEUnql8&_nc_oc=Adr_koFPHY980QHrxFJSvwCVmb2m5FXAYRxfc2GVuHj9c6vYvI-GD-O1_DkiN_Vr10YlUNfL7fFZWl9W9Fv9qRK0&_nc_ad=z-m&_nc_cid=0&_nc_zt=23&_nc_ht=scontent-dus1-1.cdninstagram.com&_nc_gid=ppUv2AVYBLXJJwItyjB7eA&_nc_ss=7a22e&oh=00_AQL0scphKuI8YbX0aGZFzjP31YoHE6xvCKRNqopTfCd0wg&oe=6AA0B861,https://www.instagram.com/p/Dcw5ArimFPm/
Bom Jesus Primavera do Leste 🛒,Carnes / Bovina,Bisteca Suína Excelência kg,12.99,02/09/2026,https://scontent-ord5-1.cdninstagram.com/v/t51.82787-15/791996249_18375659671237813_7553928904625436317_n.jpg?stp=dst-jpg_e35_tt6&_nc_cat=111&ig_cache_key=Mzk3NzI1MTE3NjUwNzI0MTUyNg%3D%3D.3-ccb7-5&ccb=7-5&_nc_sid=58cdad&efg=eyJ2ZW5jb2RlX3RhZyI6IkNBUk9VU0VMX0lURU0ueHBpZHMuMTA4MC5zZHIucmVndWxhcl9waG90by5DMyJ9&_nc_ohc=3v9KwvC_0xcQ7kNvwHVixjr&_nc_oc=AdoyNvubAeTS6qmdyaPWsiD3-eWkJOclsgym7WhST5FNIXrUp6dCDn8S-mMD0LB0c5U&_nc_ad=z-m&_nc_cid=0&_nc_zt=23&_nc_ht=scontent-ord5-1.cdninstagram.com&_nc_gid=xWPWnCekOZ4RzjDvFnFUAA&_nc_ss=7a22e&oh=00_AQJkO7kje0ZoyEY2NobyTxk9rd4PWfd_VaGk50I15fqQlA&oe=6AA0859C,https://www.instagram.com/p/DcyCPB9lqMG/
Supermercado São Pedro,Carnes / Bovina,Bisteca Suína kg,13.99,31/08/2026,https://scontent-ord5-2.cdninstagram.com/v/t39.30808-6/790310368_1508698117969971_69530791300054474_n.jpg?stp=c0.0.1638.2047a_dst-jpg_e35_s1638x2047_tt6&_nc_cat=102&ig_cache_key=Mzk3NjE3NTA3NzMxMzU4MjExNA%3D%3D.3-ccb7-5&ccb=7-5&_nc_sid=58cdad&efg=eyJ2ZW5jb2RlX3RhZyI6IkNBUk9VU0VMX0lURU0ueHBpZHMuMTYzOC5zZHIucmVndWxhcl9waG90by5DMyJ9&_nc_ohc=g4n58O2K9cUQ7kNvwEpdfqA&_nc_oc=AdrBfYdtW6QCj9dmzx8to__xEp_v8TjuSJvoLBKQvfgXNqJ3Nh8aDiwShetpzvGYvu8B22EZDu01S8KzgQq6xCgA&_nc_ad=z-m&_nc_cid=1087&_nc_zt=23&_nc_ht=scontent-ord5-2.cdninstagram.com&_nc_gid=8zJsSQ99jKbPuQyWDjwUag&_nc_ss=7a22e&oh=00_AQIgUwelJQ9mFbjsG0w89wot2PjRfNnvl0cF2yLKg9yITg&oe=6AA0B95A,https://www.instagram.com/p/DcuNi7YiX2_/
Bom Jesus Primavera do Leste 🛒,Carnes / Bovina,Costela Suína Excelência kg,17.99,02/09/2026,https://scontent-ord5-1.cdninstagram.com/v/t51.82787-15/790945081_18375659686237813_9050728469318026865_n.jpg?stp=dst-jpg_e35_tt6&_nc_cat=108&ig_cache_key=Mzk3NzI1MTE3NjY2MzQyODAzOA%3D%3D.3-ccb7-5&ccb=7-5&_nc_sid=58cdad&efg=eyJ2ZW5jb2RlX3RhZyI6IkNBUk9VU0VMX0lURU0ueHBpZHMuMTA4MC5zZHIucmVndWxhcl9waG90by5DMyJ9&_nc_ohc=g7q-6pMExHYQ7kNvwFaSMfw&_nc_oc=AdqEHaaGTq9sVvaUo8jQ1794q0lDNWrIJIG9AjArmXpHDxhghglaZZEj3BZzvM7cJ7E&_nc_ad=z-m&_nc_cid=0&_nc_zt=23&_nc_ht=scontent-ord5-1.cdninstagram.com&_nc_gid=xWPWnCekOZ4RzjDvFnFUAA&_nc_ss=7a22e&oh=00_AQJA8SYlR1skpeYSEFpoc8BV74Okzh6wumxFDkOFI716UA&oe=6AA0A0E2,https://www.instagram.com/p/DcyCPB9lqMG/
Supermercado Tuiuiú,Carnes / Bovina,Carne Moída kg,19.99,01/09/2026,https://scontent-dus1-1.cdninstagram.com/v/t51.82787-15/788926706_18583372381067900_2731166898553094135_n.jpg?stp=dst-jpg_e35_tt6&_nc_cat=109&ig_cache_key=Mzk3NjkyOTE1NTI5MjE5NzQ4MQ%3D%3D.3-ccb7-5&ccb=7-5&_nc_sid=58cdad&efg=eyJ2ZW5jb2RlX3RhZyI6IkNBUk9VU0VMX0lURU0ueHBpZHMuMTA4MC5zZHIucmVndWxhcl9waG90by5DMyJ9&_nc_ohc=GzVxTrjWSxIQ7kNvwE-Ze-T&_nc_oc=AdqNqOF2HeKEMUiVbv8ibsV3CN2pnETrHlvOWXaNuANFZmbblaSAuyIF3NQMQ4dae9Mo5uJbBHYcDCrHxIxMFgPy&_nc_ad=z-m&_nc_cid=0&_nc_zt=23&_nc_ht=scontent-dus1-1.cdninstagram.com&_nc_gid=ppUv2AVYBLXJJwItyjB7eA&_nc_ss=7a22e&oh=00_AQLnGkLaDvolWkODiCOEp4gc0SF2siZABmFiqYM3XPjYng&oe=6AA094CD,https://www.instagram.com/p/Dcw5ArimFPm/
Supermercado Tuiuiú,Carnes / Bovina,Acém kg,19.99,01/09/2026,https://scontent-dus1-1.cdninstagram.com/v/t51.82787-15/788926706_18583372381067900_2731166898553094135_n.jpg?stp=dst-jpg_e35_tt6&_nc_cat=109&ig_cache_key=Mzk3NjkyOTE1NTI5MjE5NzQ4MQ%3D%3D.3-ccb7-5&ccb=7-5&_nc_sid=58cdad&efg=eyJ2ZW5jb2RlX3RhZyI6IkNBUk9VU0VMX0lURU0ueHBpZHMuMTA4MC5zZHIucmVndWxhcl9waG90by5DMyJ9&_nc_ohc=GzVxTrjWSxIQ7kNvwE-Ze-T&_nc_oc=AdqNqOF2HeKEMUiVbv8ibsV3CN2pnETrHlvOWXaNuANFZmbblaSAuyIF3NQMQ4dae9Mo5uJbBHYcDCrHxIxMFgPy&_nc_ad=z-m&_nc_cid=0&_nc_zt=23&_nc_ht=scontent-dus1-1.cdninstagram.com&_nc_gid=ppUv2AVYBLXJJwItyjB7eA&_nc_ss=7a22e&oh=00_AQLnGkLaDvolWkODiCOEp4gc0SF2siZABmFiqYM3XPjYng&oe=6AA094CD,https://www.instagram.com/p/Dcw5ArimFPm/
Super Compras Supermercado,Carnes / Bovina,Costela Bovina kg,21.99,03/09/2026,https://instagram.ftls1-1.fna.fbcdn.net/v/t51.82787-15/792881933_18193426549391764_5492786927584962822_n.jpg?stp=dst-jpg_e35_tt6&_nc_cat=100&ig_cache_key=Mzk3NzYzNTM1MTY0OTA5ODM4NQ%3D%3D.3-ccb7-5&ccb=7-5&_nc_sid=58cdad&efg=eyJ2ZW5jb2RlX3RhZyI6IkNBUk9VU0VMX0lURU0ueHBpZHMuMTQ0MC5zZHIucmVndWxhcl9waG90by5DMyJ9&_nc_ohc=PucYJLO-nJYQ7kNvwG4_I-Q&_nc_oc=Adr0ugDetv3wqHvoAHs_Gh_s26Yh9kVbP26kWQYZssqf4P0Dm9-edaGdqKkceo9swmw&_nc_ad=z-m&_nc_cid=0&_nc_zt=23&_nc_ht=instagram.ftls1-1.fna&_nc_gid=7csfsUKuVDLcuOQCLIgMUA&_nc_ss=7a22e&oh=00_AQJHklB659T19XZVy3bzwkcw38dXnCWAysUA7xSPXv0qng&oe=6AA0A437,https://www.instagram.com/p/DczZl6tlIWo/
Supermercado Tuiuiú,Carnes / Bovina,Paleta Bovina kg,23.99,01/09/2026,https://scontent-dus1-1.cdninstagram.com/v/t51.82787-15/788926706_18583372381067900_2731166898553094135_n.jpg?stp=dst-jpg_e35_tt6&_nc_cat=109&ig_cache_key=Mzk3NjkyOTE1NTI5MjE5NzQ4MQ%3D%3D.3-ccb7-5&ccb=7-5&_nc_sid=58cdad&efg=eyJ2ZW5jb2RlX3RhZyI6IkNBUk9VU0VMX0lURU0ueHBpZHMuMTA4MC5zZHIucmVndWxhcl9waG90by5DMyJ9&_nc_ohc=GzVxTrjWSxIQ7kNvwE-Ze-T&_nc_oc=AdqNqOF2HeKEMUiVbv8ibsV3CN2pnETrHlvOWXaNuANFZmbblaSAuyIF3NQMQ4dae9Mo5uJbBHYcDCrHxIxMFgPy&_nc_ad=z-m&_nc_cid=0&_nc_zt=23&_nc_ht=scontent-dus1-1.cdninstagram.com&_nc_gid=ppUv2AVYBLXJJwItyjB7eA&_nc_ss=7a22e&oh=00_AQLnGkLaDvolWkODiCOEp4gc0SF2siZABmFiqYM3XPjYng&oe=6AA094CD,https://www.instagram.com/p/Dcw5ArimFPm/
Bom Jesus Primavera do Leste 🛒,Carnes / Bovina,Paleta e Cabeça Lombo Sulbeef kg,32.99,02/09/2026,https://scontent-ord5-1.cdninstagram.com/v/t51.82787-15/790945081_18375659686237813_9050728469318026865_n.jpg?stp=dst-jpg_e35_tt6&_nc_cat=108&ig_cache_key=Mzk3NzI1MTE3NjY2MzQyODAzOA%3D%3D.3-ccb7-5&ccb=7-5&_nc_sid=58cdad&efg=eyJ2ZW5jb2RlX3RhZyI6IkNBUk9VU0VMX0lURU0ueHBpZHMuMTA4MC5zZHIucmVndWxhcl9waG90by5DMyJ9&_nc_ohc=g7q-6pMExHYQ7kNvwFaSMfw&_nc_oc=AdqEHaaGTq9sVvaUo8jQ1794q0lDNWrIJIG9AjArmXpHDxhghglaZZEj3BZzvM7cJ7E&_nc_ad=z-m&_nc_cid=0&_nc_zt=23&_nc_ht=scontent-ord5-1.cdninstagram.com&_nc_gid=xWPWnCekOZ4RzjDvFnFUAA&_nc_ss=7a22e&oh=00_AQJA8SYlR1skpeYSEFpoc8BV74Okzh6wumxFDkOFI716UA&oe=6AA0A0E2,https://www.instagram.com/p/DcyCPB9lqMG/
Super Compras Supermercado,Carnes / Bovina,Bisteca Bovina kg,37.99,03/09/2026,https://instagram.ftls1-1.fna.fbcdn.net/v/t51.82787-15/792881933_18193426549391764_5492786927584962822_n.jpg?stp=dst-jpg_e35_tt6&_nc_cat=100&ig_cache_key=Mzk3NzYzNTM1MTY0OTA5ODM4NQ%3D%3D.3-ccb7-5&ccb=7-5&_nc_sid=58cdad&efg=eyJ2ZW5jb2RlX3RhZyI6IkNBUk9VU0VMX0lURU0ueHBpZHMuMTQ0MC5zZHIucmVndWxhcl9waG90by5DMyJ9&_nc_ohc=PucYJLO-nJYQ7kNvwG4_I-Q&_nc_oc=Adr0ugDetv3wqHvoAHs_Gh_s26Yh9kVbP26kWQYZssqf4P0Dm9-edaGdqKkceo9swmw&_nc_ad=z-m&_nc_cid=0&_nc_zt=23&_nc_ht=instagram.ftls1-1.fna&_nc_gid=7csfsUKuVDLcuOQCLIgMUA&_nc_ss=7a22e&oh=00_AQJHklB659T19XZVy3bzwkcw38dXnCWAysUA7xSPXv0qng&oe=6AA0A437,https://www.instagram.com/p/DczZl6tlIWo/
Super Compras Supermercado,Carnes / Bovina,Alcatra Bovina kg,49.99,03/09/2026,https://instagram.ftls1-1.fna.fbcdn.net/v/t51.82787-15/792881933_18193426549391764_5492786927584962822_n.jpg?stp=dst-jpg_e35_tt6&_nc_cat=100&ig_cache_key=Mzk3NzYzNTM1MTY0OTA5ODM4NQ%3D%3D.3-ccb7-5&ccb=7-5&_nc_sid=58cdad&efg=eyJ2ZW5jb2RlX3RhZyI6IkNBUk9VU0VMX0lURU0ueHBpZHMuMTQ0MC5zZHIucmVndWxhcl9waG90by5DMyJ9&_nc_ohc=PucYJLO-nJYQ7kNvwG4_I-Q&_nc_oc=Adr0ugDetv3wqHvoAHs_Gh_s26Yh9kVbP26kWQYZssqf4P0Dm9-edaGdqKkceo9swmw&_nc_ad=z-m&_nc_cid=0&_nc_zt=23&_nc_ht=instagram.ftls1-1.fna&_nc_gid=7csfsUKuVDLcuOQCLIgMUA&_nc_ss=7a22e&oh=00_AQJHklB659T19XZVy3bzwkcw38dXnCWAysUA7xSPXv0qng&oe=6AA0A437,https://www.instagram.com/p/DczZl6tlIWo/
Bom Jesus Primavera do Leste 🛒,Carnes / Bovina,Contra Filé e Alcatra Sulbeef kg,49.99,02/09/2026,https://scontent-ord5-1.cdninstagram.com/v/t51.82787-15/790945081_18375659686237813_9050728469318026865_n.jpg?stp=dst-jpg_e35_tt6&_nc_cat=108&ig_cache_key=Mzk3NzI1MTE3NjY2MzQyODAzOA%3D%3D.3-ccb7-5&ccb=7-5&_nc_sid=58cdad&efg=eyJ2ZW5jb2RlX3RhZyI6IkNBUk9VU0VMX0lURU0ueHBpZHMuMTA4MC5zZHIucmVndWxhcl9waG90by5DMyJ9&_nc_ohc=g7q-6pMExHYQ7kNvwFaSMfw&_nc_oc=AdqEHaaGTq9sVvaUo8jQ1794q0lDNWrIJIG9AjArmXpHDxhghglaZZEj3BZzvM7cJ7E&_nc_ad=z-m&_nc_cid=0&_nc_zt=23&_nc_ht=scontent-ord5-1.cdninstagram.com&_nc_gid=xWPWnCekOZ4RzjDvFnFUAA&_nc_ss=7a22e&oh=00_AQJA8SYlR1skpeYSEFpoc8BV74Okzh6wumxFDkOFI716UA&oe=6AA0A0E2,https://www.instagram.com/p/DcyCPB9lqMG/
Bom Jesus Primavera do Leste 🛒,Carnes / Suína e Embutidos,Pernil Suíno Ochove kg,9.99,02/09/2026,https://scontent-ord5-1.cdninstagram.com/v/t51.82787-15/791996249_18375659671237813_7553928904625436317_n.jpg?stp=dst-jpg_e35_tt6&_nc_cat=111&ig_cache_key=Mzk3NzI1MTE3NjUwNzI0MTUyNg%3D%3D.3-ccb7-5&ccb=7-5&_nc_sid=58cdad&efg=eyJ2ZW5jb2RlX3RhZyI6IkNBUk9VU0VMX0lURU0ueHBpZHMuMTA4MC5zZHIucmVndWxhcl9waG90by5DMyJ9&_nc_ohc=3v9KwvC_0xcQ7kNvwHVixjr&_nc_oc=AdoyNvubAeTS6qmdyaPWsiD3-eWkJOclsgym7WhST5FNIXrUp6dCDn8S-mMD0LB0c5U&_nc_ad=z-m&_nc_cid=0&_nc_zt=23&_nc_ht=scontent-ord5-1.cdninstagram.com&_nc_gid=xWPWnCekOZ4RzjDvFnFUAA&_nc_ss=7a22e&oh=00_AQJkO7kje0ZoyEY2NobyTxk9rd4PWfd_VaGk50I15fqQlA&oe=6AA0859C,https://www.instagram.com/p/DcyCPB9lqMG/
Supermercado Tuiuiú,Carnes / Suína e Embutidos,Linguiça Nutribras kg,11.49,01/09/2026,https://scontent-dus1-1.cdninstagram.com/v/t51.82787-15/791624359_18583372411067900_7913942695836634888_n.jpg?stp=dst-jpg_e35_tt6&_nc_cat=109&ig_cache_key=Mzk3NjkyOTE4MDM4OTQ5OTYzMA%3D%3D.3-ccb7-5&ccb=7-5&_nc_sid=58cdad&efg=eyJ2ZW5jb2RlX3RhZyI6IkNBUk9VU0VMX0lURU0ueHBpZHMuMTA4MC5zZHIucmVndWxhcl9waG90by5DMyJ9&_nc_ohc=jhhPqh_BfNMQ7kNvwEUnql8&_nc_oc=Adr_koFPHY980QHrxFJSvwCVmb2m5FXAYRxfc2GVuHj9c6vYvI-GD-O1_DkiN_Vr10YlUNfL7fFZWl9W9Fv9qRK0&_nc_ad=z-m&_nc_cid=0&_nc_zt=23&_nc_ht=scontent-dus1-1.cdninstagram.com&_nc_gid=ppUv2AVYBLXJJwItyjB7eA&_nc_ss=7a22e&oh=00_AQL0scphKuI8YbX0aGZFzjP31YoHE6xvCKRNqopTfCd0wg&oe=6AA0B861,https://www.instagram.com/p/Dcw5ArimFPm/
Super Compras Supermercado,Carnes / Suína e Embutidos,Linguiça Suína Perdigão kg,15.99,03/09/2026,https://instagram.ftls1-1.fna.fbcdn.net/v/t51.82787-15/792881933_18193426549391764_5492786927584962822_n.jpg?stp=dst-jpg_e35_tt6&_nc_cat=100&ig_cache_key=Mzk3NzYzNTM1MTY0OTA5ODM4NQ%3D%3D.3-ccb7-5&ccb=7-5&_nc_sid=58cdad&efg=eyJ2ZW5jb2RlX3RhZyI6IkNBUk9VU0VMX0lURU0ueHBpZHMuMTQ0MC5zZHIucmVndWxhcl9waG90by5DMyJ9&_nc_ohc=PucYJLO-nJYQ7kNvwG4_I-Q&_nc_oc=Adr0ugDetv3wqHvoAHs_Gh_s26Yh9kVbP26kWQYZssqf4P0Dm9-edaGdqKkceo9swmw&_nc_ad=z-m&_nc_cid=0&_nc_zt=23&_nc_ht=instagram.ftls1-1.fna&_nc_gid=7csfsUKuVDLcuOQCLIgMUA&_nc_ss=7a22e&oh=00_AQJHklB659T19XZVy3bzwkcw38dXnCWAysUA7xSPXv0qng&oe=6AA0A437,https://www.instagram.com/p/DczZl6tlIWo/
Bom Jesus Primavera do Leste 🛒,Carnes / Suína e Embutidos,Linguiça Toscana Excelência kg,15.99,02/09/2026,https://scontent-ord5-1.cdninstagram.com/v/t51.82787-15/790945081_18375659686237813_9050728469318026865_n.jpg?stp=dst-jpg_e35_tt6&_nc_cat=108&ig_cache_key=Mzk3NzI1MTE3NjY2MzQyODAzOA%3D%3D.3-ccb7-5&ccb=7-5&_nc_sid=58cdad&efg=eyJ2ZW5jb2RlX3RhZyI6IkNBUk9VU0VMX0lURU0ueHBpZHMuMTA4MC5zZHIucmVndWxhcl9waG90by5DMyJ9&_nc_ohc=g7q-6pMExHYQ7kNvwFaSMfw&_nc_oc=AdqEHaaGTq9sVvaUo8jQ1794q0lDNWrIJIG9AjArmXpHDxhghglaZZEj3BZzvM7cJ7E&_nc_ad=z-m&_nc_cid=0&_nc_zt=23&_nc_ht=scontent-ord5-1.cdninstagram.com&_nc_gid=xWPWnCekOZ4RzjDvFnFUAA&_nc_ss=7a22e&oh=00_AQJA8SYlR1skpeYSEFpoc8BV74Okzh6wumxFDkOFI716UA&oe=6AA0A0E2,https://www.instagram.com/p/DcyCPB9lqMG/
Supermercado São Pedro,Carnes / Suína e Embutidos,Linguiça Calabresa kg,19.99,31/08/2026,https://scontent-ord5-2.cdninstagram.com/v/t39.30808-6/790310368_1508698117969971_69530791300054474_n.jpg?stp=c0.0.1638.2047a_dst-jpg_e35_s1638x2047_tt6&_nc_cat=102&ig_cache_key=Mzk3NjE3NTA3NzMxMzU4MjExNA%3D%3D.3-ccb7-5&ccb=7-5&_nc_sid=58cdad&efg=eyJ2ZW5jb2RlX3RhZyI6IkNBUk9VU0VMX0lURU0ueHBpZHMuMTYzOC5zZHIucmVndWxhcl9waG90by5DMyJ9&_nc_ohc=g4n58O2K9cUQ7kNvwEpdfqA&_nc_oc=AdrBfYdtW6QCj9dmzx8to__xEp_v8TjuSJvoLBKQvfgXNqJ3Nh8aDiwShetpzvGYvu8B22EZDu01S8KzgQq6xCgA&_nc_ad=z-m&_nc_cid=1087&_nc_zt=23&_nc_ht=scontent-ord5-2.cdninstagram.com&_nc_gid=8zJsSQ99jKbPuQyWDjwUag&_nc_ss=7a22e&oh=00_AQIgUwelJQ9mFbjsG0w89wot2PjRfNnvl0cF2yLKg9yITg&oe=6AA0B95A,https://www.instagram.com/p/DcuNi7YiX2_/
Supermercado Tuiuiú,Carnes / Suína e Embutidos,Presunto kg,24.99,02/09/2026,https://scontent-iad3-2.cdninstagram.com/v/t51.82787-15/791144761_18583652398067900_958727226358360668_n.jpg?stp=dst-jpg_e35_tt6&_nc_cat=111&ig_cache_key=Mzk3NzY1Mzk0MjczMzM5NzQxMQ%3D%3D.3-ccb7-5&ccb=7-5&_nc_sid=58cdad&efg=eyJ2ZW5jb2RlX3RhZyI6IkNBUk9VU0VMX0lURU0ueHBpZHMuMTA4MC5zZHIucmVndWxhcl9waG90by5DMyJ9&_nc_ohc=TEXxzSeVwpYQ7kNvwHCONI9&_nc_oc=AdoesDTdWeaxv6U3HOszcgAzaNZlZejBBQTMJy9ypoTgKOOenPiyrP_vKBw6v66hyxE&_nc_ad=z-m&_nc_cid=0&_nc_zt=23&_nc_ht=scontent-iad3-2.cdninstagram.com&_nc_gid=1JG5_kC-xVnuMJsmS-GXLw&_nc_ss=7a22e&oh=00_AQLaf5y_E8lXLh_Ow6v0PSwQ6wLa_ch1HF2b7yGRu30u-w&oe=6AA083F9,https://www.instagram.com/p/Dczd0LlkeC6/
Supermercado Tuiuiú,Congelados e Sobremesas,Pizza da Casa,13.99,02/09/2026,https://scontent-iad6-1.cdninstagram.com/v/t51.82787-15/788641002_18583652422067900_3667430572349833363_n.jpg?stp=dst-jpg_e35_tt6&_nc_cat=102&ig_cache_key=Mzk3NzY1Mzk3MzE4NDU0ODEyNA%3D%3D.3-ccb7-5&ccb=7-5&_nc_sid=58cdad&efg=eyJ2ZW5jb2RlX3RhZyI6IkNBUk9VU0VMX0lURU0ueHBpZHMuMTA4MC5zZHIucmVndWxhcl9waG90by5DMyJ9&_nc_ohc=-BRGYMz9GO4Q7kNvwHQQtJe&_nc_oc=AdqU7za29gnsIYoAiDo9Z5SP7rarKqkxJ4pJ4dWZAwZwKiTFKTkMxXWbANTVpjPzKOM&_nc_ad=z-m&_nc_cid=0&_nc_zt=23&_nc_ht=scontent-iad6-1.cdninstagram.com&_nc_gid=1JG5_kC-xVnuMJsmS-GXLw&_nc_ss=7a22e&oh=00_AQL8u6KUvPN2dv2Cn-rmTcoQYyHGSvq0BZmgdb9DDTI9qw&oe=6AA097A9,https://www.instagram.com/p/Dczd0LlkeC6/
Super Compras Supermercado,Congelados e Sobremesas,Pizza Super Compras,14.99,04/09/2026,https://scontent-itm1-1.cdninstagram.com/v/t51.82787-15/796298303_18193525567391764_7124319898545757571_n.jpg?stp=dst-jpg_e35_tt6&_nc_cat=108&ig_cache_key=Mzk3ODM2NjAyMzk5MzQwNDA1OA%3D%3D.3-ccb7-5&ccb=7-5&_nc_sid=58cdad&efg=eyJ2ZW5jb2RlX3RhZyI6IkZFRUQueHBpZHMuMTQ0MC5zZHIucmVndWxhcl9waG90by5DMyJ9&_nc_ohc=fICdMiSiG7UQ7kNvwEghJ5q&_nc_oc=AdrSz6iSak9jLIphpW5zDBvN6s7IXSDNS6s7wn26fC2A5pJVk828DZ8xxhQbMWpYvF2aH12ZtFFa4OX98k7Z1d5B&_nc_ad=z-m&_nc_cid=0&_nc_zt=23&_nc_ht=scontent-itm1-1.cdninstagram.com&_nc_gid=1DX8QF0Z4Nivm6AVosMyAw&_nc_ss=7a22e&oh=00_AQKWX1rFdCOPsLRvteQsvIJnfXfFmugf-N77Sl91H6eJHg&oe=6AA0980F,https://www.instagram.com/p/Dc1_tIOnCqa/
Bom Jesus Primavera do Leste 🛒,Congelados e Sobremesas,Batata Palito Sadia 2kg,27.99,02/09/2026,https://scontent-ord5-1.cdninstagram.com/v/t51.82787-15/791996249_18375659671237813_7553928904625436317_n.jpg?stp=dst-jpg_e35_tt6&_nc_cat=111&ig_cache_key=Mzk3NzI1MTE3NjUwNzI0MTUyNg%3D%3D.3-ccb7-5&ccb=7-5&_nc_sid=58cdad&efg=eyJ2ZW5jb2RlX3RhZyI6IkNBUk9VU0VMX0lURU0ueHBpZHMuMTA4MC5zZHIucmVndWxhcl9waG90by5DMyJ9&_nc_ohc=3v9KwvC_0xcQ7kNvwHVixjr&_nc_oc=AdoyNvubAeTS6qmdyaPWsiD3-eWkJOclsgym7WhST5FNIXrUp6dCDn8S-mMD0LB0c5U&_nc_ad=z-m&_nc_cid=0&_nc_zt=23&_nc_ht=scontent-ord5-1.cdninstagram.com&_nc_gid=xWPWnCekOZ4RzjDvFnFUAA&_nc_ss=7a22e&oh=00_AQJkO7kje0ZoyEY2NobyTxk9rd4PWfd_VaGk50I15fqQlA&oe=6AA0859C,https://www.instagram.com/p/DcyCPB9lqMG/
Super Compras Supermercado,Congelados e Sobremesas,Sorvete Gebon 2L,36.99,03/09/2026,https://instagram.ftls1-1.fna.fbcdn.net/v/t51.82787-15/792483899_18193426567391764_509850408603097530_n.jpg?stp=dst-jpg_e35_tt6&_nc_cat=110&ig_cache_key=Mzk3NzYzNTM3NDYwODMzNDY5Nw%3D%3D.3-ccb7-5&ccb=7-5&_nc_sid=58cdad&efg=eyJ2ZW5jb2RlX3RhZyI6IkNBUk9VU0VMX0lURU0ueHBpZHMuMTQ0MC5zZHIucmVndWxhcl9waG90by5DMyJ9&_nc_ohc=qyHggg7GT7kQ7kNvwFdg-di&_nc_oc=AdrQnUzvVYm99rthxDn3mOCYT3XB30opI-6F1W2Z2M5cKizTSpROpOx_kUB3RijdHeE&_nc_ad=z-m&_nc_cid=0&_nc_zt=23&_nc_ht=instagram.ftls1-1.fna&_nc_gid=7csfsUKuVDLcuOQCLIgMUA&_nc_ss=7a22e&oh=00_AQIMIJz0-bauHNuY4P3duqV8-j6UUIZ3waBI7m-TAZcD9A&oe=6AA0B882,https://www.instagram.com/p/DczZl6tlIWo/
Supermercado São Pedro,Higiene / Cuidados Pessoais,Sabonete Protex 85g,3.89,31/08/2026,https://scontent-ord5-2.cdninstagram.com/v/t39.30808-6/790341028_1508698111303305_6101754768913825516_n.jpg?stp=c0.0.1638.2048a_dst-jpg_e35_s1638x2048_tt6&_nc_cat=107&ig_cache_key=Mzk3NjE3NTA3NTg4NzQ4NDk5OQ%3D%3D.3-ccb7-5&ccb=7-5&_nc_sid=58cdad&efg=eyJ2ZW5jb2RlX3RhZyI6IkNBUk9VU0VMX0lURU0ueHBpZHMuMTYzOS5zZHIucmVndWxhcl9waG90by5DMyJ9&_nc_ohc=3okOtetE7JoQ7kNvwHGwXBk&_nc_oc=AdqeSxT5kE3rFEOMi7-YN1yuLdpL5xJsPPu11Pc2CINK1LsOw-xFjJW925AuBZyeTVeXA0jedfrTjBhduOjZE6UA&_nc_ad=z-m&_nc_cid=1087&_nc_zt=23&_nc_ht=scontent-ord5-2.cdninstagram.com&_nc_gid=8zJsSQ99jKbPuQyWDjwUag&_nc_ss=7a22e&oh=00_AQInuPYdyY17rMEkFKuPyE7z4TNXKO9r9Y11F9MzXZMbMQ&oe=6AA098A7,https://www.instagram.com/p/DcuNi7YiX2_/
Supermercado São Pedro,Higiene / Cuidados Pessoais,Shampoo Darling 350ml,7.49,31/08/2026,https://scontent-ord5-2.cdninstagram.com/v/t39.30808-6/790341028_1508698111303305_6101754768913825516_n.jpg?stp=c0.0.1638.2048a_dst-jpg_e35_s1638x2048_tt6&_nc_cat=107&ig_cache_key=Mzk3NjE3NTA3NTg4NzQ4NDk5OQ%3D%3D.3-ccb7-5&ccb=7-5&_nc_sid=58cdad&efg=eyJ2ZW5jb2RlX3RhZyI6IkNBUk9VU0VMX0lURU0ueHBpZHMuMTYzOS5zZHIucmVndWxhcl9waG90by5DMyJ9&_nc_ohc=3okOtetE7JoQ7kNvwHGwXBk&_nc_oc=AdqeSxT5kE3rFEOMi7-YN1yuLdpL5xJsPPu11Pc2CINK1LsOw-xFjJW925AuBZyeTVeXA0jedfrTjBhduOjZE6UA&_nc_ad=z-m&_nc_cid=1087&_nc_zt=23&_nc_ht=scontent-ord5-2.cdninstagram.com&_nc_gid=8zJsSQ99jKbPuQyWDjwUag&_nc_ss=7a22e&oh=00_AQInuPYdyY17rMEkFKuPyE7z4TNXKO9r9Y11F9MzXZMbMQ&oe=6AA098A7,https://www.instagram.com/p/DcuNi7YiX2_/
Supermercado São Pedro,Higiene / Cuidados Pessoais,Creme Dental Colgate Total 12 90g,11.99,31/08/2026,https://scontent-ord5-2.cdninstagram.com/v/t39.30808-6/790341028_1508698111303305_6101754768913825516_n.jpg?stp=c0.0.1638.2048a_dst-jpg_e35_s1638x2048_tt6&_nc_cat=107&ig_cache_key=Mzk3NjE3NTA3NTg4NzQ4NDk5OQ%3D%3D.3-ccb7-5&ccb=7-5&_nc_sid=58cdad&efg=eyJ2ZW5jb2RlX3RhZyI6IkNBUk9VU0VMX0lURU0ueHBpZHMuMTYzOS5zZHIucmVndWxhcl9waG90by5DMyJ9&_nc_ohc=3okOtetE7JoQ7kNvwHGwXBk&_nc_oc=AdqeSxT5kE3rFEOMi7-YN1yuLdpL5xJsPPu11Pc2CINK1LsOw-xFjJW925AuBZyeTVeXA0jedfrTjBhduOjZE6UA&_nc_ad=z-m&_nc_cid=1087&_nc_zt=23&_nc_ht=scontent-ord5-2.cdninstagram.com&_nc_gid=8zJsSQ99jKbPuQyWDjwUag&_nc_ss=7a22e&oh=00_AQInuPYdyY17rMEkFKuPyE7z4TNXKO9r9Y11F9MzXZMbMQ&oe=6AA098A7,https://www.instagram.com/p/DcuNi7YiX2_/
Supermercado São Pedro,Higiene / Cuidados Pessoais,Desodorante Aerossol Nivea 150ml,13.49,31/08/2026,https://scontent-ord5-2.cdninstagram.com/v/t39.30808-6/790341028_1508698111303305_6101754768913825516_n.jpg?stp=c0.0.1638.2048a_dst-jpg_e35_s1638x2048_tt6&_nc_cat=107&ig_cache_key=Mzk3NjE3NTA3NTg4NzQ4NDk5OQ%3D%3D.3-ccb7-5&ccb=7-5&_nc_sid=58cdad&efg=eyJ2ZW5jb2RlX3RhZyI6IkNBUk9VU0VMX0lURU0ueHBpZHMuMTYzOS5zZHIucmVndWxhcl9waG90by5DMyJ9&_nc_ohc=3okOtetE7JoQ7kNvwHGwXBk&_nc_oc=AdqeSxT5kE3rFEOMi7-YN1yuLdpL5xJsPPu11Pc2CINK1LsOw-xFjJW925AuBZyeTVeXA0jedfrTjBhduOjZE6UA&_nc_ad=z-m&_nc_cid=1087&_nc_zt=23&_nc_ht=scontent-ord5-2.cdninstagram.com&_nc_gid=8zJsSQ99jKbPuQyWDjwUag&_nc_ss=7a22e&oh=00_AQInuPYdyY17rMEkFKuPyE7z4TNXKO9r9Y11F9MzXZMbMQ&oe=6AA098A7,https://www.instagram.com/p/DcuNi7YiX2_/
Supermercado São Pedro,Higiene / Papelaria,Papel Higiênico Mili 12 Rolos,16.99,31/08/2026,https://scontent-ord5-2.cdninstagram.com/v/t39.30808-6/790651262_1508698107969972_5998080027560533600_n.jpg?stp=c0.0.1638.2048a_dst-jpg_e35_s1638x2048_tt6&_nc_cat=100&ig_cache_key=Mzk3NjE3NTA3NTkzNzgyODUwNQ%3D%3D.3-ccb7-5&ccb=7-5&_nc_sid=58cdad&efg=eyJ2ZW5jb2RlX3RhZyI6IkNBUk9VU0VMX0lURU0ueHBpZHMuMTYzOS5zZHIucmVndWxhcl9waG90by5DMyJ9&_nc_ohc=oxBXcFaL888Q7kNvwHEYKt3&_nc_oc=AdrFkBQWqbFnDjKA0e4rOxbt1AvJOHwNUftvlfOhtjQUqAWWH-C7ZUiZWFAUK3K_9gjJ_7pGjVduUE9BVfDsSTlL&_nc_ad=z-m&_nc_cid=1087&_nc_zt=23&_nc_ht=scontent-ord5-2.cdninstagram.com&_nc_gid=8zJsSQ99jKbPuQyWDjwUag&_nc_ss=7a22e&oh=00_AQI4bD6n7OOHtfIk9hxXshosARLJ-6zWtujAuhQYsNZA9A&oe=6AA084C9,https://www.instagram.com/p/DcuNi7YiX2_/
Super Compras Supermercado,Higiene / Papelaria,Papel Higiênico Duetto Folha Dupla 12 Rolos,17.98,03/09/2026,https://instagram.ftls1-1.fna.fbcdn.net/v/t51.82787-15/792053703_18193426588391764_4096902630104938508_n.jpg?stp=dst-jpg_e35_tt6&_nc_cat=101&ig_cache_key=Mzk3NzYzNTQxMjMzMjA4NDUzMw%3D%3D.3-ccb7-5&ccb=7-5&_nc_sid=58cdad&efg=eyJ2ZW5jb2RlX3RhZyI6IkNBUk9VU0VMX0lURU0ueHBpZHMuMTQ0MC5zZHIucmVndWxhcl9waG90by5DMyJ9&_nc_ohc=-AUFiMQb1OoQ7kNvwGsLw-4&_nc_oc=AdoZdPOHZqxz-p8SGdeexmxNgQyCRXTLH5mfdocLd3szeN71DpLhomxJHCFO_GO-4R8&_nc_ad=z-m&_nc_cid=0&_nc_zt=23&_nc_ht=instagram.ftls1-1.fna&_nc_gid=7csfsUKuVDLcuOQCLIgMUA&_nc_ss=7a22e&oh=00_AQJ_Q_awmk0OEeZbP51zQR6fN9VGZXRLJ9I1g5P0XSOdTQ&oe=6AA0B74E,https://www.instagram.com/p/DczZl6tlIWo/
Supermercado Tuiuiú,Hortifruti / Ovos,Laranja kg,1.99,01/09/2026,https://instagram.fper11-1.fna.fbcdn.net/v/t51.82787-15/789667226_18583192900067900_6097504742774463082_n.jpg?stp=dst-jpg_e35_tt6&_nc_cat=106&ig_cache_key=Mzk3NjUzMTU4NDEzNTc5MjY4Nw%3D%3D.3-ccb7-5&ccb=7-5&_nc_sid=58cdad&efg=eyJ2ZW5jb2RlX3RhZyI6IkNBUk9VU0VMX0lURU0ueHBpZHMuMTA4MC5zZHIucmVndWxhcl9waG90by5DMyJ9&_nc_ohc=EQSc-n-i7LQQ7kNvwETr81y&_nc_oc=AdrHlQ5LPGu46gdwa5kn2JUw_eBRWdcVIMSrZ3uZrLoIPf08ppZ2dKIjTcnmSHd44lM&_nc_ad=z-m&_nc_cid=0&_nc_zt=23&_nc_ht=instagram.fper11-1.fna&_nc_gid=D3w59axHFeKrwT4EVBfn1g&_nc_ss=7a22e&oh=00_AQIugHMpJ51WKfLTx7JPl8SmjuXZ6zAwR6RtETH_hrqoWg&oe=6AA0B05A,https://www.instagram.com/p/Dcvem7jDB5G/
Supermercado Tuiuiú,Hortifruti / Ovos,Melancia kg,2.29,01/09/2026,https://instagram.fper11-1.fna.fbcdn.net/v/t51.82787-15/789667226_18583192900067900_6097504742774463082_n.jpg?stp=dst-jpg_e35_tt6&_nc_cat=106&ig_cache_key=Mzk3NjUzMTU4NDEzNTc5MjY4Nw%3D%3D.3-ccb7-5&ccb=7-5&_nc_sid=58cdad&efg=eyJ2ZW5jb2RlX3RhZyI6IkNBUk9VU0VMX0lURU0ueHBpZHMuMTA4MC5zZHIucmVndWxhcl9waG90by5DMyJ9&_nc_ohc=EQSc-n-i7LQQ7kNvwETr81y&_nc_oc=AdrHlQ5LPGu46gdwa5kn2JUw_eBRWdcVIMSrZ3uZrLoIPf08ppZ2dKIjTcnmSHd44lM&_nc_ad=z-m&_nc_cid=0&_nc_zt=23&_nc_ht=instagram.fper11-1.fna&_nc_gid=D3w59axHFeKrwT4EVBfn1g&_nc_ss=7a22e&oh=00_AQIugHMpJ51WKfLTx7JPl8SmjuXZ6zAwR6RtETH_hrqoWg&oe=6AA0B05A,https://www.instagram.com/p/Dcvem7jDB5G/
Supermercado Tuiuiú,Hortifruti / Ovos,Banana Nanica kg,3.49,01/09/2026,https://instagram.fper11-1.fna.fbcdn.net/v/t51.82787-15/790268612_18583192837067900_6717221135567122469_n.jpg?stp=dst-jpg_e35_tt6&_nc_cat=110&ig_cache_key=Mzk3NjUzMTU1ODU1MDU3MTI1Mw%3D%3D.3-ccb7-5&ccb=7-5&_nc_sid=58cdad&efg=eyJ2ZW5jb2RlX3RhZyI6IkNBUk9VU0VMX0lURU0ueHBpZHMuMTA4MC5zZHIucmVndWxhcl9waG90by5DMyJ9&_nc_ohc=_jH9E6-BIwsQ7kNvwHO9TVw&_nc_oc=AdqU5k7mpNvtMSLulhGxdnLDFSwHswPDwBTk_nTMdkkMEHwYxrlzbDf3kxBLXOHZWdA&_nc_ad=z-m&_nc_cid=0&_nc_zt=23&_nc_ht=instagram.fper11-1.fna&_nc_gid=D3w59axHFeKrwT4EVBfn1g&_nc_ss=7a22e&oh=00_AQKcA9Xd2TlJajzPjiLA6PvxGj8SFZ2eF83ErAgK7Z0NZg&oe=6AA09936,https://www.instagram.com/p/Dcvem7jDB5G/
Machadão Atacadista,Hortifruti / Ovos,Laranja Pera kg,3.49,04/09/2026,https://scontent-waw2-1.cdninstagram.com/v/t39.30808-6/792149596_1366549022231722_1180479154644046527_n.jpg?stp=dst-jpg_e35_tt6&_nc_cat=109&ig_cache_key=Mzk3ODc2NDU2MDg4NzQ5NTcyNg%3D%3D.3-ccb7-5&ccb=7-5&_nc_sid=58cdad&efg=eyJ2ZW5jb2RlX3RhZyI6IkZFRUQueHBpZHMuMTYzOC5zZHIucmVndWxhcl9waG90by5DMyJ9&_nc_ohc=Kl8OwwTbxWkQ7kNvwE7-tLh&_nc_oc=AdpMlQVCwYM8_jt0nUiR94_kaRRl3RnTnrj7PNvZt78sY1UrCzAZCP9iRybkv_leDYM&_nc_ad=z-m&_nc_cid=0&_nc_zt=23&_nc_ht=scontent-waw2-1.cdninstagram.com&_nc_gid=oa5mGpY0sQjIK21dbQXGzw&_nc_ss=7a22e&oh=00_AQJrErO_G1ctl-zuPW_j7OUFybsvPS8DI2Q5obl9JTFT3w&oe=6AA08B8A,https://www.instagram.com/p/Dc3aUmonLwu/
Supermercado Tuiuiú,Hortifruti / Ovos,Mamão Formosa kg,3.99,01/09/2026,https://instagram.fcdg2-1.fna.fbcdn.net/v/t51.82787-15/792157881_18583231936067900_538538836680436786_n.jpg?stp=dst-jpg_e35_tt6&_nc_cat=107&ig_cache_key=Mzk3NjYyMDY2OTY1OTg1NDQzMw%3D%3D.3-ccb7-5&ccb=7-5&_nc_sid=58cdad&efg=eyJ2ZW5jb2RlX3RhZyI6IkZFRUQueHBpZHMuMTA4MC5zZHIucmVndWxhcl9waG90by5DMyJ9&_nc_ohc=r6NXMp_Ye48Q7kNvwHpDqJX&_nc_oc=Adpf8D2aFJzXa1E30FJ3ojHVBBhqbaq0SceCjjQhWnKMCm4_5PppiX464NrPsrnPiJd__1MNkGR9BRBLDGHY_guh&_nc_ad=z-m&_nc_cid=0&_nc_zt=23&_nc_ht=instagram.fcdg2-1.fna&_nc_gid=8HlHIE7t-kcNQuCyDm_Crg&_nc_ss=7a22e&oh=00_AQIReHdoBgSF3ic1GheedWvwVSaylcVuJ3suqrw9SR94jA&oe=6AA08E5D,https://www.instagram.com/p/Dcvy24VjTZh/
Supermercado Tuiuiú,Hortifruti / Ovos,Banana Maçã kg,4.19,01/09/2026,https://instagram.fper11-1.fna.fbcdn.net/v/t51.82787-15/790268612_18583192837067900_6717221135567122469_n.jpg?stp=dst-jpg_e35_tt6&_nc_cat=110&ig_cache_key=Mzk3NjUzMTU1ODU1MDU3MTI1Mw%3D%3D.3-ccb7-5&ccb=7-5&_nc_sid=58cdad&efg=eyJ2ZW5jb2RlX3RhZyI6IkNBUk9VU0VMX0lURU0ueHBpZHMuMTA4MC5zZHIucmVndWxhcl9waG90by5DMyJ9&_nc_ohc=_jH9E6-BIwsQ7kNvwHO9TVw&_nc_oc=AdqU5k7mpNvtMSLulhGxdnLDFSwHswPDwBTk_nTMdkkMEHwYxrlzbDf3kxBLXOHZWdA&_nc_ad=z-m&_nc_cid=0&_nc_zt=23&_nc_ht=instagram.fper11-1.fna&_nc_gid=D3w59axHFeKrwT4EVBfn1g&_nc_ss=7a22e&oh=00_AQKcA9Xd2TlJajzPjiLA6PvxGj8SFZ2eF83ErAgK7Z0NZg&oe=6AA09936,https://www.instagram.com/p/Dcvem7jDB5G/
Supermercado Tuiuiú,Hortifruti / Ovos,Maçã kg,4.49,01/09/2026,https://instagram.fper11-1.fna.fbcdn.net/v/t51.82787-15/790268612_18583192837067900_6717221135567122469_n.jpg?stp=dst-jpg_e35_tt6&_nc_cat=110&ig_cache_key=Mzk3NjUzMTU1ODU1MDU3MTI1Mw%3D%3D.3-ccb7-5&ccb=7-5&_nc_sid=58cdad&efg=eyJ2ZW5jb2RlX3RhZyI6IkNBUk9VU0VMX0lURU0ueHBpZHMuMTA4MC5zZHIucmVndWxhcl9waG90by5DMyJ9&_nc_ohc=_jH9E6-BIwsQ7kNvwHO9TVw&_nc_oc=AdqU5k7mpNvtMSLulhGxdnLDFSwHswPDwBTk_nTMdkkMEHwYxrlzbDf3kxBLXOHZWdA&_nc_ad=z-m&_nc_cid=0&_nc_zt=23&_nc_ht=instagram.fper11-1.fna&_nc_gid=D3w59axHFeKrwT4EVBfn1g&_nc_ss=7a22e&oh=00_AQKcA9Xd2TlJajzPjiLA6PvxGj8SFZ2eF83ErAgK7Z0NZg&oe=6AA09936,https://www.instagram.com/p/Dcvem7jDB5G/
Supermercado Tuiuiú,Hortifruti / Ovos,Melão kg,4.99,01/09/2026,https://instagram.fper11-1.fna.fbcdn.net/v/t51.82787-15/789667226_18583192900067900_6097504742774463082_n.jpg?stp=dst-jpg_e35_tt6&_nc_cat=106&ig_cache_key=Mzk3NjUzMTU4NDEzNTc5MjY4Nw%3D%3D.3-ccb7-5&ccb=7-5&_nc_sid=58cdad&efg=eyJ2ZW5jb2RlX3RhZyI6IkNBUk9VU0VMX0lURU0ueHBpZHMuMTA4MC5zZHIucmVndWxhcl9waG90by5DMyJ9&_nc_ohc=EQSc-n-i7LQQ7kNvwETr81y&_nc_oc=AdrHlQ5LPGu46gdwa5kn2JUw_eBRWdcVIMSrZ3uZrLoIPf08ppZ2dKIjTcnmSHd44lM&_nc_ad=z-m&_nc_cid=0&_nc_zt=23&_nc_ht=instagram.fper11-1.fna&_nc_gid=D3w59axHFeKrwT4EVBfn1g&_nc_ss=7a22e&oh=00_AQIugHMpJ51WKfLTx7JPl8SmjuXZ6zAwR6RtETH_hrqoWg&oe=6AA0B05A,https://www.instagram.com/p/Dcvem7jDB5G/
Machadão Atacadista,Hortifruti / Ovos,Cebola Nacional kg,4.99,04/09/2026,https://scontent-waw2-1.cdninstagram.com/v/t39.30808-6/792149596_1366549022231722_1180479154644046527_n.jpg?stp=dst-jpg_e35_tt6&_nc_cat=109&ig_cache_key=Mzk3ODc2NDU2MDg4NzQ5NTcyNg%3D%3D.3-ccb7-5&ccb=7-5&_nc_sid=58cdad&efg=eyJ2ZW5jb2RlX3RhZyI6IkZFRUQueHBpZHMuMTYzOC5zZHIucmVndWxhcl9waG90by5DMyJ9&_nc_ohc=Kl8OwwTbxWkQ7kNvwE7-tLh&_nc_oc=AdpMlQVCwYM8_jt0nUiR94_kaRRl3RnTnrj7PNvZt78sY1UrCzAZCP9iRybkv_leDYM&_nc_ad=z-m&_nc_cid=0&_nc_zt=23&_nc_ht=scontent-waw2-1.cdninstagram.com&_nc_gid=oa5mGpY0sQjIK21dbQXGzw&_nc_ss=7a22e&oh=00_AQJrErO_G1ctl-zuPW_j7OUFybsvPS8DI2Q5obl9JTFT3w&oe=6AA08B8A,https://www.instagram.com/p/Dc3aUmonLwu/
Machadão Atacadista,Hortifruti / Ovos,Batata Doce kg,4.99,04/09/2026,https://scontent-waw2-1.cdninstagram.com/v/t39.30808-6/792149596_1366549022231722_1180479154644046527_n.jpg?stp=dst-jpg_e35_tt6&_nc_cat=109&ig_cache_key=Mzk3ODc2NDU2MDg4NzQ5NTcyNg%3D%3D.3-ccb7-5&ccb=7-5&_nc_sid=58cdad&efg=eyJ2ZW5jb2RlX3RhZyI6IkZFRUQueHBpZHMuMTYzOC5zZHIucmVndWxhcl9waG90by5DMyJ9&_nc_ohc=Kl8OwwTbxWkQ7kNvwE7-tLh&_nc_oc=AdpMlQVCwYM8_jt0nUiR94_kaRRl3RnTnrj7PNvZt78sY1UrCzAZCP9iRybkv_leDYM&_nc_ad=z-m&_nc_cid=0&_nc_zt=23&_nc_ht=scontent-waw2-1.cdninstagram.com&_nc_gid=oa5mGpY0sQjIK21dbQXGzw&_nc_ss=7a22e&oh=00_AQJrErO_G1ctl-zuPW_j7OUFybsvPS8DI2Q5obl9JTFT3w&oe=6AA08B8A,https://www.instagram.com/p/Dc3aUmonLwu/
Machadão Atacadista,Hortifruti / Ovos,Abacate Margarida kg,5.79,04/09/2026,https://scontent-waw2-1.cdninstagram.com/v/t39.30808-6/792149596_1366549022231722_1180479154644046527_n.jpg?stp=dst-jpg_e35_tt6&_nc_cat=109&ig_cache_key=Mzk3ODc2NDU2MDg4NzQ5NTcyNg%3D%3D.3-ccb7-5&ccb=7-5&_nc_sid=58cdad&efg=eyJ2ZW5jb2RlX3RhZyI6IkZFRUQueHBpZHMuMTYzOC5zZHIucmVndWxhcl9waG90by5DMyJ9&_nc_ohc=Kl8OwwTbxWkQ7kNvwE7-tLh&_nc_oc=AdpMlQVCwYM8_jt0nUiR94_kaRRl3RnTnrj7PNvZt78sY1UrCzAZCP9iRybkv_leDYM&_nc_ad=z-m&_nc_cid=0&_nc_zt=23&_nc_ht=scontent-waw2-1.cdninstagram.com&_nc_gid=oa5mGpY0sQjIK21dbQXGzw&_nc_ss=7a22e&oh=00_AQJrErO_G1ctl-zuPW_j7OUFybsvPS8DI2Q5obl9JTFT3w&oe=6AA08B8A,https://www.instagram.com/p/Dc3aUmonLwu/
Machadão Atacadista,Hortifruti / Ovos,Maçã Gala kg,5.99,04/09/2026,https://scontent-waw2-1.cdninstagram.com/v/t39.30808-6/792149596_1366549022231722_1180479154644046527_n.jpg?stp=dst-jpg_e35_tt6&_nc_cat=109&ig_cache_key=Mzk3ODc2NDU2MDg4NzQ5NTcyNg%3D%3D.3-ccb7-5&ccb=7-5&_nc_sid=58cdad&efg=eyJ2ZW5jb2RlX3RhZyI6IkZFRUQueHBpZHMuMTYzOC5zZHIucmVndWxhcl9waG90by5DMyJ9&_nc_ohc=Kl8OwwTbxWkQ7kNvwE7-tLh&_nc_oc=AdpMlQVCwYM8_jt0nUiR94_kaRRl3RnTnrj7PNvZt78sY1UrCzAZCP9iRybkv_leDYM&_nc_ad=z-m&_nc_cid=0&_nc_zt=23&_nc_ht=scontent-waw2-1.cdninstagram.com&_nc_gid=oa5mGpY0sQjIK21dbQXGzw&_nc_ss=7a22e&oh=00_AQJrErO_G1ctl-zuPW_j7OUFybsvPS8DI2Q5obl9JTFT3w&oe=6AA08B8A,https://www.instagram.com/p/Dc3aUmonLwu/
Supermercado Tuiuiú,Hortifruti / Ovos,Uva Vitória,6.49,01/09/2026,https://instagram.fper11-1.fna.fbcdn.net/v/t51.82787-15/790268612_18583192837067900_6717221135567122469_n.jpg?stp=dst-jpg_e35_tt6&_nc_cat=110&ig_cache_key=Mzk3NjUzMTU1ODU1MDU3MTI1Mw%3D%3D.3-ccb7-5&ccb=7-5&_nc_sid=58cdad&efg=eyJ2ZW5jb2RlX3RhZyI6IkNBUk9VU0VMX0lURU0ueHBpZHMuMTA4MC5zZHIucmVndWxhcl9waG90by5DMyJ9&_nc_ohc=_jH9E6-BIwsQ7kNvwHO9TVw&_nc_oc=AdqU5k7mpNvtMSLulhGxdnLDFSwHswPDwBTk_nTMdkkMEHwYxrlzbDf3kxBLXOHZWdA&_nc_ad=z-m&_nc_cid=0&_nc_zt=23&_nc_ht=instagram.fper11-1.fna&_nc_gid=D3w59axHFeKrwT4EVBfn1g&_nc_ss=7a22e&oh=00_AQKcA9Xd2TlJajzPjiLA6PvxGj8SFZ2eF83ErAgK7Z0NZg&oe=6AA09936,https://www.instagram.com/p/Dcvem7jDB5G/
Supermercado Tuiuiú,Hortifruti / Ovos,Abacaxi,6.99,01/09/2026,https://instagram.fper11-1.fna.fbcdn.net/v/t51.82787-15/789667226_18583192900067900_6097504742774463082_n.jpg?stp=dst-jpg_e35_tt6&_nc_cat=106&ig_cache_key=Mzk3NjUzMTU4NDEzNTc5MjY4Nw%3D%3D.3-ccb7-5&ccb=7-5&_nc_sid=58cdad&efg=eyJ2ZW5jb2RlX3RhZyI6IkNBUk9VU0VMX0lURU0ueHBpZHMuMTA4MC5zZHIucmVndWxhcl9waG90by5DMyJ9&_nc_ohc=EQSc-n-i7LQQ7kNvwETr81y&_nc_oc=AdrHlQ5LPGu46gdwa5kn2JUw_eBRWdcVIMSrZ3uZrLoIPf08ppZ2dKIjTcnmSHd44lM&_nc_ad=z-m&_nc_cid=0&_nc_zt=23&_nc_ht=instagram.fper11-1.fna&_nc_gid=D3w59axHFeKrwT4EVBfn1g&_nc_ss=7a22e&oh=00_AQIugHMpJ51WKfLTx7JPl8SmjuXZ6zAwR6RtETH_hrqoWg&oe=6AA0B05A,https://www.instagram.com/p/Dcvem7jDB5G/
Supermercado Tuiuiú,Hortifruti / Ovos,Manga kg,7.29,01/09/2026,https://instagram.fper11-1.fna.fbcdn.net/v/t51.82787-15/790268612_18583192837067900_6717221135567122469_n.jpg?stp=dst-jpg_e35_tt6&_nc_cat=110&ig_cache_key=Mzk3NjUzMTU1ODU1MDU3MTI1Mw%3D%3D.3-ccb7-5&ccb=7-5&_nc_sid=58cdad&efg=eyJ2ZW5jb2RlX3RhZyI6IkNBUk9VU0VMX0lURU0ueHBpZHMuMTA4MC5zZHIucmVndWxhcl9waG90by5DMyJ9&_nc_ohc=_jH9E6-BIwsQ7kNvwHO9TVw&_nc_oc=AdqU5k7mpNvtMSLulhGxdnLDFSwHswPDwBTk_nTMdkkMEHwYxrlzbDf3kxBLXOHZWdA&_nc_ad=z-m&_nc_cid=0&_nc_zt=23&_nc_ht=instagram.fper11-1.fna&_nc_gid=D3w59axHFeKrwT4EVBfn1g&_nc_ss=7a22e&oh=00_AQKcA9Xd2TlJajzPjiLA6PvxGj8SFZ2eF83ErAgK7Z0NZg&oe=6AA09936,https://www.instagram.com/p/Dcvem7jDB5G/
Machadão Atacadista,Hortifruti / Ovos,Manga Tommy kg,8.49,04/09/2026,https://scontent-waw2-1.cdninstagram.com/v/t39.30808-6/792149596_1366549022231722_1180479154644046527_n.jpg?stp=dst-jpg_e35_tt6&_nc_cat=109&ig_cache_key=Mzk3ODc2NDU2MDg4NzQ5NTcyNg%3D%3D.3-ccb7-5&ccb=7-5&_nc_sid=58cdad&efg=eyJ2ZW5jb2RlX3RhZyI6IkZFRUQueHBpZHMuMTYzOC5zZHIucmVndWxhcl9waG90by5DMyJ9&_nc_ohc=Kl8OwwTbxWkQ7kNvwE7-tLh&_nc_oc=AdpMlQVCwYM8_jt0nUiR94_kaRRl3RnTnrj7PNvZt78sY1UrCzAZCP9iRybkv_leDYM&_nc_ad=z-m&_nc_cid=0&_nc_zt=23&_nc_ht=scontent-waw2-1.cdninstagram.com&_nc_gid=oa5mGpY0sQjIK21dbQXGzw&_nc_ss=7a22e&oh=00_AQJrErO_G1ctl-zuPW_j7OUFybsvPS8DI2Q5obl9JTFT3w&oe=6AA08B8A,https://www.instagram.com/p/Dc3aUmonLwu/
Supermercado Tuiuiú,Hortifruti / Ovos,Uva Thompson,9.49,01/09/2026,https://instagram.fper11-1.fna.fbcdn.net/v/t51.82787-15/790268612_18583192837067900_6717221135567122469_n.jpg?stp=dst-jpg_e35_tt6&_nc_cat=110&ig_cache_key=Mzk3NjUzMTU1ODU1MDU3MTI1Mw%3D%3D.3-ccb7-5&ccb=7-5&_nc_sid=58cdad&efg=eyJ2ZW5jb2RlX3RhZyI6IkNBUk9VU0VMX0lURU0ueHBpZHMuMTA4MC5zZHIucmVndWxhcl9waG90by5DMyJ9&_nc_ohc=_jH9E6-BIwsQ7kNvwHO9TVw&_nc_oc=AdqU5k7mpNvtMSLulhGxdnLDFSwHswPDwBTk_nTMdkkMEHwYxrlzbDf3kxBLXOHZWdA&_nc_ad=z-m&_nc_cid=0&_nc_zt=23&_nc_ht=instagram.fper11-1.fna&_nc_gid=D3w59axHFeKrwT4EVBfn1g&_nc_ss=7a22e&oh=00_AQKcA9Xd2TlJajzPjiLA6PvxGj8SFZ2eF83ErAgK7Z0NZg&oe=6AA09936,https://www.instagram.com/p/Dcvem7jDB5G/
Machadão Atacadista,Hortifruti / Ovos,Abacaxi Pérola,9.49,04/09/2026,https://scontent-waw2-1.cdninstagram.com/v/t39.30808-6/792149596_1366549022231722_1180479154644046527_n.jpg?stp=dst-jpg_e35_tt6&_nc_cat=109&ig_cache_key=Mzk3ODc2NDU2MDg4NzQ5NTcyNg%3D%3D.3-ccb7-5&ccb=7-5&_nc_sid=58cdad&efg=eyJ2ZW5jb2RlX3RhZyI6IkZFRUQueHBpZHMuMTYzOC5zZHIucmVndWxhcl9waG90by5DMyJ9&_nc_ohc=Kl8OwwTbxWkQ7kNvwE7-tLh&_nc_oc=AdpMlQVCwYM8_jt0nUiR94_kaRRl3RnTnrj7PNvZt78sY1UrCzAZCP9iRybkv_leDYM&_nc_ad=z-m&_nc_cid=0&_nc_zt=23&_nc_ht=scontent-waw2-1.cdninstagram.com&_nc_gid=oa5mGpY0sQjIK21dbQXGzw&_nc_ss=7a22e&oh=00_AQJrErO_G1ctl-zuPW_j7OUFybsvPS8DI2Q5obl9JTFT3w&oe=6AA08B8A,https://www.instagram.com/p/Dc3aUmonLwu/
Supermercado São Pedro,Hortifruti / Ovos,Ovos de Codorna Pinduca 300g,19.99,31/08/2026,https://scontent-ord5-2.cdninstagram.com/v/t39.30808-6/790341028_1508698111303305_6101754768913825516_n.jpg?stp=c0.0.1638.2048a_dst-jpg_e35_s1638x2048_tt6&_nc_cat=107&ig_cache_key=Mzk3NjE3NTA3NTg4NzQ4NDk5OQ%3D%3D.3-ccb7-5&ccb=7-5&_nc_sid=58cdad&efg=eyJ2ZW5jb2RlX3RhZyI6IkNBUk9VU0VMX0lURU0ueHBpZHMuMTYzOS5zZHIucmVndWxhcl9waG90by5DMyJ9&_nc_ohc=3okOtetE7JoQ7kNvwHGwXBk&_nc_oc=AdqeSxT5kE3rFEOMi7-YN1yuLdpL5xJsPPu11Pc2CINK1LsOw-xFjJW925AuBZyeTVeXA0jedfrTjBhduOjZE6UA&_nc_ad=z-m&_nc_cid=1087&_nc_zt=23&_nc_ht=scontent-ord5-2.cdninstagram.com&_nc_gid=8zJsSQ99jKbPuQyWDjwUag&_nc_ss=7a22e&oh=00_AQInuPYdyY17rMEkFKuPyE7z4TNXKO9r9Y11F9MzXZMbMQ&oe=6AA098A7,https://www.instagram.com/p/DcuNi7YiX2_/
Machadão Atacadista,Hortifruti / Ovos,Alho kg,24.9,04/09/2026,https://scontent-waw2-1.cdninstagram.com/v/t39.30808-6/792149596_1366549022231722_1180479154644046527_n.jpg?stp=dst-jpg_e35_tt6&_nc_cat=109&ig_cache_key=Mzk3ODc2NDU2MDg4NzQ5NTcyNg%3D%3D.3-ccb7-5&ccb=7-5&_nc_sid=58cdad&efg=eyJ2ZW5jb2RlX3RhZyI6IkZFRUQueHBpZHMuMTYzOC5zZHIucmVndWxhcl9waG90by5DMyJ9&_nc_ohc=Kl8OwwTbxWkQ7kNvwE7-tLh&_nc_oc=AdpMlQVCwYM8_jt0nUiR94_kaRRl3RnTnrj7PNvZt78sY1UrCzAZCP9iRybkv_leDYM&_nc_ad=z-m&_nc_cid=0&_nc_zt=23&_nc_ht=scontent-waw2-1.cdninstagram.com&_nc_gid=oa5mGpY0sQjIK21dbQXGzw&_nc_ss=7a22e&oh=00_AQJrErO_G1ctl-zuPW_j7OUFybsvPS8DI2Q5obl9JTFT3w&oe=6AA08B8A,https://www.instagram.com/p/Dc3aUmonLwu/
Machadão Atacadista,Hortifruti / Ovos,Laranja Pera Saco 20kg,68.9,04/09/2026,https://scontent-waw2-1.cdninstagram.com/v/t39.30808-6/792149596_1366549022231722_1180479154644046527_n.jpg?stp=dst-jpg_e35_tt6&_nc_cat=109&ig_cache_key=Mzk3ODc2NDU2MDg4NzQ5NTcyNg%3D%3D.3-ccb7-5&ccb=7-5&_nc_sid=58cdad&efg=eyJ2ZW5jb2RlX3RhZyI6IkZFRUQueHBpZHMuMTYzOC5zZHIucmVndWxhcl9waG90by5DMyJ9&_nc_ohc=Kl8OwwTbxWkQ7kNvwE7-tLh&_nc_oc=AdpMlQVCwYM8_jt0nUiR94_kaRRl3RnTnrj7PNvZt78sY1UrCzAZCP9iRybkv_leDYM&_nc_ad=z-m&_nc_cid=0&_nc_zt=23&_nc_ht=scontent-waw2-1.cdninstagram.com&_nc_gid=oa5mGpY0sQjIK21dbQXGzw&_nc_ss=7a22e&oh=00_AQJrErO_G1ctl-zuPW_j7OUFybsvPS8DI2Q5obl9JTFT3w&oe=6AA08B8A,https://www.instagram.com/p/Dc3aUmonLwu/
Machadão Atacadista,Hortifruti / Ovos,Batata Doce Caixa 19kg,88.9,04/09/2026,https://scontent-waw2-1.cdninstagram.com/v/t39.30808-6/792149596_1366549022231722_1180479154644046527_n.jpg?stp=dst-jpg_e35_tt6&_nc_cat=109&ig_cache_key=Mzk3ODc2NDU2MDg4NzQ5NTcyNg%3D%3D.3-ccb7-5&ccb=7-5&_nc_sid=58cdad&efg=eyJ2ZW5jb2RlX3RhZyI6IkZFRUQueHBpZHMuMTYzOC5zZHIucmVndWxhcl9waG90by5DMyJ9&_nc_ohc=Kl8OwwTbxWkQ7kNvwE7-tLh&_nc_oc=AdpMlQVCwYM8_jt0nUiR94_kaRRl3RnTnrj7PNvZt78sY1UrCzAZCP9iRybkv_leDYM&_nc_ad=z-m&_nc_cid=0&_nc_zt=23&_nc_ht=scontent-waw2-1.cdninstagram.com&_nc_gid=oa5mGpY0sQjIK21dbQXGzw&_nc_ss=7a22e&oh=00_AQJrErO_G1ctl-zuPW_j7OUFybsvPS8DI2Q5obl9JTFT3w&oe=6AA08B8A,https://www.instagram.com/p/Dc3aUmonLwu/
Machadão Atacadista,Hortifruti / Ovos,Abacate Margarida Caixa 18kg,89.9,04/09/2026,https://scontent-waw2-1.cdninstagram.com/v/t39.30808-6/792149596_1366549022231722_1180479154644046527_n.jpg?stp=dst-jpg_e35_tt6&_nc_cat=109&ig_cache_key=Mzk3ODc2NDU2MDg4NzQ5NTcyNg%3D%3D.3-ccb7-5&ccb=7-5&_nc_sid=58cdad&efg=eyJ2ZW5jb2RlX3RhZyI6IkZFRUQueHBpZHMuMTYzOC5zZHIucmVndWxhcl9waG90by5DMyJ9&_nc_ohc=Kl8OwwTbxWkQ7kNvwE7-tLh&_nc_oc=AdpMlQVCwYM8_jt0nUiR94_kaRRl3RnTnrj7PNvZt78sY1UrCzAZCP9iRybkv_leDYM&_nc_ad=z-m&_nc_cid=0&_nc_zt=23&_nc_ht=scontent-waw2-1.cdninstagram.com&_nc_gid=oa5mGpY0sQjIK21dbQXGzw&_nc_ss=7a22e&oh=00_AQJrErO_G1ctl-zuPW_j7OUFybsvPS8DI2Q5obl9JTFT3w&oe=6AA08B8A,https://www.instagram.com/p/Dc3aUmonLwu/
Machadão Atacadista,Hortifruti / Ovos,Cebola Nacional Saco 19kg,91.66,04/09/2026,https://scontent-waw2-1.cdninstagram.com/v/t39.30808-6/792149596_1366549022231722_1180479154644046527_n.jpg?stp=dst-jpg_e35_tt6&_nc_cat=109&ig_cache_key=Mzk3ODc2NDU2MDg4NzQ5NTcyNg%3D%3D.3-ccb7-5&ccb=7-5&_nc_sid=58cdad&efg=eyJ2ZW5jb2RlX3RhZyI6IkZFRUQueHBpZHMuMTYzOC5zZHIucmVndWxhcl9waG90by5DMyJ9&_nc_ohc=Kl8OwwTbxWkQ7kNvwE7-tLh&_nc_oc=AdpMlQVCwYM8_jt0nUiR94_kaRRl3RnTnrj7PNvZt78sY1UrCzAZCP9iRybkv_leDYM&_nc_ad=z-m&_nc_cid=0&_nc_zt=23&_nc_ht=scontent-waw2-1.cdninstagram.com&_nc_gid=oa5mGpY0sQjIK21dbQXGzw&_nc_ss=7a22e&oh=00_AQJrErO_G1ctl-zuPW_j7OUFybsvPS8DI2Q5obl9JTFT3w&oe=6AA08B8A,https://www.instagram.com/p/Dc3aUmonLwu/
Machadão Atacadista,Hortifruti / Ovos,Maçã Gala Caixa 18kg,104.9,04/09/2026,https://scontent-waw2-1.cdninstagram.com/v/t39.30808-6/792149596_1366549022231722_1180479154644046527_n.jpg?stp=dst-jpg_e35_tt6&_nc_cat=109&ig_cache_key=Mzk3ODc2NDU2MDg4NzQ5NTcyNg%3D%3D.3-ccb7-5&ccb=7-5&_nc_sid=58cdad&efg=eyJ2ZW5jb2RlX3RhZyI6IkZFRUQueHBpZHMuMTYzOC5zZHIucmVndWxhcl9waG90by5DMyJ9&_nc_ohc=Kl8OwwTbxWkQ7kNvwE7-tLh&_nc_oc=AdpMlQVCwYM8_jt0nUiR94_kaRRl3RnTnrj7PNvZt78sY1UrCzAZCP9iRybkv_leDYM&_nc_ad=z-m&_nc_cid=0&_nc_zt=23&_nc_ht=scontent-waw2-1.cdninstagram.com&_nc_gid=oa5mGpY0sQjIK21dbQXGzw&_nc_ss=7a22e&oh=00_AQJrErO_G1ctl-zuPW_j7OUFybsvPS8DI2Q5obl9JTFT3w&oe=6AA08B8A,https://www.instagram.com/p/Dc3aUmonLwu/
Machadão Atacadista,Hortifruti / Ovos,Manga Tommy Caixa 18kg,144.9,04/09/2026,https://scontent-waw2-1.cdninstagram.com/v/t39.30808-6/792149596_1366549022231722_1180479154644046527_n.jpg?stp=dst-jpg_e35_tt6&_nc_cat=109&ig_cache_key=Mzk3ODc2NDU2MDg4NzQ5NTcyNg%3D%3D.3-ccb7-5&ccb=7-5&_nc_sid=58cdad&efg=eyJ2ZW5jb2RlX3RhZyI6IkZFRUQueHBpZHMuMTYzOC5zZHIucmVndWxhcl9waG90by5DMyJ9&_nc_ohc=Kl8OwwTbxWkQ7kNvwE7-tLh&_nc_oc=AdpMlQVCwYM8_jt0nUiR94_kaRRl3RnTnrj7PNvZt78sY1UrCzAZCP9iRybkv_leDYM&_nc_ad=z-m&_nc_cid=0&_nc_zt=23&_nc_ht=scontent-waw2-1.cdninstagram.com&_nc_gid=oa5mGpY0sQjIK21dbQXGzw&_nc_ss=7a22e&oh=00_AQJrErO_G1ctl-zuPW_j7OUFybsvPS8DI2Q5obl9JTFT3w&oe=6AA08B8A,https://www.instagram.com/p/Dc3aUmonLwu/
Machadão Atacadista,Hortifruti / Ovos,Alho Caixa 10kg,248.9,04/09/2026,https://scontent-waw2-1.cdninstagram.com/v/t39.30808-6/792149596_1366549022231722_1180479154644046527_n.jpg?stp=dst-jpg_e35_tt6&_nc_cat=109&ig_cache_key=Mzk3ODc2NDU2MDg4NzQ5NTcyNg%3D%3D.3-ccb7-5&ccb=7-5&_nc_sid=58cdad&efg=eyJ2ZW5jb2RlX3RhZyI6IkZFRUQueHBpZHMuMTYzOC5zZHIucmVndWxhcl9waG90by5DMyJ9&_nc_ohc=Kl8OwwTbxWkQ7kNvwE7-tLh&_nc_oc=AdpMlQVCwYM8_jt0nUiR94_kaRRl3RnTnrj7PNvZt78sY1UrCzAZCP9iRybkv_leDYM&_nc_ad=z-m&_nc_cid=0&_nc_zt=23&_nc_ht=scontent-waw2-1.cdninstagram.com&_nc_gid=oa5mGpY0sQjIK21dbQXGzw&_nc_ss=7a22e&oh=00_AQJrErO_G1ctl-zuPW_j7OUFybsvPS8DI2Q5obl9JTFT3w&oe=6AA08B8A,https://www.instagram.com/p/Dc3aUmonLwu/
Supermercado Tuiuiú,Laticínios / Leites e Derivados,Pirakids Piracanjuba 200ml,1.19,02/09/2026,https://scontent-iad6-1.cdninstagram.com/v/t51.82787-15/788641002_18583652422067900_3667430572349833363_n.jpg?stp=dst-jpg_e35_tt6&_nc_cat=102&ig_cache_key=Mzk3NzY1Mzk3MzE4NDU0ODEyNA%3D%3D.3-ccb7-5&ccb=7-5&_nc_sid=58cdad&efg=eyJ2ZW5jb2RlX3RhZyI6IkNBUk9VU0VMX0lURU0ueHBpZHMuMTA4MC5zZHIucmVndWxhcl9waG90by5DMyJ9&_nc_ohc=-BRGYMz9GO4Q7kNvwHQQtJe&_nc_oc=AdqU7za29gnsIYoAiDo9Z5SP7rarKqkxJ4pJ4dWZAwZwKiTFKTkMxXWbANTVpjPzKOM&_nc_ad=z-m&_nc_cid=0&_nc_zt=23&_nc_ht=scontent-iad6-1.cdninstagram.com&_nc_gid=1JG5_kC-xVnuMJsmS-GXLw&_nc_ss=7a22e&oh=00_AQL8u6KUvPN2dv2Cn-rmTcoQYyHGSvq0BZmgdb9DDTI9qw&oe=6AA097A9,https://www.instagram.com/p/Dczd0LlkeC6/
Super Compras Supermercado,Laticínios / Leites e Derivados,Iogurte Frutilac 480g,4.99,03/09/2026,https://instagram.ftls1-1.fna.fbcdn.net/v/t51.82787-15/792483899_18193426567391764_509850408603097530_n.jpg?stp=dst-jpg_e35_tt6&_nc_cat=110&ig_cache_key=Mzk3NzYzNTM3NDYwODMzNDY5Nw%3D%3D.3-ccb7-5&ccb=7-5&_nc_sid=58cdad&efg=eyJ2ZW5jb2RlX3RhZyI6IkNBUk9VU0VMX0lURU0ueHBpZHMuMTQ0MC5zZHIucmVndWxhcl9waG90by5DMyJ9&_nc_ohc=qyHggg7GT7kQ7kNvwFdg-di&_nc_oc=AdrQnUzvVYm99rthxDn3mOCYT3XB30opI-6F1W2Z2M5cKizTSpROpOx_kUB3RijdHeE&_nc_ad=z-m&_nc_cid=0&_nc_zt=23&_nc_ht=instagram.ftls1-1.fna&_nc_gid=7csfsUKuVDLcuOQCLIgMUA&_nc_ss=7a22e&oh=00_AQIMIJz0-bauHNuY4P3duqV8-j6UUIZ3waBI7m-TAZcD9A&oe=6AA0B882,https://www.instagram.com/p/DczZl6tlIWo/
Super Compras Supermercado,Laticínios / Leites e Derivados,Requeijão Frutap 175g,4.99,03/09/2026,https://instagram.ftls1-1.fna.fbcdn.net/v/t51.82787-15/792483899_18193426567391764_509850408603097530_n.jpg?stp=dst-jpg_e35_tt6&_nc_cat=110&ig_cache_key=Mzk3NzYzNTM3NDYwODMzNDY5Nw%3D%3D.3-ccb7-5&ccb=7-5&_nc_sid=58cdad&efg=eyJ2ZW5jb2RlX3RhZyI6IkNBUk9VU0VMX0lURU0ueHBpZHMuMTQ0MC5zZHIucmVndWxhcl9waG90by5DMyJ9&_nc_ohc=qyHggg7GT7kQ7kNvwFdg-di&_nc_oc=AdrQnUzvVYm99rthxDn3mOCYT3XB30opI-6F1W2Z2M5cKizTSpROpOx_kUB3RijdHeE&_nc_ad=z-m&_nc_cid=0&_nc_zt=23&_nc_ht=instagram.ftls1-1.fna&_nc_gid=7csfsUKuVDLcuOQCLIgMUA&_nc_ss=7a22e&oh=00_AQIMIJz0-bauHNuY4P3duqV8-j6UUIZ3waBI7m-TAZcD9A&oe=6AA0B882,https://www.instagram.com/p/DczZl6tlIWo/
Supermercado Tuiuiú,Laticínios / Leites e Derivados,Requeijão Carolina 180g,5.99,02/09/2026,https://scontent-iad6-1.cdninstagram.com/v/t51.82787-15/792157898_18583652440067900_5431933029132674723_n.jpg?stp=dst-jpg_e35_tt6&_nc_cat=102&ig_cache_key=Mzk3NzY1NDAwMjM4NDcxMTU2Nw%3D%3D.3-ccb7-5&ccb=7-5&_nc_sid=58cdad&efg=eyJ2ZW5jb2RlX3RhZyI6IkNBUk9VU0VMX0lURU0ueHBpZHMuMTA4MC5zZHIucmVndWxhcl9waG90by5DMyJ9&_nc_ohc=oZgvBw2DbvkQ7kNvwESZzsW&_nc_oc=AdrBk4b7rJXJryZ9o4RM7lrMm4VTHrCcW303D016dggk9FDJ5-VE3AhMOjH2kYhTeoQ&_nc_ad=z-m&_nc_cid=0&_nc_zt=23&_nc_ht=scontent-iad6-1.cdninstagram.com&_nc_gid=1JG5_kC-xVnuMJsmS-GXLw&_nc_ss=7a22e&oh=00_AQIDIWOI2umubyQlGiXHZ9qm155i27PItz8qjRfESnvvgw&oe=6AA0AE3E,https://www.instagram.com/p/Dczd0LlkeC6/
Supermercado Tuiuiú,Laticínios / Leites e Derivados,Iogurte Batavo 510g,5.99,02/09/2026,https://scontent-iad6-1.cdninstagram.com/v/t51.82787-15/788641002_18583652422067900_3667430572349833363_n.jpg?stp=dst-jpg_e35_tt6&_nc_cat=102&ig_cache_key=Mzk3NzY1Mzk3MzE4NDU0ODEyNA%3D%3D.3-ccb7-5&ccb=7-5&_nc_sid=58cdad&efg=eyJ2ZW5jb2RlX3RhZyI6IkNBUk9VU0VMX0lURU0ueHBpZHMuMTA4MC5zZHIucmVndWxhcl9waG90by5DMyJ9&_nc_ohc=-BRGYMz9GO4Q7kNvwHQQtJe&_nc_oc=AdqU7za29gnsIYoAiDo9Z5SP7rarKqkxJ4pJ4dWZAwZwKiTFKTkMxXWbANTVpjPzKOM&_nc_ad=z-m&_nc_cid=0&_nc_zt=23&_nc_ht=scontent-iad6-1.cdninstagram.com&_nc_gid=1JG5_kC-xVnuMJsmS-GXLw&_nc_ss=7a22e&oh=00_AQL8u6KUvPN2dv2Cn-rmTcoQYyHGSvq0BZmgdb9DDTI9qw&oe=6AA097A9,https://www.instagram.com/p/Dczd0LlkeC6/
Supermercado Tuiuiú,Laticínios / Leites e Derivados,Leite Integral Frimesa 1L,5.99,02/09/2026,https://scontent-iad6-1.cdninstagram.com/v/t51.82787-15/788641002_18583652422067900_3667430572349833363_n.jpg?stp=dst-jpg_e35_tt6&_nc_cat=102&ig_cache_key=Mzk3NzY1Mzk3MzE4NDU0ODEyNA%3D%3D.3-ccb7-5&ccb=7-5&_nc_sid=58cdad&efg=eyJ2ZW5jb2RlX3RhZyI6IkNBUk9VU0VMX0lURU0ueHBpZHMuMTA4MC5zZHIucmVndWxhcl9waG90by5DMyJ9&_nc_ohc=-BRGYMz9GO4Q7kNvwHQQtJe&_nc_oc=AdqU7za29gnsIYoAiDo9Z5SP7rarKqkxJ4pJ4dWZAwZwKiTFKTkMxXWbANTVpjPzKOM&_nc_ad=z-m&_nc_cid=0&_nc_zt=23&_nc_ht=scontent-iad6-1.cdninstagram.com&_nc_gid=1JG5_kC-xVnuMJsmS-GXLw&_nc_ss=7a22e&oh=00_AQL8u6KUvPN2dv2Cn-rmTcoQYyHGSvq0BZmgdb9DDTI9qw&oe=6AA097A9,https://www.instagram.com/p/Dczd0LlkeC6/
Supermercado São Pedro,Laticínios / Leites e Derivados,Biscoito Triunfo Leite Maizena 345g,6.29,31/08/2026,https://scontent-ord5-2.cdninstagram.com/v/t39.30808-6/790341028_1508698111303305_6101754768913825516_n.jpg?stp=c0.0.1638.2048a_dst-jpg_e35_s1638x2048_tt6&_nc_cat=107&ig_cache_key=Mzk3NjE3NTA3NTg4NzQ4NDk5OQ%3D%3D.3-ccb7-5&ccb=7-5&_nc_sid=58cdad&efg=eyJ2ZW5jb2RlX3RhZyI6IkNBUk9VU0VMX0lURU0ueHBpZHMuMTYzOS5zZHIucmVndWxhcl9waG90by5DMyJ9&_nc_ohc=3okOtetE7JoQ7kNvwHGwXBk&_nc_oc=AdqeSxT5kE3rFEOMi7-YN1yuLdpL5xJsPPu11Pc2CINK1LsOw-xFjJW925AuBZyeTVeXA0jedfrTjBhduOjZE6UA&_nc_ad=z-m&_nc_cid=1087&_nc_zt=23&_nc_ht=scontent-ord5-2.cdninstagram.com&_nc_gid=8zJsSQ99jKbPuQyWDjwUag&_nc_ss=7a22e&oh=00_AQInuPYdyY17rMEkFKuPyE7z4TNXKO9r9Y11F9MzXZMbMQ&oe=6AA098A7,https://www.instagram.com/p/DcuNi7YiX2_/
Super Compras Supermercado,Laticínios / Leites e Derivados,Leite Integral Piracanjuba 1L,6.49,03/09/2026,https://instagram.ftls1-1.fna.fbcdn.net/v/t51.82787-15/792483899_18193426567391764_509850408603097530_n.jpg?stp=dst-jpg_e35_tt6&_nc_cat=110&ig_cache_key=Mzk3NzYzNTM3NDYwODMzNDY5Nw%3D%3D.3-ccb7-5&ccb=7-5&_nc_sid=58cdad&efg=eyJ2ZW5jb2RlX3RhZyI6IkNBUk9VU0VMX0lURU0ueHBpZHMuMTQ0MC5zZHIucmVndWxhcl9waG90by5DMyJ9&_nc_ohc=qyHggg7GT7kQ7kNvwFdg-di&_nc_oc=AdrQnUzvVYm99rthxDn3mOCYT3XB30opI-6F1W2Z2M5cKizTSpROpOx_kUB3RijdHeE&_nc_ad=z-m&_nc_cid=0&_nc_zt=23&_nc_ht=instagram.ftls1-1.fna&_nc_gid=7csfsUKuVDLcuOQCLIgMUA&_nc_ss=7a22e&oh=00_AQIMIJz0-bauHNuY4P3duqV8-j6UUIZ3waBI7m-TAZcD9A&oe=6AA0B882,https://www.instagram.com/p/DczZl6tlIWo/
Supermercado São Pedro,Laticínios / Leites e Derivados,Leite Condensado Piracanjuba 395g,6.69,31/08/2026,https://scontent-ord5-2.cdninstagram.com/v/t39.30808-6/790651262_1508698107969972_5998080027560533600_n.jpg?stp=c0.0.1638.2048a_dst-jpg_e35_s1638x2048_tt6&_nc_cat=100&ig_cache_key=Mzk3NjE3NTA3NTkzNzgyODUwNQ%3D%3D.3-ccb7-5&ccb=7-5&_nc_sid=58cdad&efg=eyJ2ZW5jb2RlX3RhZyI6IkNBUk9VU0VMX0lURU0ueHBpZHMuMTYzOS5zZHIucmVndWxhcl9waG90by5DMyJ9&_nc_ohc=oxBXcFaL888Q7kNvwHEYKt3&_nc_oc=AdrFkBQWqbFnDjKA0e4rOxbt1AvJOHwNUftvlfOhtjQUqAWWH-C7ZUiZWFAUK3K_9gjJ_7pGjVduUE9BVfDsSTlL&_nc_ad=z-m&_nc_cid=1087&_nc_zt=23&_nc_ht=scontent-ord5-2.cdninstagram.com&_nc_gid=8zJsSQ99jKbPuQyWDjwUag&_nc_ss=7a22e&oh=00_AQI4bD6n7OOHtfIk9hxXshosARLJ-6zWtujAuhQYsNZA9A&oe=6AA084C9,https://www.instagram.com/p/DcuNi7YiX2_/
Super Compras Supermercado,Laticínios / Leites e Derivados,Linguiça Super Frango Queijo e Bacon 600g,8.99,03/09/2026,https://instagram.ftls1-1.fna.fbcdn.net/v/t51.82787-15/792881933_18193426549391764_5492786927584962822_n.jpg?stp=dst-jpg_e35_tt6&_nc_cat=100&ig_cache_key=Mzk3NzYzNTM1MTY0OTA5ODM4NQ%3D%3D.3-ccb7-5&ccb=7-5&_nc_sid=58cdad&efg=eyJ2ZW5jb2RlX3RhZyI6IkNBUk9VU0VMX0lURU0ueHBpZHMuMTQ0MC5zZHIucmVndWxhcl9waG90by5DMyJ9&_nc_ohc=PucYJLO-nJYQ7kNvwG4_I-Q&_nc_oc=Adr0ugDetv3wqHvoAHs_Gh_s26Yh9kVbP26kWQYZssqf4P0Dm9-edaGdqKkceo9swmw&_nc_ad=z-m&_nc_cid=0&_nc_zt=23&_nc_ht=instagram.ftls1-1.fna&_nc_gid=7csfsUKuVDLcuOQCLIgMUA&_nc_ss=7a22e&oh=00_AQJHklB659T19XZVy3bzwkcw38dXnCWAysUA7xSPXv0qng&oe=6AA0A437,https://www.instagram.com/p/DczZl6tlIWo/
Supermercado Tuiuiú,Laticínios / Leites e Derivados,Leite em Pó Ninho 380g,16.99,02/09/2026,https://scontent-iad6-1.cdninstagram.com/v/t51.82787-15/792157898_18583652440067900_5431933029132674723_n.jpg?stp=dst-jpg_e35_tt6&_nc_cat=102&ig_cache_key=Mzk3NzY1NDAwMjM4NDcxMTU2Nw%3D%3D.3-ccb7-5&ccb=7-5&_nc_sid=58cdad&efg=eyJ2ZW5jb2RlX3RhZyI6IkNBUk9VU0VMX0lURU0ueHBpZHMuMTA4MC5zZHIucmVndWxhcl9waG90by5DMyJ9&_nc_ohc=oZgvBw2DbvkQ7kNvwESZzsW&_nc_oc=AdrBk4b7rJXJryZ9o4RM7lrMm4VTHrCcW303D016dggk9FDJ5-VE3AhMOjH2kYhTeoQ&_nc_ad=z-m&_nc_cid=0&_nc_zt=23&_nc_ht=scontent-iad6-1.cdninstagram.com&_nc_gid=1JG5_kC-xVnuMJsmS-GXLw&_nc_ss=7a22e&oh=00_AQIDIWOI2umubyQlGiXHZ9qm155i27PItz8qjRfESnvvgw&oe=6AA0AE3E,https://www.instagram.com/p/Dczd0LlkeC6/
Supermercado São Pedro,Laticínios / Leites e Derivados,Leite Ninho 380g,18.99,31/08/2026,https://scontent-ord5-2.cdninstagram.com/v/t39.30808-6/790310368_1508698117969971_69530791300054474_n.jpg?stp=c0.0.1638.2047a_dst-jpg_e35_s1638x2047_tt6&_nc_cat=102&ig_cache_key=Mzk3NjE3NTA3NzMxMzU4MjExNA%3D%3D.3-ccb7-5&ccb=7-5&_nc_sid=58cdad&efg=eyJ2ZW5jb2RlX3RhZyI6IkNBUk9VU0VMX0lURU0ueHBpZHMuMTYzOC5zZHIucmVndWxhcl9waG90by5DMyJ9&_nc_ohc=g4n58O2K9cUQ7kNvwEpdfqA&_nc_oc=AdrBfYdtW6QCj9dmzx8to__xEp_v8TjuSJvoLBKQvfgXNqJ3Nh8aDiwShetpzvGYvu8B22EZDu01S8KzgQq6xCgA&_nc_ad=z-m&_nc_cid=1087&_nc_zt=23&_nc_ht=scontent-ord5-2.cdninstagram.com&_nc_gid=8zJsSQ99jKbPuQyWDjwUag&_nc_ss=7a22e&oh=00_AQIgUwelJQ9mFbjsG0w89wot2PjRfNnvl0cF2yLKg9yITg&oe=6AA0B95A,https://www.instagram.com/p/DcuNi7YiX2_/
Supermercado Tuiuiú,Laticínios / Leites e Derivados,Queijo Queijo Mussarela kg,42.99,02/09/2026,https://scontent-iad6-1.cdninstagram.com/v/t51.82787-15/788641002_18583652422067900_3667430572349833363_n.jpg?stp=dst-jpg_e35_tt6&_nc_cat=102&ig_cache_key=Mzk3NzY1Mzk3MzE4NDU0ODEyNA%3D%3D.3-ccb7-5&ccb=7-5&_nc_sid=58cdad&efg=eyJ2ZW5jb2RlX3RhZyI6IkNBUk9VU0VMX0lURU0ueHBpZHMuMTA4MC5zZHIucmVndWxhcl9waG90by5DMyJ9&_nc_ohc=-BRGYMz9GO4Q7kNvwHQQtJe&_nc_oc=AdqU7za29gnsIYoAiDo9Z5SP7rarKqkxJ4pJ4dWZAwZwKiTFKTkMxXWbANTVpjPzKOM&_nc_ad=z-m&_nc_cid=0&_nc_zt=23&_nc_ht=scontent-iad6-1.cdninstagram.com&_nc_gid=1JG5_kC-xVnuMJsmS-GXLw&_nc_ss=7a22e&oh=00_AQL8u6KUvPN2dv2Cn-rmTcoQYyHGSvq0BZmgdb9DDTI9qw&oe=6AA097A9,https://www.instagram.com/p/Dczd0LlkeC6/
Supermercado Tuiuiú,Laticínios / Leites e Derivados,Queijo Queijo Mussarela kg,44.99,02/09/2026,https://scontent-iad3-2.cdninstagram.com/v/t51.82787-15/791144761_18583652398067900_958727226358360668_n.jpg?stp=dst-jpg_e35_tt6&_nc_cat=111&ig_cache_key=Mzk3NzY1Mzk0MjczMzM5NzQxMQ%3D%3D.3-ccb7-5&ccb=7-5&_nc_sid=58cdad&efg=eyJ2ZW5jb2RlX3RhZyI6IkNBUk9VU0VMX0lURU0ueHBpZHMuMTA4MC5zZHIucmVndWxhcl9waG90by5DMyJ9&_nc_ohc=TEXxzSeVwpYQ7kNvwHCONI9&_nc_oc=AdoesDTdWeaxv6U3HOszcgAzaNZlZejBBQTMJy9ypoTgKOOenPiyrP_vKBw6v66hyxE&_nc_ad=z-m&_nc_cid=0&_nc_zt=23&_nc_ht=scontent-iad3-2.cdninstagram.com&_nc_gid=1JG5_kC-xVnuMJsmS-GXLw&_nc_ss=7a22e&oh=00_AQLaf5y_E8lXLh_Ow6v0PSwQ6wLa_ch1HF2b7yGRu30u-w&oe=6AA083F9,https://www.instagram.com/p/Dczd0LlkeC6/
Super Compras Supermercado,Laticínios / Leites e Derivados,Queijo Queijo Mussarela Brasilac kg,49.89,03/09/2026,https://instagram.ftls1-1.fna.fbcdn.net/v/t51.82787-15/792483899_18193426567391764_509850408603097530_n.jpg?stp=dst-jpg_e35_tt6&_nc_cat=110&ig_cache_key=Mzk3NzYzNTM3NDYwODMzNDY5Nw%3D%3D.3-ccb7-5&ccb=7-5&_nc_sid=58cdad&efg=eyJ2ZW5jb2RlX3RhZyI6IkNBUk9VU0VMX0lURU0ueHBpZHMuMTQ0MC5zZHIucmVndWxhcl9waG90by5DMyJ9&_nc_ohc=qyHggg7GT7kQ7kNvwFdg-di&_nc_oc=AdrQnUzvVYm99rthxDn3mOCYT3XB30opI-6F1W2Z2M5cKizTSpROpOx_kUB3RijdHeE&_nc_ad=z-m&_nc_cid=0&_nc_zt=23&_nc_ht=instagram.ftls1-1.fna&_nc_gid=7csfsUKuVDLcuOQCLIgMUA&_nc_ss=7a22e&oh=00_AQIMIJz0-bauHNuY4P3duqV8-j6UUIZ3waBI7m-TAZcD9A&oe=6AA0B882,https://www.instagram.com/p/DczZl6tlIWo/
Supermercado São Pedro,Limpeza / Cuidados com a Casa,Água Sanitária Girando Sol 2L,7.99,31/08/2026,https://scontent-ord5-2.cdninstagram.com/v/t39.30808-6/790651262_1508698107969972_5998080027560533600_n.jpg?stp=c0.0.1638.2048a_dst-jpg_e35_s1638x2048_tt6&_nc_cat=100&ig_cache_key=Mzk3NjE3NTA3NTkzNzgyODUwNQ%3D%3D.3-ccb7-5&ccb=7-5&_nc_sid=58cdad&efg=eyJ2ZW5jb2RlX3RhZyI6IkNBUk9VU0VMX0lURU0ueHBpZHMuMTYzOS5zZHIucmVndWxhcl9waG90by5DMyJ9&_nc_ohc=oxBXcFaL888Q7kNvwHEYKt3&_nc_oc=AdrFkBQWqbFnDjKA0e4rOxbt1AvJOHwNUftvlfOhtjQUqAWWH-C7ZUiZWFAUK3K_9gjJ_7pGjVduUE9BVfDsSTlL&_nc_ad=z-m&_nc_cid=1087&_nc_zt=23&_nc_ht=scontent-ord5-2.cdninstagram.com&_nc_gid=8zJsSQ99jKbPuQyWDjwUag&_nc_ss=7a22e&oh=00_AQI4bD6n7OOHtfIk9hxXshosARLJ-6zWtujAuhQYsNZA9A&oe=6AA084C9,https://www.instagram.com/p/DcuNi7YiX2_/
Supermercado São Pedro,Limpeza / Cuidados com a Casa,Amaciante Ypê 2L,10.29,31/08/2026,https://scontent-ord5-2.cdninstagram.com/v/t39.30808-6/790651262_1508698107969972_5998080027560533600_n.jpg?stp=c0.0.1638.2048a_dst-jpg_e35_s1638x2048_tt6&_nc_cat=100&ig_cache_key=Mzk3NjE3NTA3NTkzNzgyODUwNQ%3D%3D.3-ccb7-5&ccb=7-5&_nc_sid=58cdad&efg=eyJ2ZW5jb2RlX3RhZyI6IkNBUk9VU0VMX0lURU0ueHBpZHMuMTYzOS5zZHIucmVndWxhcl9waG90by5DMyJ9&_nc_ohc=oxBXcFaL888Q7kNvwHEYKt3&_nc_oc=AdrFkBQWqbFnDjKA0e4rOxbt1AvJOHwNUftvlfOhtjQUqAWWH-C7ZUiZWFAUK3K_9gjJ_7pGjVduUE9BVfDsSTlL&_nc_ad=z-m&_nc_cid=1087&_nc_zt=23&_nc_ht=scontent-ord5-2.cdninstagram.com&_nc_gid=8zJsSQ99jKbPuQyWDjwUag&_nc_ss=7a22e&oh=00_AQI4bD6n7OOHtfIk9hxXshosARLJ-6zWtujAuhQYsNZA9A&oe=6AA084C9,https://www.instagram.com/p/DcuNi7YiX2_/
Supermercado São Pedro,Limpeza / Cuidados com a Casa,Desinfetante Ypê 2L,10.99,31/08/2026,https://scontent-ord5-2.cdninstagram.com/v/t39.30808-6/790651262_1508698107969972_5998080027560533600_n.jpg?stp=c0.0.1638.2048a_dst-jpg_e35_s1638x2048_tt6&_nc_cat=100&ig_cache_key=Mzk3NjE3NTA3NTkzNzgyODUwNQ%3D%3D.3-ccb7-5&ccb=7-5&_nc_sid=58cdad&efg=eyJ2ZW5jb2RlX3RhZyI6IkNBUk9VU0VMX0lURU0ueHBpZHMuMTYzOS5zZHIucmVndWxhcl9waG90by5DMyJ9&_nc_ohc=oxBXcFaL888Q7kNvwHEYKt3&_nc_oc=AdrFkBQWqbFnDjKA0e4rOxbt1AvJOHwNUftvlfOhtjQUqAWWH-C7ZUiZWFAUK3K_9gjJ_7pGjVduUE9BVfDsSTlL&_nc_ad=z-m&_nc_cid=1087&_nc_zt=23&_nc_ht=scontent-ord5-2.cdninstagram.com&_nc_gid=8zJsSQ99jKbPuQyWDjwUag&_nc_ss=7a22e&oh=00_AQI4bD6n7OOHtfIk9hxXshosARLJ-6zWtujAuhQYsNZA9A&oe=6AA084C9,https://www.instagram.com/p/DcuNi7YiX2_/
Super Compras Supermercado,Limpeza / Lavanderia e Louça,Lava Roupas em Pó Assim 800g,8.39,03/09/2026,https://instagram.ftls1-1.fna.fbcdn.net/v/t51.82787-15/792053703_18193426588391764_4096902630104938508_n.jpg?stp=dst-jpg_e35_tt6&_nc_cat=101&ig_cache_key=Mzk3NzYzNTQxMjMzMjA4NDUzMw%3D%3D.3-ccb7-5&ccb=7-5&_nc_sid=58cdad&efg=eyJ2ZW5jb2RlX3RhZyI6IkNBUk9VU0VMX0lURU0ueHBpZHMuMTQ0MC5zZHIucmVndWxhcl9waG90by5DMyJ9&_nc_ohc=-AUFiMQb1OoQ7kNvwGsLw-4&_nc_oc=AdoZdPOHZqxz-p8SGdeexmxNgQyCRXTLH5mfdocLd3szeN71DpLhomxJHCFO_GO-4R8&_nc_ad=z-m&_nc_cid=0&_nc_zt=23&_nc_ht=instagram.ftls1-1.fna&_nc_gid=7csfsUKuVDLcuOQCLIgMUA&_nc_ss=7a22e&oh=00_AQJ_Q_awmk0OEeZbP51zQR6fN9VGZXRLJ9I1g5P0XSOdTQ&oe=6AA0B74E,https://www.instagram.com/p/DczZl6tlIWo/
Supermercado São Pedro,Limpeza / Lavanderia e Louça,Sabão em Pó Brilhante 800g,10.99,31/08/2026,https://scontent-ord5-2.cdninstagram.com/v/t39.30808-6/790651262_1508698107969972_5998080027560533600_n.jpg?stp=c0.0.1638.2048a_dst-jpg_e35_s1638x2048_tt6&_nc_cat=100&ig_cache_key=Mzk3NjE3NTA3NTkzNzgyODUwNQ%3D%3D.3-ccb7-5&ccb=7-5&_nc_sid=58cdad&efg=eyJ2ZW5jb2RlX3RhZyI6IkNBUk9VU0VMX0lURU0ueHBpZHMuMTYzOS5zZHIucmVndWxhcl9waG90by5DMyJ9&_nc_ohc=oxBXcFaL888Q7kNvwHEYKt3&_nc_oc=AdrFkBQWqbFnDjKA0e4rOxbt1AvJOHwNUftvlfOhtjQUqAWWH-C7ZUiZWFAUK3K_9gjJ_7pGjVduUE9BVfDsSTlL&_nc_ad=z-m&_nc_cid=1087&_nc_zt=23&_nc_ht=scontent-ord5-2.cdninstagram.com&_nc_gid=8zJsSQ99jKbPuQyWDjwUag&_nc_ss=7a22e&oh=00_AQI4bD6n7OOHtfIk9hxXshosARLJ-6zWtujAuhQYsNZA9A&oe=6AA084C9,https://www.instagram.com/p/DcuNi7YiX2_/
Super Compras Supermercado,Limpeza / Lavanderia e Louça,Lava Roupas Líquido Omo 1.8L,21.99,03/09/2026,https://instagram.ftls1-1.fna.fbcdn.net/v/t51.82787-15/792053703_18193426588391764_4096902630104938508_n.jpg?stp=dst-jpg_e35_tt6&_nc_cat=101&ig_cache_key=Mzk3NzYzNTQxMjMzMjA4NDUzMw%3D%3D.3-ccb7-5&ccb=7-5&_nc_sid=58cdad&efg=eyJ2ZW5jb2RlX3RhZyI6IkNBUk9VU0VMX0lURU0ueHBpZHMuMTQ0MC5zZHIucmVndWxhcl9waG90by5DMyJ9&_nc_ohc=-AUFiMQb1OoQ7kNvwGsLw-4&_nc_oc=AdoZdPOHZqxz-p8SGdeexmxNgQyCRXTLH5mfdocLd3szeN71DpLhomxJHCFO_GO-4R8&_nc_ad=z-m&_nc_cid=0&_nc_zt=23&_nc_ht=instagram.ftls1-1.fna&_nc_gid=7csfsUKuVDLcuOQCLIgMUA&_nc_ss=7a22e&oh=00_AQJ_Q_awmk0OEeZbP51zQR6fN9VGZXRLJ9I1g5P0XSOdTQ&oe=6AA0B74E,https://www.instagram.com/p/DczZl6tlIWo/
Supermercado São Pedro,Mercearia / Arroz,Arroz Kumbuca 5kg,21.89,31/08/2026,https://scontent-ord5-2.cdninstagram.com/v/t39.30808-6/790341028_1508698111303305_6101754768913825516_n.jpg?stp=c0.0.1638.2048a_dst-jpg_e35_s1638x2048_tt6&_nc_cat=107&ig_cache_key=Mzk3NjE3NTA3NTg4NzQ4NDk5OQ%3D%3D.3-ccb7-5&ccb=7-5&_nc_sid=58cdad&efg=eyJ2ZW5jb2RlX3RhZyI6IkNBUk9VU0VMX0lURU0ueHBpZHMuMTYzOS5zZHIucmVndWxhcl9waG90by5DMyJ9&_nc_ohc=3okOtetE7JoQ7kNvwHGwXBk&_nc_oc=AdqeSxT5kE3rFEOMi7-YN1yuLdpL5xJsPPu11Pc2CINK1LsOw-xFjJW925AuBZyeTVeXA0jedfrTjBhduOjZE6UA&_nc_ad=z-m&_nc_cid=1087&_nc_zt=23&_nc_ht=scontent-ord5-2.cdninstagram.com&_nc_gid=8zJsSQ99jKbPuQyWDjwUag&_nc_ss=7a22e&oh=00_AQInuPYdyY17rMEkFKuPyE7z4TNXKO9r9Y11F9MzXZMbMQ&oe=6AA098A7,https://www.instagram.com/p/DcuNi7YiX2_/
Supermercado São Pedro,Mercearia / Açúcar,Açúcar Cristal Itamarati 2kg,4.99,31/08/2026,https://scontent-ord5-2.cdninstagram.com/v/t39.30808-6/790651262_1508698107969972_5998080027560533600_n.jpg?stp=c0.0.1638.2048a_dst-jpg_e35_s1638x2048_tt6&_nc_cat=100&ig_cache_key=Mzk3NjE3NTA3NTkzNzgyODUwNQ%3D%3D.3-ccb7-5&ccb=7-5&_nc_sid=58cdad&efg=eyJ2ZW5jb2RlX3RhZyI6IkNBUk9VU0VMX0lURU0ueHBpZHMuMTYzOS5zZHIucmVndWxhcl9waG90by5DMyJ9&_nc_ohc=oxBXcFaL888Q7kNvwHEYKt3&_nc_oc=AdrFkBQWqbFnDjKA0e4rOxbt1AvJOHwNUftvlfOhtjQUqAWWH-C7ZUiZWFAUK3K_9gjJ_7pGjVduUE9BVfDsSTlL&_nc_ad=z-m&_nc_cid=1087&_nc_zt=23&_nc_ht=scontent-ord5-2.cdninstagram.com&_nc_gid=8zJsSQ99jKbPuQyWDjwUag&_nc_ss=7a22e&oh=00_AQI4bD6n7OOHtfIk9hxXshosARLJ-6zWtujAuhQYsNZA9A&oe=6AA084C9,https://www.instagram.com/p/DcuNi7YiX2_/
Supermercado Tuiuiú,Mercearia / Biscoitos e Doces,Biscoito Apache 76g,1.19,02/09/2026,https://scontent-iad6-1.cdninstagram.com/v/t51.82787-15/792157898_18583652440067900_5431933029132674723_n.jpg?stp=dst-jpg_e35_tt6&_nc_cat=102&ig_cache_key=Mzk3NzY1NDAwMjM4NDcxMTU2Nw%3D%3D.3-ccb7-5&ccb=7-5&_nc_sid=58cdad&efg=eyJ2ZW5jb2RlX3RhZyI6IkNBUk9VU0VMX0lURU0ueHBpZHMuMTA4MC5zZHIucmVndWxhcl9waG90by5DMyJ9&_nc_ohc=oZgvBw2DbvkQ7kNvwESZzsW&_nc_oc=AdrBk4b7rJXJryZ9o4RM7lrMm4VTHrCcW303D016dggk9FDJ5-VE3AhMOjH2kYhTeoQ&_nc_ad=z-m&_nc_cid=0&_nc_zt=23&_nc_ht=scontent-iad6-1.cdninstagram.com&_nc_gid=1JG5_kC-xVnuMJsmS-GXLw&_nc_ss=7a22e&oh=00_AQIDIWOI2umubyQlGiXHZ9qm155i27PItz8qjRfESnvvgw&oe=6AA0AE3E,https://www.instagram.com/p/Dczd0LlkeC6/
Super Compras Supermercado,Mercearia / Biscoitos e Doces,Biscoito Cookies Bauducco 60g,2.49,03/09/2026,https://instagram.ftls1-1.fna.fbcdn.net/v/t51.82787-15/792483899_18193426567391764_509850408603097530_n.jpg?stp=dst-jpg_e35_tt6&_nc_cat=110&ig_cache_key=Mzk3NzYzNTM3NDYwODMzNDY5Nw%3D%3D.3-ccb7-5&ccb=7-5&_nc_sid=58cdad&efg=eyJ2ZW5jb2RlX3RhZyI6IkNBUk9VU0VMX0lURU0ueHBpZHMuMTQ0MC5zZHIucmVndWxhcl9waG90by5DMyJ9&_nc_ohc=qyHggg7GT7kQ7kNvwFdg-di&_nc_oc=AdrQnUzvVYm99rthxDn3mOCYT3XB30opI-6F1W2Z2M5cKizTSpROpOx_kUB3RijdHeE&_nc_ad=z-m&_nc_cid=0&_nc_zt=23&_nc_ht=instagram.ftls1-1.fna&_nc_gid=7csfsUKuVDLcuOQCLIgMUA&_nc_ss=7a22e&oh=00_AQIMIJz0-bauHNuY4P3duqV8-j6UUIZ3waBI7m-TAZcD9A&oe=6AA0B882,https://www.instagram.com/p/DczZl6tlIWo/
Supermercado São Pedro,Mercearia / Biscoitos e Doces,Rosquinhas de Coco Mabel 600g,7.49,31/08/2026,https://scontent-ord5-2.cdninstagram.com/v/t39.30808-6/790341028_1508698111303305_6101754768913825516_n.jpg?stp=c0.0.1638.2048a_dst-jpg_e35_s1638x2048_tt6&_nc_cat=107&ig_cache_key=Mzk3NjE3NTA3NTg4NzQ4NDk5OQ%3D%3D.3-ccb7-5&ccb=7-5&_nc_sid=58cdad&efg=eyJ2ZW5jb2RlX3RhZyI6IkNBUk9VU0VMX0lURU0ueHBpZHMuMTYzOS5zZHIucmVndWxhcl9waG90by5DMyJ9&_nc_ohc=3okOtetE7JoQ7kNvwHGwXBk&_nc_oc=AdqeSxT5kE3rFEOMi7-YN1yuLdpL5xJsPPu11Pc2CINK1LsOw-xFjJW925AuBZyeTVeXA0jedfrTjBhduOjZE6UA&_nc_ad=z-m&_nc_cid=1087&_nc_zt=23&_nc_ht=scontent-ord5-2.cdninstagram.com&_nc_gid=8zJsSQ99jKbPuQyWDjwUag&_nc_ss=7a22e&oh=00_AQInuPYdyY17rMEkFKuPyE7z4TNXKO9r9Y11F9MzXZMbMQ&oe=6AA098A7,https://www.instagram.com/p/DcuNi7YiX2_/
Supermercado São Pedro,Mercearia / Café,Café Pilão 500g,23.49,31/08/2026,https://scontent-ord5-2.cdninstagram.com/v/t39.30808-6/790310368_1508698117969971_69530791300054474_n.jpg?stp=c0.0.1638.2047a_dst-jpg_e35_s1638x2047_tt6&_nc_cat=102&ig_cache_key=Mzk3NjE3NTA3NzMxMzU4MjExNA%3D%3D.3-ccb7-5&ccb=7-5&_nc_sid=58cdad&efg=eyJ2ZW5jb2RlX3RhZyI6IkNBUk9VU0VMX0lURU0ueHBpZHMuMTYzOC5zZHIucmVndWxhcl9waG90by5DMyJ9&_nc_ohc=g4n58O2K9cUQ7kNvwEpdfqA&_nc_oc=AdrBfYdtW6QCj9dmzx8to__xEp_v8TjuSJvoLBKQvfgXNqJ3Nh8aDiwShetpzvGYvu8B22EZDu01S8KzgQq6xCgA&_nc_ad=z-m&_nc_cid=1087&_nc_zt=23&_nc_ht=scontent-ord5-2.cdninstagram.com&_nc_gid=8zJsSQ99jKbPuQyWDjwUag&_nc_ss=7a22e&oh=00_AQIgUwelJQ9mFbjsG0w89wot2PjRfNnvl0cF2yLKg9yITg&oe=6AA0B95A,https://www.instagram.com/p/DcuNi7YiX2_/
Super Compras Supermercado,Mercearia / Farináceos,Farinha de Mandioca Camarada 500g,8.99,03/09/2026,https://instagram.ftls1-1.fna.fbcdn.net/v/t51.82787-15/792881933_18193426549391764_5492786927584962822_n.jpg?stp=dst-jpg_e35_tt6&_nc_cat=100&ig_cache_key=Mzk3NzYzNTM1MTY0OTA5ODM4NQ%3D%3D.3-ccb7-5&ccb=7-5&_nc_sid=58cdad&efg=eyJ2ZW5jb2RlX3RhZyI6IkNBUk9VU0VMX0lURU0ueHBpZHMuMTQ0MC5zZHIucmVndWxhcl9waG90by5DMyJ9&_nc_ohc=PucYJLO-nJYQ7kNvwG4_I-Q&_nc_oc=Adr0ugDetv3wqHvoAHs_Gh_s26Yh9kVbP26kWQYZssqf4P0Dm9-edaGdqKkceo9swmw&_nc_ad=z-m&_nc_cid=0&_nc_zt=23&_nc_ht=instagram.ftls1-1.fna&_nc_gid=7csfsUKuVDLcuOQCLIgMUA&_nc_ss=7a22e&oh=00_AQJHklB659T19XZVy3bzwkcw38dXnCWAysUA7xSPXv0qng&oe=6AA0A437,https://www.instagram.com/p/DczZl6tlIWo/
Supermercado São Pedro,Mercearia / Grãos e Conservas,Azeitonas Rivoli,5.69,31/08/2026,https://scontent-ord5-2.cdninstagram.com/v/t39.30808-6/790341028_1508698111303305_6101754768913825516_n.jpg?stp=c0.0.1638.2048a_dst-jpg_e35_s1638x2048_tt6&_nc_cat=107&ig_cache_key=Mzk3NjE3NTA3NTg4NzQ4NDk5OQ%3D%3D.3-ccb7-5&ccb=7-5&_nc_sid=58cdad&efg=eyJ2ZW5jb2RlX3RhZyI6IkNBUk9VU0VMX0lURU0ueHBpZHMuMTYzOS5zZHIucmVndWxhcl9waG90by5DMyJ9&_nc_ohc=3okOtetE7JoQ7kNvwHGwXBk&_nc_oc=AdqeSxT5kE3rFEOMi7-YN1yuLdpL5xJsPPu11Pc2CINK1LsOw-xFjJW925AuBZyeTVeXA0jedfrTjBhduOjZE6UA&_nc_ad=z-m&_nc_cid=1087&_nc_zt=23&_nc_ht=scontent-ord5-2.cdninstagram.com&_nc_gid=8zJsSQ99jKbPuQyWDjwUag&_nc_ss=7a22e&oh=00_AQInuPYdyY17rMEkFKuPyE7z4TNXKO9r9Y11F9MzXZMbMQ&oe=6AA098A7,https://www.instagram.com/p/DcuNi7YiX2_/
Supermercado São Pedro,Mercearia / Massas,Macarrão Todeschini 500g,3.49,31/08/2026,https://scontent-ord5-2.cdninstagram.com/v/t39.30808-6/790310368_1508698117969971_69530791300054474_n.jpg?stp=c0.0.1638.2047a_dst-jpg_e35_s1638x2047_tt6&_nc_cat=102&ig_cache_key=Mzk3NjE3NTA3NzMxMzU4MjExNA%3D%3D.3-ccb7-5&ccb=7-5&_nc_sid=58cdad&efg=eyJ2ZW5jb2RlX3RhZyI6IkNBUk9VU0VMX0lURU0ueHBpZHMuMTYzOC5zZHIucmVndWxhcl9waG90by5DMyJ9&_nc_ohc=g4n58O2K9cUQ7kNvwEpdfqA&_nc_oc=AdrBfYdtW6QCj9dmzx8to__xEp_v8TjuSJvoLBKQvfgXNqJ3Nh8aDiwShetpzvGYvu8B22EZDu01S8KzgQq6xCgA&_nc_ad=z-m&_nc_cid=1087&_nc_zt=23&_nc_ht=scontent-ord5-2.cdninstagram.com&_nc_gid=8zJsSQ99jKbPuQyWDjwUag&_nc_ss=7a22e&oh=00_AQIgUwelJQ9mFbjsG0w89wot2PjRfNnvl0cF2yLKg9yITg&oe=6AA0B95A,https://www.instagram.com/p/DcuNi7YiX2_/
Super Compras Supermercado,Mercearia / Massas,Macarrão Sêmola Galo 500g,4.59,03/09/2026,https://instagram.ftls1-1.fna.fbcdn.net/v/t51.82787-15/792483899_18193426567391764_509850408603097530_n.jpg?stp=dst-jpg_e35_tt6&_nc_cat=110&ig_cache_key=Mzk3NzYzNTM3NDYwODMzNDY5Nw%3D%3D.3-ccb7-5&ccb=7-5&_nc_sid=58cdad&efg=eyJ2ZW5jb2RlX3RhZyI6IkNBUk9VU0VMX0lURU0ueHBpZHMuMTQ0MC5zZHIucmVndWxhcl9waG90by5DMyJ9&_nc_ohc=qyHggg7GT7kQ7kNvwFdg-di&_nc_oc=AdrQnUzvVYm99rthxDn3mOCYT3XB30opI-6F1W2Z2M5cKizTSpROpOx_kUB3RijdHeE&_nc_ad=z-m&_nc_cid=0&_nc_zt=23&_nc_ht=instagram.ftls1-1.fna&_nc_gid=7csfsUKuVDLcuOQCLIgMUA&_nc_ss=7a22e&oh=00_AQIMIJz0-bauHNuY4P3duqV8-j6UUIZ3waBI7m-TAZcD9A&oe=6AA0B882,https://www.instagram.com/p/DczZl6tlIWo/
Supermercado São Pedro,Mercearia / Molhos e Condimentos,Molho de Tomate Sofruta 300g,1.29,31/08/2026,https://scontent-ord5-2.cdninstagram.com/v/t39.30808-6/790341028_1508698111303305_6101754768913825516_n.jpg?stp=c0.0.1638.2048a_dst-jpg_e35_s1638x2048_tt6&_nc_cat=107&ig_cache_key=Mzk3NjE3NTA3NTg4NzQ4NDk5OQ%3D%3D.3-ccb7-5&ccb=7-5&_nc_sid=58cdad&efg=eyJ2ZW5jb2RlX3RhZyI6IkNBUk9VU0VMX0lURU0ueHBpZHMuMTYzOS5zZHIucmVndWxhcl9waG90by5DMyJ9&_nc_ohc=3okOtetE7JoQ7kNvwHGwXBk&_nc_oc=AdqeSxT5kE3rFEOMi7-YN1yuLdpL5xJsPPu11Pc2CINK1LsOw-xFjJW925AuBZyeTVeXA0jedfrTjBhduOjZE6UA&_nc_ad=z-m&_nc_cid=1087&_nc_zt=23&_nc_ht=scontent-ord5-2.cdninstagram.com&_nc_gid=8zJsSQ99jKbPuQyWDjwUag&_nc_ss=7a22e&oh=00_AQInuPYdyY17rMEkFKuPyE7z4TNXKO9r9Y11F9MzXZMbMQ&oe=6AA098A7,https://www.instagram.com/p/DcuNi7YiX2_/
Super Compras Supermercado,Mercearia / Óleos e Azeites,Óleo de Soja Liza 900g,6.79,03/09/2026,https://instagram.ftls1-1.fna.fbcdn.net/v/t51.82787-15/792483899_18193426567391764_509850408603097530_n.jpg?stp=dst-jpg_e35_tt6&_nc_cat=110&ig_cache_key=Mzk3NzYzNTM3NDYwODMzNDY5Nw%3D%3D.3-ccb7-5&ccb=7-5&_nc_sid=58cdad&efg=eyJ2ZW5jb2RlX3RhZyI6IkNBUk9VU0VMX0lURU0ueHBpZHMuMTQ0MC5zZHIucmVndWxhcl9waG90by5DMyJ9&_nc_ohc=qyHggg7GT7kQ7kNvwFdg-di&_nc_oc=AdrQnUzvVYm99rthxDn3mOCYT3XB30opI-6F1W2Z2M5cKizTSpROpOx_kUB3RijdHeE&_nc_ad=z-m&_nc_cid=0&_nc_zt=23&_nc_ht=instagram.ftls1-1.fna&_nc_gid=7csfsUKuVDLcuOQCLIgMUA&_nc_ss=7a22e&oh=00_AQIMIJz0-bauHNuY4P3duqV8-j6UUIZ3waBI7m-TAZcD9A&oe=6AA0B882,https://www.instagram.com/p/DczZl6tlIWo/
Supermercado São Pedro,Outros,Água Mineral Puríssima com Gás 500ml,1.99,31/08/2026,https://scontent-ord5-2.cdninstagram.com/v/t39.30808-6/790651262_1508698107969972_5998080027560533600_n.jpg?stp=c0.0.1638.2048a_dst-jpg_e35_s1638x2048_tt6&_nc_cat=100&ig_cache_key=Mzk3NjE3NTA3NTkzNzgyODUwNQ%3D%3D.3-ccb7-5&ccb=7-5&_nc_sid=58cdad&efg=eyJ2ZW5jb2RlX3RhZyI6IkNBUk9VU0VMX0lURU0ueHBpZHMuMTYzOS5zZHIucmVndWxhcl9waG90by5DMyJ9&_nc_ohc=oxBXcFaL888Q7kNvwHEYKt3&_nc_oc=AdrFkBQWqbFnDjKA0e4rOxbt1AvJOHwNUftvlfOhtjQUqAWWH-C7ZUiZWFAUK3K_9gjJ_7pGjVduUE9BVfDsSTlL&_nc_ad=z-m&_nc_cid=1087&_nc_zt=23&_nc_ht=scontent-ord5-2.cdninstagram.com&_nc_gid=8zJsSQ99jKbPuQyWDjwUag&_nc_ss=7a22e&oh=00_AQI4bD6n7OOHtfIk9hxXshosARLJ-6zWtujAuhQYsNZA9A&oe=6AA084C9,https://www.instagram.com/p/DcuNi7YiX2_/
Super Compras Supermercado,Outros,Esfiha Aberta,2.99,03/09/2026,https://scontent-cdg6-1.cdninstagram.com/v/t51.82787-15/792070340_18193426945391764_4195048241765141947_n.jpg?stp=dst-jpg_e35_tt6&_nc_cat=106&ig_cache_key=Mzk3NzYzOTI3OTU4MTM2NDQxMQ%3D%3D.3-ccb7-5&ccb=7-5&_nc_sid=58cdad&efg=eyJ2ZW5jb2RlX3RhZyI6IkZFRUQueHBpZHMuMTQ0MC5zZHIucmVndWxhcl9waG90by5DMyJ9&_nc_ohc=7-X6GwXmROcQ7kNvwFMrhcG&_nc_oc=AdpvdiioUlJobp7RhWIZqk32ypElPQMH317dDKF0kSwn1FK0sPCKK0MN9tubhfY4BPq5Y_vXZpFtrTLuU3efHZnD&_nc_ad=z-m&_nc_cid=0&_nc_zt=23&_nc_ht=scontent-cdg6-1.cdninstagram.com&_nc_gid=PGSE3RLe8_Wa2W9I3V1a5g&_nc_ss=7a22e&oh=00_AQLxvDcI-hxjX1jMkz4EEDuoZB3KxzblVzPqcqQCY5IVSA&oe=6AA08A25,https://www.instagram.com/p/DczadmwFoC7/
Machadão Atacadista,Outros,Abóbora Moranga kg,3.99,04/09/2026,https://scontent-waw2-1.cdninstagram.com/v/t39.30808-6/792149596_1366549022231722_1180479154644046527_n.jpg?stp=dst-jpg_e35_tt6&_nc_cat=109&ig_cache_key=Mzk3ODc2NDU2MDg4NzQ5NTcyNg%3D%3D.3-ccb7-5&ccb=7-5&_nc_sid=58cdad&efg=eyJ2ZW5jb2RlX3RhZyI6IkZFRUQueHBpZHMuMTYzOC5zZHIucmVndWxhcl9waG90by5DMyJ9&_nc_ohc=Kl8OwwTbxWkQ7kNvwE7-tLh&_nc_oc=AdpMlQVCwYM8_jt0nUiR94_kaRRl3RnTnrj7PNvZt78sY1UrCzAZCP9iRybkv_leDYM&_nc_ad=z-m&_nc_cid=0&_nc_zt=23&_nc_ht=scontent-waw2-1.cdninstagram.com&_nc_gid=oa5mGpY0sQjIK21dbQXGzw&_nc_ss=7a22e&oh=00_AQJrErO_G1ctl-zuPW_j7OUFybsvPS8DI2Q5obl9JTFT3w&oe=6AA08B8A,https://www.instagram.com/p/Dc3aUmonLwu/
Machadão Atacadista,Outros,Chuchu kg,4.49,04/09/2026,https://scontent-waw2-1.cdninstagram.com/v/t39.30808-6/792149596_1366549022231722_1180479154644046527_n.jpg?stp=dst-jpg_e35_tt6&_nc_cat=109&ig_cache_key=Mzk3ODc2NDU2MDg4NzQ5NTcyNg%3D%3D.3-ccb7-5&ccb=7-5&_nc_sid=58cdad&efg=eyJ2ZW5jb2RlX3RhZyI6IkZFRUQueHBpZHMuMTYzOC5zZHIucmVndWxhcl9waG90by5DMyJ9&_nc_ohc=Kl8OwwTbxWkQ7kNvwE7-tLh&_nc_oc=AdpMlQVCwYM8_jt0nUiR94_kaRRl3RnTnrj7PNvZt78sY1UrCzAZCP9iRybkv_leDYM&_nc_ad=z-m&_nc_cid=0&_nc_zt=23&_nc_ht=scontent-waw2-1.cdninstagram.com&_nc_gid=oa5mGpY0sQjIK21dbQXGzw&_nc_ss=7a22e&oh=00_AQJrErO_G1ctl-zuPW_j7OUFybsvPS8DI2Q5obl9JTFT3w&oe=6AA08B8A,https://www.instagram.com/p/Dc3aUmonLwu/
Machadão Atacadista,Outros,Beterraba kg,4.99,04/09/2026,https://scontent-waw2-1.cdninstagram.com/v/t39.30808-6/792149596_1366549022231722_1180479154644046527_n.jpg?stp=dst-jpg_e35_tt6&_nc_cat=109&ig_cache_key=Mzk3ODc2NDU2MDg4NzQ5NTcyNg%3D%3D.3-ccb7-5&ccb=7-5&_nc_sid=58cdad&efg=eyJ2ZW5jb2RlX3RhZyI6IkZFRUQueHBpZHMuMTYzOC5zZHIucmVndWxhcl9waG90by5DMyJ9&_nc_ohc=Kl8OwwTbxWkQ7kNvwE7-tLh&_nc_oc=AdpMlQVCwYM8_jt0nUiR94_kaRRl3RnTnrj7PNvZt78sY1UrCzAZCP9iRybkv_leDYM&_nc_ad=z-m&_nc_cid=0&_nc_zt=23&_nc_ht=scontent-waw2-1.cdninstagram.com&_nc_gid=oa5mGpY0sQjIK21dbQXGzw&_nc_ss=7a22e&oh=00_AQJrErO_G1ctl-zuPW_j7OUFybsvPS8DI2Q5obl9JTFT3w&oe=6AA08B8A,https://www.instagram.com/p/Dc3aUmonLwu/
Machadão Atacadista,Outros,Pepino Comum kg,5.49,04/09/2026,https://scontent-waw2-1.cdninstagram.com/v/t39.30808-6/792149596_1366549022231722_1180479154644046527_n.jpg?stp=dst-jpg_e35_tt6&_nc_cat=109&ig_cache_key=Mzk3ODc2NDU2MDg4NzQ5NTcyNg%3D%3D.3-ccb7-5&ccb=7-5&_nc_sid=58cdad&efg=eyJ2ZW5jb2RlX3RhZyI6IkZFRUQueHBpZHMuMTYzOC5zZHIucmVndWxhcl9waG90by5DMyJ9&_nc_ohc=Kl8OwwTbxWkQ7kNvwE7-tLh&_nc_oc=AdpMlQVCwYM8_jt0nUiR94_kaRRl3RnTnrj7PNvZt78sY1UrCzAZCP9iRybkv_leDYM&_nc_ad=z-m&_nc_cid=0&_nc_zt=23&_nc_ht=scontent-waw2-1.cdninstagram.com&_nc_gid=oa5mGpY0sQjIK21dbQXGzw&_nc_ss=7a22e&oh=00_AQJrErO_G1ctl-zuPW_j7OUFybsvPS8DI2Q5obl9JTFT3w&oe=6AA08B8A,https://www.instagram.com/p/Dc3aUmonLwu/
Supermercado São Pedro,Outros,Polvilho Doce Caipira 1kg,5.99,31/08/2026,https://scontent-ord5-2.cdninstagram.com/v/t39.30808-6/790310368_1508698117969971_69530791300054474_n.jpg?stp=c0.0.1638.2047a_dst-jpg_e35_s1638x2047_tt6&_nc_cat=102&ig_cache_key=Mzk3NjE3NTA3NzMxMzU4MjExNA%3D%3D.3-ccb7-5&ccb=7-5&_nc_sid=58cdad&efg=eyJ2ZW5jb2RlX3RhZyI6IkNBUk9VU0VMX0lURU0ueHBpZHMuMTYzOC5zZHIucmVndWxhcl9waG90by5DMyJ9&_nc_ohc=g4n58O2K9cUQ7kNvwEpdfqA&_nc_oc=AdrBfYdtW6QCj9dmzx8to__xEp_v8TjuSJvoLBKQvfgXNqJ3Nh8aDiwShetpzvGYvu8B22EZDu01S8KzgQq6xCgA&_nc_ad=z-m&_nc_cid=1087&_nc_zt=23&_nc_ht=scontent-ord5-2.cdninstagram.com&_nc_gid=8zJsSQ99jKbPuQyWDjwUag&_nc_ss=7a22e&oh=00_AQIgUwelJQ9mFbjsG0w89wot2PjRfNnvl0cF2yLKg9yITg&oe=6AA0B95A,https://www.instagram.com/p/DcuNi7YiX2_/
Supermercado Tuiuiú,Outros,Morango,6.99,01/09/2026,https://instagram.fper11-1.fna.fbcdn.net/v/t51.82787-15/789667226_18583192900067900_6097504742774463082_n.jpg?stp=dst-jpg_e35_tt6&_nc_cat=106&ig_cache_key=Mzk3NjUzMTU4NDEzNTc5MjY4Nw%3D%3D.3-ccb7-5&ccb=7-5&_nc_sid=58cdad&efg=eyJ2ZW5jb2RlX3RhZyI6IkNBUk9VU0VMX0lURU0ueHBpZHMuMTA4MC5zZHIucmVndWxhcl9waG90by5DMyJ9&_nc_ohc=EQSc-n-i7LQQ7kNvwETr81y&_nc_oc=AdrHlQ5LPGu46gdwa5kn2JUw_eBRWdcVIMSrZ3uZrLoIPf08ppZ2dKIjTcnmSHd44lM&_nc_ad=z-m&_nc_cid=0&_nc_zt=23&_nc_ht=instagram.fper11-1.fna&_nc_gid=D3w59axHFeKrwT4EVBfn1g&_nc_ss=7a22e&oh=00_AQIugHMpJ51WKfLTx7JPl8SmjuXZ6zAwR6RtETH_hrqoWg&oe=6AA0B05A,https://www.instagram.com/p/Dcvem7jDB5G/
Supermercado Tuiuiú,Outros,Cereal Matinal Sucrilhos Kellogg's 240g,7.49,02/09/2026,https://scontent-iad6-1.cdninstagram.com/v/t51.82787-15/792157898_18583652440067900_5431933029132674723_n.jpg?stp=dst-jpg_e35_tt6&_nc_cat=102&ig_cache_key=Mzk3NzY1NDAwMjM4NDcxMTU2Nw%3D%3D.3-ccb7-5&ccb=7-5&_nc_sid=58cdad&efg=eyJ2ZW5jb2RlX3RhZyI6IkNBUk9VU0VMX0lURU0ueHBpZHMuMTA4MC5zZHIucmVndWxhcl9waG90by5DMyJ9&_nc_ohc=oZgvBw2DbvkQ7kNvwESZzsW&_nc_oc=AdrBk4b7rJXJryZ9o4RM7lrMm4VTHrCcW303D016dggk9FDJ5-VE3AhMOjH2kYhTeoQ&_nc_ad=z-m&_nc_cid=0&_nc_zt=23&_nc_ht=scontent-iad6-1.cdninstagram.com&_nc_gid=1JG5_kC-xVnuMJsmS-GXLw&_nc_ss=7a22e&oh=00_AQIDIWOI2umubyQlGiXHZ9qm155i27PItz8qjRfESnvvgw&oe=6AA0AE3E,https://www.instagram.com/p/Dczd0LlkeC6/
Supermercado Tuiuiú,Outros,Mixirica kg,7.49,01/09/2026,https://instagram.fper11-1.fna.fbcdn.net/v/t51.82787-15/790268612_18583192837067900_6717221135567122469_n.jpg?stp=dst-jpg_e35_tt6&_nc_cat=110&ig_cache_key=Mzk3NjUzMTU1ODU1MDU3MTI1Mw%3D%3D.3-ccb7-5&ccb=7-5&_nc_sid=58cdad&efg=eyJ2ZW5jb2RlX3RhZyI6IkNBUk9VU0VMX0lURU0ueHBpZHMuMTA4MC5zZHIucmVndWxhcl9waG90by5DMyJ9&_nc_ohc=_jH9E6-BIwsQ7kNvwHO9TVw&_nc_oc=AdqU5k7mpNvtMSLulhGxdnLDFSwHswPDwBTk_nTMdkkMEHwYxrlzbDf3kxBLXOHZWdA&_nc_ad=z-m&_nc_cid=0&_nc_zt=23&_nc_ht=instagram.fper11-1.fna&_nc_gid=D3w59axHFeKrwT4EVBfn1g&_nc_ss=7a22e&oh=00_AQKcA9Xd2TlJajzPjiLA6PvxGj8SFZ2eF83ErAgK7Z0NZg&oe=6AA09936,https://www.instagram.com/p/Dcvem7jDB5G/
Bom Jesus Primavera do Leste 🛒,Outros,Mini Chicken Perdigão 275g,7.99,02/09/2026,https://scontent-ord5-1.cdninstagram.com/v/t51.82787-15/791996249_18375659671237813_7553928904625436317_n.jpg?stp=dst-jpg_e35_tt6&_nc_cat=111&ig_cache_key=Mzk3NzI1MTE3NjUwNzI0MTUyNg%3D%3D.3-ccb7-5&ccb=7-5&_nc_sid=58cdad&efg=eyJ2ZW5jb2RlX3RhZyI6IkNBUk9VU0VMX0lURU0ueHBpZHMuMTA4MC5zZHIucmVndWxhcl9waG90by5DMyJ9&_nc_ohc=3v9KwvC_0xcQ7kNvwHVixjr&_nc_oc=AdoyNvubAeTS6qmdyaPWsiD3-eWkJOclsgym7WhST5FNIXrUp6dCDn8S-mMD0LB0c5U&_nc_ad=z-m&_nc_cid=0&_nc_zt=23&_nc_ht=scontent-ord5-1.cdninstagram.com&_nc_gid=xWPWnCekOZ4RzjDvFnFUAA&_nc_ss=7a22e&oh=00_AQJkO7kje0ZoyEY2NobyTxk9rd4PWfd_VaGk50I15fqQlA&oe=6AA0859C,https://www.instagram.com/p/DcyCPB9lqMG/
Super Compras Supermercado,Outros,Margarina Qualy 500g,8.99,03/09/2026,https://instagram.ftls1-1.fna.fbcdn.net/v/t51.82787-15/792483899_18193426567391764_509850408603097530_n.jpg?stp=dst-jpg_e35_tt6&_nc_cat=110&ig_cache_key=Mzk3NzYzNTM3NDYwODMzNDY5Nw%3D%3D.3-ccb7-5&ccb=7-5&_nc_sid=58cdad&efg=eyJ2ZW5jb2RlX3RhZyI6IkNBUk9VU0VMX0lURU0ueHBpZHMuMTQ0MC5zZHIucmVndWxhcl9waG90by5DMyJ9&_nc_ohc=qyHggg7GT7kQ7kNvwFdg-di&_nc_oc=AdrQnUzvVYm99rthxDn3mOCYT3XB30opI-6F1W2Z2M5cKizTSpROpOx_kUB3RijdHeE&_nc_ad=z-m&_nc_cid=0&_nc_zt=23&_nc_ht=instagram.ftls1-1.fna&_nc_gid=7csfsUKuVDLcuOQCLIgMUA&_nc_ss=7a22e&oh=00_AQIMIJz0-bauHNuY4P3duqV8-j6UUIZ3waBI7m-TAZcD9A&oe=6AA0B882,https://www.instagram.com/p/DczZl6tlIWo/
Bom Jesus Primavera do Leste 🛒,Outros,Margarina Qualy 500g,8.99,02/09/2026,https://scontent-ord5-1.cdninstagram.com/v/t51.82787-15/791996249_18375659671237813_7553928904625436317_n.jpg?stp=dst-jpg_e35_tt6&_nc_cat=111&ig_cache_key=Mzk3NzI1MTE3NjUwNzI0MTUyNg%3D%3D.3-ccb7-5&ccb=7-5&_nc_sid=58cdad&efg=eyJ2ZW5jb2RlX3RhZyI6IkNBUk9VU0VMX0lURU0ueHBpZHMuMTA4MC5zZHIucmVndWxhcl9waG90by5DMyJ9&_nc_ohc=3v9KwvC_0xcQ7kNvwHVixjr&_nc_oc=AdoyNvubAeTS6qmdyaPWsiD3-eWkJOclsgym7WhST5FNIXrUp6dCDn8S-mMD0LB0c5U&_nc_ad=z-m&_nc_cid=0&_nc_zt=23&_nc_ht=scontent-ord5-1.cdninstagram.com&_nc_gid=xWPWnCekOZ4RzjDvFnFUAA&_nc_ss=7a22e&oh=00_AQJkO7kje0ZoyEY2NobyTxk9rd4PWfd_VaGk50I15fqQlA&oe=6AA0859C,https://www.instagram.com/p/DcyCPB9lqMG/
Machadão Atacadista,Outros,Mexerica Carioca kg,8.99,04/09/2026,https://scontent-waw2-1.cdninstagram.com/v/t39.30808-6/792149596_1366549022231722_1180479154644046527_n.jpg?stp=dst-jpg_e35_tt6&_nc_cat=109&ig_cache_key=Mzk3ODc2NDU2MDg4NzQ5NTcyNg%3D%3D.3-ccb7-5&ccb=7-5&_nc_sid=58cdad&efg=eyJ2ZW5jb2RlX3RhZyI6IkZFRUQueHBpZHMuMTYzOC5zZHIucmVndWxhcl9waG90by5DMyJ9&_nc_ohc=Kl8OwwTbxWkQ7kNvwE7-tLh&_nc_oc=AdpMlQVCwYM8_jt0nUiR94_kaRRl3RnTnrj7PNvZt78sY1UrCzAZCP9iRybkv_leDYM&_nc_ad=z-m&_nc_cid=0&_nc_zt=23&_nc_ht=scontent-waw2-1.cdninstagram.com&_nc_gid=oa5mGpY0sQjIK21dbQXGzw&_nc_ss=7a22e&oh=00_AQJrErO_G1ctl-zuPW_j7OUFybsvPS8DI2Q5obl9JTFT3w&oe=6AA08B8A,https://www.instagram.com/p/Dc3aUmonLwu/
Machadão Atacadista,Outros,Couve Flor Kenitsa,8.99,04/09/2026,https://scontent-waw2-1.cdninstagram.com/v/t39.30808-6/792149596_1366549022231722_1180479154644046527_n.jpg?stp=dst-jpg_e35_tt6&_nc_cat=109&ig_cache_key=Mzk3ODc2NDU2MDg4NzQ5NTcyNg%3D%3D.3-ccb7-5&ccb=7-5&_nc_sid=58cdad&efg=eyJ2ZW5jb2RlX3RhZyI6IkZFRUQueHBpZHMuMTYzOC5zZHIucmVndWxhcl9waG90by5DMyJ9&_nc_ohc=Kl8OwwTbxWkQ7kNvwE7-tLh&_nc_oc=AdpMlQVCwYM8_jt0nUiR94_kaRRl3RnTnrj7PNvZt78sY1UrCzAZCP9iRybkv_leDYM&_nc_ad=z-m&_nc_cid=0&_nc_zt=23&_nc_ht=scontent-waw2-1.cdninstagram.com&_nc_gid=oa5mGpY0sQjIK21dbQXGzw&_nc_ss=7a22e&oh=00_AQJrErO_G1ctl-zuPW_j7OUFybsvPS8DI2Q5obl9JTFT3w&oe=6AA08B8A,https://www.instagram.com/p/Dc3aUmonLwu/
Supermercado São Pedro,Outros,Saco de Lixo Biopol Rolo,9.99,31/08/2026,https://scontent-ord5-2.cdninstagram.com/v/t39.30808-6/790651262_1508698107969972_5998080027560533600_n.jpg?stp=c0.0.1638.2048a_dst-jpg_e35_s1638x2048_tt6&_nc_cat=100&ig_cache_key=Mzk3NjE3NTA3NTkzNzgyODUwNQ%3D%3D.3-ccb7-5&ccb=7-5&_nc_sid=58cdad&efg=eyJ2ZW5jb2RlX3RhZyI6IkNBUk9VU0VMX0lURU0ueHBpZHMuMTYzOS5zZHIucmVndWxhcl9waG90by5DMyJ9&_nc_ohc=oxBXcFaL888Q7kNvwHEYKt3&_nc_oc=AdrFkBQWqbFnDjKA0e4rOxbt1AvJOHwNUftvlfOhtjQUqAWWH-C7ZUiZWFAUK3K_9gjJ_7pGjVduUE9BVfDsSTlL&_nc_ad=z-m&_nc_cid=1087&_nc_zt=23&_nc_ht=scontent-ord5-2.cdninstagram.com&_nc_gid=8zJsSQ99jKbPuQyWDjwUag&_nc_ss=7a22e&oh=00_AQI4bD6n7OOHtfIk9hxXshosARLJ-6zWtujAuhQYsNZA9A&oe=6AA084C9,https://www.instagram.com/p/DcuNi7YiX2_/
Super Compras Supermercado,Outros,Vassoura Condor,9.99,03/09/2026,https://instagram.ftls1-1.fna.fbcdn.net/v/t51.82787-15/792053703_18193426588391764_4096902630104938508_n.jpg?stp=dst-jpg_e35_tt6&_nc_cat=101&ig_cache_key=Mzk3NzYzNTQxMjMzMjA4NDUzMw%3D%3D.3-ccb7-5&ccb=7-5&_nc_sid=58cdad&efg=eyJ2ZW5jb2RlX3RhZyI6IkNBUk9VU0VMX0lURU0ueHBpZHMuMTQ0MC5zZHIucmVndWxhcl9waG90by5DMyJ9&_nc_ohc=-AUFiMQb1OoQ7kNvwGsLw-4&_nc_oc=AdoZdPOHZqxz-p8SGdeexmxNgQyCRXTLH5mfdocLd3szeN71DpLhomxJHCFO_GO-4R8&_nc_ad=z-m&_nc_cid=0&_nc_zt=23&_nc_ht=instagram.ftls1-1.fna&_nc_gid=7csfsUKuVDLcuOQCLIgMUA&_nc_ss=7a22e&oh=00_AQJ_Q_awmk0OEeZbP51zQR6fN9VGZXRLJ9I1g5P0XSOdTQ&oe=6AA0B74E,https://www.instagram.com/p/DczZl6tlIWo/
Machadão Atacadista,Outros,Goiaba Vermelha kg,10.98,04/09/2026,https://scontent-waw2-1.cdninstagram.com/v/t39.30808-6/792149596_1366549022231722_1180479154644046527_n.jpg?stp=dst-jpg_e35_tt6&_nc_cat=109&ig_cache_key=Mzk3ODc2NDU2MDg4NzQ5NTcyNg%3D%3D.3-ccb7-5&ccb=7-5&_nc_sid=58cdad&efg=eyJ2ZW5jb2RlX3RhZyI6IkZFRUQueHBpZHMuMTYzOC5zZHIucmVndWxhcl9waG90by5DMyJ9&_nc_ohc=Kl8OwwTbxWkQ7kNvwE7-tLh&_nc_oc=AdpMlQVCwYM8_jt0nUiR94_kaRRl3RnTnrj7PNvZt78sY1UrCzAZCP9iRybkv_leDYM&_nc_ad=z-m&_nc_cid=0&_nc_zt=23&_nc_ht=scontent-waw2-1.cdninstagram.com&_nc_gid=oa5mGpY0sQjIK21dbQXGzw&_nc_ss=7a22e&oh=00_AQJrErO_G1ctl-zuPW_j7OUFybsvPS8DI2Q5obl9JTFT3w&oe=6AA08B8A,https://www.instagram.com/p/Dc3aUmonLwu/
Supermercado São Pedro,Outros,Pepinos em Conserva Juréia 300g,10.99,31/08/2026,https://scontent-ord5-2.cdninstagram.com/v/t39.30808-6/790651262_1508698107969972_5998080027560533600_n.jpg?stp=c0.0.1638.2048a_dst-jpg_e35_s1638x2048_tt6&_nc_cat=100&ig_cache_key=Mzk3NjE3NTA3NTkzNzgyODUwNQ%3D%3D.3-ccb7-5&ccb=7-5&_nc_sid=58cdad&efg=eyJ2ZW5jb2RlX3RhZyI6IkNBUk9VU0VMX0lURU0ueHBpZHMuMTYzOS5zZHIucmVndWxhcl9waG90by5DMyJ9&_nc_ohc=oxBXcFaL888Q7kNvwHEYKt3&_nc_oc=AdrFkBQWqbFnDjKA0e4rOxbt1AvJOHwNUftvlfOhtjQUqAWWH-C7ZUiZWFAUK3K_9gjJ_7pGjVduUE9BVfDsSTlL&_nc_ad=z-m&_nc_cid=1087&_nc_zt=23&_nc_ht=scontent-ord5-2.cdninstagram.com&_nc_gid=8zJsSQ99jKbPuQyWDjwUag&_nc_ss=7a22e&oh=00_AQI4bD6n7OOHtfIk9hxXshosARLJ-6zWtujAuhQYsNZA9A&oe=6AA084C9,https://www.instagram.com/p/DcuNi7YiX2_/
Bom Jesus Primavera do Leste 🛒,Outros,Miúdos Bovino Fígado e Mocotó Sulbeef kg,12.99,02/09/2026,https://scontent-ord5-1.cdninstagram.com/v/t51.82787-15/790945081_18375659686237813_9050728469318026865_n.jpg?stp=dst-jpg_e35_tt6&_nc_cat=108&ig_cache_key=Mzk3NzI1MTE3NjY2MzQyODAzOA%3D%3D.3-ccb7-5&ccb=7-5&_nc_sid=58cdad&efg=eyJ2ZW5jb2RlX3RhZyI6IkNBUk9VU0VMX0lURU0ueHBpZHMuMTA4MC5zZHIucmVndWxhcl9waG90by5DMyJ9&_nc_ohc=g7q-6pMExHYQ7kNvwFaSMfw&_nc_oc=AdqEHaaGTq9sVvaUo8jQ1794q0lDNWrIJIG9AjArmXpHDxhghglaZZEj3BZzvM7cJ7E&_nc_ad=z-m&_nc_cid=0&_nc_zt=23&_nc_ht=scontent-ord5-1.cdninstagram.com&_nc_gid=xWPWnCekOZ4RzjDvFnFUAA&_nc_ss=7a22e&oh=00_AQJA8SYlR1skpeYSEFpoc8BV74Okzh6wumxFDkOFI716UA&oe=6AA0A0E2,https://www.instagram.com/p/DcyCPB9lqMG/
Machadão Atacadista,Outros,Pera Importada kg,13.98,04/09/2026,https://scontent-waw2-1.cdninstagram.com/v/t39.30808-6/792149596_1366549022231722_1180479154644046527_n.jpg?stp=dst-jpg_e35_tt6&_nc_cat=109&ig_cache_key=Mzk3ODc2NDU2MDg4NzQ5NTcyNg%3D%3D.3-ccb7-5&ccb=7-5&_nc_sid=58cdad&efg=eyJ2ZW5jb2RlX3RhZyI6IkZFRUQueHBpZHMuMTYzOC5zZHIucmVndWxhcl9waG90by5DMyJ9&_nc_ohc=Kl8OwwTbxWkQ7kNvwE7-tLh&_nc_oc=AdpMlQVCwYM8_jt0nUiR94_kaRRl3RnTnrj7PNvZt78sY1UrCzAZCP9iRybkv_leDYM&_nc_ad=z-m&_nc_cid=0&_nc_zt=23&_nc_ht=scontent-waw2-1.cdninstagram.com&_nc_gid=oa5mGpY0sQjIK21dbQXGzw&_nc_ss=7a22e&oh=00_AQJrErO_G1ctl-zuPW_j7OUFybsvPS8DI2Q5obl9JTFT3w&oe=6AA08B8A,https://www.instagram.com/p/Dc3aUmonLwu/
Machadão Atacadista,Outros,Morango 250g,14.9,04/09/2026,https://scontent-waw2-1.cdninstagram.com/v/t39.30808-6/792149596_1366549022231722_1180479154644046527_n.jpg?stp=dst-jpg_e35_tt6&_nc_cat=109&ig_cache_key=Mzk3ODc2NDU2MDg4NzQ5NTcyNg%3D%3D.3-ccb7-5&ccb=7-5&_nc_sid=58cdad&efg=eyJ2ZW5jb2RlX3RhZyI6IkZFRUQueHBpZHMuMTYzOC5zZHIucmVndWxhcl9waG90by5DMyJ9&_nc_ohc=Kl8OwwTbxWkQ7kNvwE7-tLh&_nc_oc=AdpMlQVCwYM8_jt0nUiR94_kaRRl3RnTnrj7PNvZt78sY1UrCzAZCP9iRybkv_leDYM&_nc_ad=z-m&_nc_cid=0&_nc_zt=23&_nc_ht=scontent-waw2-1.cdninstagram.com&_nc_gid=oa5mGpY0sQjIK21dbQXGzw&_nc_ss=7a22e&oh=00_AQJrErO_G1ctl-zuPW_j7OUFybsvPS8DI2Q5obl9JTFT3w&oe=6AA08B8A,https://www.instagram.com/p/Dc3aUmonLwu/
Supermercado Tuiuiú,Outros,Músculo kg,18.99,01/09/2026,https://scontent-dus1-1.cdninstagram.com/v/t51.82787-15/788926706_18583372381067900_2731166898553094135_n.jpg?stp=dst-jpg_e35_tt6&_nc_cat=109&ig_cache_key=Mzk3NjkyOTE1NTI5MjE5NzQ4MQ%3D%3D.3-ccb7-5&ccb=7-5&_nc_sid=58cdad&efg=eyJ2ZW5jb2RlX3RhZyI6IkNBUk9VU0VMX0lURU0ueHBpZHMuMTA4MC5zZHIucmVndWxhcl9waG90by5DMyJ9&_nc_ohc=GzVxTrjWSxIQ7kNvwE-Ze-T&_nc_oc=AdqNqOF2HeKEMUiVbv8ibsV3CN2pnETrHlvOWXaNuANFZmbblaSAuyIF3NQMQ4dae9Mo5uJbBHYcDCrHxIxMFgPy&_nc_ad=z-m&_nc_cid=0&_nc_zt=23&_nc_ht=scontent-dus1-1.cdninstagram.com&_nc_gid=ppUv2AVYBLXJJwItyjB7eA&_nc_ss=7a22e&oh=00_AQLnGkLaDvolWkODiCOEp4gc0SF2siZABmFiqYM3XPjYng&oe=6AA094CD,https://www.instagram.com/p/Dcw5ArimFPm/
Bom Jesus Primavera do Leste 🛒,Outros,Tambatinga Delicious Fish kg,21.99,02/09/2026,https://scontent-ord5-1.cdninstagram.com/v/t51.82787-15/790945081_18375659686237813_9050728469318026865_n.jpg?stp=dst-jpg_e35_tt6&_nc_cat=108&ig_cache_key=Mzk3NzI1MTE3NjY2MzQyODAzOA%3D%3D.3-ccb7-5&ccb=7-5&_nc_sid=58cdad&efg=eyJ2ZW5jb2RlX3RhZyI6IkNBUk9VU0VMX0lURU0ueHBpZHMuMTA4MC5zZHIucmVndWxhcl9waG90by5DMyJ9&_nc_ohc=g7q-6pMExHYQ7kNvwFaSMfw&_nc_oc=AdqEHaaGTq9sVvaUo8jQ1794q0lDNWrIJIG9AjArmXpHDxhghglaZZEj3BZzvM7cJ7E&_nc_ad=z-m&_nc_cid=0&_nc_zt=23&_nc_ht=scontent-ord5-1.cdninstagram.com&_nc_gid=xWPWnCekOZ4RzjDvFnFUAA&_nc_ss=7a22e&oh=00_AQJA8SYlR1skpeYSEFpoc8BV74Okzh6wumxFDkOFI716UA&oe=6AA0A0E2,https://www.instagram.com/p/DcyCPB9lqMG/
Supermercado Tuiuiú,Outros,Ponta de Peito kg,24.99,01/09/2026,https://scontent-dus1-1.cdninstagram.com/v/t51.82787-15/788926706_18583372381067900_2731166898553094135_n.jpg?stp=dst-jpg_e35_tt6&_nc_cat=109&ig_cache_key=Mzk3NjkyOTE1NTI5MjE5NzQ4MQ%3D%3D.3-ccb7-5&ccb=7-5&_nc_sid=58cdad&efg=eyJ2ZW5jb2RlX3RhZyI6IkNBUk9VU0VMX0lURU0ueHBpZHMuMTA4MC5zZHIucmVndWxhcl9waG90by5DMyJ9&_nc_ohc=GzVxTrjWSxIQ7kNvwE-Ze-T&_nc_oc=AdqNqOF2HeKEMUiVbv8ibsV3CN2pnETrHlvOWXaNuANFZmbblaSAuyIF3NQMQ4dae9Mo5uJbBHYcDCrHxIxMFgPy&_nc_ad=z-m&_nc_cid=0&_nc_zt=23&_nc_ht=scontent-dus1-1.cdninstagram.com&_nc_gid=ppUv2AVYBLXJJwItyjB7eA&_nc_ss=7a22e&oh=00_AQLnGkLaDvolWkODiCOEp4gc0SF2siZABmFiqYM3XPjYng&oe=6AA094CD,https://www.instagram.com/p/Dcw5ArimFPm/
Supermercado Tuiuiú,Outros,Filé de Agulha kg,25.99,01/09/2026,https://scontent-dus1-1.cdninstagram.com/v/t51.82787-15/788926706_18583372381067900_2731166898553094135_n.jpg?stp=dst-jpg_e35_tt6&_nc_cat=109&ig_cache_key=Mzk3NjkyOTE1NTI5MjE5NzQ4MQ%3D%3D.3-ccb7-5&ccb=7-5&_nc_sid=58cdad&efg=eyJ2ZW5jb2RlX3RhZyI6IkNBUk9VU0VMX0lURU0ueHBpZHMuMTA4MC5zZHIucmVndWxhcl9waG90by5DMyJ9&_nc_ohc=GzVxTrjWSxIQ7kNvwE-Ze-T&_nc_oc=AdqNqOF2HeKEMUiVbv8ibsV3CN2pnETrHlvOWXaNuANFZmbblaSAuyIF3NQMQ4dae9Mo5uJbBHYcDCrHxIxMFgPy&_nc_ad=z-m&_nc_cid=0&_nc_zt=23&_nc_ht=scontent-dus1-1.cdninstagram.com&_nc_gid=ppUv2AVYBLXJJwItyjB7eA&_nc_ss=7a22e&oh=00_AQLnGkLaDvolWkODiCOEp4gc0SF2siZABmFiqYM3XPjYng&oe=6AA094CD,https://www.instagram.com/p/Dcw5ArimFPm/
Bom Jesus Primavera do Leste 🛒,Outros,Ponta de Peito e Músculo Subeef kg,25.99,02/09/2026,https://scontent-ord5-1.cdninstagram.com/v/t51.82787-15/790945081_18375659686237813_9050728469318026865_n.jpg?stp=dst-jpg_e35_tt6&_nc_cat=108&ig_cache_key=Mzk3NzI1MTE3NjY2MzQyODAzOA%3D%3D.3-ccb7-5&ccb=7-5&_nc_sid=58cdad&efg=eyJ2ZW5jb2RlX3RhZyI6IkNBUk9VU0VMX0lURU0ueHBpZHMuMTA4MC5zZHIucmVndWxhcl9waG90by5DMyJ9&_nc_ohc=g7q-6pMExHYQ7kNvwFaSMfw&_nc_oc=AdqEHaaGTq9sVvaUo8jQ1794q0lDNWrIJIG9AjArmXpHDxhghglaZZEj3BZzvM7cJ7E&_nc_ad=z-m&_nc_cid=0&_nc_zt=23&_nc_ht=scontent-ord5-1.cdninstagram.com&_nc_gid=xWPWnCekOZ4RzjDvFnFUAA&_nc_ss=7a22e&oh=00_AQJA8SYlR1skpeYSEFpoc8BV74Okzh6wumxFDkOFI716UA&oe=6AA0A0E2,https://www.instagram.com/p/DcyCPB9lqMG/
Supermercado Tuiuiú,Outros,Salgadinho kg,29.99,02/09/2026,https://scontent-iad3-2.cdninstagram.com/v/t51.82787-15/791144761_18583652398067900_958727226358360668_n.jpg?stp=dst-jpg_e35_tt6&_nc_cat=111&ig_cache_key=Mzk3NzY1Mzk0MjczMzM5NzQxMQ%3D%3D.3-ccb7-5&ccb=7-5&_nc_sid=58cdad&efg=eyJ2ZW5jb2RlX3RhZyI6IkNBUk9VU0VMX0lURU0ueHBpZHMuMTA4MC5zZHIucmVndWxhcl9waG90by5DMyJ9&_nc_ohc=TEXxzSeVwpYQ7kNvwHCONI9&_nc_oc=AdoesDTdWeaxv6U3HOszcgAzaNZlZejBBQTMJy9ypoTgKOOenPiyrP_vKBw6v66hyxE&_nc_ad=z-m&_nc_cid=0&_nc_zt=23&_nc_ht=scontent-iad3-2.cdninstagram.com&_nc_gid=1JG5_kC-xVnuMJsmS-GXLw&_nc_ss=7a22e&oh=00_AQLaf5y_E8lXLh_Ow6v0PSwQ6wLa_ch1HF2b7yGRu30u-w&oe=6AA083F9,https://www.instagram.com/p/Dczd0LlkeC6/
Super Compras Supermercado,Outros,Ponta de Peito Bovina kg,34.99,03/09/2026,https://instagram.ftls1-1.fna.fbcdn.net/v/t51.82787-15/792881933_18193426549391764_5492786927584962822_n.jpg?stp=dst-jpg_e35_tt6&_nc_cat=100&ig_cache_key=Mzk3NzYzNTM1MTY0OTA5ODM4NQ%3D%3D.3-ccb7-5&ccb=7-5&_nc_sid=58cdad&efg=eyJ2ZW5jb2RlX3RhZyI6IkNBUk9VU0VMX0lURU0ueHBpZHMuMTQ0MC5zZHIucmVndWxhcl9waG90by5DMyJ9&_nc_ohc=PucYJLO-nJYQ7kNvwG4_I-Q&_nc_oc=Adr0ugDetv3wqHvoAHs_Gh_s26Yh9kVbP26kWQYZssqf4P0Dm9-edaGdqKkceo9swmw&_nc_ad=z-m&_nc_cid=0&_nc_zt=23&_nc_ht=instagram.ftls1-1.fna&_nc_gid=7csfsUKuVDLcuOQCLIgMUA&_nc_ss=7a22e&oh=00_AQJHklB659T19XZVy3bzwkcw38dXnCWAysUA7xSPXv0qng&oe=6AA0A437,https://www.instagram.com/p/DczZl6tlIWo/
Machadão Atacadista,Outros,Goiaba Vermelha Caixa 6kg,62.99,04/09/2026,https://scontent-waw2-1.cdninstagram.com/v/t39.30808-6/792149596_1366549022231722_1180479154644046527_n.jpg?stp=dst-jpg_e35_tt6&_nc_cat=109&ig_cache_key=Mzk3ODc2NDU2MDg4NzQ5NTcyNg%3D%3D.3-ccb7-5&ccb=7-5&_nc_sid=58cdad&efg=eyJ2ZW5jb2RlX3RhZyI6IkZFRUQueHBpZHMuMTYzOC5zZHIucmVndWxhcl9waG90by5DMyJ9&_nc_ohc=Kl8OwwTbxWkQ7kNvwE7-tLh&_nc_oc=AdpMlQVCwYM8_jt0nUiR94_kaRRl3RnTnrj7PNvZt78sY1UrCzAZCP9iRybkv_leDYM&_nc_ad=z-m&_nc_cid=0&_nc_zt=23&_nc_ht=scontent-waw2-1.cdninstagram.com&_nc_gid=oa5mGpY0sQjIK21dbQXGzw&_nc_ss=7a22e&oh=00_AQJrErO_G1ctl-zuPW_j7OUFybsvPS8DI2Q5obl9JTFT3w&oe=6AA08B8A,https://www.instagram.com/p/Dc3aUmonLwu/
Machadão Atacadista,Outros,Abóbora Moranga Caixa 19kg,69.9,04/09/2026,https://scontent-waw2-1.cdninstagram.com/v/t39.30808-6/792149596_1366549022231722_1180479154644046527_n.jpg?stp=dst-jpg_e35_tt6&_nc_cat=109&ig_cache_key=Mzk3ODc2NDU2MDg4NzQ5NTcyNg%3D%3D.3-ccb7-5&ccb=7-5&_nc_sid=58cdad&efg=eyJ2ZW5jb2RlX3RhZyI6IkZFRUQueHBpZHMuMTYzOC5zZHIucmVndWxhcl9waG90by5DMyJ9&_nc_ohc=Kl8OwwTbxWkQ7kNvwE7-tLh&_nc_oc=AdpMlQVCwYM8_jt0nUiR94_kaRRl3RnTnrj7PNvZt78sY1UrCzAZCP9iRybkv_leDYM&_nc_ad=z-m&_nc_cid=0&_nc_zt=23&_nc_ht=scontent-waw2-1.cdninstagram.com&_nc_gid=oa5mGpY0sQjIK21dbQXGzw&_nc_ss=7a22e&oh=00_AQJrErO_G1ctl-zuPW_j7OUFybsvPS8DI2Q5obl9JTFT3w&oe=6AA08B8A,https://www.instagram.com/p/Dc3aUmonLwu/
Machadão Atacadista,Outros,Chuchu Caixa 18kg,74.9,04/09/2026,https://scontent-waw2-1.cdninstagram.com/v/t39.30808-6/792149596_1366549022231722_1180479154644046527_n.jpg?stp=dst-jpg_e35_tt6&_nc_cat=109&ig_cache_key=Mzk3ODc2NDU2MDg4NzQ5NTcyNg%3D%3D.3-ccb7-5&ccb=7-5&_nc_sid=58cdad&efg=eyJ2ZW5jb2RlX3RhZyI6IkZFRUQueHBpZHMuMTYzOC5zZHIucmVndWxhcl9waG90by5DMyJ9&_nc_ohc=Kl8OwwTbxWkQ7kNvwE7-tLh&_nc_oc=AdpMlQVCwYM8_jt0nUiR94_kaRRl3RnTnrj7PNvZt78sY1UrCzAZCP9iRybkv_leDYM&_nc_ad=z-m&_nc_cid=0&_nc_zt=23&_nc_ht=scontent-waw2-1.cdninstagram.com&_nc_gid=oa5mGpY0sQjIK21dbQXGzw&_nc_ss=7a22e&oh=00_AQJrErO_G1ctl-zuPW_j7OUFybsvPS8DI2Q5obl9JTFT3w&oe=6AA08B8A,https://www.instagram.com/p/Dc3aUmonLwu/
Machadão Atacadista,Outros,Beterraba Caixa 19kg,86.9,04/09/2026,https://scontent-waw2-1.cdninstagram.com/v/t39.30808-6/792149596_1366549022231722_1180479154644046527_n.jpg?stp=dst-jpg_e35_tt6&_nc_cat=109&ig_cache_key=Mzk3ODc2NDU2MDg4NzQ5NTcyNg%3D%3D.3-ccb7-5&ccb=7-5&_nc_sid=58cdad&efg=eyJ2ZW5jb2RlX3RhZyI6IkZFRUQueHBpZHMuMTYzOC5zZHIucmVndWxhcl9waG90by5DMyJ9&_nc_ohc=Kl8OwwTbxWkQ7kNvwE7-tLh&_nc_oc=AdpMlQVCwYM8_jt0nUiR94_kaRRl3RnTnrj7PNvZt78sY1UrCzAZCP9iRybkv_leDYM&_nc_ad=z-m&_nc_cid=0&_nc_zt=23&_nc_ht=scontent-waw2-1.cdninstagram.com&_nc_gid=oa5mGpY0sQjIK21dbQXGzw&_nc_ss=7a22e&oh=00_AQJrErO_G1ctl-zuPW_j7OUFybsvPS8DI2Q5obl9JTFT3w&oe=6AA08B8A,https://www.instagram.com/p/Dc3aUmonLwu/
Machadão Atacadista,Outros,Pepino Comum Caixa 20kg,102.9,04/09/2026,https://scontent-waw2-1.cdninstagram.com/v/t39.30808-6/792149596_1366549022231722_1180479154644046527_n.jpg?stp=dst-jpg_e35_tt6&_nc_cat=109&ig_cache_key=Mzk3ODc2NDU2MDg4NzQ5NTcyNg%3D%3D.3-ccb7-5&ccb=7-5&_nc_sid=58cdad&efg=eyJ2ZW5jb2RlX3RhZyI6IkZFRUQueHBpZHMuMTYzOC5zZHIucmVndWxhcl9waG90by5DMyJ9&_nc_ohc=Kl8OwwTbxWkQ7kNvwE7-tLh&_nc_oc=AdpMlQVCwYM8_jt0nUiR94_kaRRl3RnTnrj7PNvZt78sY1UrCzAZCP9iRybkv_leDYM&_nc_ad=z-m&_nc_cid=0&_nc_zt=23&_nc_ht=scontent-waw2-1.cdninstagram.com&_nc_gid=oa5mGpY0sQjIK21dbQXGzw&_nc_ss=7a22e&oh=00_AQJrErO_G1ctl-zuPW_j7OUFybsvPS8DI2Q5obl9JTFT3w&oe=6AA08B8A,https://www.instagram.com/p/Dc3aUmonLwu/
Machadão Atacadista,Outros,Mexerica Carioca Caixa 15kg,132.9,04/09/2026,https://scontent-waw2-1.cdninstagram.com/v/t39.30808-6/792149596_1366549022231722_1180479154644046527_n.jpg?stp=dst-jpg_e35_tt6&_nc_cat=109&ig_cache_key=Mzk3ODc2NDU2MDg4NzQ5NTcyNg%3D%3D.3-ccb7-5&ccb=7-5&_nc_sid=58cdad&efg=eyJ2ZW5jb2RlX3RhZyI6IkZFRUQueHBpZHMuMTYzOC5zZHIucmVndWxhcl9waG90by5DMyJ9&_nc_ohc=Kl8OwwTbxWkQ7kNvwE7-tLh&_nc_oc=AdpMlQVCwYM8_jt0nUiR94_kaRRl3RnTnrj7PNvZt78sY1UrCzAZCP9iRybkv_leDYM&_nc_ad=z-m&_nc_cid=0&_nc_zt=23&_nc_ht=scontent-waw2-1.cdninstagram.com&_nc_gid=oa5mGpY0sQjIK21dbQXGzw&_nc_ss=7a22e&oh=00_AQJrErO_G1ctl-zuPW_j7OUFybsvPS8DI2Q5obl9JTFT3w&oe=6AA08B8A,https://www.instagram.com/p/Dc3aUmonLwu/
Machadão Atacadista,Outros,Pera Importada Caixa 18kg,249.9,04/09/2026,https://scontent-waw2-1.cdninstagram.com/v/t39.30808-6/792149596_1366549022231722_1180479154644046527_n.jpg?stp=dst-jpg_e35_tt6&_nc_cat=109&ig_cache_key=Mzk3ODc2NDU2MDg4NzQ5NTcyNg%3D%3D.3-ccb7-5&ccb=7-5&_nc_sid=58cdad&efg=eyJ2ZW5jb2RlX3RhZyI6IkZFRUQueHBpZHMuMTYzOC5zZHIucmVndWxhcl9waG90by5DMyJ9&_nc_ohc=Kl8OwwTbxWkQ7kNvwE7-tLh&_nc_oc=AdpMlQVCwYM8_jt0nUiR94_kaRRl3RnTnrj7PNvZt78sY1UrCzAZCP9iRybkv_leDYM&_nc_ad=z-m&_nc_cid=0&_nc_zt=23&_nc_ht=scontent-waw2-1.cdninstagram.com&_nc_gid=oa5mGpY0sQjIK21dbQXGzw&_nc_ss=7a22e&oh=00_AQJrErO_G1ctl-zuPW_j7OUFybsvPS8DI2Q5obl9JTFT3w&oe=6AA08B8A,https://www.instagram.com/p/Dc3aUmonLwu/
Bom Jesus Primavera do Leste 🛒,Padaria / Congelados,Pão de Queijo Pão e Arte 1kg,14.99,02/09/2026,https://scontent-ord5-1.cdninstagram.com/v/t51.82787-15/790945081_18375659686237813_9050728469318026865_n.jpg?stp=dst-jpg_e35_tt6&_nc_cat=108&ig_cache_key=Mzk3NzI1MTE3NjY2MzQyODAzOA%3D%3D.3-ccb7-5&ccb=7-5&_nc_sid=58cdad&efg=eyJ2ZW5jb2RlX3RhZyI6IkNBUk9VU0VMX0lURU0ueHBpZHMuMTA4MC5zZHIucmVndWxhcl9waG90by5DMyJ9&_nc_ohc=g7q-6pMExHYQ7kNvwFaSMfw&_nc_oc=AdqEHaaGTq9sVvaUo8jQ1794q0lDNWrIJIG9AjArmXpHDxhghglaZZEj3BZzvM7cJ7E&_nc_ad=z-m&_nc_cid=0&_nc_zt=23&_nc_ht=scontent-ord5-1.cdninstagram.com&_nc_gid=xWPWnCekOZ4RzjDvFnFUAA&_nc_ss=7a22e&oh=00_AQJA8SYlR1skpeYSEFpoc8BV74Okzh6wumxFDkOFI716UA&oe=6AA0A0E2,https://www.instagram.com/p/DcyCPB9lqMG/
Supermercado Tuiuiú,Padaria / Congelados,Pão de Queijo kg,18.99,02/09/2026,https://scontent-iad3-2.cdninstagram.com/v/t51.82787-15/791144761_18583652398067900_958727226358360668_n.jpg?stp=dst-jpg_e35_tt6&_nc_cat=111&ig_cache_key=Mzk3NzY1Mzk0MjczMzM5NzQxMQ%3D%3D.3-ccb7-5&ccb=7-5&_nc_sid=58cdad&efg=eyJ2ZW5jb2RlX3RhZyI6IkNBUk9VU0VMX0lURU0ueHBpZHMuMTA4MC5zZHIucmVndWxhcl9waG90by5DMyJ9&_nc_ohc=TEXxzSeVwpYQ7kNvwHCONI9&_nc_oc=AdoesDTdWeaxv6U3HOszcgAzaNZlZejBBQTMJy9ypoTgKOOenPiyrP_vKBw6v66hyxE&_nc_ad=z-m&_nc_cid=0&_nc_zt=23&_nc_ht=scontent-iad3-2.cdninstagram.com&_nc_gid=1JG5_kC-xVnuMJsmS-GXLw&_nc_ss=7a22e&oh=00_AQLaf5y_E8lXLh_Ow6v0PSwQ6wLa_ch1HF2b7yGRu30u-w&oe=6AA083F9,https://www.instagram.com/p/Dczd0LlkeC6/
Super Compras Supermercado,Padaria / Pães,Pão de Forma Bauducco 390g,6.99,03/09/2026,https://instagram.ftls1-1.fna.fbcdn.net/v/t51.82787-15/792483899_18193426567391764_509850408603097530_n.jpg?stp=dst-jpg_e35_tt6&_nc_cat=110&ig_cache_key=Mzk3NzYzNTM3NDYwODMzNDY5Nw%3D%3D.3-ccb7-5&ccb=7-5&_nc_sid=58cdad&efg=eyJ2ZW5jb2RlX3RhZyI6IkNBUk9VU0VMX0lURU0ueHBpZHMuMTQ0MC5zZHIucmVndWxhcl9waG90by5DMyJ9&_nc_ohc=qyHggg7GT7kQ7kNvwFdg-di&_nc_oc=AdrQnUzvVYm99rthxDn3mOCYT3XB30opI-6F1W2Z2M5cKizTSpROpOx_kUB3RijdHeE&_nc_ad=z-m&_nc_cid=0&_nc_zt=23&_nc_ht=instagram.ftls1-1.fna&_nc_gid=7csfsUKuVDLcuOQCLIgMUA&_nc_ss=7a22e&oh=00_AQIMIJz0-bauHNuY4P3duqV8-j6UUIZ3waBI7m-TAZcD9A&oe=6AA0B882,https://www.instagram.com/p/DczZl6tlIWo/
Supermercado Tuiuiú,Padaria / Pães,Pão Francês kg,9.99,02/09/2026,https://scontent-iad3-2.cdninstagram.com/v/t51.82787-15/791144761_18583652398067900_958727226358360668_n.jpg?stp=dst-jpg_e35_tt6&_nc_cat=111&ig_cache_key=Mzk3NzY1Mzk0MjczMzM5NzQxMQ%3D%3D.3-ccb7-5&ccb=7-5&_nc_sid=58cdad&efg=eyJ2ZW5jb2RlX3RhZyI6IkNBUk9VU0VMX0lURU0ueHBpZHMuMTA4MC5zZHIucmVndWxhcl9waG90by5DMyJ9&_nc_ohc=TEXxzSeVwpYQ7kNvwHCONI9&_nc_oc=AdoesDTdWeaxv6U3HOszcgAzaNZlZejBBQTMJy9ypoTgKOOenPiyrP_vKBw6v66hyxE&_nc_ad=z-m&_nc_cid=0&_nc_zt=23&_nc_ht=scontent-iad3-2.cdninstagram.com&_nc_gid=1JG5_kC-xVnuMJsmS-GXLw&_nc_ss=7a22e&oh=00_AQLaf5y_E8lXLh_Ow6v0PSwQ6wLa_ch1HF2b7yGRu30u-w&oe=6AA083F9,https://www.instagram.com/p/Dczd0LlkeC6/
Super Compras Supermercado,Pet Shop,Ração Para Cães Thor Adultos 7kg,64.99,03/09/2026,https://instagram.ftls1-1.fna.fbcdn.net/v/t51.82787-15/792053703_18193426588391764_4096902630104938508_n.jpg?stp=dst-jpg_e35_tt6&_nc_cat=101&ig_cache_key=Mzk3NzYzNTQxMjMzMjA4NDUzMw%3D%3D.3-ccb7-5&ccb=7-5&_nc_sid=58cdad&efg=eyJ2ZW5jb2RlX3RhZyI6IkNBUk9VU0VMX0lURU0ueHBpZHMuMTQ0MC5zZHIucmVndWxhcl9waG90by5DMyJ9&_nc_ohc=-AUFiMQb1OoQ7kNvwGsLw-4&_nc_oc=AdoZdPOHZqxz-p8SGdeexmxNgQyCRXTLH5mfdocLd3szeN71DpLhomxJHCFO_GO-4R8&_nc_ad=z-m&_nc_cid=0&_nc_zt=23&_nc_ht=instagram.ftls1-1.fna&_nc_gid=7csfsUKuVDLcuOQCLIgMUA&_nc_ss=7a22e&oh=00_AQJ_Q_awmk0OEeZbP51zQR6fN9VGZXRLJ9I1g5P0XSOdTQ&oe=6AA0B74E,https://www.instagram.com/p/DczZl6tlIWo/
