supermercado,categoria,item,valor,data_postagem,link,post_url
Bom Jesus Primavera do Leste 🛒,Bazar / Eletro,Copo Drink Aruba Cinza 475ml,7.49,28/08/2026,https://scontent-mxp1-1.cdninstagram.com/v/t51.82787-15/788860531_18374942995237813_624644092953609674_n.jpg?stp=dst-jpg_e35_tt6&_nc_cat=106&ig_cache_key=Mzk3Mzk3Nzc4MjEzMTM5MTcwNQ%3D%3D.3-ccb7-5&ccb=7-5&_nc_sid=58cdad&efg=eyJ2ZW5jb2RlX3RhZyI6IkNBUk9VU0VMX0lURU0ueHBpZHMuMTA4MC5zZHIucmVndWxhcl9waG90by5DMyJ9&_nc_ohc=7IsixMbzdvIQ7kNvwFLr1IY&_nc_oc=AdrQMI6TD_X8w6y4rLquClq6yJmmEdOGtMhzEN4tBiP2x83SnaxNlcn35DJEvjd1cXA&_nc_ad=z-m&_nc_cid=0&_nc_zt=23&_nc_ht=scontent-mxp1-1.cdninstagram.com&_nc_gid=2W0u87jjP_IT_10skYXvyg&_nc_ss=7a22e&oh=00_AQKmZVQHrk7uaq12CSeJmfTXqPmLQnSIiQD_VhgIJBu7DQ&oe=6A98BE0B,https://www.instagram.com/p/DcmZ8cDD400/
Machadão Atacadista,Bazar / Eletro,Pote Tramontina Mix Color 600ml,10.9,27/08/2026,https://instagram.ftgz2-1.fna.fbcdn.net/v/t39.30808-6/786779086_1360550472831577_8028710268323392841_n.jpg?stp=dst-jpg_e35_tt6&_nc_cat=100&ig_cache_key=Mzk3MzE1NjQ3MjI0MjcxMDI2OQ%3D%3D.3-ccb7-5&ccb=7-5&_nc_sid=58cdad&efg=eyJ2ZW5jb2RlX3RhZyI6IkNBUk9VU0VMX0lURU0ueHBpZHMuMTYzOC5zZHIucmVndWxhcl9waG90by5DMyJ9&_nc_ohc=WKCTmqyswmsQ7kNvwGCsa28&_nc_oc=AdpK61pp0haF8dqWH096dETR7NlNKPsj_Ew1wmNhtIGkxwJw7M6U6SVRpDabhOt4lHl1lwmHiYtGTayRGkwFrDVJ&_nc_ad=z-m&_nc_cid=0&_nc_zt=23&_nc_ht=instagram.ftgz2-1.fna&_nc_gid=8C1vo79zooRdEKD2fcIVwA&_nc_ss=7a22e&oh=00_AQLHXftmWxzuWH5cpZUrdcg3xeUGaKeB02DvXB8OwZeY6w&oe=6A98E0AF,https://www.instagram.com/p/DcjfMcbkgCV/
Machadão Atacadista,Bazar / Eletro,Pote Tramontina Mix Color 600ml,10.9,27/08/2026,https://instagram.ftgz2-1.fna.fbcdn.net/v/t39.30808-6/786141071_1360550506164907_1343288441209680541_n.jpg?stp=dst-jpg_e35_tt6&_nc_cat=100&ig_cache_key=Mzk3MzE1NjQ3MjAxNjIzNDQ4NA%3D%3D.3-ccb7-5&ccb=7-5&_nc_sid=58cdad&efg=eyJ2ZW5jb2RlX3RhZyI6IkNBUk9VU0VMX0lURU0ueHBpZHMuMTYzOC5zZHIucmVndWxhcl9waG90by5DMyJ9&_nc_ohc=rAfVUo0mg-MQ7kNvwGBDKPC&_nc_oc=AdrBCVHPFQe5gEaTM4K6__GqWWoU9Ty9eLyb0b5MgP1yktN7u871woLg1I9BYAdXIlDJYbjJYvmhJlZLmxVBf_a5&_nc_ad=z-m&_nc_cid=0&_nc_zt=23&_nc_ht=instagram.ftgz2-1.fna&_nc_gid=8C1vo79zooRdEKD2fcIVwA&_nc_ss=7a22e&oh=00_AQLqSQQQQxQlJSzp_4RkHaaJEKvBfXedUep-eAX5SmuTNQ&oe=6A98B579,https://www.instagram.com/p/DcjfMcbkgCV/
Super Compras Supermercado,Bazar / Eletro,Churrasqueira,599.99,29/08/2026,https://scontent-ber1-1.cdninstagram.com/v/t51.82787-15/789652349_18192946324391764_294674980305459178_n.jpg?stp=dst-jpg_e15_tt6&_nc_cat=104&ig_cache_key=Mzk3NDQxNzU0MDcwNDUzNTg2NDE4MTkyOTQ2MzE4MzkxNzY0.3-ccb7-5&ccb=7-5&_nc_sid=58cdad&efg=eyJ2ZW5jb2RlX3RhZyI6IkNMSVBTLnhwaWRzLjk2MC5zZHIudmlkZW9fZGVmYXVsdF9jb3Zlcl9mcmFtZS5DMyJ9&_nc_ohc=VztOZX0SUbIQ7kNvwFLKAqZ&_nc_oc=AdqDOwjYqWuSOFst-ZSJ6GFVTazwb0GEMZZY5z1TwFMrYnF_AoSJOfsFI-vwK4cOyf8&_nc_ad=z-m&_nc_cid=1365&_nc_zt=23&_nc_ht=scontent-ber1-1.cdninstagram.com&_nc_gid=USMmi6jQsvy-WfAgICg26Q&_nc_ss=7a22e&oh=00_AQIfnA_yedmqI62odl-3VaK3hxtbX7xh7a9ml8L64vjyrg&oe=6A98CD5D,https://www.instagram.com/p/Dcn97ImxoU4/
Bom Jesus Primavera do Leste 🛒,Bebidas / Alcoólicos Diversos,Sérum de Tratamento Dove 110ml,29.9,27/08/2026,https://instagram.fmvf1-1.fna.fbcdn.net/v/t51.82787-15/787993259_18374687005237813_4471412213431393234_n.jpg?stp=dst-jpg_e35_tt6&_nc_cat=103&ig_cache_key=Mzk3Mjk0NzA1MzQ4MTkxNTUyNQ%3D%3D.3-ccb7-5&ccb=7-5&_nc_sid=58cdad&efg=eyJ2ZW5jb2RlX3RhZyI6IkZFRUQueHBpZHMuMTM1MC5zZHIucmVndWxhcl9waG90by5DMyJ9&_nc_ohc=TDgSfUoaAVwQ7kNvwEIJG_n&_nc_oc=AdrLqbORTF-nJ5wfhBLkA9D5VQaEh2wRkssjfKkPN0Y2aywVg5Dy_h1LoZ4J8duBg1w&_nc_ad=z-m&_nc_cid=0&_nc_zt=23&_nc_ht=instagram.fmvf1-1.fna&_nc_gid=98vsvuSaWIRegx6I2u2_8A&_nc_ss=7a22e&oh=00_AQIEBiGdKNmXetGcSi-tia6htcw973dmzm-cYh3g2tDnmw&oe=6A98B3AE,https://www.instagram.com/p/DcivkuqOXSF/
Bom Jesus Primavera do Leste 🛒,Bebidas / Alcoólicos Diversos,Sérum Elseve 100ml,29.99,27/08/2026,https://instagram.fmvf1-1.fna.fbcdn.net/v/t51.82787-15/787993259_18374687005237813_4471412213431393234_n.jpg?stp=dst-jpg_e35_tt6&_nc_cat=103&ig_cache_key=Mzk3Mjk0NzA1MzQ4MTkxNTUyNQ%3D%3D.3-ccb7-5&ccb=7-5&_nc_sid=58cdad&efg=eyJ2ZW5jb2RlX3RhZyI6IkZFRUQueHBpZHMuMTM1MC5zZHIucmVndWxhcl9waG90by5DMyJ9&_nc_ohc=TDgSfUoaAVwQ7kNvwEIJG_n&_nc_oc=AdrLqbORTF-nJ5wfhBLkA9D5VQaEh2wRkssjfKkPN0Y2aywVg5Dy_h1LoZ4J8duBg1w&_nc_ad=z-m&_nc_cid=0&_nc_zt=23&_nc_ht=instagram.fmvf1-1.fna&_nc_gid=98vsvuSaWIRegx6I2u2_8A&_nc_ss=7a22e&oh=00_AQIEBiGdKNmXetGcSi-tia6htcw973dmzm-cYh3g2tDnmw&oe=6A98B3AE,https://www.instagram.com/p/DcivkuqOXSF/
Machadão Atacadista,Bebidas / Alcoólicos Diversos,Vinho Casal Mendes 750ml,35.9,25/08/2026,https://instagram.fein1-2.fna.fbcdn.net/v/t39.30808-6/786543128_1358645369688754_2779017979935584164_n.jpg?stp=dst-jpg_e35_tt6&_nc_cat=101&ig_cache_key=Mzk3MTUyNDg5NTIzNDEwNDA4Mg%3D%3D.3-ccb7-5&ccb=7-5&_nc_sid=58cdad&efg=eyJ2ZW5jb2RlX3RhZyI6IkNBUk9VU0VMX0lURU0ueHBpZHMuMTYzOC5zZHIucmVndWxhcl9waG90by5DMyJ9&_nc_ohc=fkD66OU_vJ8Q7kNvwE5vvQ9&_nc_oc=AdqeEOwEMhDQKE6AQjXN76ofQneqYaAyD5EATiFCUyuCeY39m5crwQtkZKNuUSU1Sgs&_nc_ad=z-m&_nc_cid=1207&_nc_zt=23&_nc_ht=instagram.fein1-2.fna&_nc_gid=NhetOI29J2yoTRQ2V38LbQ&_nc_ss=7a22e&oh=00_AQJDR2iSSXmG_pdffRjUCfCQB4TX_zYP7PgdGFxKpN1MDg&oe=6A98CDC4,https://www.instagram.com/p/DcdsNxKDBTG/
Machadão Atacadista,Bebidas / Alcoólicos Diversos,Vinho Casal Mendes Sweet 750ml,35.9,25/08/2026,https://instagram.fein1-2.fna.fbcdn.net/v/t39.30808-6/785059096_1358646486355309_4355252955160182464_n.jpg?stp=dst-jpg_e35_tt6&_nc_cat=107&ig_cache_key=Mzk3MTUyNDg5Njc4NTk1NzI2NA%3D%3D.3-ccb7-5&ccb=7-5&_nc_sid=58cdad&efg=eyJ2ZW5jb2RlX3RhZyI6IkNBUk9VU0VMX0lURU0ueHBpZHMuMTYzOC5zZHIucmVndWxhcl9waG90by5DMyJ9&_nc_ohc=7xcost5b2JkQ7kNvwGRnKAh&_nc_oc=Adr6LqKYUqvr-aBPjGkkwKovi3pXvPATEa8TVsUbwMdoOmnC7ShRwjZFJ_mDOOJmpTE&_nc_ad=z-m&_nc_cid=1207&_nc_zt=23&_nc_ht=instagram.fein1-2.fna&_nc_gid=NhetOI29J2yoTRQ2V38LbQ&_nc_ss=7a22e&oh=00_AQKXls8m4JkM1ajrNyuZiIdsWs9FVMO3GnXESIlwTc7uhw&oe=6A98DB81,https://www.instagram.com/p/DcdsNxKDBTG/
Bom Jesus Primavera do Leste 🛒,Bebidas / Alcoólicos Diversos,Sérum Facial Garnier Vitamina C 100ml,36.99,27/08/2026,https://instagram.fmvf1-1.fna.fbcdn.net/v/t51.82787-15/787993259_18374687005237813_4471412213431393234_n.jpg?stp=dst-jpg_e35_tt6&_nc_cat=103&ig_cache_key=Mzk3Mjk0NzA1MzQ4MTkxNTUyNQ%3D%3D.3-ccb7-5&ccb=7-5&_nc_sid=58cdad&efg=eyJ2ZW5jb2RlX3RhZyI6IkZFRUQueHBpZHMuMTM1MC5zZHIucmVndWxhcl9waG90by5DMyJ9&_nc_ohc=TDgSfUoaAVwQ7kNvwEIJG_n&_nc_oc=AdrLqbORTF-nJ5wfhBLkA9D5VQaEh2wRkssjfKkPN0Y2aywVg5Dy_h1LoZ4J8duBg1w&_nc_ad=z-m&_nc_cid=0&_nc_zt=23&_nc_ht=instagram.fmvf1-1.fna&_nc_gid=98vsvuSaWIRegx6I2u2_8A&_nc_ss=7a22e&oh=00_AQIEBiGdKNmXetGcSi-tia6htcw973dmzm-cYh3g2tDnmw&oe=6A98B3AE,https://www.instagram.com/p/DcivkuqOXSF/
Bom Jesus Primavera do Leste 🛒,Bebidas / Alcoólicos Diversos,Whisky White Horse 1L,84.9,28/08/2026,https://scontent-mxp1-1.cdninstagram.com/v/t51.82787-15/788139857_18374943016237813_6095318216715939563_n.jpg?stp=dst-jpg_e35_tt6&_nc_cat=107&ig_cache_key=Mzk3Mzk3Nzc4MDcyMjI3NDY1Mg%3D%3D.3-ccb7-5&ccb=7-5&_nc_sid=58cdad&efg=eyJ2ZW5jb2RlX3RhZyI6IkNBUk9VU0VMX0lURU0ueHBpZHMuMTA4MC5zZHIucmVndWxhcl9waG90by5DMyJ9&_nc_ohc=u6RrkwcH62kQ7kNvwFkF7r_&_nc_oc=AdoUTvqJuGAdFFjDPotrv9yNgv57jRXQEjcOx6SpH-f07qQV87CsRiUzN53sQaqDcqc&_nc_ad=z-m&_nc_cid=0&_nc_zt=23&_nc_ht=scontent-mxp1-1.cdninstagram.com&_nc_gid=2W0u87jjP_IT_10skYXvyg&_nc_ss=7a22e&oh=00_AQKBt_pu4Ue0M_Xe2k7mZVRwaDl3p21ilOGbqB4oWu2lsg&oe=6A98BBF0,https://www.instagram.com/p/DcmZ8cDD400/
Bom Jesus Primavera do Leste 🛒,Bebidas / Alcoólicos Diversos,Whisky Old Parr 12 Anos 1L,179.9,28/08/2026,https://scontent-mxp1-1.cdninstagram.com/v/t51.82787-15/788139857_18374943016237813_6095318216715939563_n.jpg?stp=dst-jpg_e35_tt6&_nc_cat=107&ig_cache_key=Mzk3Mzk3Nzc4MDcyMjI3NDY1Mg%3D%3D.3-ccb7-5&ccb=7-5&_nc_sid=58cdad&efg=eyJ2ZW5jb2RlX3RhZyI6IkNBUk9VU0VMX0lURU0ueHBpZHMuMTA4MC5zZHIucmVndWxhcl9waG90by5DMyJ9&_nc_ohc=u6RrkwcH62kQ7kNvwFkF7r_&_nc_oc=AdoUTvqJuGAdFFjDPotrv9yNgv57jRXQEjcOx6SpH-f07qQV87CsRiUzN53sQaqDcqc&_nc_ad=z-m&_nc_cid=0&_nc_zt=23&_nc_ht=scontent-mxp1-1.cdninstagram.com&_nc_gid=2W0u87jjP_IT_10skYXvyg&_nc_ss=7a22e&oh=00_AQKBt_pu4Ue0M_Xe2k7mZVRwaDl3p21ilOGbqB4oWu2lsg&oe=6A98BBF0,https://www.instagram.com/p/DcmZ8cDD400/
Supermercado Tuiuiú,Bebidas / Cervejas,Cerveja Skol 300ml,2.49,28/08/2026,https://instagram.fyhu2-1.fna.fbcdn.net/v/t39.30808-6/782169173_1720016753465476_6179349585647048120_n.jpg?stp=dst-jpg_e35_tt6&_nc_cat=111&ig_cache_key=Mzk3MzM0Mjg3OTMwMjI3OTYzOQ%3D%3D.3-ccb7-5&ccb=7-5&_nc_sid=58cdad&efg=eyJ2ZW5jb2RlX3RhZyI6IkNBUk9VU0VMX0lURU0ueHBpZHMuMTI1NC5zZHIucmVndWxhcl9waG90by5DMyJ9&_nc_ohc=qPA3dbH0piIQ7kNvwHL7rm5&_nc_oc=AdpfPzXB1ZZoy9_Zb2vlfdQUuM-vgebILi5xenONlcNTWgFqDHzR0TN7lmyWD_RAmGsnaoGtUoZQn2UtMOSpuXLU&_nc_ad=z-m&_nc_cid=0&_nc_zt=23&_nc_ht=instagram.fyhu2-1.fna&_nc_gid=8hRfZTGV61lKPZlNYQ9LfQ&_nc_ss=7a22e&oh=00_AQLfJAowpxalWWVa0lfjrg77f3kRLcMOLwxR9U-kXXeUBQ&oe=6A98BB21,https://www.instagram.com/p/DckJlYyI3Tu/
Supermercado Tuiuiú,Bebidas / Cervejas,Cerveja Brahma 300ml,2.49,28/08/2026,https://instagram.fyhu2-1.fna.fbcdn.net/v/t39.30808-6/782169173_1720016753465476_6179349585647048120_n.jpg?stp=dst-jpg_e35_tt6&_nc_cat=111&ig_cache_key=Mzk3MzM0Mjg3OTMwMjI3OTYzOQ%3D%3D.3-ccb7-5&ccb=7-5&_nc_sid=58cdad&efg=eyJ2ZW5jb2RlX3RhZyI6IkNBUk9VU0VMX0lURU0ueHBpZHMuMTI1NC5zZHIucmVndWxhcl9waG90by5DMyJ9&_nc_ohc=qPA3dbH0piIQ7kNvwHL7rm5&_nc_oc=AdpfPzXB1ZZoy9_Zb2vlfdQUuM-vgebILi5xenONlcNTWgFqDHzR0TN7lmyWD_RAmGsnaoGtUoZQn2UtMOSpuXLU&_nc_ad=z-m&_nc_cid=0&_nc_zt=23&_nc_ht=instagram.fyhu2-1.fna&_nc_gid=8hRfZTGV61lKPZlNYQ9LfQ&_nc_ss=7a22e&oh=00_AQLfJAowpxalWWVa0lfjrg77f3kRLcMOLwxR9U-kXXeUBQ&oe=6A98BB21,https://www.instagram.com/p/DckJlYyI3Tu/
Super Compras Supermercado,Bebidas / Cervejas,Cerveja Skol 300ml,2.49,29/08/2026,https://scontent-itm1-1.cdninstagram.com/v/t51.82787-15/787666404_18192892456391764_5631571009347207340_n.jpg?stp=dst-jpg_e35_tt6&_nc_cat=107&ig_cache_key=Mzk3NDAxMjM2OTYxNzUwODE0Ng%3D%3D.3-ccb7-5&ccb=7-5&_nc_sid=58cdad&efg=eyJ2ZW5jb2RlX3RhZyI6IkNBUk9VU0VMX0lURU0ueHBpZHMuMTQ0MC5zZHIucmVndWxhcl9waG90by5DMyJ9&_nc_ohc=YdVhHFKNO3AQ7kNvwEMw_zZ&_nc_oc=Adr6pEQrESlOeo-VI4Ly_S02Lb9McU7aTjerac7tHTo0E_s6gxJOr_o55HkRUT7eYDYCCvqBNEjduijC7hhnB1O4&_nc_ad=z-m&_nc_cid=0&_nc_zt=23&_nc_ht=scontent-itm1-1.cdninstagram.com&_nc_gid=ATf4ZhlWvUf1BbIXiW6T_A&_nc_ss=7a22e&oh=00_AQIEFc3MYwXb0mzk9pTuNYv4CGlZrW5YWQjNj1z1-WOW-w&oe=6A98C89A,https://www.instagram.com/p/DcmhzwZjQj_/
Supermercado São Pedro,Bebidas / Cervejas,Cerveja Original 300ml,2.69,28/08/2026,https://scontent-waw2-2.cdninstagram.com/v/t51.82787-15/787853786_18195711469382122_4084613579796731411_n.jpg?stp=dst-jpg_e35_tt6&_nc_cat=101&ig_cache_key=Mzk3MzY3MjU2ODk4MzkzOTE2MQ%3D%3D.3-ccb7-5&ccb=7-5&_nc_sid=58cdad&efg=eyJ2ZW5jb2RlX3RhZyI6IkNBUk9VU0VMX0lURU0ueHBpZHMuMTA4MS5zZHIucmVndWxhcl9waG90by5DMyJ9&_nc_ohc=mrOwFRh3sK8Q7kNvwFEWtES&_nc_oc=AdrwqSALs5DXyvTcFVMtuHF5H5JpFSC_oGr6BJ36Qg2wD-VFA7d0EQphPDDeeg3NqEA&_nc_ad=z-m&_nc_cid=1479&_nc_zt=23&_nc_ht=scontent-waw2-2.cdninstagram.com&_nc_gid=KF1k9W2wUwOlXi1LVTyTGw&_nc_ss=7a22e&oh=00_AQLyU02laXnFQkbRy5Q7FSPWXTxiSDQXDqQJEydaFQsyBw&oe=6A98AE87,https://www.instagram.com/p/DclUqI1G7TG/
Bom Jesus Primavera do Leste 🛒,Bebidas / Cervejas,Cerveja Corona 269ml,4.29,28/08/2026,https://scontent-mxp1-1.cdninstagram.com/v/t51.82787-15/788139857_18374943016237813_6095318216715939563_n.jpg?stp=dst-jpg_e35_tt6&_nc_cat=107&ig_cache_key=Mzk3Mzk3Nzc4MDcyMjI3NDY1Mg%3D%3D.3-ccb7-5&ccb=7-5&_nc_sid=58cdad&efg=eyJ2ZW5jb2RlX3RhZyI6IkNBUk9VU0VMX0lURU0ueHBpZHMuMTA4MC5zZHIucmVndWxhcl9waG90by5DMyJ9&_nc_ohc=u6RrkwcH62kQ7kNvwFkF7r_&_nc_oc=AdoUTvqJuGAdFFjDPotrv9yNgv57jRXQEjcOx6SpH-f07qQV87CsRiUzN53sQaqDcqc&_nc_ad=z-m&_nc_cid=0&_nc_zt=23&_nc_ht=scontent-mxp1-1.cdninstagram.com&_nc_gid=2W0u87jjP_IT_10skYXvyg&_nc_ss=7a22e&oh=00_AQKBt_pu4Ue0M_Xe2k7mZVRwaDl3p21ilOGbqB4oWu2lsg&oe=6A98BBF0,https://www.instagram.com/p/DcmZ8cDD400/
Super Compras Supermercado,Bebidas / Cervejas,Cerveja Heineken 269ml,4.69,28/08/2026,https://instagram.fsyd10-1.fna.fbcdn.net/v/t51.82787-15/778381296_18192777073391764_3495327765482658959_n.jpg?stp=dst-jpg_e35_tt6&_nc_cat=108&ig_cache_key=Mzk3MzI5MDk1OTA3NzU1MjQ2OA%3D%3D.3-ccb7-5&ccb=7-5&_nc_sid=58cdad&efg=eyJ2ZW5jb2RlX3RhZyI6IkZFRUQueHBpZHMuMTQ0MC5zZHIucmVndWxhcl9waG90by5DMyJ9&_nc_ohc=2HLQR4PBfsgQ7kNvwFH0xOj&_nc_oc=Adq7FpJVek-bLPex8t8nW1VCFRGfs2_t63o6yspr1ZUtTgp_Wk7vvuVC7Tm4_bePjyc&_nc_ad=z-m&_nc_cid=0&_nc_zt=23&_nc_ht=instagram.fsyd10-1.fna&_nc_gid=yGeBUZ6gLFxj3rPs_uYd6g&_nc_ss=7a22e&oh=00_AQIiVJsR4RjAJxAMGZavae_TYo1SoCfsoQ8DlXq8aTlfxw&oe=6A98D916,https://www.instagram.com/p/Dcj9xNtFrFU/
Machadão Atacadista,Bebidas / Cervejas,Saco Para Lixo Giopack Super Reforçado 30L 15L,8.49,27/08/2026,https://instagram.ftgz2-1.fna.fbcdn.net/v/t39.30808-6/786779086_1360550472831577_8028710268323392841_n.jpg?stp=dst-jpg_e35_tt6&_nc_cat=100&ig_cache_key=Mzk3MzE1NjQ3MjI0MjcxMDI2OQ%3D%3D.3-ccb7-5&ccb=7-5&_nc_sid=58cdad&efg=eyJ2ZW5jb2RlX3RhZyI6IkNBUk9VU0VMX0lURU0ueHBpZHMuMTYzOC5zZHIucmVndWxhcl9waG90by5DMyJ9&_nc_ohc=WKCTmqyswmsQ7kNvwGCsa28&_nc_oc=AdpK61pp0haF8dqWH096dETR7NlNKPsj_Ew1wmNhtIGkxwJw7M6U6SVRpDabhOt4lHl1lwmHiYtGTayRGkwFrDVJ&_nc_ad=z-m&_nc_cid=0&_nc_zt=23&_nc_ht=instagram.ftgz2-1.fna&_nc_gid=8C1vo79zooRdEKD2fcIVwA&_nc_ss=7a22e&oh=00_AQLHXftmWxzuWH5cpZUrdcg3xeUGaKeB02DvXB8OwZeY6w&oe=6A98E0AF,https://www.instagram.com/p/DcjfMcbkgCV/
Machadão Atacadista,Bebidas / Cervejas,Saco Para Lixo Giopack Super Reforçado,8.49,27/08/2026,https://instagram.ftgz2-1.fna.fbcdn.net/v/t39.30808-6/786141071_1360550506164907_1343288441209680541_n.jpg?stp=dst-jpg_e35_tt6&_nc_cat=100&ig_cache_key=Mzk3MzE1NjQ3MjAxNjIzNDQ4NA%3D%3D.3-ccb7-5&ccb=7-5&_nc_sid=58cdad&efg=eyJ2ZW5jb2RlX3RhZyI6IkNBUk9VU0VMX0lURU0ueHBpZHMuMTYzOC5zZHIucmVndWxhcl9waG90by5DMyJ9&_nc_ohc=rAfVUo0mg-MQ7kNvwGBDKPC&_nc_oc=AdrBCVHPFQe5gEaTM4K6__GqWWoU9Ty9eLyb0b5MgP1yktN7u871woLg1I9BYAdXIlDJYbjJYvmhJlZLmxVBf_a5&_nc_ad=z-m&_nc_cid=0&_nc_zt=23&_nc_ht=instagram.ftgz2-1.fna&_nc_gid=8C1vo79zooRdEKD2fcIVwA&_nc_ss=7a22e&oh=00_AQLqSQQQQxQlJSzp_4RkHaaJEKvBfXedUep-eAX5SmuTNQ&oe=6A98B579,https://www.instagram.com/p/DcjfMcbkgCV/
Bom Jesus Primavera do Leste 🛒,Bebidas / Cervejas,Achocolatado em Pó Toddy 370g Kit 2 Unidades,15.99,28/08/2026,https://scontent-mxp1-1.cdninstagram.com/v/t51.82787-15/788139857_18374943016237813_6095318216715939563_n.jpg?stp=dst-jpg_e35_tt6&_nc_cat=107&ig_cache_key=Mzk3Mzk3Nzc4MDcyMjI3NDY1Mg%3D%3D.3-ccb7-5&ccb=7-5&_nc_sid=58cdad&efg=eyJ2ZW5jb2RlX3RhZyI6IkNBUk9VU0VMX0lURU0ueHBpZHMuMTA4MC5zZHIucmVndWxhcl9waG90by5DMyJ9&_nc_ohc=u6RrkwcH62kQ7kNvwFkF7r_&_nc_oc=AdoUTvqJuGAdFFjDPotrv9yNgv57jRXQEjcOx6SpH-f07qQV87CsRiUzN53sQaqDcqc&_nc_ad=z-m&_nc_cid=0&_nc_zt=23&_nc_ht=scontent-mxp1-1.cdninstagram.com&_nc_gid=2W0u87jjP_IT_10skYXvyg&_nc_ss=7a22e&oh=00_AQKBt_pu4Ue0M_Xe2k7mZVRwaDl3p21ilOGbqB4oWu2lsg&oe=6A98BBF0,https://www.instagram.com/p/DcmZ8cDD400/
Super Compras Supermercado,Bebidas / Cervejas,Cerveja Spaten 269ml C 8,29.52,29/08/2026,https://scontent-itm1-1.cdninstagram.com/v/t51.82787-15/787666404_18192892456391764_5631571009347207340_n.jpg?stp=dst-jpg_e35_tt6&_nc_cat=107&ig_cache_key=Mzk3NDAxMjM2OTYxNzUwODE0Ng%3D%3D.3-ccb7-5&ccb=7-5&_nc_sid=58cdad&efg=eyJ2ZW5jb2RlX3RhZyI6IkNBUk9VU0VMX0lURU0ueHBpZHMuMTQ0MC5zZHIucmVndWxhcl9waG90by5DMyJ9&_nc_ohc=YdVhHFKNO3AQ7kNvwEMw_zZ&_nc_oc=Adr6pEQrESlOeo-VI4Ly_S02Lb9McU7aTjerac7tHTo0E_s6gxJOr_o55HkRUT7eYDYCCvqBNEjduijC7hhnB1O4&_nc_ad=z-m&_nc_cid=0&_nc_zt=23&_nc_ht=scontent-itm1-1.cdninstagram.com&_nc_gid=ATf4ZhlWvUf1BbIXiW6T_A&_nc_ss=7a22e&oh=00_AQIEFc3MYwXb0mzk9pTuNYv4CGlZrW5YWQjNj1z1-WOW-w&oe=6A98C89A,https://www.instagram.com/p/DcmhzwZjQj_/
Super Compras Supermercado,Bebidas / Cervejas,Cerveja Spaten 269ml 8 Unidades,29.52,28/08/2026,https://instagram.fsyd10-1.fna.fbcdn.net/v/t51.82787-15/778381296_18192777073391764_3495327765482658959_n.jpg?stp=dst-jpg_e35_tt6&_nc_cat=108&ig_cache_key=Mzk3MzI5MDk1OTA3NzU1MjQ2OA%3D%3D.3-ccb7-5&ccb=7-5&_nc_sid=58cdad&efg=eyJ2ZW5jb2RlX3RhZyI6IkZFRUQueHBpZHMuMTQ0MC5zZHIucmVndWxhcl9waG90by5DMyJ9&_nc_ohc=2HLQR4PBfsgQ7kNvwFH0xOj&_nc_oc=Adq7FpJVek-bLPex8t8nW1VCFRGfs2_t63o6yspr1ZUtTgp_Wk7vvuVC7Tm4_bePjyc&_nc_ad=z-m&_nc_cid=0&_nc_zt=23&_nc_ht=instagram.fsyd10-1.fna&_nc_gid=yGeBUZ6gLFxj3rPs_uYd6g&_nc_ss=7a22e&oh=00_AQIiVJsR4RjAJxAMGZavae_TYo1SoCfsoQ8DlXq8aTlfxw&oe=6A98D916,https://www.instagram.com/p/Dcj9xNtFrFU/
Super Compras Supermercado,Bebidas / Cervejas,Cerveja Corona 269ml 8 Unidades,34.32,28/08/2026,https://instagram.fsyd10-1.fna.fbcdn.net/v/t51.82787-15/778381296_18192777073391764_3495327765482658959_n.jpg?stp=dst-jpg_e35_tt6&_nc_cat=108&ig_cache_key=Mzk3MzI5MDk1OTA3NzU1MjQ2OA%3D%3D.3-ccb7-5&ccb=7-5&_nc_sid=58cdad&efg=eyJ2ZW5jb2RlX3RhZyI6IkZFRUQueHBpZHMuMTQ0MC5zZHIucmVndWxhcl9waG90by5DMyJ9&_nc_ohc=2HLQR4PBfsgQ7kNvwFH0xOj&_nc_oc=Adq7FpJVek-bLPex8t8nW1VCFRGfs2_t63o6yspr1ZUtTgp_Wk7vvuVC7Tm4_bePjyc&_nc_ad=z-m&_nc_cid=0&_nc_zt=23&_nc_ht=instagram.fsyd10-1.fna&_nc_gid=yGeBUZ6gLFxj3rPs_uYd6g&_nc_ss=7a22e&oh=00_AQIiVJsR4RjAJxAMGZavae_TYo1SoCfsoQ8DlXq8aTlfxw&oe=6A98D916,https://www.instagram.com/p/Dcj9xNtFrFU/
Supermercado São Pedro,Bebidas / Cervejas,Cerveja Império Ultra 269ml 12 Latas,34.68,27/08/2026,https://instagram.fsvq6-1.fna.fbcdn.net/v/t39.30808-6/788413222_1505168981656218_2918311736305518854_n.jpg?stp=c0.0.1638.2047a_dst-jpg_e35_s1638x2047_tt6&_nc_cat=107&ig_cache_key=Mzk3MzI3Njk2ODIzODI0MjE0OA%3D%3D.3-ccb7-5&ccb=7-5&_nc_sid=58cdad&efg=eyJ2ZW5jb2RlX3RhZyI6IkNBUk9VU0VMX0lURU0ueHBpZHMuMTYzOC5zZHIucmVndWxhcl9waG90by5DMyJ9&_nc_ohc=G9lgZfFlLu0Q7kNvwEWM49r&_nc_oc=Adqd95Cqd_IX2sGDk8ExTbxfNItP8ScqY1s8k8X3jfy1hiLqWWdgH83nKJY8x8b8UC4&_nc_ad=z-m&_nc_cid=3033&_nc_zt=23&_nc_ht=instagram.fsvq6-1.fna&_nc_gid=cr2BBsXJ9hal_kRAgWsMyQ&_nc_ss=7a22e&oh=00_AQJDkTAcDbLEqAg-ioR6N4abWmYen6yVujs6NBHCQefdYg&oe=6A98CAA0,https://www.instagram.com/p/Dcj6lyLlKpL/
Supermercado Tuiuiú,Bebidas / Cervejas,Cerveja Heineken 8x269ml,34.99,28/08/2026,https://instagram.fyhu2-1.fna.fbcdn.net/v/t39.30808-6/782169173_1720016753465476_6179349585647048120_n.jpg?stp=dst-jpg_e35_tt6&_nc_cat=111&ig_cache_key=Mzk3MzM0Mjg3OTMwMjI3OTYzOQ%3D%3D.3-ccb7-5&ccb=7-5&_nc_sid=58cdad&efg=eyJ2ZW5jb2RlX3RhZyI6IkNBUk9VU0VMX0lURU0ueHBpZHMuMTI1NC5zZHIucmVndWxhcl9waG90by5DMyJ9&_nc_ohc=qPA3dbH0piIQ7kNvwHL7rm5&_nc_oc=AdpfPzXB1ZZoy9_Zb2vlfdQUuM-vgebILi5xenONlcNTWgFqDHzR0TN7lmyWD_RAmGsnaoGtUoZQn2UtMOSpuXLU&_nc_ad=z-m&_nc_cid=0&_nc_zt=23&_nc_ht=instagram.fyhu2-1.fna&_nc_gid=8hRfZTGV61lKPZlNYQ9LfQ&_nc_ss=7a22e&oh=00_AQLfJAowpxalWWVa0lfjrg77f3kRLcMOLwxR9U-kXXeUBQ&oe=6A98BB21,https://www.instagram.com/p/DckJlYyI3Tu/
Super Compras Supermercado,Bebidas / Cervejas,Cerveja Corona 269ml C 8,35.32,29/08/2026,https://scontent-itm1-1.cdninstagram.com/v/t51.82787-15/787666404_18192892456391764_5631571009347207340_n.jpg?stp=dst-jpg_e35_tt6&_nc_cat=107&ig_cache_key=Mzk3NDAxMjM2OTYxNzUwODE0Ng%3D%3D.3-ccb7-5&ccb=7-5&_nc_sid=58cdad&efg=eyJ2ZW5jb2RlX3RhZyI6IkNBUk9VU0VMX0lURU0ueHBpZHMuMTQ0MC5zZHIucmVndWxhcl9waG90by5DMyJ9&_nc_ohc=YdVhHFKNO3AQ7kNvwEMw_zZ&_nc_oc=Adr6pEQrESlOeo-VI4Ly_S02Lb9McU7aTjerac7tHTo0E_s6gxJOr_o55HkRUT7eYDYCCvqBNEjduijC7hhnB1O4&_nc_ad=z-m&_nc_cid=0&_nc_zt=23&_nc_ht=scontent-itm1-1.cdninstagram.com&_nc_gid=ATf4ZhlWvUf1BbIXiW6T_A&_nc_ss=7a22e&oh=00_AQIEFc3MYwXb0mzk9pTuNYv4CGlZrW5YWQjNj1z1-WOW-w&oe=6A98C89A,https://www.instagram.com/p/DcmhzwZjQj_/
Supermercado São Pedro,Bebidas / Cervejas,Cerveja Heineken 269ml 8 Latas,35.92,28/08/2026,https://scontent-waw2-2.cdninstagram.com/v/t51.82787-15/787853786_18195711469382122_4084613579796731411_n.jpg?stp=dst-jpg_e35_tt6&_nc_cat=101&ig_cache_key=Mzk3MzY3MjU2ODk4MzkzOTE2MQ%3D%3D.3-ccb7-5&ccb=7-5&_nc_sid=58cdad&efg=eyJ2ZW5jb2RlX3RhZyI6IkNBUk9VU0VMX0lURU0ueHBpZHMuMTA4MS5zZHIucmVndWxhcl9waG90by5DMyJ9&_nc_ohc=mrOwFRh3sK8Q7kNvwFEWtES&_nc_oc=AdrwqSALs5DXyvTcFVMtuHF5H5JpFSC_oGr6BJ36Qg2wD-VFA7d0EQphPDDeeg3NqEA&_nc_ad=z-m&_nc_cid=1479&_nc_zt=23&_nc_ht=scontent-waw2-2.cdninstagram.com&_nc_gid=KF1k9W2wUwOlXi1LVTyTGw&_nc_ss=7a22e&oh=00_AQLyU02laXnFQkbRy5Q7FSPWXTxiSDQXDqQJEydaFQsyBw&oe=6A98AE87,https://www.instagram.com/p/DclUqI1G7TG/
Machadão Atacadista,Bebidas / Cervejas,Cerveja Brahma 15x269ml,40.35,29/08/2026,https://instagram.fybz1-1.fna.fbcdn.net/v/t39.30808-6/787818744_1361482319405059_5266910483239539320_n.jpg?stp=dst-jpg_e35_tt6&_nc_cat=100&ig_cache_key=Mzk3NDAzMjYxNjU3OTY3NTg2OA%3D%3D.3-ccb7-5&ccb=7-5&_nc_sid=58cdad&efg=eyJ2ZW5jb2RlX3RhZyI6IkZFRUQueHBpZHMuMTYzOC5zZHIucmVndWxhcl9waG90by5DMyJ9&_nc_ohc=oI3zhpduiF0Q7kNvwF_0GwG&_nc_oc=AdqaKJ_wrh_49d5R2jrb9GklZeP564UPwDyLz5XuHHN4z-sGpH1zbMzRzbtGuB8XHE_iMycJC2Zx70C81i0eXSYi&_nc_ad=z-m&_nc_cid=0&_nc_zt=23&_nc_ht=instagram.fybz1-1.fna&_nc_gid=2C3jxZvv_-YuGtRxv5jgYA&_nc_ss=7a22e&oh=00_AQKAQKg5om1JD7yvnSedyRicgpeNwhyLRN-7mMwbjGbxGg&oe=6A98D529,https://www.instagram.com/p/DcmmZwFDDbc/
Supermercado Tuiuiú,Bebidas / Cervejas,Cerveja Skol 15x269ml,43.35,28/08/2026,https://instagram.fyhu2-1.fna.fbcdn.net/v/t39.30808-6/782169173_1720016753465476_6179349585647048120_n.jpg?stp=dst-jpg_e35_tt6&_nc_cat=111&ig_cache_key=Mzk3MzM0Mjg3OTMwMjI3OTYzOQ%3D%3D.3-ccb7-5&ccb=7-5&_nc_sid=58cdad&efg=eyJ2ZW5jb2RlX3RhZyI6IkNBUk9VU0VMX0lURU0ueHBpZHMuMTI1NC5zZHIucmVndWxhcl9waG90by5DMyJ9&_nc_ohc=qPA3dbH0piIQ7kNvwHL7rm5&_nc_oc=AdpfPzXB1ZZoy9_Zb2vlfdQUuM-vgebILi5xenONlcNTWgFqDHzR0TN7lmyWD_RAmGsnaoGtUoZQn2UtMOSpuXLU&_nc_ad=z-m&_nc_cid=0&_nc_zt=23&_nc_ht=instagram.fyhu2-1.fna&_nc_gid=8hRfZTGV61lKPZlNYQ9LfQ&_nc_ss=7a22e&oh=00_AQLfJAowpxalWWVa0lfjrg77f3kRLcMOLwxR9U-kXXeUBQ&oe=6A98BB21,https://www.instagram.com/p/DckJlYyI3Tu/
Supermercado Tuiuiú,Bebidas / Cervejas,Cerveja Brahma 15x269ml,43.35,28/08/2026,https://instagram.fyhu2-1.fna.fbcdn.net/v/t39.30808-6/782169173_1720016753465476_6179349585647048120_n.jpg?stp=dst-jpg_e35_tt6&_nc_cat=111&ig_cache_key=Mzk3MzM0Mjg3OTMwMjI3OTYzOQ%3D%3D.3-ccb7-5&ccb=7-5&_nc_sid=58cdad&efg=eyJ2ZW5jb2RlX3RhZyI6IkNBUk9VU0VMX0lURU0ueHBpZHMuMTI1NC5zZHIucmVndWxhcl9waG90by5DMyJ9&_nc_ohc=qPA3dbH0piIQ7kNvwHL7rm5&_nc_oc=AdpfPzXB1ZZoy9_Zb2vlfdQUuM-vgebILi5xenONlcNTWgFqDHzR0TN7lmyWD_RAmGsnaoGtUoZQn2UtMOSpuXLU&_nc_ad=z-m&_nc_cid=0&_nc_zt=23&_nc_ht=instagram.fyhu2-1.fna&_nc_gid=8hRfZTGV61lKPZlNYQ9LfQ&_nc_ss=7a22e&oh=00_AQLfJAowpxalWWVa0lfjrg77f3kRLcMOLwxR9U-kXXeUBQ&oe=6A98BB21,https://www.instagram.com/p/DckJlYyI3Tu/
Supermercado São Pedro,Bebidas / Cervejas,Cerveja Skol 269ml 15 Latas,43.35,27/08/2026,https://instagram.fsvq6-1.fna.fbcdn.net/v/t39.30808-6/788413222_1505168981656218_2918311736305518854_n.jpg?stp=c0.0.1638.2047a_dst-jpg_e35_s1638x2047_tt6&_nc_cat=107&ig_cache_key=Mzk3MzI3Njk2ODIzODI0MjE0OA%3D%3D.3-ccb7-5&ccb=7-5&_nc_sid=58cdad&efg=eyJ2ZW5jb2RlX3RhZyI6IkNBUk9VU0VMX0lURU0ueHBpZHMuMTYzOC5zZHIucmVndWxhcl9waG90by5DMyJ9&_nc_ohc=G9lgZfFlLu0Q7kNvwEWM49r&_nc_oc=Adqd95Cqd_IX2sGDk8ExTbxfNItP8ScqY1s8k8X3jfy1hiLqWWdgH83nKJY8x8b8UC4&_nc_ad=z-m&_nc_cid=3033&_nc_zt=23&_nc_ht=instagram.fsvq6-1.fna&_nc_gid=cr2BBsXJ9hal_kRAgWsMyQ&_nc_ss=7a22e&oh=00_AQJDkTAcDbLEqAg-ioR6N4abWmYen6yVujs6NBHCQefdYg&oe=6A98CAA0,https://www.instagram.com/p/Dcj6lyLlKpL/
Bom Jesus Primavera do Leste 🛒,Bebidas / Cervejas,Cerveja Skol 269ml Multipack 15 Unidades,43.35,28/08/2026,https://scontent-mxp1-1.cdninstagram.com/v/t51.82787-15/788139857_18374943016237813_6095318216715939563_n.jpg?stp=dst-jpg_e35_tt6&_nc_cat=107&ig_cache_key=Mzk3Mzk3Nzc4MDcyMjI3NDY1Mg%3D%3D.3-ccb7-5&ccb=7-5&_nc_sid=58cdad&efg=eyJ2ZW5jb2RlX3RhZyI6IkNBUk9VU0VMX0lURU0ueHBpZHMuMTA4MC5zZHIucmVndWxhcl9waG90by5DMyJ9&_nc_ohc=u6RrkwcH62kQ7kNvwFkF7r_&_nc_oc=AdoUTvqJuGAdFFjDPotrv9yNgv57jRXQEjcOx6SpH-f07qQV87CsRiUzN53sQaqDcqc&_nc_ad=z-m&_nc_cid=0&_nc_zt=23&_nc_ht=scontent-mxp1-1.cdninstagram.com&_nc_gid=2W0u87jjP_IT_10skYXvyg&_nc_ss=7a22e&oh=00_AQKBt_pu4Ue0M_Xe2k7mZVRwaDl3p21ilOGbqB4oWu2lsg&oe=6A98BBF0,https://www.instagram.com/p/DcmZ8cDD400/
Super Compras Supermercado,Bebidas / Cervejas,Cerveja Skol 269ml C 15,43.85,29/08/2026,https://scontent-itm1-1.cdninstagram.com/v/t51.82787-15/787743920_18192892438391764_3005082908538598587_n.jpg?stp=dst-jpg_e35_tt6&_nc_cat=110&ig_cache_key=Mzk3NDAxMjMzNjQ5MTI3ODEzMg%3D%3D.3-ccb7-5&ccb=7-5&_nc_sid=58cdad&efg=eyJ2ZW5jb2RlX3RhZyI6IkNBUk9VU0VMX0lURU0ueHBpZHMuMTQ0MC5zZHIucmVndWxhcl9waG90by5DMyJ9&_nc_ohc=jo3tVs9LzLkQ7kNvwEEXhXu&_nc_oc=AdoWdKPC5-PErszL1TO6jMbufuXrXvUdptAb3NLGnkDmhMOTrKx5VkGvRX58LrbvGBptdadpd7zG9en7536FmFhn&_nc_ad=z-m&_nc_cid=0&_nc_zt=23&_nc_ht=scontent-itm1-1.cdninstagram.com&_nc_gid=ATf4ZhlWvUf1BbIXiW6T_A&_nc_ss=7a22e&oh=00_AQLH-x_TU2iikLIhOJkObAYenYEWIoVc9Ucuhu9yIBlZEQ&oe=6A98CD3B,https://www.instagram.com/p/DcmhzwZjQj_/
Supermercado Tuiuiú,Bebidas / Cervejas,Cerveja Original 15x269ml,50.85,28/08/2026,https://instagram.fyhu2-1.fna.fbcdn.net/v/t39.30808-6/782169173_1720016753465476_6179349585647048120_n.jpg?stp=dst-jpg_e35_tt6&_nc_cat=111&ig_cache_key=Mzk3MzM0Mjg3OTMwMjI3OTYzOQ%3D%3D.3-ccb7-5&ccb=7-5&_nc_sid=58cdad&efg=eyJ2ZW5jb2RlX3RhZyI6IkNBUk9VU0VMX0lURU0ueHBpZHMuMTI1NC5zZHIucmVndWxhcl9waG90by5DMyJ9&_nc_ohc=qPA3dbH0piIQ7kNvwHL7rm5&_nc_oc=AdpfPzXB1ZZoy9_Zb2vlfdQUuM-vgebILi5xenONlcNTWgFqDHzR0TN7lmyWD_RAmGsnaoGtUoZQn2UtMOSpuXLU&_nc_ad=z-m&_nc_cid=0&_nc_zt=23&_nc_ht=instagram.fyhu2-1.fna&_nc_gid=8hRfZTGV61lKPZlNYQ9LfQ&_nc_ss=7a22e&oh=00_AQLfJAowpxalWWVa0lfjrg77f3kRLcMOLwxR9U-kXXeUBQ&oe=6A98BB21,https://www.instagram.com/p/DckJlYyI3Tu/
Supermercado São Pedro,Bebidas / Cervejas,Cerveja Original 269ml 15 Latas,50.85,27/08/2026,https://instagram.fsvq6-1.fna.fbcdn.net/v/t39.30808-6/788413222_1505168981656218_2918311736305518854_n.jpg?stp=c0.0.1638.2047a_dst-jpg_e35_s1638x2047_tt6&_nc_cat=107&ig_cache_key=Mzk3MzI3Njk2ODIzODI0MjE0OA%3D%3D.3-ccb7-5&ccb=7-5&_nc_sid=58cdad&efg=eyJ2ZW5jb2RlX3RhZyI6IkNBUk9VU0VMX0lURU0ueHBpZHMuMTYzOC5zZHIucmVndWxhcl9waG90by5DMyJ9&_nc_ohc=G9lgZfFlLu0Q7kNvwEWM49r&_nc_oc=Adqd95Cqd_IX2sGDk8ExTbxfNItP8ScqY1s8k8X3jfy1hiLqWWdgH83nKJY8x8b8UC4&_nc_ad=z-m&_nc_cid=3033&_nc_zt=23&_nc_ht=instagram.fsvq6-1.fna&_nc_gid=cr2BBsXJ9hal_kRAgWsMyQ&_nc_ss=7a22e&oh=00_AQJDkTAcDbLEqAg-ioR6N4abWmYen6yVujs6NBHCQefdYg&oe=6A98CAA0,https://www.instagram.com/p/Dcj6lyLlKpL/
Super Compras Supermercado,Bebidas / Cervejas,Cerveja Antarctica Original 269ml C 15,50.85,29/08/2026,https://scontent-itm1-1.cdninstagram.com/v/t51.82787-15/787666404_18192892456391764_5631571009347207340_n.jpg?stp=dst-jpg_e35_tt6&_nc_cat=107&ig_cache_key=Mzk3NDAxMjM2OTYxNzUwODE0Ng%3D%3D.3-ccb7-5&ccb=7-5&_nc_sid=58cdad&efg=eyJ2ZW5jb2RlX3RhZyI6IkNBUk9VU0VMX0lURU0ueHBpZHMuMTQ0MC5zZHIucmVndWxhcl9waG90by5DMyJ9&_nc_ohc=YdVhHFKNO3AQ7kNvwEMw_zZ&_nc_oc=Adr6pEQrESlOeo-VI4Ly_S02Lb9McU7aTjerac7tHTo0E_s6gxJOr_o55HkRUT7eYDYCCvqBNEjduijC7hhnB1O4&_nc_ad=z-m&_nc_cid=0&_nc_zt=23&_nc_ht=scontent-itm1-1.cdninstagram.com&_nc_gid=ATf4ZhlWvUf1BbIXiW6T_A&_nc_ss=7a22e&oh=00_AQIEFc3MYwXb0mzk9pTuNYv4CGlZrW5YWQjNj1z1-WOW-w&oe=6A98C89A,https://www.instagram.com/p/DcmhzwZjQj_/
Bom Jesus Primavera do Leste 🛒,Bebidas / Cervejas,Cerveja Antarctica Original 269ml Multipack 15 Unidades,50.85,28/08/2026,https://scontent-mxp1-1.cdninstagram.com/v/t51.82787-15/788139857_18374943016237813_6095318216715939563_n.jpg?stp=dst-jpg_e35_tt6&_nc_cat=107&ig_cache_key=Mzk3Mzk3Nzc4MDcyMjI3NDY1Mg%3D%3D.3-ccb7-5&ccb=7-5&_nc_sid=58cdad&efg=eyJ2ZW5jb2RlX3RhZyI6IkNBUk9VU0VMX0lURU0ueHBpZHMuMTA4MC5zZHIucmVndWxhcl9waG90by5DMyJ9&_nc_ohc=u6RrkwcH62kQ7kNvwFkF7r_&_nc_oc=AdoUTvqJuGAdFFjDPotrv9yNgv57jRXQEjcOx6SpH-f07qQV87CsRiUzN53sQaqDcqc&_nc_ad=z-m&_nc_cid=0&_nc_zt=23&_nc_ht=scontent-mxp1-1.cdninstagram.com&_nc_gid=2W0u87jjP_IT_10skYXvyg&_nc_ss=7a22e&oh=00_AQKBt_pu4Ue0M_Xe2k7mZVRwaDl3p21ilOGbqB4oWu2lsg&oe=6A98BBF0,https://www.instagram.com/p/DcmZ8cDD400/
Supermercado São Pedro,Bebidas / Cervejas,Cerveja Heineken Barril 5L,99.99,28/08/2026,https://scontent-waw2-2.cdninstagram.com/v/t51.82787-15/787853786_18195711469382122_4084613579796731411_n.jpg?stp=dst-jpg_e35_tt6&_nc_cat=101&ig_cache_key=Mzk3MzY3MjU2ODk4MzkzOTE2MQ%3D%3D.3-ccb7-5&ccb=7-5&_nc_sid=58cdad&efg=eyJ2ZW5jb2RlX3RhZyI6IkNBUk9VU0VMX0lURU0ueHBpZHMuMTA4MS5zZHIucmVndWxhcl9waG90by5DMyJ9&_nc_ohc=mrOwFRh3sK8Q7kNvwFEWtES&_nc_oc=AdrwqSALs5DXyvTcFVMtuHF5H5JpFSC_oGr6BJ36Qg2wD-VFA7d0EQphPDDeeg3NqEA&_nc_ad=z-m&_nc_cid=1479&_nc_zt=23&_nc_ht=scontent-waw2-2.cdninstagram.com&_nc_gid=KF1k9W2wUwOlXi1LVTyTGw&_nc_ss=7a22e&oh=00_AQLyU02laXnFQkbRy5Q7FSPWXTxiSDQXDqQJEydaFQsyBw&oe=6A98AE87,https://www.instagram.com/p/DclUqI1G7TG/
Supermercado Tuiuiú,Bebidas / Refrigerantes,Refrigerante Sukita 2L,5.99,28/08/2026,https://instagram.fymq2-1.fna.fbcdn.net/v/t39.30808-6/788141803_1720016743465477_9146230528598203595_n.jpg?stp=dst-jpg_e35_tt6&_nc_cat=108&ig_cache_key=Mzk3MzM0Mjg3ODE5NDkyODIxMw%3D%3D.3-ccb7-5&ccb=7-5&_nc_sid=58cdad&efg=eyJ2ZW5jb2RlX3RhZyI6IkNBUk9VU0VMX0lURU0ueHBpZHMuMTI1NC5zZHIucmVndWxhcl9waG90by5DMyJ9&_nc_ohc=zal2Q-KNBSMQ7kNvwGaWQxt&_nc_oc=AdpXig8fKWtn5mOJTOxifAKhepxVD6EjgckmdW3rZR_BqxRv4FiMs71_pIVl9npPyO9FPZKwJip7RKIK7tWxnib8&_nc_ad=z-m&_nc_cid=0&_nc_zt=23&_nc_ht=instagram.fymq2-1.fna&_nc_gid=8hRfZTGV61lKPZlNYQ9LfQ&_nc_ss=7a22e&oh=00_AQK1izQwrbPsVYNWl7hBl27akbgF8IUEv1-zij2Ensm5WA&oe=6A98DB36,https://www.instagram.com/p/DckJlYyI3Tu/
Super Compras Supermercado,Bebidas / Refrigerantes,Refrigerante Guaraná Kuat 2L,5.99,28/08/2026,https://instagram.fsyd10-1.fna.fbcdn.net/v/t51.82787-15/778381296_18192777073391764_3495327765482658959_n.jpg?stp=dst-jpg_e35_tt6&_nc_cat=108&ig_cache_key=Mzk3MzI5MDk1OTA3NzU1MjQ2OA%3D%3D.3-ccb7-5&ccb=7-5&_nc_sid=58cdad&efg=eyJ2ZW5jb2RlX3RhZyI6IkZFRUQueHBpZHMuMTQ0MC5zZHIucmVndWxhcl9waG90by5DMyJ9&_nc_ohc=2HLQR4PBfsgQ7kNvwFH0xOj&_nc_oc=Adq7FpJVek-bLPex8t8nW1VCFRGfs2_t63o6yspr1ZUtTgp_Wk7vvuVC7Tm4_bePjyc&_nc_ad=z-m&_nc_cid=0&_nc_zt=23&_nc_ht=instagram.fsyd10-1.fna&_nc_gid=yGeBUZ6gLFxj3rPs_uYd6g&_nc_ss=7a22e&oh=00_AQIiVJsR4RjAJxAMGZavae_TYo1SoCfsoQ8DlXq8aTlfxw&oe=6A98D916,https://www.instagram.com/p/Dcj9xNtFrFU/
Bom Jesus Primavera do Leste 🛒,Bebidas / Refrigerantes,Refrigerante Sukita 2L,6.29,28/08/2026,https://scontent-mxp1-1.cdninstagram.com/v/t51.82787-15/787872858_18374942953237813_1004834205349504739_n.jpg?stp=dst-jpg_e35_tt6&_nc_cat=106&ig_cache_key=Mzk3Mzk3Nzc3ODU0OTU0Mzg5NA%3D%3D.3-ccb7-5&ccb=7-5&_nc_sid=58cdad&efg=eyJ2ZW5jb2RlX3RhZyI6IkNBUk9VU0VMX0lURU0ueHBpZHMuMTA4MC5zZHIucmVndWxhcl9waG90by5DMyJ9&_nc_ohc=ScqGAxDjyPoQ7kNvwFA-MiV&_nc_oc=AdqQVU4LQYeyyXC8IwQjtEVLv1TBh6wVrgVE4Vp6cCYk5Wdd8zWS1CjqnHQ9se88Ync&_nc_ad=z-m&_nc_cid=0&_nc_zt=23&_nc_ht=scontent-mxp1-1.cdninstagram.com&_nc_gid=2W0u87jjP_IT_10skYXvyg&_nc_ss=7a22e&oh=00_AQLxFUO0rQr300vqp7h6QFL8r1Pcxt7INzD1N18TF3U5HA&oe=6A98D980,https://www.instagram.com/p/DcmZ8cDD400/
Supermercado Tuiuiú,Bebidas / Refrigerantes,Coca Cola 2.5L,10.99,28/08/2026,https://instagram.fymq2-1.fna.fbcdn.net/v/t39.30808-6/788141803_1720016743465477_9146230528598203595_n.jpg?stp=dst-jpg_e35_tt6&_nc_cat=108&ig_cache_key=Mzk3MzM0Mjg3ODE5NDkyODIxMw%3D%3D.3-ccb7-5&ccb=7-5&_nc_sid=58cdad&efg=eyJ2ZW5jb2RlX3RhZyI6IkNBUk9VU0VMX0lURU0ueHBpZHMuMTI1NC5zZHIucmVndWxhcl9waG90by5DMyJ9&_nc_ohc=zal2Q-KNBSMQ7kNvwGaWQxt&_nc_oc=AdpXig8fKWtn5mOJTOxifAKhepxVD6EjgckmdW3rZR_BqxRv4FiMs71_pIVl9npPyO9FPZKwJip7RKIK7tWxnib8&_nc_ad=z-m&_nc_cid=0&_nc_zt=23&_nc_ht=instagram.fymq2-1.fna&_nc_gid=8hRfZTGV61lKPZlNYQ9LfQ&_nc_ss=7a22e&oh=00_AQK1izQwrbPsVYNWl7hBl27akbgF8IUEv1-zij2Ensm5WA&oe=6A98DB36,https://www.instagram.com/p/DckJlYyI3Tu/
Super Compras Supermercado,Bebidas / Sucos e Diversos,Bebida Láctea Pirakids 200ml,1.69,28/08/2026,https://instagram.fsyd10-1.fna.fbcdn.net/v/t51.82787-15/778381296_18192777073391764_3495327765482658959_n.jpg?stp=dst-jpg_e35_tt6&_nc_cat=108&ig_cache_key=Mzk3MzI5MDk1OTA3NzU1MjQ2OA%3D%3D.3-ccb7-5&ccb=7-5&_nc_sid=58cdad&efg=eyJ2ZW5jb2RlX3RhZyI6IkZFRUQueHBpZHMuMTQ0MC5zZHIucmVndWxhcl9waG90by5DMyJ9&_nc_ohc=2HLQR4PBfsgQ7kNvwFH0xOj&_nc_oc=Adq7FpJVek-bLPex8t8nW1VCFRGfs2_t63o6yspr1ZUtTgp_Wk7vvuVC7Tm4_bePjyc&_nc_ad=z-m&_nc_cid=0&_nc_zt=23&_nc_ht=instagram.fsyd10-1.fna&_nc_gid=yGeBUZ6gLFxj3rPs_uYd6g&_nc_ss=7a22e&oh=00_AQIiVJsR4RjAJxAMGZavae_TYo1SoCfsoQ8DlXq8aTlfxw&oe=6A98D916,https://www.instagram.com/p/Dcj9xNtFrFU/
Supermercado Tuiuiú,Bebidas / Sucos e Diversos,Suco Del Valle 1L,7.99,28/08/2026,https://instagram.fymq2-1.fna.fbcdn.net/v/t39.30808-6/788141803_1720016743465477_9146230528598203595_n.jpg?stp=dst-jpg_e35_tt6&_nc_cat=108&ig_cache_key=Mzk3MzM0Mjg3ODE5NDkyODIxMw%3D%3D.3-ccb7-5&ccb=7-5&_nc_sid=58cdad&efg=eyJ2ZW5jb2RlX3RhZyI6IkNBUk9VU0VMX0lURU0ueHBpZHMuMTI1NC5zZHIucmVndWxhcl9waG90by5DMyJ9&_nc_ohc=zal2Q-KNBSMQ7kNvwGaWQxt&_nc_oc=AdpXig8fKWtn5mOJTOxifAKhepxVD6EjgckmdW3rZR_BqxRv4FiMs71_pIVl9npPyO9FPZKwJip7RKIK7tWxnib8&_nc_ad=z-m&_nc_cid=0&_nc_zt=23&_nc_ht=instagram.fymq2-1.fna&_nc_gid=8hRfZTGV61lKPZlNYQ9LfQ&_nc_ss=7a22e&oh=00_AQK1izQwrbPsVYNWl7hBl27akbgF8IUEv1-zij2Ensm5WA&oe=6A98DB36,https://www.instagram.com/p/DckJlYyI3Tu/
Bom Jesus Primavera do Leste 🛒,Bebidas / Sucos e Diversos,Salsicha Seara kg,9.99,28/08/2026,https://scontent-mxp1-1.cdninstagram.com/v/t51.82787-15/786853630_18374942971237813_3112147777905981087_n.jpg?stp=dst-jpg_e35_tt6&_nc_cat=107&ig_cache_key=Mzk3Mzk3Nzc3OTE1MzU1MzcyNQ%3D%3D.3-ccb7-5&ccb=7-5&_nc_sid=58cdad&efg=eyJ2ZW5jb2RlX3RhZyI6IkNBUk9VU0VMX0lURU0ueHBpZHMuMTA4MC5zZHIucmVndWxhcl9waG90by5DMyJ9&_nc_ohc=X2aB_pDnUvgQ7kNvwG5Ndm-&_nc_oc=AdrrSTj5cOT7BIIYwW5EHf_ZZZqIvGhJ1xKMKicY8f6hnWcKI_7Lzhg16iDRIRHiMMY&_nc_ad=z-m&_nc_cid=0&_nc_zt=23&_nc_ht=scontent-mxp1-1.cdninstagram.com&_nc_gid=2W0u87jjP_IT_10skYXvyg&_nc_ss=7a22e&oh=00_AQLoiEIwCvge0bQj3hGXwIYzY_SkvVpwOmce-7toSMYXdg&oe=6A98C764,https://www.instagram.com/p/DcmZ8cDD400/
Supermercado São Pedro,Bebidas / Sucos e Diversos,Salsicha Seara kg,10.49,24/08/2026,https://instagram.fgdl5-4.fna.fbcdn.net/v/t51.82787-15/779866028_18195137623382122_1225681475285530325_n.jpg?stp=dst-jpg_e35_tt6&_nc_cat=104&ig_cache_key=Mzk3MDg5NTAzMjEwMDYxNzYxMA%3D%3D.3-ccb7-5&ccb=7-5&_nc_sid=58cdad&efg=eyJ2ZW5jb2RlX3RhZyI6IkZFRUQueHBpZHMuMzI0OC5zZHIucmVndWxhcl9waG90by5DMyJ9&_nc_ohc=40xkhSQE8g4Q7kNvwFSGxUY&_nc_oc=AdovFS10IsnDXKAMSYwnp_WXfI9PRiJOBhC4n1z4BghY6_ZjLBn0repOFgDnerrXtx8&_nc_ad=z-m&_nc_cid=0&_nc_zt=23&_nc_ht=instagram.fgdl5-4.fna&_nc_gid=YF-RWgFzODMUlna71aapxw&_nc_ss=7a22e&oh=00_AQKo_RiK7X9YM4BR63VAs8OGf-V1J64MiSbc98rtwGu63Q&oe=6A98DA61,https://www.instagram.com/p/Dcbc_40uH2K/
Bom Jesus Primavera do Leste 🛒,Bebidas / Sucos e Diversos,Papel Higiênico Mili Folha Dupla 12 Unidades,15.99,28/08/2026,https://scontent-mxp1-1.cdninstagram.com/v/t51.82787-15/788860531_18374942995237813_624644092953609674_n.jpg?stp=dst-jpg_e35_tt6&_nc_cat=106&ig_cache_key=Mzk3Mzk3Nzc4MjEzMTM5MTcwNQ%3D%3D.3-ccb7-5&ccb=7-5&_nc_sid=58cdad&efg=eyJ2ZW5jb2RlX3RhZyI6IkNBUk9VU0VMX0lURU0ueHBpZHMuMTA4MC5zZHIucmVndWxhcl9waG90by5DMyJ9&_nc_ohc=7IsixMbzdvIQ7kNvwFLr1IY&_nc_oc=AdrQMI6TD_X8w6y4rLquClq6yJmmEdOGtMhzEN4tBiP2x83SnaxNlcn35DJEvjd1cXA&_nc_ad=z-m&_nc_cid=0&_nc_zt=23&_nc_ht=scontent-mxp1-1.cdninstagram.com&_nc_gid=2W0u87jjP_IT_10skYXvyg&_nc_ss=7a22e&oh=00_AQKmZVQHrk7uaq12CSeJmfTXqPmLQnSIiQD_VhgIJBu7DQ&oe=6A98BE0B,https://www.instagram.com/p/DcmZ8cDD400/
Super Compras Supermercado,Bebidas / Sucos e Diversos,Papel Higiênico Duetto Folha Dupla 30m 12 Unidades,17.99,28/08/2026,https://instagram.fsyd10-1.fna.fbcdn.net/v/t51.82787-15/778381296_18192777073391764_3495327765482658959_n.jpg?stp=dst-jpg_e35_tt6&_nc_cat=108&ig_cache_key=Mzk3MzI5MDk1OTA3NzU1MjQ2OA%3D%3D.3-ccb7-5&ccb=7-5&_nc_sid=58cdad&efg=eyJ2ZW5jb2RlX3RhZyI6IkZFRUQueHBpZHMuMTQ0MC5zZHIucmVndWxhcl9waG90by5DMyJ9&_nc_ohc=2HLQR4PBfsgQ7kNvwFH0xOj&_nc_oc=Adq7FpJVek-bLPex8t8nW1VCFRGfs2_t63o6yspr1ZUtTgp_Wk7vvuVC7Tm4_bePjyc&_nc_ad=z-m&_nc_cid=0&_nc_zt=23&_nc_ht=instagram.fsyd10-1.fna&_nc_gid=yGeBUZ6gLFxj3rPs_uYd6g&_nc_ss=7a22e&oh=00_AQIiVJsR4RjAJxAMGZavae_TYo1SoCfsoQ8DlXq8aTlfxw&oe=6A98D916,https://www.instagram.com/p/Dcj9xNtFrFU/
Supermercado São Pedro,Bebidas / Sucos e Diversos,Campari 998ml,56.99,27/08/2026,https://instagram.fsvq6-1.fna.fbcdn.net/v/t39.30808-6/785993166_1505168978322885_7442982966970505933_n.jpg?stp=c0.0.1638.2048a_dst-jpg_e35_s1638x2048_tt6&_nc_cat=110&ig_cache_key=Mzk3MzI3Njk2ODM0NzI3MzQzNQ%3D%3D.3-ccb7-5&ccb=7-5&_nc_sid=58cdad&efg=eyJ2ZW5jb2RlX3RhZyI6IkNBUk9VU0VMX0lURU0ueHBpZHMuMTYzOS5zZHIucmVndWxhcl9waG90by5DMyJ9&_nc_ohc=5-K7ePTTbO0Q7kNvwGugHFY&_nc_oc=Adq2UKUEN2T-7eIJk1jeY1fGqou70XnfCk5jwyU478sUI8bIkfn7VJwfaS_B6BP0MWQ&_nc_ad=z-m&_nc_cid=3033&_nc_zt=23&_nc_ht=instagram.fsvq6-1.fna&_nc_gid=cr2BBsXJ9hal_kRAgWsMyQ&_nc_ss=7a22e&oh=00_AQKLDjrGoatKwTmVcs4BpPH_355fOHn_yz5gY9ivVHnNng&oe=6A98D20E,https://www.instagram.com/p/Dcj6lyLlKpL/
Bom Jesus Primavera do Leste 🛒,Bebidas / Sucos e Diversos,Whisky Buchanan's 12 Anos 1L,189.9,28/08/2026,https://scontent-mxp1-1.cdninstagram.com/v/t51.82787-15/788139857_18374943016237813_6095318216715939563_n.jpg?stp=dst-jpg_e35_tt6&_nc_cat=107&ig_cache_key=Mzk3Mzk3Nzc4MDcyMjI3NDY1Mg%3D%3D.3-ccb7-5&ccb=7-5&_nc_sid=58cdad&efg=eyJ2ZW5jb2RlX3RhZyI6IkNBUk9VU0VMX0lURU0ueHBpZHMuMTA4MC5zZHIucmVndWxhcl9waG90by5DMyJ9&_nc_ohc=u6RrkwcH62kQ7kNvwFkF7r_&_nc_oc=AdoUTvqJuGAdFFjDPotrv9yNgv57jRXQEjcOx6SpH-f07qQV87CsRiUzN53sQaqDcqc&_nc_ad=z-m&_nc_cid=0&_nc_zt=23&_nc_ht=scontent-mxp1-1.cdninstagram.com&_nc_gid=2W0u87jjP_IT_10skYXvyg&_nc_ss=7a22e&oh=00_AQKBt_pu4Ue0M_Xe2k7mZVRwaDl3p21ilOGbqB4oWu2lsg&oe=6A98BBF0,https://www.instagram.com/p/DcmZ8cDD400/
Supermercado Tuiuiú,Carnes / Aves,Coxa e Sobrecoxa de Frango kg,5.89,28/08/2026,https://instagram.fyhu2-1.fna.fbcdn.net/v/t39.30808-6/784232177_1720016766798808_2199971508535547197_n.jpg?stp=dst-jpg_e35_tt6&_nc_cat=111&ig_cache_key=Mzk3MzM0Mjg3OTgyMjMyNDE3Mg%3D%3D.3-ccb7-5&ccb=7-5&_nc_sid=58cdad&efg=eyJ2ZW5jb2RlX3RhZyI6IkNBUk9VU0VMX0lURU0ueHBpZHMuMTI1NC5zZHIucmVndWxhcl9waG90by5DMyJ9&_nc_ohc=p0-_YO7HB9IQ7kNvwHS14xs&_nc_oc=AdqIojSI8l72UZDbSZUQpciL4ZheEieAKgtgXp92nzQr0hB6cIoyQnepuTCMRigFmjA_gb023TMf-aYws_nWI-jd&_nc_ad=z-m&_nc_cid=0&_nc_zt=23&_nc_ht=instagram.fyhu2-1.fna&_nc_gid=8hRfZTGV61lKPZlNYQ9LfQ&_nc_ss=7a22e&oh=00_AQKjSKDZrPiNRDaZYCHAsti-4vfy8OkbygmNAbSdii7AMA&oe=6A98B8E4,https://www.instagram.com/p/DckJlYyI3Tu/
Bom Jesus Primavera do Leste 🛒,Carnes / Aves,Frango A Passarinho Bello 800g,8.99,26/08/2026,https://instagram.flhr10-1.fna.fbcdn.net/v/t51.82787-15/786656678_18374533654237813_1357775697752571265_n.jpg?stp=dst-jpg_e35_tt6&_nc_cat=102&ig_cache_key=Mzk3MjE2ODE2MTUzODk3MjI2NA%3D%3D.3-ccb7-5&ccb=7-5&_nc_sid=58cdad&efg=eyJ2ZW5jb2RlX3RhZyI6IkNBUk9VU0VMX0lURU0ueHBpZHMuMTA4MC5zZHIucmVndWxhcl9waG90by5DMyJ9&_nc_ohc=E3K-BzvU7NkQ7kNvwEF2DBL&_nc_oc=Adpa6sD5wURwQ10vZDPbVKJ1UgK7CVBkL_E6LtJhapJKl7QK9b8ciWVlx9mHqpHER-U&_nc_ad=z-m&_nc_cid=0&_nc_zt=23&_nc_ht=instagram.flhr10-1.fna&_nc_gid=zZwwF9XOJx5iVW3BBbpKDA&_nc_ss=7a22e&oh=00_AQKKlvXoExU1xltCGX7Y5bXWaNTJAO7LXVt5O2C-S_ZB_Q&oe=6A98D165,https://www.instagram.com/p/Dcf-fgoloPJ/
Bom Jesus Primavera do Leste 🛒,Carnes / Aves,Frango A Passarinho Bello 800g,8.99,28/08/2026,https://scontent-mxp1-1.cdninstagram.com/v/t51.82787-15/786853630_18374942971237813_3112147777905981087_n.jpg?stp=dst-jpg_e35_tt6&_nc_cat=107&ig_cache_key=Mzk3Mzk3Nzc3OTE1MzU1MzcyNQ%3D%3D.3-ccb7-5&ccb=7-5&_nc_sid=58cdad&efg=eyJ2ZW5jb2RlX3RhZyI6IkNBUk9VU0VMX0lURU0ueHBpZHMuMTA4MC5zZHIucmVndWxhcl9waG90by5DMyJ9&_nc_ohc=X2aB_pDnUvgQ7kNvwG5Ndm-&_nc_oc=AdrrSTj5cOT7BIIYwW5EHf_ZZZqIvGhJ1xKMKicY8f6hnWcKI_7Lzhg16iDRIRHiMMY&_nc_ad=z-m&_nc_cid=0&_nc_zt=23&_nc_ht=scontent-mxp1-1.cdninstagram.com&_nc_gid=2W0u87jjP_IT_10skYXvyg&_nc_ss=7a22e&oh=00_AQLoiEIwCvge0bQj3hGXwIYzY_SkvVpwOmce-7toSMYXdg&oe=6A98C764,https://www.instagram.com/p/DcmZ8cDD400/
Bom Jesus Primavera do Leste 🛒,Carnes / Aves,Frango Inteiro Seara kg,9.69,26/08/2026,https://instagram.flhr10-2.fna.fbcdn.net/v/t51.82787-15/786433730_18374533639237813_3285427351558996853_n.jpg?stp=dst-jpg_e35_tt6&_nc_cat=108&ig_cache_key=Mzk3MjE2ODE2MDExNDQ2ODEyNg%3D%3D.3-ccb7-5&ccb=7-5&_nc_sid=58cdad&efg=eyJ2ZW5jb2RlX3RhZyI6IkNBUk9VU0VMX0lURU0ueHBpZHMuMTA4MC5zZHIucmVndWxhcl9waG90by5DMiJ9&_nc_ohc=4mT7k_RuQMcQ7kNvwG8jRXN&_nc_oc=AdrhTCYKoK206NaDUXNxEJkL9rAMZ_TPuuwfj5xLUHtLXTWwD9Woi_CsgybNXCX8CcU&_nc_ad=z-m&_nc_cid=0&_nc_zt=23&_nc_ht=instagram.flhr10-2.fna&_nc_gid=zZwwF9XOJx5iVW3BBbpKDA&_nc_ss=7a22e&oh=00_AQK6pdZahb63PxB7vHMnlu_a7KANKvaKGjAOPOR1uUwixA&oe=6A98BC55,https://www.instagram.com/p/Dcf-fgoloPJ/
Bom Jesus Primavera do Leste 🛒,Carnes / Aves,Frango Inteiro Seara kg,9.69,26/08/2026,https://instagram.flhr10-2.fna.fbcdn.net/v/t51.82787-15/786433730_18374533639237813_3285427351558996853_n.jpg?stp=dst-jpg_e35_tt6&_nc_cat=108&ig_cache_key=Mzk3MjE2ODE2MDExNDQ2ODEyNg%3D%3D.3-ccb7-5&ccb=7-5&_nc_sid=58cdad&efg=eyJ2ZW5jb2RlX3RhZyI6IkNBUk9VU0VMX0lURU0ueHBpZHMuMTA4MC5zZHIucmVndWxhcl9waG90by5DMyJ9&_nc_ohc=4mT7k_RuQMcQ7kNvwG8jRXN&_nc_oc=AdrhTCYKoK206NaDUXNxEJkL9rAMZ_TPuuwfj5xLUHtLXTWwD9Woi_CsgybNXCX8CcU&_nc_ad=z-m&_nc_cid=0&_nc_zt=23&_nc_ht=instagram.flhr10-2.fna&_nc_gid=zZwwF9XOJx5iVW3BBbpKDA&_nc_ss=7a22e&oh=00_AQK6pdZahb63PxB7vHMnlu_a7KANKvaKGjAOPOR1uUwixA&oe=6A98BC55,https://www.instagram.com/p/Dcf-fgoloPJ/
Bom Jesus Primavera do Leste 🛒,Carnes / Aves,Frango Inteiro Seara kg,9.69,28/08/2026,https://scontent-mxp1-1.cdninstagram.com/v/t51.82787-15/786853630_18374942971237813_3112147777905981087_n.jpg?stp=dst-jpg_e35_tt6&_nc_cat=107&ig_cache_key=Mzk3Mzk3Nzc3OTE1MzU1MzcyNQ%3D%3D.3-ccb7-5&ccb=7-5&_nc_sid=58cdad&efg=eyJ2ZW5jb2RlX3RhZyI6IkNBUk9VU0VMX0lURU0ueHBpZHMuMTA4MC5zZHIucmVndWxhcl9waG90by5DMyJ9&_nc_ohc=X2aB_pDnUvgQ7kNvwG5Ndm-&_nc_oc=AdrrSTj5cOT7BIIYwW5EHf_ZZZqIvGhJ1xKMKicY8f6hnWcKI_7Lzhg16iDRIRHiMMY&_nc_ad=z-m&_nc_cid=0&_nc_zt=23&_nc_ht=scontent-mxp1-1.cdninstagram.com&_nc_gid=2W0u87jjP_IT_10skYXvyg&_nc_ss=7a22e&oh=00_AQLoiEIwCvge0bQj3hGXwIYzY_SkvVpwOmce-7toSMYXdg&oe=6A98C764,https://www.instagram.com/p/DcmZ8cDD400/
Supermercado São Pedro,Carnes / Aves,Frango Inteiro Seara kg,10.99,25/08/2026,https://instagram.fmad22-1.fna.fbcdn.net/v/t39.30808-6/784428542_1503489418490841_697405957732902936_n.jpg?stp=dst-jpg_e35_tt6&_nc_cat=102&ig_cache_key=Mzk3MTgyNzk2NDE0ODc5MzU5NA%3D%3D.3-ccb7-5&ccb=7-5&_nc_sid=58cdad&efg=eyJ2ZW5jb2RlX3RhZyI6IkZFRUQueHBpZHMuMTYzOS5zZHIucmVndWxhcl9waG90by5DMyJ9&_nc_ohc=lahhkTUGus0Q7kNvwEPirOL&_nc_oc=AdqpeyI16SBvSjm_RRusxOtjQaLVpVKPrREy8i6sAmvam1LEqfV6baN8wn4vmZPYnhQ&_nc_ad=z-m&_nc_cid=0&_nc_zt=23&_nc_ht=instagram.fmad22-1.fna&_nc_gid=KgQw-8ZsO-U6N3r5I3NZCQ&_nc_ss=7a22e&oh=00_AQKOPw9Gdb00qehg5jTRevMxa22Fyc6s6iHjnqSZ5rUqTw&oe=6A98C9BA,https://www.instagram.com/p/DcexH1gDUD6/
Supermercado São Pedro,Carnes / Aves,Coxas de Frango Sadia 1kg,10.99,27/08/2026,https://instagram.fsvq6-1.fna.fbcdn.net/v/t39.30808-6/785993166_1505168978322885_7442982966970505933_n.jpg?stp=c0.0.1638.2048a_dst-jpg_e35_s1638x2048_tt6&_nc_cat=110&ig_cache_key=Mzk3MzI3Njk2ODM0NzI3MzQzNQ%3D%3D.3-ccb7-5&ccb=7-5&_nc_sid=58cdad&efg=eyJ2ZW5jb2RlX3RhZyI6IkNBUk9VU0VMX0lURU0ueHBpZHMuMTYzOS5zZHIucmVndWxhcl9waG90by5DMyJ9&_nc_ohc=5-K7ePTTbO0Q7kNvwGugHFY&_nc_oc=Adq2UKUEN2T-7eIJk1jeY1fGqou70XnfCk5jwyU478sUI8bIkfn7VJwfaS_B6BP0MWQ&_nc_ad=z-m&_nc_cid=3033&_nc_zt=23&_nc_ht=instagram.fsvq6-1.fna&_nc_gid=cr2BBsXJ9hal_kRAgWsMyQ&_nc_ss=7a22e&oh=00_AQKLDjrGoatKwTmVcs4BpPH_355fOHn_yz5gY9ivVHnNng&oe=6A98D20E,https://www.instagram.com/p/Dcj6lyLlKpL/
Bom Jesus Primavera do Leste 🛒,Carnes / Aves,Coxinha da Asa Bello 800g,10.99,26/08/2026,https://instagram.flhr10-1.fna.fbcdn.net/v/t51.82787-15/786656678_18374533654237813_1357775697752571265_n.jpg?stp=dst-jpg_e35_tt6&_nc_cat=102&ig_cache_key=Mzk3MjE2ODE2MTUzODk3MjI2NA%3D%3D.3-ccb7-5&ccb=7-5&_nc_sid=58cdad&efg=eyJ2ZW5jb2RlX3RhZyI6IkNBUk9VU0VMX0lURU0ueHBpZHMuMTA4MC5zZHIucmVndWxhcl9waG90by5DMyJ9&_nc_ohc=E3K-BzvU7NkQ7kNvwEF2DBL&_nc_oc=Adpa6sD5wURwQ10vZDPbVKJ1UgK7CVBkL_E6LtJhapJKl7QK9b8ciWVlx9mHqpHER-U&_nc_ad=z-m&_nc_cid=0&_nc_zt=23&_nc_ht=instagram.flhr10-1.fna&_nc_gid=zZwwF9XOJx5iVW3BBbpKDA&_nc_ss=7a22e&oh=00_AQKKlvXoExU1xltCGX7Y5bXWaNTJAO7LXVt5O2C-S_ZB_Q&oe=6A98D165,https://www.instagram.com/p/Dcf-fgoloPJ/
Bom Jesus Primavera do Leste 🛒,Carnes / Aves,Coxinha da Asa de Frango Bello 800g,10.99,28/08/2026,https://scontent-mxp1-1.cdninstagram.com/v/t51.82787-15/786853630_18374942971237813_3112147777905981087_n.jpg?stp=dst-jpg_e35_tt6&_nc_cat=107&ig_cache_key=Mzk3Mzk3Nzc3OTE1MzU1MzcyNQ%3D%3D.3-ccb7-5&ccb=7-5&_nc_sid=58cdad&efg=eyJ2ZW5jb2RlX3RhZyI6IkNBUk9VU0VMX0lURU0ueHBpZHMuMTA4MC5zZHIucmVndWxhcl9waG90by5DMyJ9&_nc_ohc=X2aB_pDnUvgQ7kNvwG5Ndm-&_nc_oc=AdrrSTj5cOT7BIIYwW5EHf_ZZZqIvGhJ1xKMKicY8f6hnWcKI_7Lzhg16iDRIRHiMMY&_nc_ad=z-m&_nc_cid=0&_nc_zt=23&_nc_ht=scontent-mxp1-1.cdninstagram.com&_nc_gid=2W0u87jjP_IT_10skYXvyg&_nc_ss=7a22e&oh=00_AQLoiEIwCvge0bQj3hGXwIYzY_SkvVpwOmce-7toSMYXdg&oe=6A98C764,https://www.instagram.com/p/DcmZ8cDD400/
Supermercado São Pedro,Carnes / Aves,Coxinha da Asa Sadia 1kg,14.49,25/08/2026,https://instagram.fmad22-1.fna.fbcdn.net/v/t39.30808-6/784428542_1503489418490841_697405957732902936_n.jpg?stp=dst-jpg_e35_tt6&_nc_cat=102&ig_cache_key=Mzk3MTgyNzk2NDE0ODc5MzU5NA%3D%3D.3-ccb7-5&ccb=7-5&_nc_sid=58cdad&efg=eyJ2ZW5jb2RlX3RhZyI6IkZFRUQueHBpZHMuMTYzOS5zZHIucmVndWxhcl9waG90by5DMyJ9&_nc_ohc=lahhkTUGus0Q7kNvwEPirOL&_nc_oc=AdqpeyI16SBvSjm_RRusxOtjQaLVpVKPrREy8i6sAmvam1LEqfV6baN8wn4vmZPYnhQ&_nc_ad=z-m&_nc_cid=0&_nc_zt=23&_nc_ht=instagram.fmad22-1.fna&_nc_gid=KgQw-8ZsO-U6N3r5I3NZCQ&_nc_ss=7a22e&oh=00_AQKOPw9Gdb00qehg5jTRevMxa22Fyc6s6iHjnqSZ5rUqTw&oe=6A98C9BA,https://www.instagram.com/p/DcexH1gDUD6/
Machadão Atacadista,Carnes / Aves,Peito de Frango Seara kg,14.99,29/08/2026,https://instagram.fybz1-1.fna.fbcdn.net/v/t39.30808-6/787818744_1361482319405059_5266910483239539320_n.jpg?stp=dst-jpg_e35_tt6&_nc_cat=100&ig_cache_key=Mzk3NDAzMjYxNjU3OTY3NTg2OA%3D%3D.3-ccb7-5&ccb=7-5&_nc_sid=58cdad&efg=eyJ2ZW5jb2RlX3RhZyI6IkZFRUQueHBpZHMuMTYzOC5zZHIucmVndWxhcl9waG90by5DMyJ9&_nc_ohc=oI3zhpduiF0Q7kNvwF_0GwG&_nc_oc=AdqaKJ_wrh_49d5R2jrb9GklZeP564UPwDyLz5XuHHN4z-sGpH1zbMzRzbtGuB8XHE_iMycJC2Zx70C81i0eXSYi&_nc_ad=z-m&_nc_cid=0&_nc_zt=23&_nc_ht=instagram.fybz1-1.fna&_nc_gid=2C3jxZvv_-YuGtRxv5jgYA&_nc_ss=7a22e&oh=00_AQKAQKg5om1JD7yvnSedyRicgpeNwhyLRN-7mMwbjGbxGg&oe=6A98D529,https://www.instagram.com/p/DcmmZwFDDbc/
Supermercado São Pedro,Carnes / Aves,Filé de Peito de Frango Sassami Sadia 1kg,15.99,27/08/2026,https://instagram.fsvq6-1.fna.fbcdn.net/v/t39.30808-6/785993166_1505168978322885_7442982966970505933_n.jpg?stp=c0.0.1638.2048a_dst-jpg_e35_s1638x2048_tt6&_nc_cat=110&ig_cache_key=Mzk3MzI3Njk2ODM0NzI3MzQzNQ%3D%3D.3-ccb7-5&ccb=7-5&_nc_sid=58cdad&efg=eyJ2ZW5jb2RlX3RhZyI6IkNBUk9VU0VMX0lURU0ueHBpZHMuMTYzOS5zZHIucmVndWxhcl9waG90by5DMyJ9&_nc_ohc=5-K7ePTTbO0Q7kNvwGugHFY&_nc_oc=Adq2UKUEN2T-7eIJk1jeY1fGqou70XnfCk5jwyU478sUI8bIkfn7VJwfaS_B6BP0MWQ&_nc_ad=z-m&_nc_cid=3033&_nc_zt=23&_nc_ht=instagram.fsvq6-1.fna&_nc_gid=cr2BBsXJ9hal_kRAgWsMyQ&_nc_ss=7a22e&oh=00_AQKLDjrGoatKwTmVcs4BpPH_355fOHn_yz5gY9ivVHnNng&oe=6A98D20E,https://www.instagram.com/p/Dcj6lyLlKpL/
Super Compras Supermercado,Carnes / Aves,Filé de Sassami de Frango kg,15.99,29/08/2026,https://scontent-itm1-1.cdninstagram.com/v/t51.82787-15/787666404_18192892456391764_5631571009347207340_n.jpg?stp=dst-jpg_e35_tt6&_nc_cat=107&ig_cache_key=Mzk3NDAxMjM2OTYxNzUwODE0Ng%3D%3D.3-ccb7-5&ccb=7-5&_nc_sid=58cdad&efg=eyJ2ZW5jb2RlX3RhZyI6IkNBUk9VU0VMX0lURU0ueHBpZHMuMTQ0MC5zZHIucmVndWxhcl9waG90by5DMyJ9&_nc_ohc=YdVhHFKNO3AQ7kNvwEMw_zZ&_nc_oc=Adr6pEQrESlOeo-VI4Ly_S02Lb9McU7aTjerac7tHTo0E_s6gxJOr_o55HkRUT7eYDYCCvqBNEjduijC7hhnB1O4&_nc_ad=z-m&_nc_cid=0&_nc_zt=23&_nc_ht=scontent-itm1-1.cdninstagram.com&_nc_gid=ATf4ZhlWvUf1BbIXiW6T_A&_nc_ss=7a22e&oh=00_AQIEFc3MYwXb0mzk9pTuNYv4CGlZrW5YWQjNj1z1-WOW-w&oe=6A98C89A,https://www.instagram.com/p/DcmhzwZjQj_/
Supermercado São Pedro,Carnes / Aves,Filé de Peito de Frango kg,16.49,24/08/2026,https://instagram.fgdl5-4.fna.fbcdn.net/v/t51.82787-15/779866028_18195137623382122_1225681475285530325_n.jpg?stp=dst-jpg_e35_tt6&_nc_cat=104&ig_cache_key=Mzk3MDg5NTAzMjEwMDYxNzYxMA%3D%3D.3-ccb7-5&ccb=7-5&_nc_sid=58cdad&efg=eyJ2ZW5jb2RlX3RhZyI6IkZFRUQueHBpZHMuMzI0OC5zZHIucmVndWxhcl9waG90by5DMyJ9&_nc_ohc=40xkhSQE8g4Q7kNvwFSGxUY&_nc_oc=AdovFS10IsnDXKAMSYwnp_WXfI9PRiJOBhC4n1z4BghY6_ZjLBn0repOFgDnerrXtx8&_nc_ad=z-m&_nc_cid=0&_nc_zt=23&_nc_ht=instagram.fgdl5-4.fna&_nc_gid=YF-RWgFzODMUlna71aapxw&_nc_ss=7a22e&oh=00_AQKo_RiK7X9YM4BR63VAs8OGf-V1J64MiSbc98rtwGu63Q&oe=6A98DA61,https://www.instagram.com/p/Dcbc_40uH2K/
Supermercado São Pedro,Carnes / Aves,Meio das Asas kg,24.99,28/08/2026,https://scontent-waw2-2.cdninstagram.com/v/t51.82787-15/787853786_18195711469382122_4084613579796731411_n.jpg?stp=dst-jpg_e35_tt6&_nc_cat=101&ig_cache_key=Mzk3MzY3MjU2ODk4MzkzOTE2MQ%3D%3D.3-ccb7-5&ccb=7-5&_nc_sid=58cdad&efg=eyJ2ZW5jb2RlX3RhZyI6IkNBUk9VU0VMX0lURU0ueHBpZHMuMTA4MS5zZHIucmVndWxhcl9waG90by5DMyJ9&_nc_ohc=mrOwFRh3sK8Q7kNvwFEWtES&_nc_oc=AdrwqSALs5DXyvTcFVMtuHF5H5JpFSC_oGr6BJ36Qg2wD-VFA7d0EQphPDDeeg3NqEA&_nc_ad=z-m&_nc_cid=1479&_nc_zt=23&_nc_ht=scontent-waw2-2.cdninstagram.com&_nc_gid=KF1k9W2wUwOlXi1LVTyTGw&_nc_ss=7a22e&oh=00_AQLyU02laXnFQkbRy5Q7FSPWXTxiSDQXDqQJEydaFQsyBw&oe=6A98AE87,https://www.instagram.com/p/DclUqI1G7TG/
Supermercado São Pedro,Carnes / Bovina,Paleta Suína kg,8.98,25/08/2026,https://instagram.fmad22-1.fna.fbcdn.net/v/t39.30808-6/784428542_1503489418490841_697405957732902936_n.jpg?stp=dst-jpg_e35_tt6&_nc_cat=102&ig_cache_key=Mzk3MTgyNzk2NDE0ODc5MzU5NA%3D%3D.3-ccb7-5&ccb=7-5&_nc_sid=58cdad&efg=eyJ2ZW5jb2RlX3RhZyI6IkZFRUQueHBpZHMuMTYzOS5zZHIucmVndWxhcl9waG90by5DMyJ9&_nc_ohc=lahhkTUGus0Q7kNvwEPirOL&_nc_oc=AdqpeyI16SBvSjm_RRusxOtjQaLVpVKPrREy8i6sAmvam1LEqfV6baN8wn4vmZPYnhQ&_nc_ad=z-m&_nc_cid=0&_nc_zt=23&_nc_ht=instagram.fmad22-1.fna&_nc_gid=KgQw-8ZsO-U6N3r5I3NZCQ&_nc_ss=7a22e&oh=00_AQKOPw9Gdb00qehg5jTRevMxa22Fyc6s6iHjnqSZ5rUqTw&oe=6A98C9BA,https://www.instagram.com/p/DcexH1gDUD6/
Super Compras Supermercado,Carnes / Bovina,Paleta Suína kg,9.99,29/08/2026,https://scontent-itm1-1.cdninstagram.com/v/t51.82787-15/787666404_18192892456391764_5631571009347207340_n.jpg?stp=dst-jpg_e35_tt6&_nc_cat=107&ig_cache_key=Mzk3NDAxMjM2OTYxNzUwODE0Ng%3D%3D.3-ccb7-5&ccb=7-5&_nc_sid=58cdad&efg=eyJ2ZW5jb2RlX3RhZyI6IkNBUk9VU0VMX0lURU0ueHBpZHMuMTQ0MC5zZHIucmVndWxhcl9waG90by5DMyJ9&_nc_ohc=YdVhHFKNO3AQ7kNvwEMw_zZ&_nc_oc=Adr6pEQrESlOeo-VI4Ly_S02Lb9McU7aTjerac7tHTo0E_s6gxJOr_o55HkRUT7eYDYCCvqBNEjduijC7hhnB1O4&_nc_ad=z-m&_nc_cid=0&_nc_zt=23&_nc_ht=scontent-itm1-1.cdninstagram.com&_nc_gid=ATf4ZhlWvUf1BbIXiW6T_A&_nc_ss=7a22e&oh=00_AQIEFc3MYwXb0mzk9pTuNYv4CGlZrW5YWQjNj1z1-WOW-w&oe=6A98C89A,https://www.instagram.com/p/DcmhzwZjQj_/
Bom Jesus Primavera do Leste 🛒,Carnes / Bovina,Pernil e Paleta Suína Frigorífico Ochove kg,9.99,26/08/2026,https://instagram.flhr10-1.fna.fbcdn.net/v/t51.82787-15/786656678_18374533654237813_1357775697752571265_n.jpg?stp=dst-jpg_e35_tt6&_nc_cat=102&ig_cache_key=Mzk3MjE2ODE2MTUzODk3MjI2NA%3D%3D.3-ccb7-5&ccb=7-5&_nc_sid=58cdad&efg=eyJ2ZW5jb2RlX3RhZyI6IkNBUk9VU0VMX0lURU0ueHBpZHMuMTA4MC5zZHIucmVndWxhcl9waG90by5DMyJ9&_nc_ohc=E3K-BzvU7NkQ7kNvwEF2DBL&_nc_oc=Adpa6sD5wURwQ10vZDPbVKJ1UgK7CVBkL_E6LtJhapJKl7QK9b8ciWVlx9mHqpHER-U&_nc_ad=z-m&_nc_cid=0&_nc_zt=23&_nc_ht=instagram.flhr10-1.fna&_nc_gid=zZwwF9XOJx5iVW3BBbpKDA&_nc_ss=7a22e&oh=00_AQKKlvXoExU1xltCGX7Y5bXWaNTJAO7LXVt5O2C-S_ZB_Q&oe=6A98D165,https://www.instagram.com/p/Dcf-fgoloPJ/
Bom Jesus Primavera do Leste 🛒,Carnes / Bovina,Bisteca Suína Excelência kg,12.99,26/08/2026,https://instagram.flhr10-1.fna.fbcdn.net/v/t51.82787-15/786656678_18374533654237813_1357775697752571265_n.jpg?stp=dst-jpg_e35_tt6&_nc_cat=102&ig_cache_key=Mzk3MjE2ODE2MTUzODk3MjI2NA%3D%3D.3-ccb7-5&ccb=7-5&_nc_sid=58cdad&efg=eyJ2ZW5jb2RlX3RhZyI6IkNBUk9VU0VMX0lURU0ueHBpZHMuMTA4MC5zZHIucmVndWxhcl9waG90by5DMyJ9&_nc_ohc=E3K-BzvU7NkQ7kNvwEF2DBL&_nc_oc=Adpa6sD5wURwQ10vZDPbVKJ1UgK7CVBkL_E6LtJhapJKl7QK9b8ciWVlx9mHqpHER-U&_nc_ad=z-m&_nc_cid=0&_nc_zt=23&_nc_ht=instagram.flhr10-1.fna&_nc_gid=zZwwF9XOJx5iVW3BBbpKDA&_nc_ss=7a22e&oh=00_AQKKlvXoExU1xltCGX7Y5bXWaNTJAO7LXVt5O2C-S_ZB_Q&oe=6A98D165,https://www.instagram.com/p/Dcf-fgoloPJ/
Bom Jesus Primavera do Leste 🛒,Carnes / Bovina,Bisteca Suína Excelência kg,12.99,28/08/2026,https://scontent-mxp1-1.cdninstagram.com/v/t51.82787-15/786853630_18374942971237813_3112147777905981087_n.jpg?stp=dst-jpg_e35_tt6&_nc_cat=107&ig_cache_key=Mzk3Mzk3Nzc3OTE1MzU1MzcyNQ%3D%3D.3-ccb7-5&ccb=7-5&_nc_sid=58cdad&efg=eyJ2ZW5jb2RlX3RhZyI6IkNBUk9VU0VMX0lURU0ueHBpZHMuMTA4MC5zZHIucmVndWxhcl9waG90by5DMyJ9&_nc_ohc=X2aB_pDnUvgQ7kNvwG5Ndm-&_nc_oc=AdrrSTj5cOT7BIIYwW5EHf_ZZZqIvGhJ1xKMKicY8f6hnWcKI_7Lzhg16iDRIRHiMMY&_nc_ad=z-m&_nc_cid=0&_nc_zt=23&_nc_ht=scontent-mxp1-1.cdninstagram.com&_nc_gid=2W0u87jjP_IT_10skYXvyg&_nc_ss=7a22e&oh=00_AQLoiEIwCvge0bQj3hGXwIYzY_SkvVpwOmce-7toSMYXdg&oe=6A98C764,https://www.instagram.com/p/DcmZ8cDD400/
Supermercado Tuiuiú,Carnes / Bovina,Costela Suína kg,15.99,28/08/2026,https://instagram.fyhu2-1.fna.fbcdn.net/v/t39.30808-6/784232177_1720016766798808_2199971508535547197_n.jpg?stp=dst-jpg_e35_tt6&_nc_cat=111&ig_cache_key=Mzk3MzM0Mjg3OTgyMjMyNDE3Mg%3D%3D.3-ccb7-5&ccb=7-5&_nc_sid=58cdad&efg=eyJ2ZW5jb2RlX3RhZyI6IkNBUk9VU0VMX0lURU0ueHBpZHMuMTI1NC5zZHIucmVndWxhcl9waG90by5DMyJ9&_nc_ohc=p0-_YO7HB9IQ7kNvwHS14xs&_nc_oc=AdqIojSI8l72UZDbSZUQpciL4ZheEieAKgtgXp92nzQr0hB6cIoyQnepuTCMRigFmjA_gb023TMf-aYws_nWI-jd&_nc_ad=z-m&_nc_cid=0&_nc_zt=23&_nc_ht=instagram.fyhu2-1.fna&_nc_gid=8hRfZTGV61lKPZlNYQ9LfQ&_nc_ss=7a22e&oh=00_AQKjSKDZrPiNRDaZYCHAsti-4vfy8OkbygmNAbSdii7AMA&oe=6A98B8E4,https://www.instagram.com/p/DckJlYyI3Tu/
Super Compras Supermercado,Carnes / Bovina,Costela Suína kg,17.99,29/08/2026,https://scontent-itm1-1.cdninstagram.com/v/t51.82787-15/787666404_18192892456391764_5631571009347207340_n.jpg?stp=dst-jpg_e35_tt6&_nc_cat=107&ig_cache_key=Mzk3NDAxMjM2OTYxNzUwODE0Ng%3D%3D.3-ccb7-5&ccb=7-5&_nc_sid=58cdad&efg=eyJ2ZW5jb2RlX3RhZyI6IkNBUk9VU0VMX0lURU0ueHBpZHMuMTQ0MC5zZHIucmVndWxhcl9waG90by5DMyJ9&_nc_ohc=YdVhHFKNO3AQ7kNvwEMw_zZ&_nc_oc=Adr6pEQrESlOeo-VI4Ly_S02Lb9McU7aTjerac7tHTo0E_s6gxJOr_o55HkRUT7eYDYCCvqBNEjduijC7hhnB1O4&_nc_ad=z-m&_nc_cid=0&_nc_zt=23&_nc_ht=scontent-itm1-1.cdninstagram.com&_nc_gid=ATf4ZhlWvUf1BbIXiW6T_A&_nc_ss=7a22e&oh=00_AQIEFc3MYwXb0mzk9pTuNYv4CGlZrW5YWQjNj1z1-WOW-w&oe=6A98C89A,https://www.instagram.com/p/DcmhzwZjQj_/
Bom Jesus Primavera do Leste 🛒,Carnes / Bovina,Costela Suína Excelência kg,17.99,28/08/2026,https://scontent-mxp1-1.cdninstagram.com/v/t51.82787-15/786853630_18374942971237813_3112147777905981087_n.jpg?stp=dst-jpg_e35_tt6&_nc_cat=107&ig_cache_key=Mzk3Mzk3Nzc3OTE1MzU1MzcyNQ%3D%3D.3-ccb7-5&ccb=7-5&_nc_sid=58cdad&efg=eyJ2ZW5jb2RlX3RhZyI6IkNBUk9VU0VMX0lURU0ueHBpZHMuMTA4MC5zZHIucmVndWxhcl9waG90by5DMyJ9&_nc_ohc=X2aB_pDnUvgQ7kNvwG5Ndm-&_nc_oc=AdrrSTj5cOT7BIIYwW5EHf_ZZZqIvGhJ1xKMKicY8f6hnWcKI_7Lzhg16iDRIRHiMMY&_nc_ad=z-m&_nc_cid=0&_nc_zt=23&_nc_ht=scontent-mxp1-1.cdninstagram.com&_nc_gid=2W0u87jjP_IT_10skYXvyg&_nc_ss=7a22e&oh=00_AQLoiEIwCvge0bQj3hGXwIYzY_SkvVpwOmce-7toSMYXdg&oe=6A98C764,https://www.instagram.com/p/DcmZ8cDD400/
Supermercado Tuiuiú,Carnes / Bovina,Costela Fina Bovina kg,18.99,28/08/2026,https://instagram.fyhu2-1.fna.fbcdn.net/v/t39.30808-6/784232177_1720016766798808_2199971508535547197_n.jpg?stp=dst-jpg_e35_tt6&_nc_cat=111&ig_cache_key=Mzk3MzM0Mjg3OTgyMjMyNDE3Mg%3D%3D.3-ccb7-5&ccb=7-5&_nc_sid=58cdad&efg=eyJ2ZW5jb2RlX3RhZyI6IkNBUk9VU0VMX0lURU0ueHBpZHMuMTI1NC5zZHIucmVndWxhcl9waG90by5DMyJ9&_nc_ohc=p0-_YO7HB9IQ7kNvwHS14xs&_nc_oc=AdqIojSI8l72UZDbSZUQpciL4ZheEieAKgtgXp92nzQr0hB6cIoyQnepuTCMRigFmjA_gb023TMf-aYws_nWI-jd&_nc_ad=z-m&_nc_cid=0&_nc_zt=23&_nc_ht=instagram.fyhu2-1.fna&_nc_gid=8hRfZTGV61lKPZlNYQ9LfQ&_nc_ss=7a22e&oh=00_AQKjSKDZrPiNRDaZYCHAsti-4vfy8OkbygmNAbSdii7AMA&oe=6A98B8E4,https://www.instagram.com/p/DckJlYyI3Tu/
Supermercado Tuiuiú,Carnes / Bovina,Costela Grossa Bovina kg,18.99,28/08/2026,https://instagram.fyhu2-1.fna.fbcdn.net/v/t39.30808-6/784232177_1720016766798808_2199971508535547197_n.jpg?stp=dst-jpg_e35_tt6&_nc_cat=111&ig_cache_key=Mzk3MzM0Mjg3OTgyMjMyNDE3Mg%3D%3D.3-ccb7-5&ccb=7-5&_nc_sid=58cdad&efg=eyJ2ZW5jb2RlX3RhZyI6IkNBUk9VU0VMX0lURU0ueHBpZHMuMTI1NC5zZHIucmVndWxhcl9waG90by5DMyJ9&_nc_ohc=p0-_YO7HB9IQ7kNvwHS14xs&_nc_oc=AdqIojSI8l72UZDbSZUQpciL4ZheEieAKgtgXp92nzQr0hB6cIoyQnepuTCMRigFmjA_gb023TMf-aYws_nWI-jd&_nc_ad=z-m&_nc_cid=0&_nc_zt=23&_nc_ht=instagram.fyhu2-1.fna&_nc_gid=8hRfZTGV61lKPZlNYQ9LfQ&_nc_ss=7a22e&oh=00_AQKjSKDZrPiNRDaZYCHAsti-4vfy8OkbygmNAbSdii7AMA&oe=6A98B8E4,https://www.instagram.com/p/DckJlYyI3Tu/
Super Compras Supermercado,Carnes / Bovina,Costela Bovina kg,21.99,29/08/2026,https://scontent-itm1-1.cdninstagram.com/v/t51.82787-15/787743920_18192892438391764_3005082908538598587_n.jpg?stp=dst-jpg_e35_tt6&_nc_cat=110&ig_cache_key=Mzk3NDAxMjMzNjQ5MTI3ODEzMg%3D%3D.3-ccb7-5&ccb=7-5&_nc_sid=58cdad&efg=eyJ2ZW5jb2RlX3RhZyI6IkNBUk9VU0VMX0lURU0ueHBpZHMuMTQ0MC5zZHIucmVndWxhcl9waG90by5DMyJ9&_nc_ohc=jo3tVs9LzLkQ7kNvwEEXhXu&_nc_oc=AdoWdKPC5-PErszL1TO6jMbufuXrXvUdptAb3NLGnkDmhMOTrKx5VkGvRX58LrbvGBptdadpd7zG9en7536FmFhn&_nc_ad=z-m&_nc_cid=0&_nc_zt=23&_nc_ht=scontent-itm1-1.cdninstagram.com&_nc_gid=ATf4ZhlWvUf1BbIXiW6T_A&_nc_ss=7a22e&oh=00_AQLH-x_TU2iikLIhOJkObAYenYEWIoVc9Ucuhu9yIBlZEQ&oe=6A98CD3B,https://www.instagram.com/p/DcmhzwZjQj_/
Bom Jesus Primavera do Leste 🛒,Carnes / Bovina,Acém e Músculo com Osso Sulbeef kg,21.99,26/08/2026,https://instagram.flhr10-2.fna.fbcdn.net/v/t51.82787-15/786837850_18374533663237813_2968687181146751427_n.jpg?stp=dst-jpg_e35_tt6&_nc_cat=100&ig_cache_key=Mzk3MjE2ODE2MTY3MzMwMjgxMg%3D%3D.3-ccb7-5&ccb=7-5&_nc_sid=58cdad&efg=eyJ2ZW5jb2RlX3RhZyI6IkNBUk9VU0VMX0lURU0ueHBpZHMuMTA4MC5zZHIucmVndWxhcl9waG90by5DMyJ9&_nc_ohc=SYZyJZ31VbUQ7kNvwH1f0Gv&_nc_oc=AdodG4pGlLWIsH-Nt4l1a7QlhN024nYp1bvU0p4drJSLa3SZmhDHMfUn7SF8__gEHYo&_nc_ad=z-m&_nc_cid=0&_nc_zt=23&_nc_ht=instagram.flhr10-2.fna&_nc_gid=zZwwF9XOJx5iVW3BBbpKDA&_nc_ss=7a22e&oh=00_AQKadpLOoIxg1T4LCTZ_r0A873l3383EvUrINYp1fIOViQ&oe=6A98DB8B,https://www.instagram.com/p/Dcf-fgoloPJ/
Supermercado São Pedro,Carnes / Bovina,Carne Moída kg,22.99,24/08/2026,https://instagram.fgdl5-4.fna.fbcdn.net/v/t51.82787-15/779866028_18195137623382122_1225681475285530325_n.jpg?stp=dst-jpg_e35_tt6&_nc_cat=104&ig_cache_key=Mzk3MDg5NTAzMjEwMDYxNzYxMA%3D%3D.3-ccb7-5&ccb=7-5&_nc_sid=58cdad&efg=eyJ2ZW5jb2RlX3RhZyI6IkZFRUQueHBpZHMuMzI0OC5zZHIucmVndWxhcl9waG90by5DMyJ9&_nc_ohc=40xkhSQE8g4Q7kNvwFSGxUY&_nc_oc=AdovFS10IsnDXKAMSYwnp_WXfI9PRiJOBhC4n1z4BghY6_ZjLBn0repOFgDnerrXtx8&_nc_ad=z-m&_nc_cid=0&_nc_zt=23&_nc_ht=instagram.fgdl5-4.fna&_nc_gid=YF-RWgFzODMUlna71aapxw&_nc_ss=7a22e&oh=00_AQKo_RiK7X9YM4BR63VAs8OGf-V1J64MiSbc98rtwGu63Q&oe=6A98DA61,https://www.instagram.com/p/Dcbc_40uH2K/
Supermercado São Pedro,Carnes / Bovina,Costela Suína kg,22.99,28/08/2026,https://scontent-waw2-2.cdninstagram.com/v/t51.82787-15/787853786_18195711469382122_4084613579796731411_n.jpg?stp=dst-jpg_e35_tt6&_nc_cat=101&ig_cache_key=Mzk3MzY3MjU2ODk4MzkzOTE2MQ%3D%3D.3-ccb7-5&ccb=7-5&_nc_sid=58cdad&efg=eyJ2ZW5jb2RlX3RhZyI6IkNBUk9VU0VMX0lURU0ueHBpZHMuMTA4MS5zZHIucmVndWxhcl9waG90by5DMyJ9&_nc_ohc=mrOwFRh3sK8Q7kNvwFEWtES&_nc_oc=AdrwqSALs5DXyvTcFVMtuHF5H5JpFSC_oGr6BJ36Qg2wD-VFA7d0EQphPDDeeg3NqEA&_nc_ad=z-m&_nc_cid=1479&_nc_zt=23&_nc_ht=scontent-waw2-2.cdninstagram.com&_nc_gid=KF1k9W2wUwOlXi1LVTyTGw&_nc_ss=7a22e&oh=00_AQLyU02laXnFQkbRy5Q7FSPWXTxiSDQXDqQJEydaFQsyBw&oe=6A98AE87,https://www.instagram.com/p/DclUqI1G7TG/
Supermercado São Pedro,Carnes / Bovina,Acém Bovino com Osso kg,23.48,25/08/2026,https://instagram.fmad22-1.fna.fbcdn.net/v/t39.30808-6/784428542_1503489418490841_697405957732902936_n.jpg?stp=dst-jpg_e35_tt6&_nc_cat=102&ig_cache_key=Mzk3MTgyNzk2NDE0ODc5MzU5NA%3D%3D.3-ccb7-5&ccb=7-5&_nc_sid=58cdad&efg=eyJ2ZW5jb2RlX3RhZyI6IkZFRUQueHBpZHMuMTYzOS5zZHIucmVndWxhcl9waG90by5DMyJ9&_nc_ohc=lahhkTUGus0Q7kNvwEPirOL&_nc_oc=AdqpeyI16SBvSjm_RRusxOtjQaLVpVKPrREy8i6sAmvam1LEqfV6baN8wn4vmZPYnhQ&_nc_ad=z-m&_nc_cid=0&_nc_zt=23&_nc_ht=instagram.fmad22-1.fna&_nc_gid=KgQw-8ZsO-U6N3r5I3NZCQ&_nc_ss=7a22e&oh=00_AQKOPw9Gdb00qehg5jTRevMxa22Fyc6s6iHjnqSZ5rUqTw&oe=6A98C9BA,https://www.instagram.com/p/DcexH1gDUD6/
Supermercado São Pedro,Carnes / Bovina,Paleta Bovina com Osso kg,24.48,25/08/2026,https://instagram.fmad22-1.fna.fbcdn.net/v/t39.30808-6/784428542_1503489418490841_697405957732902936_n.jpg?stp=dst-jpg_e35_tt6&_nc_cat=102&ig_cache_key=Mzk3MTgyNzk2NDE0ODc5MzU5NA%3D%3D.3-ccb7-5&ccb=7-5&_nc_sid=58cdad&efg=eyJ2ZW5jb2RlX3RhZyI6IkZFRUQueHBpZHMuMTYzOS5zZHIucmVndWxhcl9waG90by5DMyJ9&_nc_ohc=lahhkTUGus0Q7kNvwEPirOL&_nc_oc=AdqpeyI16SBvSjm_RRusxOtjQaLVpVKPrREy8i6sAmvam1LEqfV6baN8wn4vmZPYnhQ&_nc_ad=z-m&_nc_cid=0&_nc_zt=23&_nc_ht=instagram.fmad22-1.fna&_nc_gid=KgQw-8ZsO-U6N3r5I3NZCQ&_nc_ss=7a22e&oh=00_AQKOPw9Gdb00qehg5jTRevMxa22Fyc6s6iHjnqSZ5rUqTw&oe=6A98C9BA,https://www.instagram.com/p/DcexH1gDUD6/
Supermercado São Pedro,Carnes / Bovina,Costela Bovina kg,24.99,24/08/2026,https://instagram.fgdl5-4.fna.fbcdn.net/v/t51.82787-15/779866028_18195137623382122_1225681475285530325_n.jpg?stp=dst-jpg_e35_tt6&_nc_cat=104&ig_cache_key=Mzk3MDg5NTAzMjEwMDYxNzYxMA%3D%3D.3-ccb7-5&ccb=7-5&_nc_sid=58cdad&efg=eyJ2ZW5jb2RlX3RhZyI6IkZFRUQueHBpZHMuMzI0OC5zZHIucmVndWxhcl9waG90by5DMyJ9&_nc_ohc=40xkhSQE8g4Q7kNvwFSGxUY&_nc_oc=AdovFS10IsnDXKAMSYwnp_WXfI9PRiJOBhC4n1z4BghY6_ZjLBn0repOFgDnerrXtx8&_nc_ad=z-m&_nc_cid=0&_nc_zt=23&_nc_ht=instagram.fgdl5-4.fna&_nc_gid=YF-RWgFzODMUlna71aapxw&_nc_ss=7a22e&oh=00_AQKo_RiK7X9YM4BR63VAs8OGf-V1J64MiSbc98rtwGu63Q&oe=6A98DA61,https://www.instagram.com/p/Dcbc_40uH2K/
Supermercado São Pedro,Carnes / Bovina,Costela Bovina kg,24.99,27/08/2026,https://instagram.fsvq6-1.fna.fbcdn.net/v/t39.30808-6/785993166_1505168978322885_7442982966970505933_n.jpg?stp=c0.0.1638.2048a_dst-jpg_e35_s1638x2048_tt6&_nc_cat=110&ig_cache_key=Mzk3MzI3Njk2ODM0NzI3MzQzNQ%3D%3D.3-ccb7-5&ccb=7-5&_nc_sid=58cdad&efg=eyJ2ZW5jb2RlX3RhZyI6IkNBUk9VU0VMX0lURU0ueHBpZHMuMTYzOS5zZHIucmVndWxhcl9waG90by5DMyJ9&_nc_ohc=5-K7ePTTbO0Q7kNvwGugHFY&_nc_oc=Adq2UKUEN2T-7eIJk1jeY1fGqou70XnfCk5jwyU478sUI8bIkfn7VJwfaS_B6BP0MWQ&_nc_ad=z-m&_nc_cid=3033&_nc_zt=23&_nc_ht=instagram.fsvq6-1.fna&_nc_gid=cr2BBsXJ9hal_kRAgWsMyQ&_nc_ss=7a22e&oh=00_AQKLDjrGoatKwTmVcs4BpPH_355fOHn_yz5gY9ivVHnNng&oe=6A98D20E,https://www.instagram.com/p/Dcj6lyLlKpL/
Supermercado Tuiuiú,Carnes / Bovina,Corte Grill kg,27.99,28/08/2026,https://instagram.fymq2-1.fna.fbcdn.net/v/t39.30808-6/784321179_1720016750132143_1243001508239248716_n.jpg?stp=dst-jpg_e35_tt6&_nc_cat=109&ig_cache_key=Mzk3MzM0Mjg4MDE3NDY4MTI1NA%3D%3D.3-ccb7-5&ccb=7-5&_nc_sid=58cdad&efg=eyJ2ZW5jb2RlX3RhZyI6IkNBUk9VU0VMX0lURU0ueHBpZHMuMTI1NC5zZHIucmVndWxhcl9waG90by5DMiJ9&_nc_ohc=uLCBohPgPQYQ7kNvwHoatih&_nc_oc=AdpBgpZ_6yCjY5d5_bo79t0YSbu4giRTNnS25GmuNVLwqusUKXfcUhp-zRQRM0wmLzD5xdlc2ROkQlttMluSiK2Y&_nc_ad=z-m&_nc_cid=0&_nc_zt=23&_nc_ht=instagram.fymq2-1.fna&_nc_gid=8hRfZTGV61lKPZlNYQ9LfQ&_nc_ss=7a22e&oh=00_AQIYvJWz74DKBggaG5Es24bE9tu6BlVVt5n5sC4VU_W6wA&oe=6A98CB59,https://www.instagram.com/p/DckJlYyI3Tu/
Supermercado Tuiuiú,Carnes / Bovina,Corte Americano kg,27.99,28/08/2026,https://instagram.fymq2-1.fna.fbcdn.net/v/t39.30808-6/784321179_1720016750132143_1243001508239248716_n.jpg?stp=dst-jpg_e35_tt6&_nc_cat=109&ig_cache_key=Mzk3MzM0Mjg4MDE3NDY4MTI1NA%3D%3D.3-ccb7-5&ccb=7-5&_nc_sid=58cdad&efg=eyJ2ZW5jb2RlX3RhZyI6IkNBUk9VU0VMX0lURU0ueHBpZHMuMTI1NC5zZHIucmVndWxhcl9waG90by5DMiJ9&_nc_ohc=uLCBohPgPQYQ7kNvwHoatih&_nc_oc=AdpBgpZ_6yCjY5d5_bo79t0YSbu4giRTNnS25GmuNVLwqusUKXfcUhp-zRQRM0wmLzD5xdlc2ROkQlttMluSiK2Y&_nc_ad=z-m&_nc_cid=0&_nc_zt=23&_nc_ht=instagram.fymq2-1.fna&_nc_gid=8hRfZTGV61lKPZlNYQ9LfQ&_nc_ss=7a22e&oh=00_AQIYvJWz74DKBggaG5Es24bE9tu6BlVVt5n5sC4VU_W6wA&oe=6A98CB59,https://www.instagram.com/p/DckJlYyI3Tu/
Supermercado São Pedro,Carnes / Bovina,Costela Bovina kg,29.99,28/08/2026,https://scontent-waw2-2.cdninstagram.com/v/t51.82787-15/787853786_18195711469382122_4084613579796731411_n.jpg?stp=dst-jpg_e35_tt6&_nc_cat=101&ig_cache_key=Mzk3MzY3MjU2ODk4MzkzOTE2MQ%3D%3D.3-ccb7-5&ccb=7-5&_nc_sid=58cdad&efg=eyJ2ZW5jb2RlX3RhZyI6IkNBUk9VU0VMX0lURU0ueHBpZHMuMTA4MS5zZHIucmVndWxhcl9waG90by5DMyJ9&_nc_ohc=mrOwFRh3sK8Q7kNvwFEWtES&_nc_oc=AdrwqSALs5DXyvTcFVMtuHF5H5JpFSC_oGr6BJ36Qg2wD-VFA7d0EQphPDDeeg3NqEA&_nc_ad=z-m&_nc_cid=1479&_nc_zt=23&_nc_ht=scontent-waw2-2.cdninstagram.com&_nc_gid=KF1k9W2wUwOlXi1LVTyTGw&_nc_ss=7a22e&oh=00_AQLyU02laXnFQkbRy5Q7FSPWXTxiSDQXDqQJEydaFQsyBw&oe=6A98AE87,https://www.instagram.com/p/DclUqI1G7TG/
Bom Jesus Primavera do Leste 🛒,Carnes / Bovina,Capa de Contra Filé Sulbeef kg,32.99,26/08/2026,https://instagram.flhr10-2.fna.fbcdn.net/v/t51.82787-15/786837850_18374533663237813_2968687181146751427_n.jpg?stp=dst-jpg_e35_tt6&_nc_cat=100&ig_cache_key=Mzk3MjE2ODE2MTY3MzMwMjgxMg%3D%3D.3-ccb7-5&ccb=7-5&_nc_sid=58cdad&efg=eyJ2ZW5jb2RlX3RhZyI6IkNBUk9VU0VMX0lURU0ueHBpZHMuMTA4MC5zZHIucmVndWxhcl9waG90by5DMyJ9&_nc_ohc=SYZyJZ31VbUQ7kNvwH1f0Gv&_nc_oc=AdodG4pGlLWIsH-Nt4l1a7QlhN024nYp1bvU0p4drJSLa3SZmhDHMfUn7SF8__gEHYo&_nc_ad=z-m&_nc_cid=0&_nc_zt=23&_nc_ht=instagram.flhr10-2.fna&_nc_gid=zZwwF9XOJx5iVW3BBbpKDA&_nc_ss=7a22e&oh=00_AQKadpLOoIxg1T4LCTZ_r0A873l3383EvUrINYp1fIOViQ&oe=6A98DB8B,https://www.instagram.com/p/Dcf-fgoloPJ/
Supermercado São Pedro,Carnes / Bovina,Bisteca Mineira kg,34.98,25/08/2026,https://instagram.fmad22-1.fna.fbcdn.net/v/t39.30808-6/784428542_1503489418490841_697405957732902936_n.jpg?stp=dst-jpg_e35_tt6&_nc_cat=102&ig_cache_key=Mzk3MTgyNzk2NDE0ODc5MzU5NA%3D%3D.3-ccb7-5&ccb=7-5&_nc_sid=58cdad&efg=eyJ2ZW5jb2RlX3RhZyI6IkZFRUQueHBpZHMuMTYzOS5zZHIucmVndWxhcl9waG90by5DMyJ9&_nc_ohc=lahhkTUGus0Q7kNvwEPirOL&_nc_oc=AdqpeyI16SBvSjm_RRusxOtjQaLVpVKPrREy8i6sAmvam1LEqfV6baN8wn4vmZPYnhQ&_nc_ad=z-m&_nc_cid=0&_nc_zt=23&_nc_ht=instagram.fmad22-1.fna&_nc_gid=KgQw-8ZsO-U6N3r5I3NZCQ&_nc_ss=7a22e&oh=00_AQKOPw9Gdb00qehg5jTRevMxa22Fyc6s6iHjnqSZ5rUqTw&oe=6A98C9BA,https://www.instagram.com/p/DcexH1gDUD6/
Supermercado Tuiuiú,Carnes / Bovina,Coxão Duro kg,34.99,28/08/2026,https://instagram.fymq2-1.fna.fbcdn.net/v/t39.30808-6/784321179_1720016750132143_1243001508239248716_n.jpg?stp=dst-jpg_e35_tt6&_nc_cat=109&ig_cache_key=Mzk3MzM0Mjg4MDE3NDY4MTI1NA%3D%3D.3-ccb7-5&ccb=7-5&_nc_sid=58cdad&efg=eyJ2ZW5jb2RlX3RhZyI6IkNBUk9VU0VMX0lURU0ueHBpZHMuMTI1NC5zZHIucmVndWxhcl9waG90by5DMiJ9&_nc_ohc=uLCBohPgPQYQ7kNvwHoatih&_nc_oc=AdpBgpZ_6yCjY5d5_bo79t0YSbu4giRTNnS25GmuNVLwqusUKXfcUhp-zRQRM0wmLzD5xdlc2ROkQlttMluSiK2Y&_nc_ad=z-m&_nc_cid=0&_nc_zt=23&_nc_ht=instagram.fymq2-1.fna&_nc_gid=8hRfZTGV61lKPZlNYQ9LfQ&_nc_ss=7a22e&oh=00_AQIYvJWz74DKBggaG5Es24bE9tu6BlVVt5n5sC4VU_W6wA&oe=6A98CB59,https://www.instagram.com/p/DckJlYyI3Tu/
Supermercado São Pedro,Carnes / Bovina,Bisteca Mineira kg,34.99,28/08/2026,https://scontent-waw2-2.cdninstagram.com/v/t51.82787-15/787853786_18195711469382122_4084613579796731411_n.jpg?stp=dst-jpg_e35_tt6&_nc_cat=101&ig_cache_key=Mzk3MzY3MjU2ODk4MzkzOTE2MQ%3D%3D.3-ccb7-5&ccb=7-5&_nc_sid=58cdad&efg=eyJ2ZW5jb2RlX3RhZyI6IkNBUk9VU0VMX0lURU0ueHBpZHMuMTA4MS5zZHIucmVndWxhcl9waG90by5DMyJ9&_nc_ohc=mrOwFRh3sK8Q7kNvwFEWtES&_nc_oc=AdrwqSALs5DXyvTcFVMtuHF5H5JpFSC_oGr6BJ36Qg2wD-VFA7d0EQphPDDeeg3NqEA&_nc_ad=z-m&_nc_cid=1479&_nc_zt=23&_nc_ht=scontent-waw2-2.cdninstagram.com&_nc_gid=KF1k9W2wUwOlXi1LVTyTGw&_nc_ss=7a22e&oh=00_AQLyU02laXnFQkbRy5Q7FSPWXTxiSDQXDqQJEydaFQsyBw&oe=6A98AE87,https://www.instagram.com/p/DclUqI1G7TG/
Super Compras Supermercado,Carnes / Bovina,Capa de Contra Filé Bovino kg,34.99,29/08/2026,https://scontent-itm1-1.cdninstagram.com/v/t51.82787-15/787743920_18192892438391764_3005082908538598587_n.jpg?stp=dst-jpg_e35_tt6&_nc_cat=110&ig_cache_key=Mzk3NDAxMjMzNjQ5MTI3ODEzMg%3D%3D.3-ccb7-5&ccb=7-5&_nc_sid=58cdad&efg=eyJ2ZW5jb2RlX3RhZyI6IkNBUk9VU0VMX0lURU0ueHBpZHMuMTQ0MC5zZHIucmVndWxhcl9waG90by5DMyJ9&_nc_ohc=jo3tVs9LzLkQ7kNvwEEXhXu&_nc_oc=AdoWdKPC5-PErszL1TO6jMbufuXrXvUdptAb3NLGnkDmhMOTrKx5VkGvRX58LrbvGBptdadpd7zG9en7536FmFhn&_nc_ad=z-m&_nc_cid=0&_nc_zt=23&_nc_ht=scontent-itm1-1.cdninstagram.com&_nc_gid=ATf4ZhlWvUf1BbIXiW6T_A&_nc_ss=7a22e&oh=00_AQLH-x_TU2iikLIhOJkObAYenYEWIoVc9Ucuhu9yIBlZEQ&oe=6A98CD3B,https://www.instagram.com/p/DcmhzwZjQj_/
Supermercado São Pedro,Carnes / Bovina,Corte Grill kg,36.99,28/08/2026,https://scontent-waw2-2.cdninstagram.com/v/t51.82787-15/787853786_18195711469382122_4084613579796731411_n.jpg?stp=dst-jpg_e35_tt6&_nc_cat=101&ig_cache_key=Mzk3MzY3MjU2ODk4MzkzOTE2MQ%3D%3D.3-ccb7-5&ccb=7-5&_nc_sid=58cdad&efg=eyJ2ZW5jb2RlX3RhZyI6IkNBUk9VU0VMX0lURU0ueHBpZHMuMTA4MS5zZHIucmVndWxhcl9waG90by5DMyJ9&_nc_ohc=mrOwFRh3sK8Q7kNvwFEWtES&_nc_oc=AdrwqSALs5DXyvTcFVMtuHF5H5JpFSC_oGr6BJ36Qg2wD-VFA7d0EQphPDDeeg3NqEA&_nc_ad=z-m&_nc_cid=1479&_nc_zt=23&_nc_ht=scontent-waw2-2.cdninstagram.com&_nc_gid=KF1k9W2wUwOlXi1LVTyTGw&_nc_ss=7a22e&oh=00_AQLyU02laXnFQkbRy5Q7FSPWXTxiSDQXDqQJEydaFQsyBw&oe=6A98AE87,https://www.instagram.com/p/DclUqI1G7TG/
Bom Jesus Primavera do Leste 🛒,Carnes / Bovina,Coxão Duro e Cupim Sulbeef kg,36.99,26/08/2026,https://instagram.flhr10-2.fna.fbcdn.net/v/t51.82787-15/786837850_18374533663237813_2968687181146751427_n.jpg?stp=dst-jpg_e35_tt6&_nc_cat=100&ig_cache_key=Mzk3MjE2ODE2MTY3MzMwMjgxMg%3D%3D.3-ccb7-5&ccb=7-5&_nc_sid=58cdad&efg=eyJ2ZW5jb2RlX3RhZyI6IkNBUk9VU0VMX0lURU0ueHBpZHMuMTA4MC5zZHIucmVndWxhcl9waG90by5DMyJ9&_nc_ohc=SYZyJZ31VbUQ7kNvwH1f0Gv&_nc_oc=AdodG4pGlLWIsH-Nt4l1a7QlhN024nYp1bvU0p4drJSLa3SZmhDHMfUn7SF8__gEHYo&_nc_ad=z-m&_nc_cid=0&_nc_zt=23&_nc_ht=instagram.flhr10-2.fna&_nc_gid=zZwwF9XOJx5iVW3BBbpKDA&_nc_ss=7a22e&oh=00_AQKadpLOoIxg1T4LCTZ_r0A873l3383EvUrINYp1fIOViQ&oe=6A98DB8B,https://www.instagram.com/p/Dcf-fgoloPJ/
Supermercado Tuiuiú,Carnes / Bovina,Coxão Mole kg,38.99,28/08/2026,https://instagram.fymq2-1.fna.fbcdn.net/v/t39.30808-6/784321179_1720016750132143_1243001508239248716_n.jpg?stp=dst-jpg_e35_tt6&_nc_cat=109&ig_cache_key=Mzk3MzM0Mjg4MDE3NDY4MTI1NA%3D%3D.3-ccb7-5&ccb=7-5&_nc_sid=58cdad&efg=eyJ2ZW5jb2RlX3RhZyI6IkNBUk9VU0VMX0lURU0ueHBpZHMuMTI1NC5zZHIucmVndWxhcl9waG90by5DMiJ9&_nc_ohc=uLCBohPgPQYQ7kNvwHoatih&_nc_oc=AdpBgpZ_6yCjY5d5_bo79t0YSbu4giRTNnS25GmuNVLwqusUKXfcUhp-zRQRM0wmLzD5xdlc2ROkQlttMluSiK2Y&_nc_ad=z-m&_nc_cid=0&_nc_zt=23&_nc_ht=instagram.fymq2-1.fna&_nc_gid=8hRfZTGV61lKPZlNYQ9LfQ&_nc_ss=7a22e&oh=00_AQIYvJWz74DKBggaG5Es24bE9tu6BlVVt5n5sC4VU_W6wA&oe=6A98CB59,https://www.instagram.com/p/DckJlYyI3Tu/
Super Compras Supermercado,Carnes / Bovina,Bananinha Bovina kg,39.99,29/08/2026,https://scontent-itm1-1.cdninstagram.com/v/t51.82787-15/787743920_18192892438391764_3005082908538598587_n.jpg?stp=dst-jpg_e35_tt6&_nc_cat=110&ig_cache_key=Mzk3NDAxMjMzNjQ5MTI3ODEzMg%3D%3D.3-ccb7-5&ccb=7-5&_nc_sid=58cdad&efg=eyJ2ZW5jb2RlX3RhZyI6IkNBUk9VU0VMX0lURU0ueHBpZHMuMTQ0MC5zZHIucmVndWxhcl9waG90by5DMyJ9&_nc_ohc=jo3tVs9LzLkQ7kNvwEEXhXu&_nc_oc=AdoWdKPC5-PErszL1TO6jMbufuXrXvUdptAb3NLGnkDmhMOTrKx5VkGvRX58LrbvGBptdadpd7zG9en7536FmFhn&_nc_ad=z-m&_nc_cid=0&_nc_zt=23&_nc_ht=scontent-itm1-1.cdninstagram.com&_nc_gid=ATf4ZhlWvUf1BbIXiW6T_A&_nc_ss=7a22e&oh=00_AQLH-x_TU2iikLIhOJkObAYenYEWIoVc9Ucuhu9yIBlZEQ&oe=6A98CD3B,https://www.instagram.com/p/DcmhzwZjQj_/
Supermercado São Pedro,Carnes / Bovina,Coxão Duro Bovino kg,42.98,25/08/2026,https://instagram.fmad22-1.fna.fbcdn.net/v/t39.30808-6/784428542_1503489418490841_697405957732902936_n.jpg?stp=dst-jpg_e35_tt6&_nc_cat=102&ig_cache_key=Mzk3MTgyNzk2NDE0ODc5MzU5NA%3D%3D.3-ccb7-5&ccb=7-5&_nc_sid=58cdad&efg=eyJ2ZW5jb2RlX3RhZyI6IkZFRUQueHBpZHMuMTYzOS5zZHIucmVndWxhcl9waG90by5DMyJ9&_nc_ohc=lahhkTUGus0Q7kNvwEPirOL&_nc_oc=AdqpeyI16SBvSjm_RRusxOtjQaLVpVKPrREy8i6sAmvam1LEqfV6baN8wn4vmZPYnhQ&_nc_ad=z-m&_nc_cid=0&_nc_zt=23&_nc_ht=instagram.fmad22-1.fna&_nc_gid=KgQw-8ZsO-U6N3r5I3NZCQ&_nc_ss=7a22e&oh=00_AQKOPw9Gdb00qehg5jTRevMxa22Fyc6s6iHjnqSZ5rUqTw&oe=6A98C9BA,https://www.instagram.com/p/DcexH1gDUD6/
Supermercado São Pedro,Carnes / Bovina,Fraldinha Bovina Friboi kg,42.99,27/08/2026,https://instagram.fsvq6-1.fna.fbcdn.net/v/t39.30808-6/785993166_1505168978322885_7442982966970505933_n.jpg?stp=c0.0.1638.2048a_dst-jpg_e35_s1638x2048_tt6&_nc_cat=110&ig_cache_key=Mzk3MzI3Njk2ODM0NzI3MzQzNQ%3D%3D.3-ccb7-5&ccb=7-5&_nc_sid=58cdad&efg=eyJ2ZW5jb2RlX3RhZyI6IkNBUk9VU0VMX0lURU0ueHBpZHMuMTYzOS5zZHIucmVndWxhcl9waG90by5DMyJ9&_nc_ohc=5-K7ePTTbO0Q7kNvwGugHFY&_nc_oc=Adq2UKUEN2T-7eIJk1jeY1fGqou70XnfCk5jwyU478sUI8bIkfn7VJwfaS_B6BP0MWQ&_nc_ad=z-m&_nc_cid=3033&_nc_zt=23&_nc_ht=instagram.fsvq6-1.fna&_nc_gid=cr2BBsXJ9hal_kRAgWsMyQ&_nc_ss=7a22e&oh=00_AQKLDjrGoatKwTmVcs4BpPH_355fOHn_yz5gY9ivVHnNng&oe=6A98D20E,https://www.instagram.com/p/Dcj6lyLlKpL/
Supermercado Tuiuiú,Carnes / Bovina,Alcatra com Maminha kg,43.99,28/08/2026,https://instagram.fymq2-1.fna.fbcdn.net/v/t39.30808-6/784321179_1720016750132143_1243001508239248716_n.jpg?stp=dst-jpg_e35_tt6&_nc_cat=109&ig_cache_key=Mzk3MzM0Mjg4MDE3NDY4MTI1NA%3D%3D.3-ccb7-5&ccb=7-5&_nc_sid=58cdad&efg=eyJ2ZW5jb2RlX3RhZyI6IkNBUk9VU0VMX0lURU0ueHBpZHMuMTI1NC5zZHIucmVndWxhcl9waG90by5DMiJ9&_nc_ohc=uLCBohPgPQYQ7kNvwHoatih&_nc_oc=AdpBgpZ_6yCjY5d5_bo79t0YSbu4giRTNnS25GmuNVLwqusUKXfcUhp-zRQRM0wmLzD5xdlc2ROkQlttMluSiK2Y&_nc_ad=z-m&_nc_cid=0&_nc_zt=23&_nc_ht=instagram.fymq2-1.fna&_nc_gid=8hRfZTGV61lKPZlNYQ9LfQ&_nc_ss=7a22e&oh=00_AQIYvJWz74DKBggaG5Es24bE9tu6BlVVt5n5sC4VU_W6wA&oe=6A98CB59,https://www.instagram.com/p/DckJlYyI3Tu/
Supermercado São Pedro,Carnes / Bovina,Coxão Mole Bovino kg,46.98,25/08/2026,https://instagram.fmad22-1.fna.fbcdn.net/v/t39.30808-6/784428542_1503489418490841_697405957732902936_n.jpg?stp=dst-jpg_e35_tt6&_nc_cat=102&ig_cache_key=Mzk3MTgyNzk2NDE0ODc5MzU5NA%3D%3D.3-ccb7-5&ccb=7-5&_nc_sid=58cdad&efg=eyJ2ZW5jb2RlX3RhZyI6IkZFRUQueHBpZHMuMTYzOS5zZHIucmVndWxhcl9waG90by5DMyJ9&_nc_ohc=lahhkTUGus0Q7kNvwEPirOL&_nc_oc=AdqpeyI16SBvSjm_RRusxOtjQaLVpVKPrREy8i6sAmvam1LEqfV6baN8wn4vmZPYnhQ&_nc_ad=z-m&_nc_cid=0&_nc_zt=23&_nc_ht=instagram.fmad22-1.fna&_nc_gid=KgQw-8ZsO-U6N3r5I3NZCQ&_nc_ss=7a22e&oh=00_AQKOPw9Gdb00qehg5jTRevMxa22Fyc6s6iHjnqSZ5rUqTw&oe=6A98C9BA,https://www.instagram.com/p/DcexH1gDUD6/
Super Compras Supermercado,Carnes / Bovina,Miolo de Alcatra Bovina kg,48.99,29/08/2026,https://scontent-itm1-1.cdninstagram.com/v/t51.82787-15/787743920_18192892438391764_3005082908538598587_n.jpg?stp=dst-jpg_e35_tt6&_nc_cat=110&ig_cache_key=Mzk3NDAxMjMzNjQ5MTI3ODEzMg%3D%3D.3-ccb7-5&ccb=7-5&_nc_sid=58cdad&efg=eyJ2ZW5jb2RlX3RhZyI6IkNBUk9VU0VMX0lURU0ueHBpZHMuMTQ0MC5zZHIucmVndWxhcl9waG90by5DMyJ9&_nc_ohc=jo3tVs9LzLkQ7kNvwEEXhXu&_nc_oc=AdoWdKPC5-PErszL1TO6jMbufuXrXvUdptAb3NLGnkDmhMOTrKx5VkGvRX58LrbvGBptdadpd7zG9en7536FmFhn&_nc_ad=z-m&_nc_cid=0&_nc_zt=23&_nc_ht=scontent-itm1-1.cdninstagram.com&_nc_gid=ATf4ZhlWvUf1BbIXiW6T_A&_nc_ss=7a22e&oh=00_AQLH-x_TU2iikLIhOJkObAYenYEWIoVc9Ucuhu9yIBlZEQ&oe=6A98CD3B,https://www.instagram.com/p/DcmhzwZjQj_/
Bom Jesus Primavera do Leste 🛒,Carnes / Bovina,Picanha e Filé Mignon Sulbeef kg,69.9,26/08/2026,https://instagram.flhr10-2.fna.fbcdn.net/v/t51.82787-15/786837850_18374533663237813_2968687181146751427_n.jpg?stp=dst-jpg_e35_tt6&_nc_cat=100&ig_cache_key=Mzk3MjE2ODE2MTY3MzMwMjgxMg%3D%3D.3-ccb7-5&ccb=7-5&_nc_sid=58cdad&efg=eyJ2ZW5jb2RlX3RhZyI6IkNBUk9VU0VMX0lURU0ueHBpZHMuMTA4MC5zZHIucmVndWxhcl9waG90by5DMyJ9&_nc_ohc=SYZyJZ31VbUQ7kNvwH1f0Gv&_nc_oc=AdodG4pGlLWIsH-Nt4l1a7QlhN024nYp1bvU0p4drJSLa3SZmhDHMfUn7SF8__gEHYo&_nc_ad=z-m&_nc_cid=0&_nc_zt=23&_nc_ht=instagram.flhr10-2.fna&_nc_gid=zZwwF9XOJx5iVW3BBbpKDA&_nc_ss=7a22e&oh=00_AQKadpLOoIxg1T4LCTZ_r0A873l3383EvUrINYp1fIOViQ&oe=6A98DB8B,https://www.instagram.com/p/Dcf-fgoloPJ/
Bom Jesus Primavera do Leste 🛒,Carnes / Peixes,Peixe Tambatinga Delicious Fish kg,21.99,26/08/2026,https://instagram.flhr10-2.fna.fbcdn.net/v/t51.82787-15/786837850_18374533663237813_2968687181146751427_n.jpg?stp=dst-jpg_e35_tt6&_nc_cat=100&ig_cache_key=Mzk3MjE2ODE2MTY3MzMwMjgxMg%3D%3D.3-ccb7-5&ccb=7-5&_nc_sid=58cdad&efg=eyJ2ZW5jb2RlX3RhZyI6IkNBUk9VU0VMX0lURU0ueHBpZHMuMTA4MC5zZHIucmVndWxhcl9waG90by5DMyJ9&_nc_ohc=SYZyJZ31VbUQ7kNvwH1f0Gv&_nc_oc=AdodG4pGlLWIsH-Nt4l1a7QlhN024nYp1bvU0p4drJSLa3SZmhDHMfUn7SF8__gEHYo&_nc_ad=z-m&_nc_cid=0&_nc_zt=23&_nc_ht=instagram.flhr10-2.fna&_nc_gid=zZwwF9XOJx5iVW3BBbpKDA&_nc_ss=7a22e&oh=00_AQKadpLOoIxg1T4LCTZ_r0A873l3383EvUrINYp1fIOViQ&oe=6A98DB8B,https://www.instagram.com/p/Dcf-fgoloPJ/
Machadão Atacadista,Carnes / Peixes,Camarão Fisgo 300g,45.9,25/08/2026,https://instagram.fein1-2.fna.fbcdn.net/v/t39.30808-6/786543128_1358645369688754_2779017979935584164_n.jpg?stp=dst-jpg_e35_tt6&_nc_cat=101&ig_cache_key=Mzk3MTUyNDg5NTIzNDEwNDA4Mg%3D%3D.3-ccb7-5&ccb=7-5&_nc_sid=58cdad&efg=eyJ2ZW5jb2RlX3RhZyI6IkNBUk9VU0VMX0lURU0ueHBpZHMuMTYzOC5zZHIucmVndWxhcl9waG90by5DMyJ9&_nc_ohc=fkD66OU_vJ8Q7kNvwE5vvQ9&_nc_oc=AdqeEOwEMhDQKE6AQjXN76ofQneqYaAyD5EATiFCUyuCeY39m5crwQtkZKNuUSU1Sgs&_nc_ad=z-m&_nc_cid=1207&_nc_zt=23&_nc_ht=instagram.fein1-2.fna&_nc_gid=NhetOI29J2yoTRQ2V38LbQ&_nc_ss=7a22e&oh=00_AQJDR2iSSXmG_pdffRjUCfCQB4TX_zYP7PgdGFxKpN1MDg&oe=6A98CDC4,https://www.instagram.com/p/DcdsNxKDBTG/
Machadão Atacadista,Carnes / Peixes,Camarão Fisgo 300g,45.9,25/08/2026,https://instagram.fein1-2.fna.fbcdn.net/v/t39.30808-6/785059096_1358646486355309_4355252955160182464_n.jpg?stp=dst-jpg_e35_tt6&_nc_cat=107&ig_cache_key=Mzk3MTUyNDg5Njc4NTk1NzI2NA%3D%3D.3-ccb7-5&ccb=7-5&_nc_sid=58cdad&efg=eyJ2ZW5jb2RlX3RhZyI6IkNBUk9VU0VMX0lURU0ueHBpZHMuMTYzOC5zZHIucmVndWxhcl9waG90by5DMyJ9&_nc_ohc=7xcost5b2JkQ7kNvwGRnKAh&_nc_oc=Adr6LqKYUqvr-aBPjGkkwKovi3pXvPATEa8TVsUbwMdoOmnC7ShRwjZFJ_mDOOJmpTE&_nc_ad=z-m&_nc_cid=1207&_nc_zt=23&_nc_ht=instagram.fein1-2.fna&_nc_gid=NhetOI29J2yoTRQ2V38LbQ&_nc_ss=7a22e&oh=00_AQKXls8m4JkM1ajrNyuZiIdsWs9FVMO3GnXESIlwTc7uhw&oe=6A98DB81,https://www.instagram.com/p/DcdsNxKDBTG/
Supermercado Tuiuiú,Carnes / Suína e Embutidos,Pernil Suíno kg,8.99,28/08/2026,https://instagram.fyhu2-1.fna.fbcdn.net/v/t39.30808-6/784232177_1720016766798808_2199971508535547197_n.jpg?stp=dst-jpg_e35_tt6&_nc_cat=111&ig_cache_key=Mzk3MzM0Mjg3OTgyMjMyNDE3Mg%3D%3D.3-ccb7-5&ccb=7-5&_nc_sid=58cdad&efg=eyJ2ZW5jb2RlX3RhZyI6IkNBUk9VU0VMX0lURU0ueHBpZHMuMTI1NC5zZHIucmVndWxhcl9waG90by5DMyJ9&_nc_ohc=p0-_YO7HB9IQ7kNvwHS14xs&_nc_oc=AdqIojSI8l72UZDbSZUQpciL4ZheEieAKgtgXp92nzQr0hB6cIoyQnepuTCMRigFmjA_gb023TMf-aYws_nWI-jd&_nc_ad=z-m&_nc_cid=0&_nc_zt=23&_nc_ht=instagram.fyhu2-1.fna&_nc_gid=8hRfZTGV61lKPZlNYQ9LfQ&_nc_ss=7a22e&oh=00_AQKjSKDZrPiNRDaZYCHAsti-4vfy8OkbygmNAbSdii7AMA&oe=6A98B8E4,https://www.instagram.com/p/DckJlYyI3Tu/
Supermercado São Pedro,Carnes / Suína e Embutidos,Pernil Suíno kg,9.98,25/08/2026,https://instagram.fmad22-1.fna.fbcdn.net/v/t39.30808-6/784428542_1503489418490841_697405957732902936_n.jpg?stp=dst-jpg_e35_tt6&_nc_cat=102&ig_cache_key=Mzk3MTgyNzk2NDE0ODc5MzU5NA%3D%3D.3-ccb7-5&ccb=7-5&_nc_sid=58cdad&efg=eyJ2ZW5jb2RlX3RhZyI6IkZFRUQueHBpZHMuMTYzOS5zZHIucmVndWxhcl9waG90by5DMyJ9&_nc_ohc=lahhkTUGus0Q7kNvwEPirOL&_nc_oc=AdqpeyI16SBvSjm_RRusxOtjQaLVpVKPrREy8i6sAmvam1LEqfV6baN8wn4vmZPYnhQ&_nc_ad=z-m&_nc_cid=0&_nc_zt=23&_nc_ht=instagram.fmad22-1.fna&_nc_gid=KgQw-8ZsO-U6N3r5I3NZCQ&_nc_ss=7a22e&oh=00_AQKOPw9Gdb00qehg5jTRevMxa22Fyc6s6iHjnqSZ5rUqTw&oe=6A98C9BA,https://www.instagram.com/p/DcexH1gDUD6/
Super Compras Supermercado,Carnes / Suína e Embutidos,Pernil Suíno kg,9.99,29/08/2026,https://scontent-itm1-1.cdninstagram.com/v/t51.82787-15/787666404_18192892456391764_5631571009347207340_n.jpg?stp=dst-jpg_e35_tt6&_nc_cat=107&ig_cache_key=Mzk3NDAxMjM2OTYxNzUwODE0Ng%3D%3D.3-ccb7-5&ccb=7-5&_nc_sid=58cdad&efg=eyJ2ZW5jb2RlX3RhZyI6IkNBUk9VU0VMX0lURU0ueHBpZHMuMTQ0MC5zZHIucmVndWxhcl9waG90by5DMyJ9&_nc_ohc=YdVhHFKNO3AQ7kNvwEMw_zZ&_nc_oc=Adr6pEQrESlOeo-VI4Ly_S02Lb9McU7aTjerac7tHTo0E_s6gxJOr_o55HkRUT7eYDYCCvqBNEjduijC7hhnB1O4&_nc_ad=z-m&_nc_cid=0&_nc_zt=23&_nc_ht=scontent-itm1-1.cdninstagram.com&_nc_gid=ATf4ZhlWvUf1BbIXiW6T_A&_nc_ss=7a22e&oh=00_AQIEFc3MYwXb0mzk9pTuNYv4CGlZrW5YWQjNj1z1-WOW-w&oe=6A98C89A,https://www.instagram.com/p/DcmhzwZjQj_/
Bom Jesus Primavera do Leste 🛒,Carnes / Suína e Embutidos,Pernil Suíno Ochove kg,9.99,28/08/2026,https://scontent-mxp1-1.cdninstagram.com/v/t51.82787-15/786853630_18374942971237813_3112147777905981087_n.jpg?stp=dst-jpg_e35_tt6&_nc_cat=107&ig_cache_key=Mzk3Mzk3Nzc3OTE1MzU1MzcyNQ%3D%3D.3-ccb7-5&ccb=7-5&_nc_sid=58cdad&efg=eyJ2ZW5jb2RlX3RhZyI6IkNBUk9VU0VMX0lURU0ueHBpZHMuMTA4MC5zZHIucmVndWxhcl9waG90by5DMyJ9&_nc_ohc=X2aB_pDnUvgQ7kNvwG5Ndm-&_nc_oc=AdrrSTj5cOT7BIIYwW5EHf_ZZZqIvGhJ1xKMKicY8f6hnWcKI_7Lzhg16iDRIRHiMMY&_nc_ad=z-m&_nc_cid=0&_nc_zt=23&_nc_ht=scontent-mxp1-1.cdninstagram.com&_nc_gid=2W0u87jjP_IT_10skYXvyg&_nc_ss=7a22e&oh=00_AQLoiEIwCvge0bQj3hGXwIYzY_SkvVpwOmce-7toSMYXdg&oe=6A98C764,https://www.instagram.com/p/DcmZ8cDD400/
Supermercado Tuiuiú,Carnes / Suína e Embutidos,Linguiça Perdigão kg,14.99,28/08/2026,https://instagram.fyhu2-1.fna.fbcdn.net/v/t39.30808-6/784232177_1720016766798808_2199971508535547197_n.jpg?stp=dst-jpg_e35_tt6&_nc_cat=111&ig_cache_key=Mzk3MzM0Mjg3OTgyMjMyNDE3Mg%3D%3D.3-ccb7-5&ccb=7-5&_nc_sid=58cdad&efg=eyJ2ZW5jb2RlX3RhZyI6IkNBUk9VU0VMX0lURU0ueHBpZHMuMTI1NC5zZHIucmVndWxhcl9waG90by5DMyJ9&_nc_ohc=p0-_YO7HB9IQ7kNvwHS14xs&_nc_oc=AdqIojSI8l72UZDbSZUQpciL4ZheEieAKgtgXp92nzQr0hB6cIoyQnepuTCMRigFmjA_gb023TMf-aYws_nWI-jd&_nc_ad=z-m&_nc_cid=0&_nc_zt=23&_nc_ht=instagram.fyhu2-1.fna&_nc_gid=8hRfZTGV61lKPZlNYQ9LfQ&_nc_ss=7a22e&oh=00_AQKjSKDZrPiNRDaZYCHAsti-4vfy8OkbygmNAbSdii7AMA&oe=6A98B8E4,https://www.instagram.com/p/DckJlYyI3Tu/
Supermercado São Pedro,Carnes / Suína e Embutidos,Linguiça Toscana Excelência kg,15.99,27/08/2026,https://instagram.fsvq6-1.fna.fbcdn.net/v/t39.30808-6/785993166_1505168978322885_7442982966970505933_n.jpg?stp=c0.0.1638.2048a_dst-jpg_e35_s1638x2048_tt6&_nc_cat=110&ig_cache_key=Mzk3MzI3Njk2ODM0NzI3MzQzNQ%3D%3D.3-ccb7-5&ccb=7-5&_nc_sid=58cdad&efg=eyJ2ZW5jb2RlX3RhZyI6IkNBUk9VU0VMX0lURU0ueHBpZHMuMTYzOS5zZHIucmVndWxhcl9waG90by5DMyJ9&_nc_ohc=5-K7ePTTbO0Q7kNvwGugHFY&_nc_oc=Adq2UKUEN2T-7eIJk1jeY1fGqou70XnfCk5jwyU478sUI8bIkfn7VJwfaS_B6BP0MWQ&_nc_ad=z-m&_nc_cid=3033&_nc_zt=23&_nc_ht=instagram.fsvq6-1.fna&_nc_gid=cr2BBsXJ9hal_kRAgWsMyQ&_nc_ss=7a22e&oh=00_AQKLDjrGoatKwTmVcs4BpPH_355fOHn_yz5gY9ivVHnNng&oe=6A98D20E,https://www.instagram.com/p/Dcj6lyLlKpL/
Super Compras Supermercado,Carnes / Suína e Embutidos,Linguiça Perdigão kg,15.99,29/08/2026,https://scontent-itm1-1.cdninstagram.com/v/t51.82787-15/787743920_18192892438391764_3005082908538598587_n.jpg?stp=dst-jpg_e35_tt6&_nc_cat=110&ig_cache_key=Mzk3NDAxMjMzNjQ5MTI3ODEzMg%3D%3D.3-ccb7-5&ccb=7-5&_nc_sid=58cdad&efg=eyJ2ZW5jb2RlX3RhZyI6IkNBUk9VU0VMX0lURU0ueHBpZHMuMTQ0MC5zZHIucmVndWxhcl9waG90by5DMyJ9&_nc_ohc=jo3tVs9LzLkQ7kNvwEEXhXu&_nc_oc=AdoWdKPC5-PErszL1TO6jMbufuXrXvUdptAb3NLGnkDmhMOTrKx5VkGvRX58LrbvGBptdadpd7zG9en7536FmFhn&_nc_ad=z-m&_nc_cid=0&_nc_zt=23&_nc_ht=scontent-itm1-1.cdninstagram.com&_nc_gid=ATf4ZhlWvUf1BbIXiW6T_A&_nc_ss=7a22e&oh=00_AQLH-x_TU2iikLIhOJkObAYenYEWIoVc9Ucuhu9yIBlZEQ&oe=6A98CD3B,https://www.instagram.com/p/DcmhzwZjQj_/
Bom Jesus Primavera do Leste 🛒,Carnes / Suína e Embutidos,Linguiça Suína Perdigão kg,15.99,26/08/2026,https://instagram.flhr10-2.fna.fbcdn.net/v/t51.82787-15/786837850_18374533663237813_2968687181146751427_n.jpg?stp=dst-jpg_e35_tt6&_nc_cat=100&ig_cache_key=Mzk3MjE2ODE2MTY3MzMwMjgxMg%3D%3D.3-ccb7-5&ccb=7-5&_nc_sid=58cdad&efg=eyJ2ZW5jb2RlX3RhZyI6IkNBUk9VU0VMX0lURU0ueHBpZHMuMTA4MC5zZHIucmVndWxhcl9waG90by5DMyJ9&_nc_ohc=SYZyJZ31VbUQ7kNvwH1f0Gv&_nc_oc=AdodG4pGlLWIsH-Nt4l1a7QlhN024nYp1bvU0p4drJSLa3SZmhDHMfUn7SF8__gEHYo&_nc_ad=z-m&_nc_cid=0&_nc_zt=23&_nc_ht=instagram.flhr10-2.fna&_nc_gid=zZwwF9XOJx5iVW3BBbpKDA&_nc_ss=7a22e&oh=00_AQKadpLOoIxg1T4LCTZ_r0A873l3383EvUrINYp1fIOViQ&oe=6A98DB8B,https://www.instagram.com/p/Dcf-fgoloPJ/
Bom Jesus Primavera do Leste 🛒,Carnes / Suína e Embutidos,Linguiça Toscana Excelência kg,15.99,28/08/2026,https://scontent-mxp1-1.cdninstagram.com/v/t51.82787-15/786853630_18374942971237813_3112147777905981087_n.jpg?stp=dst-jpg_e35_tt6&_nc_cat=107&ig_cache_key=Mzk3Mzk3Nzc3OTE1MzU1MzcyNQ%3D%3D.3-ccb7-5&ccb=7-5&_nc_sid=58cdad&efg=eyJ2ZW5jb2RlX3RhZyI6IkNBUk9VU0VMX0lURU0ueHBpZHMuMTA4MC5zZHIucmVndWxhcl9waG90by5DMyJ9&_nc_ohc=X2aB_pDnUvgQ7kNvwG5Ndm-&_nc_oc=AdrrSTj5cOT7BIIYwW5EHf_ZZZqIvGhJ1xKMKicY8f6hnWcKI_7Lzhg16iDRIRHiMMY&_nc_ad=z-m&_nc_cid=0&_nc_zt=23&_nc_ht=scontent-mxp1-1.cdninstagram.com&_nc_gid=2W0u87jjP_IT_10skYXvyg&_nc_ss=7a22e&oh=00_AQLoiEIwCvge0bQj3hGXwIYzY_SkvVpwOmce-7toSMYXdg&oe=6A98C764,https://www.instagram.com/p/DcmZ8cDD400/
Bom Jesus Primavera do Leste 🛒,Carnes / Suína e Embutidos,Linguiça Calabresa Excelência kg,19.99,28/08/2026,https://scontent-mxp1-1.cdninstagram.com/v/t51.82787-15/786853630_18374942971237813_3112147777905981087_n.jpg?stp=dst-jpg_e35_tt6&_nc_cat=107&ig_cache_key=Mzk3Mzk3Nzc3OTE1MzU1MzcyNQ%3D%3D.3-ccb7-5&ccb=7-5&_nc_sid=58cdad&efg=eyJ2ZW5jb2RlX3RhZyI6IkNBUk9VU0VMX0lURU0ueHBpZHMuMTA4MC5zZHIucmVndWxhcl9waG90by5DMyJ9&_nc_ohc=X2aB_pDnUvgQ7kNvwG5Ndm-&_nc_oc=AdrrSTj5cOT7BIIYwW5EHf_ZZZqIvGhJ1xKMKicY8f6hnWcKI_7Lzhg16iDRIRHiMMY&_nc_ad=z-m&_nc_cid=0&_nc_zt=23&_nc_ht=scontent-mxp1-1.cdninstagram.com&_nc_gid=2W0u87jjP_IT_10skYXvyg&_nc_ss=7a22e&oh=00_AQLoiEIwCvge0bQj3hGXwIYzY_SkvVpwOmce-7toSMYXdg&oe=6A98C764,https://www.instagram.com/p/DcmZ8cDD400/
Bom Jesus Primavera do Leste 🛒,Carnes / Suína e Embutidos,Presunto Cozido Excelência kg,22.99,28/08/2026,https://scontent-mxp1-1.cdninstagram.com/v/t51.82787-15/788139857_18374943016237813_6095318216715939563_n.jpg?stp=dst-jpg_e35_tt6&_nc_cat=107&ig_cache_key=Mzk3Mzk3Nzc4MDcyMjI3NDY1Mg%3D%3D.3-ccb7-5&ccb=7-5&_nc_sid=58cdad&efg=eyJ2ZW5jb2RlX3RhZyI6IkNBUk9VU0VMX0lURU0ueHBpZHMuMTA4MC5zZHIucmVndWxhcl9waG90by5DMyJ9&_nc_ohc=u6RrkwcH62kQ7kNvwFkF7r_&_nc_oc=AdoUTvqJuGAdFFjDPotrv9yNgv57jRXQEjcOx6SpH-f07qQV87CsRiUzN53sQaqDcqc&_nc_ad=z-m&_nc_cid=0&_nc_zt=23&_nc_ht=scontent-mxp1-1.cdninstagram.com&_nc_gid=2W0u87jjP_IT_10skYXvyg&_nc_ss=7a22e&oh=00_AQKBt_pu4Ue0M_Xe2k7mZVRwaDl3p21ilOGbqB4oWu2lsg&oe=6A98BBF0,https://www.instagram.com/p/DcmZ8cDD400/
Supermercado Tuiuiú,Carnes / Suína e Embutidos,Presunto Cozido kg,24.99,26/08/2026,https://instagram.fagp3-1.fna.fbcdn.net/v/t51.82787-15/782208226_18581670763067900_4505279802407067664_n.jpg?stp=dst-jpg_e35_tt6&_nc_cat=101&ig_cache_key=Mzk3MjU4MDUzNjU2NDQyMTcwOQ%3D%3D.3-ccb7-5&ccb=7-5&_nc_sid=58cdad&efg=eyJ2ZW5jb2RlX3RhZyI6IkNBUk9VU0VMX0lURU0ueHBpZHMuMTA4MC5zZHIucmVndWxhcl9waG90by5DMyJ9&_nc_ohc=8pq5-pxCDcEQ7kNvwEbaqOM&_nc_oc=AdrFPnYmW6fWtfDRRs2PLGKLckqpQplViN4a3zIyxIb_BlcwXyYTzhpvZeIR2O7_1XU&_nc_ad=z-m&_nc_cid=0&_nc_zt=23&_nc_ht=instagram.fagp3-1.fna&_nc_gid=cjP19A6j3LyH3jBF6hxCug&_nc_ss=7a22e&oh=00_AQJaOWcIj4gFS7IOhtZDp2pkR3jg0Pdt820D_V6sDWQjlQ&oe=6A98D763,https://www.instagram.com/p/DchcQH5DdVj/
Supermercado São Pedro,Carnes / Suína e Embutidos,Presunto Excelência kg,24.99,28/08/2026,https://scontent-waw2-1.cdninstagram.com/v/t51.82787-15/785599572_18195711460382122_5575322653184498920_n.jpg?stp=dst-jpg_e35_tt6&_nc_cat=109&ig_cache_key=Mzk3MzY3MjU2OTQ3ODkxNjI0Mw%3D%3D.3-ccb7-5&ccb=7-5&_nc_sid=58cdad&efg=eyJ2ZW5jb2RlX3RhZyI6IkNBUk9VU0VMX0lURU0ueHBpZHMuMTA4MS5zZHIucmVndWxhcl9waG90by5DMyJ9&_nc_ohc=YlNv7Hxcm4EQ7kNvwHLR-nH&_nc_oc=AdrkEDBETtiY_sVQ5prdeQigXPtTegs8ow61LHW1V3LjKMEdDYHnyXg1zWQ6hk8dUNc&_nc_ad=z-m&_nc_cid=1479&_nc_zt=23&_nc_ht=scontent-waw2-1.cdninstagram.com&_nc_gid=KF1k9W2wUwOlXi1LVTyTGw&_nc_ss=7a22e&oh=00_AQLV8Gd4GEG4Mtnn6erctgs70eMNEGk4hoN43QEpMOnl3w&oe=6A98CBD2,https://www.instagram.com/p/DclUqI1G7TG/
Bom Jesus Primavera do Leste 🛒,Carnes / Suína e Embutidos,Mortadela Seara Defumada kg,26.99,28/08/2026,https://scontent-mxp1-1.cdninstagram.com/v/t51.82787-15/788139857_18374943016237813_6095318216715939563_n.jpg?stp=dst-jpg_e35_tt6&_nc_cat=107&ig_cache_key=Mzk3Mzk3Nzc4MDcyMjI3NDY1Mg%3D%3D.3-ccb7-5&ccb=7-5&_nc_sid=58cdad&efg=eyJ2ZW5jb2RlX3RhZyI6IkNBUk9VU0VMX0lURU0ueHBpZHMuMTA4MC5zZHIucmVndWxhcl9waG90by5DMyJ9&_nc_ohc=u6RrkwcH62kQ7kNvwFkF7r_&_nc_oc=AdoUTvqJuGAdFFjDPotrv9yNgv57jRXQEjcOx6SpH-f07qQV87CsRiUzN53sQaqDcqc&_nc_ad=z-m&_nc_cid=0&_nc_zt=23&_nc_ht=scontent-mxp1-1.cdninstagram.com&_nc_gid=2W0u87jjP_IT_10skYXvyg&_nc_ss=7a22e&oh=00_AQKBt_pu4Ue0M_Xe2k7mZVRwaDl3p21ilOGbqB4oWu2lsg&oe=6A98BBF0,https://www.instagram.com/p/DcmZ8cDD400/
Super Compras Supermercado,Congelados e Sobremesas,Pizza Super Compras,14.99,28/08/2026,https://instagram.fnld1-1.fna.fbcdn.net/v/t51.82787-15/781804833_18192777268391764_1137004139144970890_n.jpg?stp=dst-jpg_e35_tt6&_nc_cat=111&ig_cache_key=Mzk3MzI5MzA5NzQ3NjE0OTUwNg%3D%3D.3-ccb7-5&ccb=7-5&_nc_sid=58cdad&efg=eyJ2ZW5jb2RlX3RhZyI6IkZFRUQueHBpZHMuMTQ0MC5zZHIucmVndWxhcl9waG90by5DMyJ9&_nc_ohc=DyFj_Iql6NYQ7kNvwHm8Ka0&_nc_oc=AdrT2N7J6Wa189WmBLsoA78pnFTx9SjgIvSECwWPorXbFWUm-a708XLyZEi3i8fnhmo&_nc_ad=z-m&_nc_cid=0&_nc_zt=23&_nc_ht=instagram.fnld1-1.fna&_nc_gid=My5cF-Fk4C34K1ohum-7Wg&_nc_ss=7a22e&oh=00_AQJi2vj88KtWPWeVzqOHP0zHiuiRNH4hF6pNFgFnma7EVg&oe=6A98AE39,https://www.instagram.com/p/Dcj-QVPk9EC/
Super Compras Supermercado,Congelados e Sobremesas,Batata Palito Sadia 2kg,26.99,29/08/2026,https://scontent-itm1-1.cdninstagram.com/v/t51.82787-15/787666404_18192892456391764_5631571009347207340_n.jpg?stp=dst-jpg_e35_tt6&_nc_cat=107&ig_cache_key=Mzk3NDAxMjM2OTYxNzUwODE0Ng%3D%3D.3-ccb7-5&ccb=7-5&_nc_sid=58cdad&efg=eyJ2ZW5jb2RlX3RhZyI6IkNBUk9VU0VMX0lURU0ueHBpZHMuMTQ0MC5zZHIucmVndWxhcl9waG90by5DMyJ9&_nc_ohc=YdVhHFKNO3AQ7kNvwEMw_zZ&_nc_oc=Adr6pEQrESlOeo-VI4Ly_S02Lb9McU7aTjerac7tHTo0E_s6gxJOr_o55HkRUT7eYDYCCvqBNEjduijC7hhnB1O4&_nc_ad=z-m&_nc_cid=0&_nc_zt=23&_nc_ht=scontent-itm1-1.cdninstagram.com&_nc_gid=ATf4ZhlWvUf1BbIXiW6T_A&_nc_ss=7a22e&oh=00_AQIEFc3MYwXb0mzk9pTuNYv4CGlZrW5YWQjNj1z1-WOW-w&oe=6A98C89A,https://www.instagram.com/p/DcmhzwZjQj_/
Bom Jesus Primavera do Leste 🛒,Congelados e Sobremesas,Batata Palito Sadia 2kg,27.99,26/08/2026,https://instagram.flhr10-1.fna.fbcdn.net/v/t51.82787-15/786656678_18374533654237813_1357775697752571265_n.jpg?stp=dst-jpg_e35_tt6&_nc_cat=102&ig_cache_key=Mzk3MjE2ODE2MTUzODk3MjI2NA%3D%3D.3-ccb7-5&ccb=7-5&_nc_sid=58cdad&efg=eyJ2ZW5jb2RlX3RhZyI6IkNBUk9VU0VMX0lURU0ueHBpZHMuMTA4MC5zZHIucmVndWxhcl9waG90by5DMyJ9&_nc_ohc=E3K-BzvU7NkQ7kNvwEF2DBL&_nc_oc=Adpa6sD5wURwQ10vZDPbVKJ1UgK7CVBkL_E6LtJhapJKl7QK9b8ciWVlx9mHqpHER-U&_nc_ad=z-m&_nc_cid=0&_nc_zt=23&_nc_ht=instagram.flhr10-1.fna&_nc_gid=zZwwF9XOJx5iVW3BBbpKDA&_nc_ss=7a22e&oh=00_AQKKlvXoExU1xltCGX7Y5bXWaNTJAO7LXVt5O2C-S_ZB_Q&oe=6A98D165,https://www.instagram.com/p/Dcf-fgoloPJ/
Bom Jesus Primavera do Leste 🛒,Congelados e Sobremesas,Açaí Movida 1.5L,32.99,28/08/2026,https://scontent-mxp1-1.cdninstagram.com/v/t51.82787-15/786853630_18374942971237813_3112147777905981087_n.jpg?stp=dst-jpg_e35_tt6&_nc_cat=107&ig_cache_key=Mzk3Mzk3Nzc3OTE1MzU1MzcyNQ%3D%3D.3-ccb7-5&ccb=7-5&_nc_sid=58cdad&efg=eyJ2ZW5jb2RlX3RhZyI6IkNBUk9VU0VMX0lURU0ueHBpZHMuMTA4MC5zZHIucmVndWxhcl9waG90by5DMyJ9&_nc_ohc=X2aB_pDnUvgQ7kNvwG5Ndm-&_nc_oc=AdrrSTj5cOT7BIIYwW5EHf_ZZZqIvGhJ1xKMKicY8f6hnWcKI_7Lzhg16iDRIRHiMMY&_nc_ad=z-m&_nc_cid=0&_nc_zt=23&_nc_ht=scontent-mxp1-1.cdninstagram.com&_nc_gid=2W0u87jjP_IT_10skYXvyg&_nc_ss=7a22e&oh=00_AQLoiEIwCvge0bQj3hGXwIYzY_SkvVpwOmce-7toSMYXdg&oe=6A98C764,https://www.instagram.com/p/DcmZ8cDD400/
Bom Jesus Primavera do Leste 🛒,Higiene / Cuidados Pessoais,Sabonete em Barra Nivea 85g,2.19,28/08/2026,https://scontent-mxp1-1.cdninstagram.com/v/t51.82787-15/788860531_18374942995237813_624644092953609674_n.jpg?stp=dst-jpg_e35_tt6&_nc_cat=106&ig_cache_key=Mzk3Mzk3Nzc4MjEzMTM5MTcwNQ%3D%3D.3-ccb7-5&ccb=7-5&_nc_sid=58cdad&efg=eyJ2ZW5jb2RlX3RhZyI6IkNBUk9VU0VMX0lURU0ueHBpZHMuMTA4MC5zZHIucmVndWxhcl9waG90by5DMyJ9&_nc_ohc=7IsixMbzdvIQ7kNvwFLr1IY&_nc_oc=AdrQMI6TD_X8w6y4rLquClq6yJmmEdOGtMhzEN4tBiP2x83SnaxNlcn35DJEvjd1cXA&_nc_ad=z-m&_nc_cid=0&_nc_zt=23&_nc_ht=scontent-mxp1-1.cdninstagram.com&_nc_gid=2W0u87jjP_IT_10skYXvyg&_nc_ss=7a22e&oh=00_AQKmZVQHrk7uaq12CSeJmfTXqPmLQnSIiQD_VhgIJBu7DQ&oe=6A98BE0B,https://www.instagram.com/p/DcmZ8cDD400/
Machadão Atacadista,Higiene / Cuidados Pessoais,Creme Dental Colgate Máxima Proteção Anticáries 120g,5.99,27/08/2026,https://instagram.ftgz2-1.fna.fbcdn.net/v/t39.30808-6/786779086_1360550472831577_8028710268323392841_n.jpg?stp=dst-jpg_e35_tt6&_nc_cat=100&ig_cache_key=Mzk3MzE1NjQ3MjI0MjcxMDI2OQ%3D%3D.3-ccb7-5&ccb=7-5&_nc_sid=58cdad&efg=eyJ2ZW5jb2RlX3RhZyI6IkNBUk9VU0VMX0lURU0ueHBpZHMuMTYzOC5zZHIucmVndWxhcl9waG90by5DMyJ9&_nc_ohc=WKCTmqyswmsQ7kNvwGCsa28&_nc_oc=AdpK61pp0haF8dqWH096dETR7NlNKPsj_Ew1wmNhtIGkxwJw7M6U6SVRpDabhOt4lHl1lwmHiYtGTayRGkwFrDVJ&_nc_ad=z-m&_nc_cid=0&_nc_zt=23&_nc_ht=instagram.ftgz2-1.fna&_nc_gid=8C1vo79zooRdEKD2fcIVwA&_nc_ss=7a22e&oh=00_AQLHXftmWxzuWH5cpZUrdcg3xeUGaKeB02DvXB8OwZeY6w&oe=6A98E0AF,https://www.instagram.com/p/DcjfMcbkgCV/
Machadão Atacadista,Higiene / Cuidados Pessoais,Creme Dental Colgate Máxima Proteção Anticáries 120g,5.99,27/08/2026,https://instagram.ftgz2-1.fna.fbcdn.net/v/t39.30808-6/786141071_1360550506164907_1343288441209680541_n.jpg?stp=dst-jpg_e35_tt6&_nc_cat=100&ig_cache_key=Mzk3MzE1NjQ3MjAxNjIzNDQ4NA%3D%3D.3-ccb7-5&ccb=7-5&_nc_sid=58cdad&efg=eyJ2ZW5jb2RlX3RhZyI6IkNBUk9VU0VMX0lURU0ueHBpZHMuMTYzOC5zZHIucmVndWxhcl9waG90by5DMyJ9&_nc_ohc=rAfVUo0mg-MQ7kNvwGBDKPC&_nc_oc=AdrBCVHPFQe5gEaTM4K6__GqWWoU9Ty9eLyb0b5MgP1yktN7u871woLg1I9BYAdXIlDJYbjJYvmhJlZLmxVBf_a5&_nc_ad=z-m&_nc_cid=0&_nc_zt=23&_nc_ht=instagram.ftgz2-1.fna&_nc_gid=8C1vo79zooRdEKD2fcIVwA&_nc_ss=7a22e&oh=00_AQLqSQQQQxQlJSzp_4RkHaaJEKvBfXedUep-eAX5SmuTNQ&oe=6A98B579,https://www.instagram.com/p/DcjfMcbkgCV/
Supermercado São Pedro,Higiene / Cuidados Pessoais,Desodorante Aerossol Rexona Clinical 150ml,14.99,27/08/2026,https://instagram.fsvq6-1.fna.fbcdn.net/v/t39.30808-6/785993166_1505168978322885_7442982966970505933_n.jpg?stp=c0.0.1638.2048a_dst-jpg_e35_s1638x2048_tt6&_nc_cat=110&ig_cache_key=Mzk3MzI3Njk2ODM0NzI3MzQzNQ%3D%3D.3-ccb7-5&ccb=7-5&_nc_sid=58cdad&efg=eyJ2ZW5jb2RlX3RhZyI6IkNBUk9VU0VMX0lURU0ueHBpZHMuMTYzOS5zZHIucmVndWxhcl9waG90by5DMyJ9&_nc_ohc=5-K7ePTTbO0Q7kNvwGugHFY&_nc_oc=Adq2UKUEN2T-7eIJk1jeY1fGqou70XnfCk5jwyU478sUI8bIkfn7VJwfaS_B6BP0MWQ&_nc_ad=z-m&_nc_cid=3033&_nc_zt=23&_nc_ht=instagram.fsvq6-1.fna&_nc_gid=cr2BBsXJ9hal_kRAgWsMyQ&_nc_ss=7a22e&oh=00_AQKLDjrGoatKwTmVcs4BpPH_355fOHn_yz5gY9ivVHnNng&oe=6A98D20E,https://www.instagram.com/p/Dcj6lyLlKpL/
Bom Jesus Primavera do Leste 🛒,Higiene / Cuidados Pessoais,Shampoo Dove 190ml,15.99,27/08/2026,https://instagram.fmvf1-1.fna.fbcdn.net/v/t51.82787-15/787993259_18374687005237813_4471412213431393234_n.jpg?stp=dst-jpg_e35_tt6&_nc_cat=103&ig_cache_key=Mzk3Mjk0NzA1MzQ4MTkxNTUyNQ%3D%3D.3-ccb7-5&ccb=7-5&_nc_sid=58cdad&efg=eyJ2ZW5jb2RlX3RhZyI6IkZFRUQueHBpZHMuMTM1MC5zZHIucmVndWxhcl9waG90by5DMyJ9&_nc_ohc=TDgSfUoaAVwQ7kNvwEIJG_n&_nc_oc=AdrLqbORTF-nJ5wfhBLkA9D5VQaEh2wRkssjfKkPN0Y2aywVg5Dy_h1LoZ4J8duBg1w&_nc_ad=z-m&_nc_cid=0&_nc_zt=23&_nc_ht=instagram.fmvf1-1.fna&_nc_gid=98vsvuSaWIRegx6I2u2_8A&_nc_ss=7a22e&oh=00_AQIEBiGdKNmXetGcSi-tia6htcw973dmzm-cYh3g2tDnmw&oe=6A98B3AE,https://www.instagram.com/p/DcivkuqOXSF/
Machadão Atacadista,Higiene / Cuidados Pessoais,Absorvente Intimus Noturno Suave com Abas 16un,15.99,27/08/2026,https://instagram.ftgz2-1.fna.fbcdn.net/v/t39.30808-6/786779086_1360550472831577_8028710268323392841_n.jpg?stp=dst-jpg_e35_tt6&_nc_cat=100&ig_cache_key=Mzk3MzE1NjQ3MjI0MjcxMDI2OQ%3D%3D.3-ccb7-5&ccb=7-5&_nc_sid=58cdad&efg=eyJ2ZW5jb2RlX3RhZyI6IkNBUk9VU0VMX0lURU0ueHBpZHMuMTYzOC5zZHIucmVndWxhcl9waG90by5DMyJ9&_nc_ohc=WKCTmqyswmsQ7kNvwGCsa28&_nc_oc=AdpK61pp0haF8dqWH096dETR7NlNKPsj_Ew1wmNhtIGkxwJw7M6U6SVRpDabhOt4lHl1lwmHiYtGTayRGkwFrDVJ&_nc_ad=z-m&_nc_cid=0&_nc_zt=23&_nc_ht=instagram.ftgz2-1.fna&_nc_gid=8C1vo79zooRdEKD2fcIVwA&_nc_ss=7a22e&oh=00_AQLHXftmWxzuWH5cpZUrdcg3xeUGaKeB02DvXB8OwZeY6w&oe=6A98E0AF,https://www.instagram.com/p/DcjfMcbkgCV/
Machadão Atacadista,Higiene / Cuidados Pessoais,Absorvente Intimus Noturno Suave 16un,15.99,27/08/2026,https://instagram.ftgz2-1.fna.fbcdn.net/v/t39.30808-6/786141071_1360550506164907_1343288441209680541_n.jpg?stp=dst-jpg_e35_tt6&_nc_cat=100&ig_cache_key=Mzk3MzE1NjQ3MjAxNjIzNDQ4NA%3D%3D.3-ccb7-5&ccb=7-5&_nc_sid=58cdad&efg=eyJ2ZW5jb2RlX3RhZyI6IkNBUk9VU0VMX0lURU0ueHBpZHMuMTYzOC5zZHIucmVndWxhcl9waG90by5DMyJ9&_nc_ohc=rAfVUo0mg-MQ7kNvwGBDKPC&_nc_oc=AdrBCVHPFQe5gEaTM4K6__GqWWoU9Ty9eLyb0b5MgP1yktN7u871woLg1I9BYAdXIlDJYbjJYvmhJlZLmxVBf_a5&_nc_ad=z-m&_nc_cid=0&_nc_zt=23&_nc_ht=instagram.ftgz2-1.fna&_nc_gid=8C1vo79zooRdEKD2fcIVwA&_nc_ss=7a22e&oh=00_AQLqSQQQQxQlJSzp_4RkHaaJEKvBfXedUep-eAX5SmuTNQ&oe=6A98B579,https://www.instagram.com/p/DcjfMcbkgCV/
Bom Jesus Primavera do Leste 🛒,Higiene / Cuidados Pessoais,Desodorante Aerosol Dove 150ml,17.99,27/08/2026,https://instagram.fmvf1-1.fna.fbcdn.net/v/t51.82787-15/787993259_18374687005237813_4471412213431393234_n.jpg?stp=dst-jpg_e35_tt6&_nc_cat=103&ig_cache_key=Mzk3Mjk0NzA1MzQ4MTkxNTUyNQ%3D%3D.3-ccb7-5&ccb=7-5&_nc_sid=58cdad&efg=eyJ2ZW5jb2RlX3RhZyI6IkZFRUQueHBpZHMuMTM1MC5zZHIucmVndWxhcl9waG90by5DMyJ9&_nc_ohc=TDgSfUoaAVwQ7kNvwEIJG_n&_nc_oc=AdrLqbORTF-nJ5wfhBLkA9D5VQaEh2wRkssjfKkPN0Y2aywVg5Dy_h1LoZ4J8duBg1w&_nc_ad=z-m&_nc_cid=0&_nc_zt=23&_nc_ht=instagram.fmvf1-1.fna&_nc_gid=98vsvuSaWIRegx6I2u2_8A&_nc_ss=7a22e&oh=00_AQIEBiGdKNmXetGcSi-tia6htcw973dmzm-cYh3g2tDnmw&oe=6A98B3AE,https://www.instagram.com/p/DcivkuqOXSF/
Bom Jesus Primavera do Leste 🛒,Higiene / Cuidados Pessoais,Condicionador Dove 190ml,22.99,27/08/2026,https://instagram.fmvf1-1.fna.fbcdn.net/v/t51.82787-15/787993259_18374687005237813_4471412213431393234_n.jpg?stp=dst-jpg_e35_tt6&_nc_cat=103&ig_cache_key=Mzk3Mjk0NzA1MzQ4MTkxNTUyNQ%3D%3D.3-ccb7-5&ccb=7-5&_nc_sid=58cdad&efg=eyJ2ZW5jb2RlX3RhZyI6IkZFRUQueHBpZHMuMTM1MC5zZHIucmVndWxhcl9waG90by5DMyJ9&_nc_ohc=TDgSfUoaAVwQ7kNvwEIJG_n&_nc_oc=AdrLqbORTF-nJ5wfhBLkA9D5VQaEh2wRkssjfKkPN0Y2aywVg5Dy_h1LoZ4J8duBg1w&_nc_ad=z-m&_nc_cid=0&_nc_zt=23&_nc_ht=instagram.fmvf1-1.fna&_nc_gid=98vsvuSaWIRegx6I2u2_8A&_nc_ss=7a22e&oh=00_AQIEBiGdKNmXetGcSi-tia6htcw973dmzm-cYh3g2tDnmw&oe=6A98B3AE,https://www.instagram.com/p/DcivkuqOXSF/
Bom Jesus Primavera do Leste 🛒,Higiene / Cuidados Pessoais,Kit Shampoo Elseve 375ml + Condicionador 175ml,27.99,28/08/2026,https://scontent-mxp1-1.cdninstagram.com/v/t51.82787-15/788860531_18374942995237813_624644092953609674_n.jpg?stp=dst-jpg_e35_tt6&_nc_cat=106&ig_cache_key=Mzk3Mzk3Nzc4MjEzMTM5MTcwNQ%3D%3D.3-ccb7-5&ccb=7-5&_nc_sid=58cdad&efg=eyJ2ZW5jb2RlX3RhZyI6IkNBUk9VU0VMX0lURU0ueHBpZHMuMTA4MC5zZHIucmVndWxhcl9waG90by5DMyJ9&_nc_ohc=7IsixMbzdvIQ7kNvwFLr1IY&_nc_oc=AdrQMI6TD_X8w6y4rLquClq6yJmmEdOGtMhzEN4tBiP2x83SnaxNlcn35DJEvjd1cXA&_nc_ad=z-m&_nc_cid=0&_nc_zt=23&_nc_ht=scontent-mxp1-1.cdninstagram.com&_nc_gid=2W0u87jjP_IT_10skYXvyg&_nc_ss=7a22e&oh=00_AQKmZVQHrk7uaq12CSeJmfTXqPmLQnSIiQD_VhgIJBu7DQ&oe=6A98BE0B,https://www.instagram.com/p/DcmZ8cDD400/
Bom Jesus Primavera do Leste 🛒,Higiene / Cuidados Pessoais,Fralda Huggies Tripla Proteção,36.99,28/08/2026,https://scontent-mxp1-1.cdninstagram.com/v/t51.82787-15/788860531_18374942995237813_624644092953609674_n.jpg?stp=dst-jpg_e35_tt6&_nc_cat=106&ig_cache_key=Mzk3Mzk3Nzc4MjEzMTM5MTcwNQ%3D%3D.3-ccb7-5&ccb=7-5&_nc_sid=58cdad&efg=eyJ2ZW5jb2RlX3RhZyI6IkNBUk9VU0VMX0lURU0ueHBpZHMuMTA4MC5zZHIucmVndWxhcl9waG90by5DMyJ9&_nc_ohc=7IsixMbzdvIQ7kNvwFLr1IY&_nc_oc=AdrQMI6TD_X8w6y4rLquClq6yJmmEdOGtMhzEN4tBiP2x83SnaxNlcn35DJEvjd1cXA&_nc_ad=z-m&_nc_cid=0&_nc_zt=23&_nc_ht=scontent-mxp1-1.cdninstagram.com&_nc_gid=2W0u87jjP_IT_10skYXvyg&_nc_ss=7a22e&oh=00_AQKmZVQHrk7uaq12CSeJmfTXqPmLQnSIiQD_VhgIJBu7DQ&oe=6A98BE0B,https://www.instagram.com/p/DcmZ8cDD400/
Machadão Atacadista,Higiene / Papelaria,Guardanapo de Papel Mili 30cmx29.5cm,2.99,27/08/2026,https://instagram.ftgz2-1.fna.fbcdn.net/v/t39.30808-6/786779086_1360550472831577_8028710268323392841_n.jpg?stp=dst-jpg_e35_tt6&_nc_cat=100&ig_cache_key=Mzk3MzE1NjQ3MjI0MjcxMDI2OQ%3D%3D.3-ccb7-5&ccb=7-5&_nc_sid=58cdad&efg=eyJ2ZW5jb2RlX3RhZyI6IkNBUk9VU0VMX0lURU0ueHBpZHMuMTYzOC5zZHIucmVndWxhcl9waG90by5DMyJ9&_nc_ohc=WKCTmqyswmsQ7kNvwGCsa28&_nc_oc=AdpK61pp0haF8dqWH096dETR7NlNKPsj_Ew1wmNhtIGkxwJw7M6U6SVRpDabhOt4lHl1lwmHiYtGTayRGkwFrDVJ&_nc_ad=z-m&_nc_cid=0&_nc_zt=23&_nc_ht=instagram.ftgz2-1.fna&_nc_gid=8C1vo79zooRdEKD2fcIVwA&_nc_ss=7a22e&oh=00_AQLHXftmWxzuWH5cpZUrdcg3xeUGaKeB02DvXB8OwZeY6w&oe=6A98E0AF,https://www.instagram.com/p/DcjfMcbkgCV/
Machadão Atacadista,Higiene / Papelaria,Guardanapo de Papel Mili 30cm X 29.5cm,2.99,27/08/2026,https://instagram.ftgz2-1.fna.fbcdn.net/v/t39.30808-6/786141071_1360550506164907_1343288441209680541_n.jpg?stp=dst-jpg_e35_tt6&_nc_cat=100&ig_cache_key=Mzk3MzE1NjQ3MjAxNjIzNDQ4NA%3D%3D.3-ccb7-5&ccb=7-5&_nc_sid=58cdad&efg=eyJ2ZW5jb2RlX3RhZyI6IkNBUk9VU0VMX0lURU0ueHBpZHMuMTYzOC5zZHIucmVndWxhcl9waG90by5DMyJ9&_nc_ohc=rAfVUo0mg-MQ7kNvwGBDKPC&_nc_oc=AdrBCVHPFQe5gEaTM4K6__GqWWoU9Ty9eLyb0b5MgP1yktN7u871woLg1I9BYAdXIlDJYbjJYvmhJlZLmxVBf_a5&_nc_ad=z-m&_nc_cid=0&_nc_zt=23&_nc_ht=instagram.ftgz2-1.fna&_nc_gid=8C1vo79zooRdEKD2fcIVwA&_nc_ss=7a22e&oh=00_AQLqSQQQQxQlJSzp_4RkHaaJEKvBfXedUep-eAX5SmuTNQ&oe=6A98B579,https://www.instagram.com/p/DcjfMcbkgCV/
Machadão Atacadista,Higiene / Papelaria,Papel Higiênico Paloma Folha Dupla 20m 12 Rolos,8.99,29/08/2026,https://instagram.fybz1-1.fna.fbcdn.net/v/t39.30808-6/787818744_1361482319405059_5266910483239539320_n.jpg?stp=dst-jpg_e35_tt6&_nc_cat=100&ig_cache_key=Mzk3NDAzMjYxNjU3OTY3NTg2OA%3D%3D.3-ccb7-5&ccb=7-5&_nc_sid=58cdad&efg=eyJ2ZW5jb2RlX3RhZyI6IkZFRUQueHBpZHMuMTYzOC5zZHIucmVndWxhcl9waG90by5DMyJ9&_nc_ohc=oI3zhpduiF0Q7kNvwF_0GwG&_nc_oc=AdqaKJ_wrh_49d5R2jrb9GklZeP564UPwDyLz5XuHHN4z-sGpH1zbMzRzbtGuB8XHE_iMycJC2Zx70C81i0eXSYi&_nc_ad=z-m&_nc_cid=0&_nc_zt=23&_nc_ht=instagram.fybz1-1.fna&_nc_gid=2C3jxZvv_-YuGtRxv5jgYA&_nc_ss=7a22e&oh=00_AQKAQKg5om1JD7yvnSedyRicgpeNwhyLRN-7mMwbjGbxGg&oe=6A98D529,https://www.instagram.com/p/DcmmZwFDDbc/
Supermercado Tuiuiú,Higiene / Papelaria,Papel Higiênico Duetto 12 Rolos,15.99,28/08/2026,https://instagram.fyhu2-1.fna.fbcdn.net/v/t39.30808-6/782169170_1720016740132144_6974904276998945912_n.jpg?stp=dst-jpg_e35_tt6&_nc_cat=105&ig_cache_key=Mzk3MzM0Mjg3OTk5ODQ4MTkyMA%3D%3D.3-ccb7-5&ccb=7-5&_nc_sid=58cdad&efg=eyJ2ZW5jb2RlX3RhZyI6IkNBUk9VU0VMX0lURU0ueHBpZHMuMTI1NC5zZHIucmVndWxhcl9waG90by5DMyJ9&_nc_ohc=q-Z25NrUeboQ7kNvwFssT6V&_nc_oc=Adp794qXde3FqRxXe5VKtHeFF050ETDTrRiikza7umOHMljKhURDKgLeaKuz3EGNz4pFdYumLU9GkBHeiLI6PjAz&_nc_ad=z-m&_nc_cid=0&_nc_zt=23&_nc_ht=instagram.fyhu2-1.fna&_nc_gid=8hRfZTGV61lKPZlNYQ9LfQ&_nc_ss=7a22e&oh=00_AQLzJJzU6729RVOC4qNTh8VTw4VWsiwuHiFCtYE5b_M1LQ&oe=6A98D409,https://www.instagram.com/p/DckJlYyI3Tu/
Supermercado São Pedro,Higiene / Papelaria,Papel Higiênico Duetto Folha Dupla 12 Rolos 30m,16.99,27/08/2026,https://instagram.fsvq6-1.fna.fbcdn.net/v/t39.30808-6/785993166_1505168978322885_7442982966970505933_n.jpg?stp=c0.0.1638.2048a_dst-jpg_e35_s1638x2048_tt6&_nc_cat=110&ig_cache_key=Mzk3MzI3Njk2ODM0NzI3MzQzNQ%3D%3D.3-ccb7-5&ccb=7-5&_nc_sid=58cdad&efg=eyJ2ZW5jb2RlX3RhZyI6IkNBUk9VU0VMX0lURU0ueHBpZHMuMTYzOS5zZHIucmVndWxhcl9waG90by5DMyJ9&_nc_ohc=5-K7ePTTbO0Q7kNvwGugHFY&_nc_oc=Adq2UKUEN2T-7eIJk1jeY1fGqou70XnfCk5jwyU478sUI8bIkfn7VJwfaS_B6BP0MWQ&_nc_ad=z-m&_nc_cid=3033&_nc_zt=23&_nc_ht=instagram.fsvq6-1.fna&_nc_gid=cr2BBsXJ9hal_kRAgWsMyQ&_nc_ss=7a22e&oh=00_AQKLDjrGoatKwTmVcs4BpPH_355fOHn_yz5gY9ivVHnNng&oe=6A98D20E,https://www.instagram.com/p/Dcj6lyLlKpL/
Machadão Atacadista,Higiene / Papelaria,Papel Higiênico Duetto Folha Dupla 30m 12un,19.9,27/08/2026,https://instagram.ftgz2-1.fna.fbcdn.net/v/t39.30808-6/786779086_1360550472831577_8028710268323392841_n.jpg?stp=dst-jpg_e35_tt6&_nc_cat=100&ig_cache_key=Mzk3MzE1NjQ3MjI0MjcxMDI2OQ%3D%3D.3-ccb7-5&ccb=7-5&_nc_sid=58cdad&efg=eyJ2ZW5jb2RlX3RhZyI6IkNBUk9VU0VMX0lURU0ueHBpZHMuMTYzOC5zZHIucmVndWxhcl9waG90by5DMyJ9&_nc_ohc=WKCTmqyswmsQ7kNvwGCsa28&_nc_oc=AdpK61pp0haF8dqWH096dETR7NlNKPsj_Ew1wmNhtIGkxwJw7M6U6SVRpDabhOt4lHl1lwmHiYtGTayRGkwFrDVJ&_nc_ad=z-m&_nc_cid=0&_nc_zt=23&_nc_ht=instagram.ftgz2-1.fna&_nc_gid=8C1vo79zooRdEKD2fcIVwA&_nc_ss=7a22e&oh=00_AQLHXftmWxzuWH5cpZUrdcg3xeUGaKeB02DvXB8OwZeY6w&oe=6A98E0AF,https://www.instagram.com/p/DcjfMcbkgCV/
Machadão Atacadista,Higiene / Papelaria,Papel Higiênico Duetto Folha Dupla 30m 12un,19.9,27/08/2026,https://instagram.ftgz2-1.fna.fbcdn.net/v/t39.30808-6/786141071_1360550506164907_1343288441209680541_n.jpg?stp=dst-jpg_e35_tt6&_nc_cat=100&ig_cache_key=Mzk3MzE1NjQ3MjAxNjIzNDQ4NA%3D%3D.3-ccb7-5&ccb=7-5&_nc_sid=58cdad&efg=eyJ2ZW5jb2RlX3RhZyI6IkNBUk9VU0VMX0lURU0ueHBpZHMuMTYzOC5zZHIucmVndWxhcl9waG90by5DMyJ9&_nc_ohc=rAfVUo0mg-MQ7kNvwGBDKPC&_nc_oc=AdrBCVHPFQe5gEaTM4K6__GqWWoU9Ty9eLyb0b5MgP1yktN7u871woLg1I9BYAdXIlDJYbjJYvmhJlZLmxVBf_a5&_nc_ad=z-m&_nc_cid=0&_nc_zt=23&_nc_ht=instagram.ftgz2-1.fna&_nc_gid=8C1vo79zooRdEKD2fcIVwA&_nc_ss=7a22e&oh=00_AQLqSQQQQxQlJSzp_4RkHaaJEKvBfXedUep-eAX5SmuTNQ&oe=6A98B579,https://www.instagram.com/p/DcjfMcbkgCV/
Supermercado São Pedro,Hortifruti / Ovos,Cebola kg,3.99,28/08/2026,https://scontent-waw2-1.cdninstagram.com/v/t51.82787-15/785599572_18195711460382122_5575322653184498920_n.jpg?stp=dst-jpg_e35_tt6&_nc_cat=109&ig_cache_key=Mzk3MzY3MjU2OTQ3ODkxNjI0Mw%3D%3D.3-ccb7-5&ccb=7-5&_nc_sid=58cdad&efg=eyJ2ZW5jb2RlX3RhZyI6IkNBUk9VU0VMX0lURU0ueHBpZHMuMTA4MS5zZHIucmVndWxhcl9waG90by5DMyJ9&_nc_ohc=YlNv7Hxcm4EQ7kNvwHLR-nH&_nc_oc=AdrkEDBETtiY_sVQ5prdeQigXPtTegs8ow61LHW1V3LjKMEdDYHnyXg1zWQ6hk8dUNc&_nc_ad=z-m&_nc_cid=1479&_nc_zt=23&_nc_ht=scontent-waw2-1.cdninstagram.com&_nc_gid=KF1k9W2wUwOlXi1LVTyTGw&_nc_ss=7a22e&oh=00_AQLV8Gd4GEG4Mtnn6erctgs70eMNEGk4hoN43QEpMOnl3w&oe=6A98CBD2,https://www.instagram.com/p/DclUqI1G7TG/
Supermercado São Pedro,Hortifruti / Ovos,Tomate kg,5.39,28/08/2026,https://scontent-waw2-1.cdninstagram.com/v/t51.82787-15/785599572_18195711460382122_5575322653184498920_n.jpg?stp=dst-jpg_e35_tt6&_nc_cat=109&ig_cache_key=Mzk3MzY3MjU2OTQ3ODkxNjI0Mw%3D%3D.3-ccb7-5&ccb=7-5&_nc_sid=58cdad&efg=eyJ2ZW5jb2RlX3RhZyI6IkNBUk9VU0VMX0lURU0ueHBpZHMuMTA4MS5zZHIucmVndWxhcl9waG90by5DMyJ9&_nc_ohc=YlNv7Hxcm4EQ7kNvwHLR-nH&_nc_oc=AdrkEDBETtiY_sVQ5prdeQigXPtTegs8ow61LHW1V3LjKMEdDYHnyXg1zWQ6hk8dUNc&_nc_ad=z-m&_nc_cid=1479&_nc_zt=23&_nc_ht=scontent-waw2-1.cdninstagram.com&_nc_gid=KF1k9W2wUwOlXi1LVTyTGw&_nc_ss=7a22e&oh=00_AQLV8Gd4GEG4Mtnn6erctgs70eMNEGk4hoN43QEpMOnl3w&oe=6A98CBD2,https://www.instagram.com/p/DclUqI1G7TG/
Super Compras Supermercado,Hortifruti / Ovos,Batata Palha Qualimax 100g,6.99,28/08/2026,https://instagram.fsyd10-1.fna.fbcdn.net/v/t51.82787-15/778381296_18192777073391764_3495327765482658959_n.jpg?stp=dst-jpg_e35_tt6&_nc_cat=108&ig_cache_key=Mzk3MzI5MDk1OTA3NzU1MjQ2OA%3D%3D.3-ccb7-5&ccb=7-5&_nc_sid=58cdad&efg=eyJ2ZW5jb2RlX3RhZyI6IkZFRUQueHBpZHMuMTQ0MC5zZHIucmVndWxhcl9waG90by5DMyJ9&_nc_ohc=2HLQR4PBfsgQ7kNvwFH0xOj&_nc_oc=Adq7FpJVek-bLPex8t8nW1VCFRGfs2_t63o6yspr1ZUtTgp_Wk7vvuVC7Tm4_bePjyc&_nc_ad=z-m&_nc_cid=0&_nc_zt=23&_nc_ht=instagram.fsyd10-1.fna&_nc_gid=yGeBUZ6gLFxj3rPs_uYd6g&_nc_ss=7a22e&oh=00_AQIiVJsR4RjAJxAMGZavae_TYo1SoCfsoQ8DlXq8aTlfxw&oe=6A98D916,https://www.instagram.com/p/Dcj9xNtFrFU/
Supermercado Tuiuiú,Hortifruti / Ovos,Ovos Brancos 30un,11.99,28/08/2026,https://instagram.fymq2-1.fna.fbcdn.net/v/t39.30808-6/777867278_1720016746798810_8968857745876573698_n.jpg?stp=dst-jpg_e35_tt6&_nc_cat=108&ig_cache_key=Mzk3MzM0Mjg3ODY1NjMwNjQwOQ%3D%3D.3-ccb7-5&ccb=7-5&_nc_sid=58cdad&efg=eyJ2ZW5jb2RlX3RhZyI6IkNBUk9VU0VMX0lURU0ueHBpZHMuMTI1NC5zZHIucmVndWxhcl9waG90by5DMyJ9&_nc_ohc=Z9Kw3OPyQ28Q7kNvwFT8HkC&_nc_oc=Ado9WbaiW-B85a9X-7VICChNu_ItbvS4qfZe6f1MBmtla828UodCZMj0F8v7Pgge_ulMXVa8QV-W_OJkpoupZXn1&_nc_ad=z-m&_nc_cid=0&_nc_zt=23&_nc_ht=instagram.fymq2-1.fna&_nc_gid=8hRfZTGV61lKPZlNYQ9LfQ&_nc_ss=7a22e&oh=00_AQJakAmFDnTVQdsBrYo2-qSm4CtSkD3pnZR-y_zruBoT1A&oe=6A98C4C9,https://www.instagram.com/p/DckJlYyI3Tu/
Super Compras Supermercado,Hortifruti / Ovos,Alho kg,14.99,29/08/2026,https://scontent-itm1-1.cdninstagram.com/v/t51.82787-15/787743920_18192892438391764_3005082908538598587_n.jpg?stp=dst-jpg_e35_tt6&_nc_cat=110&ig_cache_key=Mzk3NDAxMjMzNjQ5MTI3ODEzMg%3D%3D.3-ccb7-5&ccb=7-5&_nc_sid=58cdad&efg=eyJ2ZW5jb2RlX3RhZyI6IkNBUk9VU0VMX0lURU0ueHBpZHMuMTQ0MC5zZHIucmVndWxhcl9waG90by5DMyJ9&_nc_ohc=jo3tVs9LzLkQ7kNvwEEXhXu&_nc_oc=AdoWdKPC5-PErszL1TO6jMbufuXrXvUdptAb3NLGnkDmhMOTrKx5VkGvRX58LrbvGBptdadpd7zG9en7536FmFhn&_nc_ad=z-m&_nc_cid=0&_nc_zt=23&_nc_ht=scontent-itm1-1.cdninstagram.com&_nc_gid=ATf4ZhlWvUf1BbIXiW6T_A&_nc_ss=7a22e&oh=00_AQLH-x_TU2iikLIhOJkObAYenYEWIoVc9Ucuhu9yIBlZEQ&oe=6A98CD3B,https://www.instagram.com/p/DcmhzwZjQj_/
Machadão Atacadista,Hortifruti / Ovos,Batata Easychef 1.1kg,15.99,25/08/2026,https://instagram.fein1-2.fna.fbcdn.net/v/t39.30808-6/786543128_1358645369688754_2779017979935584164_n.jpg?stp=dst-jpg_e35_tt6&_nc_cat=101&ig_cache_key=Mzk3MTUyNDg5NTIzNDEwNDA4Mg%3D%3D.3-ccb7-5&ccb=7-5&_nc_sid=58cdad&efg=eyJ2ZW5jb2RlX3RhZyI6IkNBUk9VU0VMX0lURU0ueHBpZHMuMTYzOC5zZHIucmVndWxhcl9waG90by5DMyJ9&_nc_ohc=fkD66OU_vJ8Q7kNvwE5vvQ9&_nc_oc=AdqeEOwEMhDQKE6AQjXN76ofQneqYaAyD5EATiFCUyuCeY39m5crwQtkZKNuUSU1Sgs&_nc_ad=z-m&_nc_cid=1207&_nc_zt=23&_nc_ht=instagram.fein1-2.fna&_nc_gid=NhetOI29J2yoTRQ2V38LbQ&_nc_ss=7a22e&oh=00_AQJDR2iSSXmG_pdffRjUCfCQB4TX_zYP7PgdGFxKpN1MDg&oe=6A98CDC4,https://www.instagram.com/p/DcdsNxKDBTG/
Machadão Atacadista,Hortifruti / Ovos,Batata Easychef 1.1kg,15.99,25/08/2026,https://instagram.fein1-2.fna.fbcdn.net/v/t39.30808-6/785059096_1358646486355309_4355252955160182464_n.jpg?stp=dst-jpg_e35_tt6&_nc_cat=107&ig_cache_key=Mzk3MTUyNDg5Njc4NTk1NzI2NA%3D%3D.3-ccb7-5&ccb=7-5&_nc_sid=58cdad&efg=eyJ2ZW5jb2RlX3RhZyI6IkNBUk9VU0VMX0lURU0ueHBpZHMuMTYzOC5zZHIucmVndWxhcl9waG90by5DMyJ9&_nc_ohc=7xcost5b2JkQ7kNvwGRnKAh&_nc_oc=Adr6LqKYUqvr-aBPjGkkwKovi3pXvPATEa8TVsUbwMdoOmnC7ShRwjZFJ_mDOOJmpTE&_nc_ad=z-m&_nc_cid=1207&_nc_zt=23&_nc_ht=instagram.fein1-2.fna&_nc_gid=NhetOI29J2yoTRQ2V38LbQ&_nc_ss=7a22e&oh=00_AQKXls8m4JkM1ajrNyuZiIdsWs9FVMO3GnXESIlwTc7uhw&oe=6A98DB81,https://www.instagram.com/p/DcdsNxKDBTG/
Supermercado São Pedro,Hortifruti / Ovos,Batata Sadia 2kg,27.49,28/08/2026,https://scontent-waw2-1.cdninstagram.com/v/t51.82787-15/785599572_18195711460382122_5575322653184498920_n.jpg?stp=dst-jpg_e35_tt6&_nc_cat=109&ig_cache_key=Mzk3MzY3MjU2OTQ3ODkxNjI0Mw%3D%3D.3-ccb7-5&ccb=7-5&_nc_sid=58cdad&efg=eyJ2ZW5jb2RlX3RhZyI6IkNBUk9VU0VMX0lURU0ueHBpZHMuMTA4MS5zZHIucmVndWxhcl9waG90by5DMyJ9&_nc_ohc=YlNv7Hxcm4EQ7kNvwHLR-nH&_nc_oc=AdrkEDBETtiY_sVQ5prdeQigXPtTegs8ow61LHW1V3LjKMEdDYHnyXg1zWQ6hk8dUNc&_nc_ad=z-m&_nc_cid=1479&_nc_zt=23&_nc_ht=scontent-waw2-1.cdninstagram.com&_nc_gid=KF1k9W2wUwOlXi1LVTyTGw&_nc_ss=7a22e&oh=00_AQLV8Gd4GEG4Mtnn6erctgs70eMNEGk4hoN43QEpMOnl3w&oe=6A98CBD2,https://www.instagram.com/p/DclUqI1G7TG/
Supermercado Tuiuiú,Laticínios / Leites e Derivados,Creme de Leite Piracanjuba 200ml,2.49,28/08/2026,https://instagram.fymq2-1.fna.fbcdn.net/v/t39.30808-6/752708427_1720016720132146_149709506206268519_n.jpg?stp=dst-jpg_e35_tt6&_nc_cat=108&ig_cache_key=Mzk3MzM0Mjg4MDAxNTI3Mzk0NA%3D%3D.3-ccb7-5&ccb=7-5&_nc_sid=58cdad&efg=eyJ2ZW5jb2RlX3RhZyI6IkNBUk9VU0VMX0lURU0ueHBpZHMuMTI1NC5zZHIucmVndWxhcl9waG90by5DMyJ9&_nc_ohc=7bG_IFJvHW0Q7kNvwEhMbIJ&_nc_oc=AdotURz-xsqRGck58ffEBZcbN83qeSHGiSQGr1Nl7IMO95MM2oO3bauKM7zJHqQnwpyOUFSk--t-EmHCOVXYz3Pf&_nc_ad=z-m&_nc_cid=0&_nc_zt=23&_nc_ht=instagram.fymq2-1.fna&_nc_gid=8hRfZTGV61lKPZlNYQ9LfQ&_nc_ss=7a22e&oh=00_AQJy8lCV4vqXkPkkHcPjQxdF5CVzL-DPiT6P0yWXhjL96Q&oe=6A98BED3,https://www.instagram.com/p/DckJlYyI3Tu/
Bom Jesus Primavera do Leste 🛒,Laticínios / Leites e Derivados,Leite Condensado Italac 395g,5.69,28/08/2026,https://scontent-mxp1-1.cdninstagram.com/v/t51.82787-15/788139857_18374943016237813_6095318216715939563_n.jpg?stp=dst-jpg_e35_tt6&_nc_cat=107&ig_cache_key=Mzk3Mzk3Nzc4MDcyMjI3NDY1Mg%3D%3D.3-ccb7-5&ccb=7-5&_nc_sid=58cdad&efg=eyJ2ZW5jb2RlX3RhZyI6IkNBUk9VU0VMX0lURU0ueHBpZHMuMTA4MC5zZHIucmVndWxhcl9waG90by5DMyJ9&_nc_ohc=u6RrkwcH62kQ7kNvwFkF7r_&_nc_oc=AdoUTvqJuGAdFFjDPotrv9yNgv57jRXQEjcOx6SpH-f07qQV87CsRiUzN53sQaqDcqc&_nc_ad=z-m&_nc_cid=0&_nc_zt=23&_nc_ht=scontent-mxp1-1.cdninstagram.com&_nc_gid=2W0u87jjP_IT_10skYXvyg&_nc_ss=7a22e&oh=00_AQKBt_pu4Ue0M_Xe2k7mZVRwaDl3p21ilOGbqB4oWu2lsg&oe=6A98BBF0,https://www.instagram.com/p/DcmZ8cDD400/
Supermercado Tuiuiú,Laticínios / Leites e Derivados,Leite Condensado Piracanjuba 395g,5.79,28/08/2026,https://instagram.fymq2-1.fna.fbcdn.net/v/t39.30808-6/752708427_1720016720132146_149709506206268519_n.jpg?stp=dst-jpg_e35_tt6&_nc_cat=108&ig_cache_key=Mzk3MzM0Mjg4MDAxNTI3Mzk0NA%3D%3D.3-ccb7-5&ccb=7-5&_nc_sid=58cdad&efg=eyJ2ZW5jb2RlX3RhZyI6IkNBUk9VU0VMX0lURU0ueHBpZHMuMTI1NC5zZHIucmVndWxhcl9waG90by5DMyJ9&_nc_ohc=7bG_IFJvHW0Q7kNvwEhMbIJ&_nc_oc=AdotURz-xsqRGck58ffEBZcbN83qeSHGiSQGr1Nl7IMO95MM2oO3bauKM7zJHqQnwpyOUFSk--t-EmHCOVXYz3Pf&_nc_ad=z-m&_nc_cid=0&_nc_zt=23&_nc_ht=instagram.fymq2-1.fna&_nc_gid=8hRfZTGV61lKPZlNYQ9LfQ&_nc_ss=7a22e&oh=00_AQJy8lCV4vqXkPkkHcPjQxdF5CVzL-DPiT6P0yWXhjL96Q&oe=6A98BED3,https://www.instagram.com/p/DckJlYyI3Tu/
Supermercado Tuiuiú,Laticínios / Leites e Derivados,Leite Integral Frimesa 1L,6.19,28/08/2026,https://instagram.fymq2-1.fna.fbcdn.net/v/t39.30808-6/777867278_1720016746798810_8968857745876573698_n.jpg?stp=dst-jpg_e35_tt6&_nc_cat=108&ig_cache_key=Mzk3MzM0Mjg3ODY1NjMwNjQwOQ%3D%3D.3-ccb7-5&ccb=7-5&_nc_sid=58cdad&efg=eyJ2ZW5jb2RlX3RhZyI6IkNBUk9VU0VMX0lURU0ueHBpZHMuMTI1NC5zZHIucmVndWxhcl9waG90by5DMyJ9&_nc_ohc=Z9Kw3OPyQ28Q7kNvwFT8HkC&_nc_oc=Ado9WbaiW-B85a9X-7VICChNu_ItbvS4qfZe6f1MBmtla828UodCZMj0F8v7Pgge_ulMXVa8QV-W_OJkpoupZXn1&_nc_ad=z-m&_nc_cid=0&_nc_zt=23&_nc_ht=instagram.fymq2-1.fna&_nc_gid=8hRfZTGV61lKPZlNYQ9LfQ&_nc_ss=7a22e&oh=00_AQJakAmFDnTVQdsBrYo2-qSm4CtSkD3pnZR-y_zruBoT1A&oe=6A98C4C9,https://www.instagram.com/p/DckJlYyI3Tu/
Supermercado Tuiuiú,Laticínios / Leites e Derivados,Requeijão Carolina 180g,6.49,26/08/2026,https://instagram.fagp3-1.fna.fbcdn.net/v/t51.82787-15/786993044_18581670784067900_4451038722088372453_n.jpg?stp=dst-jpg_e35_tt6&_nc_cat=106&ig_cache_key=Mzk3MjU4MDU3NDQ4MDgyOTk0OQ%3D%3D.3-ccb7-5&ccb=7-5&_nc_sid=58cdad&efg=eyJ2ZW5jb2RlX3RhZyI6IkNBUk9VU0VMX0lURU0ueHBpZHMuMTA4MC5zZHIucmVndWxhcl9waG90by5DMyJ9&_nc_ohc=LMIY6vyvLpAQ7kNvwGccPk8&_nc_oc=AdqIDS_WbJVYhxl5O8S3NhZrBoVNyFYZwiqg2CexlMc7PBX9DfCc6CiaNsLSqmBP5Ds&_nc_ad=z-m&_nc_cid=0&_nc_zt=23&_nc_ht=instagram.fagp3-1.fna&_nc_gid=cjP19A6j3LyH3jBF6hxCug&_nc_ss=7a22e&oh=00_AQJRFR_SvQ2z7Z4aJ9L95Igq-HVPUnF_HGP6BXPfnBfFjQ&oe=6A98BD51,https://www.instagram.com/p/DchcQH5DdVj/
Supermercado Tuiuiú,Laticínios / Leites e Derivados,Iogurte Carolina 800g,6.89,26/08/2026,https://instagram.fagp3-1.fna.fbcdn.net/v/t51.82787-15/786993044_18581670784067900_4451038722088372453_n.jpg?stp=dst-jpg_e35_tt6&_nc_cat=106&ig_cache_key=Mzk3MjU4MDU3NDQ4MDgyOTk0OQ%3D%3D.3-ccb7-5&ccb=7-5&_nc_sid=58cdad&efg=eyJ2ZW5jb2RlX3RhZyI6IkNBUk9VU0VMX0lURU0ueHBpZHMuMTA4MC5zZHIucmVndWxhcl9waG90by5DMyJ9&_nc_ohc=LMIY6vyvLpAQ7kNvwGccPk8&_nc_oc=AdqIDS_WbJVYhxl5O8S3NhZrBoVNyFYZwiqg2CexlMc7PBX9DfCc6CiaNsLSqmBP5Ds&_nc_ad=z-m&_nc_cid=0&_nc_zt=23&_nc_ht=instagram.fagp3-1.fna&_nc_gid=cjP19A6j3LyH3jBF6hxCug&_nc_ss=7a22e&oh=00_AQJRFR_SvQ2z7Z4aJ9L95Igq-HVPUnF_HGP6BXPfnBfFjQ&oe=6A98BD51,https://www.instagram.com/p/DchcQH5DdVj/
Supermercado São Pedro,Laticínios / Leites e Derivados,Leite Condensado Moça 395g,6.99,27/08/2026,https://instagram.fsvq6-1.fna.fbcdn.net/v/t39.30808-6/785993166_1505168978322885_7442982966970505933_n.jpg?stp=c0.0.1638.2048a_dst-jpg_e35_s1638x2048_tt6&_nc_cat=110&ig_cache_key=Mzk3MzI3Njk2ODM0NzI3MzQzNQ%3D%3D.3-ccb7-5&ccb=7-5&_nc_sid=58cdad&efg=eyJ2ZW5jb2RlX3RhZyI6IkNBUk9VU0VMX0lURU0ueHBpZHMuMTYzOS5zZHIucmVndWxhcl9waG90by5DMyJ9&_nc_ohc=5-K7ePTTbO0Q7kNvwGugHFY&_nc_oc=Adq2UKUEN2T-7eIJk1jeY1fGqou70XnfCk5jwyU478sUI8bIkfn7VJwfaS_B6BP0MWQ&_nc_ad=z-m&_nc_cid=3033&_nc_zt=23&_nc_ht=instagram.fsvq6-1.fna&_nc_gid=cr2BBsXJ9hal_kRAgWsMyQ&_nc_ss=7a22e&oh=00_AQKLDjrGoatKwTmVcs4BpPH_355fOHn_yz5gY9ivVHnNng&oe=6A98D20E,https://www.instagram.com/p/Dcj6lyLlKpL/
Bom Jesus Primavera do Leste 🛒,Laticínios / Leites e Derivados,Iogurte Petit Goininho Morango 320g,7.49,28/08/2026,https://scontent-mxp1-1.cdninstagram.com/v/t51.82787-15/786853630_18374942971237813_3112147777905981087_n.jpg?stp=dst-jpg_e35_tt6&_nc_cat=107&ig_cache_key=Mzk3Mzk3Nzc3OTE1MzU1MzcyNQ%3D%3D.3-ccb7-5&ccb=7-5&_nc_sid=58cdad&efg=eyJ2ZW5jb2RlX3RhZyI6IkNBUk9VU0VMX0lURU0ueHBpZHMuMTA4MC5zZHIucmVndWxhcl9waG90by5DMyJ9&_nc_ohc=X2aB_pDnUvgQ7kNvwG5Ndm-&_nc_oc=AdrrSTj5cOT7BIIYwW5EHf_ZZZqIvGhJ1xKMKicY8f6hnWcKI_7Lzhg16iDRIRHiMMY&_nc_ad=z-m&_nc_cid=0&_nc_zt=23&_nc_ht=scontent-mxp1-1.cdninstagram.com&_nc_gid=2W0u87jjP_IT_10skYXvyg&_nc_ss=7a22e&oh=00_AQLoiEIwCvge0bQj3hGXwIYzY_SkvVpwOmce-7toSMYXdg&oe=6A98C764,https://www.instagram.com/p/DcmZ8cDD400/
Bom Jesus Primavera do Leste 🛒,Laticínios / Leites e Derivados,Requeijão Catupiry 200g,8.99,28/08/2026,https://scontent-mxp1-1.cdninstagram.com/v/t51.82787-15/786853630_18374942971237813_3112147777905981087_n.jpg?stp=dst-jpg_e35_tt6&_nc_cat=107&ig_cache_key=Mzk3Mzk3Nzc3OTE1MzU1MzcyNQ%3D%3D.3-ccb7-5&ccb=7-5&_nc_sid=58cdad&efg=eyJ2ZW5jb2RlX3RhZyI6IkNBUk9VU0VMX0lURU0ueHBpZHMuMTA4MC5zZHIucmVndWxhcl9waG90by5DMyJ9&_nc_ohc=X2aB_pDnUvgQ7kNvwG5Ndm-&_nc_oc=AdrrSTj5cOT7BIIYwW5EHf_ZZZqIvGhJ1xKMKicY8f6hnWcKI_7Lzhg16iDRIRHiMMY&_nc_ad=z-m&_nc_cid=0&_nc_zt=23&_nc_ht=scontent-mxp1-1.cdninstagram.com&_nc_gid=2W0u87jjP_IT_10skYXvyg&_nc_ss=7a22e&oh=00_AQLoiEIwCvge0bQj3hGXwIYzY_SkvVpwOmce-7toSMYXdg&oe=6A98C764,https://www.instagram.com/p/DcmZ8cDD400/
Bom Jesus Primavera do Leste 🛒,Laticínios / Leites e Derivados,Iogurte Goininho 1.1kg,10.99,28/08/2026,https://scontent-mxp1-1.cdninstagram.com/v/t51.82787-15/786853630_18374942971237813_3112147777905981087_n.jpg?stp=dst-jpg_e35_tt6&_nc_cat=107&ig_cache_key=Mzk3Mzk3Nzc3OTE1MzU1MzcyNQ%3D%3D.3-ccb7-5&ccb=7-5&_nc_sid=58cdad&efg=eyJ2ZW5jb2RlX3RhZyI6IkNBUk9VU0VMX0lURU0ueHBpZHMuMTA4MC5zZHIucmVndWxhcl9waG90by5DMyJ9&_nc_ohc=X2aB_pDnUvgQ7kNvwG5Ndm-&_nc_oc=AdrrSTj5cOT7BIIYwW5EHf_ZZZqIvGhJ1xKMKicY8f6hnWcKI_7Lzhg16iDRIRHiMMY&_nc_ad=z-m&_nc_cid=0&_nc_zt=23&_nc_ht=scontent-mxp1-1.cdninstagram.com&_nc_gid=2W0u87jjP_IT_10skYXvyg&_nc_ss=7a22e&oh=00_AQLoiEIwCvge0bQj3hGXwIYzY_SkvVpwOmce-7toSMYXdg&oe=6A98C764,https://www.instagram.com/p/DcmZ8cDD400/
Bom Jesus Primavera do Leste 🛒,Laticínios / Leites e Derivados,Doce de Leite Comajul 400g,10.99,28/08/2026,https://scontent-mxp1-1.cdninstagram.com/v/t51.82787-15/788139857_18374943016237813_6095318216715939563_n.jpg?stp=dst-jpg_e35_tt6&_nc_cat=107&ig_cache_key=Mzk3Mzk3Nzc4MDcyMjI3NDY1Mg%3D%3D.3-ccb7-5&ccb=7-5&_nc_sid=58cdad&efg=eyJ2ZW5jb2RlX3RhZyI6IkNBUk9VU0VMX0lURU0ueHBpZHMuMTA4MC5zZHIucmVndWxhcl9waG90by5DMyJ9&_nc_ohc=u6RrkwcH62kQ7kNvwFkF7r_&_nc_oc=AdoUTvqJuGAdFFjDPotrv9yNgv57jRXQEjcOx6SpH-f07qQV87CsRiUzN53sQaqDcqc&_nc_ad=z-m&_nc_cid=0&_nc_zt=23&_nc_ht=scontent-mxp1-1.cdninstagram.com&_nc_gid=2W0u87jjP_IT_10skYXvyg&_nc_ss=7a22e&oh=00_AQKBt_pu4Ue0M_Xe2k7mZVRwaDl3p21ilOGbqB4oWu2lsg&oe=6A98BBF0,https://www.instagram.com/p/DcmZ8cDD400/
Supermercado Tuiuiú,Laticínios / Leites e Derivados,Leite Ninho 370g,16.99,26/08/2026,https://instagram.fagp3-1.fna.fbcdn.net/v/t51.82787-15/786993044_18581670784067900_4451038722088372453_n.jpg?stp=dst-jpg_e35_tt6&_nc_cat=106&ig_cache_key=Mzk3MjU4MDU3NDQ4MDgyOTk0OQ%3D%3D.3-ccb7-5&ccb=7-5&_nc_sid=58cdad&efg=eyJ2ZW5jb2RlX3RhZyI6IkNBUk9VU0VMX0lURU0ueHBpZHMuMTA4MC5zZHIucmVndWxhcl9waG90by5DMyJ9&_nc_ohc=LMIY6vyvLpAQ7kNvwGccPk8&_nc_oc=AdqIDS_WbJVYhxl5O8S3NhZrBoVNyFYZwiqg2CexlMc7PBX9DfCc6CiaNsLSqmBP5Ds&_nc_ad=z-m&_nc_cid=0&_nc_zt=23&_nc_ht=instagram.fagp3-1.fna&_nc_gid=cjP19A6j3LyH3jBF6hxCug&_nc_ss=7a22e&oh=00_AQJRFR_SvQ2z7Z4aJ9L95Igq-HVPUnF_HGP6BXPfnBfFjQ&oe=6A98BD51,https://www.instagram.com/p/DchcQH5DdVj/
Bom Jesus Primavera do Leste 🛒,Laticínios / Leites e Derivados,Leite em Pó Instantâneo Ninho 380g,19.99,28/08/2026,https://scontent-mxp1-1.cdninstagram.com/v/t51.82787-15/788139857_18374943016237813_6095318216715939563_n.jpg?stp=dst-jpg_e35_tt6&_nc_cat=107&ig_cache_key=Mzk3Mzk3Nzc4MDcyMjI3NDY1Mg%3D%3D.3-ccb7-5&ccb=7-5&_nc_sid=58cdad&efg=eyJ2ZW5jb2RlX3RhZyI6IkNBUk9VU0VMX0lURU0ueHBpZHMuMTA4MC5zZHIucmVndWxhcl9waG90by5DMyJ9&_nc_ohc=u6RrkwcH62kQ7kNvwFkF7r_&_nc_oc=AdoUTvqJuGAdFFjDPotrv9yNgv57jRXQEjcOx6SpH-f07qQV87CsRiUzN53sQaqDcqc&_nc_ad=z-m&_nc_cid=0&_nc_zt=23&_nc_ht=scontent-mxp1-1.cdninstagram.com&_nc_gid=2W0u87jjP_IT_10skYXvyg&_nc_ss=7a22e&oh=00_AQKBt_pu4Ue0M_Xe2k7mZVRwaDl3p21ilOGbqB4oWu2lsg&oe=6A98BBF0,https://www.instagram.com/p/DcmZ8cDD400/
Machadão Atacadista,Laticínios / Leites e Derivados,Queijo Brie Président 125g,23.9,25/08/2026,https://instagram.fein1-2.fna.fbcdn.net/v/t39.30808-6/786543128_1358645369688754_2779017979935584164_n.jpg?stp=dst-jpg_e35_tt6&_nc_cat=101&ig_cache_key=Mzk3MTUyNDg5NTIzNDEwNDA4Mg%3D%3D.3-ccb7-5&ccb=7-5&_nc_sid=58cdad&efg=eyJ2ZW5jb2RlX3RhZyI6IkNBUk9VU0VMX0lURU0ueHBpZHMuMTYzOC5zZHIucmVndWxhcl9waG90by5DMyJ9&_nc_ohc=fkD66OU_vJ8Q7kNvwE5vvQ9&_nc_oc=AdqeEOwEMhDQKE6AQjXN76ofQneqYaAyD5EATiFCUyuCeY39m5crwQtkZKNuUSU1Sgs&_nc_ad=z-m&_nc_cid=1207&_nc_zt=23&_nc_ht=instagram.fein1-2.fna&_nc_gid=NhetOI29J2yoTRQ2V38LbQ&_nc_ss=7a22e&oh=00_AQJDR2iSSXmG_pdffRjUCfCQB4TX_zYP7PgdGFxKpN1MDg&oe=6A98CDC4,https://www.instagram.com/p/DcdsNxKDBTG/
Supermercado Tuiuiú,Laticínios / Leites e Derivados,Queijo Queijo Mussarela kg,42.99,26/08/2026,https://instagram.fagp3-1.fna.fbcdn.net/v/t51.82787-15/782208226_18581670763067900_4505279802407067664_n.jpg?stp=dst-jpg_e35_tt6&_nc_cat=101&ig_cache_key=Mzk3MjU4MDUzNjU2NDQyMTcwOQ%3D%3D.3-ccb7-5&ccb=7-5&_nc_sid=58cdad&efg=eyJ2ZW5jb2RlX3RhZyI6IkNBUk9VU0VMX0lURU0ueHBpZHMuMTA4MC5zZHIucmVndWxhcl9waG90by5DMyJ9&_nc_ohc=8pq5-pxCDcEQ7kNvwEbaqOM&_nc_oc=AdrFPnYmW6fWtfDRRs2PLGKLckqpQplViN4a3zIyxIb_BlcwXyYTzhpvZeIR2O7_1XU&_nc_ad=z-m&_nc_cid=0&_nc_zt=23&_nc_ht=instagram.fagp3-1.fna&_nc_gid=cjP19A6j3LyH3jBF6hxCug&_nc_ss=7a22e&oh=00_AQJaOWcIj4gFS7IOhtZDp2pkR3jg0Pdt820D_V6sDWQjlQ&oe=6A98D763,https://www.instagram.com/p/DchcQH5DdVj/
Supermercado Tuiuiú,Laticínios / Leites e Derivados,Queijo Queijo Mussarela kg,44.99,26/08/2026,https://instagram.fagp3-1.fna.fbcdn.net/v/t51.82787-15/782208226_18581670763067900_4505279802407067664_n.jpg?stp=dst-jpg_e35_tt6&_nc_cat=101&ig_cache_key=Mzk3MjU4MDUzNjU2NDQyMTcwOQ%3D%3D.3-ccb7-5&ccb=7-5&_nc_sid=58cdad&efg=eyJ2ZW5jb2RlX3RhZyI6IkNBUk9VU0VMX0lURU0ueHBpZHMuMTA4MC5zZHIucmVndWxhcl9waG90by5DMyJ9&_nc_ohc=8pq5-pxCDcEQ7kNvwEbaqOM&_nc_oc=AdrFPnYmW6fWtfDRRs2PLGKLckqpQplViN4a3zIyxIb_BlcwXyYTzhpvZeIR2O7_1XU&_nc_ad=z-m&_nc_cid=0&_nc_zt=23&_nc_ht=instagram.fagp3-1.fna&_nc_gid=cjP19A6j3LyH3jBF6hxCug&_nc_ss=7a22e&oh=00_AQJaOWcIj4gFS7IOhtZDp2pkR3jg0Pdt820D_V6sDWQjlQ&oe=6A98D763,https://www.instagram.com/p/DchcQH5DdVj/
Bom Jesus Primavera do Leste 🛒,Laticínios / Leites e Derivados,Queijo Queijo Mussarela Casterleite kg,45.99,28/08/2026,https://scontent-mxp1-1.cdninstagram.com/v/t51.82787-15/788139857_18374943016237813_6095318216715939563_n.jpg?stp=dst-jpg_e35_tt6&_nc_cat=107&ig_cache_key=Mzk3Mzk3Nzc4MDcyMjI3NDY1Mg%3D%3D.3-ccb7-5&ccb=7-5&_nc_sid=58cdad&efg=eyJ2ZW5jb2RlX3RhZyI6IkNBUk9VU0VMX0lURU0ueHBpZHMuMTA4MC5zZHIucmVndWxhcl9waG90by5DMyJ9&_nc_ohc=u6RrkwcH62kQ7kNvwFkF7r_&_nc_oc=AdoUTvqJuGAdFFjDPotrv9yNgv57jRXQEjcOx6SpH-f07qQV87CsRiUzN53sQaqDcqc&_nc_ad=z-m&_nc_cid=0&_nc_zt=23&_nc_ht=scontent-mxp1-1.cdninstagram.com&_nc_gid=2W0u87jjP_IT_10skYXvyg&_nc_ss=7a22e&oh=00_AQKBt_pu4Ue0M_Xe2k7mZVRwaDl3p21ilOGbqB4oWu2lsg&oe=6A98BBF0,https://www.instagram.com/p/DcmZ8cDD400/
Supermercado São Pedro,Laticínios / Leites e Derivados,Queijo Queijo Mussarela Lactvit kg,46.99,28/08/2026,https://scontent-waw2-1.cdninstagram.com/v/t51.82787-15/785599572_18195711460382122_5575322653184498920_n.jpg?stp=dst-jpg_e35_tt6&_nc_cat=109&ig_cache_key=Mzk3MzY3MjU2OTQ3ODkxNjI0Mw%3D%3D.3-ccb7-5&ccb=7-5&_nc_sid=58cdad&efg=eyJ2ZW5jb2RlX3RhZyI6IkNBUk9VU0VMX0lURU0ueHBpZHMuMTA4MS5zZHIucmVndWxhcl9waG90by5DMyJ9&_nc_ohc=YlNv7Hxcm4EQ7kNvwHLR-nH&_nc_oc=AdrkEDBETtiY_sVQ5prdeQigXPtTegs8ow61LHW1V3LjKMEdDYHnyXg1zWQ6hk8dUNc&_nc_ad=z-m&_nc_cid=1479&_nc_zt=23&_nc_ht=scontent-waw2-1.cdninstagram.com&_nc_gid=KF1k9W2wUwOlXi1LVTyTGw&_nc_ss=7a22e&oh=00_AQLV8Gd4GEG4Mtnn6erctgs70eMNEGk4hoN43QEpMOnl3w&oe=6A98CBD2,https://www.instagram.com/p/DclUqI1G7TG/
Machadão Atacadista,Laticínios / Leites e Derivados,Queijo Minas Padrão Président kg,66.9,25/08/2026,https://instagram.fein1-2.fna.fbcdn.net/v/t39.30808-6/785059096_1358646486355309_4355252955160182464_n.jpg?stp=dst-jpg_e35_tt6&_nc_cat=107&ig_cache_key=Mzk3MTUyNDg5Njc4NTk1NzI2NA%3D%3D.3-ccb7-5&ccb=7-5&_nc_sid=58cdad&efg=eyJ2ZW5jb2RlX3RhZyI6IkNBUk9VU0VMX0lURU0ueHBpZHMuMTYzOC5zZHIucmVndWxhcl9waG90by5DMyJ9&_nc_ohc=7xcost5b2JkQ7kNvwGRnKAh&_nc_oc=Adr6LqKYUqvr-aBPjGkkwKovi3pXvPATEa8TVsUbwMdoOmnC7ShRwjZFJ_mDOOJmpTE&_nc_ad=z-m&_nc_cid=1207&_nc_zt=23&_nc_ht=instagram.fein1-2.fna&_nc_gid=NhetOI29J2yoTRQ2V38LbQ&_nc_ss=7a22e&oh=00_AQKXls8m4JkM1ajrNyuZiIdsWs9FVMO3GnXESIlwTc7uhw&oe=6A98DB81,https://www.instagram.com/p/DcdsNxKDBTG/
Machadão Atacadista,Laticínios / Leites e Derivados,Queijo Serra da Mantiqueira Cruzília kg,109.9,25/08/2026,https://instagram.fein1-2.fna.fbcdn.net/v/t39.30808-6/786543128_1358645369688754_2779017979935584164_n.jpg?stp=dst-jpg_e35_tt6&_nc_cat=101&ig_cache_key=Mzk3MTUyNDg5NTIzNDEwNDA4Mg%3D%3D.3-ccb7-5&ccb=7-5&_nc_sid=58cdad&efg=eyJ2ZW5jb2RlX3RhZyI6IkNBUk9VU0VMX0lURU0ueHBpZHMuMTYzOC5zZHIucmVndWxhcl9waG90by5DMyJ9&_nc_ohc=fkD66OU_vJ8Q7kNvwE5vvQ9&_nc_oc=AdqeEOwEMhDQKE6AQjXN76ofQneqYaAyD5EATiFCUyuCeY39m5crwQtkZKNuUSU1Sgs&_nc_ad=z-m&_nc_cid=1207&_nc_zt=23&_nc_ht=instagram.fein1-2.fna&_nc_gid=NhetOI29J2yoTRQ2V38LbQ&_nc_ss=7a22e&oh=00_AQJDR2iSSXmG_pdffRjUCfCQB4TX_zYP7PgdGFxKpN1MDg&oe=6A98CDC4,https://www.instagram.com/p/DcdsNxKDBTG/
Machadão Atacadista,Laticínios / Leites e Derivados,Queijo Serra da Mantiqueira Cruzília kg,109.9,25/08/2026,https://instagram.fein1-2.fna.fbcdn.net/v/t39.30808-6/785059096_1358646486355309_4355252955160182464_n.jpg?stp=dst-jpg_e35_tt6&_nc_cat=107&ig_cache_key=Mzk3MTUyNDg5Njc4NTk1NzI2NA%3D%3D.3-ccb7-5&ccb=7-5&_nc_sid=58cdad&efg=eyJ2ZW5jb2RlX3RhZyI6IkNBUk9VU0VMX0lURU0ueHBpZHMuMTYzOC5zZHIucmVndWxhcl9waG90by5DMyJ9&_nc_ohc=7xcost5b2JkQ7kNvwGRnKAh&_nc_oc=Adr6LqKYUqvr-aBPjGkkwKovi3pXvPATEa8TVsUbwMdoOmnC7ShRwjZFJ_mDOOJmpTE&_nc_ad=z-m&_nc_cid=1207&_nc_zt=23&_nc_ht=instagram.fein1-2.fna&_nc_gid=NhetOI29J2yoTRQ2V38LbQ&_nc_ss=7a22e&oh=00_AQKXls8m4JkM1ajrNyuZiIdsWs9FVMO3GnXESIlwTc7uhw&oe=6A98DB81,https://www.instagram.com/p/DcdsNxKDBTG/
Bom Jesus Primavera do Leste 🛒,Limpeza / Cuidados com a Casa,Detergente Líquido Ypê 500ml,2.49,28/08/2026,https://scontent-mxp1-1.cdninstagram.com/v/t51.82787-15/786121630_18374942941237813_4377572295512190675_n.jpg?stp=dst-jpg_e35_tt6&_nc_cat=103&ig_cache_key=Mzk3Mzk3Nzc3NDI1NDQ2NDc1MQ%3D%3D.3-ccb7-5&ccb=7-5&_nc_sid=58cdad&efg=eyJ2ZW5jb2RlX3RhZyI6IkNBUk9VU0VMX0lURU0ueHBpZHMuMTA4MC5zZHIucmVndWxhcl9waG90by5DMyJ9&_nc_ohc=iyLSI7lZvv0Q7kNvwESIHvv&_nc_oc=AdrYqGpQroP1V3vDBeNKoKq4SpDsLDZhMgYHZeH8-io1lvRaEsjDjSibfy3Nd9YJT_g&_nc_ad=z-m&_nc_cid=0&_nc_zt=23&_nc_ht=scontent-mxp1-1.cdninstagram.com&_nc_gid=2W0u87jjP_IT_10skYXvyg&_nc_ss=7a22e&oh=00_AQJtT2NEgx9VTouViUYBJObMhr9F0hJQGE7NTIr--FNMJg&oe=6A98C5C5,https://www.instagram.com/p/DcmZ8cDD400/
Bom Jesus Primavera do Leste 🛒,Limpeza / Cuidados com a Casa,Detergente Líquido Ypê 500ml,2.69,27/08/2026,https://instagram.fmvf1-1.fna.fbcdn.net/v/t51.82787-15/787993259_18374687005237813_4471412213431393234_n.jpg?stp=dst-jpg_e35_tt6&_nc_cat=103&ig_cache_key=Mzk3Mjk0NzA1MzQ4MTkxNTUyNQ%3D%3D.3-ccb7-5&ccb=7-5&_nc_sid=58cdad&efg=eyJ2ZW5jb2RlX3RhZyI6IkZFRUQueHBpZHMuMTM1MC5zZHIucmVndWxhcl9waG90by5DMyJ9&_nc_ohc=TDgSfUoaAVwQ7kNvwEIJG_n&_nc_oc=AdrLqbORTF-nJ5wfhBLkA9D5VQaEh2wRkssjfKkPN0Y2aywVg5Dy_h1LoZ4J8duBg1w&_nc_ad=z-m&_nc_cid=0&_nc_zt=23&_nc_ht=instagram.fmvf1-1.fna&_nc_gid=98vsvuSaWIRegx6I2u2_8A&_nc_ss=7a22e&oh=00_AQIEBiGdKNmXetGcSi-tia6htcw973dmzm-cYh3g2tDnmw&oe=6A98B3AE,https://www.instagram.com/p/DcivkuqOXSF/
Supermercado São Pedro,Limpeza / Cuidados com a Casa,Detergente Líquido Ypê 500ml,2.79,27/08/2026,https://instagram.fsvq6-1.fna.fbcdn.net/v/t39.30808-6/785993166_1505168978322885_7442982966970505933_n.jpg?stp=c0.0.1638.2048a_dst-jpg_e35_s1638x2048_tt6&_nc_cat=110&ig_cache_key=Mzk3MzI3Njk2ODM0NzI3MzQzNQ%3D%3D.3-ccb7-5&ccb=7-5&_nc_sid=58cdad&efg=eyJ2ZW5jb2RlX3RhZyI6IkNBUk9VU0VMX0lURU0ueHBpZHMuMTYzOS5zZHIucmVndWxhcl9waG90by5DMyJ9&_nc_ohc=5-K7ePTTbO0Q7kNvwGugHFY&_nc_oc=Adq2UKUEN2T-7eIJk1jeY1fGqou70XnfCk5jwyU478sUI8bIkfn7VJwfaS_B6BP0MWQ&_nc_ad=z-m&_nc_cid=3033&_nc_zt=23&_nc_ht=instagram.fsvq6-1.fna&_nc_gid=cr2BBsXJ9hal_kRAgWsMyQ&_nc_ss=7a22e&oh=00_AQKLDjrGoatKwTmVcs4BpPH_355fOHn_yz5gY9ivVHnNng&oe=6A98D20E,https://www.instagram.com/p/Dcj6lyLlKpL/
Supermercado São Pedro,Limpeza / Cuidados com a Casa,Água Sanitária Girando Sol 1L,3.99,27/08/2026,https://instagram.fsvq6-1.fna.fbcdn.net/v/t39.30808-6/785993166_1505168978322885_7442982966970505933_n.jpg?stp=c0.0.1638.2048a_dst-jpg_e35_s1638x2048_tt6&_nc_cat=110&ig_cache_key=Mzk3MzI3Njk2ODM0NzI3MzQzNQ%3D%3D.3-ccb7-5&ccb=7-5&_nc_sid=58cdad&efg=eyJ2ZW5jb2RlX3RhZyI6IkNBUk9VU0VMX0lURU0ueHBpZHMuMTYzOS5zZHIucmVndWxhcl9waG90by5DMyJ9&_nc_ohc=5-K7ePTTbO0Q7kNvwGugHFY&_nc_oc=Adq2UKUEN2T-7eIJk1jeY1fGqou70XnfCk5jwyU478sUI8bIkfn7VJwfaS_B6BP0MWQ&_nc_ad=z-m&_nc_cid=3033&_nc_zt=23&_nc_ht=instagram.fsvq6-1.fna&_nc_gid=cr2BBsXJ9hal_kRAgWsMyQ&_nc_ss=7a22e&oh=00_AQKLDjrGoatKwTmVcs4BpPH_355fOHn_yz5gY9ivVHnNng&oe=6A98D20E,https://www.instagram.com/p/Dcj6lyLlKpL/
Bom Jesus Primavera do Leste 🛒,Limpeza / Cuidados com a Casa,Limpador Multiuso Uau 500ml,4.29,27/08/2026,https://instagram.fmvf1-1.fna.fbcdn.net/v/t51.82787-15/787993259_18374687005237813_4471412213431393234_n.jpg?stp=dst-jpg_e35_tt6&_nc_cat=103&ig_cache_key=Mzk3Mjk0NzA1MzQ4MTkxNTUyNQ%3D%3D.3-ccb7-5&ccb=7-5&_nc_sid=58cdad&efg=eyJ2ZW5jb2RlX3RhZyI6IkZFRUQueHBpZHMuMTM1MC5zZHIucmVndWxhcl9waG90by5DMyJ9&_nc_ohc=TDgSfUoaAVwQ7kNvwEIJG_n&_nc_oc=AdrLqbORTF-nJ5wfhBLkA9D5VQaEh2wRkssjfKkPN0Y2aywVg5Dy_h1LoZ4J8duBg1w&_nc_ad=z-m&_nc_cid=0&_nc_zt=23&_nc_ht=instagram.fmvf1-1.fna&_nc_gid=98vsvuSaWIRegx6I2u2_8A&_nc_ss=7a22e&oh=00_AQIEBiGdKNmXetGcSi-tia6htcw973dmzm-cYh3g2tDnmw&oe=6A98B3AE,https://www.instagram.com/p/DcivkuqOXSF/
Supermercado Tuiuiú,Limpeza / Cuidados com a Casa,Desinfetante Limza 2L,5.99,28/08/2026,https://instagram.fyhu2-1.fna.fbcdn.net/v/t39.30808-6/782169170_1720016740132144_6974904276998945912_n.jpg?stp=dst-jpg_e35_tt6&_nc_cat=105&ig_cache_key=Mzk3MzM0Mjg3OTk5ODQ4MTkyMA%3D%3D.3-ccb7-5&ccb=7-5&_nc_sid=58cdad&efg=eyJ2ZW5jb2RlX3RhZyI6IkNBUk9VU0VMX0lURU0ueHBpZHMuMTI1NC5zZHIucmVndWxhcl9waG90by5DMyJ9&_nc_ohc=q-Z25NrUeboQ7kNvwFssT6V&_nc_oc=Adp794qXde3FqRxXe5VKtHeFF050ETDTrRiikza7umOHMljKhURDKgLeaKuz3EGNz4pFdYumLU9GkBHeiLI6PjAz&_nc_ad=z-m&_nc_cid=0&_nc_zt=23&_nc_ht=instagram.fyhu2-1.fna&_nc_gid=8hRfZTGV61lKPZlNYQ9LfQ&_nc_ss=7a22e&oh=00_AQLzJJzU6729RVOC4qNTh8VTw4VWsiwuHiFCtYE5b_M1LQ&oe=6A98D409,https://www.instagram.com/p/DckJlYyI3Tu/
Bom Jesus Primavera do Leste 🛒,Limpeza / Cuidados com a Casa,Amaciante Remmus 2L,5.99,27/08/2026,https://instagram.fmvf1-1.fna.fbcdn.net/v/t51.82787-15/787993259_18374687005237813_4471412213431393234_n.jpg?stp=dst-jpg_e35_tt6&_nc_cat=103&ig_cache_key=Mzk3Mjk0NzA1MzQ4MTkxNTUyNQ%3D%3D.3-ccb7-5&ccb=7-5&_nc_sid=58cdad&efg=eyJ2ZW5jb2RlX3RhZyI6IkZFRUQueHBpZHMuMTM1MC5zZHIucmVndWxhcl9waG90by5DMyJ9&_nc_ohc=TDgSfUoaAVwQ7kNvwEIJG_n&_nc_oc=AdrLqbORTF-nJ5wfhBLkA9D5VQaEh2wRkssjfKkPN0Y2aywVg5Dy_h1LoZ4J8duBg1w&_nc_ad=z-m&_nc_cid=0&_nc_zt=23&_nc_ht=instagram.fmvf1-1.fna&_nc_gid=98vsvuSaWIRegx6I2u2_8A&_nc_ss=7a22e&oh=00_AQIEBiGdKNmXetGcSi-tia6htcw973dmzm-cYh3g2tDnmw&oe=6A98B3AE,https://www.instagram.com/p/DcivkuqOXSF/
Bom Jesus Primavera do Leste 🛒,Limpeza / Cuidados com a Casa,Desinfetante Remmus 2L,6.49,27/08/2026,https://instagram.fmvf1-1.fna.fbcdn.net/v/t51.82787-15/787993259_18374687005237813_4471412213431393234_n.jpg?stp=dst-jpg_e35_tt6&_nc_cat=103&ig_cache_key=Mzk3Mjk0NzA1MzQ4MTkxNTUyNQ%3D%3D.3-ccb7-5&ccb=7-5&_nc_sid=58cdad&efg=eyJ2ZW5jb2RlX3RhZyI6IkZFRUQueHBpZHMuMTM1MC5zZHIucmVndWxhcl9waG90by5DMyJ9&_nc_ohc=TDgSfUoaAVwQ7kNvwEIJG_n&_nc_oc=AdrLqbORTF-nJ5wfhBLkA9D5VQaEh2wRkssjfKkPN0Y2aywVg5Dy_h1LoZ4J8duBg1w&_nc_ad=z-m&_nc_cid=0&_nc_zt=23&_nc_ht=instagram.fmvf1-1.fna&_nc_gid=98vsvuSaWIRegx6I2u2_8A&_nc_ss=7a22e&oh=00_AQIEBiGdKNmXetGcSi-tia6htcw973dmzm-cYh3g2tDnmw&oe=6A98B3AE,https://www.instagram.com/p/DcivkuqOXSF/
Machadão Atacadista,Limpeza / Cuidados com a Casa,Água Sanitária Qboa 2L,7.99,27/08/2026,https://instagram.ftgz2-1.fna.fbcdn.net/v/t39.30808-6/786779086_1360550472831577_8028710268323392841_n.jpg?stp=dst-jpg_e35_tt6&_nc_cat=100&ig_cache_key=Mzk3MzE1NjQ3MjI0MjcxMDI2OQ%3D%3D.3-ccb7-5&ccb=7-5&_nc_sid=58cdad&efg=eyJ2ZW5jb2RlX3RhZyI6IkNBUk9VU0VMX0lURU0ueHBpZHMuMTYzOC5zZHIucmVndWxhcl9waG90by5DMyJ9&_nc_ohc=WKCTmqyswmsQ7kNvwGCsa28&_nc_oc=AdpK61pp0haF8dqWH096dETR7NlNKPsj_Ew1wmNhtIGkxwJw7M6U6SVRpDabhOt4lHl1lwmHiYtGTayRGkwFrDVJ&_nc_ad=z-m&_nc_cid=0&_nc_zt=23&_nc_ht=instagram.ftgz2-1.fna&_nc_gid=8C1vo79zooRdEKD2fcIVwA&_nc_ss=7a22e&oh=00_AQLHXftmWxzuWH5cpZUrdcg3xeUGaKeB02DvXB8OwZeY6w&oe=6A98E0AF,https://www.instagram.com/p/DcjfMcbkgCV/
Machadão Atacadista,Limpeza / Cuidados com a Casa,Água Sanitária Qboa 2L,7.99,27/08/2026,https://instagram.ftgz2-1.fna.fbcdn.net/v/t39.30808-6/786141071_1360550506164907_1343288441209680541_n.jpg?stp=dst-jpg_e35_tt6&_nc_cat=100&ig_cache_key=Mzk3MzE1NjQ3MjAxNjIzNDQ4NA%3D%3D.3-ccb7-5&ccb=7-5&_nc_sid=58cdad&efg=eyJ2ZW5jb2RlX3RhZyI6IkNBUk9VU0VMX0lURU0ueHBpZHMuMTYzOC5zZHIucmVndWxhcl9waG90by5DMyJ9&_nc_ohc=rAfVUo0mg-MQ7kNvwGBDKPC&_nc_oc=AdrBCVHPFQe5gEaTM4K6__GqWWoU9Ty9eLyb0b5MgP1yktN7u871woLg1I9BYAdXIlDJYbjJYvmhJlZLmxVBf_a5&_nc_ad=z-m&_nc_cid=0&_nc_zt=23&_nc_ht=instagram.ftgz2-1.fna&_nc_gid=8C1vo79zooRdEKD2fcIVwA&_nc_ss=7a22e&oh=00_AQLqSQQQQxQlJSzp_4RkHaaJEKvBfXedUep-eAX5SmuTNQ&oe=6A98B579,https://www.instagram.com/p/DcjfMcbkgCV/
Supermercado Tuiuiú,Limpeza / Cuidados com a Casa,Amaciante Ypê 2L,8.99,28/08/2026,https://instagram.fyhu2-1.fna.fbcdn.net/v/t39.30808-6/782169170_1720016740132144_6974904276998945912_n.jpg?stp=dst-jpg_e35_tt6&_nc_cat=105&ig_cache_key=Mzk3MzM0Mjg3OTk5ODQ4MTkyMA%3D%3D.3-ccb7-5&ccb=7-5&_nc_sid=58cdad&efg=eyJ2ZW5jb2RlX3RhZyI6IkNBUk9VU0VMX0lURU0ueHBpZHMuMTI1NC5zZHIucmVndWxhcl9waG90by5DMyJ9&_nc_ohc=q-Z25NrUeboQ7kNvwFssT6V&_nc_oc=Adp794qXde3FqRxXe5VKtHeFF050ETDTrRiikza7umOHMljKhURDKgLeaKuz3EGNz4pFdYumLU9GkBHeiLI6PjAz&_nc_ad=z-m&_nc_cid=0&_nc_zt=23&_nc_ht=instagram.fyhu2-1.fna&_nc_gid=8hRfZTGV61lKPZlNYQ9LfQ&_nc_ss=7a22e&oh=00_AQLzJJzU6729RVOC4qNTh8VTw4VWsiwuHiFCtYE5b_M1LQ&oe=6A98D409,https://www.instagram.com/p/DckJlYyI3Tu/
Bom Jesus Primavera do Leste 🛒,Limpeza / Cuidados com a Casa,Amaciante Concentrado Comfort 500ml,9.99,27/08/2026,https://instagram.fmvf1-1.fna.fbcdn.net/v/t51.82787-15/787993259_18374687005237813_4471412213431393234_n.jpg?stp=dst-jpg_e35_tt6&_nc_cat=103&ig_cache_key=Mzk3Mjk0NzA1MzQ4MTkxNTUyNQ%3D%3D.3-ccb7-5&ccb=7-5&_nc_sid=58cdad&efg=eyJ2ZW5jb2RlX3RhZyI6IkZFRUQueHBpZHMuMTM1MC5zZHIucmVndWxhcl9waG90by5DMyJ9&_nc_ohc=TDgSfUoaAVwQ7kNvwEIJG_n&_nc_oc=AdrLqbORTF-nJ5wfhBLkA9D5VQaEh2wRkssjfKkPN0Y2aywVg5Dy_h1LoZ4J8duBg1w&_nc_ad=z-m&_nc_cid=0&_nc_zt=23&_nc_ht=instagram.fmvf1-1.fna&_nc_gid=98vsvuSaWIRegx6I2u2_8A&_nc_ss=7a22e&oh=00_AQIEBiGdKNmXetGcSi-tia6htcw973dmzm-cYh3g2tDnmw&oe=6A98B3AE,https://www.instagram.com/p/DcivkuqOXSF/
Supermercado Tuiuiú,Limpeza / Cuidados com a Casa,Sabão em Barra Ypê 800g,10.99,28/08/2026,https://instagram.fyhu2-1.fna.fbcdn.net/v/t39.30808-6/782169170_1720016740132144_6974904276998945912_n.jpg?stp=dst-jpg_e35_tt6&_nc_cat=105&ig_cache_key=Mzk3MzM0Mjg3OTk5ODQ4MTkyMA%3D%3D.3-ccb7-5&ccb=7-5&_nc_sid=58cdad&efg=eyJ2ZW5jb2RlX3RhZyI6IkNBUk9VU0VMX0lURU0ueHBpZHMuMTI1NC5zZHIucmVndWxhcl9waG90by5DMyJ9&_nc_ohc=q-Z25NrUeboQ7kNvwFssT6V&_nc_oc=Adp794qXde3FqRxXe5VKtHeFF050ETDTrRiikza7umOHMljKhURDKgLeaKuz3EGNz4pFdYumLU9GkBHeiLI6PjAz&_nc_ad=z-m&_nc_cid=0&_nc_zt=23&_nc_ht=instagram.fyhu2-1.fna&_nc_gid=8hRfZTGV61lKPZlNYQ9LfQ&_nc_ss=7a22e&oh=00_AQLzJJzU6729RVOC4qNTh8VTw4VWsiwuHiFCtYE5b_M1LQ&oe=6A98D409,https://www.instagram.com/p/DckJlYyI3Tu/
Bom Jesus Primavera do Leste 🛒,Limpeza / Cuidados com a Casa,Desinfetante Pinho Bril 1L,11.99,28/08/2026,https://scontent-mxp1-1.cdninstagram.com/v/t51.82787-15/788860531_18374942995237813_624644092953609674_n.jpg?stp=dst-jpg_e35_tt6&_nc_cat=106&ig_cache_key=Mzk3Mzk3Nzc4MjEzMTM5MTcwNQ%3D%3D.3-ccb7-5&ccb=7-5&_nc_sid=58cdad&efg=eyJ2ZW5jb2RlX3RhZyI6IkNBUk9VU0VMX0lURU0ueHBpZHMuMTA4MC5zZHIucmVndWxhcl9waG90by5DMyJ9&_nc_ohc=7IsixMbzdvIQ7kNvwFLr1IY&_nc_oc=AdrQMI6TD_X8w6y4rLquClq6yJmmEdOGtMhzEN4tBiP2x83SnaxNlcn35DJEvjd1cXA&_nc_ad=z-m&_nc_cid=0&_nc_zt=23&_nc_ht=scontent-mxp1-1.cdninstagram.com&_nc_gid=2W0u87jjP_IT_10skYXvyg&_nc_ss=7a22e&oh=00_AQKmZVQHrk7uaq12CSeJmfTXqPmLQnSIiQD_VhgIJBu7DQ&oe=6A98BE0B,https://www.instagram.com/p/DcmZ8cDD400/
Machadão Atacadista,Limpeza / Cuidados com a Casa,Amaciante de Carne Kitano 120g,11.99,25/08/2026,https://instagram.fein1-2.fna.fbcdn.net/v/t39.30808-6/785059096_1358646486355309_4355252955160182464_n.jpg?stp=dst-jpg_e35_tt6&_nc_cat=107&ig_cache_key=Mzk3MTUyNDg5Njc4NTk1NzI2NA%3D%3D.3-ccb7-5&ccb=7-5&_nc_sid=58cdad&efg=eyJ2ZW5jb2RlX3RhZyI6IkNBUk9VU0VMX0lURU0ueHBpZHMuMTYzOC5zZHIucmVndWxhcl9waG90by5DMyJ9&_nc_ohc=7xcost5b2JkQ7kNvwGRnKAh&_nc_oc=Adr6LqKYUqvr-aBPjGkkwKovi3pXvPATEa8TVsUbwMdoOmnC7ShRwjZFJ_mDOOJmpTE&_nc_ad=z-m&_nc_cid=1207&_nc_zt=23&_nc_ht=instagram.fein1-2.fna&_nc_gid=NhetOI29J2yoTRQ2V38LbQ&_nc_ss=7a22e&oh=00_AQKXls8m4JkM1ajrNyuZiIdsWs9FVMO3GnXESIlwTc7uhw&oe=6A98DB81,https://www.instagram.com/p/DcdsNxKDBTG/
Bom Jesus Primavera do Leste 🛒,Limpeza / Cuidados com a Casa,Detergente em Pó Tixan Ypê 800g,12.99,28/08/2026,https://scontent-mxp1-1.cdninstagram.com/v/t51.82787-15/788860531_18374942995237813_624644092953609674_n.jpg?stp=dst-jpg_e35_tt6&_nc_cat=106&ig_cache_key=Mzk3Mzk3Nzc4MjEzMTM5MTcwNQ%3D%3D.3-ccb7-5&ccb=7-5&_nc_sid=58cdad&efg=eyJ2ZW5jb2RlX3RhZyI6IkNBUk9VU0VMX0lURU0ueHBpZHMuMTA4MC5zZHIucmVndWxhcl9waG90by5DMyJ9&_nc_ohc=7IsixMbzdvIQ7kNvwFLr1IY&_nc_oc=AdrQMI6TD_X8w6y4rLquClq6yJmmEdOGtMhzEN4tBiP2x83SnaxNlcn35DJEvjd1cXA&_nc_ad=z-m&_nc_cid=0&_nc_zt=23&_nc_ht=scontent-mxp1-1.cdninstagram.com&_nc_gid=2W0u87jjP_IT_10skYXvyg&_nc_ss=7a22e&oh=00_AQKmZVQHrk7uaq12CSeJmfTXqPmLQnSIiQD_VhgIJBu7DQ&oe=6A98BE0B,https://www.instagram.com/p/DcmZ8cDD400/
Bom Jesus Primavera do Leste 🛒,Limpeza / Cuidados com a Casa,Inseticida Raid 420ml,17.99,28/08/2026,https://scontent-mxp1-1.cdninstagram.com/v/t51.82787-15/788860531_18374942995237813_624644092953609674_n.jpg?stp=dst-jpg_e35_tt6&_nc_cat=106&ig_cache_key=Mzk3Mzk3Nzc4MjEzMTM5MTcwNQ%3D%3D.3-ccb7-5&ccb=7-5&_nc_sid=58cdad&efg=eyJ2ZW5jb2RlX3RhZyI6IkNBUk9VU0VMX0lURU0ueHBpZHMuMTA4MC5zZHIucmVndWxhcl9waG90by5DMyJ9&_nc_ohc=7IsixMbzdvIQ7kNvwFLr1IY&_nc_oc=AdrQMI6TD_X8w6y4rLquClq6yJmmEdOGtMhzEN4tBiP2x83SnaxNlcn35DJEvjd1cXA&_nc_ad=z-m&_nc_cid=0&_nc_zt=23&_nc_ht=scontent-mxp1-1.cdninstagram.com&_nc_gid=2W0u87jjP_IT_10skYXvyg&_nc_ss=7a22e&oh=00_AQKmZVQHrk7uaq12CSeJmfTXqPmLQnSIiQD_VhgIJBu7DQ&oe=6A98BE0B,https://www.instagram.com/p/DcmZ8cDD400/
Supermercado São Pedro,Limpeza / Cuidados com a Casa,Sabão em Pó Tixan Ypê 1.6kg,18.99,27/08/2026,https://instagram.fsvq6-1.fna.fbcdn.net/v/t39.30808-6/785993166_1505168978322885_7442982966970505933_n.jpg?stp=c0.0.1638.2048a_dst-jpg_e35_s1638x2048_tt6&_nc_cat=110&ig_cache_key=Mzk3MzI3Njk2ODM0NzI3MzQzNQ%3D%3D.3-ccb7-5&ccb=7-5&_nc_sid=58cdad&efg=eyJ2ZW5jb2RlX3RhZyI6IkNBUk9VU0VMX0lURU0ueHBpZHMuMTYzOS5zZHIucmVndWxhcl9waG90by5DMyJ9&_nc_ohc=5-K7ePTTbO0Q7kNvwGugHFY&_nc_oc=Adq2UKUEN2T-7eIJk1jeY1fGqou70XnfCk5jwyU478sUI8bIkfn7VJwfaS_B6BP0MWQ&_nc_ad=z-m&_nc_cid=3033&_nc_zt=23&_nc_ht=instagram.fsvq6-1.fna&_nc_gid=cr2BBsXJ9hal_kRAgWsMyQ&_nc_ss=7a22e&oh=00_AQKLDjrGoatKwTmVcs4BpPH_355fOHn_yz5gY9ivVHnNng&oe=6A98D20E,https://www.instagram.com/p/Dcj6lyLlKpL/
Bom Jesus Primavera do Leste 🛒,Limpeza / Cuidados com a Casa,Água Sanitária Ypê 5L,19.99,28/08/2026,https://scontent-mxp1-1.cdninstagram.com/v/t51.82787-15/788860531_18374942995237813_624644092953609674_n.jpg?stp=dst-jpg_e35_tt6&_nc_cat=106&ig_cache_key=Mzk3Mzk3Nzc4MjEzMTM5MTcwNQ%3D%3D.3-ccb7-5&ccb=7-5&_nc_sid=58cdad&efg=eyJ2ZW5jb2RlX3RhZyI6IkNBUk9VU0VMX0lURU0ueHBpZHMuMTA4MC5zZHIucmVndWxhcl9waG90by5DMyJ9&_nc_ohc=7IsixMbzdvIQ7kNvwFLr1IY&_nc_oc=AdrQMI6TD_X8w6y4rLquClq6yJmmEdOGtMhzEN4tBiP2x83SnaxNlcn35DJEvjd1cXA&_nc_ad=z-m&_nc_cid=0&_nc_zt=23&_nc_ht=scontent-mxp1-1.cdninstagram.com&_nc_gid=2W0u87jjP_IT_10skYXvyg&_nc_ss=7a22e&oh=00_AQKmZVQHrk7uaq12CSeJmfTXqPmLQnSIiQD_VhgIJBu7DQ&oe=6A98BE0B,https://www.instagram.com/p/DcmZ8cDD400/
Bom Jesus Primavera do Leste 🛒,Limpeza / Cuidados com a Casa,Água Sanitária Ypê 5L,20.9,27/08/2026,https://instagram.fmvf1-1.fna.fbcdn.net/v/t51.82787-15/787993259_18374687005237813_4471412213431393234_n.jpg?stp=dst-jpg_e35_tt6&_nc_cat=103&ig_cache_key=Mzk3Mjk0NzA1MzQ4MTkxNTUyNQ%3D%3D.3-ccb7-5&ccb=7-5&_nc_sid=58cdad&efg=eyJ2ZW5jb2RlX3RhZyI6IkZFRUQueHBpZHMuMTM1MC5zZHIucmVndWxhcl9waG90by5DMyJ9&_nc_ohc=TDgSfUoaAVwQ7kNvwEIJG_n&_nc_oc=AdrLqbORTF-nJ5wfhBLkA9D5VQaEh2wRkssjfKkPN0Y2aywVg5Dy_h1LoZ4J8duBg1w&_nc_ad=z-m&_nc_cid=0&_nc_zt=23&_nc_ht=instagram.fmvf1-1.fna&_nc_gid=98vsvuSaWIRegx6I2u2_8A&_nc_ss=7a22e&oh=00_AQIEBiGdKNmXetGcSi-tia6htcw973dmzm-cYh3g2tDnmw&oe=6A98B3AE,https://www.instagram.com/p/DcivkuqOXSF/
Bom Jesus Primavera do Leste 🛒,Limpeza / Cuidados com a Casa,Sabão em Pó Tixan Ypê 2.2kg,27.99,27/08/2026,https://instagram.fmvf1-1.fna.fbcdn.net/v/t51.82787-15/787993259_18374687005237813_4471412213431393234_n.jpg?stp=dst-jpg_e35_tt6&_nc_cat=103&ig_cache_key=Mzk3Mjk0NzA1MzQ4MTkxNTUyNQ%3D%3D.3-ccb7-5&ccb=7-5&_nc_sid=58cdad&efg=eyJ2ZW5jb2RlX3RhZyI6IkZFRUQueHBpZHMuMTM1MC5zZHIucmVndWxhcl9waG90by5DMyJ9&_nc_ohc=TDgSfUoaAVwQ7kNvwEIJG_n&_nc_oc=AdrLqbORTF-nJ5wfhBLkA9D5VQaEh2wRkssjfKkPN0Y2aywVg5Dy_h1LoZ4J8duBg1w&_nc_ad=z-m&_nc_cid=0&_nc_zt=23&_nc_ht=instagram.fmvf1-1.fna&_nc_gid=98vsvuSaWIRegx6I2u2_8A&_nc_ss=7a22e&oh=00_AQIEBiGdKNmXetGcSi-tia6htcw973dmzm-cYh3g2tDnmw&oe=6A98B3AE,https://www.instagram.com/p/DcivkuqOXSF/
Bom Jesus Primavera do Leste 🛒,Limpeza / Cuidados com a Casa,Detergente em Pó Tixan Ypê 2.4kg,28.99,28/08/2026,https://scontent-mxp1-1.cdninstagram.com/v/t51.82787-15/788860531_18374942995237813_624644092953609674_n.jpg?stp=dst-jpg_e35_tt6&_nc_cat=106&ig_cache_key=Mzk3Mzk3Nzc4MjEzMTM5MTcwNQ%3D%3D.3-ccb7-5&ccb=7-5&_nc_sid=58cdad&efg=eyJ2ZW5jb2RlX3RhZyI6IkNBUk9VU0VMX0lURU0ueHBpZHMuMTA4MC5zZHIucmVndWxhcl9waG90by5DMyJ9&_nc_ohc=7IsixMbzdvIQ7kNvwFLr1IY&_nc_oc=AdrQMI6TD_X8w6y4rLquClq6yJmmEdOGtMhzEN4tBiP2x83SnaxNlcn35DJEvjd1cXA&_nc_ad=z-m&_nc_cid=0&_nc_zt=23&_nc_ht=scontent-mxp1-1.cdninstagram.com&_nc_gid=2W0u87jjP_IT_10skYXvyg&_nc_ss=7a22e&oh=00_AQKmZVQHrk7uaq12CSeJmfTXqPmLQnSIiQD_VhgIJBu7DQ&oe=6A98BE0B,https://www.instagram.com/p/DcmZ8cDD400/
Supermercado Tuiuiú,Limpeza / Lavanderia e Louça,Sabão Tixan 800g,8.99,28/08/2026,https://instagram.fyhu2-1.fna.fbcdn.net/v/t39.30808-6/782169170_1720016740132144_6974904276998945912_n.jpg?stp=dst-jpg_e35_tt6&_nc_cat=105&ig_cache_key=Mzk3MzM0Mjg3OTk5ODQ4MTkyMA%3D%3D.3-ccb7-5&ccb=7-5&_nc_sid=58cdad&efg=eyJ2ZW5jb2RlX3RhZyI6IkNBUk9VU0VMX0lURU0ueHBpZHMuMTI1NC5zZHIucmVndWxhcl9waG90by5DMyJ9&_nc_ohc=q-Z25NrUeboQ7kNvwFssT6V&_nc_oc=Adp794qXde3FqRxXe5VKtHeFF050ETDTrRiikza7umOHMljKhURDKgLeaKuz3EGNz4pFdYumLU9GkBHeiLI6PjAz&_nc_ad=z-m&_nc_cid=0&_nc_zt=23&_nc_ht=instagram.fyhu2-1.fna&_nc_gid=8hRfZTGV61lKPZlNYQ9LfQ&_nc_ss=7a22e&oh=00_AQLzJJzU6729RVOC4qNTh8VTw4VWsiwuHiFCtYE5b_M1LQ&oe=6A98D409,https://www.instagram.com/p/DckJlYyI3Tu/
Super Compras Supermercado,Limpeza / Lavanderia e Louça,Sabão em Pó Omo 700g,11.99,28/08/2026,https://instagram.fsyd10-1.fna.fbcdn.net/v/t51.82787-15/778381296_18192777073391764_3495327765482658959_n.jpg?stp=dst-jpg_e35_tt6&_nc_cat=108&ig_cache_key=Mzk3MzI5MDk1OTA3NzU1MjQ2OA%3D%3D.3-ccb7-5&ccb=7-5&_nc_sid=58cdad&efg=eyJ2ZW5jb2RlX3RhZyI6IkZFRUQueHBpZHMuMTQ0MC5zZHIucmVndWxhcl9waG90by5DMyJ9&_nc_ohc=2HLQR4PBfsgQ7kNvwFH0xOj&_nc_oc=Adq7FpJVek-bLPex8t8nW1VCFRGfs2_t63o6yspr1ZUtTgp_Wk7vvuVC7Tm4_bePjyc&_nc_ad=z-m&_nc_cid=0&_nc_zt=23&_nc_ht=instagram.fsyd10-1.fna&_nc_gid=yGeBUZ6gLFxj3rPs_uYd6g&_nc_ss=7a22e&oh=00_AQIiVJsR4RjAJxAMGZavae_TYo1SoCfsoQ8DlXq8aTlfxw&oe=6A98D916,https://www.instagram.com/p/Dcj9xNtFrFU/
Bom Jesus Primavera do Leste 🛒,Limpeza / Lavanderia e Louça,Lava Roupas Líquido Omo Ciclo Rápido 750ml,15.99,27/08/2026,https://instagram.fmvf1-1.fna.fbcdn.net/v/t51.82787-15/787993259_18374687005237813_4471412213431393234_n.jpg?stp=dst-jpg_e35_tt6&_nc_cat=103&ig_cache_key=Mzk3Mjk0NzA1MzQ4MTkxNTUyNQ%3D%3D.3-ccb7-5&ccb=7-5&_nc_sid=58cdad&efg=eyJ2ZW5jb2RlX3RhZyI6IkZFRUQueHBpZHMuMTM1MC5zZHIucmVndWxhcl9waG90by5DMyJ9&_nc_ohc=TDgSfUoaAVwQ7kNvwEIJG_n&_nc_oc=AdrLqbORTF-nJ5wfhBLkA9D5VQaEh2wRkssjfKkPN0Y2aywVg5Dy_h1LoZ4J8duBg1w&_nc_ad=z-m&_nc_cid=0&_nc_zt=23&_nc_ht=instagram.fmvf1-1.fna&_nc_gid=98vsvuSaWIRegx6I2u2_8A&_nc_ss=7a22e&oh=00_AQIEBiGdKNmXetGcSi-tia6htcw973dmzm-cYh3g2tDnmw&oe=6A98B3AE,https://www.instagram.com/p/DcivkuqOXSF/
Supermercado Tuiuiú,Limpeza / Lavanderia e Louça,Sabão Omo 1.8L,19.99,28/08/2026,https://instagram.fyhu2-1.fna.fbcdn.net/v/t39.30808-6/782169170_1720016740132144_6974904276998945912_n.jpg?stp=dst-jpg_e35_tt6&_nc_cat=105&ig_cache_key=Mzk3MzM0Mjg3OTk5ODQ4MTkyMA%3D%3D.3-ccb7-5&ccb=7-5&_nc_sid=58cdad&efg=eyJ2ZW5jb2RlX3RhZyI6IkNBUk9VU0VMX0lURU0ueHBpZHMuMTI1NC5zZHIucmVndWxhcl9waG90by5DMyJ9&_nc_ohc=q-Z25NrUeboQ7kNvwFssT6V&_nc_oc=Adp794qXde3FqRxXe5VKtHeFF050ETDTrRiikza7umOHMljKhURDKgLeaKuz3EGNz4pFdYumLU9GkBHeiLI6PjAz&_nc_ad=z-m&_nc_cid=0&_nc_zt=23&_nc_ht=instagram.fyhu2-1.fna&_nc_gid=8hRfZTGV61lKPZlNYQ9LfQ&_nc_ss=7a22e&oh=00_AQLzJJzU6729RVOC4qNTh8VTw4VWsiwuHiFCtYE5b_M1LQ&oe=6A98D409,https://www.instagram.com/p/DckJlYyI3Tu/
Supermercado Tuiuiú,Mercearia / Arroz,Arroz Rei 5kg,16.99,28/08/2026,https://instagram.fyhu2-1.fna.fbcdn.net/v/t39.30808-6/780374541_1720016716798813_3229780711925498508_n.jpg?stp=dst-jpg_e35_tt6&_nc_cat=110&ig_cache_key=Mzk3MzM0Mjg3OTQ0NDg1Mjc3NQ%3D%3D.3-ccb7-5&ccb=7-5&_nc_sid=58cdad&efg=eyJ2ZW5jb2RlX3RhZyI6IkNBUk9VU0VMX0lURU0ueHBpZHMuMTI1NC5zZHIucmVndWxhcl9waG90by5DMyJ9&_nc_ohc=hASiLMJHo8AQ7kNvwFp7Tod&_nc_oc=AdrNkzUJTu8tWiSFepoV5Tv5hlN4JQq27nD6Rv73Y_VJgboONKNBarYsagMx9oxDaxnyU7HGBjgGlIoDhnZWy5dv&_nc_ad=z-m&_nc_cid=0&_nc_zt=23&_nc_ht=instagram.fyhu2-1.fna&_nc_gid=8hRfZTGV61lKPZlNYQ9LfQ&_nc_ss=7a22e&oh=00_AQJgZ1YeFr88idTey8ALQAIjLfftQc9KGUQM-9B6UFZRng&oe=6A98D94A,https://www.instagram.com/p/DckJlYyI3Tu/
Bom Jesus Primavera do Leste 🛒,Mercearia / Arroz,Arroz São João 5kg,16.99,28/08/2026,https://scontent-mxp1-1.cdninstagram.com/v/t51.82787-15/788139857_18374943016237813_6095318216715939563_n.jpg?stp=dst-jpg_e35_tt6&_nc_cat=107&ig_cache_key=Mzk3Mzk3Nzc4MDcyMjI3NDY1Mg%3D%3D.3-ccb7-5&ccb=7-5&_nc_sid=58cdad&efg=eyJ2ZW5jb2RlX3RhZyI6IkNBUk9VU0VMX0lURU0ueHBpZHMuMTA4MC5zZHIucmVndWxhcl9waG90by5DMyJ9&_nc_ohc=u6RrkwcH62kQ7kNvwFkF7r_&_nc_oc=AdoUTvqJuGAdFFjDPotrv9yNgv57jRXQEjcOx6SpH-f07qQV87CsRiUzN53sQaqDcqc&_nc_ad=z-m&_nc_cid=0&_nc_zt=23&_nc_ht=scontent-mxp1-1.cdninstagram.com&_nc_gid=2W0u87jjP_IT_10skYXvyg&_nc_ss=7a22e&oh=00_AQKBt_pu4Ue0M_Xe2k7mZVRwaDl3p21ilOGbqB4oWu2lsg&oe=6A98BBF0,https://www.instagram.com/p/DcmZ8cDD400/
Supermercado São Pedro,Mercearia / Arroz,Arroz São João 5kg,18.49,27/08/2026,https://instagram.fsvq6-1.fna.fbcdn.net/v/t39.30808-6/788413222_1505168981656218_2918311736305518854_n.jpg?stp=c0.0.1638.2047a_dst-jpg_e35_s1638x2047_tt6&_nc_cat=107&ig_cache_key=Mzk3MzI3Njk2ODIzODI0MjE0OA%3D%3D.3-ccb7-5&ccb=7-5&_nc_sid=58cdad&efg=eyJ2ZW5jb2RlX3RhZyI6IkNBUk9VU0VMX0lURU0ueHBpZHMuMTYzOC5zZHIucmVndWxhcl9waG90by5DMyJ9&_nc_ohc=G9lgZfFlLu0Q7kNvwEWM49r&_nc_oc=Adqd95Cqd_IX2sGDk8ExTbxfNItP8ScqY1s8k8X3jfy1hiLqWWdgH83nKJY8x8b8UC4&_nc_ad=z-m&_nc_cid=3033&_nc_zt=23&_nc_ht=instagram.fsvq6-1.fna&_nc_gid=cr2BBsXJ9hal_kRAgWsMyQ&_nc_ss=7a22e&oh=00_AQJDkTAcDbLEqAg-ioR6N4abWmYen6yVujs6NBHCQefdYg&oe=6A98CAA0,https://www.instagram.com/p/Dcj6lyLlKpL/
Super Compras Supermercado,Mercearia / Arroz,Arroz tipo 1 Kumbuca 5kg,21.99,29/08/2026,https://scontent-itm1-1.cdninstagram.com/v/t51.82787-15/787743920_18192892438391764_3005082908538598587_n.jpg?stp=dst-jpg_e35_tt6&_nc_cat=110&ig_cache_key=Mzk3NDAxMjMzNjQ5MTI3ODEzMg%3D%3D.3-ccb7-5&ccb=7-5&_nc_sid=58cdad&efg=eyJ2ZW5jb2RlX3RhZyI6IkNBUk9VU0VMX0lURU0ueHBpZHMuMTQ0MC5zZHIucmVndWxhcl9waG90by5DMyJ9&_nc_ohc=jo3tVs9LzLkQ7kNvwEEXhXu&_nc_oc=AdoWdKPC5-PErszL1TO6jMbufuXrXvUdptAb3NLGnkDmhMOTrKx5VkGvRX58LrbvGBptdadpd7zG9en7536FmFhn&_nc_ad=z-m&_nc_cid=0&_nc_zt=23&_nc_ht=scontent-itm1-1.cdninstagram.com&_nc_gid=ATf4ZhlWvUf1BbIXiW6T_A&_nc_ss=7a22e&oh=00_AQLH-x_TU2iikLIhOJkObAYenYEWIoVc9Ucuhu9yIBlZEQ&oe=6A98CD3B,https://www.instagram.com/p/DcmhzwZjQj_/
Supermercado Tuiuiú,Mercearia / Açúcar,Açúcar Doce Dia 2kg,4.29,28/08/2026,https://instagram.fyhu2-1.fna.fbcdn.net/v/t39.30808-6/780374541_1720016716798813_3229780711925498508_n.jpg?stp=dst-jpg_e35_tt6&_nc_cat=110&ig_cache_key=Mzk3MzM0Mjg3OTQ0NDg1Mjc3NQ%3D%3D.3-ccb7-5&ccb=7-5&_nc_sid=58cdad&efg=eyJ2ZW5jb2RlX3RhZyI6IkNBUk9VU0VMX0lURU0ueHBpZHMuMTI1NC5zZHIucmVndWxhcl9waG90by5DMyJ9&_nc_ohc=hASiLMJHo8AQ7kNvwFp7Tod&_nc_oc=AdrNkzUJTu8tWiSFepoV5Tv5hlN4JQq27nD6Rv73Y_VJgboONKNBarYsagMx9oxDaxnyU7HGBjgGlIoDhnZWy5dv&_nc_ad=z-m&_nc_cid=0&_nc_zt=23&_nc_ht=instagram.fyhu2-1.fna&_nc_gid=8hRfZTGV61lKPZlNYQ9LfQ&_nc_ss=7a22e&oh=00_AQJgZ1YeFr88idTey8ALQAIjLfftQc9KGUQM-9B6UFZRng&oe=6A98D94A,https://www.instagram.com/p/DckJlYyI3Tu/
Bom Jesus Primavera do Leste 🛒,Mercearia / Açúcar,Açúcar Barralcool 2kg,4.89,28/08/2026,https://scontent-mxp2-1.cdninstagram.com/v/t51.82787-15/786342905_18374942944237813_9171546184561105620_n.jpg?stp=dst-jpg_e35_tt6&_nc_cat=111&ig_cache_key=Mzk3Mzk3Nzc3NzA4MTU2NjM1Ng%3D%3D.3-ccb7-5&ccb=7-5&_nc_sid=58cdad&efg=eyJ2ZW5jb2RlX3RhZyI6IkNBUk9VU0VMX0lURU0ueHBpZHMuMTA4MC5zZHIucmVndWxhcl9waG90by5DMyJ9&_nc_ohc=PZpUPh65CTMQ7kNvwFBXN95&_nc_oc=AdqFrg1crwfkrvoewaPR70g9McSSLdXdadulBTMXn2zlPiL1pemoJ20ig-b7lx34n60&_nc_ad=z-m&_nc_cid=0&_nc_zt=23&_nc_ht=scontent-mxp2-1.cdninstagram.com&_nc_gid=2W0u87jjP_IT_10skYXvyg&_nc_ss=7a22e&oh=00_AQK1n8E3UDbDDdwoxE9AnK5rEmyyqRSscvXoPOXhDF_AHA&oe=6A98CD98,https://www.instagram.com/p/DcmZ8cDD400/
Super Compras Supermercado,Mercearia / Açúcar,Açúcar Cristal Itamarati 2kg,5.69,28/08/2026,https://instagram.fsyd10-1.fna.fbcdn.net/v/t51.82787-15/778381296_18192777073391764_3495327765482658959_n.jpg?stp=dst-jpg_e35_tt6&_nc_cat=108&ig_cache_key=Mzk3MzI5MDk1OTA3NzU1MjQ2OA%3D%3D.3-ccb7-5&ccb=7-5&_nc_sid=58cdad&efg=eyJ2ZW5jb2RlX3RhZyI6IkZFRUQueHBpZHMuMTQ0MC5zZHIucmVndWxhcl9waG90by5DMyJ9&_nc_ohc=2HLQR4PBfsgQ7kNvwFH0xOj&_nc_oc=Adq7FpJVek-bLPex8t8nW1VCFRGfs2_t63o6yspr1ZUtTgp_Wk7vvuVC7Tm4_bePjyc&_nc_ad=z-m&_nc_cid=0&_nc_zt=23&_nc_ht=instagram.fsyd10-1.fna&_nc_gid=yGeBUZ6gLFxj3rPs_uYd6g&_nc_ss=7a22e&oh=00_AQIiVJsR4RjAJxAMGZavae_TYo1SoCfsoQ8DlXq8aTlfxw&oe=6A98D916,https://www.instagram.com/p/Dcj9xNtFrFU/
Supermercado Tuiuiú,Mercearia / Biscoitos e Doces,Biscoito Show Gol 76g,0.99,26/08/2026,https://instagram.fagp3-1.fna.fbcdn.net/v/t51.82787-15/786993044_18581670784067900_4451038722088372453_n.jpg?stp=dst-jpg_e35_tt6&_nc_cat=106&ig_cache_key=Mzk3MjU4MDU3NDQ4MDgyOTk0OQ%3D%3D.3-ccb7-5&ccb=7-5&_nc_sid=58cdad&efg=eyJ2ZW5jb2RlX3RhZyI6IkNBUk9VU0VMX0lURU0ueHBpZHMuMTA4MC5zZHIucmVndWxhcl9waG90by5DMyJ9&_nc_ohc=LMIY6vyvLpAQ7kNvwGccPk8&_nc_oc=AdqIDS_WbJVYhxl5O8S3NhZrBoVNyFYZwiqg2CexlMc7PBX9DfCc6CiaNsLSqmBP5Ds&_nc_ad=z-m&_nc_cid=0&_nc_zt=23&_nc_ht=instagram.fagp3-1.fna&_nc_gid=cjP19A6j3LyH3jBF6hxCug&_nc_ss=7a22e&oh=00_AQJRFR_SvQ2z7Z4aJ9L95Igq-HVPUnF_HGP6BXPfnBfFjQ&oe=6A98BD51,https://www.instagram.com/p/DchcQH5DdVj/
Supermercado Tuiuiú,Mercearia / Biscoitos e Doces,Biscoito Passatempo 130g,2.49,28/08/2026,https://instagram.fymq2-1.fna.fbcdn.net/v/t39.30808-6/752708427_1720016720132146_149709506206268519_n.jpg?stp=dst-jpg_e35_tt6&_nc_cat=108&ig_cache_key=Mzk3MzM0Mjg4MDAxNTI3Mzk0NA%3D%3D.3-ccb7-5&ccb=7-5&_nc_sid=58cdad&efg=eyJ2ZW5jb2RlX3RhZyI6IkNBUk9VU0VMX0lURU0ueHBpZHMuMTI1NC5zZHIucmVndWxhcl9waG90by5DMyJ9&_nc_ohc=7bG_IFJvHW0Q7kNvwEhMbIJ&_nc_oc=AdotURz-xsqRGck58ffEBZcbN83qeSHGiSQGr1Nl7IMO95MM2oO3bauKM7zJHqQnwpyOUFSk--t-EmHCOVXYz3Pf&_nc_ad=z-m&_nc_cid=0&_nc_zt=23&_nc_ht=instagram.fymq2-1.fna&_nc_gid=8hRfZTGV61lKPZlNYQ9LfQ&_nc_ss=7a22e&oh=00_AQJy8lCV4vqXkPkkHcPjQxdF5CVzL-DPiT6P0yWXhjL96Q&oe=6A98BED3,https://www.instagram.com/p/DckJlYyI3Tu/
Supermercado Tuiuiú,Mercearia / Biscoitos e Doces,Rosquinha Belma 500g,4.49,28/08/2026,https://instagram.fymq2-1.fna.fbcdn.net/v/t39.30808-6/752708427_1720016720132146_149709506206268519_n.jpg?stp=dst-jpg_e35_tt6&_nc_cat=108&ig_cache_key=Mzk3MzM0Mjg4MDAxNTI3Mzk0NA%3D%3D.3-ccb7-5&ccb=7-5&_nc_sid=58cdad&efg=eyJ2ZW5jb2RlX3RhZyI6IkNBUk9VU0VMX0lURU0ueHBpZHMuMTI1NC5zZHIucmVndWxhcl9waG90by5DMyJ9&_nc_ohc=7bG_IFJvHW0Q7kNvwEhMbIJ&_nc_oc=AdotURz-xsqRGck58ffEBZcbN83qeSHGiSQGr1Nl7IMO95MM2oO3bauKM7zJHqQnwpyOUFSk--t-EmHCOVXYz3Pf&_nc_ad=z-m&_nc_cid=0&_nc_zt=23&_nc_ht=instagram.fymq2-1.fna&_nc_gid=8hRfZTGV61lKPZlNYQ9LfQ&_nc_ss=7a22e&oh=00_AQJy8lCV4vqXkPkkHcPjQxdF5CVzL-DPiT6P0yWXhjL96Q&oe=6A98BED3,https://www.instagram.com/p/DckJlYyI3Tu/
Super Compras Supermercado,Mercearia / Biscoitos e Doces,Biscoito Rosquinhas Belma 500g,4.99,28/08/2026,https://instagram.fsyd10-1.fna.fbcdn.net/v/t51.82787-15/778381296_18192777073391764_3495327765482658959_n.jpg?stp=dst-jpg_e35_tt6&_nc_cat=108&ig_cache_key=Mzk3MzI5MDk1OTA3NzU1MjQ2OA%3D%3D.3-ccb7-5&ccb=7-5&_nc_sid=58cdad&efg=eyJ2ZW5jb2RlX3RhZyI6IkZFRUQueHBpZHMuMTQ0MC5zZHIucmVndWxhcl9waG90by5DMyJ9&_nc_ohc=2HLQR4PBfsgQ7kNvwFH0xOj&_nc_oc=Adq7FpJVek-bLPex8t8nW1VCFRGfs2_t63o6yspr1ZUtTgp_Wk7vvuVC7Tm4_bePjyc&_nc_ad=z-m&_nc_cid=0&_nc_zt=23&_nc_ht=instagram.fsyd10-1.fna&_nc_gid=yGeBUZ6gLFxj3rPs_uYd6g&_nc_ss=7a22e&oh=00_AQIiVJsR4RjAJxAMGZavae_TYo1SoCfsoQ8DlXq8aTlfxw&oe=6A98D916,https://www.instagram.com/p/Dcj9xNtFrFU/
Supermercado Tuiuiú,Mercearia / Biscoitos e Doces,Mistura Para Bolo Adorale 400g,5.49,28/08/2026,https://instagram.fymq2-1.fna.fbcdn.net/v/t39.30808-6/777867278_1720016746798810_8968857745876573698_n.jpg?stp=dst-jpg_e35_tt6&_nc_cat=108&ig_cache_key=Mzk3MzM0Mjg3ODY1NjMwNjQwOQ%3D%3D.3-ccb7-5&ccb=7-5&_nc_sid=58cdad&efg=eyJ2ZW5jb2RlX3RhZyI6IkNBUk9VU0VMX0lURU0ueHBpZHMuMTI1NC5zZHIucmVndWxhcl9waG90by5DMyJ9&_nc_ohc=Z9Kw3OPyQ28Q7kNvwFT8HkC&_nc_oc=Ado9WbaiW-B85a9X-7VICChNu_ItbvS4qfZe6f1MBmtla828UodCZMj0F8v7Pgge_ulMXVa8QV-W_OJkpoupZXn1&_nc_ad=z-m&_nc_cid=0&_nc_zt=23&_nc_ht=instagram.fymq2-1.fna&_nc_gid=8hRfZTGV61lKPZlNYQ9LfQ&_nc_ss=7a22e&oh=00_AQJakAmFDnTVQdsBrYo2-qSm4CtSkD3pnZR-y_zruBoT1A&oe=6A98C4C9,https://www.instagram.com/p/DckJlYyI3Tu/
Supermercado Tuiuiú,Mercearia / Biscoitos e Doces,Chocolate Hershey's 82g,7.49,28/08/2026,https://instagram.fymq2-1.fna.fbcdn.net/v/t39.30808-6/752708427_1720016720132146_149709506206268519_n.jpg?stp=dst-jpg_e35_tt6&_nc_cat=108&ig_cache_key=Mzk3MzM0Mjg4MDAxNTI3Mzk0NA%3D%3D.3-ccb7-5&ccb=7-5&_nc_sid=58cdad&efg=eyJ2ZW5jb2RlX3RhZyI6IkNBUk9VU0VMX0lURU0ueHBpZHMuMTI1NC5zZHIucmVndWxhcl9waG90by5DMyJ9&_nc_ohc=7bG_IFJvHW0Q7kNvwEhMbIJ&_nc_oc=AdotURz-xsqRGck58ffEBZcbN83qeSHGiSQGr1Nl7IMO95MM2oO3bauKM7zJHqQnwpyOUFSk--t-EmHCOVXYz3Pf&_nc_ad=z-m&_nc_cid=0&_nc_zt=23&_nc_ht=instagram.fymq2-1.fna&_nc_gid=8hRfZTGV61lKPZlNYQ9LfQ&_nc_ss=7a22e&oh=00_AQJy8lCV4vqXkPkkHcPjQxdF5CVzL-DPiT6P0yWXhjL96Q&oe=6A98BED3,https://www.instagram.com/p/DckJlYyI3Tu/
Supermercado Tuiuiú,Mercearia / Biscoitos e Doces,Nescau 370g,9.99,26/08/2026,https://instagram.fagp3-1.fna.fbcdn.net/v/t51.82787-15/782208226_18581670763067900_4505279802407067664_n.jpg?stp=dst-jpg_e35_tt6&_nc_cat=101&ig_cache_key=Mzk3MjU4MDUzNjU2NDQyMTcwOQ%3D%3D.3-ccb7-5&ccb=7-5&_nc_sid=58cdad&efg=eyJ2ZW5jb2RlX3RhZyI6IkNBUk9VU0VMX0lURU0ueHBpZHMuMTA4MC5zZHIucmVndWxhcl9waG90by5DMyJ9&_nc_ohc=8pq5-pxCDcEQ7kNvwEbaqOM&_nc_oc=AdrFPnYmW6fWtfDRRs2PLGKLckqpQplViN4a3zIyxIb_BlcwXyYTzhpvZeIR2O7_1XU&_nc_ad=z-m&_nc_cid=0&_nc_zt=23&_nc_ht=instagram.fagp3-1.fna&_nc_gid=cjP19A6j3LyH3jBF6hxCug&_nc_ss=7a22e&oh=00_AQJaOWcIj4gFS7IOhtZDp2pkR3jg0Pdt820D_V6sDWQjlQ&oe=6A98D763,https://www.instagram.com/p/DchcQH5DdVj/
Supermercado Tuiuiú,Mercearia / Biscoitos e Doces,Bombom Lacta Nestle Garoto 220g,10.99,28/08/2026,https://instagram.fymq2-1.fna.fbcdn.net/v/t39.30808-6/752708427_1720016720132146_149709506206268519_n.jpg?stp=dst-jpg_e35_tt6&_nc_cat=108&ig_cache_key=Mzk3MzM0Mjg4MDAxNTI3Mzk0NA%3D%3D.3-ccb7-5&ccb=7-5&_nc_sid=58cdad&efg=eyJ2ZW5jb2RlX3RhZyI6IkNBUk9VU0VMX0lURU0ueHBpZHMuMTI1NC5zZHIucmVndWxhcl9waG90by5DMyJ9&_nc_ohc=7bG_IFJvHW0Q7kNvwEhMbIJ&_nc_oc=AdotURz-xsqRGck58ffEBZcbN83qeSHGiSQGr1Nl7IMO95MM2oO3bauKM7zJHqQnwpyOUFSk--t-EmHCOVXYz3Pf&_nc_ad=z-m&_nc_cid=0&_nc_zt=23&_nc_ht=instagram.fymq2-1.fna&_nc_gid=8hRfZTGV61lKPZlNYQ9LfQ&_nc_ss=7a22e&oh=00_AQJy8lCV4vqXkPkkHcPjQxdF5CVzL-DPiT6P0yWXhjL96Q&oe=6A98BED3,https://www.instagram.com/p/DckJlYyI3Tu/
Supermercado Tuiuiú,Mercearia / Café,Café Torrado e Moído Nascente Araguaia 250g,8.99,28/08/2026,https://instagram.fymq2-1.fna.fbcdn.net/v/t39.30808-6/777867278_1720016746798810_8968857745876573698_n.jpg?stp=dst-jpg_e35_tt6&_nc_cat=108&ig_cache_key=Mzk3MzM0Mjg3ODY1NjMwNjQwOQ%3D%3D.3-ccb7-5&ccb=7-5&_nc_sid=58cdad&efg=eyJ2ZW5jb2RlX3RhZyI6IkNBUk9VU0VMX0lURU0ueHBpZHMuMTI1NC5zZHIucmVndWxhcl9waG90by5DMyJ9&_nc_ohc=Z9Kw3OPyQ28Q7kNvwFT8HkC&_nc_oc=Ado9WbaiW-B85a9X-7VICChNu_ItbvS4qfZe6f1MBmtla828UodCZMj0F8v7Pgge_ulMXVa8QV-W_OJkpoupZXn1&_nc_ad=z-m&_nc_cid=0&_nc_zt=23&_nc_ht=instagram.fymq2-1.fna&_nc_gid=8hRfZTGV61lKPZlNYQ9LfQ&_nc_ss=7a22e&oh=00_AQJakAmFDnTVQdsBrYo2-qSm4CtSkD3pnZR-y_zruBoT1A&oe=6A98C4C9,https://www.instagram.com/p/DckJlYyI3Tu/
Machadão Atacadista,Mercearia / Café,Café Torrado e Moído Melitta 500g,23.9,25/08/2026,https://instagram.fein1-2.fna.fbcdn.net/v/t39.30808-6/785059096_1358646486355309_4355252955160182464_n.jpg?stp=dst-jpg_e35_tt6&_nc_cat=107&ig_cache_key=Mzk3MTUyNDg5Njc4NTk1NzI2NA%3D%3D.3-ccb7-5&ccb=7-5&_nc_sid=58cdad&efg=eyJ2ZW5jb2RlX3RhZyI6IkNBUk9VU0VMX0lURU0ueHBpZHMuMTYzOC5zZHIucmVndWxhcl9waG90by5DMyJ9&_nc_ohc=7xcost5b2JkQ7kNvwGRnKAh&_nc_oc=Adr6LqKYUqvr-aBPjGkkwKovi3pXvPATEa8TVsUbwMdoOmnC7ShRwjZFJ_mDOOJmpTE&_nc_ad=z-m&_nc_cid=1207&_nc_zt=23&_nc_ht=instagram.fein1-2.fna&_nc_gid=NhetOI29J2yoTRQ2V38LbQ&_nc_ss=7a22e&oh=00_AQKXls8m4JkM1ajrNyuZiIdsWs9FVMO3GnXESIlwTc7uhw&oe=6A98DB81,https://www.instagram.com/p/DcdsNxKDBTG/
Supermercado São Pedro,Mercearia / Café,Café Torrado e Moído Caboclo 500g,24.49,27/08/2026,https://instagram.fsvq6-1.fna.fbcdn.net/v/t39.30808-6/788413222_1505168981656218_2918311736305518854_n.jpg?stp=c0.0.1638.2047a_dst-jpg_e35_s1638x2047_tt6&_nc_cat=107&ig_cache_key=Mzk3MzI3Njk2ODIzODI0MjE0OA%3D%3D.3-ccb7-5&ccb=7-5&_nc_sid=58cdad&efg=eyJ2ZW5jb2RlX3RhZyI6IkNBUk9VU0VMX0lURU0ueHBpZHMuMTYzOC5zZHIucmVndWxhcl9waG90by5DMyJ9&_nc_ohc=G9lgZfFlLu0Q7kNvwEWM49r&_nc_oc=Adqd95Cqd_IX2sGDk8ExTbxfNItP8ScqY1s8k8X3jfy1hiLqWWdgH83nKJY8x8b8UC4&_nc_ad=z-m&_nc_cid=3033&_nc_zt=23&_nc_ht=instagram.fsvq6-1.fna&_nc_gid=cr2BBsXJ9hal_kRAgWsMyQ&_nc_ss=7a22e&oh=00_AQJDkTAcDbLEqAg-ioR6N4abWmYen6yVujs6NBHCQefdYg&oe=6A98CAA0,https://www.instagram.com/p/Dcj6lyLlKpL/
Machadão Atacadista,Mercearia / Café,Café Caboclo 500g,24.9,25/08/2026,https://instagram.fein1-2.fna.fbcdn.net/v/t39.30808-6/786543128_1358645369688754_2779017979935584164_n.jpg?stp=dst-jpg_e35_tt6&_nc_cat=101&ig_cache_key=Mzk3MTUyNDg5NTIzNDEwNDA4Mg%3D%3D.3-ccb7-5&ccb=7-5&_nc_sid=58cdad&efg=eyJ2ZW5jb2RlX3RhZyI6IkNBUk9VU0VMX0lURU0ueHBpZHMuMTYzOC5zZHIucmVndWxhcl9waG90by5DMyJ9&_nc_ohc=fkD66OU_vJ8Q7kNvwE5vvQ9&_nc_oc=AdqeEOwEMhDQKE6AQjXN76ofQneqYaAyD5EATiFCUyuCeY39m5crwQtkZKNuUSU1Sgs&_nc_ad=z-m&_nc_cid=1207&_nc_zt=23&_nc_ht=instagram.fein1-2.fna&_nc_gid=NhetOI29J2yoTRQ2V38LbQ&_nc_ss=7a22e&oh=00_AQJDR2iSSXmG_pdffRjUCfCQB4TX_zYP7PgdGFxKpN1MDg&oe=6A98CDC4,https://www.instagram.com/p/DcdsNxKDBTG/
Supermercado Tuiuiú,Mercearia / Farináceos,Tapioca Amafil 500g,4.99,26/08/2026,https://instagram.fagp3-1.fna.fbcdn.net/v/t51.82787-15/782208226_18581670763067900_4505279802407067664_n.jpg?stp=dst-jpg_e35_tt6&_nc_cat=101&ig_cache_key=Mzk3MjU4MDUzNjU2NDQyMTcwOQ%3D%3D.3-ccb7-5&ccb=7-5&_nc_sid=58cdad&efg=eyJ2ZW5jb2RlX3RhZyI6IkNBUk9VU0VMX0lURU0ueHBpZHMuMTA4MC5zZHIucmVndWxhcl9waG90by5DMyJ9&_nc_ohc=8pq5-pxCDcEQ7kNvwEbaqOM&_nc_oc=AdrFPnYmW6fWtfDRRs2PLGKLckqpQplViN4a3zIyxIb_BlcwXyYTzhpvZeIR2O7_1XU&_nc_ad=z-m&_nc_cid=0&_nc_zt=23&_nc_ht=instagram.fagp3-1.fna&_nc_gid=cjP19A6j3LyH3jBF6hxCug&_nc_ss=7a22e&oh=00_AQJaOWcIj4gFS7IOhtZDp2pkR3jg0Pdt820D_V6sDWQjlQ&oe=6A98D763,https://www.instagram.com/p/DchcQH5DdVj/
Supermercado Tuiuiú,Mercearia / Farináceos,Farinha de Trigo Ventureli 1kg,5.49,28/08/2026,https://instagram.fyhu2-1.fna.fbcdn.net/v/t39.30808-6/780374541_1720016716798813_3229780711925498508_n.jpg?stp=dst-jpg_e35_tt6&_nc_cat=110&ig_cache_key=Mzk3MzM0Mjg3OTQ0NDg1Mjc3NQ%3D%3D.3-ccb7-5&ccb=7-5&_nc_sid=58cdad&efg=eyJ2ZW5jb2RlX3RhZyI6IkNBUk9VU0VMX0lURU0ueHBpZHMuMTI1NC5zZHIucmVndWxhcl9waG90by5DMyJ9&_nc_ohc=hASiLMJHo8AQ7kNvwFp7Tod&_nc_oc=AdrNkzUJTu8tWiSFepoV5Tv5hlN4JQq27nD6Rv73Y_VJgboONKNBarYsagMx9oxDaxnyU7HGBjgGlIoDhnZWy5dv&_nc_ad=z-m&_nc_cid=0&_nc_zt=23&_nc_ht=instagram.fyhu2-1.fna&_nc_gid=8hRfZTGV61lKPZlNYQ9LfQ&_nc_ss=7a22e&oh=00_AQJgZ1YeFr88idTey8ALQAIjLfftQc9KGUQM-9B6UFZRng&oe=6A98D94A,https://www.instagram.com/p/DckJlYyI3Tu/
Supermercado Tuiuiú,Mercearia / Farináceos,Farinha de Rosca kg,11.99,26/08/2026,https://instagram.fagp3-1.fna.fbcdn.net/v/t51.82787-15/786213187_18581670739067900_7614859529006382993_n.jpg?stp=dst-jpg_e35_tt6&_nc_cat=105&ig_cache_key=Mzk3MjU4MDUwMTEzMDg5NTg1Ng%3D%3D.3-ccb7-5&ccb=7-5&_nc_sid=58cdad&efg=eyJ2ZW5jb2RlX3RhZyI6IkNBUk9VU0VMX0lURU0ueHBpZHMuMTA4MC5zZHIucmVndWxhcl9waG90by5DMyJ9&_nc_ohc=FUxa-pkhp30Q7kNvwGxZLe8&_nc_oc=AdqVBEEWeVGh_tP3lRoqbywlivZNA9NZJb51iolpQOEMMLEk3sfYfPG4knV3gUHm10w&_nc_ad=z-m&_nc_cid=0&_nc_zt=23&_nc_ht=instagram.fagp3-1.fna&_nc_gid=cjP19A6j3LyH3jBF6hxCug&_nc_ss=7a22e&oh=00_AQI6abR3HTz3kTrRjiHHcz6-gFYJZfkEOd9p5OosVkgk2g&oe=6A98B4EB,https://www.instagram.com/p/DchcQH5DdVj/
Supermercado Tuiuiú,Mercearia / Grãos e Conservas,Feijão Kumbuca 1kg,6.49,28/08/2026,https://instagram.fyhu2-1.fna.fbcdn.net/v/t39.30808-6/780374541_1720016716798813_3229780711925498508_n.jpg?stp=dst-jpg_e35_tt6&_nc_cat=110&ig_cache_key=Mzk3MzM0Mjg3OTQ0NDg1Mjc3NQ%3D%3D.3-ccb7-5&ccb=7-5&_nc_sid=58cdad&efg=eyJ2ZW5jb2RlX3RhZyI6IkNBUk9VU0VMX0lURU0ueHBpZHMuMTI1NC5zZHIucmVndWxhcl9waG90by5DMyJ9&_nc_ohc=hASiLMJHo8AQ7kNvwFp7Tod&_nc_oc=AdrNkzUJTu8tWiSFepoV5Tv5hlN4JQq27nD6Rv73Y_VJgboONKNBarYsagMx9oxDaxnyU7HGBjgGlIoDhnZWy5dv&_nc_ad=z-m&_nc_cid=0&_nc_zt=23&_nc_ht=instagram.fyhu2-1.fna&_nc_gid=8hRfZTGV61lKPZlNYQ9LfQ&_nc_ss=7a22e&oh=00_AQJgZ1YeFr88idTey8ALQAIjLfftQc9KGUQM-9B6UFZRng&oe=6A98D94A,https://www.instagram.com/p/DckJlYyI3Tu/
Bom Jesus Primavera do Leste 🛒,Mercearia / Grãos e Conservas,Feijão Carioca Dona Dê 1kg,6.79,28/08/2026,https://scontent-mxp1-1.cdninstagram.com/v/t51.82787-15/788139857_18374943016237813_6095318216715939563_n.jpg?stp=dst-jpg_e35_tt6&_nc_cat=107&ig_cache_key=Mzk3Mzk3Nzc4MDcyMjI3NDY1Mg%3D%3D.3-ccb7-5&ccb=7-5&_nc_sid=58cdad&efg=eyJ2ZW5jb2RlX3RhZyI6IkNBUk9VU0VMX0lURU0ueHBpZHMuMTA4MC5zZHIucmVndWxhcl9waG90by5DMyJ9&_nc_ohc=u6RrkwcH62kQ7kNvwFkF7r_&_nc_oc=AdoUTvqJuGAdFFjDPotrv9yNgv57jRXQEjcOx6SpH-f07qQV87CsRiUzN53sQaqDcqc&_nc_ad=z-m&_nc_cid=0&_nc_zt=23&_nc_ht=scontent-mxp1-1.cdninstagram.com&_nc_gid=2W0u87jjP_IT_10skYXvyg&_nc_ss=7a22e&oh=00_AQKBt_pu4Ue0M_Xe2k7mZVRwaDl3p21ilOGbqB4oWu2lsg&oe=6A98BBF0,https://www.instagram.com/p/DcmZ8cDD400/
Super Compras Supermercado,Mercearia / Massas,Macarrão Semolado Galo 500g,3.99,28/08/2026,https://instagram.fsyd10-1.fna.fbcdn.net/v/t51.82787-15/778381296_18192777073391764_3495327765482658959_n.jpg?stp=dst-jpg_e35_tt6&_nc_cat=108&ig_cache_key=Mzk3MzI5MDk1OTA3NzU1MjQ2OA%3D%3D.3-ccb7-5&ccb=7-5&_nc_sid=58cdad&efg=eyJ2ZW5jb2RlX3RhZyI6IkZFRUQueHBpZHMuMTQ0MC5zZHIucmVndWxhcl9waG90by5DMyJ9&_nc_ohc=2HLQR4PBfsgQ7kNvwFH0xOj&_nc_oc=Adq7FpJVek-bLPex8t8nW1VCFRGfs2_t63o6yspr1ZUtTgp_Wk7vvuVC7Tm4_bePjyc&_nc_ad=z-m&_nc_cid=0&_nc_zt=23&_nc_ht=instagram.fsyd10-1.fna&_nc_gid=yGeBUZ6gLFxj3rPs_uYd6g&_nc_ss=7a22e&oh=00_AQIiVJsR4RjAJxAMGZavae_TYo1SoCfsoQ8DlXq8aTlfxw&oe=6A98D916,https://www.instagram.com/p/Dcj9xNtFrFU/
Machadão Atacadista,Mercearia / Massas,Macarrão Caseiro D'itália 1kg,11.9,25/08/2026,https://instagram.fein1-2.fna.fbcdn.net/v/t39.30808-6/786543128_1358645369688754_2779017979935584164_n.jpg?stp=dst-jpg_e35_tt6&_nc_cat=101&ig_cache_key=Mzk3MTUyNDg5NTIzNDEwNDA4Mg%3D%3D.3-ccb7-5&ccb=7-5&_nc_sid=58cdad&efg=eyJ2ZW5jb2RlX3RhZyI6IkNBUk9VU0VMX0lURU0ueHBpZHMuMTYzOC5zZHIucmVndWxhcl9waG90by5DMyJ9&_nc_ohc=fkD66OU_vJ8Q7kNvwE5vvQ9&_nc_oc=AdqeEOwEMhDQKE6AQjXN76ofQneqYaAyD5EATiFCUyuCeY39m5crwQtkZKNuUSU1Sgs&_nc_ad=z-m&_nc_cid=1207&_nc_zt=23&_nc_ht=instagram.fein1-2.fna&_nc_gid=NhetOI29J2yoTRQ2V38LbQ&_nc_ss=7a22e&oh=00_AQJDR2iSSXmG_pdffRjUCfCQB4TX_zYP7PgdGFxKpN1MDg&oe=6A98CDC4,https://www.instagram.com/p/DcdsNxKDBTG/
Machadão Atacadista,Mercearia / Massas,Macarrão Caseiro D'itália 1kg,11.9,25/08/2026,https://instagram.fein1-2.fna.fbcdn.net/v/t39.30808-6/785059096_1358646486355309_4355252955160182464_n.jpg?stp=dst-jpg_e35_tt6&_nc_cat=107&ig_cache_key=Mzk3MTUyNDg5Njc4NTk1NzI2NA%3D%3D.3-ccb7-5&ccb=7-5&_nc_sid=58cdad&efg=eyJ2ZW5jb2RlX3RhZyI6IkNBUk9VU0VMX0lURU0ueHBpZHMuMTYzOC5zZHIucmVndWxhcl9waG90by5DMyJ9&_nc_ohc=7xcost5b2JkQ7kNvwGRnKAh&_nc_oc=Adr6LqKYUqvr-aBPjGkkwKovi3pXvPATEa8TVsUbwMdoOmnC7ShRwjZFJ_mDOOJmpTE&_nc_ad=z-m&_nc_cid=1207&_nc_zt=23&_nc_ht=instagram.fein1-2.fna&_nc_gid=NhetOI29J2yoTRQ2V38LbQ&_nc_ss=7a22e&oh=00_AQKXls8m4JkM1ajrNyuZiIdsWs9FVMO3GnXESIlwTc7uhw&oe=6A98DB81,https://www.instagram.com/p/DcdsNxKDBTG/
Super Compras Supermercado,Mercearia / Molhos e Condimentos,Maionese Hellmann's 200g,5.99,28/08/2026,https://instagram.fsyd10-1.fna.fbcdn.net/v/t51.82787-15/778381296_18192777073391764_3495327765482658959_n.jpg?stp=dst-jpg_e35_tt6&_nc_cat=108&ig_cache_key=Mzk3MzI5MDk1OTA3NzU1MjQ2OA%3D%3D.3-ccb7-5&ccb=7-5&_nc_sid=58cdad&efg=eyJ2ZW5jb2RlX3RhZyI6IkZFRUQueHBpZHMuMTQ0MC5zZHIucmVndWxhcl9waG90by5DMyJ9&_nc_ohc=2HLQR4PBfsgQ7kNvwFH0xOj&_nc_oc=Adq7FpJVek-bLPex8t8nW1VCFRGfs2_t63o6yspr1ZUtTgp_Wk7vvuVC7Tm4_bePjyc&_nc_ad=z-m&_nc_cid=0&_nc_zt=23&_nc_ht=instagram.fsyd10-1.fna&_nc_gid=yGeBUZ6gLFxj3rPs_uYd6g&_nc_ss=7a22e&oh=00_AQIiVJsR4RjAJxAMGZavae_TYo1SoCfsoQ8DlXq8aTlfxw&oe=6A98D916,https://www.instagram.com/p/Dcj9xNtFrFU/
Supermercado São Pedro,Mercearia / Molhos e Condimentos,Extrato de Tomate Elefante 300g,7.19,27/08/2026,https://instagram.fsvq6-1.fna.fbcdn.net/v/t39.30808-6/788413222_1505168981656218_2918311736305518854_n.jpg?stp=c0.0.1638.2047a_dst-jpg_e35_s1638x2047_tt6&_nc_cat=107&ig_cache_key=Mzk3MzI3Njk2ODIzODI0MjE0OA%3D%3D.3-ccb7-5&ccb=7-5&_nc_sid=58cdad&efg=eyJ2ZW5jb2RlX3RhZyI6IkNBUk9VU0VMX0lURU0ueHBpZHMuMTYzOC5zZHIucmVndWxhcl9waG90by5DMyJ9&_nc_ohc=G9lgZfFlLu0Q7kNvwEWM49r&_nc_oc=Adqd95Cqd_IX2sGDk8ExTbxfNItP8ScqY1s8k8X3jfy1hiLqWWdgH83nKJY8x8b8UC4&_nc_ad=z-m&_nc_cid=3033&_nc_zt=23&_nc_ht=instagram.fsvq6-1.fna&_nc_gid=cr2BBsXJ9hal_kRAgWsMyQ&_nc_ss=7a22e&oh=00_AQJDkTAcDbLEqAg-ioR6N4abWmYen6yVujs6NBHCQefdYg&oe=6A98CAA0,https://www.instagram.com/p/Dcj6lyLlKpL/
Supermercado Tuiuiú,Mercearia / Óleos e Azeites,Macarrão Gallo Espaguete e Parafuso 500g,2.99,28/08/2026,https://instagram.fymq2-1.fna.fbcdn.net/v/t39.30808-6/777867278_1720016746798810_8968857745876573698_n.jpg?stp=dst-jpg_e35_tt6&_nc_cat=108&ig_cache_key=Mzk3MzM0Mjg3ODY1NjMwNjQwOQ%3D%3D.3-ccb7-5&ccb=7-5&_nc_sid=58cdad&efg=eyJ2ZW5jb2RlX3RhZyI6IkNBUk9VU0VMX0lURU0ueHBpZHMuMTI1NC5zZHIucmVndWxhcl9waG90by5DMyJ9&_nc_ohc=Z9Kw3OPyQ28Q7kNvwFT8HkC&_nc_oc=Ado9WbaiW-B85a9X-7VICChNu_ItbvS4qfZe6f1MBmtla828UodCZMj0F8v7Pgge_ulMXVa8QV-W_OJkpoupZXn1&_nc_ad=z-m&_nc_cid=0&_nc_zt=23&_nc_ht=instagram.fymq2-1.fna&_nc_gid=8hRfZTGV61lKPZlNYQ9LfQ&_nc_ss=7a22e&oh=00_AQJakAmFDnTVQdsBrYo2-qSm4CtSkD3pnZR-y_zruBoT1A&oe=6A98C4C9,https://www.instagram.com/p/DckJlYyI3Tu/
Supermercado Tuiuiú,Mercearia / Óleos e Azeites,Óleo Liza 900ml,5.99,28/08/2026,https://instagram.fyhu2-1.fna.fbcdn.net/v/t39.30808-6/780374541_1720016716798813_3229780711925498508_n.jpg?stp=dst-jpg_e35_tt6&_nc_cat=110&ig_cache_key=Mzk3MzM0Mjg3OTQ0NDg1Mjc3NQ%3D%3D.3-ccb7-5&ccb=7-5&_nc_sid=58cdad&efg=eyJ2ZW5jb2RlX3RhZyI6IkNBUk9VU0VMX0lURU0ueHBpZHMuMTI1NC5zZHIucmVndWxhcl9waG90by5DMyJ9&_nc_ohc=hASiLMJHo8AQ7kNvwFp7Tod&_nc_oc=AdrNkzUJTu8tWiSFepoV5Tv5hlN4JQq27nD6Rv73Y_VJgboONKNBarYsagMx9oxDaxnyU7HGBjgGlIoDhnZWy5dv&_nc_ad=z-m&_nc_cid=0&_nc_zt=23&_nc_ht=instagram.fyhu2-1.fna&_nc_gid=8hRfZTGV61lKPZlNYQ9LfQ&_nc_ss=7a22e&oh=00_AQJgZ1YeFr88idTey8ALQAIjLfftQc9KGUQM-9B6UFZRng&oe=6A98D94A,https://www.instagram.com/p/DckJlYyI3Tu/
Supermercado São Pedro,Mercearia / Óleos e Azeites,Óleo de Soja Concórdia 900ml,6.89,27/08/2026,https://instagram.fsvq6-1.fna.fbcdn.net/v/t39.30808-6/788413222_1505168981656218_2918311736305518854_n.jpg?stp=c0.0.1638.2047a_dst-jpg_e35_s1638x2047_tt6&_nc_cat=107&ig_cache_key=Mzk3MzI3Njk2ODIzODI0MjE0OA%3D%3D.3-ccb7-5&ccb=7-5&_nc_sid=58cdad&efg=eyJ2ZW5jb2RlX3RhZyI6IkNBUk9VU0VMX0lURU0ueHBpZHMuMTYzOC5zZHIucmVndWxhcl9waG90by5DMyJ9&_nc_ohc=G9lgZfFlLu0Q7kNvwEWM49r&_nc_oc=Adqd95Cqd_IX2sGDk8ExTbxfNItP8ScqY1s8k8X3jfy1hiLqWWdgH83nKJY8x8b8UC4&_nc_ad=z-m&_nc_cid=3033&_nc_zt=23&_nc_ht=instagram.fsvq6-1.fna&_nc_gid=cr2BBsXJ9hal_kRAgWsMyQ&_nc_ss=7a22e&oh=00_AQJDkTAcDbLEqAg-ioR6N4abWmYen6yVujs6NBHCQefdYg&oe=6A98CAA0,https://www.instagram.com/p/Dcj6lyLlKpL/
Machadão Atacadista,Mercearia / Óleos e Azeites,Azeite de Oliva Andorinha 250ml,14.9,25/08/2026,https://instagram.fein1-2.fna.fbcdn.net/v/t39.30808-6/785059096_1358646486355309_4355252955160182464_n.jpg?stp=dst-jpg_e35_tt6&_nc_cat=107&ig_cache_key=Mzk3MTUyNDg5Njc4NTk1NzI2NA%3D%3D.3-ccb7-5&ccb=7-5&_nc_sid=58cdad&efg=eyJ2ZW5jb2RlX3RhZyI6IkNBUk9VU0VMX0lURU0ueHBpZHMuMTYzOC5zZHIucmVndWxhcl9waG90by5DMyJ9&_nc_ohc=7xcost5b2JkQ7kNvwGRnKAh&_nc_oc=Adr6LqKYUqvr-aBPjGkkwKovi3pXvPATEa8TVsUbwMdoOmnC7ShRwjZFJ_mDOOJmpTE&_nc_ad=z-m&_nc_cid=1207&_nc_zt=23&_nc_ht=instagram.fein1-2.fna&_nc_gid=NhetOI29J2yoTRQ2V38LbQ&_nc_ss=7a22e&oh=00_AQKXls8m4JkM1ajrNyuZiIdsWs9FVMO3GnXESIlwTc7uhw&oe=6A98DB81,https://www.instagram.com/p/DcdsNxKDBTG/
Machadão Atacadista,Mercearia / Óleos e Azeites,Azeite de Oliva Extra Virgem Cinque Terre 500ml,36.99,25/08/2026,https://instagram.fein1-2.fna.fbcdn.net/v/t39.30808-6/786543128_1358645369688754_2779017979935584164_n.jpg?stp=dst-jpg_e35_tt6&_nc_cat=101&ig_cache_key=Mzk3MTUyNDg5NTIzNDEwNDA4Mg%3D%3D.3-ccb7-5&ccb=7-5&_nc_sid=58cdad&efg=eyJ2ZW5jb2RlX3RhZyI6IkNBUk9VU0VMX0lURU0ueHBpZHMuMTYzOC5zZHIucmVndWxhcl9waG90by5DMyJ9&_nc_ohc=fkD66OU_vJ8Q7kNvwE5vvQ9&_nc_oc=AdqeEOwEMhDQKE6AQjXN76ofQneqYaAyD5EATiFCUyuCeY39m5crwQtkZKNuUSU1Sgs&_nc_ad=z-m&_nc_cid=1207&_nc_zt=23&_nc_ht=instagram.fein1-2.fna&_nc_gid=NhetOI29J2yoTRQ2V38LbQ&_nc_ss=7a22e&oh=00_AQJDR2iSSXmG_pdffRjUCfCQB4TX_zYP7PgdGFxKpN1MDg&oe=6A98CDC4,https://www.instagram.com/p/DcdsNxKDBTG/
Machadão Atacadista,Mercearia / Óleos e Azeites,Azeite de Oliva Extra Virgem Cartuxa Ea 500ml,53.9,25/08/2026,https://instagram.fein1-2.fna.fbcdn.net/v/t39.30808-6/786543128_1358645369688754_2779017979935584164_n.jpg?stp=dst-jpg_e35_tt6&_nc_cat=101&ig_cache_key=Mzk3MTUyNDg5NTIzNDEwNDA4Mg%3D%3D.3-ccb7-5&ccb=7-5&_nc_sid=58cdad&efg=eyJ2ZW5jb2RlX3RhZyI6IkNBUk9VU0VMX0lURU0ueHBpZHMuMTYzOC5zZHIucmVndWxhcl9waG90by5DMyJ9&_nc_ohc=fkD66OU_vJ8Q7kNvwE5vvQ9&_nc_oc=AdqeEOwEMhDQKE6AQjXN76ofQneqYaAyD5EATiFCUyuCeY39m5crwQtkZKNuUSU1Sgs&_nc_ad=z-m&_nc_cid=1207&_nc_zt=23&_nc_ht=instagram.fein1-2.fna&_nc_gid=NhetOI29J2yoTRQ2V38LbQ&_nc_ss=7a22e&oh=00_AQJDR2iSSXmG_pdffRjUCfCQB4TX_zYP7PgdGFxKpN1MDg&oe=6A98CDC4,https://www.instagram.com/p/DcdsNxKDBTG/
Machadão Atacadista,Mercearia / Óleos e Azeites,Azeite de Oliva Extra Virgem Cartuxa Ea 500ml,53.9,25/08/2026,https://instagram.fein1-2.fna.fbcdn.net/v/t39.30808-6/785059096_1358646486355309_4355252955160182464_n.jpg?stp=dst-jpg_e35_tt6&_nc_cat=107&ig_cache_key=Mzk3MTUyNDg5Njc4NTk1NzI2NA%3D%3D.3-ccb7-5&ccb=7-5&_nc_sid=58cdad&efg=eyJ2ZW5jb2RlX3RhZyI6IkNBUk9VU0VMX0lURU0ueHBpZHMuMTYzOC5zZHIucmVndWxhcl9waG90by5DMyJ9&_nc_ohc=7xcost5b2JkQ7kNvwGRnKAh&_nc_oc=Adr6LqKYUqvr-aBPjGkkwKovi3pXvPATEa8TVsUbwMdoOmnC7ShRwjZFJ_mDOOJmpTE&_nc_ad=z-m&_nc_cid=1207&_nc_zt=23&_nc_ht=instagram.fein1-2.fna&_nc_gid=NhetOI29J2yoTRQ2V38LbQ&_nc_ss=7a22e&oh=00_AQKXls8m4JkM1ajrNyuZiIdsWs9FVMO3GnXESIlwTc7uhw&oe=6A98DB81,https://www.instagram.com/p/DcdsNxKDBTG/
Super Compras Supermercado,Outros,Água Mineral com Gás Puríssima 500ml,2.29,28/08/2026,https://instagram.fsyd10-1.fna.fbcdn.net/v/t51.82787-15/778381296_18192777073391764_3495327765482658959_n.jpg?stp=dst-jpg_e35_tt6&_nc_cat=108&ig_cache_key=Mzk3MzI5MDk1OTA3NzU1MjQ2OA%3D%3D.3-ccb7-5&ccb=7-5&_nc_sid=58cdad&efg=eyJ2ZW5jb2RlX3RhZyI6IkZFRUQueHBpZHMuMTQ0MC5zZHIucmVndWxhcl9waG90by5DMyJ9&_nc_ohc=2HLQR4PBfsgQ7kNvwFH0xOj&_nc_oc=Adq7FpJVek-bLPex8t8nW1VCFRGfs2_t63o6yspr1ZUtTgp_Wk7vvuVC7Tm4_bePjyc&_nc_ad=z-m&_nc_cid=0&_nc_zt=23&_nc_ht=instagram.fsyd10-1.fna&_nc_gid=yGeBUZ6gLFxj3rPs_uYd6g&_nc_ss=7a22e&oh=00_AQIiVJsR4RjAJxAMGZavae_TYo1SoCfsoQ8DlXq8aTlfxw&oe=6A98D916,https://www.instagram.com/p/Dcj9xNtFrFU/
Super Compras Supermercado,Outros,Pipoca Doce Bebela 90g,2.49,28/08/2026,https://instagram.fsyd10-1.fna.fbcdn.net/v/t51.82787-15/778381296_18192777073391764_3495327765482658959_n.jpg?stp=dst-jpg_e35_tt6&_nc_cat=108&ig_cache_key=Mzk3MzI5MDk1OTA3NzU1MjQ2OA%3D%3D.3-ccb7-5&ccb=7-5&_nc_sid=58cdad&efg=eyJ2ZW5jb2RlX3RhZyI6IkZFRUQueHBpZHMuMTQ0MC5zZHIucmVndWxhcl9waG90by5DMyJ9&_nc_ohc=2HLQR4PBfsgQ7kNvwFH0xOj&_nc_oc=Adq7FpJVek-bLPex8t8nW1VCFRGfs2_t63o6yspr1ZUtTgp_Wk7vvuVC7Tm4_bePjyc&_nc_ad=z-m&_nc_cid=0&_nc_zt=23&_nc_ht=instagram.fsyd10-1.fna&_nc_gid=yGeBUZ6gLFxj3rPs_uYd6g&_nc_ss=7a22e&oh=00_AQIiVJsR4RjAJxAMGZavae_TYo1SoCfsoQ8DlXq8aTlfxw&oe=6A98D916,https://www.instagram.com/p/Dcj9xNtFrFU/
Supermercado Tuiuiú,Outros,Milho em Conserva Só Fruta 170g,2.89,28/08/2026,https://instagram.fymq2-1.fna.fbcdn.net/v/t39.30808-6/777867278_1720016746798810_8968857745876573698_n.jpg?stp=dst-jpg_e35_tt6&_nc_cat=108&ig_cache_key=Mzk3MzM0Mjg3ODY1NjMwNjQwOQ%3D%3D.3-ccb7-5&ccb=7-5&_nc_sid=58cdad&efg=eyJ2ZW5jb2RlX3RhZyI6IkNBUk9VU0VMX0lURU0ueHBpZHMuMTI1NC5zZHIucmVndWxhcl9waG90by5DMyJ9&_nc_ohc=Z9Kw3OPyQ28Q7kNvwFT8HkC&_nc_oc=Ado9WbaiW-B85a9X-7VICChNu_ItbvS4qfZe6f1MBmtla828UodCZMj0F8v7Pgge_ulMXVa8QV-W_OJkpoupZXn1&_nc_ad=z-m&_nc_cid=0&_nc_zt=23&_nc_ht=instagram.fymq2-1.fna&_nc_gid=8hRfZTGV61lKPZlNYQ9LfQ&_nc_ss=7a22e&oh=00_AQJakAmFDnTVQdsBrYo2-qSm4CtSkD3pnZR-y_zruBoT1A&oe=6A98C4C9,https://www.instagram.com/p/DckJlYyI3Tu/
Super Compras Supermercado,Outros,Milho Para Pipoca Mika 400g,3.49,28/08/2026,https://instagram.fsyd10-1.fna.fbcdn.net/v/t51.82787-15/778381296_18192777073391764_3495327765482658959_n.jpg?stp=dst-jpg_e35_tt6&_nc_cat=108&ig_cache_key=Mzk3MzI5MDk1OTA3NzU1MjQ2OA%3D%3D.3-ccb7-5&ccb=7-5&_nc_sid=58cdad&efg=eyJ2ZW5jb2RlX3RhZyI6IkZFRUQueHBpZHMuMTQ0MC5zZHIucmVndWxhcl9waG90by5DMyJ9&_nc_ohc=2HLQR4PBfsgQ7kNvwFH0xOj&_nc_oc=Adq7FpJVek-bLPex8t8nW1VCFRGfs2_t63o6yspr1ZUtTgp_Wk7vvuVC7Tm4_bePjyc&_nc_ad=z-m&_nc_cid=0&_nc_zt=23&_nc_ht=instagram.fsyd10-1.fna&_nc_gid=yGeBUZ6gLFxj3rPs_uYd6g&_nc_ss=7a22e&oh=00_AQIiVJsR4RjAJxAMGZavae_TYo1SoCfsoQ8DlXq8aTlfxw&oe=6A98D916,https://www.instagram.com/p/Dcj9xNtFrFU/
Machadão Atacadista,Outros,Limpa Alumínio Polylar 500ml,3.49,27/08/2026,https://instagram.ftgz2-1.fna.fbcdn.net/v/t39.30808-6/786779086_1360550472831577_8028710268323392841_n.jpg?stp=dst-jpg_e35_tt6&_nc_cat=100&ig_cache_key=Mzk3MzE1NjQ3MjI0MjcxMDI2OQ%3D%3D.3-ccb7-5&ccb=7-5&_nc_sid=58cdad&efg=eyJ2ZW5jb2RlX3RhZyI6IkNBUk9VU0VMX0lURU0ueHBpZHMuMTYzOC5zZHIucmVndWxhcl9waG90by5DMyJ9&_nc_ohc=WKCTmqyswmsQ7kNvwGCsa28&_nc_oc=AdpK61pp0haF8dqWH096dETR7NlNKPsj_Ew1wmNhtIGkxwJw7M6U6SVRpDabhOt4lHl1lwmHiYtGTayRGkwFrDVJ&_nc_ad=z-m&_nc_cid=0&_nc_zt=23&_nc_ht=instagram.ftgz2-1.fna&_nc_gid=8C1vo79zooRdEKD2fcIVwA&_nc_ss=7a22e&oh=00_AQLHXftmWxzuWH5cpZUrdcg3xeUGaKeB02DvXB8OwZeY6w&oe=6A98E0AF,https://www.instagram.com/p/DcjfMcbkgCV/
Machadão Atacadista,Outros,Limpa Alumínio Polylar 500ml,3.49,27/08/2026,https://instagram.ftgz2-1.fna.fbcdn.net/v/t39.30808-6/786141071_1360550506164907_1343288441209680541_n.jpg?stp=dst-jpg_e35_tt6&_nc_cat=100&ig_cache_key=Mzk3MzE1NjQ3MjAxNjIzNDQ4NA%3D%3D.3-ccb7-5&ccb=7-5&_nc_sid=58cdad&efg=eyJ2ZW5jb2RlX3RhZyI6IkNBUk9VU0VMX0lURU0ueHBpZHMuMTYzOC5zZHIucmVndWxhcl9waG90by5DMyJ9&_nc_ohc=rAfVUo0mg-MQ7kNvwGBDKPC&_nc_oc=AdrBCVHPFQe5gEaTM4K6__GqWWoU9Ty9eLyb0b5MgP1yktN7u871woLg1I9BYAdXIlDJYbjJYvmhJlZLmxVBf_a5&_nc_ad=z-m&_nc_cid=0&_nc_zt=23&_nc_ht=instagram.ftgz2-1.fna&_nc_gid=8C1vo79zooRdEKD2fcIVwA&_nc_ss=7a22e&oh=00_AQLqSQQQQxQlJSzp_4RkHaaJEKvBfXedUep-eAX5SmuTNQ&oe=6A98B579,https://www.instagram.com/p/DcjfMcbkgCV/
Machadão Atacadista,Outros,Mistura Láctea Condensada Cremor 395g,3.69,25/08/2026,https://instagram.fein1-2.fna.fbcdn.net/v/t39.30808-6/786543128_1358645369688754_2779017979935584164_n.jpg?stp=dst-jpg_e35_tt6&_nc_cat=101&ig_cache_key=Mzk3MTUyNDg5NTIzNDEwNDA4Mg%3D%3D.3-ccb7-5&ccb=7-5&_nc_sid=58cdad&efg=eyJ2ZW5jb2RlX3RhZyI6IkNBUk9VU0VMX0lURU0ueHBpZHMuMTYzOC5zZHIucmVndWxhcl9waG90by5DMyJ9&_nc_ohc=fkD66OU_vJ8Q7kNvwE5vvQ9&_nc_oc=AdqeEOwEMhDQKE6AQjXN76ofQneqYaAyD5EATiFCUyuCeY39m5crwQtkZKNuUSU1Sgs&_nc_ad=z-m&_nc_cid=1207&_nc_zt=23&_nc_ht=instagram.fein1-2.fna&_nc_gid=NhetOI29J2yoTRQ2V38LbQ&_nc_ss=7a22e&oh=00_AQJDR2iSSXmG_pdffRjUCfCQB4TX_zYP7PgdGFxKpN1MDg&oe=6A98CDC4,https://www.instagram.com/p/DcdsNxKDBTG/
Machadão Atacadista,Outros,Mistura Láctea Condensada Cremor 395g,3.69,25/08/2026,https://instagram.fein1-2.fna.fbcdn.net/v/t39.30808-6/785059096_1358646486355309_4355252955160182464_n.jpg?stp=dst-jpg_e35_tt6&_nc_cat=107&ig_cache_key=Mzk3MTUyNDg5Njc4NTk1NzI2NA%3D%3D.3-ccb7-5&ccb=7-5&_nc_sid=58cdad&efg=eyJ2ZW5jb2RlX3RhZyI6IkNBUk9VU0VMX0lURU0ueHBpZHMuMTYzOC5zZHIucmVndWxhcl9waG90by5DMyJ9&_nc_ohc=7xcost5b2JkQ7kNvwGRnKAh&_nc_oc=Adr6LqKYUqvr-aBPjGkkwKovi3pXvPATEa8TVsUbwMdoOmnC7ShRwjZFJ_mDOOJmpTE&_nc_ad=z-m&_nc_cid=1207&_nc_zt=23&_nc_ht=instagram.fein1-2.fna&_nc_gid=NhetOI29J2yoTRQ2V38LbQ&_nc_ss=7a22e&oh=00_AQKXls8m4JkM1ajrNyuZiIdsWs9FVMO3GnXESIlwTc7uhw&oe=6A98DB81,https://www.instagram.com/p/DcdsNxKDBTG/
Bom Jesus Primavera do Leste 🛒,Outros,Goiabada Predilecta 300g,4.99,28/08/2026,https://scontent-mxp1-1.cdninstagram.com/v/t51.82787-15/788139857_18374943016237813_6095318216715939563_n.jpg?stp=dst-jpg_e35_tt6&_nc_cat=107&ig_cache_key=Mzk3Mzk3Nzc4MDcyMjI3NDY1Mg%3D%3D.3-ccb7-5&ccb=7-5&_nc_sid=58cdad&efg=eyJ2ZW5jb2RlX3RhZyI6IkNBUk9VU0VMX0lURU0ueHBpZHMuMTA4MC5zZHIucmVndWxhcl9waG90by5DMyJ9&_nc_ohc=u6RrkwcH62kQ7kNvwFkF7r_&_nc_oc=AdoUTvqJuGAdFFjDPotrv9yNgv57jRXQEjcOx6SpH-f07qQV87CsRiUzN53sQaqDcqc&_nc_ad=z-m&_nc_cid=0&_nc_zt=23&_nc_ht=scontent-mxp1-1.cdninstagram.com&_nc_gid=2W0u87jjP_IT_10skYXvyg&_nc_ss=7a22e&oh=00_AQKBt_pu4Ue0M_Xe2k7mZVRwaDl3p21ilOGbqB4oWu2lsg&oe=6A98BBF0,https://www.instagram.com/p/DcmZ8cDD400/
Machadão Atacadista,Outros,Pilha Alcalina Aaa Kian 4un,4.99,27/08/2026,https://instagram.ftgz2-1.fna.fbcdn.net/v/t39.30808-6/786779086_1360550472831577_8028710268323392841_n.jpg?stp=dst-jpg_e35_tt6&_nc_cat=100&ig_cache_key=Mzk3MzE1NjQ3MjI0MjcxMDI2OQ%3D%3D.3-ccb7-5&ccb=7-5&_nc_sid=58cdad&efg=eyJ2ZW5jb2RlX3RhZyI6IkNBUk9VU0VMX0lURU0ueHBpZHMuMTYzOC5zZHIucmVndWxhcl9waG90by5DMyJ9&_nc_ohc=WKCTmqyswmsQ7kNvwGCsa28&_nc_oc=AdpK61pp0haF8dqWH096dETR7NlNKPsj_Ew1wmNhtIGkxwJw7M6U6SVRpDabhOt4lHl1lwmHiYtGTayRGkwFrDVJ&_nc_ad=z-m&_nc_cid=0&_nc_zt=23&_nc_ht=instagram.ftgz2-1.fna&_nc_gid=8C1vo79zooRdEKD2fcIVwA&_nc_ss=7a22e&oh=00_AQLHXftmWxzuWH5cpZUrdcg3xeUGaKeB02DvXB8OwZeY6w&oe=6A98E0AF,https://www.instagram.com/p/DcjfMcbkgCV/
Machadão Atacadista,Outros,Pilha Alcalina Aaa Kian 4un,4.99,27/08/2026,https://instagram.ftgz2-1.fna.fbcdn.net/v/t39.30808-6/786141071_1360550506164907_1343288441209680541_n.jpg?stp=dst-jpg_e35_tt6&_nc_cat=100&ig_cache_key=Mzk3MzE1NjQ3MjAxNjIzNDQ4NA%3D%3D.3-ccb7-5&ccb=7-5&_nc_sid=58cdad&efg=eyJ2ZW5jb2RlX3RhZyI6IkNBUk9VU0VMX0lURU0ueHBpZHMuMTYzOC5zZHIucmVndWxhcl9waG90by5DMyJ9&_nc_ohc=rAfVUo0mg-MQ7kNvwGBDKPC&_nc_oc=AdrBCVHPFQe5gEaTM4K6__GqWWoU9Ty9eLyb0b5MgP1yktN7u871woLg1I9BYAdXIlDJYbjJYvmhJlZLmxVBf_a5&_nc_ad=z-m&_nc_cid=0&_nc_zt=23&_nc_ht=instagram.ftgz2-1.fna&_nc_gid=8C1vo79zooRdEKD2fcIVwA&_nc_ss=7a22e&oh=00_AQLqSQQQQxQlJSzp_4RkHaaJEKvBfXedUep-eAX5SmuTNQ&oe=6A98B579,https://www.instagram.com/p/DcjfMcbkgCV/
Supermercado Tuiuiú,Outros,Margarina Claybom 500g,5.49,26/08/2026,https://instagram.fagp3-1.fna.fbcdn.net/v/t51.82787-15/786213187_18581670739067900_7614859529006382993_n.jpg?stp=dst-jpg_e35_tt6&_nc_cat=105&ig_cache_key=Mzk3MjU4MDUwMTEzMDg5NTg1Ng%3D%3D.3-ccb7-5&ccb=7-5&_nc_sid=58cdad&efg=eyJ2ZW5jb2RlX3RhZyI6IkNBUk9VU0VMX0lURU0ueHBpZHMuMTA4MC5zZHIucmVndWxhcl9waG90by5DMyJ9&_nc_ohc=FUxa-pkhp30Q7kNvwGxZLe8&_nc_oc=AdqVBEEWeVGh_tP3lRoqbywlivZNA9NZJb51iolpQOEMMLEk3sfYfPG4knV3gUHm10w&_nc_ad=z-m&_nc_cid=0&_nc_zt=23&_nc_ht=instagram.fagp3-1.fna&_nc_gid=cjP19A6j3LyH3jBF6hxCug&_nc_ss=7a22e&oh=00_AQI6abR3HTz3kTrRjiHHcz6-gFYJZfkEOd9p5OosVkgk2g&oe=6A98B4EB,https://www.instagram.com/p/DchcQH5DdVj/
Super Compras Supermercado,Outros,Ponkan kg,5.99,29/08/2026,https://scontent-itm1-1.cdninstagram.com/v/t51.82787-15/787666404_18192892456391764_5631571009347207340_n.jpg?stp=dst-jpg_e35_tt6&_nc_cat=107&ig_cache_key=Mzk3NDAxMjM2OTYxNzUwODE0Ng%3D%3D.3-ccb7-5&ccb=7-5&_nc_sid=58cdad&efg=eyJ2ZW5jb2RlX3RhZyI6IkNBUk9VU0VMX0lURU0ueHBpZHMuMTQ0MC5zZHIucmVndWxhcl9waG90by5DMyJ9&_nc_ohc=YdVhHFKNO3AQ7kNvwEMw_zZ&_nc_oc=Adr6pEQrESlOeo-VI4Ly_S02Lb9McU7aTjerac7tHTo0E_s6gxJOr_o55HkRUT7eYDYCCvqBNEjduijC7hhnB1O4&_nc_ad=z-m&_nc_cid=0&_nc_zt=23&_nc_ht=scontent-itm1-1.cdninstagram.com&_nc_gid=ATf4ZhlWvUf1BbIXiW6T_A&_nc_ss=7a22e&oh=00_AQIEFc3MYwXb0mzk9pTuNYv4CGlZrW5YWQjNj1z1-WOW-w&oe=6A98C89A,https://www.instagram.com/p/DcmhzwZjQj_/
Supermercado Tuiuiú,Outros,Morango,6.99,29/08/2026,https://scontent-atl3-2.cdninstagram.com/v/t51.82787-15/787000798_18582375850067900_3149822714176268656_n.jpg?stp=dst-jpg_e35_tt6&_nc_cat=104&ig_cache_key=Mzk3NDQ1MDg0ODIzMTk0NjQwMg%3D%3D.3-ccb7-5&ccb=7-5&_nc_sid=58cdad&efg=eyJ2ZW5jb2RlX3RhZyI6IkZFRUQueHBpZHMuMTA4MC5zZHIucmVndWxhcl9waG90by5DMyJ9&_nc_ohc=Kb6I-zrdAfwQ7kNvwFPi7DX&_nc_oc=AdoZhj6m-XaGqwugKRkbZf6O91729n-0-0C_-DjItBm28fBax2QRE_Lx09-wraQeLpf3n1__qO38cpMCCdVYZvxs&_nc_ad=z-m&_nc_cid=0&_nc_zt=23&_nc_ht=scontent-atl3-2.cdninstagram.com&_nc_gid=ZaV-uJ5SNEjLG95YFtlKDQ&_nc_ss=7a22e&oh=00_AQJ_3Hu34XQ7Q0dB8-yq5v_3k4IBGhshtJ-yxf2TNajHOQ&oe=6A98DF4C,https://www.instagram.com/p/DcoFf0qHXii/
Supermercado São Pedro,Outros,Cachorro Quente,6.99,28/08/2026,https://scontent-waw2-1.cdninstagram.com/v/t51.82787-15/785599572_18195711460382122_5575322653184498920_n.jpg?stp=dst-jpg_e35_tt6&_nc_cat=109&ig_cache_key=Mzk3MzY3MjU2OTQ3ODkxNjI0Mw%3D%3D.3-ccb7-5&ccb=7-5&_nc_sid=58cdad&efg=eyJ2ZW5jb2RlX3RhZyI6IkNBUk9VU0VMX0lURU0ueHBpZHMuMTA4MS5zZHIucmVndWxhcl9waG90by5DMyJ9&_nc_ohc=YlNv7Hxcm4EQ7kNvwHLR-nH&_nc_oc=AdrkEDBETtiY_sVQ5prdeQigXPtTegs8ow61LHW1V3LjKMEdDYHnyXg1zWQ6hk8dUNc&_nc_ad=z-m&_nc_cid=1479&_nc_zt=23&_nc_ht=scontent-waw2-1.cdninstagram.com&_nc_gid=KF1k9W2wUwOlXi1LVTyTGw&_nc_ss=7a22e&oh=00_AQLV8Gd4GEG4Mtnn6erctgs70eMNEGk4hoN43QEpMOnl3w&oe=6A98CBD2,https://www.instagram.com/p/DclUqI1G7TG/
Supermercado São Pedro,Outros,Cabaré Ice 275ml,6.99,28/08/2026,https://scontent-waw2-2.cdninstagram.com/v/t51.82787-15/787853786_18195711469382122_4084613579796731411_n.jpg?stp=dst-jpg_e35_tt6&_nc_cat=101&ig_cache_key=Mzk3MzY3MjU2ODk4MzkzOTE2MQ%3D%3D.3-ccb7-5&ccb=7-5&_nc_sid=58cdad&efg=eyJ2ZW5jb2RlX3RhZyI6IkNBUk9VU0VMX0lURU0ueHBpZHMuMTA4MS5zZHIucmVndWxhcl9waG90by5DMyJ9&_nc_ohc=mrOwFRh3sK8Q7kNvwFEWtES&_nc_oc=AdrwqSALs5DXyvTcFVMtuHF5H5JpFSC_oGr6BJ36Qg2wD-VFA7d0EQphPDDeeg3NqEA&_nc_ad=z-m&_nc_cid=1479&_nc_zt=23&_nc_ht=scontent-waw2-2.cdninstagram.com&_nc_gid=KF1k9W2wUwOlXi1LVTyTGw&_nc_ss=7a22e&oh=00_AQLyU02laXnFQkbRy5Q7FSPWXTxiSDQXDqQJEydaFQsyBw&oe=6A98AE87,https://www.instagram.com/p/DclUqI1G7TG/
Supermercado Tuiuiú,Outros,Sucrilhos Kellogg's 240g,7.49,26/08/2026,https://instagram.fagp3-1.fna.fbcdn.net/v/t51.82787-15/786993044_18581670784067900_4451038722088372453_n.jpg?stp=dst-jpg_e35_tt6&_nc_cat=106&ig_cache_key=Mzk3MjU4MDU3NDQ4MDgyOTk0OQ%3D%3D.3-ccb7-5&ccb=7-5&_nc_sid=58cdad&efg=eyJ2ZW5jb2RlX3RhZyI6IkNBUk9VU0VMX0lURU0ueHBpZHMuMTA4MC5zZHIucmVndWxhcl9waG90by5DMyJ9&_nc_ohc=LMIY6vyvLpAQ7kNvwGccPk8&_nc_oc=AdqIDS_WbJVYhxl5O8S3NhZrBoVNyFYZwiqg2CexlMc7PBX9DfCc6CiaNsLSqmBP5Ds&_nc_ad=z-m&_nc_cid=0&_nc_zt=23&_nc_ht=instagram.fagp3-1.fna&_nc_gid=cjP19A6j3LyH3jBF6hxCug&_nc_ss=7a22e&oh=00_AQJRFR_SvQ2z7Z4aJ9L95Igq-HVPUnF_HGP6BXPfnBfFjQ&oe=6A98BD51,https://www.instagram.com/p/DchcQH5DdVj/
Machadão Atacadista,Outros,Toalha de Papel Mili Gran Chef 200un,7.49,27/08/2026,https://instagram.ftgz2-1.fna.fbcdn.net/v/t39.30808-6/786779086_1360550472831577_8028710268323392841_n.jpg?stp=dst-jpg_e35_tt6&_nc_cat=100&ig_cache_key=Mzk3MzE1NjQ3MjI0MjcxMDI2OQ%3D%3D.3-ccb7-5&ccb=7-5&_nc_sid=58cdad&efg=eyJ2ZW5jb2RlX3RhZyI6IkNBUk9VU0VMX0lURU0ueHBpZHMuMTYzOC5zZHIucmVndWxhcl9waG90by5DMyJ9&_nc_ohc=WKCTmqyswmsQ7kNvwGCsa28&_nc_oc=AdpK61pp0haF8dqWH096dETR7NlNKPsj_Ew1wmNhtIGkxwJw7M6U6SVRpDabhOt4lHl1lwmHiYtGTayRGkwFrDVJ&_nc_ad=z-m&_nc_cid=0&_nc_zt=23&_nc_ht=instagram.ftgz2-1.fna&_nc_gid=8C1vo79zooRdEKD2fcIVwA&_nc_ss=7a22e&oh=00_AQLHXftmWxzuWH5cpZUrdcg3xeUGaKeB02DvXB8OwZeY6w&oe=6A98E0AF,https://www.instagram.com/p/DcjfMcbkgCV/
Machadão Atacadista,Outros,Toalha de Papel Mili Gran Chef 200un,7.49,27/08/2026,https://instagram.ftgz2-1.fna.fbcdn.net/v/t39.30808-6/786141071_1360550506164907_1343288441209680541_n.jpg?stp=dst-jpg_e35_tt6&_nc_cat=100&ig_cache_key=Mzk3MzE1NjQ3MjAxNjIzNDQ4NA%3D%3D.3-ccb7-5&ccb=7-5&_nc_sid=58cdad&efg=eyJ2ZW5jb2RlX3RhZyI6IkNBUk9VU0VMX0lURU0ueHBpZHMuMTYzOC5zZHIucmVndWxhcl9waG90by5DMyJ9&_nc_ohc=rAfVUo0mg-MQ7kNvwGBDKPC&_nc_oc=AdrBCVHPFQe5gEaTM4K6__GqWWoU9Ty9eLyb0b5MgP1yktN7u871woLg1I9BYAdXIlDJYbjJYvmhJlZLmxVBf_a5&_nc_ad=z-m&_nc_cid=0&_nc_zt=23&_nc_ht=instagram.ftgz2-1.fna&_nc_gid=8C1vo79zooRdEKD2fcIVwA&_nc_ss=7a22e&oh=00_AQLqSQQQQxQlJSzp_4RkHaaJEKvBfXedUep-eAX5SmuTNQ&oe=6A98B579,https://www.instagram.com/p/DcjfMcbkgCV/
Supermercado São Pedro,Outros,Morango Mape 250g,7.99,28/08/2026,https://scontent-waw2-1.cdninstagram.com/v/t51.82787-15/785599572_18195711460382122_5575322653184498920_n.jpg?stp=dst-jpg_e35_tt6&_nc_cat=109&ig_cache_key=Mzk3MzY3MjU2OTQ3ODkxNjI0Mw%3D%3D.3-ccb7-5&ccb=7-5&_nc_sid=58cdad&efg=eyJ2ZW5jb2RlX3RhZyI6IkNBUk9VU0VMX0lURU0ueHBpZHMuMTA4MS5zZHIucmVndWxhcl9waG90by5DMyJ9&_nc_ohc=YlNv7Hxcm4EQ7kNvwHLR-nH&_nc_oc=AdrkEDBETtiY_sVQ5prdeQigXPtTegs8ow61LHW1V3LjKMEdDYHnyXg1zWQ6hk8dUNc&_nc_ad=z-m&_nc_cid=1479&_nc_zt=23&_nc_ht=scontent-waw2-1.cdninstagram.com&_nc_gid=KF1k9W2wUwOlXi1LVTyTGw&_nc_ss=7a22e&oh=00_AQLV8Gd4GEG4Mtnn6erctgs70eMNEGk4hoN43QEpMOnl3w&oe=6A98CBD2,https://www.instagram.com/p/DclUqI1G7TG/
Supermercado São Pedro,Outros,Mocotó kg,8.99,24/08/2026,https://instagram.fgdl5-4.fna.fbcdn.net/v/t51.82787-15/779866028_18195137623382122_1225681475285530325_n.jpg?stp=dst-jpg_e35_tt6&_nc_cat=104&ig_cache_key=Mzk3MDg5NTAzMjEwMDYxNzYxMA%3D%3D.3-ccb7-5&ccb=7-5&_nc_sid=58cdad&efg=eyJ2ZW5jb2RlX3RhZyI6IkZFRUQueHBpZHMuMzI0OC5zZHIucmVndWxhcl9waG90by5DMyJ9&_nc_ohc=40xkhSQE8g4Q7kNvwFSGxUY&_nc_oc=AdovFS10IsnDXKAMSYwnp_WXfI9PRiJOBhC4n1z4BghY6_ZjLBn0repOFgDnerrXtx8&_nc_ad=z-m&_nc_cid=0&_nc_zt=23&_nc_ht=instagram.fgdl5-4.fna&_nc_gid=YF-RWgFzODMUlna71aapxw&_nc_ss=7a22e&oh=00_AQKo_RiK7X9YM4BR63VAs8OGf-V1J64MiSbc98rtwGu63Q&oe=6A98DA61,https://www.instagram.com/p/Dcbc_40uH2K/
Supermercado São Pedro,Outros,Bucho Bovino kg,9.99,24/08/2026,https://instagram.fgdl5-4.fna.fbcdn.net/v/t51.82787-15/779866028_18195137623382122_1225681475285530325_n.jpg?stp=dst-jpg_e35_tt6&_nc_cat=104&ig_cache_key=Mzk3MDg5NTAzMjEwMDYxNzYxMA%3D%3D.3-ccb7-5&ccb=7-5&_nc_sid=58cdad&efg=eyJ2ZW5jb2RlX3RhZyI6IkZFRUQueHBpZHMuMzI0OC5zZHIucmVndWxhcl9waG90by5DMyJ9&_nc_ohc=40xkhSQE8g4Q7kNvwFSGxUY&_nc_oc=AdovFS10IsnDXKAMSYwnp_WXfI9PRiJOBhC4n1z4BghY6_ZjLBn0repOFgDnerrXtx8&_nc_ad=z-m&_nc_cid=0&_nc_zt=23&_nc_ht=instagram.fgdl5-4.fna&_nc_gid=YF-RWgFzODMUlna71aapxw&_nc_ss=7a22e&oh=00_AQKo_RiK7X9YM4BR63VAs8OGf-V1J64MiSbc98rtwGu63Q&oe=6A98DA61,https://www.instagram.com/p/Dcbc_40uH2K/
Supermercado São Pedro,Outros,Fígado Bovino kg,9.99,24/08/2026,https://instagram.fgdl5-4.fna.fbcdn.net/v/t51.82787-15/779866028_18195137623382122_1225681475285530325_n.jpg?stp=dst-jpg_e35_tt6&_nc_cat=104&ig_cache_key=Mzk3MDg5NTAzMjEwMDYxNzYxMA%3D%3D.3-ccb7-5&ccb=7-5&_nc_sid=58cdad&efg=eyJ2ZW5jb2RlX3RhZyI6IkZFRUQueHBpZHMuMzI0OC5zZHIucmVndWxhcl9waG90by5DMyJ9&_nc_ohc=40xkhSQE8g4Q7kNvwFSGxUY&_nc_oc=AdovFS10IsnDXKAMSYwnp_WXfI9PRiJOBhC4n1z4BghY6_ZjLBn0repOFgDnerrXtx8&_nc_ad=z-m&_nc_cid=0&_nc_zt=23&_nc_ht=instagram.fgdl5-4.fna&_nc_gid=YF-RWgFzODMUlna71aapxw&_nc_ss=7a22e&oh=00_AQKo_RiK7X9YM4BR63VAs8OGf-V1J64MiSbc98rtwGu63Q&oe=6A98DA61,https://www.instagram.com/p/Dcbc_40uH2K/
Machadão Atacadista,Outros,Geleia de Morango Olé 160g,10.49,25/08/2026,https://instagram.fein1-2.fna.fbcdn.net/v/t39.30808-6/785059096_1358646486355309_4355252955160182464_n.jpg?stp=dst-jpg_e35_tt6&_nc_cat=107&ig_cache_key=Mzk3MTUyNDg5Njc4NTk1NzI2NA%3D%3D.3-ccb7-5&ccb=7-5&_nc_sid=58cdad&efg=eyJ2ZW5jb2RlX3RhZyI6IkNBUk9VU0VMX0lURU0ueHBpZHMuMTYzOC5zZHIucmVndWxhcl9waG90by5DMyJ9&_nc_ohc=7xcost5b2JkQ7kNvwGRnKAh&_nc_oc=Adr6LqKYUqvr-aBPjGkkwKovi3pXvPATEa8TVsUbwMdoOmnC7ShRwjZFJ_mDOOJmpTE&_nc_ad=z-m&_nc_cid=1207&_nc_zt=23&_nc_ht=instagram.fein1-2.fna&_nc_gid=NhetOI29J2yoTRQ2V38LbQ&_nc_ss=7a22e&oh=00_AQKXls8m4JkM1ajrNyuZiIdsWs9FVMO3GnXESIlwTc7uhw&oe=6A98DB81,https://www.instagram.com/p/DcdsNxKDBTG/
Bom Jesus Primavera do Leste 🛒,Outros,Fígado Bovino kg,12.99,26/08/2026,https://instagram.flhr10-2.fna.fbcdn.net/v/t51.82787-15/786837850_18374533663237813_2968687181146751427_n.jpg?stp=dst-jpg_e35_tt6&_nc_cat=100&ig_cache_key=Mzk3MjE2ODE2MTY3MzMwMjgxMg%3D%3D.3-ccb7-5&ccb=7-5&_nc_sid=58cdad&efg=eyJ2ZW5jb2RlX3RhZyI6IkNBUk9VU0VMX0lURU0ueHBpZHMuMTA4MC5zZHIucmVndWxhcl9waG90by5DMyJ9&_nc_ohc=SYZyJZ31VbUQ7kNvwH1f0Gv&_nc_oc=AdodG4pGlLWIsH-Nt4l1a7QlhN024nYp1bvU0p4drJSLa3SZmhDHMfUn7SF8__gEHYo&_nc_ad=z-m&_nc_cid=0&_nc_zt=23&_nc_ht=instagram.flhr10-2.fna&_nc_gid=zZwwF9XOJx5iVW3BBbpKDA&_nc_ss=7a22e&oh=00_AQKadpLOoIxg1T4LCTZ_r0A873l3383EvUrINYp1fIOViQ&oe=6A98DB8B,https://www.instagram.com/p/Dcf-fgoloPJ/
Bom Jesus Primavera do Leste 🛒,Outros,Mocotó Bovino kg,12.99,26/08/2026,https://instagram.flhr10-2.fna.fbcdn.net/v/t51.82787-15/786837850_18374533663237813_2968687181146751427_n.jpg?stp=dst-jpg_e35_tt6&_nc_cat=100&ig_cache_key=Mzk3MjE2ODE2MTY3MzMwMjgxMg%3D%3D.3-ccb7-5&ccb=7-5&_nc_sid=58cdad&efg=eyJ2ZW5jb2RlX3RhZyI6IkNBUk9VU0VMX0lURU0ueHBpZHMuMTA4MC5zZHIucmVndWxhcl9waG90by5DMyJ9&_nc_ohc=SYZyJZ31VbUQ7kNvwH1f0Gv&_nc_oc=AdodG4pGlLWIsH-Nt4l1a7QlhN024nYp1bvU0p4drJSLa3SZmhDHMfUn7SF8__gEHYo&_nc_ad=z-m&_nc_cid=0&_nc_zt=23&_nc_ht=instagram.flhr10-2.fna&_nc_gid=zZwwF9XOJx5iVW3BBbpKDA&_nc_ss=7a22e&oh=00_AQKadpLOoIxg1T4LCTZ_r0A873l3383EvUrINYp1fIOViQ&oe=6A98DB8B,https://www.instagram.com/p/Dcf-fgoloPJ/
Machadão Atacadista,Outros,Waffle Catupiry 240g,12.99,25/08/2026,https://instagram.fein1-2.fna.fbcdn.net/v/t39.30808-6/786543128_1358645369688754_2779017979935584164_n.jpg?stp=dst-jpg_e35_tt6&_nc_cat=101&ig_cache_key=Mzk3MTUyNDg5NTIzNDEwNDA4Mg%3D%3D.3-ccb7-5&ccb=7-5&_nc_sid=58cdad&efg=eyJ2ZW5jb2RlX3RhZyI6IkNBUk9VU0VMX0lURU0ueHBpZHMuMTYzOC5zZHIucmVndWxhcl9waG90by5DMyJ9&_nc_ohc=fkD66OU_vJ8Q7kNvwE5vvQ9&_nc_oc=AdqeEOwEMhDQKE6AQjXN76ofQneqYaAyD5EATiFCUyuCeY39m5crwQtkZKNuUSU1Sgs&_nc_ad=z-m&_nc_cid=1207&_nc_zt=23&_nc_ht=instagram.fein1-2.fna&_nc_gid=NhetOI29J2yoTRQ2V38LbQ&_nc_ss=7a22e&oh=00_AQJDR2iSSXmG_pdffRjUCfCQB4TX_zYP7PgdGFxKpN1MDg&oe=6A98CDC4,https://www.instagram.com/p/DcdsNxKDBTG/
Supermercado São Pedro,Outros,Moela Perdigão 1kg,13.99,24/08/2026,https://instagram.fgdl5-4.fna.fbcdn.net/v/t51.82787-15/779866028_18195137623382122_1225681475285530325_n.jpg?stp=dst-jpg_e35_tt6&_nc_cat=104&ig_cache_key=Mzk3MDg5NTAzMjEwMDYxNzYxMA%3D%3D.3-ccb7-5&ccb=7-5&_nc_sid=58cdad&efg=eyJ2ZW5jb2RlX3RhZyI6IkZFRUQueHBpZHMuMzI0OC5zZHIucmVndWxhcl9waG90by5DMyJ9&_nc_ohc=40xkhSQE8g4Q7kNvwFSGxUY&_nc_oc=AdovFS10IsnDXKAMSYwnp_WXfI9PRiJOBhC4n1z4BghY6_ZjLBn0repOFgDnerrXtx8&_nc_ad=z-m&_nc_cid=0&_nc_zt=23&_nc_ht=instagram.fgdl5-4.fna&_nc_gid=YF-RWgFzODMUlna71aapxw&_nc_ss=7a22e&oh=00_AQKo_RiK7X9YM4BR63VAs8OGf-V1J64MiSbc98rtwGu63Q&oe=6A98DA61,https://www.instagram.com/p/Dcbc_40uH2K/
Machadão Atacadista,Outros,Rodo Para Pia de Plástico Esfrebom Bettanin,15.9,27/08/2026,https://instagram.ftgz2-1.fna.fbcdn.net/v/t39.30808-6/786779086_1360550472831577_8028710268323392841_n.jpg?stp=dst-jpg_e35_tt6&_nc_cat=100&ig_cache_key=Mzk3MzE1NjQ3MjI0MjcxMDI2OQ%3D%3D.3-ccb7-5&ccb=7-5&_nc_sid=58cdad&efg=eyJ2ZW5jb2RlX3RhZyI6IkNBUk9VU0VMX0lURU0ueHBpZHMuMTYzOC5zZHIucmVndWxhcl9waG90by5DMyJ9&_nc_ohc=WKCTmqyswmsQ7kNvwGCsa28&_nc_oc=AdpK61pp0haF8dqWH096dETR7NlNKPsj_Ew1wmNhtIGkxwJw7M6U6SVRpDabhOt4lHl1lwmHiYtGTayRGkwFrDVJ&_nc_ad=z-m&_nc_cid=0&_nc_zt=23&_nc_ht=instagram.ftgz2-1.fna&_nc_gid=8C1vo79zooRdEKD2fcIVwA&_nc_ss=7a22e&oh=00_AQLHXftmWxzuWH5cpZUrdcg3xeUGaKeB02DvXB8OwZeY6w&oe=6A98E0AF,https://www.instagram.com/p/DcjfMcbkgCV/
Machadão Atacadista,Outros,Rodo Para Pia Esfrebom Bettanin,15.9,27/08/2026,https://instagram.ftgz2-1.fna.fbcdn.net/v/t39.30808-6/786141071_1360550506164907_1343288441209680541_n.jpg?stp=dst-jpg_e35_tt6&_nc_cat=100&ig_cache_key=Mzk3MzE1NjQ3MjAxNjIzNDQ4NA%3D%3D.3-ccb7-5&ccb=7-5&_nc_sid=58cdad&efg=eyJ2ZW5jb2RlX3RhZyI6IkNBUk9VU0VMX0lURU0ueHBpZHMuMTYzOC5zZHIucmVndWxhcl9waG90by5DMyJ9&_nc_ohc=rAfVUo0mg-MQ7kNvwGBDKPC&_nc_oc=AdrBCVHPFQe5gEaTM4K6__GqWWoU9Ty9eLyb0b5MgP1yktN7u871woLg1I9BYAdXIlDJYbjJYvmhJlZLmxVBf_a5&_nc_ad=z-m&_nc_cid=0&_nc_zt=23&_nc_ht=instagram.ftgz2-1.fna&_nc_gid=8C1vo79zooRdEKD2fcIVwA&_nc_ss=7a22e&oh=00_AQLqSQQQQxQlJSzp_4RkHaaJEKvBfXedUep-eAX5SmuTNQ&oe=6A98B579,https://www.instagram.com/p/DcjfMcbkgCV/
Super Compras Supermercado,Outros,Salgadinho Doritos Elma Chips 183g,15.99,28/08/2026,https://instagram.fsyd10-1.fna.fbcdn.net/v/t51.82787-15/778381296_18192777073391764_3495327765482658959_n.jpg?stp=dst-jpg_e35_tt6&_nc_cat=108&ig_cache_key=Mzk3MzI5MDk1OTA3NzU1MjQ2OA%3D%3D.3-ccb7-5&ccb=7-5&_nc_sid=58cdad&efg=eyJ2ZW5jb2RlX3RhZyI6IkZFRUQueHBpZHMuMTQ0MC5zZHIucmVndWxhcl9waG90by5DMyJ9&_nc_ohc=2HLQR4PBfsgQ7kNvwFH0xOj&_nc_oc=Adq7FpJVek-bLPex8t8nW1VCFRGfs2_t63o6yspr1ZUtTgp_Wk7vvuVC7Tm4_bePjyc&_nc_ad=z-m&_nc_cid=0&_nc_zt=23&_nc_ht=instagram.fsyd10-1.fna&_nc_gid=yGeBUZ6gLFxj3rPs_uYd6g&_nc_ss=7a22e&oh=00_AQIiVJsR4RjAJxAMGZavae_TYo1SoCfsoQ8DlXq8aTlfxw&oe=6A98D916,https://www.instagram.com/p/Dcj9xNtFrFU/
Machadão Atacadista,Outros,Caixa Organizadora com Tampa Bioprátika Pleion 8L,18.9,27/08/2026,https://instagram.ftgz2-1.fna.fbcdn.net/v/t39.30808-6/786779086_1360550472831577_8028710268323392841_n.jpg?stp=dst-jpg_e35_tt6&_nc_cat=100&ig_cache_key=Mzk3MzE1NjQ3MjI0MjcxMDI2OQ%3D%3D.3-ccb7-5&ccb=7-5&_nc_sid=58cdad&efg=eyJ2ZW5jb2RlX3RhZyI6IkNBUk9VU0VMX0lURU0ueHBpZHMuMTYzOC5zZHIucmVndWxhcl9waG90by5DMyJ9&_nc_ohc=WKCTmqyswmsQ7kNvwGCsa28&_nc_oc=AdpK61pp0haF8dqWH096dETR7NlNKPsj_Ew1wmNhtIGkxwJw7M6U6SVRpDabhOt4lHl1lwmHiYtGTayRGkwFrDVJ&_nc_ad=z-m&_nc_cid=0&_nc_zt=23&_nc_ht=instagram.ftgz2-1.fna&_nc_gid=8C1vo79zooRdEKD2fcIVwA&_nc_ss=7a22e&oh=00_AQLHXftmWxzuWH5cpZUrdcg3xeUGaKeB02DvXB8OwZeY6w&oe=6A98E0AF,https://www.instagram.com/p/DcjfMcbkgCV/
Machadão Atacadista,Outros,Caixa Organizadora Pleion Bioprátika 8L,18.9,27/08/2026,https://instagram.ftgz2-1.fna.fbcdn.net/v/t39.30808-6/786141071_1360550506164907_1343288441209680541_n.jpg?stp=dst-jpg_e35_tt6&_nc_cat=100&ig_cache_key=Mzk3MzE1NjQ3MjAxNjIzNDQ4NA%3D%3D.3-ccb7-5&ccb=7-5&_nc_sid=58cdad&efg=eyJ2ZW5jb2RlX3RhZyI6IkNBUk9VU0VMX0lURU0ueHBpZHMuMTYzOC5zZHIucmVndWxhcl9waG90by5DMyJ9&_nc_ohc=rAfVUo0mg-MQ7kNvwGBDKPC&_nc_oc=AdrBCVHPFQe5gEaTM4K6__GqWWoU9Ty9eLyb0b5MgP1yktN7u871woLg1I9BYAdXIlDJYbjJYvmhJlZLmxVBf_a5&_nc_ad=z-m&_nc_cid=0&_nc_zt=23&_nc_ht=instagram.ftgz2-1.fna&_nc_gid=8C1vo79zooRdEKD2fcIVwA&_nc_ss=7a22e&oh=00_AQLqSQQQQxQlJSzp_4RkHaaJEKvBfXedUep-eAX5SmuTNQ&oe=6A98B579,https://www.instagram.com/p/DcjfMcbkgCV/
Bom Jesus Primavera do Leste 🛒,Outros,Gel Fixador Bozzano 300g,18.99,27/08/2026,https://instagram.fmvf1-1.fna.fbcdn.net/v/t51.82787-15/787993259_18374687005237813_4471412213431393234_n.jpg?stp=dst-jpg_e35_tt6&_nc_cat=103&ig_cache_key=Mzk3Mjk0NzA1MzQ4MTkxNTUyNQ%3D%3D.3-ccb7-5&ccb=7-5&_nc_sid=58cdad&efg=eyJ2ZW5jb2RlX3RhZyI6IkZFRUQueHBpZHMuMTM1MC5zZHIucmVndWxhcl9waG90by5DMyJ9&_nc_ohc=TDgSfUoaAVwQ7kNvwEIJG_n&_nc_oc=AdrLqbORTF-nJ5wfhBLkA9D5VQaEh2wRkssjfKkPN0Y2aywVg5Dy_h1LoZ4J8duBg1w&_nc_ad=z-m&_nc_cid=0&_nc_zt=23&_nc_ht=instagram.fmvf1-1.fna&_nc_gid=98vsvuSaWIRegx6I2u2_8A&_nc_ss=7a22e&oh=00_AQIEBiGdKNmXetGcSi-tia6htcw973dmzm-cYh3g2tDnmw&oe=6A98B3AE,https://www.instagram.com/p/DcivkuqOXSF/
Supermercado Tuiuiú,Outros,Carvão Paraná 5kg,19.99,28/08/2026,https://instagram.fymq2-1.fna.fbcdn.net/v/t39.30808-6/788141803_1720016743465477_9146230528598203595_n.jpg?stp=dst-jpg_e35_tt6&_nc_cat=108&ig_cache_key=Mzk3MzM0Mjg3ODE5NDkyODIxMw%3D%3D.3-ccb7-5&ccb=7-5&_nc_sid=58cdad&efg=eyJ2ZW5jb2RlX3RhZyI6IkNBUk9VU0VMX0lURU0ueHBpZHMuMTI1NC5zZHIucmVndWxhcl9waG90by5DMyJ9&_nc_ohc=zal2Q-KNBSMQ7kNvwGaWQxt&_nc_oc=AdpXig8fKWtn5mOJTOxifAKhepxVD6EjgckmdW3rZR_BqxRv4FiMs71_pIVl9npPyO9FPZKwJip7RKIK7tWxnib8&_nc_ad=z-m&_nc_cid=0&_nc_zt=23&_nc_ht=instagram.fymq2-1.fna&_nc_gid=8hRfZTGV61lKPZlNYQ9LfQ&_nc_ss=7a22e&oh=00_AQK1izQwrbPsVYNWl7hBl27akbgF8IUEv1-zij2Ensm5WA&oe=6A98DB36,https://www.instagram.com/p/DckJlYyI3Tu/
Supermercado São Pedro,Outros,Cuca Recheada kg,23.49,28/08/2026,https://scontent-waw2-1.cdninstagram.com/v/t51.82787-15/785599572_18195711460382122_5575322653184498920_n.jpg?stp=dst-jpg_e35_tt6&_nc_cat=109&ig_cache_key=Mzk3MzY3MjU2OTQ3ODkxNjI0Mw%3D%3D.3-ccb7-5&ccb=7-5&_nc_sid=58cdad&efg=eyJ2ZW5jb2RlX3RhZyI6IkNBUk9VU0VMX0lURU0ueHBpZHMuMTA4MS5zZHIucmVndWxhcl9waG90by5DMyJ9&_nc_ohc=YlNv7Hxcm4EQ7kNvwHLR-nH&_nc_oc=AdrkEDBETtiY_sVQ5prdeQigXPtTegs8ow61LHW1V3LjKMEdDYHnyXg1zWQ6hk8dUNc&_nc_ad=z-m&_nc_cid=1479&_nc_zt=23&_nc_ht=scontent-waw2-1.cdninstagram.com&_nc_gid=KF1k9W2wUwOlXi1LVTyTGw&_nc_ss=7a22e&oh=00_AQLV8Gd4GEG4Mtnn6erctgs70eMNEGk4hoN43QEpMOnl3w&oe=6A98CBD2,https://www.instagram.com/p/DclUqI1G7TG/
Supermercado Tuiuiú,Outros,Ponta de Peito com Osso kg,23.99,28/08/2026,https://instagram.fymq2-1.fna.fbcdn.net/v/t39.30808-6/784321179_1720016750132143_1243001508239248716_n.jpg?stp=dst-jpg_e35_tt6&_nc_cat=109&ig_cache_key=Mzk3MzM0Mjg4MDE3NDY4MTI1NA%3D%3D.3-ccb7-5&ccb=7-5&_nc_sid=58cdad&efg=eyJ2ZW5jb2RlX3RhZyI6IkNBUk9VU0VMX0lURU0ueHBpZHMuMTI1NC5zZHIucmVndWxhcl9waG90by5DMiJ9&_nc_ohc=uLCBohPgPQYQ7kNvwHoatih&_nc_oc=AdpBgpZ_6yCjY5d5_bo79t0YSbu4giRTNnS25GmuNVLwqusUKXfcUhp-zRQRM0wmLzD5xdlc2ROkQlttMluSiK2Y&_nc_ad=z-m&_nc_cid=0&_nc_zt=23&_nc_ht=instagram.fymq2-1.fna&_nc_gid=8hRfZTGV61lKPZlNYQ9LfQ&_nc_ss=7a22e&oh=00_AQIYvJWz74DKBggaG5Es24bE9tu6BlVVt5n5sC4VU_W6wA&oe=6A98CB59,https://www.instagram.com/p/DckJlYyI3Tu/
Supermercado São Pedro,Outros,Rosca Doce kg,23.99,28/08/2026,https://scontent-waw2-1.cdninstagram.com/v/t51.82787-15/785599572_18195711460382122_5575322653184498920_n.jpg?stp=dst-jpg_e35_tt6&_nc_cat=109&ig_cache_key=Mzk3MzY3MjU2OTQ3ODkxNjI0Mw%3D%3D.3-ccb7-5&ccb=7-5&_nc_sid=58cdad&efg=eyJ2ZW5jb2RlX3RhZyI6IkNBUk9VU0VMX0lURU0ueHBpZHMuMTA4MS5zZHIucmVndWxhcl9waG90by5DMyJ9&_nc_ohc=YlNv7Hxcm4EQ7kNvwHLR-nH&_nc_oc=AdrkEDBETtiY_sVQ5prdeQigXPtTegs8ow61LHW1V3LjKMEdDYHnyXg1zWQ6hk8dUNc&_nc_ad=z-m&_nc_cid=1479&_nc_zt=23&_nc_ht=scontent-waw2-1.cdninstagram.com&_nc_gid=KF1k9W2wUwOlXi1LVTyTGw&_nc_ss=7a22e&oh=00_AQLV8Gd4GEG4Mtnn6erctgs70eMNEGk4hoN43QEpMOnl3w&oe=6A98CBD2,https://www.instagram.com/p/DclUqI1G7TG/
Supermercado São Pedro,Outros,Músculo Bovino com Osso kg,24.48,25/08/2026,https://instagram.fmad22-1.fna.fbcdn.net/v/t39.30808-6/784428542_1503489418490841_697405957732902936_n.jpg?stp=dst-jpg_e35_tt6&_nc_cat=102&ig_cache_key=Mzk3MTgyNzk2NDE0ODc5MzU5NA%3D%3D.3-ccb7-5&ccb=7-5&_nc_sid=58cdad&efg=eyJ2ZW5jb2RlX3RhZyI6IkZFRUQueHBpZHMuMTYzOS5zZHIucmVndWxhcl9waG90by5DMyJ9&_nc_ohc=lahhkTUGus0Q7kNvwEPirOL&_nc_oc=AdqpeyI16SBvSjm_RRusxOtjQaLVpVKPrREy8i6sAmvam1LEqfV6baN8wn4vmZPYnhQ&_nc_ad=z-m&_nc_cid=0&_nc_zt=23&_nc_ht=instagram.fmad22-1.fna&_nc_gid=KgQw-8ZsO-U6N3r5I3NZCQ&_nc_ss=7a22e&oh=00_AQKOPw9Gdb00qehg5jTRevMxa22Fyc6s6iHjnqSZ5rUqTw&oe=6A98C9BA,https://www.instagram.com/p/DcexH1gDUD6/
Supermercado Tuiuiú,Outros,Salgadinho kg,29.99,26/08/2026,https://instagram.fagp3-1.fna.fbcdn.net/v/t51.82787-15/786213187_18581670739067900_7614859529006382993_n.jpg?stp=dst-jpg_e35_tt6&_nc_cat=105&ig_cache_key=Mzk3MjU4MDUwMTEzMDg5NTg1Ng%3D%3D.3-ccb7-5&ccb=7-5&_nc_sid=58cdad&efg=eyJ2ZW5jb2RlX3RhZyI6IkNBUk9VU0VMX0lURU0ueHBpZHMuMTA4MC5zZHIucmVndWxhcl9waG90by5DMyJ9&_nc_ohc=FUxa-pkhp30Q7kNvwGxZLe8&_nc_oc=AdqVBEEWeVGh_tP3lRoqbywlivZNA9NZJb51iolpQOEMMLEk3sfYfPG4knV3gUHm10w&_nc_ad=z-m&_nc_cid=0&_nc_zt=23&_nc_ht=instagram.fagp3-1.fna&_nc_gid=cjP19A6j3LyH3jBF6hxCug&_nc_ss=7a22e&oh=00_AQI6abR3HTz3kTrRjiHHcz6-gFYJZfkEOd9p5OosVkgk2g&oe=6A98B4EB,https://www.instagram.com/p/DchcQH5DdVj/
Bom Jesus Primavera do Leste 🛒,Outros,Short Ribs e Shoulder Steak kg,31.99,26/08/2026,https://instagram.flhr10-2.fna.fbcdn.net/v/t51.82787-15/786837850_18374533663237813_2968687181146751427_n.jpg?stp=dst-jpg_e35_tt6&_nc_cat=100&ig_cache_key=Mzk3MjE2ODE2MTY3MzMwMjgxMg%3D%3D.3-ccb7-5&ccb=7-5&_nc_sid=58cdad&efg=eyJ2ZW5jb2RlX3RhZyI6IkNBUk9VU0VMX0lURU0ueHBpZHMuMTA4MC5zZHIucmVndWxhcl9waG90by5DMyJ9&_nc_ohc=SYZyJZ31VbUQ7kNvwH1f0Gv&_nc_oc=AdodG4pGlLWIsH-Nt4l1a7QlhN024nYp1bvU0p4drJSLa3SZmhDHMfUn7SF8__gEHYo&_nc_ad=z-m&_nc_cid=0&_nc_zt=23&_nc_ht=instagram.flhr10-2.fna&_nc_gid=zZwwF9XOJx5iVW3BBbpKDA&_nc_ss=7a22e&oh=00_AQKadpLOoIxg1T4LCTZ_r0A873l3383EvUrINYp1fIOViQ&oe=6A98DB8B,https://www.instagram.com/p/Dcf-fgoloPJ/
Bom Jesus Primavera do Leste 🛒,Outros,Creme Facial Garnier 85g,31.99,27/08/2026,https://instagram.fmvf1-1.fna.fbcdn.net/v/t51.82787-15/787993259_18374687005237813_4471412213431393234_n.jpg?stp=dst-jpg_e35_tt6&_nc_cat=103&ig_cache_key=Mzk3Mjk0NzA1MzQ4MTkxNTUyNQ%3D%3D.3-ccb7-5&ccb=7-5&_nc_sid=58cdad&efg=eyJ2ZW5jb2RlX3RhZyI6IkZFRUQueHBpZHMuMTM1MC5zZHIucmVndWxhcl9waG90by5DMyJ9&_nc_ohc=TDgSfUoaAVwQ7kNvwEIJG_n&_nc_oc=AdrLqbORTF-nJ5wfhBLkA9D5VQaEh2wRkssjfKkPN0Y2aywVg5Dy_h1LoZ4J8duBg1w&_nc_ad=z-m&_nc_cid=0&_nc_zt=23&_nc_ht=instagram.fmvf1-1.fna&_nc_gid=98vsvuSaWIRegx6I2u2_8A&_nc_ss=7a22e&oh=00_AQIEBiGdKNmXetGcSi-tia6htcw973dmzm-cYh3g2tDnmw&oe=6A98B3AE,https://www.instagram.com/p/DcivkuqOXSF/
Bom Jesus Primavera do Leste 🛒,Outros,Capa de Contrafilé Sulbeef kg,32.99,28/08/2026,https://scontent-mxp1-1.cdninstagram.com/v/t51.82787-15/786853630_18374942971237813_3112147777905981087_n.jpg?stp=dst-jpg_e35_tt6&_nc_cat=107&ig_cache_key=Mzk3Mzk3Nzc3OTE1MzU1MzcyNQ%3D%3D.3-ccb7-5&ccb=7-5&_nc_sid=58cdad&efg=eyJ2ZW5jb2RlX3RhZyI6IkNBUk9VU0VMX0lURU0ueHBpZHMuMTA4MC5zZHIucmVndWxhcl9waG90by5DMyJ9&_nc_ohc=X2aB_pDnUvgQ7kNvwG5Ndm-&_nc_oc=AdrrSTj5cOT7BIIYwW5EHf_ZZZqIvGhJ1xKMKicY8f6hnWcKI_7Lzhg16iDRIRHiMMY&_nc_ad=z-m&_nc_cid=0&_nc_zt=23&_nc_ht=scontent-mxp1-1.cdninstagram.com&_nc_gid=2W0u87jjP_IT_10skYXvyg&_nc_ss=7a22e&oh=00_AQLoiEIwCvge0bQj3hGXwIYzY_SkvVpwOmce-7toSMYXdg&oe=6A98C764,https://www.instagram.com/p/DcmZ8cDD400/
Supermercado São Pedro,Outros,Chipa kg,34.99,28/08/2026,https://scontent-waw2-1.cdninstagram.com/v/t51.82787-15/785599572_18195711460382122_5575322653184498920_n.jpg?stp=dst-jpg_e35_tt6&_nc_cat=109&ig_cache_key=Mzk3MzY3MjU2OTQ3ODkxNjI0Mw%3D%3D.3-ccb7-5&ccb=7-5&_nc_sid=58cdad&efg=eyJ2ZW5jb2RlX3RhZyI6IkNBUk9VU0VMX0lURU0ueHBpZHMuMTA4MS5zZHIucmVndWxhcl9waG90by5DMyJ9&_nc_ohc=YlNv7Hxcm4EQ7kNvwHLR-nH&_nc_oc=AdrkEDBETtiY_sVQ5prdeQigXPtTegs8ow61LHW1V3LjKMEdDYHnyXg1zWQ6hk8dUNc&_nc_ad=z-m&_nc_cid=1479&_nc_zt=23&_nc_ht=scontent-waw2-1.cdninstagram.com&_nc_gid=KF1k9W2wUwOlXi1LVTyTGw&_nc_ss=7a22e&oh=00_AQLV8Gd4GEG4Mtnn6erctgs70eMNEGk4hoN43QEpMOnl3w&oe=6A98CBD2,https://www.instagram.com/p/DclUqI1G7TG/
Super Compras Supermercado,Outros,Ponta de Peito Bovino kg,35.99,29/08/2026,https://scontent-itm1-1.cdninstagram.com/v/t51.82787-15/787743920_18192892438391764_3005082908538598587_n.jpg?stp=dst-jpg_e35_tt6&_nc_cat=110&ig_cache_key=Mzk3NDAxMjMzNjQ5MTI3ODEzMg%3D%3D.3-ccb7-5&ccb=7-5&_nc_sid=58cdad&efg=eyJ2ZW5jb2RlX3RhZyI6IkNBUk9VU0VMX0lURU0ueHBpZHMuMTQ0MC5zZHIucmVndWxhcl9waG90by5DMyJ9&_nc_ohc=jo3tVs9LzLkQ7kNvwEEXhXu&_nc_oc=AdoWdKPC5-PErszL1TO6jMbufuXrXvUdptAb3NLGnkDmhMOTrKx5VkGvRX58LrbvGBptdadpd7zG9en7536FmFhn&_nc_ad=z-m&_nc_cid=0&_nc_zt=23&_nc_ht=scontent-itm1-1.cdninstagram.com&_nc_gid=ATf4ZhlWvUf1BbIXiW6T_A&_nc_ss=7a22e&oh=00_AQLH-x_TU2iikLIhOJkObAYenYEWIoVc9Ucuhu9yIBlZEQ&oe=6A98CD3B,https://www.instagram.com/p/DcmhzwZjQj_/
Supermercado São Pedro,Outros,Ponta de Peito Bovina kg,36.99,28/08/2026,https://scontent-waw2-2.cdninstagram.com/v/t51.82787-15/787853786_18195711469382122_4084613579796731411_n.jpg?stp=dst-jpg_e35_tt6&_nc_cat=101&ig_cache_key=Mzk3MzY3MjU2ODk4MzkzOTE2MQ%3D%3D.3-ccb7-5&ccb=7-5&_nc_sid=58cdad&efg=eyJ2ZW5jb2RlX3RhZyI6IkNBUk9VU0VMX0lURU0ueHBpZHMuMTA4MS5zZHIucmVndWxhcl9waG90by5DMyJ9&_nc_ohc=mrOwFRh3sK8Q7kNvwFEWtES&_nc_oc=AdrwqSALs5DXyvTcFVMtuHF5H5JpFSC_oGr6BJ36Qg2wD-VFA7d0EQphPDDeeg3NqEA&_nc_ad=z-m&_nc_cid=1479&_nc_zt=23&_nc_ht=scontent-waw2-2.cdninstagram.com&_nc_gid=KF1k9W2wUwOlXi1LVTyTGw&_nc_ss=7a22e&oh=00_AQLyU02laXnFQkbRy5Q7FSPWXTxiSDQXDqQJEydaFQsyBw&oe=6A98AE87,https://www.instagram.com/p/DclUqI1G7TG/
Machadão Atacadista,Outros,Alicate de Cutícula Tramontina,45.9,25/08/2026,https://instagram.fein1-2.fna.fbcdn.net/v/t39.30808-6/786543128_1358645369688754_2779017979935584164_n.jpg?stp=dst-jpg_e35_tt6&_nc_cat=101&ig_cache_key=Mzk3MTUyNDg5NTIzNDEwNDA4Mg%3D%3D.3-ccb7-5&ccb=7-5&_nc_sid=58cdad&efg=eyJ2ZW5jb2RlX3RhZyI6IkNBUk9VU0VMX0lURU0ueHBpZHMuMTYzOC5zZHIucmVndWxhcl9waG90by5DMyJ9&_nc_ohc=fkD66OU_vJ8Q7kNvwE5vvQ9&_nc_oc=AdqeEOwEMhDQKE6AQjXN76ofQneqYaAyD5EATiFCUyuCeY39m5crwQtkZKNuUSU1Sgs&_nc_ad=z-m&_nc_cid=1207&_nc_zt=23&_nc_ht=instagram.fein1-2.fna&_nc_gid=NhetOI29J2yoTRQ2V38LbQ&_nc_ss=7a22e&oh=00_AQJDR2iSSXmG_pdffRjUCfCQB4TX_zYP7PgdGFxKpN1MDg&oe=6A98CDC4,https://www.instagram.com/p/DcdsNxKDBTG/
Machadão Atacadista,Outros,Frigideira Wok Alumínio sem Tampa Loreto Tramontina 28cm,52.9,27/08/2026,https://instagram.ftgz2-1.fna.fbcdn.net/v/t39.30808-6/786779086_1360550472831577_8028710268323392841_n.jpg?stp=dst-jpg_e35_tt6&_nc_cat=100&ig_cache_key=Mzk3MzE1NjQ3MjI0MjcxMDI2OQ%3D%3D.3-ccb7-5&ccb=7-5&_nc_sid=58cdad&efg=eyJ2ZW5jb2RlX3RhZyI6IkNBUk9VU0VMX0lURU0ueHBpZHMuMTYzOC5zZHIucmVndWxhcl9waG90by5DMyJ9&_nc_ohc=WKCTmqyswmsQ7kNvwGCsa28&_nc_oc=AdpK61pp0haF8dqWH096dETR7NlNKPsj_Ew1wmNhtIGkxwJw7M6U6SVRpDabhOt4lHl1lwmHiYtGTayRGkwFrDVJ&_nc_ad=z-m&_nc_cid=0&_nc_zt=23&_nc_ht=instagram.ftgz2-1.fna&_nc_gid=8C1vo79zooRdEKD2fcIVwA&_nc_ss=7a22e&oh=00_AQLHXftmWxzuWH5cpZUrdcg3xeUGaKeB02DvXB8OwZeY6w&oe=6A98E0AF,https://www.instagram.com/p/DcjfMcbkgCV/
Machadão Atacadista,Outros,Frigideira Wok Alumínio Tramontina Loreto 28cm,52.9,27/08/2026,https://instagram.ftgz2-1.fna.fbcdn.net/v/t39.30808-6/786141071_1360550506164907_1343288441209680541_n.jpg?stp=dst-jpg_e35_tt6&_nc_cat=100&ig_cache_key=Mzk3MzE1NjQ3MjAxNjIzNDQ4NA%3D%3D.3-ccb7-5&ccb=7-5&_nc_sid=58cdad&efg=eyJ2ZW5jb2RlX3RhZyI6IkNBUk9VU0VMX0lURU0ueHBpZHMuMTYzOC5zZHIucmVndWxhcl9waG90by5DMyJ9&_nc_ohc=rAfVUo0mg-MQ7kNvwGBDKPC&_nc_oc=AdrBCVHPFQe5gEaTM4K6__GqWWoU9Ty9eLyb0b5MgP1yktN7u871woLg1I9BYAdXIlDJYbjJYvmhJlZLmxVBf_a5&_nc_ad=z-m&_nc_cid=0&_nc_zt=23&_nc_ht=instagram.ftgz2-1.fna&_nc_gid=8C1vo79zooRdEKD2fcIVwA&_nc_ss=7a22e&oh=00_AQLqSQQQQxQlJSzp_4RkHaaJEKvBfXedUep-eAX5SmuTNQ&oe=6A98B579,https://www.instagram.com/p/DcjfMcbkgCV/
Supermercado São Pedro,Outros,Aperol 750ml,56.99,27/08/2026,https://instagram.fsvq6-1.fna.fbcdn.net/v/t39.30808-6/788413222_1505168981656218_2918311736305518854_n.jpg?stp=c0.0.1638.2047a_dst-jpg_e35_s1638x2047_tt6&_nc_cat=107&ig_cache_key=Mzk3MzI3Njk2ODIzODI0MjE0OA%3D%3D.3-ccb7-5&ccb=7-5&_nc_sid=58cdad&efg=eyJ2ZW5jb2RlX3RhZyI6IkNBUk9VU0VMX0lURU0ueHBpZHMuMTYzOC5zZHIucmVndWxhcl9waG90by5DMyJ9&_nc_ohc=G9lgZfFlLu0Q7kNvwEWM49r&_nc_oc=Adqd95Cqd_IX2sGDk8ExTbxfNItP8ScqY1s8k8X3jfy1hiLqWWdgH83nKJY8x8b8UC4&_nc_ad=z-m&_nc_cid=3033&_nc_zt=23&_nc_ht=instagram.fsvq6-1.fna&_nc_gid=cr2BBsXJ9hal_kRAgWsMyQ&_nc_ss=7a22e&oh=00_AQJDkTAcDbLEqAg-ioR6N4abWmYen6yVujs6NBHCQefdYg&oe=6A98CAA0,https://www.instagram.com/p/Dcj6lyLlKpL/
Bom Jesus Primavera do Leste 🛒,Padaria / Congelados,Pão de Queijo Cuiabá 1kg,9.99,26/08/2026,https://instagram.flhr10-1.fna.fbcdn.net/v/t51.82787-15/786656678_18374533654237813_1357775697752571265_n.jpg?stp=dst-jpg_e35_tt6&_nc_cat=102&ig_cache_key=Mzk3MjE2ODE2MTUzODk3MjI2NA%3D%3D.3-ccb7-5&ccb=7-5&_nc_sid=58cdad&efg=eyJ2ZW5jb2RlX3RhZyI6IkNBUk9VU0VMX0lURU0ueHBpZHMuMTA4MC5zZHIucmVndWxhcl9waG90by5DMyJ9&_nc_ohc=E3K-BzvU7NkQ7kNvwEF2DBL&_nc_oc=Adpa6sD5wURwQ10vZDPbVKJ1UgK7CVBkL_E6LtJhapJKl7QK9b8ciWVlx9mHqpHER-U&_nc_ad=z-m&_nc_cid=0&_nc_zt=23&_nc_ht=instagram.flhr10-1.fna&_nc_gid=zZwwF9XOJx5iVW3BBbpKDA&_nc_ss=7a22e&oh=00_AQKKlvXoExU1xltCGX7Y5bXWaNTJAO7LXVt5O2C-S_ZB_Q&oe=6A98D165,https://www.instagram.com/p/Dcf-fgoloPJ/
Bom Jesus Primavera do Leste 🛒,Padaria / Congelados,Pão de Queijo Cuiabá 1kg,9.99,28/08/2026,https://scontent-mxp1-1.cdninstagram.com/v/t51.82787-15/786853630_18374942971237813_3112147777905981087_n.jpg?stp=dst-jpg_e35_tt6&_nc_cat=107&ig_cache_key=Mzk3Mzk3Nzc3OTE1MzU1MzcyNQ%3D%3D.3-ccb7-5&ccb=7-5&_nc_sid=58cdad&efg=eyJ2ZW5jb2RlX3RhZyI6IkNBUk9VU0VMX0lURU0ueHBpZHMuMTA4MC5zZHIucmVndWxhcl9waG90by5DMyJ9&_nc_ohc=X2aB_pDnUvgQ7kNvwG5Ndm-&_nc_oc=AdrrSTj5cOT7BIIYwW5EHf_ZZZqIvGhJ1xKMKicY8f6hnWcKI_7Lzhg16iDRIRHiMMY&_nc_ad=z-m&_nc_cid=0&_nc_zt=23&_nc_ht=scontent-mxp1-1.cdninstagram.com&_nc_gid=2W0u87jjP_IT_10skYXvyg&_nc_ss=7a22e&oh=00_AQLoiEIwCvge0bQj3hGXwIYzY_SkvVpwOmce-7toSMYXdg&oe=6A98C764,https://www.instagram.com/p/DcmZ8cDD400/
Supermercado São Pedro,Padaria / Congelados,Pão de Queijo Cuiabá 1kg,11.99,28/08/2026,https://scontent-waw2-1.cdninstagram.com/v/t51.82787-15/785599572_18195711460382122_5575322653184498920_n.jpg?stp=dst-jpg_e35_tt6&_nc_cat=109&ig_cache_key=Mzk3MzY3MjU2OTQ3ODkxNjI0Mw%3D%3D.3-ccb7-5&ccb=7-5&_nc_sid=58cdad&efg=eyJ2ZW5jb2RlX3RhZyI6IkNBUk9VU0VMX0lURU0ueHBpZHMuMTA4MS5zZHIucmVndWxhcl9waG90by5DMyJ9&_nc_ohc=YlNv7Hxcm4EQ7kNvwHLR-nH&_nc_oc=AdrkEDBETtiY_sVQ5prdeQigXPtTegs8ow61LHW1V3LjKMEdDYHnyXg1zWQ6hk8dUNc&_nc_ad=z-m&_nc_cid=1479&_nc_zt=23&_nc_ht=scontent-waw2-1.cdninstagram.com&_nc_gid=KF1k9W2wUwOlXi1LVTyTGw&_nc_ss=7a22e&oh=00_AQLV8Gd4GEG4Mtnn6erctgs70eMNEGk4hoN43QEpMOnl3w&oe=6A98CBD2,https://www.instagram.com/p/DclUqI1G7TG/
Super Compras Supermercado,Padaria / Congelados,Pão de Queijo Silbas 1kg,14.99,28/08/2026,https://instagram.fsyd10-1.fna.fbcdn.net/v/t51.82787-15/778381296_18192777073391764_3495327765482658959_n.jpg?stp=dst-jpg_e35_tt6&_nc_cat=108&ig_cache_key=Mzk3MzI5MDk1OTA3NzU1MjQ2OA%3D%3D.3-ccb7-5&ccb=7-5&_nc_sid=58cdad&efg=eyJ2ZW5jb2RlX3RhZyI6IkZFRUQueHBpZHMuMTQ0MC5zZHIucmVndWxhcl9waG90by5DMyJ9&_nc_ohc=2HLQR4PBfsgQ7kNvwFH0xOj&_nc_oc=Adq7FpJVek-bLPex8t8nW1VCFRGfs2_t63o6yspr1ZUtTgp_Wk7vvuVC7Tm4_bePjyc&_nc_ad=z-m&_nc_cid=0&_nc_zt=23&_nc_ht=instagram.fsyd10-1.fna&_nc_gid=yGeBUZ6gLFxj3rPs_uYd6g&_nc_ss=7a22e&oh=00_AQIiVJsR4RjAJxAMGZavae_TYo1SoCfsoQ8DlXq8aTlfxw&oe=6A98D916,https://www.instagram.com/p/Dcj9xNtFrFU/
Supermercado Tuiuiú,Padaria / Congelados,Pão de Queijo kg,18.99,26/08/2026,https://instagram.fagp3-1.fna.fbcdn.net/v/t51.82787-15/786213187_18581670739067900_7614859529006382993_n.jpg?stp=dst-jpg_e35_tt6&_nc_cat=105&ig_cache_key=Mzk3MjU4MDUwMTEzMDg5NTg1Ng%3D%3D.3-ccb7-5&ccb=7-5&_nc_sid=58cdad&efg=eyJ2ZW5jb2RlX3RhZyI6IkNBUk9VU0VMX0lURU0ueHBpZHMuMTA4MC5zZHIucmVndWxhcl9waG90by5DMyJ9&_nc_ohc=FUxa-pkhp30Q7kNvwGxZLe8&_nc_oc=AdqVBEEWeVGh_tP3lRoqbywlivZNA9NZJb51iolpQOEMMLEk3sfYfPG4knV3gUHm10w&_nc_ad=z-m&_nc_cid=0&_nc_zt=23&_nc_ht=instagram.fagp3-1.fna&_nc_gid=cjP19A6j3LyH3jBF6hxCug&_nc_ss=7a22e&oh=00_AQI6abR3HTz3kTrRjiHHcz6-gFYJZfkEOd9p5OosVkgk2g&oe=6A98B4EB,https://www.instagram.com/p/DchcQH5DdVj/
Supermercado Tuiuiú,Padaria / Pães,Pão de Alho Bello 300g,9.99,28/08/2026,https://instagram.fymq2-1.fna.fbcdn.net/v/t39.30808-6/788141803_1720016743465477_9146230528598203595_n.jpg?stp=dst-jpg_e35_tt6&_nc_cat=108&ig_cache_key=Mzk3MzM0Mjg3ODE5NDkyODIxMw%3D%3D.3-ccb7-5&ccb=7-5&_nc_sid=58cdad&efg=eyJ2ZW5jb2RlX3RhZyI6IkNBUk9VU0VMX0lURU0ueHBpZHMuMTI1NC5zZHIucmVndWxhcl9waG90by5DMyJ9&_nc_ohc=zal2Q-KNBSMQ7kNvwGaWQxt&_nc_oc=AdpXig8fKWtn5mOJTOxifAKhepxVD6EjgckmdW3rZR_BqxRv4FiMs71_pIVl9npPyO9FPZKwJip7RKIK7tWxnib8&_nc_ad=z-m&_nc_cid=0&_nc_zt=23&_nc_ht=instagram.fymq2-1.fna&_nc_gid=8hRfZTGV61lKPZlNYQ9LfQ&_nc_ss=7a22e&oh=00_AQK1izQwrbPsVYNWl7hBl27akbgF8IUEv1-zij2Ensm5WA&oe=6A98DB36,https://www.instagram.com/p/DckJlYyI3Tu/
Supermercado Tuiuiú,Padaria / Pães,Pão Francês kg,9.99,26/08/2026,https://instagram.fagp3-1.fna.fbcdn.net/v/t51.82787-15/786213187_18581670739067900_7614859529006382993_n.jpg?stp=dst-jpg_e35_tt6&_nc_cat=105&ig_cache_key=Mzk3MjU4MDUwMTEzMDg5NTg1Ng%3D%3D.3-ccb7-5&ccb=7-5&_nc_sid=58cdad&efg=eyJ2ZW5jb2RlX3RhZyI6IkNBUk9VU0VMX0lURU0ueHBpZHMuMTA4MC5zZHIucmVndWxhcl9waG90by5DMyJ9&_nc_ohc=FUxa-pkhp30Q7kNvwGxZLe8&_nc_oc=AdqVBEEWeVGh_tP3lRoqbywlivZNA9NZJb51iolpQOEMMLEk3sfYfPG4knV3gUHm10w&_nc_ad=z-m&_nc_cid=0&_nc_zt=23&_nc_ht=instagram.fagp3-1.fna&_nc_gid=cjP19A6j3LyH3jBF6hxCug&_nc_ss=7a22e&oh=00_AQI6abR3HTz3kTrRjiHHcz6-gFYJZfkEOd9p5OosVkgk2g&oe=6A98B4EB,https://www.instagram.com/p/DchcQH5DdVj/
Bom Jesus Primavera do Leste 🛒,Padaria / Pães,Pão de Alho Dabrasa 450g,11.99,28/08/2026,https://scontent-mxp1-1.cdninstagram.com/v/t51.82787-15/786853630_18374942971237813_3112147777905981087_n.jpg?stp=dst-jpg_e35_tt6&_nc_cat=107&ig_cache_key=Mzk3Mzk3Nzc3OTE1MzU1MzcyNQ%3D%3D.3-ccb7-5&ccb=7-5&_nc_sid=58cdad&efg=eyJ2ZW5jb2RlX3RhZyI6IkNBUk9VU0VMX0lURU0ueHBpZHMuMTA4MC5zZHIucmVndWxhcl9waG90by5DMyJ9&_nc_ohc=X2aB_pDnUvgQ7kNvwG5Ndm-&_nc_oc=AdrrSTj5cOT7BIIYwW5EHf_ZZZqIvGhJ1xKMKicY8f6hnWcKI_7Lzhg16iDRIRHiMMY&_nc_ad=z-m&_nc_cid=0&_nc_zt=23&_nc_ht=scontent-mxp1-1.cdninstagram.com&_nc_gid=2W0u87jjP_IT_10skYXvyg&_nc_ss=7a22e&oh=00_AQLoiEIwCvge0bQj3hGXwIYzY_SkvVpwOmce-7toSMYXdg&oe=6A98C764,https://www.instagram.com/p/DcmZ8cDD400/
Supermercado São Pedro,Padaria / Pães,Pão de Alho Zinho 300g,12.99,28/08/2026,https://scontent-waw2-1.cdninstagram.com/v/t51.82787-15/785599572_18195711460382122_5575322653184498920_n.jpg?stp=dst-jpg_e35_tt6&_nc_cat=109&ig_cache_key=Mzk3MzY3MjU2OTQ3ODkxNjI0Mw%3D%3D.3-ccb7-5&ccb=7-5&_nc_sid=58cdad&efg=eyJ2ZW5jb2RlX3RhZyI6IkNBUk9VU0VMX0lURU0ueHBpZHMuMTA4MS5zZHIucmVndWxhcl9waG90by5DMyJ9&_nc_ohc=YlNv7Hxcm4EQ7kNvwHLR-nH&_nc_oc=AdrkEDBETtiY_sVQ5prdeQigXPtTegs8ow61LHW1V3LjKMEdDYHnyXg1zWQ6hk8dUNc&_nc_ad=z-m&_nc_cid=1479&_nc_zt=23&_nc_ht=scontent-waw2-1.cdninstagram.com&_nc_gid=KF1k9W2wUwOlXi1LVTyTGw&_nc_ss=7a22e&oh=00_AQLV8Gd4GEG4Mtnn6erctgs70eMNEGk4hoN43QEpMOnl3w&oe=6A98CBD2,https://www.instagram.com/p/DclUqI1G7TG/
Machadão Atacadista,Padaria / Pães,Faca Para Pão Inox 7 Plenus Tramontina,15.9,27/08/2026,https://instagram.ftgz2-1.fna.fbcdn.net/v/t39.30808-6/786779086_1360550472831577_8028710268323392841_n.jpg?stp=dst-jpg_e35_tt6&_nc_cat=100&ig_cache_key=Mzk3MzE1NjQ3MjI0MjcxMDI2OQ%3D%3D.3-ccb7-5&ccb=7-5&_nc_sid=58cdad&efg=eyJ2ZW5jb2RlX3RhZyI6IkNBUk9VU0VMX0lURU0ueHBpZHMuMTYzOC5zZHIucmVndWxhcl9waG90by5DMyJ9&_nc_ohc=WKCTmqyswmsQ7kNvwGCsa28&_nc_oc=AdpK61pp0haF8dqWH096dETR7NlNKPsj_Ew1wmNhtIGkxwJw7M6U6SVRpDabhOt4lHl1lwmHiYtGTayRGkwFrDVJ&_nc_ad=z-m&_nc_cid=0&_nc_zt=23&_nc_ht=instagram.ftgz2-1.fna&_nc_gid=8C1vo79zooRdEKD2fcIVwA&_nc_ss=7a22e&oh=00_AQLHXftmWxzuWH5cpZUrdcg3xeUGaKeB02DvXB8OwZeY6w&oe=6A98E0AF,https://www.instagram.com/p/DcjfMcbkgCV/
Machadão Atacadista,Padaria / Pães,Faca Para Pão Inox Tramontina Plenus 7,15.9,27/08/2026,https://instagram.ftgz2-1.fna.fbcdn.net/v/t39.30808-6/786141071_1360550506164907_1343288441209680541_n.jpg?stp=dst-jpg_e35_tt6&_nc_cat=100&ig_cache_key=Mzk3MzE1NjQ3MjAxNjIzNDQ4NA%3D%3D.3-ccb7-5&ccb=7-5&_nc_sid=58cdad&efg=eyJ2ZW5jb2RlX3RhZyI6IkNBUk9VU0VMX0lURU0ueHBpZHMuMTYzOC5zZHIucmVndWxhcl9waG90by5DMyJ9&_nc_ohc=rAfVUo0mg-MQ7kNvwGBDKPC&_nc_oc=AdrBCVHPFQe5gEaTM4K6__GqWWoU9Ty9eLyb0b5MgP1yktN7u871woLg1I9BYAdXIlDJYbjJYvmhJlZLmxVBf_a5&_nc_ad=z-m&_nc_cid=0&_nc_zt=23&_nc_ht=instagram.ftgz2-1.fna&_nc_gid=8C1vo79zooRdEKD2fcIVwA&_nc_ss=7a22e&oh=00_AQLqSQQQQxQlJSzp_4RkHaaJEKvBfXedUep-eAX5SmuTNQ&oe=6A98B579,https://www.instagram.com/p/DcjfMcbkgCV/
Machadão Atacadista,Pet Shop,Espeto de Bambu Theoto 30cm,3.99,27/08/2026,https://instagram.ftgz2-1.fna.fbcdn.net/v/t39.30808-6/786779086_1360550472831577_8028710268323392841_n.jpg?stp=dst-jpg_e35_tt6&_nc_cat=100&ig_cache_key=Mzk3MzE1NjQ3MjI0MjcxMDI2OQ%3D%3D.3-ccb7-5&ccb=7-5&_nc_sid=58cdad&efg=eyJ2ZW5jb2RlX3RhZyI6IkNBUk9VU0VMX0lURU0ueHBpZHMuMTYzOC5zZHIucmVndWxhcl9waG90by5DMyJ9&_nc_ohc=WKCTmqyswmsQ7kNvwGCsa28&_nc_oc=AdpK61pp0haF8dqWH096dETR7NlNKPsj_Ew1wmNhtIGkxwJw7M6U6SVRpDabhOt4lHl1lwmHiYtGTayRGkwFrDVJ&_nc_ad=z-m&_nc_cid=0&_nc_zt=23&_nc_ht=instagram.ftgz2-1.fna&_nc_gid=8C1vo79zooRdEKD2fcIVwA&_nc_ss=7a22e&oh=00_AQLHXftmWxzuWH5cpZUrdcg3xeUGaKeB02DvXB8OwZeY6w&oe=6A98E0AF,https://www.instagram.com/p/DcjfMcbkgCV/
Machadão Atacadista,Pet Shop,Espeto de Bambu Theoto 30cm,3.99,27/08/2026,https://instagram.ftgz2-1.fna.fbcdn.net/v/t39.30808-6/786141071_1360550506164907_1343288441209680541_n.jpg?stp=dst-jpg_e35_tt6&_nc_cat=100&ig_cache_key=Mzk3MzE1NjQ3MjAxNjIzNDQ4NA%3D%3D.3-ccb7-5&ccb=7-5&_nc_sid=58cdad&efg=eyJ2ZW5jb2RlX3RhZyI6IkNBUk9VU0VMX0lURU0ueHBpZHMuMTYzOC5zZHIucmVndWxhcl9waG90by5DMyJ9&_nc_ohc=rAfVUo0mg-MQ7kNvwGBDKPC&_nc_oc=AdrBCVHPFQe5gEaTM4K6__GqWWoU9Ty9eLyb0b5MgP1yktN7u871woLg1I9BYAdXIlDJYbjJYvmhJlZLmxVBf_a5&_nc_ad=z-m&_nc_cid=0&_nc_zt=23&_nc_ht=instagram.ftgz2-1.fna&_nc_gid=8C1vo79zooRdEKD2fcIVwA&_nc_ss=7a22e&oh=00_AQLqSQQQQxQlJSzp_4RkHaaJEKvBfXedUep-eAX5SmuTNQ&oe=6A98B579,https://www.instagram.com/p/DcjfMcbkgCV/
Bom Jesus Primavera do Leste 🛒,Pet Shop,Ração Para Gato Mimiau 1kg,12.49,28/08/2026,https://scontent-mxp1-1.cdninstagram.com/v/t51.82787-15/788860531_18374942995237813_624644092953609674_n.jpg?stp=dst-jpg_e35_tt6&_nc_cat=106&ig_cache_key=Mzk3Mzk3Nzc4MjEzMTM5MTcwNQ%3D%3D.3-ccb7-5&ccb=7-5&_nc_sid=58cdad&efg=eyJ2ZW5jb2RlX3RhZyI6IkNBUk9VU0VMX0lURU0ueHBpZHMuMTA4MC5zZHIucmVndWxhcl9waG90by5DMyJ9&_nc_ohc=7IsixMbzdvIQ7kNvwFLr1IY&_nc_oc=AdrQMI6TD_X8w6y4rLquClq6yJmmEdOGtMhzEN4tBiP2x83SnaxNlcn35DJEvjd1cXA&_nc_ad=z-m&_nc_cid=0&_nc_zt=23&_nc_ht=scontent-mxp1-1.cdninstagram.com&_nc_gid=2W0u87jjP_IT_10skYXvyg&_nc_ss=7a22e&oh=00_AQKmZVQHrk7uaq12CSeJmfTXqPmLQnSIiQD_VhgIJBu7DQ&oe=6A98BE0B,https://www.instagram.com/p/DcmZ8cDD400/
Bom Jesus Primavera do Leste 🛒,Pet Shop,Ração Para Cão Maikão Carne com Cereais 7kg,34.9,28/08/2026,https://scontent-mxp1-1.cdninstagram.com/v/t51.82787-15/788860531_18374942995237813_624644092953609674_n.jpg?stp=dst-jpg_e35_tt6&_nc_cat=106&ig_cache_key=Mzk3Mzk3Nzc4MjEzMTM5MTcwNQ%3D%3D.3-ccb7-5&ccb=7-5&_nc_sid=58cdad&efg=eyJ2ZW5jb2RlX3RhZyI6IkNBUk9VU0VMX0lURU0ueHBpZHMuMTA4MC5zZHIucmVndWxhcl9waG90by5DMyJ9&_nc_ohc=7IsixMbzdvIQ7kNvwFLr1IY&_nc_oc=AdrQMI6TD_X8w6y4rLquClq6yJmmEdOGtMhzEN4tBiP2x83SnaxNlcn35DJEvjd1cXA&_nc_ad=z-m&_nc_cid=0&_nc_zt=23&_nc_ht=scontent-mxp1-1.cdninstagram.com&_nc_gid=2W0u87jjP_IT_10skYXvyg&_nc_ss=7a22e&oh=00_AQKmZVQHrk7uaq12CSeJmfTXqPmLQnSIiQD_VhgIJBu7DQ&oe=6A98BE0B,https://www.instagram.com/p/DcmZ8cDD400/
Bom Jesus Primavera do Leste 🛒,Pet Shop,Ração Para Cão Vittamax Classic 7kg,64.9,28/08/2026,https://scontent-mxp1-1.cdninstagram.com/v/t51.82787-15/788860531_18374942995237813_624644092953609674_n.jpg?stp=dst-jpg_e35_tt6&_nc_cat=106&ig_cache_key=Mzk3Mzk3Nzc4MjEzMTM5MTcwNQ%3D%3D.3-ccb7-5&ccb=7-5&_nc_sid=58cdad&efg=eyJ2ZW5jb2RlX3RhZyI6IkNBUk9VU0VMX0lURU0ueHBpZHMuMTA4MC5zZHIucmVndWxhcl9waG90by5DMyJ9&_nc_ohc=7IsixMbzdvIQ7kNvwFLr1IY&_nc_oc=AdrQMI6TD_X8w6y4rLquClq6yJmmEdOGtMhzEN4tBiP2x83SnaxNlcn35DJEvjd1cXA&_nc_ad=z-m&_nc_cid=0&_nc_zt=23&_nc_ht=scontent-mxp1-1.cdninstagram.com&_nc_gid=2W0u87jjP_IT_10skYXvyg&_nc_ss=7a22e&oh=00_AQKmZVQHrk7uaq12CSeJmfTXqPmLQnSIiQD_VhgIJBu7DQ&oe=6A98BE0B,https://www.instagram.com/p/DcmZ8cDD400/
Machadão Atacadista,Pet Shop,Ração Para Cães Filhotes Gold Premium Bob Dog 15kg,144.9,27/08/2026,https://instagram.ftgz2-1.fna.fbcdn.net/v/t39.30808-6/786779086_1360550472831577_8028710268323392841_n.jpg?stp=dst-jpg_e35_tt6&_nc_cat=100&ig_cache_key=Mzk3MzE1NjQ3MjI0MjcxMDI2OQ%3D%3D.3-ccb7-5&ccb=7-5&_nc_sid=58cdad&efg=eyJ2ZW5jb2RlX3RhZyI6IkNBUk9VU0VMX0lURU0ueHBpZHMuMTYzOC5zZHIucmVndWxhcl9waG90by5DMyJ9&_nc_ohc=WKCTmqyswmsQ7kNvwGCsa28&_nc_oc=AdpK61pp0haF8dqWH096dETR7NlNKPsj_Ew1wmNhtIGkxwJw7M6U6SVRpDabhOt4lHl1lwmHiYtGTayRGkwFrDVJ&_nc_ad=z-m&_nc_cid=0&_nc_zt=23&_nc_ht=instagram.ftgz2-1.fna&_nc_gid=8C1vo79zooRdEKD2fcIVwA&_nc_ss=7a22e&oh=00_AQLHXftmWxzuWH5cpZUrdcg3xeUGaKeB02DvXB8OwZeY6w&oe=6A98E0AF,https://www.instagram.com/p/DcjfMcbkgCV/
Machadão Atacadista,Pet Shop,Ração Bob Dog Gold Premium Filhote 15kg,144.9,27/08/2026,https://instagram.ftgz2-1.fna.fbcdn.net/v/t39.30808-6/786141071_1360550506164907_1343288441209680541_n.jpg?stp=dst-jpg_e35_tt6&_nc_cat=100&ig_cache_key=Mzk3MzE1NjQ3MjAxNjIzNDQ4NA%3D%3D.3-ccb7-5&ccb=7-5&_nc_sid=58cdad&efg=eyJ2ZW5jb2RlX3RhZyI6IkNBUk9VU0VMX0lURU0ueHBpZHMuMTYzOC5zZHIucmVndWxhcl9waG90by5DMyJ9&_nc_ohc=rAfVUo0mg-MQ7kNvwGBDKPC&_nc_oc=AdrBCVHPFQe5gEaTM4K6__GqWWoU9Ty9eLyb0b5MgP1yktN7u871woLg1I9BYAdXIlDJYbjJYvmhJlZLmxVBf_a5&_nc_ad=z-m&_nc_cid=0&_nc_zt=23&_nc_ht=instagram.ftgz2-1.fna&_nc_gid=8C1vo79zooRdEKD2fcIVwA&_nc_ss=7a22e&oh=00_AQLqSQQQQxQlJSzp_4RkHaaJEKvBfXedUep-eAX5SmuTNQ&oe=6A98B579,https://www.instagram.com/p/DcjfMcbkgCV/
