supermercado,categoria,item,valor,data_postagem,link,post_url
Bom Jesus Primavera do Leste 🛒,Bazar / Eletro,Copo Drink Aruba Cinza 475ml,7.49,28/08/2026,https://scontent-lhr11-1.cdninstagram.com/v/t51.82787-15/788860531_18374942995237813_624644092953609674_n.jpg?stp=dst-jpg_e35_tt6&_nc_cat=106&ig_cache_key=Mzk3Mzk3Nzc4MjEzMTM5MTcwNQ%3D%3D.3-ccb7-5&ccb=7-5&_nc_sid=58cdad&efg=eyJ2ZW5jb2RlX3RhZyI6IkNBUk9VU0VMX0lURU0ueHBpZHMuMTA4MC5zZHIucmVndWxhcl9waG90by5DMyJ9&_nc_ohc=7IsixMbzdvIQ7kNvwGrq6f5&_nc_oc=AdrUMUMvfmpCgyQ5M66K7SfFgtb0WvRnMZmZe6j9PgsmW_awn6IgbkSp4FaEZ-SdaU4SQ-qB2m8DhAok3yIsJEQw&_nc_ad=z-m&_nc_cid=0&_nc_zt=23&_nc_ht=scontent-lhr11-1.cdninstagram.com&_nc_gid=UC3DCxA2tHR5SHtq_3JTew&_nc_ss=7a22e&oh=00_AQK3eYVcNv6k5KN4snKGHxnENW_DM_QLsjYHPxumREVvyA&oe=6A9A0F8B,https://www.instagram.com/p/DcmZ8cDD400/
Machadão Atacadista,Bazar / Eletro,Pote Tramontina Mix Color 600ml,10.9,27/08/2026,https://scontent-ams2-1.cdninstagram.com/v/t39.30808-6/786779086_1360550472831577_8028710268323392841_n.jpg?stp=dst-jpg_e35_tt6&_nc_cat=100&ig_cache_key=Mzk3MzE1NjQ3MjI0MjcxMDI2OQ%3D%3D.3-ccb7-5&ccb=7-5&_nc_sid=58cdad&efg=eyJ2ZW5jb2RlX3RhZyI6IkNBUk9VU0VMX0lURU0ueHBpZHMuMTYzOC5zZHIucmVndWxhcl9waG90by5DMyJ9&_nc_ohc=WKCTmqyswmsQ7kNvwEaT0qb&_nc_oc=AdoESSuIi24al2MbVha01D5uveiXrRKzs-lQ1FHAWnNbZsbtHYYeFSHrV-q5AR66GP4&_nc_ad=z-m&_nc_cid=0&_nc_zt=23&_nc_ht=scontent-ams2-1.cdninstagram.com&_nc_gid=eaSov4kRguWIzndyEDFyGQ&_nc_ss=7a22e&oh=00_AQLhWf_PUniAqLhun79EXhJAomIzs-bwTnc5lqN_vQv_Ew&oe=6A99F9EF,https://www.instagram.com/p/DcjfMcbkgCV/
Machadão Atacadista,Bazar / Eletro,Pote Tramontina Mix Color 600ml,10.9,27/08/2026,https://scontent-ams2-1.cdninstagram.com/v/t39.30808-6/786141071_1360550506164907_1343288441209680541_n.jpg?stp=dst-jpg_e35_tt6&_nc_cat=100&ig_cache_key=Mzk3MzE1NjQ3MjAxNjIzNDQ4NA%3D%3D.3-ccb7-5&ccb=7-5&_nc_sid=58cdad&efg=eyJ2ZW5jb2RlX3RhZyI6IkNBUk9VU0VMX0lURU0ueHBpZHMuMTYzOC5zZHIucmVndWxhcl9waG90by5DMyJ9&_nc_ohc=rAfVUo0mg-MQ7kNvwE8KbMG&_nc_oc=AdoB8HYZuZu7FtPAN9JTpSxBSWew2FQqiHsdwKv5ppZhv3g8wxALwdL4pdG5PmzvFUI&_nc_ad=z-m&_nc_cid=0&_nc_zt=23&_nc_ht=scontent-ams2-1.cdninstagram.com&_nc_gid=eaSov4kRguWIzndyEDFyGQ&_nc_ss=7a22e&oh=00_AQKBJ-rltlhoMOCiwlDggrwJqp00mhv-RCqi51TbteRoiQ&oe=6A9A06F9,https://www.instagram.com/p/DcjfMcbkgCV/
Machadão Atacadista,Bazar / Eletro,Churrasqueira Ja 01,169.9,29/08/2026,https://instagram.fktw4-1.fna.fbcdn.net/v/t39.30808-6/788037845_1361504496069508_5961206056822063683_n.jpg?stp=dst-jpg_e35_tt6&_nc_cat=109&ig_cache_key=Mzk3NDAzNDk3MDYxNjE1OTA4NA%3D%3D.3-ccb7-5&ccb=7-5&_nc_sid=58cdad&efg=eyJ2ZW5jb2RlX3RhZyI6IkNBUk9VU0VMX0lURU0ueHBpZHMuMTYzOC5zZHIucmVndWxhcl9waG90by5DMyJ9&_nc_ohc=dkxjjGVbnS4Q7kNvwFadzFa&_nc_oc=AdqEAGU0KR5QSbEQbKQJTDugt7MnwEaUwJwR1PqkKXY6eXhNo2801H3dwVf8D0sCza0&_nc_ad=z-m&_nc_cid=0&_nc_zt=23&_nc_ht=instagram.fktw4-1.fna&_nc_gid=U3FqkMLv5y-ALyQYkbt5Mw&_nc_ss=7a22e&oh=00_AQLPML3ubnmRpXTxeRoksRCE1oOlsTiB_55oh1OxX0qC1g&oe=6A9A2B4A,https://www.instagram.com/p/Dcmm8QNDi4E/
Super Compras Supermercado,Bazar / Eletro,Churrasqueira Super Grill,599.99,29/08/2026,https://instagram.fmxp6-1.fna.fbcdn.net/v/t51.82787-15/789652349_18192946324391764_294674980305459178_n.jpg?stp=dst-jpg_e15_tt6&_nc_cat=104&ig_cache_key=Mzk3NDQxNzU0MDcwNDUzNTg2NDE4MTkyOTQ2MzE4MzkxNzY0.3-ccb7-5&ccb=7-5&_nc_sid=58cdad&efg=eyJ2ZW5jb2RlX3RhZyI6IkNMSVBTLnhwaWRzLjk2MC5zZHIudmlkZW9fZGVmYXVsdF9jb3Zlcl9mcmFtZS5DMyJ9&_nc_ohc=VztOZX0SUbIQ7kNvwGTthdw&_nc_oc=AdrL4it-3Vq0yVeiyHZ8sROErBhlVkeSrVaeZgQVQ8iWJI1mKEOi40VUJP_PnVx6BTT9S2kFzHtbrV9dDKgMo_QI&_nc_ad=z-m&_nc_cid=0&_nc_zt=23&_nc_ht=instagram.fmxp6-1.fna&_nc_gid=YojeV82df30srrbcIakHNg&_nc_ss=7a22e&oh=00_AQL9Hm4sA4WO5C3nQqnDjMzu9nBxuwcADFJNkNAmpbKUHQ&oe=6A9A1EDD,https://www.instagram.com/p/Dcn97ImxoU4/
Machadão Atacadista,Bebidas / Alcoólicos Diversos,Molho de Tomate Fugini 1.02kg,7.49,27/08/2026,https://scontent-ams2-1.cdninstagram.com/v/t39.30808-6/787104328_1360550532831571_2281243341389434448_n.jpg?stp=dst-jpg_e35_tt6&_nc_cat=100&ig_cache_key=Mzk3MzE1NjQ3MTc1NjIxMzA2MQ%3D%3D.3-ccb7-5&ccb=7-5&_nc_sid=58cdad&efg=eyJ2ZW5jb2RlX3RhZyI6IkNBUk9VU0VMX0lURU0ueHBpZHMuMTYzOC5zZHIucmVndWxhcl9waG90by5DMyJ9&_nc_ohc=BsEfA1wdsJMQ7kNvwHgpmPZ&_nc_oc=Adq7h13PKXcAqcN4z7fv7REkzV8Zvc0JgloU8TzdMiZVa9SY2_bMxHz6Ah1i3WW-uS4&_nc_ad=z-m&_nc_cid=0&_nc_zt=23&_nc_ht=scontent-ams2-1.cdninstagram.com&_nc_gid=eaSov4kRguWIzndyEDFyGQ&_nc_ss=7a22e&oh=00_AQJs5Ai3x4B6qHdlmHaLjuJg94KI2i896bcpUhDA7wi6jw&oe=6A9A2C50,https://www.instagram.com/p/DcjfMcbkgCV/
Machadão Atacadista,Bebidas / Alcoólicos Diversos,Molho de Tomate Fugini 1.02kg,7.49,27/08/2026,https://scontent-ams2-1.cdninstagram.com/v/t39.30808-6/787798079_1360550486164909_1488167338527184913_n.jpg?stp=dst-jpg_e35_tt6&_nc_cat=107&ig_cache_key=Mzk3MzE1NjQ3MjAzMzA0ODEyMg%3D%3D.3-ccb7-5&ccb=7-5&_nc_sid=58cdad&efg=eyJ2ZW5jb2RlX3RhZyI6IkNBUk9VU0VMX0lURU0ueHBpZHMuMTYzOC5zZHIucmVndWxhcl9waG90by5DMyJ9&_nc_ohc=_YSRXBR_xEAQ7kNvwEPyA0R&_nc_oc=Adod8FBZ1VIwdo7XMEeAFyY3M_eABxg3PxcIYc9Sokz5CWOsNdRGgwkbWB9mxmyi3mY&_nc_ad=z-m&_nc_cid=0&_nc_zt=23&_nc_ht=scontent-ams2-1.cdninstagram.com&_nc_gid=eaSov4kRguWIzndyEDFyGQ&_nc_ss=7a22e&oh=00_AQICQRsanDJxQLmHBBYmho3Rac6l9xK0buxZ-lp11p8Uww&oe=6A9A2815,https://www.instagram.com/p/DcjfMcbkgCV/
Bom Jesus Primavera do Leste 🛒,Bebidas / Alcoólicos Diversos,Sérum de Tratamento Dove Bond Intense 110ml,29.9,27/08/2026,https://scontent-fra3-1.cdninstagram.com/v/t51.82787-15/787993259_18374687005237813_4471412213431393234_n.jpg?stp=dst-jpg_e35_tt6&_nc_cat=103&ig_cache_key=Mzk3Mjk0NzA1MzQ4MTkxNTUyNQ%3D%3D.3-ccb7-5&ccb=7-5&_nc_sid=58cdad&efg=eyJ2ZW5jb2RlX3RhZyI6IkZFRUQueHBpZHMuMTM1MC5zZHIucmVndWxhcl9waG90by5DMyJ9&_nc_ohc=wXQuivYivwoQ7kNvwGqhBw9&_nc_oc=AdptQ5Ne8StUUqEKOJ7pFZaObcB-O8eXJgJlZpKLJuhIAZTFXSQGzsSb3LGYRveb9Wo&_nc_ad=z-m&_nc_cid=0&_nc_zt=23&_nc_ht=scontent-fra3-1.cdninstagram.com&_nc_gid=LtGElKp89Sdbjkf-yI3g1Q&_nc_ss=7a22e&oh=00_AQIfP27gbFFkftCKyKyh3HkxXSwJLHwcHGi0vYzfKwJ5ng&oe=6A9A052E,https://www.instagram.com/p/DcivkuqOXSF/
Bom Jesus Primavera do Leste 🛒,Bebidas / Alcoólicos Diversos,Sérum Elseve Colágeno Lifter 100ml,29.99,27/08/2026,https://scontent-fra3-1.cdninstagram.com/v/t51.82787-15/787993259_18374687005237813_4471412213431393234_n.jpg?stp=dst-jpg_e35_tt6&_nc_cat=103&ig_cache_key=Mzk3Mjk0NzA1MzQ4MTkxNTUyNQ%3D%3D.3-ccb7-5&ccb=7-5&_nc_sid=58cdad&efg=eyJ2ZW5jb2RlX3RhZyI6IkZFRUQueHBpZHMuMTM1MC5zZHIucmVndWxhcl9waG90by5DMyJ9&_nc_ohc=wXQuivYivwoQ7kNvwGqhBw9&_nc_oc=AdptQ5Ne8StUUqEKOJ7pFZaObcB-O8eXJgJlZpKLJuhIAZTFXSQGzsSb3LGYRveb9Wo&_nc_ad=z-m&_nc_cid=0&_nc_zt=23&_nc_ht=scontent-fra3-1.cdninstagram.com&_nc_gid=LtGElKp89Sdbjkf-yI3g1Q&_nc_ss=7a22e&oh=00_AQIfP27gbFFkftCKyKyh3HkxXSwJLHwcHGi0vYzfKwJ5ng&oe=6A9A052E,https://www.instagram.com/p/DcivkuqOXSF/
Machadão Atacadista,Bebidas / Alcoólicos Diversos,Vinho Cristóbal 750ml,35.9,27/08/2026,https://scontent-ams2-1.cdninstagram.com/v/t39.30808-6/787104328_1360550532831571_2281243341389434448_n.jpg?stp=dst-jpg_e35_tt6&_nc_cat=100&ig_cache_key=Mzk3MzE1NjQ3MTc1NjIxMzA2MQ%3D%3D.3-ccb7-5&ccb=7-5&_nc_sid=58cdad&efg=eyJ2ZW5jb2RlX3RhZyI6IkNBUk9VU0VMX0lURU0ueHBpZHMuMTYzOC5zZHIucmVndWxhcl9waG90by5DMyJ9&_nc_ohc=BsEfA1wdsJMQ7kNvwHgpmPZ&_nc_oc=Adq7h13PKXcAqcN4z7fv7REkzV8Zvc0JgloU8TzdMiZVa9SY2_bMxHz6Ah1i3WW-uS4&_nc_ad=z-m&_nc_cid=0&_nc_zt=23&_nc_ht=scontent-ams2-1.cdninstagram.com&_nc_gid=eaSov4kRguWIzndyEDFyGQ&_nc_ss=7a22e&oh=00_AQJs5Ai3x4B6qHdlmHaLjuJg94KI2i896bcpUhDA7wi6jw&oe=6A9A2C50,https://www.instagram.com/p/DcjfMcbkgCV/
Machadão Atacadista,Bebidas / Alcoólicos Diversos,Vinho Cristóbal 750ml,35.9,27/08/2026,https://scontent-ams2-1.cdninstagram.com/v/t39.30808-6/787798079_1360550486164909_1488167338527184913_n.jpg?stp=dst-jpg_e35_tt6&_nc_cat=107&ig_cache_key=Mzk3MzE1NjQ3MjAzMzA0ODEyMg%3D%3D.3-ccb7-5&ccb=7-5&_nc_sid=58cdad&efg=eyJ2ZW5jb2RlX3RhZyI6IkNBUk9VU0VMX0lURU0ueHBpZHMuMTYzOC5zZHIucmVndWxhcl9waG90by5DMyJ9&_nc_ohc=_YSRXBR_xEAQ7kNvwEPyA0R&_nc_oc=Adod8FBZ1VIwdo7XMEeAFyY3M_eABxg3PxcIYc9Sokz5CWOsNdRGgwkbWB9mxmyi3mY&_nc_ad=z-m&_nc_cid=0&_nc_zt=23&_nc_ht=scontent-ams2-1.cdninstagram.com&_nc_gid=eaSov4kRguWIzndyEDFyGQ&_nc_ss=7a22e&oh=00_AQICQRsanDJxQLmHBBYmho3Rac6l9xK0buxZ-lp11p8Uww&oe=6A9A2815,https://www.instagram.com/p/DcjfMcbkgCV/
Bom Jesus Primavera do Leste 🛒,Bebidas / Alcoólicos Diversos,Sérum Facial Garnier Vitamina C 100ml,36.99,27/08/2026,https://scontent-fra3-1.cdninstagram.com/v/t51.82787-15/787993259_18374687005237813_4471412213431393234_n.jpg?stp=dst-jpg_e35_tt6&_nc_cat=103&ig_cache_key=Mzk3Mjk0NzA1MzQ4MTkxNTUyNQ%3D%3D.3-ccb7-5&ccb=7-5&_nc_sid=58cdad&efg=eyJ2ZW5jb2RlX3RhZyI6IkZFRUQueHBpZHMuMTM1MC5zZHIucmVndWxhcl9waG90by5DMyJ9&_nc_ohc=wXQuivYivwoQ7kNvwGqhBw9&_nc_oc=AdptQ5Ne8StUUqEKOJ7pFZaObcB-O8eXJgJlZpKLJuhIAZTFXSQGzsSb3LGYRveb9Wo&_nc_ad=z-m&_nc_cid=0&_nc_zt=23&_nc_ht=scontent-fra3-1.cdninstagram.com&_nc_gid=LtGElKp89Sdbjkf-yI3g1Q&_nc_ss=7a22e&oh=00_AQIfP27gbFFkftCKyKyh3HkxXSwJLHwcHGi0vYzfKwJ5ng&oe=6A9A052E,https://www.instagram.com/p/DcivkuqOXSF/
Machadão Atacadista,Bebidas / Alcoólicos Diversos,Vinho Cabeza de Piedra 750ml,49.9,29/08/2026,https://instagram.fktw4-1.fna.fbcdn.net/v/t39.30808-6/788037845_1361504496069508_5961206056822063683_n.jpg?stp=dst-jpg_e35_tt6&_nc_cat=109&ig_cache_key=Mzk3NDAzNDk3MDYxNjE1OTA4NA%3D%3D.3-ccb7-5&ccb=7-5&_nc_sid=58cdad&efg=eyJ2ZW5jb2RlX3RhZyI6IkNBUk9VU0VMX0lURU0ueHBpZHMuMTYzOC5zZHIucmVndWxhcl9waG90by5DMyJ9&_nc_ohc=dkxjjGVbnS4Q7kNvwFadzFa&_nc_oc=AdqEAGU0KR5QSbEQbKQJTDugt7MnwEaUwJwR1PqkKXY6eXhNo2801H3dwVf8D0sCza0&_nc_ad=z-m&_nc_cid=0&_nc_zt=23&_nc_ht=instagram.fktw4-1.fna&_nc_gid=U3FqkMLv5y-ALyQYkbt5Mw&_nc_ss=7a22e&oh=00_AQLPML3ubnmRpXTxeRoksRCE1oOlsTiB_55oh1OxX0qC1g&oe=6A9A2B4A,https://www.instagram.com/p/Dcmm8QNDi4E/
Bom Jesus Primavera do Leste 🛒,Bebidas / Alcoólicos Diversos,Whisky White Horse 1L,84.9,28/08/2026,https://scontent-lhr11-1.cdninstagram.com/v/t51.82787-15/788139857_18374943016237813_6095318216715939563_n.jpg?stp=dst-jpg_e35_tt6&_nc_cat=107&ig_cache_key=Mzk3Mzk3Nzc4MDcyMjI3NDY1Mg%3D%3D.3-ccb7-5&ccb=7-5&_nc_sid=58cdad&efg=eyJ2ZW5jb2RlX3RhZyI6IkNBUk9VU0VMX0lURU0ueHBpZHMuMTA4MC5zZHIucmVndWxhcl9waG90by5DMyJ9&_nc_ohc=u6RrkwcH62kQ7kNvwFPO8nO&_nc_oc=Adq7Ydwrj8L01LSreSo3Hr9nEBdt7EUEaeUJg7Tp-iPDdHy-rWuFw6haLQP_5O7ZiVLAswHo-taEhi6kZbtEtW7y&_nc_ad=z-m&_nc_cid=0&_nc_zt=23&_nc_ht=scontent-lhr11-1.cdninstagram.com&_nc_gid=UC3DCxA2tHR5SHtq_3JTew&_nc_ss=7a22e&oh=00_AQJ_o-NIim0oS-WiIsBW-WOgFnQ0bdqhL7zHvDWnHaNwqw&oe=6A9A0D70,https://www.instagram.com/p/DcmZ8cDD400/
Bom Jesus Primavera do Leste 🛒,Bebidas / Alcoólicos Diversos,Whisky Old Parr 12 Anos 1L,179.9,28/08/2026,https://scontent-lhr11-1.cdninstagram.com/v/t51.82787-15/788139857_18374943016237813_6095318216715939563_n.jpg?stp=dst-jpg_e35_tt6&_nc_cat=107&ig_cache_key=Mzk3Mzk3Nzc4MDcyMjI3NDY1Mg%3D%3D.3-ccb7-5&ccb=7-5&_nc_sid=58cdad&efg=eyJ2ZW5jb2RlX3RhZyI6IkNBUk9VU0VMX0lURU0ueHBpZHMuMTA4MC5zZHIucmVndWxhcl9waG90by5DMyJ9&_nc_ohc=u6RrkwcH62kQ7kNvwFPO8nO&_nc_oc=Adq7Ydwrj8L01LSreSo3Hr9nEBdt7EUEaeUJg7Tp-iPDdHy-rWuFw6haLQP_5O7ZiVLAswHo-taEhi6kZbtEtW7y&_nc_ad=z-m&_nc_cid=0&_nc_zt=23&_nc_ht=scontent-lhr11-1.cdninstagram.com&_nc_gid=UC3DCxA2tHR5SHtq_3JTew&_nc_ss=7a22e&oh=00_AQJ_o-NIim0oS-WiIsBW-WOgFnQ0bdqhL7zHvDWnHaNwqw&oe=6A9A0D70,https://www.instagram.com/p/DcmZ8cDD400/
Supermercado Tuiuiú,Bebidas / Cervejas,Cerveja Skol 300ml,2.49,28/08/2026,https://instagram.fbne11-1.fna.fbcdn.net/v/t39.30808-6/782169173_1720016753465476_6179349585647048120_n.jpg?stp=dst-jpg_e35_tt6&_nc_cat=111&ig_cache_key=Mzk3MzM0Mjg3OTMwMjI3OTYzOQ%3D%3D.3-ccb7-5&ccb=7-5&_nc_sid=58cdad&efg=eyJ2ZW5jb2RlX3RhZyI6IkNBUk9VU0VMX0lURU0ueHBpZHMuMTI1NC5zZHIucmVndWxhcl9waG90by5DMyJ9&_nc_ohc=qPA3dbH0piIQ7kNvwHoNSEp&_nc_oc=Adq_nGb8uncHX3EPYxwxLEFVUUDX-DvASXm_bqyFg9_f4VqBfYzzb1KO5OdakUlrkXBSOawd5JBcjrZRur1FwZrb&_nc_ad=z-m&_nc_cid=0&_nc_zt=23&_nc_ht=instagram.fbne11-1.fna&_nc_gid=TyXdyDMvXWTfqtmX-TW3yw&_nc_ss=7a22e&oh=00_AQKyFJ588KSljxks8g2360ncdDgleGbw07M8z6q2cyooGg&oe=6A9A0CA1,https://www.instagram.com/p/DckJlYyI3Tu/
Supermercado Tuiuiú,Bebidas / Cervejas,Cerveja Brahma 300ml,2.49,28/08/2026,https://instagram.fbne11-1.fna.fbcdn.net/v/t39.30808-6/782169173_1720016753465476_6179349585647048120_n.jpg?stp=dst-jpg_e35_tt6&_nc_cat=111&ig_cache_key=Mzk3MzM0Mjg3OTMwMjI3OTYzOQ%3D%3D.3-ccb7-5&ccb=7-5&_nc_sid=58cdad&efg=eyJ2ZW5jb2RlX3RhZyI6IkNBUk9VU0VMX0lURU0ueHBpZHMuMTI1NC5zZHIucmVndWxhcl9waG90by5DMyJ9&_nc_ohc=qPA3dbH0piIQ7kNvwHoNSEp&_nc_oc=Adq_nGb8uncHX3EPYxwxLEFVUUDX-DvASXm_bqyFg9_f4VqBfYzzb1KO5OdakUlrkXBSOawd5JBcjrZRur1FwZrb&_nc_ad=z-m&_nc_cid=0&_nc_zt=23&_nc_ht=instagram.fbne11-1.fna&_nc_gid=TyXdyDMvXWTfqtmX-TW3yw&_nc_ss=7a22e&oh=00_AQKyFJ588KSljxks8g2360ncdDgleGbw07M8z6q2cyooGg&oe=6A9A0CA1,https://www.instagram.com/p/DckJlYyI3Tu/
Super Compras Supermercado,Bebidas / Cervejas,Cerveja Skol 300ml,2.49,29/08/2026,https://instagram.fmel16-1.fna.fbcdn.net/v/t51.82787-15/787666404_18192892456391764_5631571009347207340_n.jpg?stp=dst-jpg_e35_tt6&_nc_cat=107&ig_cache_key=Mzk3NDAxMjM2OTYxNzUwODE0Ng%3D%3D.3-ccb7-5&ccb=7-5&_nc_sid=58cdad&efg=eyJ2ZW5jb2RlX3RhZyI6IkNBUk9VU0VMX0lURU0ueHBpZHMuMTQ0MC5zZHIucmVndWxhcl9waG90by5DMyJ9&_nc_ohc=YdVhHFKNO3AQ7kNvwGFOvh9&_nc_oc=Adoz3sPeZfQyx-NJVo2CNkBXRXWSN8mZqMZ7kbZHRnhfaUDqwU7_-efp4JhbRQUrvE4&_nc_ad=z-m&_nc_cid=0&_nc_zt=23&_nc_ht=instagram.fmel16-1.fna&_nc_gid=0dsUxJDd5nGRr_VHaZPIKw&_nc_ss=7a22e&oh=00_AQKc5x6FtYbs8rhD4qlSSLaWCxV2Lq5SxXpP_DvRBWysLw&oe=6A9A1A1A,https://www.instagram.com/p/DcmhzwZjQj_/
Supermercado São Pedro,Bebidas / Cervejas,Cerveja Antarctica Original 300ml,2.69,28/08/2026,https://instagram.fmel12-1.fna.fbcdn.net/v/t51.82787-15/787853786_18195711469382122_4084613579796731411_n.jpg?stp=dst-jpg_e35_tt6&_nc_cat=101&ig_cache_key=Mzk3MzY3MjU2ODk4MzkzOTE2MQ%3D%3D.3-ccb7-5&ccb=7-5&_nc_sid=58cdad&efg=eyJ2ZW5jb2RlX3RhZyI6IkNBUk9VU0VMX0lURU0ueHBpZHMuMTA4MS5zZHIucmVndWxhcl9waG90by5DMyJ9&_nc_ohc=YRh7I8l8B0QQ7kNvwGdAJcX&_nc_oc=AdpPFrFVFOOLfktOFO-uBxNDS-W6HHpojk5Touou58S8jINtkZ1DNVomemzZYPg0FWdBLUkWaXwQ37rxr4WQSkGd&_nc_ad=z-m&_nc_cid=1032&_nc_zt=23&_nc_ht=instagram.fmel12-1.fna&_nc_gid=BrePjm_PQQaChn7TWqupaw&_nc_ss=7a22e&oh=00_AQIuOgNtKauL6mK0H-Z9C3rwj8WiGGPEmV8rOHCE4knopQ&oe=6A9A0007,https://www.instagram.com/p/DclUqI1G7TG/
Bom Jesus Primavera do Leste 🛒,Bebidas / Cervejas,Cerveja 350ml,3.99,28/08/2026,https://scontent-bos5-1.cdninstagram.com/v/t51.82787-15/790267944_18374939155237813_7891315416587241159_n.jpg?stp=dst-jpg_e15_tt6&_nc_cat=100&ig_cache_key=Mzk3Mzk1NDM1MDYxMDMxNjkxNDE4Mzc0OTM5MTQ5MjM3ODEz.3-ccb7-5&ccb=7-5&_nc_sid=58cdad&efg=eyJ2ZW5jb2RlX3RhZyI6IkNMSVBTLnhwaWRzLjcyMC5zZHIudmlkZW9fZGVmYXVsdF9jb3Zlcl9mcmFtZS5DMyJ9&_nc_ohc=9E6GZ8-Spo4Q7kNvwEleNv2&_nc_oc=AdqoPa4AvQb_O6t_R9Ipm1dquNTWti8nstzWpGCjMTLygKiLyygjx_SeAyaW_gGBlZxBBBRKU85CBrEK5pbjtJlW&_nc_ad=z-m&_nc_cid=0&_nc_zt=23&_nc_ht=scontent-bos5-1.cdninstagram.com&_nc_gid=mEH-6SYxPTtoUyTuTOvxjg&_nc_ss=7a22e&oh=00_AQLfxC3JWQQVw7vLqXITTH_RT3qUKHgGvF9Wa1vBIvxS7g&oe=6A9A206D,https://www.instagram.com/p/DcmUm1Nvv5y/
Bom Jesus Primavera do Leste 🛒,Bebidas / Cervejas,Cerveja Corona Extra 269ml,4.29,28/08/2026,https://scontent-lhr11-1.cdninstagram.com/v/t51.82787-15/788139857_18374943016237813_6095318216715939563_n.jpg?stp=dst-jpg_e35_tt6&_nc_cat=107&ig_cache_key=Mzk3Mzk3Nzc4MDcyMjI3NDY1Mg%3D%3D.3-ccb7-5&ccb=7-5&_nc_sid=58cdad&efg=eyJ2ZW5jb2RlX3RhZyI6IkNBUk9VU0VMX0lURU0ueHBpZHMuMTA4MC5zZHIucmVndWxhcl9waG90by5DMyJ9&_nc_ohc=u6RrkwcH62kQ7kNvwFPO8nO&_nc_oc=Adq7Ydwrj8L01LSreSo3Hr9nEBdt7EUEaeUJg7Tp-iPDdHy-rWuFw6haLQP_5O7ZiVLAswHo-taEhi6kZbtEtW7y&_nc_ad=z-m&_nc_cid=0&_nc_zt=23&_nc_ht=scontent-lhr11-1.cdninstagram.com&_nc_gid=UC3DCxA2tHR5SHtq_3JTew&_nc_ss=7a22e&oh=00_AQJ_o-NIim0oS-WiIsBW-WOgFnQ0bdqhL7zHvDWnHaNwqw&oe=6A9A0D70,https://www.instagram.com/p/DcmZ8cDD400/
Super Compras Supermercado,Bebidas / Cervejas,Cerveja Heineken 269ml,4.69,28/08/2026,https://instagram.fgrq1-2.fna.fbcdn.net/v/t51.82787-15/778381296_18192777073391764_3495327765482658959_n.jpg?stp=dst-jpg_e35_tt6&_nc_cat=108&ig_cache_key=Mzk3MzI5MDk1OTA3NzU1MjQ2OA%3D%3D.3-ccb7-5&ccb=7-5&_nc_sid=58cdad&efg=eyJ2ZW5jb2RlX3RhZyI6IkZFRUQueHBpZHMuMTQ0MC5zZHIucmVndWxhcl9waG90by5DMyJ9&_nc_ohc=2HLQR4PBfsgQ7kNvwELeAkY&_nc_oc=AdpsbBFyYCKsOTyqaCboJLZYOlz31xbeqM_kqsicam7NUB4FxCNirYkQZ6gRU0ARUYI&_nc_ad=z-m&_nc_cid=1207&_nc_zt=23&_nc_ht=instagram.fgrq1-2.fna&_nc_gid=EoLIJCkIsXrOLQBQ_KaqLA&_nc_ss=7a22e&oh=00_AQJHFVOp08jAnYsul3AU7IIeLd8d2ofr4OlyRGukBY0Vpw&oe=6A9A2A96,https://www.instagram.com/p/Dcj9xNtFrFU/
Machadão Atacadista,Bebidas / Cervejas,Papel Alumínio Giopack 45cmx7.5m,5.79,29/08/2026,https://instagram.fktw4-1.fna.fbcdn.net/v/t39.30808-6/788037845_1361504496069508_5961206056822063683_n.jpg?stp=dst-jpg_e35_tt6&_nc_cat=109&ig_cache_key=Mzk3NDAzNDk3MDYxNjE1OTA4NA%3D%3D.3-ccb7-5&ccb=7-5&_nc_sid=58cdad&efg=eyJ2ZW5jb2RlX3RhZyI6IkNBUk9VU0VMX0lURU0ueHBpZHMuMTYzOC5zZHIucmVndWxhcl9waG90by5DMyJ9&_nc_ohc=dkxjjGVbnS4Q7kNvwFadzFa&_nc_oc=AdqEAGU0KR5QSbEQbKQJTDugt7MnwEaUwJwR1PqkKXY6eXhNo2801H3dwVf8D0sCza0&_nc_ad=z-m&_nc_cid=0&_nc_zt=23&_nc_ht=instagram.fktw4-1.fna&_nc_gid=U3FqkMLv5y-ALyQYkbt5Mw&_nc_ss=7a22e&oh=00_AQLPML3ubnmRpXTxeRoksRCE1oOlsTiB_55oh1OxX0qC1g&oe=6A9A2B4A,https://www.instagram.com/p/Dcmm8QNDi4E/
Machadão Atacadista,Bebidas / Cervejas,Cerveja Heineken 330ml,6.49,29/08/2026,https://instagram.fktw4-1.fna.fbcdn.net/v/t39.30808-6/788037845_1361504496069508_5961206056822063683_n.jpg?stp=dst-jpg_e35_tt6&_nc_cat=109&ig_cache_key=Mzk3NDAzNDk3MDYxNjE1OTA4NA%3D%3D.3-ccb7-5&ccb=7-5&_nc_sid=58cdad&efg=eyJ2ZW5jb2RlX3RhZyI6IkNBUk9VU0VMX0lURU0ueHBpZHMuMTYzOC5zZHIucmVndWxhcl9waG90by5DMyJ9&_nc_ohc=dkxjjGVbnS4Q7kNvwFadzFa&_nc_oc=AdqEAGU0KR5QSbEQbKQJTDugt7MnwEaUwJwR1PqkKXY6eXhNo2801H3dwVf8D0sCza0&_nc_ad=z-m&_nc_cid=0&_nc_zt=23&_nc_ht=instagram.fktw4-1.fna&_nc_gid=U3FqkMLv5y-ALyQYkbt5Mw&_nc_ss=7a22e&oh=00_AQLPML3ubnmRpXTxeRoksRCE1oOlsTiB_55oh1OxX0qC1g&oe=6A9A2B4A,https://www.instagram.com/p/Dcmm8QNDi4E/
Machadão Atacadista,Bebidas / Cervejas,Saco Para Lixo Giopack Super Reforçado 30L 15L,8.49,27/08/2026,https://scontent-ams2-1.cdninstagram.com/v/t39.30808-6/786779086_1360550472831577_8028710268323392841_n.jpg?stp=dst-jpg_e35_tt6&_nc_cat=100&ig_cache_key=Mzk3MzE1NjQ3MjI0MjcxMDI2OQ%3D%3D.3-ccb7-5&ccb=7-5&_nc_sid=58cdad&efg=eyJ2ZW5jb2RlX3RhZyI6IkNBUk9VU0VMX0lURU0ueHBpZHMuMTYzOC5zZHIucmVndWxhcl9waG90by5DMyJ9&_nc_ohc=WKCTmqyswmsQ7kNvwEaT0qb&_nc_oc=AdoESSuIi24al2MbVha01D5uveiXrRKzs-lQ1FHAWnNbZsbtHYYeFSHrV-q5AR66GP4&_nc_ad=z-m&_nc_cid=0&_nc_zt=23&_nc_ht=scontent-ams2-1.cdninstagram.com&_nc_gid=eaSov4kRguWIzndyEDFyGQ&_nc_ss=7a22e&oh=00_AQLhWf_PUniAqLhun79EXhJAomIzs-bwTnc5lqN_vQv_Ew&oe=6A99F9EF,https://www.instagram.com/p/DcjfMcbkgCV/
Machadão Atacadista,Bebidas / Cervejas,Saco Para Lixo Giopack Super Reforçado 30L 15L,8.49,27/08/2026,https://scontent-ams2-1.cdninstagram.com/v/t39.30808-6/786141071_1360550506164907_1343288441209680541_n.jpg?stp=dst-jpg_e35_tt6&_nc_cat=100&ig_cache_key=Mzk3MzE1NjQ3MjAxNjIzNDQ4NA%3D%3D.3-ccb7-5&ccb=7-5&_nc_sid=58cdad&efg=eyJ2ZW5jb2RlX3RhZyI6IkNBUk9VU0VMX0lURU0ueHBpZHMuMTYzOC5zZHIucmVndWxhcl9waG90by5DMyJ9&_nc_ohc=rAfVUo0mg-MQ7kNvwE8KbMG&_nc_oc=AdoB8HYZuZu7FtPAN9JTpSxBSWew2FQqiHsdwKv5ppZhv3g8wxALwdL4pdG5PmzvFUI&_nc_ad=z-m&_nc_cid=0&_nc_zt=23&_nc_ht=scontent-ams2-1.cdninstagram.com&_nc_gid=eaSov4kRguWIzndyEDFyGQ&_nc_ss=7a22e&oh=00_AQKBJ-rltlhoMOCiwlDggrwJqp00mhv-RCqi51TbteRoiQ&oe=6A9A06F9,https://www.instagram.com/p/DcjfMcbkgCV/
Bom Jesus Primavera do Leste 🛒,Bebidas / Cervejas,Achocolatado em Pó Toddy Kit 2 Unidades 370g,15.99,28/08/2026,https://scontent-lhr11-1.cdninstagram.com/v/t51.82787-15/788139857_18374943016237813_6095318216715939563_n.jpg?stp=dst-jpg_e35_tt6&_nc_cat=107&ig_cache_key=Mzk3Mzk3Nzc4MDcyMjI3NDY1Mg%3D%3D.3-ccb7-5&ccb=7-5&_nc_sid=58cdad&efg=eyJ2ZW5jb2RlX3RhZyI6IkNBUk9VU0VMX0lURU0ueHBpZHMuMTA4MC5zZHIucmVndWxhcl9waG90by5DMyJ9&_nc_ohc=u6RrkwcH62kQ7kNvwFPO8nO&_nc_oc=Adq7Ydwrj8L01LSreSo3Hr9nEBdt7EUEaeUJg7Tp-iPDdHy-rWuFw6haLQP_5O7ZiVLAswHo-taEhi6kZbtEtW7y&_nc_ad=z-m&_nc_cid=0&_nc_zt=23&_nc_ht=scontent-lhr11-1.cdninstagram.com&_nc_gid=UC3DCxA2tHR5SHtq_3JTew&_nc_ss=7a22e&oh=00_AQJ_o-NIim0oS-WiIsBW-WOgFnQ0bdqhL7zHvDWnHaNwqw&oe=6A9A0D70,https://www.instagram.com/p/DcmZ8cDD400/
Super Compras Supermercado,Bebidas / Cervejas,Cerveja Spaten 269ml 8 Unidades,29.52,28/08/2026,https://instagram.fgrq1-2.fna.fbcdn.net/v/t51.82787-15/778381296_18192777073391764_3495327765482658959_n.jpg?stp=dst-jpg_e35_tt6&_nc_cat=108&ig_cache_key=Mzk3MzI5MDk1OTA3NzU1MjQ2OA%3D%3D.3-ccb7-5&ccb=7-5&_nc_sid=58cdad&efg=eyJ2ZW5jb2RlX3RhZyI6IkZFRUQueHBpZHMuMTQ0MC5zZHIucmVndWxhcl9waG90by5DMyJ9&_nc_ohc=2HLQR4PBfsgQ7kNvwELeAkY&_nc_oc=AdpsbBFyYCKsOTyqaCboJLZYOlz31xbeqM_kqsicam7NUB4FxCNirYkQZ6gRU0ARUYI&_nc_ad=z-m&_nc_cid=1207&_nc_zt=23&_nc_ht=instagram.fgrq1-2.fna&_nc_gid=EoLIJCkIsXrOLQBQ_KaqLA&_nc_ss=7a22e&oh=00_AQJHFVOp08jAnYsul3AU7IIeLd8d2ofr4OlyRGukBY0Vpw&oe=6A9A2A96,https://www.instagram.com/p/Dcj9xNtFrFU/
Super Compras Supermercado,Bebidas / Cervejas,Cerveja Spaten 269ml C 8,29.52,29/08/2026,https://instagram.fmel16-1.fna.fbcdn.net/v/t51.82787-15/787666404_18192892456391764_5631571009347207340_n.jpg?stp=dst-jpg_e35_tt6&_nc_cat=107&ig_cache_key=Mzk3NDAxMjM2OTYxNzUwODE0Ng%3D%3D.3-ccb7-5&ccb=7-5&_nc_sid=58cdad&efg=eyJ2ZW5jb2RlX3RhZyI6IkNBUk9VU0VMX0lURU0ueHBpZHMuMTQ0MC5zZHIucmVndWxhcl9waG90by5DMyJ9&_nc_ohc=YdVhHFKNO3AQ7kNvwGFOvh9&_nc_oc=Adoz3sPeZfQyx-NJVo2CNkBXRXWSN8mZqMZ7kbZHRnhfaUDqwU7_-efp4JhbRQUrvE4&_nc_ad=z-m&_nc_cid=0&_nc_zt=23&_nc_ht=instagram.fmel16-1.fna&_nc_gid=0dsUxJDd5nGRr_VHaZPIKw&_nc_ss=7a22e&oh=00_AQKc5x6FtYbs8rhD4qlSSLaWCxV2Lq5SxXpP_DvRBWysLw&oe=6A9A1A1A,https://www.instagram.com/p/DcmhzwZjQj_/
Super Compras Supermercado,Bebidas / Cervejas,Cerveja Corona 269ml 8 Unidades,34.32,28/08/2026,https://instagram.fgrq1-2.fna.fbcdn.net/v/t51.82787-15/778381296_18192777073391764_3495327765482658959_n.jpg?stp=dst-jpg_e35_tt6&_nc_cat=108&ig_cache_key=Mzk3MzI5MDk1OTA3NzU1MjQ2OA%3D%3D.3-ccb7-5&ccb=7-5&_nc_sid=58cdad&efg=eyJ2ZW5jb2RlX3RhZyI6IkZFRUQueHBpZHMuMTQ0MC5zZHIucmVndWxhcl9waG90by5DMyJ9&_nc_ohc=2HLQR4PBfsgQ7kNvwELeAkY&_nc_oc=AdpsbBFyYCKsOTyqaCboJLZYOlz31xbeqM_kqsicam7NUB4FxCNirYkQZ6gRU0ARUYI&_nc_ad=z-m&_nc_cid=1207&_nc_zt=23&_nc_ht=instagram.fgrq1-2.fna&_nc_gid=EoLIJCkIsXrOLQBQ_KaqLA&_nc_ss=7a22e&oh=00_AQJHFVOp08jAnYsul3AU7IIeLd8d2ofr4OlyRGukBY0Vpw&oe=6A9A2A96,https://www.instagram.com/p/Dcj9xNtFrFU/
Supermercado São Pedro,Bebidas / Cervejas,Cerveja Império Ultra 269ml 12 Latas,34.68,27/08/2026,https://scontent-waw2-2.cdninstagram.com/v/t39.30808-6/788413222_1505168981656218_2918311736305518854_n.jpg?stp=c0.0.1638.2047a_dst-jpg_e35_s1638x2047_tt6&_nc_cat=107&ig_cache_key=Mzk3MzI3Njk2ODIzODI0MjE0OA%3D%3D.3-ccb7-5&ccb=7-5&_nc_sid=58cdad&efg=eyJ2ZW5jb2RlX3RhZyI6IkNBUk9VU0VMX0lURU0ueHBpZHMuMTYzOC5zZHIucmVndWxhcl9waG90by5DMyJ9&_nc_ohc=6u-bXG9Z0hAQ7kNvwFia3XT&_nc_oc=AdrPTclBQpJ-r2eWbB0Ui1BseKmcAngj3-Lw1hOiFSAvUeHJY1e-hyuHTkdW47TSGLM&_nc_ad=z-m&_nc_cid=0&_nc_zt=23&_nc_ht=scontent-waw2-2.cdninstagram.com&_nc_gid=GU0bCad11P1ZuGVVY5hLEQ&_nc_ss=7a22e&oh=00_AQLxq_5PgANWM8UyQP0u8FTR4ZnMP8YITro_KYnHFFXW-Q&oe=6A9A1C20,https://www.instagram.com/p/Dcj6lyLlKpL/
Supermercado Tuiuiú,Bebidas / Cervejas,Cerveja Heineken 8x269ml,34.99,28/08/2026,https://instagram.fbne11-1.fna.fbcdn.net/v/t39.30808-6/782169173_1720016753465476_6179349585647048120_n.jpg?stp=dst-jpg_e35_tt6&_nc_cat=111&ig_cache_key=Mzk3MzM0Mjg3OTMwMjI3OTYzOQ%3D%3D.3-ccb7-5&ccb=7-5&_nc_sid=58cdad&efg=eyJ2ZW5jb2RlX3RhZyI6IkNBUk9VU0VMX0lURU0ueHBpZHMuMTI1NC5zZHIucmVndWxhcl9waG90by5DMyJ9&_nc_ohc=qPA3dbH0piIQ7kNvwHoNSEp&_nc_oc=Adq_nGb8uncHX3EPYxwxLEFVUUDX-DvASXm_bqyFg9_f4VqBfYzzb1KO5OdakUlrkXBSOawd5JBcjrZRur1FwZrb&_nc_ad=z-m&_nc_cid=0&_nc_zt=23&_nc_ht=instagram.fbne11-1.fna&_nc_gid=TyXdyDMvXWTfqtmX-TW3yw&_nc_ss=7a22e&oh=00_AQKyFJ588KSljxks8g2360ncdDgleGbw07M8z6q2cyooGg&oe=6A9A0CA1,https://www.instagram.com/p/DckJlYyI3Tu/
Super Compras Supermercado,Bebidas / Cervejas,Cerveja Corona 269ml C 8,35.32,29/08/2026,https://instagram.fmel16-1.fna.fbcdn.net/v/t51.82787-15/787666404_18192892456391764_5631571009347207340_n.jpg?stp=dst-jpg_e35_tt6&_nc_cat=107&ig_cache_key=Mzk3NDAxMjM2OTYxNzUwODE0Ng%3D%3D.3-ccb7-5&ccb=7-5&_nc_sid=58cdad&efg=eyJ2ZW5jb2RlX3RhZyI6IkNBUk9VU0VMX0lURU0ueHBpZHMuMTQ0MC5zZHIucmVndWxhcl9waG90by5DMyJ9&_nc_ohc=YdVhHFKNO3AQ7kNvwGFOvh9&_nc_oc=Adoz3sPeZfQyx-NJVo2CNkBXRXWSN8mZqMZ7kbZHRnhfaUDqwU7_-efp4JhbRQUrvE4&_nc_ad=z-m&_nc_cid=0&_nc_zt=23&_nc_ht=instagram.fmel16-1.fna&_nc_gid=0dsUxJDd5nGRr_VHaZPIKw&_nc_ss=7a22e&oh=00_AQKc5x6FtYbs8rhD4qlSSLaWCxV2Lq5SxXpP_DvRBWysLw&oe=6A9A1A1A,https://www.instagram.com/p/DcmhzwZjQj_/
Supermercado São Pedro,Bebidas / Cervejas,Cerveja Heineken 269ml 8 Unidades,35.92,28/08/2026,https://instagram.fmel12-1.fna.fbcdn.net/v/t51.82787-15/787853786_18195711469382122_4084613579796731411_n.jpg?stp=dst-jpg_e35_tt6&_nc_cat=101&ig_cache_key=Mzk3MzY3MjU2ODk4MzkzOTE2MQ%3D%3D.3-ccb7-5&ccb=7-5&_nc_sid=58cdad&efg=eyJ2ZW5jb2RlX3RhZyI6IkNBUk9VU0VMX0lURU0ueHBpZHMuMTA4MS5zZHIucmVndWxhcl9waG90by5DMyJ9&_nc_ohc=YRh7I8l8B0QQ7kNvwGdAJcX&_nc_oc=AdpPFrFVFOOLfktOFO-uBxNDS-W6HHpojk5Touou58S8jINtkZ1DNVomemzZYPg0FWdBLUkWaXwQ37rxr4WQSkGd&_nc_ad=z-m&_nc_cid=1032&_nc_zt=23&_nc_ht=instagram.fmel12-1.fna&_nc_gid=BrePjm_PQQaChn7TWqupaw&_nc_ss=7a22e&oh=00_AQIuOgNtKauL6mK0H-Z9C3rwj8WiGGPEmV8rOHCE4knopQ&oe=6A9A0007,https://www.instagram.com/p/DclUqI1G7TG/
Supermercado Tuiuiú,Bebidas / Cervejas,Cerveja Skol 15x269ml,43.35,29/08/2026,https://scontent-yyz1-1.cdninstagram.com/v/t51.82787-15/788550438_18582509053067900_6263948761205084851_n.jpg?stp=dst-jpg_e35_tt6&_nc_cat=100&ig_cache_key=Mzk3NDc1NDg5NDQxOTI5Mzg5Nw%3D%3D.3-ccb7-5&ccb=7-5&_nc_sid=58cdad&efg=eyJ2ZW5jb2RlX3RhZyI6IkNBUk9VU0VMX0lURU0ueHBpZHMuMTA4MC5zZHIucmVndWxhcl9waG90by5DMyJ9&_nc_ohc=jNbyy_j-UyYQ7kNvwFxVZvr&_nc_oc=Adqve5A0yil5kMu_s3-Rkucmv55I_b0YozU6M2DkAcpLbor9he0-GnwE37_CmEwjzEg&_nc_ad=z-m&_nc_cid=0&_nc_zt=23&_nc_ht=scontent-yyz1-1.cdninstagram.com&_nc_gid=7I6Za5YvWkMTEeME03vltA&_nc_ss=7a22e&oh=00_AQLZm-M14TeJksz-waygaZirMQVSuZXIRUaFjJapoS1UBA&oe=6A99F808,https://www.instagram.com/p/DcpKopsjwHG/
Supermercado Tuiuiú,Bebidas / Cervejas,Cerveja Brahma 15x269ml,43.35,29/08/2026,https://scontent-yyz1-1.cdninstagram.com/v/t51.82787-15/788550438_18582509053067900_6263948761205084851_n.jpg?stp=dst-jpg_e35_tt6&_nc_cat=100&ig_cache_key=Mzk3NDc1NDg5NDQxOTI5Mzg5Nw%3D%3D.3-ccb7-5&ccb=7-5&_nc_sid=58cdad&efg=eyJ2ZW5jb2RlX3RhZyI6IkNBUk9VU0VMX0lURU0ueHBpZHMuMTA4MC5zZHIucmVndWxhcl9waG90by5DMyJ9&_nc_ohc=jNbyy_j-UyYQ7kNvwFxVZvr&_nc_oc=Adqve5A0yil5kMu_s3-Rkucmv55I_b0YozU6M2DkAcpLbor9he0-GnwE37_CmEwjzEg&_nc_ad=z-m&_nc_cid=0&_nc_zt=23&_nc_ht=scontent-yyz1-1.cdninstagram.com&_nc_gid=7I6Za5YvWkMTEeME03vltA&_nc_ss=7a22e&oh=00_AQLZm-M14TeJksz-waygaZirMQVSuZXIRUaFjJapoS1UBA&oe=6A99F808,https://www.instagram.com/p/DcpKopsjwHG/
Supermercado Tuiuiú,Bebidas / Cervejas,Cerveja Skol 15x269ml,43.35,28/08/2026,https://instagram.fbne11-1.fna.fbcdn.net/v/t39.30808-6/782169173_1720016753465476_6179349585647048120_n.jpg?stp=dst-jpg_e35_tt6&_nc_cat=111&ig_cache_key=Mzk3MzM0Mjg3OTMwMjI3OTYzOQ%3D%3D.3-ccb7-5&ccb=7-5&_nc_sid=58cdad&efg=eyJ2ZW5jb2RlX3RhZyI6IkNBUk9VU0VMX0lURU0ueHBpZHMuMTI1NC5zZHIucmVndWxhcl9waG90by5DMyJ9&_nc_ohc=qPA3dbH0piIQ7kNvwHoNSEp&_nc_oc=Adq_nGb8uncHX3EPYxwxLEFVUUDX-DvASXm_bqyFg9_f4VqBfYzzb1KO5OdakUlrkXBSOawd5JBcjrZRur1FwZrb&_nc_ad=z-m&_nc_cid=0&_nc_zt=23&_nc_ht=instagram.fbne11-1.fna&_nc_gid=TyXdyDMvXWTfqtmX-TW3yw&_nc_ss=7a22e&oh=00_AQKyFJ588KSljxks8g2360ncdDgleGbw07M8z6q2cyooGg&oe=6A9A0CA1,https://www.instagram.com/p/DckJlYyI3Tu/
Supermercado Tuiuiú,Bebidas / Cervejas,Cerveja Brahma 15x269ml,43.35,28/08/2026,https://instagram.fbne11-1.fna.fbcdn.net/v/t39.30808-6/782169173_1720016753465476_6179349585647048120_n.jpg?stp=dst-jpg_e35_tt6&_nc_cat=111&ig_cache_key=Mzk3MzM0Mjg3OTMwMjI3OTYzOQ%3D%3D.3-ccb7-5&ccb=7-5&_nc_sid=58cdad&efg=eyJ2ZW5jb2RlX3RhZyI6IkNBUk9VU0VMX0lURU0ueHBpZHMuMTI1NC5zZHIucmVndWxhcl9waG90by5DMyJ9&_nc_ohc=qPA3dbH0piIQ7kNvwHoNSEp&_nc_oc=Adq_nGb8uncHX3EPYxwxLEFVUUDX-DvASXm_bqyFg9_f4VqBfYzzb1KO5OdakUlrkXBSOawd5JBcjrZRur1FwZrb&_nc_ad=z-m&_nc_cid=0&_nc_zt=23&_nc_ht=instagram.fbne11-1.fna&_nc_gid=TyXdyDMvXWTfqtmX-TW3yw&_nc_ss=7a22e&oh=00_AQKyFJ588KSljxks8g2360ncdDgleGbw07M8z6q2cyooGg&oe=6A9A0CA1,https://www.instagram.com/p/DckJlYyI3Tu/
Supermercado São Pedro,Bebidas / Cervejas,Cerveja Skol 269ml 15 Latas,43.35,27/08/2026,https://scontent-waw2-2.cdninstagram.com/v/t39.30808-6/788413222_1505168981656218_2918311736305518854_n.jpg?stp=c0.0.1638.2047a_dst-jpg_e35_s1638x2047_tt6&_nc_cat=107&ig_cache_key=Mzk3MzI3Njk2ODIzODI0MjE0OA%3D%3D.3-ccb7-5&ccb=7-5&_nc_sid=58cdad&efg=eyJ2ZW5jb2RlX3RhZyI6IkNBUk9VU0VMX0lURU0ueHBpZHMuMTYzOC5zZHIucmVndWxhcl9waG90by5DMyJ9&_nc_ohc=6u-bXG9Z0hAQ7kNvwFia3XT&_nc_oc=AdrPTclBQpJ-r2eWbB0Ui1BseKmcAngj3-Lw1hOiFSAvUeHJY1e-hyuHTkdW47TSGLM&_nc_ad=z-m&_nc_cid=0&_nc_zt=23&_nc_ht=scontent-waw2-2.cdninstagram.com&_nc_gid=GU0bCad11P1ZuGVVY5hLEQ&_nc_ss=7a22e&oh=00_AQLxq_5PgANWM8UyQP0u8FTR4ZnMP8YITro_KYnHFFXW-Q&oe=6A9A1C20,https://www.instagram.com/p/Dcj6lyLlKpL/
Bom Jesus Primavera do Leste 🛒,Bebidas / Cervejas,Cerveja Skol Pilsen Multipack 15 Unidades 269ml,43.35,28/08/2026,https://scontent-lhr11-1.cdninstagram.com/v/t51.82787-15/788139857_18374943016237813_6095318216715939563_n.jpg?stp=dst-jpg_e35_tt6&_nc_cat=107&ig_cache_key=Mzk3Mzk3Nzc4MDcyMjI3NDY1Mg%3D%3D.3-ccb7-5&ccb=7-5&_nc_sid=58cdad&efg=eyJ2ZW5jb2RlX3RhZyI6IkNBUk9VU0VMX0lURU0ueHBpZHMuMTA4MC5zZHIucmVndWxhcl9waG90by5DMyJ9&_nc_ohc=u6RrkwcH62kQ7kNvwFPO8nO&_nc_oc=Adq7Ydwrj8L01LSreSo3Hr9nEBdt7EUEaeUJg7Tp-iPDdHy-rWuFw6haLQP_5O7ZiVLAswHo-taEhi6kZbtEtW7y&_nc_ad=z-m&_nc_cid=0&_nc_zt=23&_nc_ht=scontent-lhr11-1.cdninstagram.com&_nc_gid=UC3DCxA2tHR5SHtq_3JTew&_nc_ss=7a22e&oh=00_AQJ_o-NIim0oS-WiIsBW-WOgFnQ0bdqhL7zHvDWnHaNwqw&oe=6A9A0D70,https://www.instagram.com/p/DcmZ8cDD400/
Super Compras Supermercado,Bebidas / Cervejas,Cerveja Skol Multipack 15 Unidades 269ml,43.85,29/08/2026,https://instagram.fmel16-1.fna.fbcdn.net/v/t51.82787-15/787743920_18192892438391764_3005082908538598587_n.jpg?stp=dst-jpg_e35_tt6&_nc_cat=110&ig_cache_key=Mzk3NDAxMjMzNjQ5MTI3ODEzMg%3D%3D.3-ccb7-5&ccb=7-5&_nc_sid=58cdad&efg=eyJ2ZW5jb2RlX3RhZyI6IkNBUk9VU0VMX0lURU0ueHBpZHMuMTQ0MC5zZHIucmVndWxhcl9waG90by5DMyJ9&_nc_ohc=jo3tVs9LzLkQ7kNvwHsHub2&_nc_oc=AdrMyAysXN6oamvJE4SMujPVCMnhvU3LLhmWnyi1JM16qKwKknFF2mpc8Utu8e7vL3U&_nc_ad=z-m&_nc_cid=0&_nc_zt=23&_nc_ht=instagram.fmel16-1.fna&_nc_gid=0dsUxJDd5nGRr_VHaZPIKw&_nc_ss=7a22e&oh=00_AQLEnRR2_CeI0y9HiiZHKqzTSjOWgHlOYdrn-WxahO9FXw&oe=6A9A1EBB,https://www.instagram.com/p/DcmhzwZjQj_/
Supermercado Tuiuiú,Bebidas / Cervejas,Cerveja Original 15x269ml,50.85,28/08/2026,https://instagram.fbne11-1.fna.fbcdn.net/v/t39.30808-6/782169173_1720016753465476_6179349585647048120_n.jpg?stp=dst-jpg_e35_tt6&_nc_cat=111&ig_cache_key=Mzk3MzM0Mjg3OTMwMjI3OTYzOQ%3D%3D.3-ccb7-5&ccb=7-5&_nc_sid=58cdad&efg=eyJ2ZW5jb2RlX3RhZyI6IkNBUk9VU0VMX0lURU0ueHBpZHMuMTI1NC5zZHIucmVndWxhcl9waG90by5DMyJ9&_nc_ohc=qPA3dbH0piIQ7kNvwHoNSEp&_nc_oc=Adq_nGb8uncHX3EPYxwxLEFVUUDX-DvASXm_bqyFg9_f4VqBfYzzb1KO5OdakUlrkXBSOawd5JBcjrZRur1FwZrb&_nc_ad=z-m&_nc_cid=0&_nc_zt=23&_nc_ht=instagram.fbne11-1.fna&_nc_gid=TyXdyDMvXWTfqtmX-TW3yw&_nc_ss=7a22e&oh=00_AQKyFJ588KSljxks8g2360ncdDgleGbw07M8z6q2cyooGg&oe=6A9A0CA1,https://www.instagram.com/p/DckJlYyI3Tu/
Supermercado São Pedro,Bebidas / Cervejas,Cerveja Original 269ml 15 Latas,50.85,27/08/2026,https://scontent-waw2-2.cdninstagram.com/v/t39.30808-6/788413222_1505168981656218_2918311736305518854_n.jpg?stp=c0.0.1638.2047a_dst-jpg_e35_s1638x2047_tt6&_nc_cat=107&ig_cache_key=Mzk3MzI3Njk2ODIzODI0MjE0OA%3D%3D.3-ccb7-5&ccb=7-5&_nc_sid=58cdad&efg=eyJ2ZW5jb2RlX3RhZyI6IkNBUk9VU0VMX0lURU0ueHBpZHMuMTYzOC5zZHIucmVndWxhcl9waG90by5DMyJ9&_nc_ohc=6u-bXG9Z0hAQ7kNvwFia3XT&_nc_oc=AdrPTclBQpJ-r2eWbB0Ui1BseKmcAngj3-Lw1hOiFSAvUeHJY1e-hyuHTkdW47TSGLM&_nc_ad=z-m&_nc_cid=0&_nc_zt=23&_nc_ht=scontent-waw2-2.cdninstagram.com&_nc_gid=GU0bCad11P1ZuGVVY5hLEQ&_nc_ss=7a22e&oh=00_AQLxq_5PgANWM8UyQP0u8FTR4ZnMP8YITro_KYnHFFXW-Q&oe=6A9A1C20,https://www.instagram.com/p/Dcj6lyLlKpL/
Super Compras Supermercado,Bebidas / Cervejas,Cerveja Original 269ml C 15,50.85,29/08/2026,https://instagram.fmel16-1.fna.fbcdn.net/v/t51.82787-15/787666404_18192892456391764_5631571009347207340_n.jpg?stp=dst-jpg_e35_tt6&_nc_cat=107&ig_cache_key=Mzk3NDAxMjM2OTYxNzUwODE0Ng%3D%3D.3-ccb7-5&ccb=7-5&_nc_sid=58cdad&efg=eyJ2ZW5jb2RlX3RhZyI6IkNBUk9VU0VMX0lURU0ueHBpZHMuMTQ0MC5zZHIucmVndWxhcl9waG90by5DMyJ9&_nc_ohc=YdVhHFKNO3AQ7kNvwGFOvh9&_nc_oc=Adoz3sPeZfQyx-NJVo2CNkBXRXWSN8mZqMZ7kbZHRnhfaUDqwU7_-efp4JhbRQUrvE4&_nc_ad=z-m&_nc_cid=0&_nc_zt=23&_nc_ht=instagram.fmel16-1.fna&_nc_gid=0dsUxJDd5nGRr_VHaZPIKw&_nc_ss=7a22e&oh=00_AQKc5x6FtYbs8rhD4qlSSLaWCxV2Lq5SxXpP_DvRBWysLw&oe=6A9A1A1A,https://www.instagram.com/p/DcmhzwZjQj_/
Bom Jesus Primavera do Leste 🛒,Bebidas / Cervejas,Cerveja Original Multipack 15 Unidades 269ml,50.85,28/08/2026,https://scontent-lhr11-1.cdninstagram.com/v/t51.82787-15/788139857_18374943016237813_6095318216715939563_n.jpg?stp=dst-jpg_e35_tt6&_nc_cat=107&ig_cache_key=Mzk3Mzk3Nzc4MDcyMjI3NDY1Mg%3D%3D.3-ccb7-5&ccb=7-5&_nc_sid=58cdad&efg=eyJ2ZW5jb2RlX3RhZyI6IkNBUk9VU0VMX0lURU0ueHBpZHMuMTA4MC5zZHIucmVndWxhcl9waG90by5DMyJ9&_nc_ohc=u6RrkwcH62kQ7kNvwFPO8nO&_nc_oc=Adq7Ydwrj8L01LSreSo3Hr9nEBdt7EUEaeUJg7Tp-iPDdHy-rWuFw6haLQP_5O7ZiVLAswHo-taEhi6kZbtEtW7y&_nc_ad=z-m&_nc_cid=0&_nc_zt=23&_nc_ht=scontent-lhr11-1.cdninstagram.com&_nc_gid=UC3DCxA2tHR5SHtq_3JTew&_nc_ss=7a22e&oh=00_AQJ_o-NIim0oS-WiIsBW-WOgFnQ0bdqhL7zHvDWnHaNwqw&oe=6A9A0D70,https://www.instagram.com/p/DcmZ8cDD400/
Supermercado São Pedro,Bebidas / Cervejas,Cerveja Heineken Barril 5L,99.99,28/08/2026,https://instagram.fmel12-1.fna.fbcdn.net/v/t51.82787-15/787853786_18195711469382122_4084613579796731411_n.jpg?stp=dst-jpg_e35_tt6&_nc_cat=101&ig_cache_key=Mzk3MzY3MjU2ODk4MzkzOTE2MQ%3D%3D.3-ccb7-5&ccb=7-5&_nc_sid=58cdad&efg=eyJ2ZW5jb2RlX3RhZyI6IkNBUk9VU0VMX0lURU0ueHBpZHMuMTA4MS5zZHIucmVndWxhcl9waG90by5DMyJ9&_nc_ohc=YRh7I8l8B0QQ7kNvwGdAJcX&_nc_oc=AdpPFrFVFOOLfktOFO-uBxNDS-W6HHpojk5Touou58S8jINtkZ1DNVomemzZYPg0FWdBLUkWaXwQ37rxr4WQSkGd&_nc_ad=z-m&_nc_cid=1032&_nc_zt=23&_nc_ht=instagram.fmel12-1.fna&_nc_gid=BrePjm_PQQaChn7TWqupaw&_nc_ss=7a22e&oh=00_AQIuOgNtKauL6mK0H-Z9C3rwj8WiGGPEmV8rOHCE4knopQ&oe=6A9A0007,https://www.instagram.com/p/DclUqI1G7TG/
Supermercado Tuiuiú,Bebidas / Refrigerantes,Refrigerante Sukita 2L,5.99,28/08/2026,https://instagram.fbne11-1.fna.fbcdn.net/v/t39.30808-6/788141803_1720016743465477_9146230528598203595_n.jpg?stp=dst-jpg_e35_tt6&_nc_cat=108&ig_cache_key=Mzk3MzM0Mjg3ODE5NDkyODIxMw%3D%3D.3-ccb7-5&ccb=7-5&_nc_sid=58cdad&efg=eyJ2ZW5jb2RlX3RhZyI6IkNBUk9VU0VMX0lURU0ueHBpZHMuMTI1NC5zZHIucmVndWxhcl9waG90by5DMyJ9&_nc_ohc=zal2Q-KNBSMQ7kNvwFEnIhq&_nc_oc=Adrkfv2YGcyu2xaOP65v-JrKEdNjivZTyvEojFi1mNmXgsWPIn1Qhm5aJ6bAm9GfvuAx43Um3NUNMk-QcEp5UVfP&_nc_ad=z-m&_nc_cid=0&_nc_zt=23&_nc_ht=instagram.fbne11-1.fna&_nc_gid=TyXdyDMvXWTfqtmX-TW3yw&_nc_ss=7a22e&oh=00_AQLpayq7B4F-YO9vce0BVkQiT1cHfjmp4PQJDri5Lse1LA&oe=6A9A2CB6,https://www.instagram.com/p/DckJlYyI3Tu/
Super Compras Supermercado,Bebidas / Refrigerantes,Refrigerante Guaraná Kuat 2L,5.99,28/08/2026,https://instagram.fgrq1-2.fna.fbcdn.net/v/t51.82787-15/778381296_18192777073391764_3495327765482658959_n.jpg?stp=dst-jpg_e35_tt6&_nc_cat=108&ig_cache_key=Mzk3MzI5MDk1OTA3NzU1MjQ2OA%3D%3D.3-ccb7-5&ccb=7-5&_nc_sid=58cdad&efg=eyJ2ZW5jb2RlX3RhZyI6IkZFRUQueHBpZHMuMTQ0MC5zZHIucmVndWxhcl9waG90by5DMyJ9&_nc_ohc=2HLQR4PBfsgQ7kNvwELeAkY&_nc_oc=AdpsbBFyYCKsOTyqaCboJLZYOlz31xbeqM_kqsicam7NUB4FxCNirYkQZ6gRU0ARUYI&_nc_ad=z-m&_nc_cid=1207&_nc_zt=23&_nc_ht=instagram.fgrq1-2.fna&_nc_gid=EoLIJCkIsXrOLQBQ_KaqLA&_nc_ss=7a22e&oh=00_AQJHFVOp08jAnYsul3AU7IIeLd8d2ofr4OlyRGukBY0Vpw&oe=6A9A2A96,https://www.instagram.com/p/Dcj9xNtFrFU/
Bom Jesus Primavera do Leste 🛒,Bebidas / Refrigerantes,Refrigerante Sukita 2L,6.29,28/08/2026,https://scontent-lhr11-1.cdninstagram.com/v/t51.82787-15/787872858_18374942953237813_1004834205349504739_n.jpg?stp=dst-jpg_e35_tt6&_nc_cat=106&ig_cache_key=Mzk3Mzk3Nzc3ODU0OTU0Mzg5NA%3D%3D.3-ccb7-5&ccb=7-5&_nc_sid=58cdad&efg=eyJ2ZW5jb2RlX3RhZyI6IkNBUk9VU0VMX0lURU0ueHBpZHMuMTA4MC5zZHIucmVndWxhcl9waG90by5DMyJ9&_nc_ohc=ScqGAxDjyPoQ7kNvwHKHRDP&_nc_oc=AdoWfu-f8cVhoH60pgvW5yuzA8Qnby5O3qADHX1_qi85kEHbCR3tjkA4qLrPqEi0z3KiFo-KJjlRlMBUpNof6xn1&_nc_ad=z-m&_nc_cid=0&_nc_zt=23&_nc_ht=scontent-lhr11-1.cdninstagram.com&_nc_gid=UC3DCxA2tHR5SHtq_3JTew&_nc_ss=7a22e&oh=00_AQLCvMTieUKcEo0GejN0a_pVCUBL-Pk02yGxkE7QIIMOhQ&oe=6A9A2B00,https://www.instagram.com/p/DcmZ8cDD400/
Supermercado Tuiuiú,Bebidas / Refrigerantes,Coca Cola 2.5L,10.99,29/08/2026,https://scontent-yyz1-1.cdninstagram.com/v/t51.82787-15/788550438_18582509053067900_6263948761205084851_n.jpg?stp=dst-jpg_e35_tt6&_nc_cat=100&ig_cache_key=Mzk3NDc1NDg5NDQxOTI5Mzg5Nw%3D%3D.3-ccb7-5&ccb=7-5&_nc_sid=58cdad&efg=eyJ2ZW5jb2RlX3RhZyI6IkNBUk9VU0VMX0lURU0ueHBpZHMuMTA4MC5zZHIucmVndWxhcl9waG90by5DMyJ9&_nc_ohc=jNbyy_j-UyYQ7kNvwFxVZvr&_nc_oc=Adqve5A0yil5kMu_s3-Rkucmv55I_b0YozU6M2DkAcpLbor9he0-GnwE37_CmEwjzEg&_nc_ad=z-m&_nc_cid=0&_nc_zt=23&_nc_ht=scontent-yyz1-1.cdninstagram.com&_nc_gid=7I6Za5YvWkMTEeME03vltA&_nc_ss=7a22e&oh=00_AQLZm-M14TeJksz-waygaZirMQVSuZXIRUaFjJapoS1UBA&oe=6A99F808,https://www.instagram.com/p/DcpKopsjwHG/
Supermercado Tuiuiú,Bebidas / Refrigerantes,Coca Cola 2.5L,10.99,28/08/2026,https://instagram.fbne11-1.fna.fbcdn.net/v/t39.30808-6/788141803_1720016743465477_9146230528598203595_n.jpg?stp=dst-jpg_e35_tt6&_nc_cat=108&ig_cache_key=Mzk3MzM0Mjg3ODE5NDkyODIxMw%3D%3D.3-ccb7-5&ccb=7-5&_nc_sid=58cdad&efg=eyJ2ZW5jb2RlX3RhZyI6IkNBUk9VU0VMX0lURU0ueHBpZHMuMTI1NC5zZHIucmVndWxhcl9waG90by5DMyJ9&_nc_ohc=zal2Q-KNBSMQ7kNvwFEnIhq&_nc_oc=Adrkfv2YGcyu2xaOP65v-JrKEdNjivZTyvEojFi1mNmXgsWPIn1Qhm5aJ6bAm9GfvuAx43Um3NUNMk-QcEp5UVfP&_nc_ad=z-m&_nc_cid=0&_nc_zt=23&_nc_ht=instagram.fbne11-1.fna&_nc_gid=TyXdyDMvXWTfqtmX-TW3yw&_nc_ss=7a22e&oh=00_AQLpayq7B4F-YO9vce0BVkQiT1cHfjmp4PQJDri5Lse1LA&oe=6A9A2CB6,https://www.instagram.com/p/DckJlYyI3Tu/
Machadão Atacadista,Bebidas / Refrigerantes,Refrigerante Coca Cola 2.5L,11.49,29/08/2026,https://instagram.fktw4-1.fna.fbcdn.net/v/t39.30808-6/788037845_1361504496069508_5961206056822063683_n.jpg?stp=dst-jpg_e35_tt6&_nc_cat=109&ig_cache_key=Mzk3NDAzNDk3MDYxNjE1OTA4NA%3D%3D.3-ccb7-5&ccb=7-5&_nc_sid=58cdad&efg=eyJ2ZW5jb2RlX3RhZyI6IkNBUk9VU0VMX0lURU0ueHBpZHMuMTYzOC5zZHIucmVndWxhcl9waG90by5DMyJ9&_nc_ohc=dkxjjGVbnS4Q7kNvwFadzFa&_nc_oc=AdqEAGU0KR5QSbEQbKQJTDugt7MnwEaUwJwR1PqkKXY6eXhNo2801H3dwVf8D0sCza0&_nc_ad=z-m&_nc_cid=0&_nc_zt=23&_nc_ht=instagram.fktw4-1.fna&_nc_gid=U3FqkMLv5y-ALyQYkbt5Mw&_nc_ss=7a22e&oh=00_AQLPML3ubnmRpXTxeRoksRCE1oOlsTiB_55oh1OxX0qC1g&oe=6A9A2B4A,https://www.instagram.com/p/Dcmm8QNDi4E/
Super Compras Supermercado,Bebidas / Sucos e Diversos,Bebida Láctea Pirakids 200ml,1.69,28/08/2026,https://instagram.fgrq1-2.fna.fbcdn.net/v/t51.82787-15/778381296_18192777073391764_3495327765482658959_n.jpg?stp=dst-jpg_e35_tt6&_nc_cat=108&ig_cache_key=Mzk3MzI5MDk1OTA3NzU1MjQ2OA%3D%3D.3-ccb7-5&ccb=7-5&_nc_sid=58cdad&efg=eyJ2ZW5jb2RlX3RhZyI6IkZFRUQueHBpZHMuMTQ0MC5zZHIucmVndWxhcl9waG90by5DMyJ9&_nc_ohc=2HLQR4PBfsgQ7kNvwELeAkY&_nc_oc=AdpsbBFyYCKsOTyqaCboJLZYOlz31xbeqM_kqsicam7NUB4FxCNirYkQZ6gRU0ARUYI&_nc_ad=z-m&_nc_cid=1207&_nc_zt=23&_nc_ht=instagram.fgrq1-2.fna&_nc_gid=EoLIJCkIsXrOLQBQ_KaqLA&_nc_ss=7a22e&oh=00_AQJHFVOp08jAnYsul3AU7IIeLd8d2ofr4OlyRGukBY0Vpw&oe=6A9A2A96,https://www.instagram.com/p/Dcj9xNtFrFU/
Supermercado Tuiuiú,Bebidas / Sucos e Diversos,Suco Del Valle 1L,7.99,28/08/2026,https://instagram.fbne11-1.fna.fbcdn.net/v/t39.30808-6/788141803_1720016743465477_9146230528598203595_n.jpg?stp=dst-jpg_e35_tt6&_nc_cat=108&ig_cache_key=Mzk3MzM0Mjg3ODE5NDkyODIxMw%3D%3D.3-ccb7-5&ccb=7-5&_nc_sid=58cdad&efg=eyJ2ZW5jb2RlX3RhZyI6IkNBUk9VU0VMX0lURU0ueHBpZHMuMTI1NC5zZHIucmVndWxhcl9waG90by5DMyJ9&_nc_ohc=zal2Q-KNBSMQ7kNvwFEnIhq&_nc_oc=Adrkfv2YGcyu2xaOP65v-JrKEdNjivZTyvEojFi1mNmXgsWPIn1Qhm5aJ6bAm9GfvuAx43Um3NUNMk-QcEp5UVfP&_nc_ad=z-m&_nc_cid=0&_nc_zt=23&_nc_ht=instagram.fbne11-1.fna&_nc_gid=TyXdyDMvXWTfqtmX-TW3yw&_nc_ss=7a22e&oh=00_AQLpayq7B4F-YO9vce0BVkQiT1cHfjmp4PQJDri5Lse1LA&oe=6A9A2CB6,https://www.instagram.com/p/DckJlYyI3Tu/
Bom Jesus Primavera do Leste 🛒,Bebidas / Sucos e Diversos,Salsicha Seara kg,9.99,28/08/2026,https://scontent-lhr11-1.cdninstagram.com/v/t51.82787-15/786853630_18374942971237813_3112147777905981087_n.jpg?stp=dst-jpg_e35_tt6&_nc_cat=107&ig_cache_key=Mzk3Mzk3Nzc3OTE1MzU1MzcyNQ%3D%3D.3-ccb7-5&ccb=7-5&_nc_sid=58cdad&efg=eyJ2ZW5jb2RlX3RhZyI6IkNBUk9VU0VMX0lURU0ueHBpZHMuMTA4MC5zZHIucmVndWxhcl9waG90by5DMyJ9&_nc_ohc=X2aB_pDnUvgQ7kNvwGJYCo1&_nc_oc=AdoY3nFRwspWxSa0r6nAzhmdb2IeHhn0GzEMt3R7bh7xfvUvBFtPvJ-N6RF9j6jliyB7YJsAKvj5O6IE4yCYDw16&_nc_ad=z-m&_nc_cid=0&_nc_zt=23&_nc_ht=scontent-lhr11-1.cdninstagram.com&_nc_gid=UC3DCxA2tHR5SHtq_3JTew&_nc_ss=7a22e&oh=00_AQKD_RQMWVlNJNpzp_tEs5ZeXVVFk9RInKTlJVMOBlyupg&oe=6A9A18E4,https://www.instagram.com/p/DcmZ8cDD400/
Super Compras Supermercado,Bebidas / Sucos e Diversos,Papel Higiênico Duetto Folha Dupla 30m 12 Unidades,17.99,28/08/2026,https://instagram.fgrq1-2.fna.fbcdn.net/v/t51.82787-15/778381296_18192777073391764_3495327765482658959_n.jpg?stp=dst-jpg_e35_tt6&_nc_cat=108&ig_cache_key=Mzk3MzI5MDk1OTA3NzU1MjQ2OA%3D%3D.3-ccb7-5&ccb=7-5&_nc_sid=58cdad&efg=eyJ2ZW5jb2RlX3RhZyI6IkZFRUQueHBpZHMuMTQ0MC5zZHIucmVndWxhcl9waG90by5DMyJ9&_nc_ohc=2HLQR4PBfsgQ7kNvwELeAkY&_nc_oc=AdpsbBFyYCKsOTyqaCboJLZYOlz31xbeqM_kqsicam7NUB4FxCNirYkQZ6gRU0ARUYI&_nc_ad=z-m&_nc_cid=1207&_nc_zt=23&_nc_ht=instagram.fgrq1-2.fna&_nc_gid=EoLIJCkIsXrOLQBQ_KaqLA&_nc_ss=7a22e&oh=00_AQJHFVOp08jAnYsul3AU7IIeLd8d2ofr4OlyRGukBY0Vpw&oe=6A9A2A96,https://www.instagram.com/p/Dcj9xNtFrFU/
Supermercado São Pedro,Bebidas / Sucos e Diversos,Campari 998ml,56.99,27/08/2026,https://scontent-waw2-1.cdninstagram.com/v/t39.30808-6/785993166_1505168978322885_7442982966970505933_n.jpg?stp=c0.0.1638.2048a_dst-jpg_e35_s1638x2048_tt6&_nc_cat=110&ig_cache_key=Mzk3MzI3Njk2ODM0NzI3MzQzNQ%3D%3D.3-ccb7-5&ccb=7-5&_nc_sid=58cdad&efg=eyJ2ZW5jb2RlX3RhZyI6IkNBUk9VU0VMX0lURU0ueHBpZHMuMTYzOS5zZHIucmVndWxhcl9waG90by5DMyJ9&_nc_ohc=5-K7ePTTbO0Q7kNvwFmWbXo&_nc_oc=Adp7zBbdLmFBERjpgu_RHa815wPv1C8SuAQiiMxQyCFcZOiBUch81L3oKaO-dOUxCgI&_nc_ad=z-m&_nc_cid=0&_nc_zt=23&_nc_ht=scontent-waw2-1.cdninstagram.com&_nc_gid=GU0bCad11P1ZuGVVY5hLEQ&_nc_ss=7a22e&oh=00_AQJ7br_D89Sc19hVHgpvn0y7snY0RL9lAEZSVvD3YHFiOw&oe=6A9A238E,https://www.instagram.com/p/Dcj6lyLlKpL/
Bom Jesus Primavera do Leste 🛒,Bebidas / Sucos e Diversos,Whisky Buchanan's 12 Anos 1L,189.9,28/08/2026,https://scontent-lhr11-1.cdninstagram.com/v/t51.82787-15/788139857_18374943016237813_6095318216715939563_n.jpg?stp=dst-jpg_e35_tt6&_nc_cat=107&ig_cache_key=Mzk3Mzk3Nzc4MDcyMjI3NDY1Mg%3D%3D.3-ccb7-5&ccb=7-5&_nc_sid=58cdad&efg=eyJ2ZW5jb2RlX3RhZyI6IkNBUk9VU0VMX0lURU0ueHBpZHMuMTA4MC5zZHIucmVndWxhcl9waG90by5DMyJ9&_nc_ohc=u6RrkwcH62kQ7kNvwFPO8nO&_nc_oc=Adq7Ydwrj8L01LSreSo3Hr9nEBdt7EUEaeUJg7Tp-iPDdHy-rWuFw6haLQP_5O7ZiVLAswHo-taEhi6kZbtEtW7y&_nc_ad=z-m&_nc_cid=0&_nc_zt=23&_nc_ht=scontent-lhr11-1.cdninstagram.com&_nc_gid=UC3DCxA2tHR5SHtq_3JTew&_nc_ss=7a22e&oh=00_AQJ_o-NIim0oS-WiIsBW-WOgFnQ0bdqhL7zHvDWnHaNwqw&oe=6A9A0D70,https://www.instagram.com/p/DcmZ8cDD400/
Supermercado Tuiuiú,Carnes / Aves,Coxa e Sobrecoxa de Frango com Dorso kg,5.89,28/08/2026,https://instagram.fbne11-1.fna.fbcdn.net/v/t39.30808-6/784232177_1720016766798808_2199971508535547197_n.jpg?stp=dst-jpg_e35_tt6&_nc_cat=111&ig_cache_key=Mzk3MzM0Mjg3OTgyMjMyNDE3Mg%3D%3D.3-ccb7-5&ccb=7-5&_nc_sid=58cdad&efg=eyJ2ZW5jb2RlX3RhZyI6IkNBUk9VU0VMX0lURU0ueHBpZHMuMTI1NC5zZHIucmVndWxhcl9waG90by5DMyJ9&_nc_ohc=p0-_YO7HB9IQ7kNvwGHqzBn&_nc_oc=Ado8Skm6tsEZhNalUBguBQC5EVAJStM3Tp4RV-2XO68FmA0wD7l1CI_hroKB7HjlzL49KLkj-C6sLZNYa5CNaay0&_nc_ad=z-m&_nc_cid=0&_nc_zt=23&_nc_ht=instagram.fbne11-1.fna&_nc_gid=TyXdyDMvXWTfqtmX-TW3yw&_nc_ss=7a22e&oh=00_AQK4LECWt-iWER6qh3vpsm29gvKOvkHqP7nxKVwiQ4dlNw&oe=6A9A0A64,https://www.instagram.com/p/DckJlYyI3Tu/
Bom Jesus Primavera do Leste 🛒,Carnes / Aves,Frango A Passarinho Bello 800g,8.99,26/08/2026,https://instagram.fbrs5-1.fna.fbcdn.net/v/t51.82787-15/786656678_18374533654237813_1357775697752571265_n.jpg?stp=dst-jpg_e35_tt6&_nc_cat=102&ig_cache_key=Mzk3MjE2ODE2MTUzODk3MjI2NA%3D%3D.3-ccb7-5&ccb=7-5&_nc_sid=58cdad&efg=eyJ2ZW5jb2RlX3RhZyI6IkNBUk9VU0VMX0lURU0ueHBpZHMuMTA4MC5zZHIucmVndWxhcl9waG90by5DMyJ9&_nc_ohc=Mj0L67ZiF7MQ7kNvwH_0QMc&_nc_oc=Adr25tWLpP9ms5HeKFd95LTuA3CRs8ftuBGE37H4zcHX-mo3vbVmTJeWs0SDNJAn_1Oey4OrCvDThwxT8uU_3L_h&_nc_ad=z-m&_nc_cid=0&_nc_zt=23&_nc_ht=instagram.fbrs5-1.fna&_nc_gid=FVVvNVZhEOJqV9RXmJt1bQ&_nc_ss=7a22e&oh=00_AQIxeVAM4dq1BNphResA16TkSEqSHeaiNJYOfF08baaWXQ&oe=6A9A22E5,https://www.instagram.com/p/Dcf-fgoloPJ/
Bom Jesus Primavera do Leste 🛒,Carnes / Aves,Frango A Passarinho Bello 800g,8.99,28/08/2026,https://scontent-lhr11-1.cdninstagram.com/v/t51.82787-15/786853630_18374942971237813_3112147777905981087_n.jpg?stp=dst-jpg_e35_tt6&_nc_cat=107&ig_cache_key=Mzk3Mzk3Nzc3OTE1MzU1MzcyNQ%3D%3D.3-ccb7-5&ccb=7-5&_nc_sid=58cdad&efg=eyJ2ZW5jb2RlX3RhZyI6IkNBUk9VU0VMX0lURU0ueHBpZHMuMTA4MC5zZHIucmVndWxhcl9waG90by5DMyJ9&_nc_ohc=X2aB_pDnUvgQ7kNvwGJYCo1&_nc_oc=AdoY3nFRwspWxSa0r6nAzhmdb2IeHhn0GzEMt3R7bh7xfvUvBFtPvJ-N6RF9j6jliyB7YJsAKvj5O6IE4yCYDw16&_nc_ad=z-m&_nc_cid=0&_nc_zt=23&_nc_ht=scontent-lhr11-1.cdninstagram.com&_nc_gid=UC3DCxA2tHR5SHtq_3JTew&_nc_ss=7a22e&oh=00_AQKD_RQMWVlNJNpzp_tEs5ZeXVVFk9RInKTlJVMOBlyupg&oe=6A9A18E4,https://www.instagram.com/p/DcmZ8cDD400/
Bom Jesus Primavera do Leste 🛒,Carnes / Aves,Frango Inteiro Seara kg,9.69,26/08/2026,https://instagram.fbrs5-1.fna.fbcdn.net/v/t51.82787-15/786433730_18374533639237813_3285427351558996853_n.jpg?stp=dst-jpg_e35_tt6&_nc_cat=108&ig_cache_key=Mzk3MjE2ODE2MDExNDQ2ODEyNg%3D%3D.3-ccb7-5&ccb=7-5&_nc_sid=58cdad&efg=eyJ2ZW5jb2RlX3RhZyI6IkNBUk9VU0VMX0lURU0ueHBpZHMuMTA4MC5zZHIucmVndWxhcl9waG90by5DMyJ9&_nc_ohc=4mT7k_RuQMcQ7kNvwFodtRX&_nc_oc=AdqY7jR3pni9qpVXU8pn7z_59NwusJmeELLCkRC5wVBzzo64wbSSMeJDPxGSl_IY44tOGGtzlng-0wIbn2DPGaz9&_nc_ad=z-m&_nc_cid=0&_nc_zt=23&_nc_ht=instagram.fbrs5-1.fna&_nc_gid=FVVvNVZhEOJqV9RXmJt1bQ&_nc_ss=7a22e&oh=00_AQLLcGetaMQL8w3KSdz3fL7pHSfTdILUgNk2MPzJZaWtSA&oe=6A9A0DD5,https://www.instagram.com/p/Dcf-fgoloPJ/
Bom Jesus Primavera do Leste 🛒,Carnes / Aves,Frango Inteiro Seara kg,9.69,28/08/2026,https://scontent-lhr11-1.cdninstagram.com/v/t51.82787-15/786853630_18374942971237813_3112147777905981087_n.jpg?stp=dst-jpg_e35_tt6&_nc_cat=107&ig_cache_key=Mzk3Mzk3Nzc3OTE1MzU1MzcyNQ%3D%3D.3-ccb7-5&ccb=7-5&_nc_sid=58cdad&efg=eyJ2ZW5jb2RlX3RhZyI6IkNBUk9VU0VMX0lURU0ueHBpZHMuMTA4MC5zZHIucmVndWxhcl9waG90by5DMyJ9&_nc_ohc=X2aB_pDnUvgQ7kNvwGJYCo1&_nc_oc=AdoY3nFRwspWxSa0r6nAzhmdb2IeHhn0GzEMt3R7bh7xfvUvBFtPvJ-N6RF9j6jliyB7YJsAKvj5O6IE4yCYDw16&_nc_ad=z-m&_nc_cid=0&_nc_zt=23&_nc_ht=scontent-lhr11-1.cdninstagram.com&_nc_gid=UC3DCxA2tHR5SHtq_3JTew&_nc_ss=7a22e&oh=00_AQKD_RQMWVlNJNpzp_tEs5ZeXVVFk9RInKTlJVMOBlyupg&oe=6A9A18E4,https://www.instagram.com/p/DcmZ8cDD400/
Supermercado São Pedro,Carnes / Aves,Frango Inteiro Seara kg,10.99,25/08/2026,https://instagram.fmad6-1.fna.fbcdn.net/v/t39.30808-6/784428542_1503489418490841_697405957732902936_n.jpg?stp=dst-jpg_e35_tt6&_nc_cat=102&ig_cache_key=Mzk3MTgyNzk2NDE0ODc5MzU5NA%3D%3D.3-ccb7-5&ccb=7-5&_nc_sid=58cdad&efg=eyJ2ZW5jb2RlX3RhZyI6IkZFRUQueHBpZHMuMTYzOS5zZHIucmVndWxhcl9waG90by5DMyJ9&_nc_ohc=lahhkTUGus0Q7kNvwGok1_K&_nc_oc=AdruUmerbphKsaT0DpGP650VqntklAHoZ4_JBCOUV0bostfw8Ooe805--PBTOnBaWZE&_nc_ad=z-m&_nc_cid=0&_nc_zt=23&_nc_ht=instagram.fmad6-1.fna&_nc_gid=3EvugEUbQg_IgG9ZnJ6UhA&_nc_ss=7a22e&oh=00_AQI3nbuJihyXSte-Cfm7gW86ucHEkHoLZIvadzKe3M5V4A&oe=6A9A1B3A,https://www.instagram.com/p/DcexH1gDUD6/
Supermercado São Pedro,Carnes / Aves,Coxas de Frango Sadia 1kg,10.99,27/08/2026,https://scontent-waw2-1.cdninstagram.com/v/t39.30808-6/785993166_1505168978322885_7442982966970505933_n.jpg?stp=c0.0.1638.2048a_dst-jpg_e35_s1638x2048_tt6&_nc_cat=110&ig_cache_key=Mzk3MzI3Njk2ODM0NzI3MzQzNQ%3D%3D.3-ccb7-5&ccb=7-5&_nc_sid=58cdad&efg=eyJ2ZW5jb2RlX3RhZyI6IkNBUk9VU0VMX0lURU0ueHBpZHMuMTYzOS5zZHIucmVndWxhcl9waG90by5DMyJ9&_nc_ohc=5-K7ePTTbO0Q7kNvwFmWbXo&_nc_oc=Adp7zBbdLmFBERjpgu_RHa815wPv1C8SuAQiiMxQyCFcZOiBUch81L3oKaO-dOUxCgI&_nc_ad=z-m&_nc_cid=0&_nc_zt=23&_nc_ht=scontent-waw2-1.cdninstagram.com&_nc_gid=GU0bCad11P1ZuGVVY5hLEQ&_nc_ss=7a22e&oh=00_AQJ7br_D89Sc19hVHgpvn0y7snY0RL9lAEZSVvD3YHFiOw&oe=6A9A238E,https://www.instagram.com/p/Dcj6lyLlKpL/
Bom Jesus Primavera do Leste 🛒,Carnes / Aves,Coxinha da Asa Bello 800g,10.99,26/08/2026,https://instagram.fbrs5-1.fna.fbcdn.net/v/t51.82787-15/786656678_18374533654237813_1357775697752571265_n.jpg?stp=dst-jpg_e35_tt6&_nc_cat=102&ig_cache_key=Mzk3MjE2ODE2MTUzODk3MjI2NA%3D%3D.3-ccb7-5&ccb=7-5&_nc_sid=58cdad&efg=eyJ2ZW5jb2RlX3RhZyI6IkNBUk9VU0VMX0lURU0ueHBpZHMuMTA4MC5zZHIucmVndWxhcl9waG90by5DMyJ9&_nc_ohc=Mj0L67ZiF7MQ7kNvwH_0QMc&_nc_oc=Adr25tWLpP9ms5HeKFd95LTuA3CRs8ftuBGE37H4zcHX-mo3vbVmTJeWs0SDNJAn_1Oey4OrCvDThwxT8uU_3L_h&_nc_ad=z-m&_nc_cid=0&_nc_zt=23&_nc_ht=instagram.fbrs5-1.fna&_nc_gid=FVVvNVZhEOJqV9RXmJt1bQ&_nc_ss=7a22e&oh=00_AQIxeVAM4dq1BNphResA16TkSEqSHeaiNJYOfF08baaWXQ&oe=6A9A22E5,https://www.instagram.com/p/Dcf-fgoloPJ/
Bom Jesus Primavera do Leste 🛒,Carnes / Aves,Coxinha da Asa Bello 800g,10.99,28/08/2026,https://scontent-lhr11-1.cdninstagram.com/v/t51.82787-15/786853630_18374942971237813_3112147777905981087_n.jpg?stp=dst-jpg_e35_tt6&_nc_cat=107&ig_cache_key=Mzk3Mzk3Nzc3OTE1MzU1MzcyNQ%3D%3D.3-ccb7-5&ccb=7-5&_nc_sid=58cdad&efg=eyJ2ZW5jb2RlX3RhZyI6IkNBUk9VU0VMX0lURU0ueHBpZHMuMTA4MC5zZHIucmVndWxhcl9waG90by5DMyJ9&_nc_ohc=X2aB_pDnUvgQ7kNvwGJYCo1&_nc_oc=AdoY3nFRwspWxSa0r6nAzhmdb2IeHhn0GzEMt3R7bh7xfvUvBFtPvJ-N6RF9j6jliyB7YJsAKvj5O6IE4yCYDw16&_nc_ad=z-m&_nc_cid=0&_nc_zt=23&_nc_ht=scontent-lhr11-1.cdninstagram.com&_nc_gid=UC3DCxA2tHR5SHtq_3JTew&_nc_ss=7a22e&oh=00_AQKD_RQMWVlNJNpzp_tEs5ZeXVVFk9RInKTlJVMOBlyupg&oe=6A9A18E4,https://www.instagram.com/p/DcmZ8cDD400/
Supermercado Tuiuiú,Carnes / Aves,Coxinha da Asa kg,11.99,29/08/2026,https://scontent-yyz1-1.cdninstagram.com/v/t51.82787-15/791045407_18582509014067900_6295115100514269558_n.jpg?stp=dst-jpg_e35_tt6&_nc_cat=101&ig_cache_key=Mzk3NDc1NDgyNzQxMDc1ODQzMA%3D%3D.3-ccb7-5&ccb=7-5&_nc_sid=58cdad&efg=eyJ2ZW5jb2RlX3RhZyI6IkNBUk9VU0VMX0lURU0ueHBpZHMuMTA4MC5zZHIucmVndWxhcl9waG90by5DMyJ9&_nc_ohc=4s6XsQUyXIQQ7kNvwF1jyOO&_nc_oc=Adr3nx_Wpo07tDAdfajwv-lwO--SvzOPnFxaIsqPwDRUDNvdsjhebJGflMOT85Evjxw&_nc_ad=z-m&_nc_cid=0&_nc_zt=23&_nc_ht=scontent-yyz1-1.cdninstagram.com&_nc_gid=7I6Za5YvWkMTEeME03vltA&_nc_ss=7a22e&oh=00_AQIwCTOPVgs0b0rFyL_qDr4I6xNkUBUwfrbegCoiGvtsXg&oe=6A9A1D3F,https://www.instagram.com/p/DcpKopsjwHG/
Supermercado São Pedro,Carnes / Aves,Coxinha das Asas Sadia 1kg,14.49,25/08/2026,https://instagram.fmad6-1.fna.fbcdn.net/v/t39.30808-6/784428542_1503489418490841_697405957732902936_n.jpg?stp=dst-jpg_e35_tt6&_nc_cat=102&ig_cache_key=Mzk3MTgyNzk2NDE0ODc5MzU5NA%3D%3D.3-ccb7-5&ccb=7-5&_nc_sid=58cdad&efg=eyJ2ZW5jb2RlX3RhZyI6IkZFRUQueHBpZHMuMTYzOS5zZHIucmVndWxhcl9waG90by5DMyJ9&_nc_ohc=lahhkTUGus0Q7kNvwGok1_K&_nc_oc=AdruUmerbphKsaT0DpGP650VqntklAHoZ4_JBCOUV0bostfw8Ooe805--PBTOnBaWZE&_nc_ad=z-m&_nc_cid=0&_nc_zt=23&_nc_ht=instagram.fmad6-1.fna&_nc_gid=3EvugEUbQg_IgG9ZnJ6UhA&_nc_ss=7a22e&oh=00_AQI3nbuJihyXSte-Cfm7gW86ucHEkHoLZIvadzKe3M5V4A&oe=6A9A1B3A,https://www.instagram.com/p/DcexH1gDUD6/
Machadão Atacadista,Carnes / Aves,Linguiça de Frango Sadia 700g,14.99,27/08/2026,https://scontent-ams2-1.cdninstagram.com/v/t39.30808-6/787104328_1360550532831571_2281243341389434448_n.jpg?stp=dst-jpg_e35_tt6&_nc_cat=100&ig_cache_key=Mzk3MzE1NjQ3MTc1NjIxMzA2MQ%3D%3D.3-ccb7-5&ccb=7-5&_nc_sid=58cdad&efg=eyJ2ZW5jb2RlX3RhZyI6IkNBUk9VU0VMX0lURU0ueHBpZHMuMTYzOC5zZHIucmVndWxhcl9waG90by5DMyJ9&_nc_ohc=BsEfA1wdsJMQ7kNvwHgpmPZ&_nc_oc=Adq7h13PKXcAqcN4z7fv7REkzV8Zvc0JgloU8TzdMiZVa9SY2_bMxHz6Ah1i3WW-uS4&_nc_ad=z-m&_nc_cid=0&_nc_zt=23&_nc_ht=scontent-ams2-1.cdninstagram.com&_nc_gid=eaSov4kRguWIzndyEDFyGQ&_nc_ss=7a22e&oh=00_AQJs5Ai3x4B6qHdlmHaLjuJg94KI2i896bcpUhDA7wi6jw&oe=6A9A2C50,https://www.instagram.com/p/DcjfMcbkgCV/
Machadão Atacadista,Carnes / Aves,Linguiça de Frango Sadia 700g,14.99,27/08/2026,https://scontent-ams2-1.cdninstagram.com/v/t39.30808-6/787798079_1360550486164909_1488167338527184913_n.jpg?stp=dst-jpg_e35_tt6&_nc_cat=107&ig_cache_key=Mzk3MzE1NjQ3MjAzMzA0ODEyMg%3D%3D.3-ccb7-5&ccb=7-5&_nc_sid=58cdad&efg=eyJ2ZW5jb2RlX3RhZyI6IkNBUk9VU0VMX0lURU0ueHBpZHMuMTYzOC5zZHIucmVndWxhcl9waG90by5DMyJ9&_nc_ohc=_YSRXBR_xEAQ7kNvwEPyA0R&_nc_oc=Adod8FBZ1VIwdo7XMEeAFyY3M_eABxg3PxcIYc9Sokz5CWOsNdRGgwkbWB9mxmyi3mY&_nc_ad=z-m&_nc_cid=0&_nc_zt=23&_nc_ht=scontent-ams2-1.cdninstagram.com&_nc_gid=eaSov4kRguWIzndyEDFyGQ&_nc_ss=7a22e&oh=00_AQICQRsanDJxQLmHBBYmho3Rac6l9xK0buxZ-lp11p8Uww&oe=6A9A2815,https://www.instagram.com/p/DcjfMcbkgCV/
Supermercado São Pedro,Carnes / Aves,Filé de Peito de Frango Sassami Sadia 1kg,15.99,27/08/2026,https://scontent-waw2-1.cdninstagram.com/v/t39.30808-6/785993166_1505168978322885_7442982966970505933_n.jpg?stp=c0.0.1638.2048a_dst-jpg_e35_s1638x2048_tt6&_nc_cat=110&ig_cache_key=Mzk3MzI3Njk2ODM0NzI3MzQzNQ%3D%3D.3-ccb7-5&ccb=7-5&_nc_sid=58cdad&efg=eyJ2ZW5jb2RlX3RhZyI6IkNBUk9VU0VMX0lURU0ueHBpZHMuMTYzOS5zZHIucmVndWxhcl9waG90by5DMyJ9&_nc_ohc=5-K7ePTTbO0Q7kNvwFmWbXo&_nc_oc=Adp7zBbdLmFBERjpgu_RHa815wPv1C8SuAQiiMxQyCFcZOiBUch81L3oKaO-dOUxCgI&_nc_ad=z-m&_nc_cid=0&_nc_zt=23&_nc_ht=scontent-waw2-1.cdninstagram.com&_nc_gid=GU0bCad11P1ZuGVVY5hLEQ&_nc_ss=7a22e&oh=00_AQJ7br_D89Sc19hVHgpvn0y7snY0RL9lAEZSVvD3YHFiOw&oe=6A9A238E,https://www.instagram.com/p/Dcj6lyLlKpL/
Super Compras Supermercado,Carnes / Aves,Filé de Sassami de Frango kg,15.99,29/08/2026,https://instagram.fmel16-1.fna.fbcdn.net/v/t51.82787-15/787666404_18192892456391764_5631571009347207340_n.jpg?stp=dst-jpg_e35_tt6&_nc_cat=107&ig_cache_key=Mzk3NDAxMjM2OTYxNzUwODE0Ng%3D%3D.3-ccb7-5&ccb=7-5&_nc_sid=58cdad&efg=eyJ2ZW5jb2RlX3RhZyI6IkNBUk9VU0VMX0lURU0ueHBpZHMuMTQ0MC5zZHIucmVndWxhcl9waG90by5DMyJ9&_nc_ohc=YdVhHFKNO3AQ7kNvwGFOvh9&_nc_oc=Adoz3sPeZfQyx-NJVo2CNkBXRXWSN8mZqMZ7kbZHRnhfaUDqwU7_-efp4JhbRQUrvE4&_nc_ad=z-m&_nc_cid=0&_nc_zt=23&_nc_ht=instagram.fmel16-1.fna&_nc_gid=0dsUxJDd5nGRr_VHaZPIKw&_nc_ss=7a22e&oh=00_AQKc5x6FtYbs8rhD4qlSSLaWCxV2Lq5SxXpP_DvRBWysLw&oe=6A9A1A1A,https://www.instagram.com/p/DcmhzwZjQj_/
Machadão Atacadista,Carnes / Aves,Filé de Peito de Frango Seara 1kg,19.79,27/08/2026,https://scontent-ams2-1.cdninstagram.com/v/t39.30808-6/787104328_1360550532831571_2281243341389434448_n.jpg?stp=dst-jpg_e35_tt6&_nc_cat=100&ig_cache_key=Mzk3MzE1NjQ3MTc1NjIxMzA2MQ%3D%3D.3-ccb7-5&ccb=7-5&_nc_sid=58cdad&efg=eyJ2ZW5jb2RlX3RhZyI6IkNBUk9VU0VMX0lURU0ueHBpZHMuMTYzOC5zZHIucmVndWxhcl9waG90by5DMyJ9&_nc_ohc=BsEfA1wdsJMQ7kNvwHgpmPZ&_nc_oc=Adq7h13PKXcAqcN4z7fv7REkzV8Zvc0JgloU8TzdMiZVa9SY2_bMxHz6Ah1i3WW-uS4&_nc_ad=z-m&_nc_cid=0&_nc_zt=23&_nc_ht=scontent-ams2-1.cdninstagram.com&_nc_gid=eaSov4kRguWIzndyEDFyGQ&_nc_ss=7a22e&oh=00_AQJs5Ai3x4B6qHdlmHaLjuJg94KI2i896bcpUhDA7wi6jw&oe=6A9A2C50,https://www.instagram.com/p/DcjfMcbkgCV/
Machadão Atacadista,Carnes / Aves,Filé de Peito de Frango Seara 1kg,19.79,27/08/2026,https://scontent-ams2-1.cdninstagram.com/v/t39.30808-6/787798079_1360550486164909_1488167338527184913_n.jpg?stp=dst-jpg_e35_tt6&_nc_cat=107&ig_cache_key=Mzk3MzE1NjQ3MjAzMzA0ODEyMg%3D%3D.3-ccb7-5&ccb=7-5&_nc_sid=58cdad&efg=eyJ2ZW5jb2RlX3RhZyI6IkNBUk9VU0VMX0lURU0ueHBpZHMuMTYzOC5zZHIucmVndWxhcl9waG90by5DMyJ9&_nc_ohc=_YSRXBR_xEAQ7kNvwEPyA0R&_nc_oc=Adod8FBZ1VIwdo7XMEeAFyY3M_eABxg3PxcIYc9Sokz5CWOsNdRGgwkbWB9mxmyi3mY&_nc_ad=z-m&_nc_cid=0&_nc_zt=23&_nc_ht=scontent-ams2-1.cdninstagram.com&_nc_gid=eaSov4kRguWIzndyEDFyGQ&_nc_ss=7a22e&oh=00_AQICQRsanDJxQLmHBBYmho3Rac6l9xK0buxZ-lp11p8Uww&oe=6A9A2815,https://www.instagram.com/p/DcjfMcbkgCV/
Machadão Atacadista,Carnes / Aves,Meio da Asa de Frango Canção 1kg,19.98,29/08/2026,https://instagram.fktw4-1.fna.fbcdn.net/v/t39.30808-6/788037845_1361504496069508_5961206056822063683_n.jpg?stp=dst-jpg_e35_tt6&_nc_cat=109&ig_cache_key=Mzk3NDAzNDk3MDYxNjE1OTA4NA%3D%3D.3-ccb7-5&ccb=7-5&_nc_sid=58cdad&efg=eyJ2ZW5jb2RlX3RhZyI6IkNBUk9VU0VMX0lURU0ueHBpZHMuMTYzOC5zZHIucmVndWxhcl9waG90by5DMyJ9&_nc_ohc=dkxjjGVbnS4Q7kNvwFadzFa&_nc_oc=AdqEAGU0KR5QSbEQbKQJTDugt7MnwEaUwJwR1PqkKXY6eXhNo2801H3dwVf8D0sCza0&_nc_ad=z-m&_nc_cid=0&_nc_zt=23&_nc_ht=instagram.fktw4-1.fna&_nc_gid=U3FqkMLv5y-ALyQYkbt5Mw&_nc_ss=7a22e&oh=00_AQLPML3ubnmRpXTxeRoksRCE1oOlsTiB_55oh1OxX0qC1g&oe=6A9A2B4A,https://www.instagram.com/p/Dcmm8QNDi4E/
Supermercado São Pedro,Carnes / Aves,Meio das Asas de Frango kg,24.99,28/08/2026,https://instagram.fmel12-1.fna.fbcdn.net/v/t51.82787-15/787853786_18195711469382122_4084613579796731411_n.jpg?stp=dst-jpg_e35_tt6&_nc_cat=101&ig_cache_key=Mzk3MzY3MjU2ODk4MzkzOTE2MQ%3D%3D.3-ccb7-5&ccb=7-5&_nc_sid=58cdad&efg=eyJ2ZW5jb2RlX3RhZyI6IkNBUk9VU0VMX0lURU0ueHBpZHMuMTA4MS5zZHIucmVndWxhcl9waG90by5DMyJ9&_nc_ohc=YRh7I8l8B0QQ7kNvwGdAJcX&_nc_oc=AdpPFrFVFOOLfktOFO-uBxNDS-W6HHpojk5Touou58S8jINtkZ1DNVomemzZYPg0FWdBLUkWaXwQ37rxr4WQSkGd&_nc_ad=z-m&_nc_cid=1032&_nc_zt=23&_nc_ht=instagram.fmel12-1.fna&_nc_gid=BrePjm_PQQaChn7TWqupaw&_nc_ss=7a22e&oh=00_AQIuOgNtKauL6mK0H-Z9C3rwj8WiGGPEmV8rOHCE4knopQ&oe=6A9A0007,https://www.instagram.com/p/DclUqI1G7TG/
Supermercado São Pedro,Carnes / Bovina,Paleta Suína kg,8.98,25/08/2026,https://instagram.fmad6-1.fna.fbcdn.net/v/t39.30808-6/784428542_1503489418490841_697405957732902936_n.jpg?stp=dst-jpg_e35_tt6&_nc_cat=102&ig_cache_key=Mzk3MTgyNzk2NDE0ODc5MzU5NA%3D%3D.3-ccb7-5&ccb=7-5&_nc_sid=58cdad&efg=eyJ2ZW5jb2RlX3RhZyI6IkZFRUQueHBpZHMuMTYzOS5zZHIucmVndWxhcl9waG90by5DMyJ9&_nc_ohc=lahhkTUGus0Q7kNvwGok1_K&_nc_oc=AdruUmerbphKsaT0DpGP650VqntklAHoZ4_JBCOUV0bostfw8Ooe805--PBTOnBaWZE&_nc_ad=z-m&_nc_cid=0&_nc_zt=23&_nc_ht=instagram.fmad6-1.fna&_nc_gid=3EvugEUbQg_IgG9ZnJ6UhA&_nc_ss=7a22e&oh=00_AQI3nbuJihyXSte-Cfm7gW86ucHEkHoLZIvadzKe3M5V4A&oe=6A9A1B3A,https://www.instagram.com/p/DcexH1gDUD6/
Super Compras Supermercado,Carnes / Bovina,Paleta Suína kg,9.99,29/08/2026,https://instagram.fmel16-1.fna.fbcdn.net/v/t51.82787-15/787666404_18192892456391764_5631571009347207340_n.jpg?stp=dst-jpg_e35_tt6&_nc_cat=107&ig_cache_key=Mzk3NDAxMjM2OTYxNzUwODE0Ng%3D%3D.3-ccb7-5&ccb=7-5&_nc_sid=58cdad&efg=eyJ2ZW5jb2RlX3RhZyI6IkNBUk9VU0VMX0lURU0ueHBpZHMuMTQ0MC5zZHIucmVndWxhcl9waG90by5DMyJ9&_nc_ohc=YdVhHFKNO3AQ7kNvwGFOvh9&_nc_oc=Adoz3sPeZfQyx-NJVo2CNkBXRXWSN8mZqMZ7kbZHRnhfaUDqwU7_-efp4JhbRQUrvE4&_nc_ad=z-m&_nc_cid=0&_nc_zt=23&_nc_ht=instagram.fmel16-1.fna&_nc_gid=0dsUxJDd5nGRr_VHaZPIKw&_nc_ss=7a22e&oh=00_AQKc5x6FtYbs8rhD4qlSSLaWCxV2Lq5SxXpP_DvRBWysLw&oe=6A9A1A1A,https://www.instagram.com/p/DcmhzwZjQj_/
Bom Jesus Primavera do Leste 🛒,Carnes / Bovina,Pernil e Paleta Suína Ochove kg,9.99,26/08/2026,https://instagram.fbrs5-1.fna.fbcdn.net/v/t51.82787-15/786656678_18374533654237813_1357775697752571265_n.jpg?stp=dst-jpg_e35_tt6&_nc_cat=102&ig_cache_key=Mzk3MjE2ODE2MTUzODk3MjI2NA%3D%3D.3-ccb7-5&ccb=7-5&_nc_sid=58cdad&efg=eyJ2ZW5jb2RlX3RhZyI6IkNBUk9VU0VMX0lURU0ueHBpZHMuMTA4MC5zZHIucmVndWxhcl9waG90by5DMyJ9&_nc_ohc=Mj0L67ZiF7MQ7kNvwH_0QMc&_nc_oc=Adr25tWLpP9ms5HeKFd95LTuA3CRs8ftuBGE37H4zcHX-mo3vbVmTJeWs0SDNJAn_1Oey4OrCvDThwxT8uU_3L_h&_nc_ad=z-m&_nc_cid=0&_nc_zt=23&_nc_ht=instagram.fbrs5-1.fna&_nc_gid=FVVvNVZhEOJqV9RXmJt1bQ&_nc_ss=7a22e&oh=00_AQIxeVAM4dq1BNphResA16TkSEqSHeaiNJYOfF08baaWXQ&oe=6A9A22E5,https://www.instagram.com/p/Dcf-fgoloPJ/
Machadão Atacadista,Carnes / Bovina,Pernil Ou Paleta Suína kg,10.98,29/08/2026,https://instagram.fktw4-1.fna.fbcdn.net/v/t39.30808-6/788037845_1361504496069508_5961206056822063683_n.jpg?stp=dst-jpg_e35_tt6&_nc_cat=109&ig_cache_key=Mzk3NDAzNDk3MDYxNjE1OTA4NA%3D%3D.3-ccb7-5&ccb=7-5&_nc_sid=58cdad&efg=eyJ2ZW5jb2RlX3RhZyI6IkNBUk9VU0VMX0lURU0ueHBpZHMuMTYzOC5zZHIucmVndWxhcl9waG90by5DMyJ9&_nc_ohc=dkxjjGVbnS4Q7kNvwFadzFa&_nc_oc=AdqEAGU0KR5QSbEQbKQJTDugt7MnwEaUwJwR1PqkKXY6eXhNo2801H3dwVf8D0sCza0&_nc_ad=z-m&_nc_cid=0&_nc_zt=23&_nc_ht=instagram.fktw4-1.fna&_nc_gid=U3FqkMLv5y-ALyQYkbt5Mw&_nc_ss=7a22e&oh=00_AQLPML3ubnmRpXTxeRoksRCE1oOlsTiB_55oh1OxX0qC1g&oe=6A9A2B4A,https://www.instagram.com/p/Dcmm8QNDi4E/
Bom Jesus Primavera do Leste 🛒,Carnes / Bovina,Bisteca Suína Excelência kg,12.99,26/08/2026,https://instagram.fbrs5-1.fna.fbcdn.net/v/t51.82787-15/786656678_18374533654237813_1357775697752571265_n.jpg?stp=dst-jpg_e35_tt6&_nc_cat=102&ig_cache_key=Mzk3MjE2ODE2MTUzODk3MjI2NA%3D%3D.3-ccb7-5&ccb=7-5&_nc_sid=58cdad&efg=eyJ2ZW5jb2RlX3RhZyI6IkNBUk9VU0VMX0lURU0ueHBpZHMuMTA4MC5zZHIucmVndWxhcl9waG90by5DMyJ9&_nc_ohc=Mj0L67ZiF7MQ7kNvwH_0QMc&_nc_oc=Adr25tWLpP9ms5HeKFd95LTuA3CRs8ftuBGE37H4zcHX-mo3vbVmTJeWs0SDNJAn_1Oey4OrCvDThwxT8uU_3L_h&_nc_ad=z-m&_nc_cid=0&_nc_zt=23&_nc_ht=instagram.fbrs5-1.fna&_nc_gid=FVVvNVZhEOJqV9RXmJt1bQ&_nc_ss=7a22e&oh=00_AQIxeVAM4dq1BNphResA16TkSEqSHeaiNJYOfF08baaWXQ&oe=6A9A22E5,https://www.instagram.com/p/Dcf-fgoloPJ/
Bom Jesus Primavera do Leste 🛒,Carnes / Bovina,Bisteca Suína Excelência kg,12.99,28/08/2026,https://scontent-lhr11-1.cdninstagram.com/v/t51.82787-15/786853630_18374942971237813_3112147777905981087_n.jpg?stp=dst-jpg_e35_tt6&_nc_cat=107&ig_cache_key=Mzk3Mzk3Nzc3OTE1MzU1MzcyNQ%3D%3D.3-ccb7-5&ccb=7-5&_nc_sid=58cdad&efg=eyJ2ZW5jb2RlX3RhZyI6IkNBUk9VU0VMX0lURU0ueHBpZHMuMTA4MC5zZHIucmVndWxhcl9waG90by5DMyJ9&_nc_ohc=X2aB_pDnUvgQ7kNvwGJYCo1&_nc_oc=AdoY3nFRwspWxSa0r6nAzhmdb2IeHhn0GzEMt3R7bh7xfvUvBFtPvJ-N6RF9j6jliyB7YJsAKvj5O6IE4yCYDw16&_nc_ad=z-m&_nc_cid=0&_nc_zt=23&_nc_ht=scontent-lhr11-1.cdninstagram.com&_nc_gid=UC3DCxA2tHR5SHtq_3JTew&_nc_ss=7a22e&oh=00_AQKD_RQMWVlNJNpzp_tEs5ZeXVVFk9RInKTlJVMOBlyupg&oe=6A9A18E4,https://www.instagram.com/p/DcmZ8cDD400/
Machadão Atacadista,Carnes / Bovina,Bisteca Suína kg,13.9,29/08/2026,https://instagram.fktw4-1.fna.fbcdn.net/v/t39.30808-6/788037845_1361504496069508_5961206056822063683_n.jpg?stp=dst-jpg_e35_tt6&_nc_cat=109&ig_cache_key=Mzk3NDAzNDk3MDYxNjE1OTA4NA%3D%3D.3-ccb7-5&ccb=7-5&_nc_sid=58cdad&efg=eyJ2ZW5jb2RlX3RhZyI6IkNBUk9VU0VMX0lURU0ueHBpZHMuMTYzOC5zZHIucmVndWxhcl9waG90by5DMyJ9&_nc_ohc=dkxjjGVbnS4Q7kNvwFadzFa&_nc_oc=AdqEAGU0KR5QSbEQbKQJTDugt7MnwEaUwJwR1PqkKXY6eXhNo2801H3dwVf8D0sCza0&_nc_ad=z-m&_nc_cid=0&_nc_zt=23&_nc_ht=instagram.fktw4-1.fna&_nc_gid=U3FqkMLv5y-ALyQYkbt5Mw&_nc_ss=7a22e&oh=00_AQLPML3ubnmRpXTxeRoksRCE1oOlsTiB_55oh1OxX0qC1g&oe=6A9A2B4A,https://www.instagram.com/p/Dcmm8QNDi4E/
Machadão Atacadista,Carnes / Bovina,Costela Suína kg,15.9,29/08/2026,https://instagram.fktw4-1.fna.fbcdn.net/v/t39.30808-6/788037845_1361504496069508_5961206056822063683_n.jpg?stp=dst-jpg_e35_tt6&_nc_cat=109&ig_cache_key=Mzk3NDAzNDk3MDYxNjE1OTA4NA%3D%3D.3-ccb7-5&ccb=7-5&_nc_sid=58cdad&efg=eyJ2ZW5jb2RlX3RhZyI6IkNBUk9VU0VMX0lURU0ueHBpZHMuMTYzOC5zZHIucmVndWxhcl9waG90by5DMyJ9&_nc_ohc=dkxjjGVbnS4Q7kNvwFadzFa&_nc_oc=AdqEAGU0KR5QSbEQbKQJTDugt7MnwEaUwJwR1PqkKXY6eXhNo2801H3dwVf8D0sCza0&_nc_ad=z-m&_nc_cid=0&_nc_zt=23&_nc_ht=instagram.fktw4-1.fna&_nc_gid=U3FqkMLv5y-ALyQYkbt5Mw&_nc_ss=7a22e&oh=00_AQLPML3ubnmRpXTxeRoksRCE1oOlsTiB_55oh1OxX0qC1g&oe=6A9A2B4A,https://www.instagram.com/p/Dcmm8QNDi4E/
Supermercado Tuiuiú,Carnes / Bovina,Costela Suína kg,15.99,28/08/2026,https://instagram.fbne11-1.fna.fbcdn.net/v/t39.30808-6/784232177_1720016766798808_2199971508535547197_n.jpg?stp=dst-jpg_e35_tt6&_nc_cat=111&ig_cache_key=Mzk3MzM0Mjg3OTgyMjMyNDE3Mg%3D%3D.3-ccb7-5&ccb=7-5&_nc_sid=58cdad&efg=eyJ2ZW5jb2RlX3RhZyI6IkNBUk9VU0VMX0lURU0ueHBpZHMuMTI1NC5zZHIucmVndWxhcl9waG90by5DMyJ9&_nc_ohc=p0-_YO7HB9IQ7kNvwGHqzBn&_nc_oc=Ado8Skm6tsEZhNalUBguBQC5EVAJStM3Tp4RV-2XO68FmA0wD7l1CI_hroKB7HjlzL49KLkj-C6sLZNYa5CNaay0&_nc_ad=z-m&_nc_cid=0&_nc_zt=23&_nc_ht=instagram.fbne11-1.fna&_nc_gid=TyXdyDMvXWTfqtmX-TW3yw&_nc_ss=7a22e&oh=00_AQK4LECWt-iWER6qh3vpsm29gvKOvkHqP7nxKVwiQ4dlNw&oe=6A9A0A64,https://www.instagram.com/p/DckJlYyI3Tu/
Super Compras Supermercado,Carnes / Bovina,Costela Suína kg,17.99,29/08/2026,https://instagram.fmel16-1.fna.fbcdn.net/v/t51.82787-15/787666404_18192892456391764_5631571009347207340_n.jpg?stp=dst-jpg_e35_tt6&_nc_cat=107&ig_cache_key=Mzk3NDAxMjM2OTYxNzUwODE0Ng%3D%3D.3-ccb7-5&ccb=7-5&_nc_sid=58cdad&efg=eyJ2ZW5jb2RlX3RhZyI6IkNBUk9VU0VMX0lURU0ueHBpZHMuMTQ0MC5zZHIucmVndWxhcl9waG90by5DMyJ9&_nc_ohc=YdVhHFKNO3AQ7kNvwGFOvh9&_nc_oc=Adoz3sPeZfQyx-NJVo2CNkBXRXWSN8mZqMZ7kbZHRnhfaUDqwU7_-efp4JhbRQUrvE4&_nc_ad=z-m&_nc_cid=0&_nc_zt=23&_nc_ht=instagram.fmel16-1.fna&_nc_gid=0dsUxJDd5nGRr_VHaZPIKw&_nc_ss=7a22e&oh=00_AQKc5x6FtYbs8rhD4qlSSLaWCxV2Lq5SxXpP_DvRBWysLw&oe=6A9A1A1A,https://www.instagram.com/p/DcmhzwZjQj_/
Bom Jesus Primavera do Leste 🛒,Carnes / Bovina,Costela Suína Excelência kg,17.99,28/08/2026,https://scontent-lhr11-1.cdninstagram.com/v/t51.82787-15/786853630_18374942971237813_3112147777905981087_n.jpg?stp=dst-jpg_e35_tt6&_nc_cat=107&ig_cache_key=Mzk3Mzk3Nzc3OTE1MzU1MzcyNQ%3D%3D.3-ccb7-5&ccb=7-5&_nc_sid=58cdad&efg=eyJ2ZW5jb2RlX3RhZyI6IkNBUk9VU0VMX0lURU0ueHBpZHMuMTA4MC5zZHIucmVndWxhcl9waG90by5DMyJ9&_nc_ohc=X2aB_pDnUvgQ7kNvwGJYCo1&_nc_oc=AdoY3nFRwspWxSa0r6nAzhmdb2IeHhn0GzEMt3R7bh7xfvUvBFtPvJ-N6RF9j6jliyB7YJsAKvj5O6IE4yCYDw16&_nc_ad=z-m&_nc_cid=0&_nc_zt=23&_nc_ht=scontent-lhr11-1.cdninstagram.com&_nc_gid=UC3DCxA2tHR5SHtq_3JTew&_nc_ss=7a22e&oh=00_AQKD_RQMWVlNJNpzp_tEs5ZeXVVFk9RInKTlJVMOBlyupg&oe=6A9A18E4,https://www.instagram.com/p/DcmZ8cDD400/
Supermercado Tuiuiú,Carnes / Bovina,Costela Fina kg,18.99,29/08/2026,https://scontent-yyz1-1.cdninstagram.com/v/t51.82787-15/791045407_18582509014067900_6295115100514269558_n.jpg?stp=dst-jpg_e35_tt6&_nc_cat=101&ig_cache_key=Mzk3NDc1NDgyNzQxMDc1ODQzMA%3D%3D.3-ccb7-5&ccb=7-5&_nc_sid=58cdad&efg=eyJ2ZW5jb2RlX3RhZyI6IkNBUk9VU0VMX0lURU0ueHBpZHMuMTA4MC5zZHIucmVndWxhcl9waG90by5DMyJ9&_nc_ohc=4s6XsQUyXIQQ7kNvwF1jyOO&_nc_oc=Adr3nx_Wpo07tDAdfajwv-lwO--SvzOPnFxaIsqPwDRUDNvdsjhebJGflMOT85Evjxw&_nc_ad=z-m&_nc_cid=0&_nc_zt=23&_nc_ht=scontent-yyz1-1.cdninstagram.com&_nc_gid=7I6Za5YvWkMTEeME03vltA&_nc_ss=7a22e&oh=00_AQIwCTOPVgs0b0rFyL_qDr4I6xNkUBUwfrbegCoiGvtsXg&oe=6A9A1D3F,https://www.instagram.com/p/DcpKopsjwHG/
Supermercado Tuiuiú,Carnes / Bovina,Costela Grossa kg,18.99,29/08/2026,https://scontent-yyz1-1.cdninstagram.com/v/t51.82787-15/791045407_18582509014067900_6295115100514269558_n.jpg?stp=dst-jpg_e35_tt6&_nc_cat=101&ig_cache_key=Mzk3NDc1NDgyNzQxMDc1ODQzMA%3D%3D.3-ccb7-5&ccb=7-5&_nc_sid=58cdad&efg=eyJ2ZW5jb2RlX3RhZyI6IkNBUk9VU0VMX0lURU0ueHBpZHMuMTA4MC5zZHIucmVndWxhcl9waG90by5DMyJ9&_nc_ohc=4s6XsQUyXIQQ7kNvwF1jyOO&_nc_oc=Adr3nx_Wpo07tDAdfajwv-lwO--SvzOPnFxaIsqPwDRUDNvdsjhebJGflMOT85Evjxw&_nc_ad=z-m&_nc_cid=0&_nc_zt=23&_nc_ht=scontent-yyz1-1.cdninstagram.com&_nc_gid=7I6Za5YvWkMTEeME03vltA&_nc_ss=7a22e&oh=00_AQIwCTOPVgs0b0rFyL_qDr4I6xNkUBUwfrbegCoiGvtsXg&oe=6A9A1D3F,https://www.instagram.com/p/DcpKopsjwHG/
Supermercado Tuiuiú,Carnes / Bovina,Costela Bovina Fina kg,18.99,28/08/2026,https://instagram.fbne11-1.fna.fbcdn.net/v/t39.30808-6/784232177_1720016766798808_2199971508535547197_n.jpg?stp=dst-jpg_e35_tt6&_nc_cat=111&ig_cache_key=Mzk3MzM0Mjg3OTgyMjMyNDE3Mg%3D%3D.3-ccb7-5&ccb=7-5&_nc_sid=58cdad&efg=eyJ2ZW5jb2RlX3RhZyI6IkNBUk9VU0VMX0lURU0ueHBpZHMuMTI1NC5zZHIucmVndWxhcl9waG90by5DMyJ9&_nc_ohc=p0-_YO7HB9IQ7kNvwGHqzBn&_nc_oc=Ado8Skm6tsEZhNalUBguBQC5EVAJStM3Tp4RV-2XO68FmA0wD7l1CI_hroKB7HjlzL49KLkj-C6sLZNYa5CNaay0&_nc_ad=z-m&_nc_cid=0&_nc_zt=23&_nc_ht=instagram.fbne11-1.fna&_nc_gid=TyXdyDMvXWTfqtmX-TW3yw&_nc_ss=7a22e&oh=00_AQK4LECWt-iWER6qh3vpsm29gvKOvkHqP7nxKVwiQ4dlNw&oe=6A9A0A64,https://www.instagram.com/p/DckJlYyI3Tu/
Supermercado Tuiuiú,Carnes / Bovina,Costela Bovina Grossa kg,18.99,28/08/2026,https://instagram.fbne11-1.fna.fbcdn.net/v/t39.30808-6/784232177_1720016766798808_2199971508535547197_n.jpg?stp=dst-jpg_e35_tt6&_nc_cat=111&ig_cache_key=Mzk3MzM0Mjg3OTgyMjMyNDE3Mg%3D%3D.3-ccb7-5&ccb=7-5&_nc_sid=58cdad&efg=eyJ2ZW5jb2RlX3RhZyI6IkNBUk9VU0VMX0lURU0ueHBpZHMuMTI1NC5zZHIucmVndWxhcl9waG90by5DMyJ9&_nc_ohc=p0-_YO7HB9IQ7kNvwGHqzBn&_nc_oc=Ado8Skm6tsEZhNalUBguBQC5EVAJStM3Tp4RV-2XO68FmA0wD7l1CI_hroKB7HjlzL49KLkj-C6sLZNYa5CNaay0&_nc_ad=z-m&_nc_cid=0&_nc_zt=23&_nc_ht=instagram.fbne11-1.fna&_nc_gid=TyXdyDMvXWTfqtmX-TW3yw&_nc_ss=7a22e&oh=00_AQK4LECWt-iWER6qh3vpsm29gvKOvkHqP7nxKVwiQ4dlNw&oe=6A9A0A64,https://www.instagram.com/p/DckJlYyI3Tu/
Super Compras Supermercado,Carnes / Bovina,Costela Bovina kg,21.99,29/08/2026,https://instagram.fmel16-1.fna.fbcdn.net/v/t51.82787-15/787743920_18192892438391764_3005082908538598587_n.jpg?stp=dst-jpg_e35_tt6&_nc_cat=110&ig_cache_key=Mzk3NDAxMjMzNjQ5MTI3ODEzMg%3D%3D.3-ccb7-5&ccb=7-5&_nc_sid=58cdad&efg=eyJ2ZW5jb2RlX3RhZyI6IkNBUk9VU0VMX0lURU0ueHBpZHMuMTQ0MC5zZHIucmVndWxhcl9waG90by5DMyJ9&_nc_ohc=jo3tVs9LzLkQ7kNvwHsHub2&_nc_oc=AdrMyAysXN6oamvJE4SMujPVCMnhvU3LLhmWnyi1JM16qKwKknFF2mpc8Utu8e7vL3U&_nc_ad=z-m&_nc_cid=0&_nc_zt=23&_nc_ht=instagram.fmel16-1.fna&_nc_gid=0dsUxJDd5nGRr_VHaZPIKw&_nc_ss=7a22e&oh=00_AQLEnRR2_CeI0y9HiiZHKqzTSjOWgHlOYdrn-WxahO9FXw&oe=6A9A1EBB,https://www.instagram.com/p/DcmhzwZjQj_/
Bom Jesus Primavera do Leste 🛒,Carnes / Bovina,Acém e Músculo com Osso Sulbeef kg,21.99,26/08/2026,https://instagram.fbrs5-1.fna.fbcdn.net/v/t51.82787-15/786837850_18374533663237813_2968687181146751427_n.jpg?stp=dst-jpg_e35_tt6&_nc_cat=100&ig_cache_key=Mzk3MjE2ODE2MTY3MzMwMjgxMg%3D%3D.3-ccb7-5&ccb=7-5&_nc_sid=58cdad&efg=eyJ2ZW5jb2RlX3RhZyI6IkNBUk9VU0VMX0lURU0ueHBpZHMuMTA4MC5zZHIucmVndWxhcl9waG90by5DMyJ9&_nc_ohc=SYZyJZ31VbUQ7kNvwFBsR-U&_nc_oc=AdoHZbQ476cMGVABL7UZpf1dksba14W9_igLNbUjpRPQLM6S_mqdXvnrZo4TQlvcwRuJjOPhyf4DjcIIMYH5Bvuv&_nc_ad=z-m&_nc_cid=0&_nc_zt=23&_nc_ht=instagram.fbrs5-1.fna&_nc_gid=FVVvNVZhEOJqV9RXmJt1bQ&_nc_ss=7a22e&oh=00_AQKOljRMVIyz6gHSwS70LdbltEhxw_eEYW-9Qg5VWvHViQ&oe=6A9A2D0B,https://www.instagram.com/p/Dcf-fgoloPJ/
Supermercado São Pedro,Carnes / Bovina,Costela Suína kg,22.99,28/08/2026,https://instagram.fmel12-1.fna.fbcdn.net/v/t51.82787-15/787853786_18195711469382122_4084613579796731411_n.jpg?stp=dst-jpg_e35_tt6&_nc_cat=101&ig_cache_key=Mzk3MzY3MjU2ODk4MzkzOTE2MQ%3D%3D.3-ccb7-5&ccb=7-5&_nc_sid=58cdad&efg=eyJ2ZW5jb2RlX3RhZyI6IkNBUk9VU0VMX0lURU0ueHBpZHMuMTA4MS5zZHIucmVndWxhcl9waG90by5DMyJ9&_nc_ohc=YRh7I8l8B0QQ7kNvwGdAJcX&_nc_oc=AdpPFrFVFOOLfktOFO-uBxNDS-W6HHpojk5Touou58S8jINtkZ1DNVomemzZYPg0FWdBLUkWaXwQ37rxr4WQSkGd&_nc_ad=z-m&_nc_cid=1032&_nc_zt=23&_nc_ht=instagram.fmel12-1.fna&_nc_gid=BrePjm_PQQaChn7TWqupaw&_nc_ss=7a22e&oh=00_AQIuOgNtKauL6mK0H-Z9C3rwj8WiGGPEmV8rOHCE4knopQ&oe=6A9A0007,https://www.instagram.com/p/DclUqI1G7TG/
Supermercado São Pedro,Carnes / Bovina,Acém Bovino com Osso kg,23.48,25/08/2026,https://instagram.fmad6-1.fna.fbcdn.net/v/t39.30808-6/784428542_1503489418490841_697405957732902936_n.jpg?stp=dst-jpg_e35_tt6&_nc_cat=102&ig_cache_key=Mzk3MTgyNzk2NDE0ODc5MzU5NA%3D%3D.3-ccb7-5&ccb=7-5&_nc_sid=58cdad&efg=eyJ2ZW5jb2RlX3RhZyI6IkZFRUQueHBpZHMuMTYzOS5zZHIucmVndWxhcl9waG90by5DMyJ9&_nc_ohc=lahhkTUGus0Q7kNvwGok1_K&_nc_oc=AdruUmerbphKsaT0DpGP650VqntklAHoZ4_JBCOUV0bostfw8Ooe805--PBTOnBaWZE&_nc_ad=z-m&_nc_cid=0&_nc_zt=23&_nc_ht=instagram.fmad6-1.fna&_nc_gid=3EvugEUbQg_IgG9ZnJ6UhA&_nc_ss=7a22e&oh=00_AQI3nbuJihyXSte-Cfm7gW86ucHEkHoLZIvadzKe3M5V4A&oe=6A9A1B3A,https://www.instagram.com/p/DcexH1gDUD6/
Machadão Atacadista,Carnes / Bovina,Costela Bovina Ripa kg,23.9,29/08/2026,https://instagram.fktw4-1.fna.fbcdn.net/v/t39.30808-6/788037845_1361504496069508_5961206056822063683_n.jpg?stp=dst-jpg_e35_tt6&_nc_cat=109&ig_cache_key=Mzk3NDAzNDk3MDYxNjE1OTA4NA%3D%3D.3-ccb7-5&ccb=7-5&_nc_sid=58cdad&efg=eyJ2ZW5jb2RlX3RhZyI6IkNBUk9VU0VMX0lURU0ueHBpZHMuMTYzOC5zZHIucmVndWxhcl9waG90by5DMyJ9&_nc_ohc=dkxjjGVbnS4Q7kNvwFadzFa&_nc_oc=AdqEAGU0KR5QSbEQbKQJTDugt7MnwEaUwJwR1PqkKXY6eXhNo2801H3dwVf8D0sCza0&_nc_ad=z-m&_nc_cid=0&_nc_zt=23&_nc_ht=instagram.fktw4-1.fna&_nc_gid=U3FqkMLv5y-ALyQYkbt5Mw&_nc_ss=7a22e&oh=00_AQLPML3ubnmRpXTxeRoksRCE1oOlsTiB_55oh1OxX0qC1g&oe=6A9A2B4A,https://www.instagram.com/p/Dcmm8QNDi4E/
Supermercado São Pedro,Carnes / Bovina,Paleta Bovina com Osso kg,24.48,25/08/2026,https://instagram.fmad6-1.fna.fbcdn.net/v/t39.30808-6/784428542_1503489418490841_697405957732902936_n.jpg?stp=dst-jpg_e35_tt6&_nc_cat=102&ig_cache_key=Mzk3MTgyNzk2NDE0ODc5MzU5NA%3D%3D.3-ccb7-5&ccb=7-5&_nc_sid=58cdad&efg=eyJ2ZW5jb2RlX3RhZyI6IkZFRUQueHBpZHMuMTYzOS5zZHIucmVndWxhcl9waG90by5DMyJ9&_nc_ohc=lahhkTUGus0Q7kNvwGok1_K&_nc_oc=AdruUmerbphKsaT0DpGP650VqntklAHoZ4_JBCOUV0bostfw8Ooe805--PBTOnBaWZE&_nc_ad=z-m&_nc_cid=0&_nc_zt=23&_nc_ht=instagram.fmad6-1.fna&_nc_gid=3EvugEUbQg_IgG9ZnJ6UhA&_nc_ss=7a22e&oh=00_AQI3nbuJihyXSte-Cfm7gW86ucHEkHoLZIvadzKe3M5V4A&oe=6A9A1B3A,https://www.instagram.com/p/DcexH1gDUD6/
Supermercado São Pedro,Carnes / Bovina,Costela Bovina kg,24.99,27/08/2026,https://scontent-waw2-1.cdninstagram.com/v/t39.30808-6/785993166_1505168978322885_7442982966970505933_n.jpg?stp=c0.0.1638.2048a_dst-jpg_e35_s1638x2048_tt6&_nc_cat=110&ig_cache_key=Mzk3MzI3Njk2ODM0NzI3MzQzNQ%3D%3D.3-ccb7-5&ccb=7-5&_nc_sid=58cdad&efg=eyJ2ZW5jb2RlX3RhZyI6IkNBUk9VU0VMX0lURU0ueHBpZHMuMTYzOS5zZHIucmVndWxhcl9waG90by5DMyJ9&_nc_ohc=5-K7ePTTbO0Q7kNvwFmWbXo&_nc_oc=Adp7zBbdLmFBERjpgu_RHa815wPv1C8SuAQiiMxQyCFcZOiBUch81L3oKaO-dOUxCgI&_nc_ad=z-m&_nc_cid=0&_nc_zt=23&_nc_ht=scontent-waw2-1.cdninstagram.com&_nc_gid=GU0bCad11P1ZuGVVY5hLEQ&_nc_ss=7a22e&oh=00_AQJ7br_D89Sc19hVHgpvn0y7snY0RL9lAEZSVvD3YHFiOw&oe=6A9A238E,https://www.instagram.com/p/Dcj6lyLlKpL/
Machadão Atacadista,Carnes / Bovina,Acém Bovino kg,25.9,29/08/2026,https://instagram.fktw4-1.fna.fbcdn.net/v/t39.30808-6/788037845_1361504496069508_5961206056822063683_n.jpg?stp=dst-jpg_e35_tt6&_nc_cat=109&ig_cache_key=Mzk3NDAzNDk3MDYxNjE1OTA4NA%3D%3D.3-ccb7-5&ccb=7-5&_nc_sid=58cdad&efg=eyJ2ZW5jb2RlX3RhZyI6IkNBUk9VU0VMX0lURU0ueHBpZHMuMTYzOC5zZHIucmVndWxhcl9waG90by5DMyJ9&_nc_ohc=dkxjjGVbnS4Q7kNvwFadzFa&_nc_oc=AdqEAGU0KR5QSbEQbKQJTDugt7MnwEaUwJwR1PqkKXY6eXhNo2801H3dwVf8D0sCza0&_nc_ad=z-m&_nc_cid=0&_nc_zt=23&_nc_ht=instagram.fktw4-1.fna&_nc_gid=U3FqkMLv5y-ALyQYkbt5Mw&_nc_ss=7a22e&oh=00_AQLPML3ubnmRpXTxeRoksRCE1oOlsTiB_55oh1OxX0qC1g&oe=6A9A2B4A,https://www.instagram.com/p/Dcmm8QNDi4E/
Machadão Atacadista,Carnes / Bovina,Picanha Suína Excelência kg,27.9,29/08/2026,https://instagram.fktw4-1.fna.fbcdn.net/v/t39.30808-6/788037845_1361504496069508_5961206056822063683_n.jpg?stp=dst-jpg_e35_tt6&_nc_cat=109&ig_cache_key=Mzk3NDAzNDk3MDYxNjE1OTA4NA%3D%3D.3-ccb7-5&ccb=7-5&_nc_sid=58cdad&efg=eyJ2ZW5jb2RlX3RhZyI6IkNBUk9VU0VMX0lURU0ueHBpZHMuMTYzOC5zZHIucmVndWxhcl9waG90by5DMyJ9&_nc_ohc=dkxjjGVbnS4Q7kNvwFadzFa&_nc_oc=AdqEAGU0KR5QSbEQbKQJTDugt7MnwEaUwJwR1PqkKXY6eXhNo2801H3dwVf8D0sCza0&_nc_ad=z-m&_nc_cid=0&_nc_zt=23&_nc_ht=instagram.fktw4-1.fna&_nc_gid=U3FqkMLv5y-ALyQYkbt5Mw&_nc_ss=7a22e&oh=00_AQLPML3ubnmRpXTxeRoksRCE1oOlsTiB_55oh1OxX0qC1g&oe=6A9A2B4A,https://www.instagram.com/p/Dcmm8QNDi4E/
Supermercado Tuiuiú,Carnes / Bovina,Corte Grill kg,27.99,28/08/2026,https://instagram.fbne11-1.fna.fbcdn.net/v/t39.30808-6/784321179_1720016750132143_1243001508239248716_n.jpg?stp=dst-jpg_e35_tt6&_nc_cat=109&ig_cache_key=Mzk3MzM0Mjg4MDE3NDY4MTI1NA%3D%3D.3-ccb7-5&ccb=7-5&_nc_sid=58cdad&efg=eyJ2ZW5jb2RlX3RhZyI6IkNBUk9VU0VMX0lURU0ueHBpZHMuMTI1NC5zZHIucmVndWxhcl9waG90by5DMyJ9&_nc_ohc=COO3PN8U09oQ7kNvwFUXr8U&_nc_oc=Adr-KFyQiyM8Dw3ENpWqnwn0TYRCGB92UKHPCPeYJrBvRy6qbuVUvgxqd12hk3_UV85OCSbtigT8z70Cf83RhwpL&_nc_ad=z-m&_nc_cid=0&_nc_zt=23&_nc_ht=instagram.fbne11-1.fna&_nc_gid=TyXdyDMvXWTfqtmX-TW3yw&_nc_ss=7a22e&oh=00_AQKc6xAxptYqHZIGqr1K2ft7fd0CiIrS_8Tzq0jv4xidNQ&oe=6A9A1CD9,https://www.instagram.com/p/DckJlYyI3Tu/
Supermercado Tuiuiú,Carnes / Bovina,Corte Americano kg,27.99,28/08/2026,https://instagram.fbne11-1.fna.fbcdn.net/v/t39.30808-6/784321179_1720016750132143_1243001508239248716_n.jpg?stp=dst-jpg_e35_tt6&_nc_cat=109&ig_cache_key=Mzk3MzM0Mjg4MDE3NDY4MTI1NA%3D%3D.3-ccb7-5&ccb=7-5&_nc_sid=58cdad&efg=eyJ2ZW5jb2RlX3RhZyI6IkNBUk9VU0VMX0lURU0ueHBpZHMuMTI1NC5zZHIucmVndWxhcl9waG90by5DMyJ9&_nc_ohc=COO3PN8U09oQ7kNvwFUXr8U&_nc_oc=Adr-KFyQiyM8Dw3ENpWqnwn0TYRCGB92UKHPCPeYJrBvRy6qbuVUvgxqd12hk3_UV85OCSbtigT8z70Cf83RhwpL&_nc_ad=z-m&_nc_cid=0&_nc_zt=23&_nc_ht=instagram.fbne11-1.fna&_nc_gid=TyXdyDMvXWTfqtmX-TW3yw&_nc_ss=7a22e&oh=00_AQKc6xAxptYqHZIGqr1K2ft7fd0CiIrS_8Tzq0jv4xidNQ&oe=6A9A1CD9,https://www.instagram.com/p/DckJlYyI3Tu/
Supermercado Tuiuiú,Carnes / Bovina,Corte Grill kg,29.99,29/08/2026,https://scontent-yyz1-1.cdninstagram.com/v/t51.82787-15/788493790_18582509032067900_5908567126790300069_n.jpg?stp=dst-jpg_e35_tt6&_nc_cat=109&ig_cache_key=Mzk3NDc1NDg1NzkyNzkxMjQwMQ%3D%3D.3-ccb7-5&ccb=7-5&_nc_sid=58cdad&efg=eyJ2ZW5jb2RlX3RhZyI6IkNBUk9VU0VMX0lURU0ueHBpZHMuMTA4MC5zZHIucmVndWxhcl9waG90by5DMyJ9&_nc_ohc=ZEEw91mmol0Q7kNvwH0RLXQ&_nc_oc=Ado6OgQODyfTTNaI8uTIkwIQRjfcUQNJ24Rte5Vum-x6P8CGrgk6-cbMBJG0xb1hb68&_nc_ad=z-m&_nc_cid=0&_nc_zt=23&_nc_ht=scontent-yyz1-1.cdninstagram.com&_nc_gid=7I6Za5YvWkMTEeME03vltA&_nc_ss=7a22e&oh=00_AQKxqU_Z5RtLNIdJb8EALxUkYrSmfuoEp2wh7XsHTFDl9g&oe=6A9A07F5,https://www.instagram.com/p/DcpKopsjwHG/
Supermercado São Pedro,Carnes / Bovina,Costela Bovina kg,29.99,28/08/2026,https://instagram.fmel12-1.fna.fbcdn.net/v/t51.82787-15/787853786_18195711469382122_4084613579796731411_n.jpg?stp=dst-jpg_e35_tt6&_nc_cat=101&ig_cache_key=Mzk3MzY3MjU2ODk4MzkzOTE2MQ%3D%3D.3-ccb7-5&ccb=7-5&_nc_sid=58cdad&efg=eyJ2ZW5jb2RlX3RhZyI6IkNBUk9VU0VMX0lURU0ueHBpZHMuMTA4MS5zZHIucmVndWxhcl9waG90by5DMyJ9&_nc_ohc=YRh7I8l8B0QQ7kNvwGdAJcX&_nc_oc=AdpPFrFVFOOLfktOFO-uBxNDS-W6HHpojk5Touou58S8jINtkZ1DNVomemzZYPg0FWdBLUkWaXwQ37rxr4WQSkGd&_nc_ad=z-m&_nc_cid=1032&_nc_zt=23&_nc_ht=instagram.fmel12-1.fna&_nc_gid=BrePjm_PQQaChn7TWqupaw&_nc_ss=7a22e&oh=00_AQIuOgNtKauL6mK0H-Z9C3rwj8WiGGPEmV8rOHCE4knopQ&oe=6A9A0007,https://www.instagram.com/p/DclUqI1G7TG/
Supermercado São Pedro,Carnes / Bovina,Bisteca Mineira kg,34.98,25/08/2026,https://instagram.fmad6-1.fna.fbcdn.net/v/t39.30808-6/784428542_1503489418490841_697405957732902936_n.jpg?stp=dst-jpg_e35_tt6&_nc_cat=102&ig_cache_key=Mzk3MTgyNzk2NDE0ODc5MzU5NA%3D%3D.3-ccb7-5&ccb=7-5&_nc_sid=58cdad&efg=eyJ2ZW5jb2RlX3RhZyI6IkZFRUQueHBpZHMuMTYzOS5zZHIucmVndWxhcl9waG90by5DMyJ9&_nc_ohc=lahhkTUGus0Q7kNvwGok1_K&_nc_oc=AdruUmerbphKsaT0DpGP650VqntklAHoZ4_JBCOUV0bostfw8Ooe805--PBTOnBaWZE&_nc_ad=z-m&_nc_cid=0&_nc_zt=23&_nc_ht=instagram.fmad6-1.fna&_nc_gid=3EvugEUbQg_IgG9ZnJ6UhA&_nc_ss=7a22e&oh=00_AQI3nbuJihyXSte-Cfm7gW86ucHEkHoLZIvadzKe3M5V4A&oe=6A9A1B3A,https://www.instagram.com/p/DcexH1gDUD6/
Supermercado Tuiuiú,Carnes / Bovina,Coxão Duro kg,34.99,28/08/2026,https://instagram.fbne11-1.fna.fbcdn.net/v/t39.30808-6/784321179_1720016750132143_1243001508239248716_n.jpg?stp=dst-jpg_e35_tt6&_nc_cat=109&ig_cache_key=Mzk3MzM0Mjg4MDE3NDY4MTI1NA%3D%3D.3-ccb7-5&ccb=7-5&_nc_sid=58cdad&efg=eyJ2ZW5jb2RlX3RhZyI6IkNBUk9VU0VMX0lURU0ueHBpZHMuMTI1NC5zZHIucmVndWxhcl9waG90by5DMyJ9&_nc_ohc=COO3PN8U09oQ7kNvwFUXr8U&_nc_oc=Adr-KFyQiyM8Dw3ENpWqnwn0TYRCGB92UKHPCPeYJrBvRy6qbuVUvgxqd12hk3_UV85OCSbtigT8z70Cf83RhwpL&_nc_ad=z-m&_nc_cid=0&_nc_zt=23&_nc_ht=instagram.fbne11-1.fna&_nc_gid=TyXdyDMvXWTfqtmX-TW3yw&_nc_ss=7a22e&oh=00_AQKc6xAxptYqHZIGqr1K2ft7fd0CiIrS_8Tzq0jv4xidNQ&oe=6A9A1CD9,https://www.instagram.com/p/DckJlYyI3Tu/
Supermercado São Pedro,Carnes / Bovina,Bisteca Mineira Bovina kg,34.99,28/08/2026,https://instagram.fmel12-1.fna.fbcdn.net/v/t51.82787-15/787853786_18195711469382122_4084613579796731411_n.jpg?stp=dst-jpg_e35_tt6&_nc_cat=101&ig_cache_key=Mzk3MzY3MjU2ODk4MzkzOTE2MQ%3D%3D.3-ccb7-5&ccb=7-5&_nc_sid=58cdad&efg=eyJ2ZW5jb2RlX3RhZyI6IkNBUk9VU0VMX0lURU0ueHBpZHMuMTA4MS5zZHIucmVndWxhcl9waG90by5DMyJ9&_nc_ohc=YRh7I8l8B0QQ7kNvwGdAJcX&_nc_oc=AdpPFrFVFOOLfktOFO-uBxNDS-W6HHpojk5Touou58S8jINtkZ1DNVomemzZYPg0FWdBLUkWaXwQ37rxr4WQSkGd&_nc_ad=z-m&_nc_cid=1032&_nc_zt=23&_nc_ht=instagram.fmel12-1.fna&_nc_gid=BrePjm_PQQaChn7TWqupaw&_nc_ss=7a22e&oh=00_AQIuOgNtKauL6mK0H-Z9C3rwj8WiGGPEmV8rOHCE4knopQ&oe=6A9A0007,https://www.instagram.com/p/DclUqI1G7TG/
Super Compras Supermercado,Carnes / Bovina,Capa de Contra Filé Bovino kg,34.99,29/08/2026,https://instagram.fmel16-1.fna.fbcdn.net/v/t51.82787-15/787743920_18192892438391764_3005082908538598587_n.jpg?stp=dst-jpg_e35_tt6&_nc_cat=110&ig_cache_key=Mzk3NDAxMjMzNjQ5MTI3ODEzMg%3D%3D.3-ccb7-5&ccb=7-5&_nc_sid=58cdad&efg=eyJ2ZW5jb2RlX3RhZyI6IkNBUk9VU0VMX0lURU0ueHBpZHMuMTQ0MC5zZHIucmVndWxhcl9waG90by5DMyJ9&_nc_ohc=jo3tVs9LzLkQ7kNvwHsHub2&_nc_oc=AdrMyAysXN6oamvJE4SMujPVCMnhvU3LLhmWnyi1JM16qKwKknFF2mpc8Utu8e7vL3U&_nc_ad=z-m&_nc_cid=0&_nc_zt=23&_nc_ht=instagram.fmel16-1.fna&_nc_gid=0dsUxJDd5nGRr_VHaZPIKw&_nc_ss=7a22e&oh=00_AQLEnRR2_CeI0y9HiiZHKqzTSjOWgHlOYdrn-WxahO9FXw&oe=6A9A1EBB,https://www.instagram.com/p/DcmhzwZjQj_/
Supermercado Tuiuiú,Carnes / Bovina,Coxão Duro kg,36.99,29/08/2026,https://scontent-yyz1-1.cdninstagram.com/v/t51.82787-15/788493790_18582509032067900_5908567126790300069_n.jpg?stp=dst-jpg_e35_tt6&_nc_cat=109&ig_cache_key=Mzk3NDc1NDg1NzkyNzkxMjQwMQ%3D%3D.3-ccb7-5&ccb=7-5&_nc_sid=58cdad&efg=eyJ2ZW5jb2RlX3RhZyI6IkNBUk9VU0VMX0lURU0ueHBpZHMuMTA4MC5zZHIucmVndWxhcl9waG90by5DMyJ9&_nc_ohc=ZEEw91mmol0Q7kNvwH0RLXQ&_nc_oc=Ado6OgQODyfTTNaI8uTIkwIQRjfcUQNJ24Rte5Vum-x6P8CGrgk6-cbMBJG0xb1hb68&_nc_ad=z-m&_nc_cid=0&_nc_zt=23&_nc_ht=scontent-yyz1-1.cdninstagram.com&_nc_gid=7I6Za5YvWkMTEeME03vltA&_nc_ss=7a22e&oh=00_AQKxqU_Z5RtLNIdJb8EALxUkYrSmfuoEp2wh7XsHTFDl9g&oe=6A9A07F5,https://www.instagram.com/p/DcpKopsjwHG/
Supermercado São Pedro,Carnes / Bovina,Corte Bovino Grill kg,36.99,28/08/2026,https://instagram.fmel12-1.fna.fbcdn.net/v/t51.82787-15/787853786_18195711469382122_4084613579796731411_n.jpg?stp=dst-jpg_e35_tt6&_nc_cat=101&ig_cache_key=Mzk3MzY3MjU2ODk4MzkzOTE2MQ%3D%3D.3-ccb7-5&ccb=7-5&_nc_sid=58cdad&efg=eyJ2ZW5jb2RlX3RhZyI6IkNBUk9VU0VMX0lURU0ueHBpZHMuMTA4MS5zZHIucmVndWxhcl9waG90by5DMyJ9&_nc_ohc=YRh7I8l8B0QQ7kNvwGdAJcX&_nc_oc=AdpPFrFVFOOLfktOFO-uBxNDS-W6HHpojk5Touou58S8jINtkZ1DNVomemzZYPg0FWdBLUkWaXwQ37rxr4WQSkGd&_nc_ad=z-m&_nc_cid=1032&_nc_zt=23&_nc_ht=instagram.fmel12-1.fna&_nc_gid=BrePjm_PQQaChn7TWqupaw&_nc_ss=7a22e&oh=00_AQIuOgNtKauL6mK0H-Z9C3rwj8WiGGPEmV8rOHCE4knopQ&oe=6A9A0007,https://www.instagram.com/p/DclUqI1G7TG/
Bom Jesus Primavera do Leste 🛒,Carnes / Bovina,Coxão Duro e Cupim Sulbeef kg,36.99,26/08/2026,https://instagram.fbrs5-1.fna.fbcdn.net/v/t51.82787-15/786837850_18374533663237813_2968687181146751427_n.jpg?stp=dst-jpg_e35_tt6&_nc_cat=100&ig_cache_key=Mzk3MjE2ODE2MTY3MzMwMjgxMg%3D%3D.3-ccb7-5&ccb=7-5&_nc_sid=58cdad&efg=eyJ2ZW5jb2RlX3RhZyI6IkNBUk9VU0VMX0lURU0ueHBpZHMuMTA4MC5zZHIucmVndWxhcl9waG90by5DMyJ9&_nc_ohc=SYZyJZ31VbUQ7kNvwFBsR-U&_nc_oc=AdoHZbQ476cMGVABL7UZpf1dksba14W9_igLNbUjpRPQLM6S_mqdXvnrZo4TQlvcwRuJjOPhyf4DjcIIMYH5Bvuv&_nc_ad=z-m&_nc_cid=0&_nc_zt=23&_nc_ht=instagram.fbrs5-1.fna&_nc_gid=FVVvNVZhEOJqV9RXmJt1bQ&_nc_ss=7a22e&oh=00_AQKOljRMVIyz6gHSwS70LdbltEhxw_eEYW-9Qg5VWvHViQ&oe=6A9A2D0B,https://www.instagram.com/p/Dcf-fgoloPJ/
Supermercado Tuiuiú,Carnes / Bovina,Coxão Mole kg,38.99,28/08/2026,https://instagram.fbne11-1.fna.fbcdn.net/v/t39.30808-6/784321179_1720016750132143_1243001508239248716_n.jpg?stp=dst-jpg_e35_tt6&_nc_cat=109&ig_cache_key=Mzk3MzM0Mjg4MDE3NDY4MTI1NA%3D%3D.3-ccb7-5&ccb=7-5&_nc_sid=58cdad&efg=eyJ2ZW5jb2RlX3RhZyI6IkNBUk9VU0VMX0lURU0ueHBpZHMuMTI1NC5zZHIucmVndWxhcl9waG90by5DMyJ9&_nc_ohc=COO3PN8U09oQ7kNvwFUXr8U&_nc_oc=Adr-KFyQiyM8Dw3ENpWqnwn0TYRCGB92UKHPCPeYJrBvRy6qbuVUvgxqd12hk3_UV85OCSbtigT8z70Cf83RhwpL&_nc_ad=z-m&_nc_cid=0&_nc_zt=23&_nc_ht=instagram.fbne11-1.fna&_nc_gid=TyXdyDMvXWTfqtmX-TW3yw&_nc_ss=7a22e&oh=00_AQKc6xAxptYqHZIGqr1K2ft7fd0CiIrS_8Tzq0jv4xidNQ&oe=6A9A1CD9,https://www.instagram.com/p/DckJlYyI3Tu/
Super Compras Supermercado,Carnes / Bovina,Bananinha Bovina kg,39.99,29/08/2026,https://instagram.fmel16-1.fna.fbcdn.net/v/t51.82787-15/787743920_18192892438391764_3005082908538598587_n.jpg?stp=dst-jpg_e35_tt6&_nc_cat=110&ig_cache_key=Mzk3NDAxMjMzNjQ5MTI3ODEzMg%3D%3D.3-ccb7-5&ccb=7-5&_nc_sid=58cdad&efg=eyJ2ZW5jb2RlX3RhZyI6IkNBUk9VU0VMX0lURU0ueHBpZHMuMTQ0MC5zZHIucmVndWxhcl9waG90by5DMyJ9&_nc_ohc=jo3tVs9LzLkQ7kNvwHsHub2&_nc_oc=AdrMyAysXN6oamvJE4SMujPVCMnhvU3LLhmWnyi1JM16qKwKknFF2mpc8Utu8e7vL3U&_nc_ad=z-m&_nc_cid=0&_nc_zt=23&_nc_ht=instagram.fmel16-1.fna&_nc_gid=0dsUxJDd5nGRr_VHaZPIKw&_nc_ss=7a22e&oh=00_AQLEnRR2_CeI0y9HiiZHKqzTSjOWgHlOYdrn-WxahO9FXw&oe=6A9A1EBB,https://www.instagram.com/p/DcmhzwZjQj_/
Supermercado São Pedro,Carnes / Bovina,Coxão Duro Bovino kg,42.98,25/08/2026,https://instagram.fmad6-1.fna.fbcdn.net/v/t39.30808-6/784428542_1503489418490841_697405957732902936_n.jpg?stp=dst-jpg_e35_tt6&_nc_cat=102&ig_cache_key=Mzk3MTgyNzk2NDE0ODc5MzU5NA%3D%3D.3-ccb7-5&ccb=7-5&_nc_sid=58cdad&efg=eyJ2ZW5jb2RlX3RhZyI6IkZFRUQueHBpZHMuMTYzOS5zZHIucmVndWxhcl9waG90by5DMyJ9&_nc_ohc=lahhkTUGus0Q7kNvwGok1_K&_nc_oc=AdruUmerbphKsaT0DpGP650VqntklAHoZ4_JBCOUV0bostfw8Ooe805--PBTOnBaWZE&_nc_ad=z-m&_nc_cid=0&_nc_zt=23&_nc_ht=instagram.fmad6-1.fna&_nc_gid=3EvugEUbQg_IgG9ZnJ6UhA&_nc_ss=7a22e&oh=00_AQI3nbuJihyXSte-Cfm7gW86ucHEkHoLZIvadzKe3M5V4A&oe=6A9A1B3A,https://www.instagram.com/p/DcexH1gDUD6/
Supermercado São Pedro,Carnes / Bovina,Fraldinha Friboi kg,42.99,27/08/2026,https://scontent-waw2-1.cdninstagram.com/v/t39.30808-6/785993166_1505168978322885_7442982966970505933_n.jpg?stp=c0.0.1638.2048a_dst-jpg_e35_s1638x2048_tt6&_nc_cat=110&ig_cache_key=Mzk3MzI3Njk2ODM0NzI3MzQzNQ%3D%3D.3-ccb7-5&ccb=7-5&_nc_sid=58cdad&efg=eyJ2ZW5jb2RlX3RhZyI6IkNBUk9VU0VMX0lURU0ueHBpZHMuMTYzOS5zZHIucmVndWxhcl9waG90by5DMyJ9&_nc_ohc=5-K7ePTTbO0Q7kNvwFmWbXo&_nc_oc=Adp7zBbdLmFBERjpgu_RHa815wPv1C8SuAQiiMxQyCFcZOiBUch81L3oKaO-dOUxCgI&_nc_ad=z-m&_nc_cid=0&_nc_zt=23&_nc_ht=scontent-waw2-1.cdninstagram.com&_nc_gid=GU0bCad11P1ZuGVVY5hLEQ&_nc_ss=7a22e&oh=00_AQJ7br_D89Sc19hVHgpvn0y7snY0RL9lAEZSVvD3YHFiOw&oe=6A9A238E,https://www.instagram.com/p/Dcj6lyLlKpL/
Machadão Atacadista,Carnes / Bovina,Picanha Bovina Bordon kg,43.9,29/08/2026,https://instagram.fktw4-1.fna.fbcdn.net/v/t39.30808-6/788037845_1361504496069508_5961206056822063683_n.jpg?stp=dst-jpg_e35_tt6&_nc_cat=109&ig_cache_key=Mzk3NDAzNDk3MDYxNjE1OTA4NA%3D%3D.3-ccb7-5&ccb=7-5&_nc_sid=58cdad&efg=eyJ2ZW5jb2RlX3RhZyI6IkNBUk9VU0VMX0lURU0ueHBpZHMuMTYzOC5zZHIucmVndWxhcl9waG90by5DMyJ9&_nc_ohc=dkxjjGVbnS4Q7kNvwFadzFa&_nc_oc=AdqEAGU0KR5QSbEQbKQJTDugt7MnwEaUwJwR1PqkKXY6eXhNo2801H3dwVf8D0sCza0&_nc_ad=z-m&_nc_cid=0&_nc_zt=23&_nc_ht=instagram.fktw4-1.fna&_nc_gid=U3FqkMLv5y-ALyQYkbt5Mw&_nc_ss=7a22e&oh=00_AQLPML3ubnmRpXTxeRoksRCE1oOlsTiB_55oh1OxX0qC1g&oe=6A9A2B4A,https://www.instagram.com/p/Dcmm8QNDi4E/
Supermercado Tuiuiú,Carnes / Bovina,Alcatra com Maminha kg,43.99,28/08/2026,https://instagram.fbne11-1.fna.fbcdn.net/v/t39.30808-6/784321179_1720016750132143_1243001508239248716_n.jpg?stp=dst-jpg_e35_tt6&_nc_cat=109&ig_cache_key=Mzk3MzM0Mjg4MDE3NDY4MTI1NA%3D%3D.3-ccb7-5&ccb=7-5&_nc_sid=58cdad&efg=eyJ2ZW5jb2RlX3RhZyI6IkNBUk9VU0VMX0lURU0ueHBpZHMuMTI1NC5zZHIucmVndWxhcl9waG90by5DMyJ9&_nc_ohc=COO3PN8U09oQ7kNvwFUXr8U&_nc_oc=Adr-KFyQiyM8Dw3ENpWqnwn0TYRCGB92UKHPCPeYJrBvRy6qbuVUvgxqd12hk3_UV85OCSbtigT8z70Cf83RhwpL&_nc_ad=z-m&_nc_cid=0&_nc_zt=23&_nc_ht=instagram.fbne11-1.fna&_nc_gid=TyXdyDMvXWTfqtmX-TW3yw&_nc_ss=7a22e&oh=00_AQKc6xAxptYqHZIGqr1K2ft7fd0CiIrS_8Tzq0jv4xidNQ&oe=6A9A1CD9,https://www.instagram.com/p/DckJlYyI3Tu/
Supermercado Tuiuiú,Carnes / Bovina,Contra Filé kg,44.99,29/08/2026,https://scontent-yyz1-1.cdninstagram.com/v/t51.82787-15/788493790_18582509032067900_5908567126790300069_n.jpg?stp=dst-jpg_e35_tt6&_nc_cat=109&ig_cache_key=Mzk3NDc1NDg1NzkyNzkxMjQwMQ%3D%3D.3-ccb7-5&ccb=7-5&_nc_sid=58cdad&efg=eyJ2ZW5jb2RlX3RhZyI6IkNBUk9VU0VMX0lURU0ueHBpZHMuMTA4MC5zZHIucmVndWxhcl9waG90by5DMyJ9&_nc_ohc=ZEEw91mmol0Q7kNvwH0RLXQ&_nc_oc=Ado6OgQODyfTTNaI8uTIkwIQRjfcUQNJ24Rte5Vum-x6P8CGrgk6-cbMBJG0xb1hb68&_nc_ad=z-m&_nc_cid=0&_nc_zt=23&_nc_ht=scontent-yyz1-1.cdninstagram.com&_nc_gid=7I6Za5YvWkMTEeME03vltA&_nc_ss=7a22e&oh=00_AQKxqU_Z5RtLNIdJb8EALxUkYrSmfuoEp2wh7XsHTFDl9g&oe=6A9A07F5,https://www.instagram.com/p/DcpKopsjwHG/
Supermercado São Pedro,Carnes / Bovina,Coxão Mole Bovino kg,46.98,25/08/2026,https://instagram.fmad6-1.fna.fbcdn.net/v/t39.30808-6/784428542_1503489418490841_697405957732902936_n.jpg?stp=dst-jpg_e35_tt6&_nc_cat=102&ig_cache_key=Mzk3MTgyNzk2NDE0ODc5MzU5NA%3D%3D.3-ccb7-5&ccb=7-5&_nc_sid=58cdad&efg=eyJ2ZW5jb2RlX3RhZyI6IkZFRUQueHBpZHMuMTYzOS5zZHIucmVndWxhcl9waG90by5DMyJ9&_nc_ohc=lahhkTUGus0Q7kNvwGok1_K&_nc_oc=AdruUmerbphKsaT0DpGP650VqntklAHoZ4_JBCOUV0bostfw8Ooe805--PBTOnBaWZE&_nc_ad=z-m&_nc_cid=0&_nc_zt=23&_nc_ht=instagram.fmad6-1.fna&_nc_gid=3EvugEUbQg_IgG9ZnJ6UhA&_nc_ss=7a22e&oh=00_AQI3nbuJihyXSte-Cfm7gW86ucHEkHoLZIvadzKe3M5V4A&oe=6A9A1B3A,https://www.instagram.com/p/DcexH1gDUD6/
Supermercado Tuiuiú,Carnes / Bovina,Alcatra Completa kg,47.99,29/08/2026,https://scontent-yyz1-1.cdninstagram.com/v/t51.82787-15/788493790_18582509032067900_5908567126790300069_n.jpg?stp=dst-jpg_e35_tt6&_nc_cat=109&ig_cache_key=Mzk3NDc1NDg1NzkyNzkxMjQwMQ%3D%3D.3-ccb7-5&ccb=7-5&_nc_sid=58cdad&efg=eyJ2ZW5jb2RlX3RhZyI6IkNBUk9VU0VMX0lURU0ueHBpZHMuMTA4MC5zZHIucmVndWxhcl9waG90by5DMyJ9&_nc_ohc=ZEEw91mmol0Q7kNvwH0RLXQ&_nc_oc=Ado6OgQODyfTTNaI8uTIkwIQRjfcUQNJ24Rte5Vum-x6P8CGrgk6-cbMBJG0xb1hb68&_nc_ad=z-m&_nc_cid=0&_nc_zt=23&_nc_ht=scontent-yyz1-1.cdninstagram.com&_nc_gid=7I6Za5YvWkMTEeME03vltA&_nc_ss=7a22e&oh=00_AQKxqU_Z5RtLNIdJb8EALxUkYrSmfuoEp2wh7XsHTFDl9g&oe=6A9A07F5,https://www.instagram.com/p/DcpKopsjwHG/
Super Compras Supermercado,Carnes / Bovina,Miolo de Alcatra Bovina kg,48.99,29/08/2026,https://instagram.fmel16-1.fna.fbcdn.net/v/t51.82787-15/787743920_18192892438391764_3005082908538598587_n.jpg?stp=dst-jpg_e35_tt6&_nc_cat=110&ig_cache_key=Mzk3NDAxMjMzNjQ5MTI3ODEzMg%3D%3D.3-ccb7-5&ccb=7-5&_nc_sid=58cdad&efg=eyJ2ZW5jb2RlX3RhZyI6IkNBUk9VU0VMX0lURU0ueHBpZHMuMTQ0MC5zZHIucmVndWxhcl9waG90by5DMyJ9&_nc_ohc=jo3tVs9LzLkQ7kNvwHsHub2&_nc_oc=AdrMyAysXN6oamvJE4SMujPVCMnhvU3LLhmWnyi1JM16qKwKknFF2mpc8Utu8e7vL3U&_nc_ad=z-m&_nc_cid=0&_nc_zt=23&_nc_ht=instagram.fmel16-1.fna&_nc_gid=0dsUxJDd5nGRr_VHaZPIKw&_nc_ss=7a22e&oh=00_AQLEnRR2_CeI0y9HiiZHKqzTSjOWgHlOYdrn-WxahO9FXw&oe=6A9A1EBB,https://www.instagram.com/p/DcmhzwZjQj_/
Machadão Atacadista,Carnes / Bovina,Bananinha Bovina Frigobom kg,52.9,29/08/2026,https://instagram.fktw4-1.fna.fbcdn.net/v/t39.30808-6/788037845_1361504496069508_5961206056822063683_n.jpg?stp=dst-jpg_e35_tt6&_nc_cat=109&ig_cache_key=Mzk3NDAzNDk3MDYxNjE1OTA4NA%3D%3D.3-ccb7-5&ccb=7-5&_nc_sid=58cdad&efg=eyJ2ZW5jb2RlX3RhZyI6IkNBUk9VU0VMX0lURU0ueHBpZHMuMTYzOC5zZHIucmVndWxhcl9waG90by5DMyJ9&_nc_ohc=dkxjjGVbnS4Q7kNvwFadzFa&_nc_oc=AdqEAGU0KR5QSbEQbKQJTDugt7MnwEaUwJwR1PqkKXY6eXhNo2801H3dwVf8D0sCza0&_nc_ad=z-m&_nc_cid=0&_nc_zt=23&_nc_ht=instagram.fktw4-1.fna&_nc_gid=U3FqkMLv5y-ALyQYkbt5Mw&_nc_ss=7a22e&oh=00_AQLPML3ubnmRpXTxeRoksRCE1oOlsTiB_55oh1OxX0qC1g&oe=6A9A2B4A,https://www.instagram.com/p/Dcmm8QNDi4E/
Bom Jesus Primavera do Leste 🛒,Carnes / Bovina,Picanha e Filé Mignon Sulbeef kg,69.9,26/08/2026,https://instagram.fbrs5-1.fna.fbcdn.net/v/t51.82787-15/786837850_18374533663237813_2968687181146751427_n.jpg?stp=dst-jpg_e35_tt6&_nc_cat=100&ig_cache_key=Mzk3MjE2ODE2MTY3MzMwMjgxMg%3D%3D.3-ccb7-5&ccb=7-5&_nc_sid=58cdad&efg=eyJ2ZW5jb2RlX3RhZyI6IkNBUk9VU0VMX0lURU0ueHBpZHMuMTA4MC5zZHIucmVndWxhcl9waG90by5DMyJ9&_nc_ohc=SYZyJZ31VbUQ7kNvwFBsR-U&_nc_oc=AdoHZbQ476cMGVABL7UZpf1dksba14W9_igLNbUjpRPQLM6S_mqdXvnrZo4TQlvcwRuJjOPhyf4DjcIIMYH5Bvuv&_nc_ad=z-m&_nc_cid=0&_nc_zt=23&_nc_ht=instagram.fbrs5-1.fna&_nc_gid=FVVvNVZhEOJqV9RXmJt1bQ&_nc_ss=7a22e&oh=00_AQKOljRMVIyz6gHSwS70LdbltEhxw_eEYW-9Qg5VWvHViQ&oe=6A9A2D0B,https://www.instagram.com/p/Dcf-fgoloPJ/
Machadão Atacadista,Carnes / Peixes,Sardinha Espalmada Iglu 400g,16.9,27/08/2026,https://scontent-ams2-1.cdninstagram.com/v/t39.30808-6/787104328_1360550532831571_2281243341389434448_n.jpg?stp=dst-jpg_e35_tt6&_nc_cat=100&ig_cache_key=Mzk3MzE1NjQ3MTc1NjIxMzA2MQ%3D%3D.3-ccb7-5&ccb=7-5&_nc_sid=58cdad&efg=eyJ2ZW5jb2RlX3RhZyI6IkNBUk9VU0VMX0lURU0ueHBpZHMuMTYzOC5zZHIucmVndWxhcl9waG90by5DMyJ9&_nc_ohc=BsEfA1wdsJMQ7kNvwHgpmPZ&_nc_oc=Adq7h13PKXcAqcN4z7fv7REkzV8Zvc0JgloU8TzdMiZVa9SY2_bMxHz6Ah1i3WW-uS4&_nc_ad=z-m&_nc_cid=0&_nc_zt=23&_nc_ht=scontent-ams2-1.cdninstagram.com&_nc_gid=eaSov4kRguWIzndyEDFyGQ&_nc_ss=7a22e&oh=00_AQJs5Ai3x4B6qHdlmHaLjuJg94KI2i896bcpUhDA7wi6jw&oe=6A9A2C50,https://www.instagram.com/p/DcjfMcbkgCV/
Machadão Atacadista,Carnes / Peixes,Sardinha Iglu 400g,16.9,27/08/2026,https://scontent-ams2-1.cdninstagram.com/v/t39.30808-6/787798079_1360550486164909_1488167338527184913_n.jpg?stp=dst-jpg_e35_tt6&_nc_cat=107&ig_cache_key=Mzk3MzE1NjQ3MjAzMzA0ODEyMg%3D%3D.3-ccb7-5&ccb=7-5&_nc_sid=58cdad&efg=eyJ2ZW5jb2RlX3RhZyI6IkNBUk9VU0VMX0lURU0ueHBpZHMuMTYzOC5zZHIucmVndWxhcl9waG90by5DMyJ9&_nc_ohc=_YSRXBR_xEAQ7kNvwEPyA0R&_nc_oc=Adod8FBZ1VIwdo7XMEeAFyY3M_eABxg3PxcIYc9Sokz5CWOsNdRGgwkbWB9mxmyi3mY&_nc_ad=z-m&_nc_cid=0&_nc_zt=23&_nc_ht=scontent-ams2-1.cdninstagram.com&_nc_gid=eaSov4kRguWIzndyEDFyGQ&_nc_ss=7a22e&oh=00_AQICQRsanDJxQLmHBBYmho3Rac6l9xK0buxZ-lp11p8Uww&oe=6A9A2815,https://www.instagram.com/p/DcjfMcbkgCV/
Bom Jesus Primavera do Leste 🛒,Carnes / Peixes,Peixe Tambatinga Delicious Fish kg,21.99,26/08/2026,https://instagram.fbrs5-1.fna.fbcdn.net/v/t51.82787-15/786837850_18374533663237813_2968687181146751427_n.jpg?stp=dst-jpg_e35_tt6&_nc_cat=100&ig_cache_key=Mzk3MjE2ODE2MTY3MzMwMjgxMg%3D%3D.3-ccb7-5&ccb=7-5&_nc_sid=58cdad&efg=eyJ2ZW5jb2RlX3RhZyI6IkNBUk9VU0VMX0lURU0ueHBpZHMuMTA4MC5zZHIucmVndWxhcl9waG90by5DMyJ9&_nc_ohc=SYZyJZ31VbUQ7kNvwFBsR-U&_nc_oc=AdoHZbQ476cMGVABL7UZpf1dksba14W9_igLNbUjpRPQLM6S_mqdXvnrZo4TQlvcwRuJjOPhyf4DjcIIMYH5Bvuv&_nc_ad=z-m&_nc_cid=0&_nc_zt=23&_nc_ht=instagram.fbrs5-1.fna&_nc_gid=FVVvNVZhEOJqV9RXmJt1bQ&_nc_ss=7a22e&oh=00_AQKOljRMVIyz6gHSwS70LdbltEhxw_eEYW-9Qg5VWvHViQ&oe=6A9A2D0B,https://www.instagram.com/p/Dcf-fgoloPJ/
Machadão Atacadista,Carnes / Peixes,Sardinha Iglu 800g,28.9,29/08/2026,https://instagram.fktw4-1.fna.fbcdn.net/v/t39.30808-6/788037845_1361504496069508_5961206056822063683_n.jpg?stp=dst-jpg_e35_tt6&_nc_cat=109&ig_cache_key=Mzk3NDAzNDk3MDYxNjE1OTA4NA%3D%3D.3-ccb7-5&ccb=7-5&_nc_sid=58cdad&efg=eyJ2ZW5jb2RlX3RhZyI6IkNBUk9VU0VMX0lURU0ueHBpZHMuMTYzOC5zZHIucmVndWxhcl9waG90by5DMyJ9&_nc_ohc=dkxjjGVbnS4Q7kNvwFadzFa&_nc_oc=AdqEAGU0KR5QSbEQbKQJTDugt7MnwEaUwJwR1PqkKXY6eXhNo2801H3dwVf8D0sCza0&_nc_ad=z-m&_nc_cid=0&_nc_zt=23&_nc_ht=instagram.fktw4-1.fna&_nc_gid=U3FqkMLv5y-ALyQYkbt5Mw&_nc_ss=7a22e&oh=00_AQLPML3ubnmRpXTxeRoksRCE1oOlsTiB_55oh1OxX0qC1g&oe=6A9A2B4A,https://www.instagram.com/p/Dcmm8QNDi4E/
Supermercado Tuiuiú,Carnes / Suína e Embutidos,Pernil Suíno kg,8.99,28/08/2026,https://instagram.fbne11-1.fna.fbcdn.net/v/t39.30808-6/784232177_1720016766798808_2199971508535547197_n.jpg?stp=dst-jpg_e35_tt6&_nc_cat=111&ig_cache_key=Mzk3MzM0Mjg3OTgyMjMyNDE3Mg%3D%3D.3-ccb7-5&ccb=7-5&_nc_sid=58cdad&efg=eyJ2ZW5jb2RlX3RhZyI6IkNBUk9VU0VMX0lURU0ueHBpZHMuMTI1NC5zZHIucmVndWxhcl9waG90by5DMyJ9&_nc_ohc=p0-_YO7HB9IQ7kNvwGHqzBn&_nc_oc=Ado8Skm6tsEZhNalUBguBQC5EVAJStM3Tp4RV-2XO68FmA0wD7l1CI_hroKB7HjlzL49KLkj-C6sLZNYa5CNaay0&_nc_ad=z-m&_nc_cid=0&_nc_zt=23&_nc_ht=instagram.fbne11-1.fna&_nc_gid=TyXdyDMvXWTfqtmX-TW3yw&_nc_ss=7a22e&oh=00_AQK4LECWt-iWER6qh3vpsm29gvKOvkHqP7nxKVwiQ4dlNw&oe=6A9A0A64,https://www.instagram.com/p/DckJlYyI3Tu/
Supermercado São Pedro,Carnes / Suína e Embutidos,Pernil Suíno kg,9.98,25/08/2026,https://instagram.fmad6-1.fna.fbcdn.net/v/t39.30808-6/784428542_1503489418490841_697405957732902936_n.jpg?stp=dst-jpg_e35_tt6&_nc_cat=102&ig_cache_key=Mzk3MTgyNzk2NDE0ODc5MzU5NA%3D%3D.3-ccb7-5&ccb=7-5&_nc_sid=58cdad&efg=eyJ2ZW5jb2RlX3RhZyI6IkZFRUQueHBpZHMuMTYzOS5zZHIucmVndWxhcl9waG90by5DMyJ9&_nc_ohc=lahhkTUGus0Q7kNvwGok1_K&_nc_oc=AdruUmerbphKsaT0DpGP650VqntklAHoZ4_JBCOUV0bostfw8Ooe805--PBTOnBaWZE&_nc_ad=z-m&_nc_cid=0&_nc_zt=23&_nc_ht=instagram.fmad6-1.fna&_nc_gid=3EvugEUbQg_IgG9ZnJ6UhA&_nc_ss=7a22e&oh=00_AQI3nbuJihyXSte-Cfm7gW86ucHEkHoLZIvadzKe3M5V4A&oe=6A9A1B3A,https://www.instagram.com/p/DcexH1gDUD6/
Super Compras Supermercado,Carnes / Suína e Embutidos,Pernil Suíno kg,9.99,29/08/2026,https://instagram.fmel16-1.fna.fbcdn.net/v/t51.82787-15/787666404_18192892456391764_5631571009347207340_n.jpg?stp=dst-jpg_e35_tt6&_nc_cat=107&ig_cache_key=Mzk3NDAxMjM2OTYxNzUwODE0Ng%3D%3D.3-ccb7-5&ccb=7-5&_nc_sid=58cdad&efg=eyJ2ZW5jb2RlX3RhZyI6IkNBUk9VU0VMX0lURU0ueHBpZHMuMTQ0MC5zZHIucmVndWxhcl9waG90by5DMyJ9&_nc_ohc=YdVhHFKNO3AQ7kNvwGFOvh9&_nc_oc=Adoz3sPeZfQyx-NJVo2CNkBXRXWSN8mZqMZ7kbZHRnhfaUDqwU7_-efp4JhbRQUrvE4&_nc_ad=z-m&_nc_cid=0&_nc_zt=23&_nc_ht=instagram.fmel16-1.fna&_nc_gid=0dsUxJDd5nGRr_VHaZPIKw&_nc_ss=7a22e&oh=00_AQKc5x6FtYbs8rhD4qlSSLaWCxV2Lq5SxXpP_DvRBWysLw&oe=6A9A1A1A,https://www.instagram.com/p/DcmhzwZjQj_/
Bom Jesus Primavera do Leste 🛒,Carnes / Suína e Embutidos,Pernil Suíno Ochove kg,9.99,28/08/2026,https://scontent-lhr11-1.cdninstagram.com/v/t51.82787-15/786853630_18374942971237813_3112147777905981087_n.jpg?stp=dst-jpg_e35_tt6&_nc_cat=107&ig_cache_key=Mzk3Mzk3Nzc3OTE1MzU1MzcyNQ%3D%3D.3-ccb7-5&ccb=7-5&_nc_sid=58cdad&efg=eyJ2ZW5jb2RlX3RhZyI6IkNBUk9VU0VMX0lURU0ueHBpZHMuMTA4MC5zZHIucmVndWxhcl9waG90by5DMyJ9&_nc_ohc=X2aB_pDnUvgQ7kNvwGJYCo1&_nc_oc=AdoY3nFRwspWxSa0r6nAzhmdb2IeHhn0GzEMt3R7bh7xfvUvBFtPvJ-N6RF9j6jliyB7YJsAKvj5O6IE4yCYDw16&_nc_ad=z-m&_nc_cid=0&_nc_zt=23&_nc_ht=scontent-lhr11-1.cdninstagram.com&_nc_gid=UC3DCxA2tHR5SHtq_3JTew&_nc_ss=7a22e&oh=00_AQKD_RQMWVlNJNpzp_tEs5ZeXVVFk9RInKTlJVMOBlyupg&oe=6A9A18E4,https://www.instagram.com/p/DcmZ8cDD400/
Supermercado Tuiuiú,Carnes / Suína e Embutidos,Lombo Suíno kg,14.99,29/08/2026,https://scontent-yyz1-1.cdninstagram.com/v/t51.82787-15/791045407_18582509014067900_6295115100514269558_n.jpg?stp=dst-jpg_e35_tt6&_nc_cat=101&ig_cache_key=Mzk3NDc1NDgyNzQxMDc1ODQzMA%3D%3D.3-ccb7-5&ccb=7-5&_nc_sid=58cdad&efg=eyJ2ZW5jb2RlX3RhZyI6IkNBUk9VU0VMX0lURU0ueHBpZHMuMTA4MC5zZHIucmVndWxhcl9waG90by5DMyJ9&_nc_ohc=4s6XsQUyXIQQ7kNvwF1jyOO&_nc_oc=Adr3nx_Wpo07tDAdfajwv-lwO--SvzOPnFxaIsqPwDRUDNvdsjhebJGflMOT85Evjxw&_nc_ad=z-m&_nc_cid=0&_nc_zt=23&_nc_ht=scontent-yyz1-1.cdninstagram.com&_nc_gid=7I6Za5YvWkMTEeME03vltA&_nc_ss=7a22e&oh=00_AQIwCTOPVgs0b0rFyL_qDr4I6xNkUBUwfrbegCoiGvtsXg&oe=6A9A1D3F,https://www.instagram.com/p/DcpKopsjwHG/
Supermercado Tuiuiú,Carnes / Suína e Embutidos,Linguiça Toscana kg,14.99,29/08/2026,https://scontent-yyz1-1.cdninstagram.com/v/t51.82787-15/791045407_18582509014067900_6295115100514269558_n.jpg?stp=dst-jpg_e35_tt6&_nc_cat=101&ig_cache_key=Mzk3NDc1NDgyNzQxMDc1ODQzMA%3D%3D.3-ccb7-5&ccb=7-5&_nc_sid=58cdad&efg=eyJ2ZW5jb2RlX3RhZyI6IkNBUk9VU0VMX0lURU0ueHBpZHMuMTA4MC5zZHIucmVndWxhcl9waG90by5DMyJ9&_nc_ohc=4s6XsQUyXIQQ7kNvwF1jyOO&_nc_oc=Adr3nx_Wpo07tDAdfajwv-lwO--SvzOPnFxaIsqPwDRUDNvdsjhebJGflMOT85Evjxw&_nc_ad=z-m&_nc_cid=0&_nc_zt=23&_nc_ht=scontent-yyz1-1.cdninstagram.com&_nc_gid=7I6Za5YvWkMTEeME03vltA&_nc_ss=7a22e&oh=00_AQIwCTOPVgs0b0rFyL_qDr4I6xNkUBUwfrbegCoiGvtsXg&oe=6A9A1D3F,https://www.instagram.com/p/DcpKopsjwHG/
Supermercado Tuiuiú,Carnes / Suína e Embutidos,Linguiça Perdigão kg,14.99,28/08/2026,https://instagram.fbne11-1.fna.fbcdn.net/v/t39.30808-6/784232177_1720016766798808_2199971508535547197_n.jpg?stp=dst-jpg_e35_tt6&_nc_cat=111&ig_cache_key=Mzk3MzM0Mjg3OTgyMjMyNDE3Mg%3D%3D.3-ccb7-5&ccb=7-5&_nc_sid=58cdad&efg=eyJ2ZW5jb2RlX3RhZyI6IkNBUk9VU0VMX0lURU0ueHBpZHMuMTI1NC5zZHIucmVndWxhcl9waG90by5DMyJ9&_nc_ohc=p0-_YO7HB9IQ7kNvwGHqzBn&_nc_oc=Ado8Skm6tsEZhNalUBguBQC5EVAJStM3Tp4RV-2XO68FmA0wD7l1CI_hroKB7HjlzL49KLkj-C6sLZNYa5CNaay0&_nc_ad=z-m&_nc_cid=0&_nc_zt=23&_nc_ht=instagram.fbne11-1.fna&_nc_gid=TyXdyDMvXWTfqtmX-TW3yw&_nc_ss=7a22e&oh=00_AQK4LECWt-iWER6qh3vpsm29gvKOvkHqP7nxKVwiQ4dlNw&oe=6A9A0A64,https://www.instagram.com/p/DckJlYyI3Tu/
Supermercado São Pedro,Carnes / Suína e Embutidos,Linguiça Toscana kg,15.99,27/08/2026,https://scontent-waw2-1.cdninstagram.com/v/t39.30808-6/785993166_1505168978322885_7442982966970505933_n.jpg?stp=c0.0.1638.2048a_dst-jpg_e35_s1638x2048_tt6&_nc_cat=110&ig_cache_key=Mzk3MzI3Njk2ODM0NzI3MzQzNQ%3D%3D.3-ccb7-5&ccb=7-5&_nc_sid=58cdad&efg=eyJ2ZW5jb2RlX3RhZyI6IkNBUk9VU0VMX0lURU0ueHBpZHMuMTYzOS5zZHIucmVndWxhcl9waG90by5DMyJ9&_nc_ohc=5-K7ePTTbO0Q7kNvwFmWbXo&_nc_oc=Adp7zBbdLmFBERjpgu_RHa815wPv1C8SuAQiiMxQyCFcZOiBUch81L3oKaO-dOUxCgI&_nc_ad=z-m&_nc_cid=0&_nc_zt=23&_nc_ht=scontent-waw2-1.cdninstagram.com&_nc_gid=GU0bCad11P1ZuGVVY5hLEQ&_nc_ss=7a22e&oh=00_AQJ7br_D89Sc19hVHgpvn0y7snY0RL9lAEZSVvD3YHFiOw&oe=6A9A238E,https://www.instagram.com/p/Dcj6lyLlKpL/
Super Compras Supermercado,Carnes / Suína e Embutidos,Linguiça Perdigão kg,15.99,29/08/2026,https://instagram.fmel16-1.fna.fbcdn.net/v/t51.82787-15/787743920_18192892438391764_3005082908538598587_n.jpg?stp=dst-jpg_e35_tt6&_nc_cat=110&ig_cache_key=Mzk3NDAxMjMzNjQ5MTI3ODEzMg%3D%3D.3-ccb7-5&ccb=7-5&_nc_sid=58cdad&efg=eyJ2ZW5jb2RlX3RhZyI6IkNBUk9VU0VMX0lURU0ueHBpZHMuMTQ0MC5zZHIucmVndWxhcl9waG90by5DMyJ9&_nc_ohc=jo3tVs9LzLkQ7kNvwHsHub2&_nc_oc=AdrMyAysXN6oamvJE4SMujPVCMnhvU3LLhmWnyi1JM16qKwKknFF2mpc8Utu8e7vL3U&_nc_ad=z-m&_nc_cid=0&_nc_zt=23&_nc_ht=instagram.fmel16-1.fna&_nc_gid=0dsUxJDd5nGRr_VHaZPIKw&_nc_ss=7a22e&oh=00_AQLEnRR2_CeI0y9HiiZHKqzTSjOWgHlOYdrn-WxahO9FXw&oe=6A9A1EBB,https://www.instagram.com/p/DcmhzwZjQj_/
Bom Jesus Primavera do Leste 🛒,Carnes / Suína e Embutidos,Linguiça Suína Perdigão kg,15.99,26/08/2026,https://instagram.fbrs5-1.fna.fbcdn.net/v/t51.82787-15/786837850_18374533663237813_2968687181146751427_n.jpg?stp=dst-jpg_e35_tt6&_nc_cat=100&ig_cache_key=Mzk3MjE2ODE2MTY3MzMwMjgxMg%3D%3D.3-ccb7-5&ccb=7-5&_nc_sid=58cdad&efg=eyJ2ZW5jb2RlX3RhZyI6IkNBUk9VU0VMX0lURU0ueHBpZHMuMTA4MC5zZHIucmVndWxhcl9waG90by5DMyJ9&_nc_ohc=SYZyJZ31VbUQ7kNvwFBsR-U&_nc_oc=AdoHZbQ476cMGVABL7UZpf1dksba14W9_igLNbUjpRPQLM6S_mqdXvnrZo4TQlvcwRuJjOPhyf4DjcIIMYH5Bvuv&_nc_ad=z-m&_nc_cid=0&_nc_zt=23&_nc_ht=instagram.fbrs5-1.fna&_nc_gid=FVVvNVZhEOJqV9RXmJt1bQ&_nc_ss=7a22e&oh=00_AQKOljRMVIyz6gHSwS70LdbltEhxw_eEYW-9Qg5VWvHViQ&oe=6A9A2D0B,https://www.instagram.com/p/Dcf-fgoloPJ/
Bom Jesus Primavera do Leste 🛒,Carnes / Suína e Embutidos,Linguiça Toscana Excelência kg,15.99,28/08/2026,https://scontent-lhr11-1.cdninstagram.com/v/t51.82787-15/786853630_18374942971237813_3112147777905981087_n.jpg?stp=dst-jpg_e35_tt6&_nc_cat=107&ig_cache_key=Mzk3Mzk3Nzc3OTE1MzU1MzcyNQ%3D%3D.3-ccb7-5&ccb=7-5&_nc_sid=58cdad&efg=eyJ2ZW5jb2RlX3RhZyI6IkNBUk9VU0VMX0lURU0ueHBpZHMuMTA4MC5zZHIucmVndWxhcl9waG90by5DMyJ9&_nc_ohc=X2aB_pDnUvgQ7kNvwGJYCo1&_nc_oc=AdoY3nFRwspWxSa0r6nAzhmdb2IeHhn0GzEMt3R7bh7xfvUvBFtPvJ-N6RF9j6jliyB7YJsAKvj5O6IE4yCYDw16&_nc_ad=z-m&_nc_cid=0&_nc_zt=23&_nc_ht=scontent-lhr11-1.cdninstagram.com&_nc_gid=UC3DCxA2tHR5SHtq_3JTew&_nc_ss=7a22e&oh=00_AQKD_RQMWVlNJNpzp_tEs5ZeXVVFk9RInKTlJVMOBlyupg&oe=6A9A18E4,https://www.instagram.com/p/DcmZ8cDD400/
Bom Jesus Primavera do Leste 🛒,Carnes / Suína e Embutidos,Linguiça Calabresa Excelência kg,19.99,28/08/2026,https://scontent-lhr11-1.cdninstagram.com/v/t51.82787-15/786853630_18374942971237813_3112147777905981087_n.jpg?stp=dst-jpg_e35_tt6&_nc_cat=107&ig_cache_key=Mzk3Mzk3Nzc3OTE1MzU1MzcyNQ%3D%3D.3-ccb7-5&ccb=7-5&_nc_sid=58cdad&efg=eyJ2ZW5jb2RlX3RhZyI6IkNBUk9VU0VMX0lURU0ueHBpZHMuMTA4MC5zZHIucmVndWxhcl9waG90by5DMyJ9&_nc_ohc=X2aB_pDnUvgQ7kNvwGJYCo1&_nc_oc=AdoY3nFRwspWxSa0r6nAzhmdb2IeHhn0GzEMt3R7bh7xfvUvBFtPvJ-N6RF9j6jliyB7YJsAKvj5O6IE4yCYDw16&_nc_ad=z-m&_nc_cid=0&_nc_zt=23&_nc_ht=scontent-lhr11-1.cdninstagram.com&_nc_gid=UC3DCxA2tHR5SHtq_3JTew&_nc_ss=7a22e&oh=00_AQKD_RQMWVlNJNpzp_tEs5ZeXVVFk9RInKTlJVMOBlyupg&oe=6A9A18E4,https://www.instagram.com/p/DcmZ8cDD400/
Bom Jesus Primavera do Leste 🛒,Carnes / Suína e Embutidos,Presunto Cozido Excelência kg,22.99,28/08/2026,https://scontent-lhr11-1.cdninstagram.com/v/t51.82787-15/788139857_18374943016237813_6095318216715939563_n.jpg?stp=dst-jpg_e35_tt6&_nc_cat=107&ig_cache_key=Mzk3Mzk3Nzc4MDcyMjI3NDY1Mg%3D%3D.3-ccb7-5&ccb=7-5&_nc_sid=58cdad&efg=eyJ2ZW5jb2RlX3RhZyI6IkNBUk9VU0VMX0lURU0ueHBpZHMuMTA4MC5zZHIucmVndWxhcl9waG90by5DMyJ9&_nc_ohc=u6RrkwcH62kQ7kNvwFPO8nO&_nc_oc=Adq7Ydwrj8L01LSreSo3Hr9nEBdt7EUEaeUJg7Tp-iPDdHy-rWuFw6haLQP_5O7ZiVLAswHo-taEhi6kZbtEtW7y&_nc_ad=z-m&_nc_cid=0&_nc_zt=23&_nc_ht=scontent-lhr11-1.cdninstagram.com&_nc_gid=UC3DCxA2tHR5SHtq_3JTew&_nc_ss=7a22e&oh=00_AQJ_o-NIim0oS-WiIsBW-WOgFnQ0bdqhL7zHvDWnHaNwqw&oe=6A9A0D70,https://www.instagram.com/p/DcmZ8cDD400/
Supermercado São Pedro,Carnes / Suína e Embutidos,Presunto Excelência kg,24.99,28/08/2026,https://instagram.fmel12-1.fna.fbcdn.net/v/t51.82787-15/785599572_18195711460382122_5575322653184498920_n.jpg?stp=dst-jpg_e35_tt6&_nc_cat=109&ig_cache_key=Mzk3MzY3MjU2OTQ3ODkxNjI0Mw%3D%3D.3-ccb7-5&ccb=7-5&_nc_sid=58cdad&efg=eyJ2ZW5jb2RlX3RhZyI6IkNBUk9VU0VMX0lURU0ueHBpZHMuMTA4MS5zZHIucmVndWxhcl9waG90by5DMyJ9&_nc_ohc=GqsGB5UTShAQ7kNvwEoHHUX&_nc_oc=AdpoOuyzgWbLFG5aXUM4eF0GZxLmoubxopdoTjvLBTvvWnuvUCavvSdHA2isuUsrBUF8XxYvJrF8gg32pEHZ_Z5P&_nc_ad=z-m&_nc_cid=1032&_nc_zt=23&_nc_ht=instagram.fmel12-1.fna&_nc_gid=BrePjm_PQQaChn7TWqupaw&_nc_ss=7a22e&oh=00_AQJHmyGRL2X0V2sY6VbWVVmP7Lcyaw8FvNslm7KfNJwUNw&oe=6A9A1D52,https://www.instagram.com/p/DclUqI1G7TG/
Bom Jesus Primavera do Leste 🛒,Carnes / Suína e Embutidos,Mortadela Defumada Seara kg,26.99,28/08/2026,https://scontent-lhr11-1.cdninstagram.com/v/t51.82787-15/788139857_18374943016237813_6095318216715939563_n.jpg?stp=dst-jpg_e35_tt6&_nc_cat=107&ig_cache_key=Mzk3Mzk3Nzc4MDcyMjI3NDY1Mg%3D%3D.3-ccb7-5&ccb=7-5&_nc_sid=58cdad&efg=eyJ2ZW5jb2RlX3RhZyI6IkNBUk9VU0VMX0lURU0ueHBpZHMuMTA4MC5zZHIucmVndWxhcl9waG90by5DMyJ9&_nc_ohc=u6RrkwcH62kQ7kNvwFPO8nO&_nc_oc=Adq7Ydwrj8L01LSreSo3Hr9nEBdt7EUEaeUJg7Tp-iPDdHy-rWuFw6haLQP_5O7ZiVLAswHo-taEhi6kZbtEtW7y&_nc_ad=z-m&_nc_cid=0&_nc_zt=23&_nc_ht=scontent-lhr11-1.cdninstagram.com&_nc_gid=UC3DCxA2tHR5SHtq_3JTew&_nc_ss=7a22e&oh=00_AQJ_o-NIim0oS-WiIsBW-WOgFnQ0bdqhL7zHvDWnHaNwqw&oe=6A9A0D70,https://www.instagram.com/p/DcmZ8cDD400/
Super Compras Supermercado,Congelados e Sobremesas,Pizza Super Compras,14.99,28/08/2026,https://scontent-mrs2-3.cdninstagram.com/v/t51.82787-15/781804833_18192777268391764_1137004139144970890_n.jpg?stp=dst-jpg_e35_tt6&_nc_cat=111&ig_cache_key=Mzk3MzI5MzA5NzQ3NjE0OTUwNg%3D%3D.3-ccb7-5&ccb=7-5&_nc_sid=58cdad&efg=eyJ2ZW5jb2RlX3RhZyI6IkZFRUQueHBpZHMuMTQ0MC5zZHIucmVndWxhcl9waG90by5DMyJ9&_nc_ohc=xJdCm3CT7B8Q7kNvwHDWvhB&_nc_oc=AdoGK74TgT14qC0Xq3YoAIRvEDc_bjuRF_z48k_eXtwOiDifRuA67SxXP0UsLzWg694&_nc_ad=z-m&_nc_cid=0&_nc_zt=23&_nc_ht=scontent-mrs2-3.cdninstagram.com&_nc_gid=NmYWLngNu3zXt849VTJRGA&_nc_ss=7a22e&oh=00_AQL7nNr_KDTdA7tTK8pxpvVHnMWDR5fYKwcruLvop5LZ3g&oe=6A99FFB9,https://www.instagram.com/p/Dcj-QVPk9EC/
Machadão Atacadista,Congelados e Sobremesas,Açaí com Guaraná Ricaeli 1.02kg,25.99,27/08/2026,https://scontent-ams2-1.cdninstagram.com/v/t39.30808-6/787104328_1360550532831571_2281243341389434448_n.jpg?stp=dst-jpg_e35_tt6&_nc_cat=100&ig_cache_key=Mzk3MzE1NjQ3MTc1NjIxMzA2MQ%3D%3D.3-ccb7-5&ccb=7-5&_nc_sid=58cdad&efg=eyJ2ZW5jb2RlX3RhZyI6IkNBUk9VU0VMX0lURU0ueHBpZHMuMTYzOC5zZHIucmVndWxhcl9waG90by5DMyJ9&_nc_ohc=BsEfA1wdsJMQ7kNvwHgpmPZ&_nc_oc=Adq7h13PKXcAqcN4z7fv7REkzV8Zvc0JgloU8TzdMiZVa9SY2_bMxHz6Ah1i3WW-uS4&_nc_ad=z-m&_nc_cid=0&_nc_zt=23&_nc_ht=scontent-ams2-1.cdninstagram.com&_nc_gid=eaSov4kRguWIzndyEDFyGQ&_nc_ss=7a22e&oh=00_AQJs5Ai3x4B6qHdlmHaLjuJg94KI2i896bcpUhDA7wi6jw&oe=6A9A2C50,https://www.instagram.com/p/DcjfMcbkgCV/
Machadão Atacadista,Congelados e Sobremesas,Açaí com Guaraná Ricaeli 1.02kg,25.99,27/08/2026,https://scontent-ams2-1.cdninstagram.com/v/t39.30808-6/787798079_1360550486164909_1488167338527184913_n.jpg?stp=dst-jpg_e35_tt6&_nc_cat=107&ig_cache_key=Mzk3MzE1NjQ3MjAzMzA0ODEyMg%3D%3D.3-ccb7-5&ccb=7-5&_nc_sid=58cdad&efg=eyJ2ZW5jb2RlX3RhZyI6IkNBUk9VU0VMX0lURU0ueHBpZHMuMTYzOC5zZHIucmVndWxhcl9waG90by5DMyJ9&_nc_ohc=_YSRXBR_xEAQ7kNvwEPyA0R&_nc_oc=Adod8FBZ1VIwdo7XMEeAFyY3M_eABxg3PxcIYc9Sokz5CWOsNdRGgwkbWB9mxmyi3mY&_nc_ad=z-m&_nc_cid=0&_nc_zt=23&_nc_ht=scontent-ams2-1.cdninstagram.com&_nc_gid=eaSov4kRguWIzndyEDFyGQ&_nc_ss=7a22e&oh=00_AQICQRsanDJxQLmHBBYmho3Rac6l9xK0buxZ-lp11p8Uww&oe=6A9A2815,https://www.instagram.com/p/DcjfMcbkgCV/
Super Compras Supermercado,Congelados e Sobremesas,Batata Palito Sadia 2kg,26.99,29/08/2026,https://instagram.fmel16-1.fna.fbcdn.net/v/t51.82787-15/787666404_18192892456391764_5631571009347207340_n.jpg?stp=dst-jpg_e35_tt6&_nc_cat=107&ig_cache_key=Mzk3NDAxMjM2OTYxNzUwODE0Ng%3D%3D.3-ccb7-5&ccb=7-5&_nc_sid=58cdad&efg=eyJ2ZW5jb2RlX3RhZyI6IkNBUk9VU0VMX0lURU0ueHBpZHMuMTQ0MC5zZHIucmVndWxhcl9waG90by5DMyJ9&_nc_ohc=YdVhHFKNO3AQ7kNvwGFOvh9&_nc_oc=Adoz3sPeZfQyx-NJVo2CNkBXRXWSN8mZqMZ7kbZHRnhfaUDqwU7_-efp4JhbRQUrvE4&_nc_ad=z-m&_nc_cid=0&_nc_zt=23&_nc_ht=instagram.fmel16-1.fna&_nc_gid=0dsUxJDd5nGRr_VHaZPIKw&_nc_ss=7a22e&oh=00_AQKc5x6FtYbs8rhD4qlSSLaWCxV2Lq5SxXpP_DvRBWysLw&oe=6A9A1A1A,https://www.instagram.com/p/DcmhzwZjQj_/
Bom Jesus Primavera do Leste 🛒,Congelados e Sobremesas,Batata Palito Sadia 2kg,27.99,26/08/2026,https://instagram.fbrs5-1.fna.fbcdn.net/v/t51.82787-15/786656678_18374533654237813_1357775697752571265_n.jpg?stp=dst-jpg_e35_tt6&_nc_cat=102&ig_cache_key=Mzk3MjE2ODE2MTUzODk3MjI2NA%3D%3D.3-ccb7-5&ccb=7-5&_nc_sid=58cdad&efg=eyJ2ZW5jb2RlX3RhZyI6IkNBUk9VU0VMX0lURU0ueHBpZHMuMTA4MC5zZHIucmVndWxhcl9waG90by5DMyJ9&_nc_ohc=Mj0L67ZiF7MQ7kNvwH_0QMc&_nc_oc=Adr25tWLpP9ms5HeKFd95LTuA3CRs8ftuBGE37H4zcHX-mo3vbVmTJeWs0SDNJAn_1Oey4OrCvDThwxT8uU_3L_h&_nc_ad=z-m&_nc_cid=0&_nc_zt=23&_nc_ht=instagram.fbrs5-1.fna&_nc_gid=FVVvNVZhEOJqV9RXmJt1bQ&_nc_ss=7a22e&oh=00_AQIxeVAM4dq1BNphResA16TkSEqSHeaiNJYOfF08baaWXQ&oe=6A9A22E5,https://www.instagram.com/p/Dcf-fgoloPJ/
Bom Jesus Primavera do Leste 🛒,Congelados e Sobremesas,Açaí Movida 1.5L,32.99,28/08/2026,https://scontent-lhr11-1.cdninstagram.com/v/t51.82787-15/786853630_18374942971237813_3112147777905981087_n.jpg?stp=dst-jpg_e35_tt6&_nc_cat=107&ig_cache_key=Mzk3Mzk3Nzc3OTE1MzU1MzcyNQ%3D%3D.3-ccb7-5&ccb=7-5&_nc_sid=58cdad&efg=eyJ2ZW5jb2RlX3RhZyI6IkNBUk9VU0VMX0lURU0ueHBpZHMuMTA4MC5zZHIucmVndWxhcl9waG90by5DMyJ9&_nc_ohc=X2aB_pDnUvgQ7kNvwGJYCo1&_nc_oc=AdoY3nFRwspWxSa0r6nAzhmdb2IeHhn0GzEMt3R7bh7xfvUvBFtPvJ-N6RF9j6jliyB7YJsAKvj5O6IE4yCYDw16&_nc_ad=z-m&_nc_cid=0&_nc_zt=23&_nc_ht=scontent-lhr11-1.cdninstagram.com&_nc_gid=UC3DCxA2tHR5SHtq_3JTew&_nc_ss=7a22e&oh=00_AQKD_RQMWVlNJNpzp_tEs5ZeXVVFk9RInKTlJVMOBlyupg&oe=6A9A18E4,https://www.instagram.com/p/DcmZ8cDD400/
Bom Jesus Primavera do Leste 🛒,Higiene / Cuidados Pessoais,Sabonete em Barra Nivea 85g,2.19,28/08/2026,https://scontent-lhr11-1.cdninstagram.com/v/t51.82787-15/788860531_18374942995237813_624644092953609674_n.jpg?stp=dst-jpg_e35_tt6&_nc_cat=106&ig_cache_key=Mzk3Mzk3Nzc4MjEzMTM5MTcwNQ%3D%3D.3-ccb7-5&ccb=7-5&_nc_sid=58cdad&efg=eyJ2ZW5jb2RlX3RhZyI6IkNBUk9VU0VMX0lURU0ueHBpZHMuMTA4MC5zZHIucmVndWxhcl9waG90by5DMyJ9&_nc_ohc=7IsixMbzdvIQ7kNvwGrq6f5&_nc_oc=AdrUMUMvfmpCgyQ5M66K7SfFgtb0WvRnMZmZe6j9PgsmW_awn6IgbkSp4FaEZ-SdaU4SQ-qB2m8DhAok3yIsJEQw&_nc_ad=z-m&_nc_cid=0&_nc_zt=23&_nc_ht=scontent-lhr11-1.cdninstagram.com&_nc_gid=UC3DCxA2tHR5SHtq_3JTew&_nc_ss=7a22e&oh=00_AQK3eYVcNv6k5KN4snKGHxnENW_DM_QLsjYHPxumREVvyA&oe=6A9A0F8B,https://www.instagram.com/p/DcmZ8cDD400/
Machadão Atacadista,Higiene / Cuidados Pessoais,Creme Dental Colgate Máxima Proteção Anticáries 120g,5.99,27/08/2026,https://scontent-ams2-1.cdninstagram.com/v/t39.30808-6/786779086_1360550472831577_8028710268323392841_n.jpg?stp=dst-jpg_e35_tt6&_nc_cat=100&ig_cache_key=Mzk3MzE1NjQ3MjI0MjcxMDI2OQ%3D%3D.3-ccb7-5&ccb=7-5&_nc_sid=58cdad&efg=eyJ2ZW5jb2RlX3RhZyI6IkNBUk9VU0VMX0lURU0ueHBpZHMuMTYzOC5zZHIucmVndWxhcl9waG90by5DMyJ9&_nc_ohc=WKCTmqyswmsQ7kNvwEaT0qb&_nc_oc=AdoESSuIi24al2MbVha01D5uveiXrRKzs-lQ1FHAWnNbZsbtHYYeFSHrV-q5AR66GP4&_nc_ad=z-m&_nc_cid=0&_nc_zt=23&_nc_ht=scontent-ams2-1.cdninstagram.com&_nc_gid=eaSov4kRguWIzndyEDFyGQ&_nc_ss=7a22e&oh=00_AQLhWf_PUniAqLhun79EXhJAomIzs-bwTnc5lqN_vQv_Ew&oe=6A99F9EF,https://www.instagram.com/p/DcjfMcbkgCV/
Machadão Atacadista,Higiene / Cuidados Pessoais,Creme Dental Colgate Máxima Proteção Anticáries 120g,5.99,27/08/2026,https://scontent-ams2-1.cdninstagram.com/v/t39.30808-6/786141071_1360550506164907_1343288441209680541_n.jpg?stp=dst-jpg_e35_tt6&_nc_cat=100&ig_cache_key=Mzk3MzE1NjQ3MjAxNjIzNDQ4NA%3D%3D.3-ccb7-5&ccb=7-5&_nc_sid=58cdad&efg=eyJ2ZW5jb2RlX3RhZyI6IkNBUk9VU0VMX0lURU0ueHBpZHMuMTYzOC5zZHIucmVndWxhcl9waG90by5DMyJ9&_nc_ohc=rAfVUo0mg-MQ7kNvwE8KbMG&_nc_oc=AdoB8HYZuZu7FtPAN9JTpSxBSWew2FQqiHsdwKv5ppZhv3g8wxALwdL4pdG5PmzvFUI&_nc_ad=z-m&_nc_cid=0&_nc_zt=23&_nc_ht=scontent-ams2-1.cdninstagram.com&_nc_gid=eaSov4kRguWIzndyEDFyGQ&_nc_ss=7a22e&oh=00_AQKBJ-rltlhoMOCiwlDggrwJqp00mhv-RCqi51TbteRoiQ&oe=6A9A06F9,https://www.instagram.com/p/DcjfMcbkgCV/
Supermercado São Pedro,Higiene / Cuidados Pessoais,Desodorante Aerossol Rexona Clinical 150ml,14.99,27/08/2026,https://scontent-waw2-1.cdninstagram.com/v/t39.30808-6/785993166_1505168978322885_7442982966970505933_n.jpg?stp=c0.0.1638.2048a_dst-jpg_e35_s1638x2048_tt6&_nc_cat=110&ig_cache_key=Mzk3MzI3Njk2ODM0NzI3MzQzNQ%3D%3D.3-ccb7-5&ccb=7-5&_nc_sid=58cdad&efg=eyJ2ZW5jb2RlX3RhZyI6IkNBUk9VU0VMX0lURU0ueHBpZHMuMTYzOS5zZHIucmVndWxhcl9waG90by5DMyJ9&_nc_ohc=5-K7ePTTbO0Q7kNvwFmWbXo&_nc_oc=Adp7zBbdLmFBERjpgu_RHa815wPv1C8SuAQiiMxQyCFcZOiBUch81L3oKaO-dOUxCgI&_nc_ad=z-m&_nc_cid=0&_nc_zt=23&_nc_ht=scontent-waw2-1.cdninstagram.com&_nc_gid=GU0bCad11P1ZuGVVY5hLEQ&_nc_ss=7a22e&oh=00_AQJ7br_D89Sc19hVHgpvn0y7snY0RL9lAEZSVvD3YHFiOw&oe=6A9A238E,https://www.instagram.com/p/Dcj6lyLlKpL/
Bom Jesus Primavera do Leste 🛒,Higiene / Cuidados Pessoais,Shampoo Dove 190ml,15.99,27/08/2026,https://scontent-fra3-1.cdninstagram.com/v/t51.82787-15/787993259_18374687005237813_4471412213431393234_n.jpg?stp=dst-jpg_e35_tt6&_nc_cat=103&ig_cache_key=Mzk3Mjk0NzA1MzQ4MTkxNTUyNQ%3D%3D.3-ccb7-5&ccb=7-5&_nc_sid=58cdad&efg=eyJ2ZW5jb2RlX3RhZyI6IkZFRUQueHBpZHMuMTM1MC5zZHIucmVndWxhcl9waG90by5DMyJ9&_nc_ohc=wXQuivYivwoQ7kNvwGqhBw9&_nc_oc=AdptQ5Ne8StUUqEKOJ7pFZaObcB-O8eXJgJlZpKLJuhIAZTFXSQGzsSb3LGYRveb9Wo&_nc_ad=z-m&_nc_cid=0&_nc_zt=23&_nc_ht=scontent-fra3-1.cdninstagram.com&_nc_gid=LtGElKp89Sdbjkf-yI3g1Q&_nc_ss=7a22e&oh=00_AQIfP27gbFFkftCKyKyh3HkxXSwJLHwcHGi0vYzfKwJ5ng&oe=6A9A052E,https://www.instagram.com/p/DcivkuqOXSF/
Machadão Atacadista,Higiene / Cuidados Pessoais,Absorvente Intimus Noturno Suave com Abas 16un,15.99,27/08/2026,https://scontent-ams2-1.cdninstagram.com/v/t39.30808-6/786779086_1360550472831577_8028710268323392841_n.jpg?stp=dst-jpg_e35_tt6&_nc_cat=100&ig_cache_key=Mzk3MzE1NjQ3MjI0MjcxMDI2OQ%3D%3D.3-ccb7-5&ccb=7-5&_nc_sid=58cdad&efg=eyJ2ZW5jb2RlX3RhZyI6IkNBUk9VU0VMX0lURU0ueHBpZHMuMTYzOC5zZHIucmVndWxhcl9waG90by5DMyJ9&_nc_ohc=WKCTmqyswmsQ7kNvwEaT0qb&_nc_oc=AdoESSuIi24al2MbVha01D5uveiXrRKzs-lQ1FHAWnNbZsbtHYYeFSHrV-q5AR66GP4&_nc_ad=z-m&_nc_cid=0&_nc_zt=23&_nc_ht=scontent-ams2-1.cdninstagram.com&_nc_gid=eaSov4kRguWIzndyEDFyGQ&_nc_ss=7a22e&oh=00_AQLhWf_PUniAqLhun79EXhJAomIzs-bwTnc5lqN_vQv_Ew&oe=6A99F9EF,https://www.instagram.com/p/DcjfMcbkgCV/
Machadão Atacadista,Higiene / Cuidados Pessoais,Absorvente Intimus Noturno Suave com Abas 16un,15.99,27/08/2026,https://scontent-ams2-1.cdninstagram.com/v/t39.30808-6/786141071_1360550506164907_1343288441209680541_n.jpg?stp=dst-jpg_e35_tt6&_nc_cat=100&ig_cache_key=Mzk3MzE1NjQ3MjAxNjIzNDQ4NA%3D%3D.3-ccb7-5&ccb=7-5&_nc_sid=58cdad&efg=eyJ2ZW5jb2RlX3RhZyI6IkNBUk9VU0VMX0lURU0ueHBpZHMuMTYzOC5zZHIucmVndWxhcl9waG90by5DMyJ9&_nc_ohc=rAfVUo0mg-MQ7kNvwE8KbMG&_nc_oc=AdoB8HYZuZu7FtPAN9JTpSxBSWew2FQqiHsdwKv5ppZhv3g8wxALwdL4pdG5PmzvFUI&_nc_ad=z-m&_nc_cid=0&_nc_zt=23&_nc_ht=scontent-ams2-1.cdninstagram.com&_nc_gid=eaSov4kRguWIzndyEDFyGQ&_nc_ss=7a22e&oh=00_AQKBJ-rltlhoMOCiwlDggrwJqp00mhv-RCqi51TbteRoiQ&oe=6A9A06F9,https://www.instagram.com/p/DcjfMcbkgCV/
Bom Jesus Primavera do Leste 🛒,Higiene / Cuidados Pessoais,Desodorante Aerosol Dove 150ml,17.99,27/08/2026,https://scontent-fra3-1.cdninstagram.com/v/t51.82787-15/787993259_18374687005237813_4471412213431393234_n.jpg?stp=dst-jpg_e35_tt6&_nc_cat=103&ig_cache_key=Mzk3Mjk0NzA1MzQ4MTkxNTUyNQ%3D%3D.3-ccb7-5&ccb=7-5&_nc_sid=58cdad&efg=eyJ2ZW5jb2RlX3RhZyI6IkZFRUQueHBpZHMuMTM1MC5zZHIucmVndWxhcl9waG90by5DMyJ9&_nc_ohc=wXQuivYivwoQ7kNvwGqhBw9&_nc_oc=AdptQ5Ne8StUUqEKOJ7pFZaObcB-O8eXJgJlZpKLJuhIAZTFXSQGzsSb3LGYRveb9Wo&_nc_ad=z-m&_nc_cid=0&_nc_zt=23&_nc_ht=scontent-fra3-1.cdninstagram.com&_nc_gid=LtGElKp89Sdbjkf-yI3g1Q&_nc_ss=7a22e&oh=00_AQIfP27gbFFkftCKyKyh3HkxXSwJLHwcHGi0vYzfKwJ5ng&oe=6A9A052E,https://www.instagram.com/p/DcivkuqOXSF/
Bom Jesus Primavera do Leste 🛒,Higiene / Cuidados Pessoais,Condicionador Dove 190ml,22.99,27/08/2026,https://scontent-fra3-1.cdninstagram.com/v/t51.82787-15/787993259_18374687005237813_4471412213431393234_n.jpg?stp=dst-jpg_e35_tt6&_nc_cat=103&ig_cache_key=Mzk3Mjk0NzA1MzQ4MTkxNTUyNQ%3D%3D.3-ccb7-5&ccb=7-5&_nc_sid=58cdad&efg=eyJ2ZW5jb2RlX3RhZyI6IkZFRUQueHBpZHMuMTM1MC5zZHIucmVndWxhcl9waG90by5DMyJ9&_nc_ohc=wXQuivYivwoQ7kNvwGqhBw9&_nc_oc=AdptQ5Ne8StUUqEKOJ7pFZaObcB-O8eXJgJlZpKLJuhIAZTFXSQGzsSb3LGYRveb9Wo&_nc_ad=z-m&_nc_cid=0&_nc_zt=23&_nc_ht=scontent-fra3-1.cdninstagram.com&_nc_gid=LtGElKp89Sdbjkf-yI3g1Q&_nc_ss=7a22e&oh=00_AQIfP27gbFFkftCKyKyh3HkxXSwJLHwcHGi0vYzfKwJ5ng&oe=6A9A052E,https://www.instagram.com/p/DcivkuqOXSF/
Bom Jesus Primavera do Leste 🛒,Higiene / Cuidados Pessoais,Kit Shampoo Elseve 375ml + Condicionador 175ml,27.99,28/08/2026,https://scontent-lhr11-1.cdninstagram.com/v/t51.82787-15/788860531_18374942995237813_624644092953609674_n.jpg?stp=dst-jpg_e35_tt6&_nc_cat=106&ig_cache_key=Mzk3Mzk3Nzc4MjEzMTM5MTcwNQ%3D%3D.3-ccb7-5&ccb=7-5&_nc_sid=58cdad&efg=eyJ2ZW5jb2RlX3RhZyI6IkNBUk9VU0VMX0lURU0ueHBpZHMuMTA4MC5zZHIucmVndWxhcl9waG90by5DMyJ9&_nc_ohc=7IsixMbzdvIQ7kNvwGrq6f5&_nc_oc=AdrUMUMvfmpCgyQ5M66K7SfFgtb0WvRnMZmZe6j9PgsmW_awn6IgbkSp4FaEZ-SdaU4SQ-qB2m8DhAok3yIsJEQw&_nc_ad=z-m&_nc_cid=0&_nc_zt=23&_nc_ht=scontent-lhr11-1.cdninstagram.com&_nc_gid=UC3DCxA2tHR5SHtq_3JTew&_nc_ss=7a22e&oh=00_AQK3eYVcNv6k5KN4snKGHxnENW_DM_QLsjYHPxumREVvyA&oe=6A9A0F8B,https://www.instagram.com/p/DcmZ8cDD400/
Bom Jesus Primavera do Leste 🛒,Higiene / Cuidados Pessoais,Fralda Descartável Huggies Tripla Proteção Mega,36.99,28/08/2026,https://scontent-lhr11-1.cdninstagram.com/v/t51.82787-15/788860531_18374942995237813_624644092953609674_n.jpg?stp=dst-jpg_e35_tt6&_nc_cat=106&ig_cache_key=Mzk3Mzk3Nzc4MjEzMTM5MTcwNQ%3D%3D.3-ccb7-5&ccb=7-5&_nc_sid=58cdad&efg=eyJ2ZW5jb2RlX3RhZyI6IkNBUk9VU0VMX0lURU0ueHBpZHMuMTA4MC5zZHIucmVndWxhcl9waG90by5DMyJ9&_nc_ohc=7IsixMbzdvIQ7kNvwGrq6f5&_nc_oc=AdrUMUMvfmpCgyQ5M66K7SfFgtb0WvRnMZmZe6j9PgsmW_awn6IgbkSp4FaEZ-SdaU4SQ-qB2m8DhAok3yIsJEQw&_nc_ad=z-m&_nc_cid=0&_nc_zt=23&_nc_ht=scontent-lhr11-1.cdninstagram.com&_nc_gid=UC3DCxA2tHR5SHtq_3JTew&_nc_ss=7a22e&oh=00_AQK3eYVcNv6k5KN4snKGHxnENW_DM_QLsjYHPxumREVvyA&oe=6A9A0F8B,https://www.instagram.com/p/DcmZ8cDD400/
Machadão Atacadista,Higiene / Papelaria,Guardanapo de Papel Mili 30x29.5cm,2.99,27/08/2026,https://scontent-ams2-1.cdninstagram.com/v/t39.30808-6/786779086_1360550472831577_8028710268323392841_n.jpg?stp=dst-jpg_e35_tt6&_nc_cat=100&ig_cache_key=Mzk3MzE1NjQ3MjI0MjcxMDI2OQ%3D%3D.3-ccb7-5&ccb=7-5&_nc_sid=58cdad&efg=eyJ2ZW5jb2RlX3RhZyI6IkNBUk9VU0VMX0lURU0ueHBpZHMuMTYzOC5zZHIucmVndWxhcl9waG90by5DMyJ9&_nc_ohc=WKCTmqyswmsQ7kNvwEaT0qb&_nc_oc=AdoESSuIi24al2MbVha01D5uveiXrRKzs-lQ1FHAWnNbZsbtHYYeFSHrV-q5AR66GP4&_nc_ad=z-m&_nc_cid=0&_nc_zt=23&_nc_ht=scontent-ams2-1.cdninstagram.com&_nc_gid=eaSov4kRguWIzndyEDFyGQ&_nc_ss=7a22e&oh=00_AQLhWf_PUniAqLhun79EXhJAomIzs-bwTnc5lqN_vQv_Ew&oe=6A99F9EF,https://www.instagram.com/p/DcjfMcbkgCV/
Machadão Atacadista,Higiene / Papelaria,Guardanapo de Papel Mili 30x29.5cm,2.99,27/08/2026,https://scontent-ams2-1.cdninstagram.com/v/t39.30808-6/786141071_1360550506164907_1343288441209680541_n.jpg?stp=dst-jpg_e35_tt6&_nc_cat=100&ig_cache_key=Mzk3MzE1NjQ3MjAxNjIzNDQ4NA%3D%3D.3-ccb7-5&ccb=7-5&_nc_sid=58cdad&efg=eyJ2ZW5jb2RlX3RhZyI6IkNBUk9VU0VMX0lURU0ueHBpZHMuMTYzOC5zZHIucmVndWxhcl9waG90by5DMyJ9&_nc_ohc=rAfVUo0mg-MQ7kNvwE8KbMG&_nc_oc=AdoB8HYZuZu7FtPAN9JTpSxBSWew2FQqiHsdwKv5ppZhv3g8wxALwdL4pdG5PmzvFUI&_nc_ad=z-m&_nc_cid=0&_nc_zt=23&_nc_ht=scontent-ams2-1.cdninstagram.com&_nc_gid=eaSov4kRguWIzndyEDFyGQ&_nc_ss=7a22e&oh=00_AQKBJ-rltlhoMOCiwlDggrwJqp00mhv-RCqi51TbteRoiQ&oe=6A9A06F9,https://www.instagram.com/p/DcjfMcbkgCV/
Supermercado Tuiuiú,Higiene / Papelaria,Papel Higiênico Duetto 12 Rolos,15.99,28/08/2026,https://instagram.fbne11-1.fna.fbcdn.net/v/t39.30808-6/782169170_1720016740132144_6974904276998945912_n.jpg?stp=dst-jpg_e35_tt6&_nc_cat=105&ig_cache_key=Mzk3MzM0Mjg3OTk5ODQ4MTkyMA%3D%3D.3-ccb7-5&ccb=7-5&_nc_sid=58cdad&efg=eyJ2ZW5jb2RlX3RhZyI6IkNBUk9VU0VMX0lURU0ueHBpZHMuMTI1NC5zZHIucmVndWxhcl9waG90by5DMyJ9&_nc_ohc=q-Z25NrUeboQ7kNvwHm8e23&_nc_oc=AdojJZLadBFAyCY1SaIjxtxKFkWlcDFsaio-RJcCjaWdlmROZdopsVd3ibNTtZFRpilcfRaK3PqCLd4AQWxXVWK6&_nc_ad=z-m&_nc_cid=0&_nc_zt=23&_nc_ht=instagram.fbne11-1.fna&_nc_gid=TyXdyDMvXWTfqtmX-TW3yw&_nc_ss=7a22e&oh=00_AQJ7RZOU9t9pdyMP8EpDLQ8lHO_RkhBCtXjLAEclBr3ZwA&oe=6A9A2589,https://www.instagram.com/p/DckJlYyI3Tu/
Bom Jesus Primavera do Leste 🛒,Higiene / Papelaria,Papel Higiênico Mili Folha Dupla 30m 12un,15.99,28/08/2026,https://scontent-lhr11-1.cdninstagram.com/v/t51.82787-15/788860531_18374942995237813_624644092953609674_n.jpg?stp=dst-jpg_e35_tt6&_nc_cat=106&ig_cache_key=Mzk3Mzk3Nzc4MjEzMTM5MTcwNQ%3D%3D.3-ccb7-5&ccb=7-5&_nc_sid=58cdad&efg=eyJ2ZW5jb2RlX3RhZyI6IkNBUk9VU0VMX0lURU0ueHBpZHMuMTA4MC5zZHIucmVndWxhcl9waG90by5DMyJ9&_nc_ohc=7IsixMbzdvIQ7kNvwGrq6f5&_nc_oc=AdrUMUMvfmpCgyQ5M66K7SfFgtb0WvRnMZmZe6j9PgsmW_awn6IgbkSp4FaEZ-SdaU4SQ-qB2m8DhAok3yIsJEQw&_nc_ad=z-m&_nc_cid=0&_nc_zt=23&_nc_ht=scontent-lhr11-1.cdninstagram.com&_nc_gid=UC3DCxA2tHR5SHtq_3JTew&_nc_ss=7a22e&oh=00_AQK3eYVcNv6k5KN4snKGHxnENW_DM_QLsjYHPxumREVvyA&oe=6A9A0F8B,https://www.instagram.com/p/DcmZ8cDD400/
Supermercado São Pedro,Higiene / Papelaria,Papel Higiênico Duetto Folha Dupla 12 Rolos,16.99,27/08/2026,https://scontent-waw2-1.cdninstagram.com/v/t39.30808-6/785993166_1505168978322885_7442982966970505933_n.jpg?stp=c0.0.1638.2048a_dst-jpg_e35_s1638x2048_tt6&_nc_cat=110&ig_cache_key=Mzk3MzI3Njk2ODM0NzI3MzQzNQ%3D%3D.3-ccb7-5&ccb=7-5&_nc_sid=58cdad&efg=eyJ2ZW5jb2RlX3RhZyI6IkNBUk9VU0VMX0lURU0ueHBpZHMuMTYzOS5zZHIucmVndWxhcl9waG90by5DMyJ9&_nc_ohc=5-K7ePTTbO0Q7kNvwFmWbXo&_nc_oc=Adp7zBbdLmFBERjpgu_RHa815wPv1C8SuAQiiMxQyCFcZOiBUch81L3oKaO-dOUxCgI&_nc_ad=z-m&_nc_cid=0&_nc_zt=23&_nc_ht=scontent-waw2-1.cdninstagram.com&_nc_gid=GU0bCad11P1ZuGVVY5hLEQ&_nc_ss=7a22e&oh=00_AQJ7br_D89Sc19hVHgpvn0y7snY0RL9lAEZSVvD3YHFiOw&oe=6A9A238E,https://www.instagram.com/p/Dcj6lyLlKpL/
Machadão Atacadista,Higiene / Papelaria,Papel Higiênico Duetto Folha Dupla 30m 12 Rolos,19.9,27/08/2026,https://scontent-ams2-1.cdninstagram.com/v/t39.30808-6/786779086_1360550472831577_8028710268323392841_n.jpg?stp=dst-jpg_e35_tt6&_nc_cat=100&ig_cache_key=Mzk3MzE1NjQ3MjI0MjcxMDI2OQ%3D%3D.3-ccb7-5&ccb=7-5&_nc_sid=58cdad&efg=eyJ2ZW5jb2RlX3RhZyI6IkNBUk9VU0VMX0lURU0ueHBpZHMuMTYzOC5zZHIucmVndWxhcl9waG90by5DMyJ9&_nc_ohc=WKCTmqyswmsQ7kNvwEaT0qb&_nc_oc=AdoESSuIi24al2MbVha01D5uveiXrRKzs-lQ1FHAWnNbZsbtHYYeFSHrV-q5AR66GP4&_nc_ad=z-m&_nc_cid=0&_nc_zt=23&_nc_ht=scontent-ams2-1.cdninstagram.com&_nc_gid=eaSov4kRguWIzndyEDFyGQ&_nc_ss=7a22e&oh=00_AQLhWf_PUniAqLhun79EXhJAomIzs-bwTnc5lqN_vQv_Ew&oe=6A99F9EF,https://www.instagram.com/p/DcjfMcbkgCV/
Machadão Atacadista,Higiene / Papelaria,Papel Higiênico Duetto Folha Dupla 30m 12un,19.9,27/08/2026,https://scontent-ams2-1.cdninstagram.com/v/t39.30808-6/786141071_1360550506164907_1343288441209680541_n.jpg?stp=dst-jpg_e35_tt6&_nc_cat=100&ig_cache_key=Mzk3MzE1NjQ3MjAxNjIzNDQ4NA%3D%3D.3-ccb7-5&ccb=7-5&_nc_sid=58cdad&efg=eyJ2ZW5jb2RlX3RhZyI6IkNBUk9VU0VMX0lURU0ueHBpZHMuMTYzOC5zZHIucmVndWxhcl9waG90by5DMyJ9&_nc_ohc=rAfVUo0mg-MQ7kNvwE8KbMG&_nc_oc=AdoB8HYZuZu7FtPAN9JTpSxBSWew2FQqiHsdwKv5ppZhv3g8wxALwdL4pdG5PmzvFUI&_nc_ad=z-m&_nc_cid=0&_nc_zt=23&_nc_ht=scontent-ams2-1.cdninstagram.com&_nc_gid=eaSov4kRguWIzndyEDFyGQ&_nc_ss=7a22e&oh=00_AQKBJ-rltlhoMOCiwlDggrwJqp00mhv-RCqi51TbteRoiQ&oe=6A9A06F9,https://www.instagram.com/p/DcjfMcbkgCV/
Supermercado São Pedro,Hortifruti / Ovos,Cebola kg,3.99,28/08/2026,https://instagram.fmel12-1.fna.fbcdn.net/v/t51.82787-15/785599572_18195711460382122_5575322653184498920_n.jpg?stp=dst-jpg_e35_tt6&_nc_cat=109&ig_cache_key=Mzk3MzY3MjU2OTQ3ODkxNjI0Mw%3D%3D.3-ccb7-5&ccb=7-5&_nc_sid=58cdad&efg=eyJ2ZW5jb2RlX3RhZyI6IkNBUk9VU0VMX0lURU0ueHBpZHMuMTA4MS5zZHIucmVndWxhcl9waG90by5DMyJ9&_nc_ohc=GqsGB5UTShAQ7kNvwEoHHUX&_nc_oc=AdpoOuyzgWbLFG5aXUM4eF0GZxLmoubxopdoTjvLBTvvWnuvUCavvSdHA2isuUsrBUF8XxYvJrF8gg32pEHZ_Z5P&_nc_ad=z-m&_nc_cid=1032&_nc_zt=23&_nc_ht=instagram.fmel12-1.fna&_nc_gid=BrePjm_PQQaChn7TWqupaw&_nc_ss=7a22e&oh=00_AQJHmyGRL2X0V2sY6VbWVVmP7Lcyaw8FvNslm7KfNJwUNw&oe=6A9A1D52,https://www.instagram.com/p/DclUqI1G7TG/
Supermercado São Pedro,Hortifruti / Ovos,Tomate kg,5.39,28/08/2026,https://instagram.fmel12-1.fna.fbcdn.net/v/t51.82787-15/785599572_18195711460382122_5575322653184498920_n.jpg?stp=dst-jpg_e35_tt6&_nc_cat=109&ig_cache_key=Mzk3MzY3MjU2OTQ3ODkxNjI0Mw%3D%3D.3-ccb7-5&ccb=7-5&_nc_sid=58cdad&efg=eyJ2ZW5jb2RlX3RhZyI6IkNBUk9VU0VMX0lURU0ueHBpZHMuMTA4MS5zZHIucmVndWxhcl9waG90by5DMyJ9&_nc_ohc=GqsGB5UTShAQ7kNvwEoHHUX&_nc_oc=AdpoOuyzgWbLFG5aXUM4eF0GZxLmoubxopdoTjvLBTvvWnuvUCavvSdHA2isuUsrBUF8XxYvJrF8gg32pEHZ_Z5P&_nc_ad=z-m&_nc_cid=1032&_nc_zt=23&_nc_ht=instagram.fmel12-1.fna&_nc_gid=BrePjm_PQQaChn7TWqupaw&_nc_ss=7a22e&oh=00_AQJHmyGRL2X0V2sY6VbWVVmP7Lcyaw8FvNslm7KfNJwUNw&oe=6A9A1D52,https://www.instagram.com/p/DclUqI1G7TG/
Super Compras Supermercado,Hortifruti / Ovos,Batata Palha Qualimax 100g,6.99,28/08/2026,https://instagram.fgrq1-2.fna.fbcdn.net/v/t51.82787-15/778381296_18192777073391764_3495327765482658959_n.jpg?stp=dst-jpg_e35_tt6&_nc_cat=108&ig_cache_key=Mzk3MzI5MDk1OTA3NzU1MjQ2OA%3D%3D.3-ccb7-5&ccb=7-5&_nc_sid=58cdad&efg=eyJ2ZW5jb2RlX3RhZyI6IkZFRUQueHBpZHMuMTQ0MC5zZHIucmVndWxhcl9waG90by5DMyJ9&_nc_ohc=2HLQR4PBfsgQ7kNvwELeAkY&_nc_oc=AdpsbBFyYCKsOTyqaCboJLZYOlz31xbeqM_kqsicam7NUB4FxCNirYkQZ6gRU0ARUYI&_nc_ad=z-m&_nc_cid=1207&_nc_zt=23&_nc_ht=instagram.fgrq1-2.fna&_nc_gid=EoLIJCkIsXrOLQBQ_KaqLA&_nc_ss=7a22e&oh=00_AQJHFVOp08jAnYsul3AU7IIeLd8d2ofr4OlyRGukBY0Vpw&oe=6A9A2A96,https://www.instagram.com/p/Dcj9xNtFrFU/
Supermercado Tuiuiú,Hortifruti / Ovos,Ovos Brancos 30un,11.99,28/08/2026,https://instagram.fbne11-1.fna.fbcdn.net/v/t39.30808-6/777867278_1720016746798810_8968857745876573698_n.jpg?stp=dst-jpg_e35_tt6&_nc_cat=108&ig_cache_key=Mzk3MzM0Mjg3ODY1NjMwNjQwOQ%3D%3D.3-ccb7-5&ccb=7-5&_nc_sid=58cdad&efg=eyJ2ZW5jb2RlX3RhZyI6IkNBUk9VU0VMX0lURU0ueHBpZHMuMTI1NC5zZHIucmVndWxhcl9waG90by5DMyJ9&_nc_ohc=7pvC346oZEwQ7kNvwH7S15c&_nc_oc=AdogD2rntWxSHfcA_zgHQ0TbCd-hZ2ZAbKLCt30tE6RU9pta3S061R_qxBlu1eP_Z6JjKUATN38j6nVuMPajR3Hc&_nc_ad=z-m&_nc_cid=0&_nc_zt=23&_nc_ht=instagram.fbne11-1.fna&_nc_gid=TyXdyDMvXWTfqtmX-TW3yw&_nc_ss=7a22e&oh=00_AQKNVeMyMUuErozL0HTIbD8KDfVjh6pyC58ORNjNgV48VA&oe=6A9A1649,https://www.instagram.com/p/DckJlYyI3Tu/
Super Compras Supermercado,Hortifruti / Ovos,Alho kg,14.99,29/08/2026,https://instagram.fmel16-1.fna.fbcdn.net/v/t51.82787-15/787743920_18192892438391764_3005082908538598587_n.jpg?stp=dst-jpg_e35_tt6&_nc_cat=110&ig_cache_key=Mzk3NDAxMjMzNjQ5MTI3ODEzMg%3D%3D.3-ccb7-5&ccb=7-5&_nc_sid=58cdad&efg=eyJ2ZW5jb2RlX3RhZyI6IkNBUk9VU0VMX0lURU0ueHBpZHMuMTQ0MC5zZHIucmVndWxhcl9waG90by5DMyJ9&_nc_ohc=jo3tVs9LzLkQ7kNvwHsHub2&_nc_oc=AdrMyAysXN6oamvJE4SMujPVCMnhvU3LLhmWnyi1JM16qKwKknFF2mpc8Utu8e7vL3U&_nc_ad=z-m&_nc_cid=0&_nc_zt=23&_nc_ht=instagram.fmel16-1.fna&_nc_gid=0dsUxJDd5nGRr_VHaZPIKw&_nc_ss=7a22e&oh=00_AQLEnRR2_CeI0y9HiiZHKqzTSjOWgHlOYdrn-WxahO9FXw&oe=6A9A1EBB,https://www.instagram.com/p/DcmhzwZjQj_/
Supermercado São Pedro,Hortifruti / Ovos,Batata Sadia 2kg,27.49,28/08/2026,https://instagram.fmel12-1.fna.fbcdn.net/v/t51.82787-15/785599572_18195711460382122_5575322653184498920_n.jpg?stp=dst-jpg_e35_tt6&_nc_cat=109&ig_cache_key=Mzk3MzY3MjU2OTQ3ODkxNjI0Mw%3D%3D.3-ccb7-5&ccb=7-5&_nc_sid=58cdad&efg=eyJ2ZW5jb2RlX3RhZyI6IkNBUk9VU0VMX0lURU0ueHBpZHMuMTA4MS5zZHIucmVndWxhcl9waG90by5DMyJ9&_nc_ohc=GqsGB5UTShAQ7kNvwEoHHUX&_nc_oc=AdpoOuyzgWbLFG5aXUM4eF0GZxLmoubxopdoTjvLBTvvWnuvUCavvSdHA2isuUsrBUF8XxYvJrF8gg32pEHZ_Z5P&_nc_ad=z-m&_nc_cid=1032&_nc_zt=23&_nc_ht=instagram.fmel12-1.fna&_nc_gid=BrePjm_PQQaChn7TWqupaw&_nc_ss=7a22e&oh=00_AQJHmyGRL2X0V2sY6VbWVVmP7Lcyaw8FvNslm7KfNJwUNw&oe=6A9A1D52,https://www.instagram.com/p/DclUqI1G7TG/
Supermercado Tuiuiú,Laticínios / Leites e Derivados,Creme de Leite Piracanjuba 200ml,2.49,28/08/2026,https://instagram.fbne11-1.fna.fbcdn.net/v/t39.30808-6/752708427_1720016720132146_149709506206268519_n.jpg?stp=dst-jpg_e35_tt6&_nc_cat=108&ig_cache_key=Mzk3MzM0Mjg4MDAxNTI3Mzk0NA%3D%3D.3-ccb7-5&ccb=7-5&_nc_sid=58cdad&efg=eyJ2ZW5jb2RlX3RhZyI6IkNBUk9VU0VMX0lURU0ueHBpZHMuMTI1NC5zZHIucmVndWxhcl9waG90by5DMyJ9&_nc_ohc=7bG_IFJvHW0Q7kNvwGfFYjf&_nc_oc=AdqjnHZq5-Y43HNyCZ5qxu_X_VMs76dlaJQkW5kbAcpvWVkYAiABgk-cuOADlEniegPNEIn4a1Q6Pr6-1eEuV9Iz&_nc_ad=z-m&_nc_cid=0&_nc_zt=23&_nc_ht=instagram.fbne11-1.fna&_nc_gid=TyXdyDMvXWTfqtmX-TW3yw&_nc_ss=7a22e&oh=00_AQJhORPooE-fxm3N6fKAV_43QYK02G1uNnI7NNKiR4OX4g&oe=6A9A1053,https://www.instagram.com/p/DckJlYyI3Tu/
Bom Jesus Primavera do Leste 🛒,Laticínios / Leites e Derivados,Leite Condensado Italac 395g,5.69,28/08/2026,https://scontent-lhr11-1.cdninstagram.com/v/t51.82787-15/788139857_18374943016237813_6095318216715939563_n.jpg?stp=dst-jpg_e35_tt6&_nc_cat=107&ig_cache_key=Mzk3Mzk3Nzc4MDcyMjI3NDY1Mg%3D%3D.3-ccb7-5&ccb=7-5&_nc_sid=58cdad&efg=eyJ2ZW5jb2RlX3RhZyI6IkNBUk9VU0VMX0lURU0ueHBpZHMuMTA4MC5zZHIucmVndWxhcl9waG90by5DMyJ9&_nc_ohc=u6RrkwcH62kQ7kNvwFPO8nO&_nc_oc=Adq7Ydwrj8L01LSreSo3Hr9nEBdt7EUEaeUJg7Tp-iPDdHy-rWuFw6haLQP_5O7ZiVLAswHo-taEhi6kZbtEtW7y&_nc_ad=z-m&_nc_cid=0&_nc_zt=23&_nc_ht=scontent-lhr11-1.cdninstagram.com&_nc_gid=UC3DCxA2tHR5SHtq_3JTew&_nc_ss=7a22e&oh=00_AQJ_o-NIim0oS-WiIsBW-WOgFnQ0bdqhL7zHvDWnHaNwqw&oe=6A9A0D70,https://www.instagram.com/p/DcmZ8cDD400/
Supermercado Tuiuiú,Laticínios / Leites e Derivados,Leite Condensado Piracanjuba 395g,5.79,28/08/2026,https://instagram.fbne11-1.fna.fbcdn.net/v/t39.30808-6/752708427_1720016720132146_149709506206268519_n.jpg?stp=dst-jpg_e35_tt6&_nc_cat=108&ig_cache_key=Mzk3MzM0Mjg4MDAxNTI3Mzk0NA%3D%3D.3-ccb7-5&ccb=7-5&_nc_sid=58cdad&efg=eyJ2ZW5jb2RlX3RhZyI6IkNBUk9VU0VMX0lURU0ueHBpZHMuMTI1NC5zZHIucmVndWxhcl9waG90by5DMyJ9&_nc_ohc=7bG_IFJvHW0Q7kNvwGfFYjf&_nc_oc=AdqjnHZq5-Y43HNyCZ5qxu_X_VMs76dlaJQkW5kbAcpvWVkYAiABgk-cuOADlEniegPNEIn4a1Q6Pr6-1eEuV9Iz&_nc_ad=z-m&_nc_cid=0&_nc_zt=23&_nc_ht=instagram.fbne11-1.fna&_nc_gid=TyXdyDMvXWTfqtmX-TW3yw&_nc_ss=7a22e&oh=00_AQJhORPooE-fxm3N6fKAV_43QYK02G1uNnI7NNKiR4OX4g&oe=6A9A1053,https://www.instagram.com/p/DckJlYyI3Tu/
Supermercado Tuiuiú,Laticínios / Leites e Derivados,Leite Integral Frimesa 1L,6.19,28/08/2026,https://instagram.fbne11-1.fna.fbcdn.net/v/t39.30808-6/777867278_1720016746798810_8968857745876573698_n.jpg?stp=dst-jpg_e35_tt6&_nc_cat=108&ig_cache_key=Mzk3MzM0Mjg3ODY1NjMwNjQwOQ%3D%3D.3-ccb7-5&ccb=7-5&_nc_sid=58cdad&efg=eyJ2ZW5jb2RlX3RhZyI6IkNBUk9VU0VMX0lURU0ueHBpZHMuMTI1NC5zZHIucmVndWxhcl9waG90by5DMyJ9&_nc_ohc=7pvC346oZEwQ7kNvwH7S15c&_nc_oc=AdogD2rntWxSHfcA_zgHQ0TbCd-hZ2ZAbKLCt30tE6RU9pta3S061R_qxBlu1eP_Z6JjKUATN38j6nVuMPajR3Hc&_nc_ad=z-m&_nc_cid=0&_nc_zt=23&_nc_ht=instagram.fbne11-1.fna&_nc_gid=TyXdyDMvXWTfqtmX-TW3yw&_nc_ss=7a22e&oh=00_AQKNVeMyMUuErozL0HTIbD8KDfVjh6pyC58ORNjNgV48VA&oe=6A9A1649,https://www.instagram.com/p/DckJlYyI3Tu/
Supermercado São Pedro,Laticínios / Leites e Derivados,Leite Condensado Moça 395g,6.99,27/08/2026,https://scontent-waw2-1.cdninstagram.com/v/t39.30808-6/785993166_1505168978322885_7442982966970505933_n.jpg?stp=c0.0.1638.2048a_dst-jpg_e35_s1638x2048_tt6&_nc_cat=110&ig_cache_key=Mzk3MzI3Njk2ODM0NzI3MzQzNQ%3D%3D.3-ccb7-5&ccb=7-5&_nc_sid=58cdad&efg=eyJ2ZW5jb2RlX3RhZyI6IkNBUk9VU0VMX0lURU0ueHBpZHMuMTYzOS5zZHIucmVndWxhcl9waG90by5DMyJ9&_nc_ohc=5-K7ePTTbO0Q7kNvwFmWbXo&_nc_oc=Adp7zBbdLmFBERjpgu_RHa815wPv1C8SuAQiiMxQyCFcZOiBUch81L3oKaO-dOUxCgI&_nc_ad=z-m&_nc_cid=0&_nc_zt=23&_nc_ht=scontent-waw2-1.cdninstagram.com&_nc_gid=GU0bCad11P1ZuGVVY5hLEQ&_nc_ss=7a22e&oh=00_AQJ7br_D89Sc19hVHgpvn0y7snY0RL9lAEZSVvD3YHFiOw&oe=6A9A238E,https://www.instagram.com/p/Dcj6lyLlKpL/
Bom Jesus Primavera do Leste 🛒,Laticínios / Leites e Derivados,Iogurte Petit Goininho Morango 320g,7.49,28/08/2026,https://scontent-lhr11-1.cdninstagram.com/v/t51.82787-15/786853630_18374942971237813_3112147777905981087_n.jpg?stp=dst-jpg_e35_tt6&_nc_cat=107&ig_cache_key=Mzk3Mzk3Nzc3OTE1MzU1MzcyNQ%3D%3D.3-ccb7-5&ccb=7-5&_nc_sid=58cdad&efg=eyJ2ZW5jb2RlX3RhZyI6IkNBUk9VU0VMX0lURU0ueHBpZHMuMTA4MC5zZHIucmVndWxhcl9waG90by5DMyJ9&_nc_ohc=X2aB_pDnUvgQ7kNvwGJYCo1&_nc_oc=AdoY3nFRwspWxSa0r6nAzhmdb2IeHhn0GzEMt3R7bh7xfvUvBFtPvJ-N6RF9j6jliyB7YJsAKvj5O6IE4yCYDw16&_nc_ad=z-m&_nc_cid=0&_nc_zt=23&_nc_ht=scontent-lhr11-1.cdninstagram.com&_nc_gid=UC3DCxA2tHR5SHtq_3JTew&_nc_ss=7a22e&oh=00_AQKD_RQMWVlNJNpzp_tEs5ZeXVVFk9RInKTlJVMOBlyupg&oe=6A9A18E4,https://www.instagram.com/p/DcmZ8cDD400/
Bom Jesus Primavera do Leste 🛒,Laticínios / Leites e Derivados,Requeijão Catupiry 200g,8.99,28/08/2026,https://scontent-lhr11-1.cdninstagram.com/v/t51.82787-15/786853630_18374942971237813_3112147777905981087_n.jpg?stp=dst-jpg_e35_tt6&_nc_cat=107&ig_cache_key=Mzk3Mzk3Nzc3OTE1MzU1MzcyNQ%3D%3D.3-ccb7-5&ccb=7-5&_nc_sid=58cdad&efg=eyJ2ZW5jb2RlX3RhZyI6IkNBUk9VU0VMX0lURU0ueHBpZHMuMTA4MC5zZHIucmVndWxhcl9waG90by5DMyJ9&_nc_ohc=X2aB_pDnUvgQ7kNvwGJYCo1&_nc_oc=AdoY3nFRwspWxSa0r6nAzhmdb2IeHhn0GzEMt3R7bh7xfvUvBFtPvJ-N6RF9j6jliyB7YJsAKvj5O6IE4yCYDw16&_nc_ad=z-m&_nc_cid=0&_nc_zt=23&_nc_ht=scontent-lhr11-1.cdninstagram.com&_nc_gid=UC3DCxA2tHR5SHtq_3JTew&_nc_ss=7a22e&oh=00_AQKD_RQMWVlNJNpzp_tEs5ZeXVVFk9RInKTlJVMOBlyupg&oe=6A9A18E4,https://www.instagram.com/p/DcmZ8cDD400/
Bom Jesus Primavera do Leste 🛒,Laticínios / Leites e Derivados,Iogurte Goininho 1.1kg,10.99,28/08/2026,https://scontent-lhr11-1.cdninstagram.com/v/t51.82787-15/786853630_18374942971237813_3112147777905981087_n.jpg?stp=dst-jpg_e35_tt6&_nc_cat=107&ig_cache_key=Mzk3Mzk3Nzc3OTE1MzU1MzcyNQ%3D%3D.3-ccb7-5&ccb=7-5&_nc_sid=58cdad&efg=eyJ2ZW5jb2RlX3RhZyI6IkNBUk9VU0VMX0lURU0ueHBpZHMuMTA4MC5zZHIucmVndWxhcl9waG90by5DMyJ9&_nc_ohc=X2aB_pDnUvgQ7kNvwGJYCo1&_nc_oc=AdoY3nFRwspWxSa0r6nAzhmdb2IeHhn0GzEMt3R7bh7xfvUvBFtPvJ-N6RF9j6jliyB7YJsAKvj5O6IE4yCYDw16&_nc_ad=z-m&_nc_cid=0&_nc_zt=23&_nc_ht=scontent-lhr11-1.cdninstagram.com&_nc_gid=UC3DCxA2tHR5SHtq_3JTew&_nc_ss=7a22e&oh=00_AQKD_RQMWVlNJNpzp_tEs5ZeXVVFk9RInKTlJVMOBlyupg&oe=6A9A18E4,https://www.instagram.com/p/DcmZ8cDD400/
Bom Jesus Primavera do Leste 🛒,Laticínios / Leites e Derivados,Doce de Leite Comajul 400g,10.99,28/08/2026,https://scontent-lhr11-1.cdninstagram.com/v/t51.82787-15/788139857_18374943016237813_6095318216715939563_n.jpg?stp=dst-jpg_e35_tt6&_nc_cat=107&ig_cache_key=Mzk3Mzk3Nzc4MDcyMjI3NDY1Mg%3D%3D.3-ccb7-5&ccb=7-5&_nc_sid=58cdad&efg=eyJ2ZW5jb2RlX3RhZyI6IkNBUk9VU0VMX0lURU0ueHBpZHMuMTA4MC5zZHIucmVndWxhcl9waG90by5DMyJ9&_nc_ohc=u6RrkwcH62kQ7kNvwFPO8nO&_nc_oc=Adq7Ydwrj8L01LSreSo3Hr9nEBdt7EUEaeUJg7Tp-iPDdHy-rWuFw6haLQP_5O7ZiVLAswHo-taEhi6kZbtEtW7y&_nc_ad=z-m&_nc_cid=0&_nc_zt=23&_nc_ht=scontent-lhr11-1.cdninstagram.com&_nc_gid=UC3DCxA2tHR5SHtq_3JTew&_nc_ss=7a22e&oh=00_AQJ_o-NIim0oS-WiIsBW-WOgFnQ0bdqhL7zHvDWnHaNwqw&oe=6A9A0D70,https://www.instagram.com/p/DcmZ8cDD400/
Machadão Atacadista,Laticínios / Leites e Derivados,Requeijão Cremoso Poços de Caldas 400g,14.9,27/08/2026,https://scontent-ams2-1.cdninstagram.com/v/t39.30808-6/787104328_1360550532831571_2281243341389434448_n.jpg?stp=dst-jpg_e35_tt6&_nc_cat=100&ig_cache_key=Mzk3MzE1NjQ3MTc1NjIxMzA2MQ%3D%3D.3-ccb7-5&ccb=7-5&_nc_sid=58cdad&efg=eyJ2ZW5jb2RlX3RhZyI6IkNBUk9VU0VMX0lURU0ueHBpZHMuMTYzOC5zZHIucmVndWxhcl9waG90by5DMyJ9&_nc_ohc=BsEfA1wdsJMQ7kNvwHgpmPZ&_nc_oc=Adq7h13PKXcAqcN4z7fv7REkzV8Zvc0JgloU8TzdMiZVa9SY2_bMxHz6Ah1i3WW-uS4&_nc_ad=z-m&_nc_cid=0&_nc_zt=23&_nc_ht=scontent-ams2-1.cdninstagram.com&_nc_gid=eaSov4kRguWIzndyEDFyGQ&_nc_ss=7a22e&oh=00_AQJs5Ai3x4B6qHdlmHaLjuJg94KI2i896bcpUhDA7wi6jw&oe=6A9A2C50,https://www.instagram.com/p/DcjfMcbkgCV/
Machadão Atacadista,Laticínios / Leites e Derivados,Requeijão Cremoso Poços de Caldas 400g,14.9,27/08/2026,https://scontent-ams2-1.cdninstagram.com/v/t39.30808-6/787798079_1360550486164909_1488167338527184913_n.jpg?stp=dst-jpg_e35_tt6&_nc_cat=107&ig_cache_key=Mzk3MzE1NjQ3MjAzMzA0ODEyMg%3D%3D.3-ccb7-5&ccb=7-5&_nc_sid=58cdad&efg=eyJ2ZW5jb2RlX3RhZyI6IkNBUk9VU0VMX0lURU0ueHBpZHMuMTYzOC5zZHIucmVndWxhcl9waG90by5DMyJ9&_nc_ohc=_YSRXBR_xEAQ7kNvwEPyA0R&_nc_oc=Adod8FBZ1VIwdo7XMEeAFyY3M_eABxg3PxcIYc9Sokz5CWOsNdRGgwkbWB9mxmyi3mY&_nc_ad=z-m&_nc_cid=0&_nc_zt=23&_nc_ht=scontent-ams2-1.cdninstagram.com&_nc_gid=eaSov4kRguWIzndyEDFyGQ&_nc_ss=7a22e&oh=00_AQICQRsanDJxQLmHBBYmho3Rac6l9xK0buxZ-lp11p8Uww&oe=6A9A2815,https://www.instagram.com/p/DcjfMcbkgCV/
Bom Jesus Primavera do Leste 🛒,Laticínios / Leites e Derivados,Leite em Pó Instantâneo Ninho 380g,19.99,28/08/2026,https://scontent-lhr11-1.cdninstagram.com/v/t51.82787-15/788139857_18374943016237813_6095318216715939563_n.jpg?stp=dst-jpg_e35_tt6&_nc_cat=107&ig_cache_key=Mzk3Mzk3Nzc4MDcyMjI3NDY1Mg%3D%3D.3-ccb7-5&ccb=7-5&_nc_sid=58cdad&efg=eyJ2ZW5jb2RlX3RhZyI6IkNBUk9VU0VMX0lURU0ueHBpZHMuMTA4MC5zZHIucmVndWxhcl9waG90by5DMyJ9&_nc_ohc=u6RrkwcH62kQ7kNvwFPO8nO&_nc_oc=Adq7Ydwrj8L01LSreSo3Hr9nEBdt7EUEaeUJg7Tp-iPDdHy-rWuFw6haLQP_5O7ZiVLAswHo-taEhi6kZbtEtW7y&_nc_ad=z-m&_nc_cid=0&_nc_zt=23&_nc_ht=scontent-lhr11-1.cdninstagram.com&_nc_gid=UC3DCxA2tHR5SHtq_3JTew&_nc_ss=7a22e&oh=00_AQJ_o-NIim0oS-WiIsBW-WOgFnQ0bdqhL7zHvDWnHaNwqw&oe=6A9A0D70,https://www.instagram.com/p/DcmZ8cDD400/
Bom Jesus Primavera do Leste 🛒,Laticínios / Leites e Derivados,Queijo Queijo Mussarela Casterleite kg,45.99,28/08/2026,https://scontent-lhr11-1.cdninstagram.com/v/t51.82787-15/788139857_18374943016237813_6095318216715939563_n.jpg?stp=dst-jpg_e35_tt6&_nc_cat=107&ig_cache_key=Mzk3Mzk3Nzc4MDcyMjI3NDY1Mg%3D%3D.3-ccb7-5&ccb=7-5&_nc_sid=58cdad&efg=eyJ2ZW5jb2RlX3RhZyI6IkNBUk9VU0VMX0lURU0ueHBpZHMuMTA4MC5zZHIucmVndWxhcl9waG90by5DMyJ9&_nc_ohc=u6RrkwcH62kQ7kNvwFPO8nO&_nc_oc=Adq7Ydwrj8L01LSreSo3Hr9nEBdt7EUEaeUJg7Tp-iPDdHy-rWuFw6haLQP_5O7ZiVLAswHo-taEhi6kZbtEtW7y&_nc_ad=z-m&_nc_cid=0&_nc_zt=23&_nc_ht=scontent-lhr11-1.cdninstagram.com&_nc_gid=UC3DCxA2tHR5SHtq_3JTew&_nc_ss=7a22e&oh=00_AQJ_o-NIim0oS-WiIsBW-WOgFnQ0bdqhL7zHvDWnHaNwqw&oe=6A9A0D70,https://www.instagram.com/p/DcmZ8cDD400/
Supermercado São Pedro,Laticínios / Leites e Derivados,Queijo Queijo Mussarela Lactvit kg,46.99,28/08/2026,https://instagram.fmel12-1.fna.fbcdn.net/v/t51.82787-15/785599572_18195711460382122_5575322653184498920_n.jpg?stp=dst-jpg_e35_tt6&_nc_cat=109&ig_cache_key=Mzk3MzY3MjU2OTQ3ODkxNjI0Mw%3D%3D.3-ccb7-5&ccb=7-5&_nc_sid=58cdad&efg=eyJ2ZW5jb2RlX3RhZyI6IkNBUk9VU0VMX0lURU0ueHBpZHMuMTA4MS5zZHIucmVndWxhcl9waG90by5DMyJ9&_nc_ohc=GqsGB5UTShAQ7kNvwEoHHUX&_nc_oc=AdpoOuyzgWbLFG5aXUM4eF0GZxLmoubxopdoTjvLBTvvWnuvUCavvSdHA2isuUsrBUF8XxYvJrF8gg32pEHZ_Z5P&_nc_ad=z-m&_nc_cid=1032&_nc_zt=23&_nc_ht=instagram.fmel12-1.fna&_nc_gid=BrePjm_PQQaChn7TWqupaw&_nc_ss=7a22e&oh=00_AQJHmyGRL2X0V2sY6VbWVVmP7Lcyaw8FvNslm7KfNJwUNw&oe=6A9A1D52,https://www.instagram.com/p/DclUqI1G7TG/
Bom Jesus Primavera do Leste 🛒,Limpeza / Cuidados com a Casa,Detergente Líquido Ypê 500ml,2.49,28/08/2026,https://scontent-lhr6-1.cdninstagram.com/v/t51.82787-15/786121630_18374942941237813_4377572295512190675_n.jpg?stp=dst-jpg_e35_tt6&_nc_cat=103&ig_cache_key=Mzk3Mzk3Nzc3NDI1NDQ2NDc1MQ%3D%3D.3-ccb7-5&ccb=7-5&_nc_sid=58cdad&efg=eyJ2ZW5jb2RlX3RhZyI6IkNBUk9VU0VMX0lURU0ueHBpZHMuMTA4MC5zZHIucmVndWxhcl9waG90by5DMyJ9&_nc_ohc=iyLSI7lZvv0Q7kNvwGSr85a&_nc_oc=Adp_qm_WoYZ1UTY2WoIUe1wST9JqdstAeZ_sPe5Qyl2gjs70mC2LVfIN6aCBMToZWWAWfrMTS5kLuEsiWrgdWZt8&_nc_ad=z-m&_nc_cid=0&_nc_zt=23&_nc_ht=scontent-lhr6-1.cdninstagram.com&_nc_gid=UC3DCxA2tHR5SHtq_3JTew&_nc_ss=7a22e&oh=00_AQJ2yzoNMb6_4Qq0317grfVl2c7PAdV82uV9MDRAEjrulw&oe=6A9A1745,https://www.instagram.com/p/DcmZ8cDD400/
Bom Jesus Primavera do Leste 🛒,Limpeza / Cuidados com a Casa,Detergente Líquido Ypê 500ml,2.69,27/08/2026,https://scontent-fra3-1.cdninstagram.com/v/t51.82787-15/787993259_18374687005237813_4471412213431393234_n.jpg?stp=dst-jpg_e35_tt6&_nc_cat=103&ig_cache_key=Mzk3Mjk0NzA1MzQ4MTkxNTUyNQ%3D%3D.3-ccb7-5&ccb=7-5&_nc_sid=58cdad&efg=eyJ2ZW5jb2RlX3RhZyI6IkZFRUQueHBpZHMuMTM1MC5zZHIucmVndWxhcl9waG90by5DMyJ9&_nc_ohc=wXQuivYivwoQ7kNvwGqhBw9&_nc_oc=AdptQ5Ne8StUUqEKOJ7pFZaObcB-O8eXJgJlZpKLJuhIAZTFXSQGzsSb3LGYRveb9Wo&_nc_ad=z-m&_nc_cid=0&_nc_zt=23&_nc_ht=scontent-fra3-1.cdninstagram.com&_nc_gid=LtGElKp89Sdbjkf-yI3g1Q&_nc_ss=7a22e&oh=00_AQIfP27gbFFkftCKyKyh3HkxXSwJLHwcHGi0vYzfKwJ5ng&oe=6A9A052E,https://www.instagram.com/p/DcivkuqOXSF/
Supermercado São Pedro,Limpeza / Cuidados com a Casa,Detergente Líquido Ypê 500ml,2.79,27/08/2026,https://scontent-waw2-1.cdninstagram.com/v/t39.30808-6/785993166_1505168978322885_7442982966970505933_n.jpg?stp=c0.0.1638.2048a_dst-jpg_e35_s1638x2048_tt6&_nc_cat=110&ig_cache_key=Mzk3MzI3Njk2ODM0NzI3MzQzNQ%3D%3D.3-ccb7-5&ccb=7-5&_nc_sid=58cdad&efg=eyJ2ZW5jb2RlX3RhZyI6IkNBUk9VU0VMX0lURU0ueHBpZHMuMTYzOS5zZHIucmVndWxhcl9waG90by5DMyJ9&_nc_ohc=5-K7ePTTbO0Q7kNvwFmWbXo&_nc_oc=Adp7zBbdLmFBERjpgu_RHa815wPv1C8SuAQiiMxQyCFcZOiBUch81L3oKaO-dOUxCgI&_nc_ad=z-m&_nc_cid=0&_nc_zt=23&_nc_ht=scontent-waw2-1.cdninstagram.com&_nc_gid=GU0bCad11P1ZuGVVY5hLEQ&_nc_ss=7a22e&oh=00_AQJ7br_D89Sc19hVHgpvn0y7snY0RL9lAEZSVvD3YHFiOw&oe=6A9A238E,https://www.instagram.com/p/Dcj6lyLlKpL/
Supermercado São Pedro,Limpeza / Cuidados com a Casa,Água Sanitária Girando Sol 1L,3.99,27/08/2026,https://scontent-waw2-1.cdninstagram.com/v/t39.30808-6/785993166_1505168978322885_7442982966970505933_n.jpg?stp=c0.0.1638.2048a_dst-jpg_e35_s1638x2048_tt6&_nc_cat=110&ig_cache_key=Mzk3MzI3Njk2ODM0NzI3MzQzNQ%3D%3D.3-ccb7-5&ccb=7-5&_nc_sid=58cdad&efg=eyJ2ZW5jb2RlX3RhZyI6IkNBUk9VU0VMX0lURU0ueHBpZHMuMTYzOS5zZHIucmVndWxhcl9waG90by5DMyJ9&_nc_ohc=5-K7ePTTbO0Q7kNvwFmWbXo&_nc_oc=Adp7zBbdLmFBERjpgu_RHa815wPv1C8SuAQiiMxQyCFcZOiBUch81L3oKaO-dOUxCgI&_nc_ad=z-m&_nc_cid=0&_nc_zt=23&_nc_ht=scontent-waw2-1.cdninstagram.com&_nc_gid=GU0bCad11P1ZuGVVY5hLEQ&_nc_ss=7a22e&oh=00_AQJ7br_D89Sc19hVHgpvn0y7snY0RL9lAEZSVvD3YHFiOw&oe=6A9A238E,https://www.instagram.com/p/Dcj6lyLlKpL/
Bom Jesus Primavera do Leste 🛒,Limpeza / Cuidados com a Casa,Limpador Multiuso Uau 500ml,4.29,27/08/2026,https://scontent-fra3-1.cdninstagram.com/v/t51.82787-15/787993259_18374687005237813_4471412213431393234_n.jpg?stp=dst-jpg_e35_tt6&_nc_cat=103&ig_cache_key=Mzk3Mjk0NzA1MzQ4MTkxNTUyNQ%3D%3D.3-ccb7-5&ccb=7-5&_nc_sid=58cdad&efg=eyJ2ZW5jb2RlX3RhZyI6IkZFRUQueHBpZHMuMTM1MC5zZHIucmVndWxhcl9waG90by5DMyJ9&_nc_ohc=wXQuivYivwoQ7kNvwGqhBw9&_nc_oc=AdptQ5Ne8StUUqEKOJ7pFZaObcB-O8eXJgJlZpKLJuhIAZTFXSQGzsSb3LGYRveb9Wo&_nc_ad=z-m&_nc_cid=0&_nc_zt=23&_nc_ht=scontent-fra3-1.cdninstagram.com&_nc_gid=LtGElKp89Sdbjkf-yI3g1Q&_nc_ss=7a22e&oh=00_AQIfP27gbFFkftCKyKyh3HkxXSwJLHwcHGi0vYzfKwJ5ng&oe=6A9A052E,https://www.instagram.com/p/DcivkuqOXSF/
Supermercado Tuiuiú,Limpeza / Cuidados com a Casa,Desinfetante Limza 2L,5.99,28/08/2026,https://instagram.fbne11-1.fna.fbcdn.net/v/t39.30808-6/782169170_1720016740132144_6974904276998945912_n.jpg?stp=dst-jpg_e35_tt6&_nc_cat=105&ig_cache_key=Mzk3MzM0Mjg3OTk5ODQ4MTkyMA%3D%3D.3-ccb7-5&ccb=7-5&_nc_sid=58cdad&efg=eyJ2ZW5jb2RlX3RhZyI6IkNBUk9VU0VMX0lURU0ueHBpZHMuMTI1NC5zZHIucmVndWxhcl9waG90by5DMyJ9&_nc_ohc=q-Z25NrUeboQ7kNvwHm8e23&_nc_oc=AdojJZLadBFAyCY1SaIjxtxKFkWlcDFsaio-RJcCjaWdlmROZdopsVd3ibNTtZFRpilcfRaK3PqCLd4AQWxXVWK6&_nc_ad=z-m&_nc_cid=0&_nc_zt=23&_nc_ht=instagram.fbne11-1.fna&_nc_gid=TyXdyDMvXWTfqtmX-TW3yw&_nc_ss=7a22e&oh=00_AQJ7RZOU9t9pdyMP8EpDLQ8lHO_RkhBCtXjLAEclBr3ZwA&oe=6A9A2589,https://www.instagram.com/p/DckJlYyI3Tu/
Bom Jesus Primavera do Leste 🛒,Limpeza / Cuidados com a Casa,Amaciante Remmus 2L,5.99,27/08/2026,https://scontent-fra3-1.cdninstagram.com/v/t51.82787-15/787993259_18374687005237813_4471412213431393234_n.jpg?stp=dst-jpg_e35_tt6&_nc_cat=103&ig_cache_key=Mzk3Mjk0NzA1MzQ4MTkxNTUyNQ%3D%3D.3-ccb7-5&ccb=7-5&_nc_sid=58cdad&efg=eyJ2ZW5jb2RlX3RhZyI6IkZFRUQueHBpZHMuMTM1MC5zZHIucmVndWxhcl9waG90by5DMyJ9&_nc_ohc=wXQuivYivwoQ7kNvwGqhBw9&_nc_oc=AdptQ5Ne8StUUqEKOJ7pFZaObcB-O8eXJgJlZpKLJuhIAZTFXSQGzsSb3LGYRveb9Wo&_nc_ad=z-m&_nc_cid=0&_nc_zt=23&_nc_ht=scontent-fra3-1.cdninstagram.com&_nc_gid=LtGElKp89Sdbjkf-yI3g1Q&_nc_ss=7a22e&oh=00_AQIfP27gbFFkftCKyKyh3HkxXSwJLHwcHGi0vYzfKwJ5ng&oe=6A9A052E,https://www.instagram.com/p/DcivkuqOXSF/
Bom Jesus Primavera do Leste 🛒,Limpeza / Cuidados com a Casa,Desinfetante Remmus 2L,6.49,27/08/2026,https://scontent-fra3-1.cdninstagram.com/v/t51.82787-15/787993259_18374687005237813_4471412213431393234_n.jpg?stp=dst-jpg_e35_tt6&_nc_cat=103&ig_cache_key=Mzk3Mjk0NzA1MzQ4MTkxNTUyNQ%3D%3D.3-ccb7-5&ccb=7-5&_nc_sid=58cdad&efg=eyJ2ZW5jb2RlX3RhZyI6IkZFRUQueHBpZHMuMTM1MC5zZHIucmVndWxhcl9waG90by5DMyJ9&_nc_ohc=wXQuivYivwoQ7kNvwGqhBw9&_nc_oc=AdptQ5Ne8StUUqEKOJ7pFZaObcB-O8eXJgJlZpKLJuhIAZTFXSQGzsSb3LGYRveb9Wo&_nc_ad=z-m&_nc_cid=0&_nc_zt=23&_nc_ht=scontent-fra3-1.cdninstagram.com&_nc_gid=LtGElKp89Sdbjkf-yI3g1Q&_nc_ss=7a22e&oh=00_AQIfP27gbFFkftCKyKyh3HkxXSwJLHwcHGi0vYzfKwJ5ng&oe=6A9A052E,https://www.instagram.com/p/DcivkuqOXSF/
Machadão Atacadista,Limpeza / Cuidados com a Casa,Água Sanitária Qboa 2L,7.99,27/08/2026,https://scontent-ams2-1.cdninstagram.com/v/t39.30808-6/786779086_1360550472831577_8028710268323392841_n.jpg?stp=dst-jpg_e35_tt6&_nc_cat=100&ig_cache_key=Mzk3MzE1NjQ3MjI0MjcxMDI2OQ%3D%3D.3-ccb7-5&ccb=7-5&_nc_sid=58cdad&efg=eyJ2ZW5jb2RlX3RhZyI6IkNBUk9VU0VMX0lURU0ueHBpZHMuMTYzOC5zZHIucmVndWxhcl9waG90by5DMyJ9&_nc_ohc=WKCTmqyswmsQ7kNvwEaT0qb&_nc_oc=AdoESSuIi24al2MbVha01D5uveiXrRKzs-lQ1FHAWnNbZsbtHYYeFSHrV-q5AR66GP4&_nc_ad=z-m&_nc_cid=0&_nc_zt=23&_nc_ht=scontent-ams2-1.cdninstagram.com&_nc_gid=eaSov4kRguWIzndyEDFyGQ&_nc_ss=7a22e&oh=00_AQLhWf_PUniAqLhun79EXhJAomIzs-bwTnc5lqN_vQv_Ew&oe=6A99F9EF,https://www.instagram.com/p/DcjfMcbkgCV/
Machadão Atacadista,Limpeza / Cuidados com a Casa,Água Sanitária Qboa 2L,7.99,27/08/2026,https://scontent-ams2-1.cdninstagram.com/v/t39.30808-6/786141071_1360550506164907_1343288441209680541_n.jpg?stp=dst-jpg_e35_tt6&_nc_cat=100&ig_cache_key=Mzk3MzE1NjQ3MjAxNjIzNDQ4NA%3D%3D.3-ccb7-5&ccb=7-5&_nc_sid=58cdad&efg=eyJ2ZW5jb2RlX3RhZyI6IkNBUk9VU0VMX0lURU0ueHBpZHMuMTYzOC5zZHIucmVndWxhcl9waG90by5DMyJ9&_nc_ohc=rAfVUo0mg-MQ7kNvwE8KbMG&_nc_oc=AdoB8HYZuZu7FtPAN9JTpSxBSWew2FQqiHsdwKv5ppZhv3g8wxALwdL4pdG5PmzvFUI&_nc_ad=z-m&_nc_cid=0&_nc_zt=23&_nc_ht=scontent-ams2-1.cdninstagram.com&_nc_gid=eaSov4kRguWIzndyEDFyGQ&_nc_ss=7a22e&oh=00_AQKBJ-rltlhoMOCiwlDggrwJqp00mhv-RCqi51TbteRoiQ&oe=6A9A06F9,https://www.instagram.com/p/DcjfMcbkgCV/
Supermercado Tuiuiú,Limpeza / Cuidados com a Casa,Amaciante Ypê 2L,8.99,28/08/2026,https://instagram.fbne11-1.fna.fbcdn.net/v/t39.30808-6/782169170_1720016740132144_6974904276998945912_n.jpg?stp=dst-jpg_e35_tt6&_nc_cat=105&ig_cache_key=Mzk3MzM0Mjg3OTk5ODQ4MTkyMA%3D%3D.3-ccb7-5&ccb=7-5&_nc_sid=58cdad&efg=eyJ2ZW5jb2RlX3RhZyI6IkNBUk9VU0VMX0lURU0ueHBpZHMuMTI1NC5zZHIucmVndWxhcl9waG90by5DMyJ9&_nc_ohc=q-Z25NrUeboQ7kNvwHm8e23&_nc_oc=AdojJZLadBFAyCY1SaIjxtxKFkWlcDFsaio-RJcCjaWdlmROZdopsVd3ibNTtZFRpilcfRaK3PqCLd4AQWxXVWK6&_nc_ad=z-m&_nc_cid=0&_nc_zt=23&_nc_ht=instagram.fbne11-1.fna&_nc_gid=TyXdyDMvXWTfqtmX-TW3yw&_nc_ss=7a22e&oh=00_AQJ7RZOU9t9pdyMP8EpDLQ8lHO_RkhBCtXjLAEclBr3ZwA&oe=6A9A2589,https://www.instagram.com/p/DckJlYyI3Tu/
Bom Jesus Primavera do Leste 🛒,Limpeza / Cuidados com a Casa,Amaciante Concentrado Comfort 500ml,9.99,27/08/2026,https://scontent-fra3-1.cdninstagram.com/v/t51.82787-15/787993259_18374687005237813_4471412213431393234_n.jpg?stp=dst-jpg_e35_tt6&_nc_cat=103&ig_cache_key=Mzk3Mjk0NzA1MzQ4MTkxNTUyNQ%3D%3D.3-ccb7-5&ccb=7-5&_nc_sid=58cdad&efg=eyJ2ZW5jb2RlX3RhZyI6IkZFRUQueHBpZHMuMTM1MC5zZHIucmVndWxhcl9waG90by5DMyJ9&_nc_ohc=wXQuivYivwoQ7kNvwGqhBw9&_nc_oc=AdptQ5Ne8StUUqEKOJ7pFZaObcB-O8eXJgJlZpKLJuhIAZTFXSQGzsSb3LGYRveb9Wo&_nc_ad=z-m&_nc_cid=0&_nc_zt=23&_nc_ht=scontent-fra3-1.cdninstagram.com&_nc_gid=LtGElKp89Sdbjkf-yI3g1Q&_nc_ss=7a22e&oh=00_AQIfP27gbFFkftCKyKyh3HkxXSwJLHwcHGi0vYzfKwJ5ng&oe=6A9A052E,https://www.instagram.com/p/DcivkuqOXSF/
Supermercado Tuiuiú,Limpeza / Cuidados com a Casa,Sabão em Barra Ypê 800g,10.99,28/08/2026,https://instagram.fbne11-1.fna.fbcdn.net/v/t39.30808-6/782169170_1720016740132144_6974904276998945912_n.jpg?stp=dst-jpg_e35_tt6&_nc_cat=105&ig_cache_key=Mzk3MzM0Mjg3OTk5ODQ4MTkyMA%3D%3D.3-ccb7-5&ccb=7-5&_nc_sid=58cdad&efg=eyJ2ZW5jb2RlX3RhZyI6IkNBUk9VU0VMX0lURU0ueHBpZHMuMTI1NC5zZHIucmVndWxhcl9waG90by5DMyJ9&_nc_ohc=q-Z25NrUeboQ7kNvwHm8e23&_nc_oc=AdojJZLadBFAyCY1SaIjxtxKFkWlcDFsaio-RJcCjaWdlmROZdopsVd3ibNTtZFRpilcfRaK3PqCLd4AQWxXVWK6&_nc_ad=z-m&_nc_cid=0&_nc_zt=23&_nc_ht=instagram.fbne11-1.fna&_nc_gid=TyXdyDMvXWTfqtmX-TW3yw&_nc_ss=7a22e&oh=00_AQJ7RZOU9t9pdyMP8EpDLQ8lHO_RkhBCtXjLAEclBr3ZwA&oe=6A9A2589,https://www.instagram.com/p/DckJlYyI3Tu/
Bom Jesus Primavera do Leste 🛒,Limpeza / Cuidados com a Casa,Desinfetante Pinho Bril 1L,11.99,28/08/2026,https://scontent-lhr11-1.cdninstagram.com/v/t51.82787-15/788860531_18374942995237813_624644092953609674_n.jpg?stp=dst-jpg_e35_tt6&_nc_cat=106&ig_cache_key=Mzk3Mzk3Nzc4MjEzMTM5MTcwNQ%3D%3D.3-ccb7-5&ccb=7-5&_nc_sid=58cdad&efg=eyJ2ZW5jb2RlX3RhZyI6IkNBUk9VU0VMX0lURU0ueHBpZHMuMTA4MC5zZHIucmVndWxhcl9waG90by5DMyJ9&_nc_ohc=7IsixMbzdvIQ7kNvwGrq6f5&_nc_oc=AdrUMUMvfmpCgyQ5M66K7SfFgtb0WvRnMZmZe6j9PgsmW_awn6IgbkSp4FaEZ-SdaU4SQ-qB2m8DhAok3yIsJEQw&_nc_ad=z-m&_nc_cid=0&_nc_zt=23&_nc_ht=scontent-lhr11-1.cdninstagram.com&_nc_gid=UC3DCxA2tHR5SHtq_3JTew&_nc_ss=7a22e&oh=00_AQK3eYVcNv6k5KN4snKGHxnENW_DM_QLsjYHPxumREVvyA&oe=6A9A0F8B,https://www.instagram.com/p/DcmZ8cDD400/
Bom Jesus Primavera do Leste 🛒,Limpeza / Cuidados com a Casa,Lava Roupas em Pó Tixan Ypê 800g,12.99,28/08/2026,https://scontent-lhr11-1.cdninstagram.com/v/t51.82787-15/788860531_18374942995237813_624644092953609674_n.jpg?stp=dst-jpg_e35_tt6&_nc_cat=106&ig_cache_key=Mzk3Mzk3Nzc4MjEzMTM5MTcwNQ%3D%3D.3-ccb7-5&ccb=7-5&_nc_sid=58cdad&efg=eyJ2ZW5jb2RlX3RhZyI6IkNBUk9VU0VMX0lURU0ueHBpZHMuMTA4MC5zZHIucmVndWxhcl9waG90by5DMyJ9&_nc_ohc=7IsixMbzdvIQ7kNvwGrq6f5&_nc_oc=AdrUMUMvfmpCgyQ5M66K7SfFgtb0WvRnMZmZe6j9PgsmW_awn6IgbkSp4FaEZ-SdaU4SQ-qB2m8DhAok3yIsJEQw&_nc_ad=z-m&_nc_cid=0&_nc_zt=23&_nc_ht=scontent-lhr11-1.cdninstagram.com&_nc_gid=UC3DCxA2tHR5SHtq_3JTew&_nc_ss=7a22e&oh=00_AQK3eYVcNv6k5KN4snKGHxnENW_DM_QLsjYHPxumREVvyA&oe=6A9A0F8B,https://www.instagram.com/p/DcmZ8cDD400/
Bom Jesus Primavera do Leste 🛒,Limpeza / Cuidados com a Casa,Inseticida Aerosol Raid 420ml,17.99,28/08/2026,https://scontent-lhr11-1.cdninstagram.com/v/t51.82787-15/788860531_18374942995237813_624644092953609674_n.jpg?stp=dst-jpg_e35_tt6&_nc_cat=106&ig_cache_key=Mzk3Mzk3Nzc4MjEzMTM5MTcwNQ%3D%3D.3-ccb7-5&ccb=7-5&_nc_sid=58cdad&efg=eyJ2ZW5jb2RlX3RhZyI6IkNBUk9VU0VMX0lURU0ueHBpZHMuMTA4MC5zZHIucmVndWxhcl9waG90by5DMyJ9&_nc_ohc=7IsixMbzdvIQ7kNvwGrq6f5&_nc_oc=AdrUMUMvfmpCgyQ5M66K7SfFgtb0WvRnMZmZe6j9PgsmW_awn6IgbkSp4FaEZ-SdaU4SQ-qB2m8DhAok3yIsJEQw&_nc_ad=z-m&_nc_cid=0&_nc_zt=23&_nc_ht=scontent-lhr11-1.cdninstagram.com&_nc_gid=UC3DCxA2tHR5SHtq_3JTew&_nc_ss=7a22e&oh=00_AQK3eYVcNv6k5KN4snKGHxnENW_DM_QLsjYHPxumREVvyA&oe=6A9A0F8B,https://www.instagram.com/p/DcmZ8cDD400/
Supermercado São Pedro,Limpeza / Cuidados com a Casa,Sabão em Pó Tixan Ypê 1.6kg,18.99,27/08/2026,https://scontent-waw2-1.cdninstagram.com/v/t39.30808-6/785993166_1505168978322885_7442982966970505933_n.jpg?stp=c0.0.1638.2048a_dst-jpg_e35_s1638x2048_tt6&_nc_cat=110&ig_cache_key=Mzk3MzI3Njk2ODM0NzI3MzQzNQ%3D%3D.3-ccb7-5&ccb=7-5&_nc_sid=58cdad&efg=eyJ2ZW5jb2RlX3RhZyI6IkNBUk9VU0VMX0lURU0ueHBpZHMuMTYzOS5zZHIucmVndWxhcl9waG90by5DMyJ9&_nc_ohc=5-K7ePTTbO0Q7kNvwFmWbXo&_nc_oc=Adp7zBbdLmFBERjpgu_RHa815wPv1C8SuAQiiMxQyCFcZOiBUch81L3oKaO-dOUxCgI&_nc_ad=z-m&_nc_cid=0&_nc_zt=23&_nc_ht=scontent-waw2-1.cdninstagram.com&_nc_gid=GU0bCad11P1ZuGVVY5hLEQ&_nc_ss=7a22e&oh=00_AQJ7br_D89Sc19hVHgpvn0y7snY0RL9lAEZSVvD3YHFiOw&oe=6A9A238E,https://www.instagram.com/p/Dcj6lyLlKpL/
Bom Jesus Primavera do Leste 🛒,Limpeza / Cuidados com a Casa,Água Sanitária Ypê 5L,19.99,28/08/2026,https://scontent-lhr11-1.cdninstagram.com/v/t51.82787-15/788860531_18374942995237813_624644092953609674_n.jpg?stp=dst-jpg_e35_tt6&_nc_cat=106&ig_cache_key=Mzk3Mzk3Nzc4MjEzMTM5MTcwNQ%3D%3D.3-ccb7-5&ccb=7-5&_nc_sid=58cdad&efg=eyJ2ZW5jb2RlX3RhZyI6IkNBUk9VU0VMX0lURU0ueHBpZHMuMTA4MC5zZHIucmVndWxhcl9waG90by5DMyJ9&_nc_ohc=7IsixMbzdvIQ7kNvwGrq6f5&_nc_oc=AdrUMUMvfmpCgyQ5M66K7SfFgtb0WvRnMZmZe6j9PgsmW_awn6IgbkSp4FaEZ-SdaU4SQ-qB2m8DhAok3yIsJEQw&_nc_ad=z-m&_nc_cid=0&_nc_zt=23&_nc_ht=scontent-lhr11-1.cdninstagram.com&_nc_gid=UC3DCxA2tHR5SHtq_3JTew&_nc_ss=7a22e&oh=00_AQK3eYVcNv6k5KN4snKGHxnENW_DM_QLsjYHPxumREVvyA&oe=6A9A0F8B,https://www.instagram.com/p/DcmZ8cDD400/
Bom Jesus Primavera do Leste 🛒,Limpeza / Cuidados com a Casa,Água Sanitária Ypê 5L,20.9,27/08/2026,https://scontent-fra3-1.cdninstagram.com/v/t51.82787-15/787993259_18374687005237813_4471412213431393234_n.jpg?stp=dst-jpg_e35_tt6&_nc_cat=103&ig_cache_key=Mzk3Mjk0NzA1MzQ4MTkxNTUyNQ%3D%3D.3-ccb7-5&ccb=7-5&_nc_sid=58cdad&efg=eyJ2ZW5jb2RlX3RhZyI6IkZFRUQueHBpZHMuMTM1MC5zZHIucmVndWxhcl9waG90by5DMyJ9&_nc_ohc=wXQuivYivwoQ7kNvwGqhBw9&_nc_oc=AdptQ5Ne8StUUqEKOJ7pFZaObcB-O8eXJgJlZpKLJuhIAZTFXSQGzsSb3LGYRveb9Wo&_nc_ad=z-m&_nc_cid=0&_nc_zt=23&_nc_ht=scontent-fra3-1.cdninstagram.com&_nc_gid=LtGElKp89Sdbjkf-yI3g1Q&_nc_ss=7a22e&oh=00_AQIfP27gbFFkftCKyKyh3HkxXSwJLHwcHGi0vYzfKwJ5ng&oe=6A9A052E,https://www.instagram.com/p/DcivkuqOXSF/
Bom Jesus Primavera do Leste 🛒,Limpeza / Cuidados com a Casa,Detergente em Pó Tixan Ypê 2.2kg,27.99,27/08/2026,https://scontent-fra3-1.cdninstagram.com/v/t51.82787-15/787993259_18374687005237813_4471412213431393234_n.jpg?stp=dst-jpg_e35_tt6&_nc_cat=103&ig_cache_key=Mzk3Mjk0NzA1MzQ4MTkxNTUyNQ%3D%3D.3-ccb7-5&ccb=7-5&_nc_sid=58cdad&efg=eyJ2ZW5jb2RlX3RhZyI6IkZFRUQueHBpZHMuMTM1MC5zZHIucmVndWxhcl9waG90by5DMyJ9&_nc_ohc=wXQuivYivwoQ7kNvwGqhBw9&_nc_oc=AdptQ5Ne8StUUqEKOJ7pFZaObcB-O8eXJgJlZpKLJuhIAZTFXSQGzsSb3LGYRveb9Wo&_nc_ad=z-m&_nc_cid=0&_nc_zt=23&_nc_ht=scontent-fra3-1.cdninstagram.com&_nc_gid=LtGElKp89Sdbjkf-yI3g1Q&_nc_ss=7a22e&oh=00_AQIfP27gbFFkftCKyKyh3HkxXSwJLHwcHGi0vYzfKwJ5ng&oe=6A9A052E,https://www.instagram.com/p/DcivkuqOXSF/
Bom Jesus Primavera do Leste 🛒,Limpeza / Cuidados com a Casa,Lava Roupas em Pó Tixan Ypê 2.4kg,28.99,28/08/2026,https://scontent-lhr11-1.cdninstagram.com/v/t51.82787-15/788860531_18374942995237813_624644092953609674_n.jpg?stp=dst-jpg_e35_tt6&_nc_cat=106&ig_cache_key=Mzk3Mzk3Nzc4MjEzMTM5MTcwNQ%3D%3D.3-ccb7-5&ccb=7-5&_nc_sid=58cdad&efg=eyJ2ZW5jb2RlX3RhZyI6IkNBUk9VU0VMX0lURU0ueHBpZHMuMTA4MC5zZHIucmVndWxhcl9waG90by5DMyJ9&_nc_ohc=7IsixMbzdvIQ7kNvwGrq6f5&_nc_oc=AdrUMUMvfmpCgyQ5M66K7SfFgtb0WvRnMZmZe6j9PgsmW_awn6IgbkSp4FaEZ-SdaU4SQ-qB2m8DhAok3yIsJEQw&_nc_ad=z-m&_nc_cid=0&_nc_zt=23&_nc_ht=scontent-lhr11-1.cdninstagram.com&_nc_gid=UC3DCxA2tHR5SHtq_3JTew&_nc_ss=7a22e&oh=00_AQK3eYVcNv6k5KN4snKGHxnENW_DM_QLsjYHPxumREVvyA&oe=6A9A0F8B,https://www.instagram.com/p/DcmZ8cDD400/
Supermercado Tuiuiú,Limpeza / Lavanderia e Louça,Sabão Tixan 800g,8.99,28/08/2026,https://instagram.fbne11-1.fna.fbcdn.net/v/t39.30808-6/782169170_1720016740132144_6974904276998945912_n.jpg?stp=dst-jpg_e35_tt6&_nc_cat=105&ig_cache_key=Mzk3MzM0Mjg3OTk5ODQ4MTkyMA%3D%3D.3-ccb7-5&ccb=7-5&_nc_sid=58cdad&efg=eyJ2ZW5jb2RlX3RhZyI6IkNBUk9VU0VMX0lURU0ueHBpZHMuMTI1NC5zZHIucmVndWxhcl9waG90by5DMyJ9&_nc_ohc=q-Z25NrUeboQ7kNvwHm8e23&_nc_oc=AdojJZLadBFAyCY1SaIjxtxKFkWlcDFsaio-RJcCjaWdlmROZdopsVd3ibNTtZFRpilcfRaK3PqCLd4AQWxXVWK6&_nc_ad=z-m&_nc_cid=0&_nc_zt=23&_nc_ht=instagram.fbne11-1.fna&_nc_gid=TyXdyDMvXWTfqtmX-TW3yw&_nc_ss=7a22e&oh=00_AQJ7RZOU9t9pdyMP8EpDLQ8lHO_RkhBCtXjLAEclBr3ZwA&oe=6A9A2589,https://www.instagram.com/p/DckJlYyI3Tu/
Super Compras Supermercado,Limpeza / Lavanderia e Louça,Lava Roupas em Pó Omo 700g,11.99,28/08/2026,https://instagram.fgrq1-2.fna.fbcdn.net/v/t51.82787-15/778381296_18192777073391764_3495327765482658959_n.jpg?stp=dst-jpg_e35_tt6&_nc_cat=108&ig_cache_key=Mzk3MzI5MDk1OTA3NzU1MjQ2OA%3D%3D.3-ccb7-5&ccb=7-5&_nc_sid=58cdad&efg=eyJ2ZW5jb2RlX3RhZyI6IkZFRUQueHBpZHMuMTQ0MC5zZHIucmVndWxhcl9waG90by5DMyJ9&_nc_ohc=2HLQR4PBfsgQ7kNvwELeAkY&_nc_oc=AdpsbBFyYCKsOTyqaCboJLZYOlz31xbeqM_kqsicam7NUB4FxCNirYkQZ6gRU0ARUYI&_nc_ad=z-m&_nc_cid=1207&_nc_zt=23&_nc_ht=instagram.fgrq1-2.fna&_nc_gid=EoLIJCkIsXrOLQBQ_KaqLA&_nc_ss=7a22e&oh=00_AQJHFVOp08jAnYsul3AU7IIeLd8d2ofr4OlyRGukBY0Vpw&oe=6A9A2A96,https://www.instagram.com/p/Dcj9xNtFrFU/
Bom Jesus Primavera do Leste 🛒,Limpeza / Lavanderia e Louça,Lava Roupas Líquido Omo Ciclo Rápido 750ml,15.99,27/08/2026,https://scontent-fra3-1.cdninstagram.com/v/t51.82787-15/787993259_18374687005237813_4471412213431393234_n.jpg?stp=dst-jpg_e35_tt6&_nc_cat=103&ig_cache_key=Mzk3Mjk0NzA1MzQ4MTkxNTUyNQ%3D%3D.3-ccb7-5&ccb=7-5&_nc_sid=58cdad&efg=eyJ2ZW5jb2RlX3RhZyI6IkZFRUQueHBpZHMuMTM1MC5zZHIucmVndWxhcl9waG90by5DMyJ9&_nc_ohc=wXQuivYivwoQ7kNvwGqhBw9&_nc_oc=AdptQ5Ne8StUUqEKOJ7pFZaObcB-O8eXJgJlZpKLJuhIAZTFXSQGzsSb3LGYRveb9Wo&_nc_ad=z-m&_nc_cid=0&_nc_zt=23&_nc_ht=scontent-fra3-1.cdninstagram.com&_nc_gid=LtGElKp89Sdbjkf-yI3g1Q&_nc_ss=7a22e&oh=00_AQIfP27gbFFkftCKyKyh3HkxXSwJLHwcHGi0vYzfKwJ5ng&oe=6A9A052E,https://www.instagram.com/p/DcivkuqOXSF/
Supermercado Tuiuiú,Limpeza / Lavanderia e Louça,Sabão Omo 1.8L,19.99,28/08/2026,https://instagram.fbne11-1.fna.fbcdn.net/v/t39.30808-6/782169170_1720016740132144_6974904276998945912_n.jpg?stp=dst-jpg_e35_tt6&_nc_cat=105&ig_cache_key=Mzk3MzM0Mjg3OTk5ODQ4MTkyMA%3D%3D.3-ccb7-5&ccb=7-5&_nc_sid=58cdad&efg=eyJ2ZW5jb2RlX3RhZyI6IkNBUk9VU0VMX0lURU0ueHBpZHMuMTI1NC5zZHIucmVndWxhcl9waG90by5DMyJ9&_nc_ohc=q-Z25NrUeboQ7kNvwHm8e23&_nc_oc=AdojJZLadBFAyCY1SaIjxtxKFkWlcDFsaio-RJcCjaWdlmROZdopsVd3ibNTtZFRpilcfRaK3PqCLd4AQWxXVWK6&_nc_ad=z-m&_nc_cid=0&_nc_zt=23&_nc_ht=instagram.fbne11-1.fna&_nc_gid=TyXdyDMvXWTfqtmX-TW3yw&_nc_ss=7a22e&oh=00_AQJ7RZOU9t9pdyMP8EpDLQ8lHO_RkhBCtXjLAEclBr3ZwA&oe=6A9A2589,https://www.instagram.com/p/DckJlYyI3Tu/
Supermercado Tuiuiú,Mercearia / Arroz,Arroz Rei 5kg,16.99,28/08/2026,https://instagram.fbne11-1.fna.fbcdn.net/v/t39.30808-6/780374541_1720016716798813_3229780711925498508_n.jpg?stp=dst-jpg_e35_tt6&_nc_cat=110&ig_cache_key=Mzk3MzM0Mjg3OTQ0NDg1Mjc3NQ%3D%3D.3-ccb7-5&ccb=7-5&_nc_sid=58cdad&efg=eyJ2ZW5jb2RlX3RhZyI6IkNBUk9VU0VMX0lURU0ueHBpZHMuMTI1NC5zZHIucmVndWxhcl9waG90by5DMyJ9&_nc_ohc=hASiLMJHo8AQ7kNvwHg15Pr&_nc_oc=Adpgdnma9juAZK1I4L5DZyt6Y5FewgFHufSiwSMtNX7nUS--a6UxoUOCDSgeMRQ9I8qW3DjUAolMLgocW6TnIQ7T&_nc_ad=z-m&_nc_cid=0&_nc_zt=23&_nc_ht=instagram.fbne11-1.fna&_nc_gid=TyXdyDMvXWTfqtmX-TW3yw&_nc_ss=7a22e&oh=00_AQIaWmaR2O2utCd1gh26r0P9PF6V5DevXabDxH8RnEs7bA&oe=6A9A2ACA,https://www.instagram.com/p/DckJlYyI3Tu/
Bom Jesus Primavera do Leste 🛒,Mercearia / Arroz,Arroz São João 5kg,16.99,28/08/2026,https://scontent-lhr11-1.cdninstagram.com/v/t51.82787-15/788139857_18374943016237813_6095318216715939563_n.jpg?stp=dst-jpg_e35_tt6&_nc_cat=107&ig_cache_key=Mzk3Mzk3Nzc4MDcyMjI3NDY1Mg%3D%3D.3-ccb7-5&ccb=7-5&_nc_sid=58cdad&efg=eyJ2ZW5jb2RlX3RhZyI6IkNBUk9VU0VMX0lURU0ueHBpZHMuMTA4MC5zZHIucmVndWxhcl9waG90by5DMyJ9&_nc_ohc=u6RrkwcH62kQ7kNvwFPO8nO&_nc_oc=Adq7Ydwrj8L01LSreSo3Hr9nEBdt7EUEaeUJg7Tp-iPDdHy-rWuFw6haLQP_5O7ZiVLAswHo-taEhi6kZbtEtW7y&_nc_ad=z-m&_nc_cid=0&_nc_zt=23&_nc_ht=scontent-lhr11-1.cdninstagram.com&_nc_gid=UC3DCxA2tHR5SHtq_3JTew&_nc_ss=7a22e&oh=00_AQJ_o-NIim0oS-WiIsBW-WOgFnQ0bdqhL7zHvDWnHaNwqw&oe=6A9A0D70,https://www.instagram.com/p/DcmZ8cDD400/
Supermercado São Pedro,Mercearia / Arroz,Arroz São João 5kg,18.49,27/08/2026,https://scontent-waw2-2.cdninstagram.com/v/t39.30808-6/788413222_1505168981656218_2918311736305518854_n.jpg?stp=c0.0.1638.2047a_dst-jpg_e35_s1638x2047_tt6&_nc_cat=107&ig_cache_key=Mzk3MzI3Njk2ODIzODI0MjE0OA%3D%3D.3-ccb7-5&ccb=7-5&_nc_sid=58cdad&efg=eyJ2ZW5jb2RlX3RhZyI6IkNBUk9VU0VMX0lURU0ueHBpZHMuMTYzOC5zZHIucmVndWxhcl9waG90by5DMyJ9&_nc_ohc=6u-bXG9Z0hAQ7kNvwFia3XT&_nc_oc=AdrPTclBQpJ-r2eWbB0Ui1BseKmcAngj3-Lw1hOiFSAvUeHJY1e-hyuHTkdW47TSGLM&_nc_ad=z-m&_nc_cid=0&_nc_zt=23&_nc_ht=scontent-waw2-2.cdninstagram.com&_nc_gid=GU0bCad11P1ZuGVVY5hLEQ&_nc_ss=7a22e&oh=00_AQLxq_5PgANWM8UyQP0u8FTR4ZnMP8YITro_KYnHFFXW-Q&oe=6A9A1C20,https://www.instagram.com/p/Dcj6lyLlKpL/
Super Compras Supermercado,Mercearia / Arroz,Arroz tipo 1 Kumbuca 5kg,21.99,29/08/2026,https://instagram.fmel16-1.fna.fbcdn.net/v/t51.82787-15/787743920_18192892438391764_3005082908538598587_n.jpg?stp=dst-jpg_e35_tt6&_nc_cat=110&ig_cache_key=Mzk3NDAxMjMzNjQ5MTI3ODEzMg%3D%3D.3-ccb7-5&ccb=7-5&_nc_sid=58cdad&efg=eyJ2ZW5jb2RlX3RhZyI6IkNBUk9VU0VMX0lURU0ueHBpZHMuMTQ0MC5zZHIucmVndWxhcl9waG90by5DMyJ9&_nc_ohc=jo3tVs9LzLkQ7kNvwHsHub2&_nc_oc=AdrMyAysXN6oamvJE4SMujPVCMnhvU3LLhmWnyi1JM16qKwKknFF2mpc8Utu8e7vL3U&_nc_ad=z-m&_nc_cid=0&_nc_zt=23&_nc_ht=instagram.fmel16-1.fna&_nc_gid=0dsUxJDd5nGRr_VHaZPIKw&_nc_ss=7a22e&oh=00_AQLEnRR2_CeI0y9HiiZHKqzTSjOWgHlOYdrn-WxahO9FXw&oe=6A9A1EBB,https://www.instagram.com/p/DcmhzwZjQj_/
Supermercado Tuiuiú,Mercearia / Açúcar,Açúcar Doce Dia 2kg,4.29,28/08/2026,https://instagram.fbne11-1.fna.fbcdn.net/v/t39.30808-6/780374541_1720016716798813_3229780711925498508_n.jpg?stp=dst-jpg_e35_tt6&_nc_cat=110&ig_cache_key=Mzk3MzM0Mjg3OTQ0NDg1Mjc3NQ%3D%3D.3-ccb7-5&ccb=7-5&_nc_sid=58cdad&efg=eyJ2ZW5jb2RlX3RhZyI6IkNBUk9VU0VMX0lURU0ueHBpZHMuMTI1NC5zZHIucmVndWxhcl9waG90by5DMyJ9&_nc_ohc=hASiLMJHo8AQ7kNvwHg15Pr&_nc_oc=Adpgdnma9juAZK1I4L5DZyt6Y5FewgFHufSiwSMtNX7nUS--a6UxoUOCDSgeMRQ9I8qW3DjUAolMLgocW6TnIQ7T&_nc_ad=z-m&_nc_cid=0&_nc_zt=23&_nc_ht=instagram.fbne11-1.fna&_nc_gid=TyXdyDMvXWTfqtmX-TW3yw&_nc_ss=7a22e&oh=00_AQIaWmaR2O2utCd1gh26r0P9PF6V5DevXabDxH8RnEs7bA&oe=6A9A2ACA,https://www.instagram.com/p/DckJlYyI3Tu/
Bom Jesus Primavera do Leste 🛒,Mercearia / Açúcar,Açúcar Barralcool 2kg,4.89,28/08/2026,https://scontent-lhr11-1.cdninstagram.com/v/t51.82787-15/786342905_18374942944237813_9171546184561105620_n.jpg?stp=dst-jpg_e35_tt6&_nc_cat=111&ig_cache_key=Mzk3Mzk3Nzc3NzA4MTU2NjM1Ng%3D%3D.3-ccb7-5&ccb=7-5&_nc_sid=58cdad&efg=eyJ2ZW5jb2RlX3RhZyI6IkNBUk9VU0VMX0lURU0ueHBpZHMuMTA4MC5zZHIucmVndWxhcl9waG90by5DMyJ9&_nc_ohc=mA-M1AzSXEAQ7kNvwEzacLy&_nc_oc=AdraM6N8FI2E_A3Y9Rx_qliIbNY0LDNHjYPdzO-Rg85cF_QCvXbs1QkzvLz5qPk9tOEzz7Y8RKNY3Nsw_NLvogR8&_nc_ad=z-m&_nc_cid=0&_nc_zt=23&_nc_ht=scontent-lhr11-1.cdninstagram.com&_nc_gid=UC3DCxA2tHR5SHtq_3JTew&_nc_ss=7a22e&oh=00_AQKy4UvlK1jHIVildAvQO9aNW0Z6Mljn-Ab2X9aMJIdcLA&oe=6A9A1F18,https://www.instagram.com/p/DcmZ8cDD400/
Super Compras Supermercado,Mercearia / Açúcar,Açúcar Cristal Itamarati 2kg,5.69,28/08/2026,https://instagram.fgrq1-2.fna.fbcdn.net/v/t51.82787-15/778381296_18192777073391764_3495327765482658959_n.jpg?stp=dst-jpg_e35_tt6&_nc_cat=108&ig_cache_key=Mzk3MzI5MDk1OTA3NzU1MjQ2OA%3D%3D.3-ccb7-5&ccb=7-5&_nc_sid=58cdad&efg=eyJ2ZW5jb2RlX3RhZyI6IkZFRUQueHBpZHMuMTQ0MC5zZHIucmVndWxhcl9waG90by5DMyJ9&_nc_ohc=2HLQR4PBfsgQ7kNvwELeAkY&_nc_oc=AdpsbBFyYCKsOTyqaCboJLZYOlz31xbeqM_kqsicam7NUB4FxCNirYkQZ6gRU0ARUYI&_nc_ad=z-m&_nc_cid=1207&_nc_zt=23&_nc_ht=instagram.fgrq1-2.fna&_nc_gid=EoLIJCkIsXrOLQBQ_KaqLA&_nc_ss=7a22e&oh=00_AQJHFVOp08jAnYsul3AU7IIeLd8d2ofr4OlyRGukBY0Vpw&oe=6A9A2A96,https://www.instagram.com/p/Dcj9xNtFrFU/
Supermercado Tuiuiú,Mercearia / Biscoitos e Doces,Biscoito Passatempo 130g,2.49,28/08/2026,https://instagram.fbne11-1.fna.fbcdn.net/v/t39.30808-6/752708427_1720016720132146_149709506206268519_n.jpg?stp=dst-jpg_e35_tt6&_nc_cat=108&ig_cache_key=Mzk3MzM0Mjg4MDAxNTI3Mzk0NA%3D%3D.3-ccb7-5&ccb=7-5&_nc_sid=58cdad&efg=eyJ2ZW5jb2RlX3RhZyI6IkNBUk9VU0VMX0lURU0ueHBpZHMuMTI1NC5zZHIucmVndWxhcl9waG90by5DMyJ9&_nc_ohc=7bG_IFJvHW0Q7kNvwGfFYjf&_nc_oc=AdqjnHZq5-Y43HNyCZ5qxu_X_VMs76dlaJQkW5kbAcpvWVkYAiABgk-cuOADlEniegPNEIn4a1Q6Pr6-1eEuV9Iz&_nc_ad=z-m&_nc_cid=0&_nc_zt=23&_nc_ht=instagram.fbne11-1.fna&_nc_gid=TyXdyDMvXWTfqtmX-TW3yw&_nc_ss=7a22e&oh=00_AQJhORPooE-fxm3N6fKAV_43QYK02G1uNnI7NNKiR4OX4g&oe=6A9A1053,https://www.instagram.com/p/DckJlYyI3Tu/
Supermercado Tuiuiú,Mercearia / Biscoitos e Doces,Rosquinha Belma 500g,4.49,28/08/2026,https://instagram.fbne11-1.fna.fbcdn.net/v/t39.30808-6/752708427_1720016720132146_149709506206268519_n.jpg?stp=dst-jpg_e35_tt6&_nc_cat=108&ig_cache_key=Mzk3MzM0Mjg4MDAxNTI3Mzk0NA%3D%3D.3-ccb7-5&ccb=7-5&_nc_sid=58cdad&efg=eyJ2ZW5jb2RlX3RhZyI6IkNBUk9VU0VMX0lURU0ueHBpZHMuMTI1NC5zZHIucmVndWxhcl9waG90by5DMyJ9&_nc_ohc=7bG_IFJvHW0Q7kNvwGfFYjf&_nc_oc=AdqjnHZq5-Y43HNyCZ5qxu_X_VMs76dlaJQkW5kbAcpvWVkYAiABgk-cuOADlEniegPNEIn4a1Q6Pr6-1eEuV9Iz&_nc_ad=z-m&_nc_cid=0&_nc_zt=23&_nc_ht=instagram.fbne11-1.fna&_nc_gid=TyXdyDMvXWTfqtmX-TW3yw&_nc_ss=7a22e&oh=00_AQJhORPooE-fxm3N6fKAV_43QYK02G1uNnI7NNKiR4OX4g&oe=6A9A1053,https://www.instagram.com/p/DckJlYyI3Tu/
Super Compras Supermercado,Mercearia / Biscoitos e Doces,Biscoito Rosquinhas Belma 500g,4.99,28/08/2026,https://instagram.fgrq1-2.fna.fbcdn.net/v/t51.82787-15/778381296_18192777073391764_3495327765482658959_n.jpg?stp=dst-jpg_e35_tt6&_nc_cat=108&ig_cache_key=Mzk3MzI5MDk1OTA3NzU1MjQ2OA%3D%3D.3-ccb7-5&ccb=7-5&_nc_sid=58cdad&efg=eyJ2ZW5jb2RlX3RhZyI6IkZFRUQueHBpZHMuMTQ0MC5zZHIucmVndWxhcl9waG90by5DMyJ9&_nc_ohc=2HLQR4PBfsgQ7kNvwELeAkY&_nc_oc=AdpsbBFyYCKsOTyqaCboJLZYOlz31xbeqM_kqsicam7NUB4FxCNirYkQZ6gRU0ARUYI&_nc_ad=z-m&_nc_cid=1207&_nc_zt=23&_nc_ht=instagram.fgrq1-2.fna&_nc_gid=EoLIJCkIsXrOLQBQ_KaqLA&_nc_ss=7a22e&oh=00_AQJHFVOp08jAnYsul3AU7IIeLd8d2ofr4OlyRGukBY0Vpw&oe=6A9A2A96,https://www.instagram.com/p/Dcj9xNtFrFU/
Supermercado Tuiuiú,Mercearia / Biscoitos e Doces,Mistura Para Bolo Adorale 400g,5.49,28/08/2026,https://instagram.fbne11-1.fna.fbcdn.net/v/t39.30808-6/777867278_1720016746798810_8968857745876573698_n.jpg?stp=dst-jpg_e35_tt6&_nc_cat=108&ig_cache_key=Mzk3MzM0Mjg3ODY1NjMwNjQwOQ%3D%3D.3-ccb7-5&ccb=7-5&_nc_sid=58cdad&efg=eyJ2ZW5jb2RlX3RhZyI6IkNBUk9VU0VMX0lURU0ueHBpZHMuMTI1NC5zZHIucmVndWxhcl9waG90by5DMyJ9&_nc_ohc=7pvC346oZEwQ7kNvwH7S15c&_nc_oc=AdogD2rntWxSHfcA_zgHQ0TbCd-hZ2ZAbKLCt30tE6RU9pta3S061R_qxBlu1eP_Z6JjKUATN38j6nVuMPajR3Hc&_nc_ad=z-m&_nc_cid=0&_nc_zt=23&_nc_ht=instagram.fbne11-1.fna&_nc_gid=TyXdyDMvXWTfqtmX-TW3yw&_nc_ss=7a22e&oh=00_AQKNVeMyMUuErozL0HTIbD8KDfVjh6pyC58ORNjNgV48VA&oe=6A9A1649,https://www.instagram.com/p/DckJlYyI3Tu/
Machadão Atacadista,Mercearia / Biscoitos e Doces,Biscoito Glaceado Quero Quero 300g,5.99,27/08/2026,https://scontent-ams2-1.cdninstagram.com/v/t39.30808-6/787104328_1360550532831571_2281243341389434448_n.jpg?stp=dst-jpg_e35_tt6&_nc_cat=100&ig_cache_key=Mzk3MzE1NjQ3MTc1NjIxMzA2MQ%3D%3D.3-ccb7-5&ccb=7-5&_nc_sid=58cdad&efg=eyJ2ZW5jb2RlX3RhZyI6IkNBUk9VU0VMX0lURU0ueHBpZHMuMTYzOC5zZHIucmVndWxhcl9waG90by5DMyJ9&_nc_ohc=BsEfA1wdsJMQ7kNvwHgpmPZ&_nc_oc=Adq7h13PKXcAqcN4z7fv7REkzV8Zvc0JgloU8TzdMiZVa9SY2_bMxHz6Ah1i3WW-uS4&_nc_ad=z-m&_nc_cid=0&_nc_zt=23&_nc_ht=scontent-ams2-1.cdninstagram.com&_nc_gid=eaSov4kRguWIzndyEDFyGQ&_nc_ss=7a22e&oh=00_AQJs5Ai3x4B6qHdlmHaLjuJg94KI2i896bcpUhDA7wi6jw&oe=6A9A2C50,https://www.instagram.com/p/DcjfMcbkgCV/
Machadão Atacadista,Mercearia / Biscoitos e Doces,Biscoito Quero Quero 300g,5.99,27/08/2026,https://scontent-ams2-1.cdninstagram.com/v/t39.30808-6/787798079_1360550486164909_1488167338527184913_n.jpg?stp=dst-jpg_e35_tt6&_nc_cat=107&ig_cache_key=Mzk3MzE1NjQ3MjAzMzA0ODEyMg%3D%3D.3-ccb7-5&ccb=7-5&_nc_sid=58cdad&efg=eyJ2ZW5jb2RlX3RhZyI6IkNBUk9VU0VMX0lURU0ueHBpZHMuMTYzOC5zZHIucmVndWxhcl9waG90by5DMyJ9&_nc_ohc=_YSRXBR_xEAQ7kNvwEPyA0R&_nc_oc=Adod8FBZ1VIwdo7XMEeAFyY3M_eABxg3PxcIYc9Sokz5CWOsNdRGgwkbWB9mxmyi3mY&_nc_ad=z-m&_nc_cid=0&_nc_zt=23&_nc_ht=scontent-ams2-1.cdninstagram.com&_nc_gid=eaSov4kRguWIzndyEDFyGQ&_nc_ss=7a22e&oh=00_AQICQRsanDJxQLmHBBYmho3Rac6l9xK0buxZ-lp11p8Uww&oe=6A9A2815,https://www.instagram.com/p/DcjfMcbkgCV/
Supermercado Tuiuiú,Mercearia / Biscoitos e Doces,Chocolate Hershey's 82g,7.49,28/08/2026,https://instagram.fbne11-1.fna.fbcdn.net/v/t39.30808-6/752708427_1720016720132146_149709506206268519_n.jpg?stp=dst-jpg_e35_tt6&_nc_cat=108&ig_cache_key=Mzk3MzM0Mjg4MDAxNTI3Mzk0NA%3D%3D.3-ccb7-5&ccb=7-5&_nc_sid=58cdad&efg=eyJ2ZW5jb2RlX3RhZyI6IkNBUk9VU0VMX0lURU0ueHBpZHMuMTI1NC5zZHIucmVndWxhcl9waG90by5DMyJ9&_nc_ohc=7bG_IFJvHW0Q7kNvwGfFYjf&_nc_oc=AdqjnHZq5-Y43HNyCZ5qxu_X_VMs76dlaJQkW5kbAcpvWVkYAiABgk-cuOADlEniegPNEIn4a1Q6Pr6-1eEuV9Iz&_nc_ad=z-m&_nc_cid=0&_nc_zt=23&_nc_ht=instagram.fbne11-1.fna&_nc_gid=TyXdyDMvXWTfqtmX-TW3yw&_nc_ss=7a22e&oh=00_AQJhORPooE-fxm3N6fKAV_43QYK02G1uNnI7NNKiR4OX4g&oe=6A9A1053,https://www.instagram.com/p/DckJlYyI3Tu/
Machadão Atacadista,Mercearia / Biscoitos e Doces,Bala Icekiss 500g,7.99,27/08/2026,https://scontent-ams2-1.cdninstagram.com/v/t39.30808-6/787104328_1360550532831571_2281243341389434448_n.jpg?stp=dst-jpg_e35_tt6&_nc_cat=100&ig_cache_key=Mzk3MzE1NjQ3MTc1NjIxMzA2MQ%3D%3D.3-ccb7-5&ccb=7-5&_nc_sid=58cdad&efg=eyJ2ZW5jb2RlX3RhZyI6IkNBUk9VU0VMX0lURU0ueHBpZHMuMTYzOC5zZHIucmVndWxhcl9waG90by5DMyJ9&_nc_ohc=BsEfA1wdsJMQ7kNvwHgpmPZ&_nc_oc=Adq7h13PKXcAqcN4z7fv7REkzV8Zvc0JgloU8TzdMiZVa9SY2_bMxHz6Ah1i3WW-uS4&_nc_ad=z-m&_nc_cid=0&_nc_zt=23&_nc_ht=scontent-ams2-1.cdninstagram.com&_nc_gid=eaSov4kRguWIzndyEDFyGQ&_nc_ss=7a22e&oh=00_AQJs5Ai3x4B6qHdlmHaLjuJg94KI2i896bcpUhDA7wi6jw&oe=6A9A2C50,https://www.instagram.com/p/DcjfMcbkgCV/
Machadão Atacadista,Mercearia / Biscoitos e Doces,Bala Icekiss 500g,7.99,27/08/2026,https://scontent-ams2-1.cdninstagram.com/v/t39.30808-6/787798079_1360550486164909_1488167338527184913_n.jpg?stp=dst-jpg_e35_tt6&_nc_cat=107&ig_cache_key=Mzk3MzE1NjQ3MjAzMzA0ODEyMg%3D%3D.3-ccb7-5&ccb=7-5&_nc_sid=58cdad&efg=eyJ2ZW5jb2RlX3RhZyI6IkNBUk9VU0VMX0lURU0ueHBpZHMuMTYzOC5zZHIucmVndWxhcl9waG90by5DMyJ9&_nc_ohc=_YSRXBR_xEAQ7kNvwEPyA0R&_nc_oc=Adod8FBZ1VIwdo7XMEeAFyY3M_eABxg3PxcIYc9Sokz5CWOsNdRGgwkbWB9mxmyi3mY&_nc_ad=z-m&_nc_cid=0&_nc_zt=23&_nc_ht=scontent-ams2-1.cdninstagram.com&_nc_gid=eaSov4kRguWIzndyEDFyGQ&_nc_ss=7a22e&oh=00_AQICQRsanDJxQLmHBBYmho3Rac6l9xK0buxZ-lp11p8Uww&oe=6A9A2815,https://www.instagram.com/p/DcjfMcbkgCV/
Supermercado Tuiuiú,Mercearia / Biscoitos e Doces,Bombom Sortidos Lacta Nestle Garoto 220g,10.99,28/08/2026,https://instagram.fbne11-1.fna.fbcdn.net/v/t39.30808-6/752708427_1720016720132146_149709506206268519_n.jpg?stp=dst-jpg_e35_tt6&_nc_cat=108&ig_cache_key=Mzk3MzM0Mjg4MDAxNTI3Mzk0NA%3D%3D.3-ccb7-5&ccb=7-5&_nc_sid=58cdad&efg=eyJ2ZW5jb2RlX3RhZyI6IkNBUk9VU0VMX0lURU0ueHBpZHMuMTI1NC5zZHIucmVndWxhcl9waG90by5DMyJ9&_nc_ohc=7bG_IFJvHW0Q7kNvwGfFYjf&_nc_oc=AdqjnHZq5-Y43HNyCZ5qxu_X_VMs76dlaJQkW5kbAcpvWVkYAiABgk-cuOADlEniegPNEIn4a1Q6Pr6-1eEuV9Iz&_nc_ad=z-m&_nc_cid=0&_nc_zt=23&_nc_ht=instagram.fbne11-1.fna&_nc_gid=TyXdyDMvXWTfqtmX-TW3yw&_nc_ss=7a22e&oh=00_AQJhORPooE-fxm3N6fKAV_43QYK02G1uNnI7NNKiR4OX4g&oe=6A9A1053,https://www.instagram.com/p/DckJlYyI3Tu/
Supermercado Tuiuiú,Mercearia / Café,Café Torrado e Moído Nascente Araguaia 250g,8.99,28/08/2026,https://instagram.fbne11-1.fna.fbcdn.net/v/t39.30808-6/777867278_1720016746798810_8968857745876573698_n.jpg?stp=dst-jpg_e35_tt6&_nc_cat=108&ig_cache_key=Mzk3MzM0Mjg3ODY1NjMwNjQwOQ%3D%3D.3-ccb7-5&ccb=7-5&_nc_sid=58cdad&efg=eyJ2ZW5jb2RlX3RhZyI6IkNBUk9VU0VMX0lURU0ueHBpZHMuMTI1NC5zZHIucmVndWxhcl9waG90by5DMyJ9&_nc_ohc=7pvC346oZEwQ7kNvwH7S15c&_nc_oc=AdogD2rntWxSHfcA_zgHQ0TbCd-hZ2ZAbKLCt30tE6RU9pta3S061R_qxBlu1eP_Z6JjKUATN38j6nVuMPajR3Hc&_nc_ad=z-m&_nc_cid=0&_nc_zt=23&_nc_ht=instagram.fbne11-1.fna&_nc_gid=TyXdyDMvXWTfqtmX-TW3yw&_nc_ss=7a22e&oh=00_AQKNVeMyMUuErozL0HTIbD8KDfVjh6pyC58ORNjNgV48VA&oe=6A9A1649,https://www.instagram.com/p/DckJlYyI3Tu/
Supermercado São Pedro,Mercearia / Café,Café Torrado e Moído Caboclo 500g,24.49,27/08/2026,https://scontent-waw2-2.cdninstagram.com/v/t39.30808-6/788413222_1505168981656218_2918311736305518854_n.jpg?stp=c0.0.1638.2047a_dst-jpg_e35_s1638x2047_tt6&_nc_cat=107&ig_cache_key=Mzk3MzI3Njk2ODIzODI0MjE0OA%3D%3D.3-ccb7-5&ccb=7-5&_nc_sid=58cdad&efg=eyJ2ZW5jb2RlX3RhZyI6IkNBUk9VU0VMX0lURU0ueHBpZHMuMTYzOC5zZHIucmVndWxhcl9waG90by5DMyJ9&_nc_ohc=6u-bXG9Z0hAQ7kNvwFia3XT&_nc_oc=AdrPTclBQpJ-r2eWbB0Ui1BseKmcAngj3-Lw1hOiFSAvUeHJY1e-hyuHTkdW47TSGLM&_nc_ad=z-m&_nc_cid=0&_nc_zt=23&_nc_ht=scontent-waw2-2.cdninstagram.com&_nc_gid=GU0bCad11P1ZuGVVY5hLEQ&_nc_ss=7a22e&oh=00_AQLxq_5PgANWM8UyQP0u8FTR4ZnMP8YITro_KYnHFFXW-Q&oe=6A9A1C20,https://www.instagram.com/p/Dcj6lyLlKpL/
Machadão Atacadista,Mercearia / Café,Café Sinop 500g,28.9,27/08/2026,https://scontent-ams2-1.cdninstagram.com/v/t39.30808-6/787104328_1360550532831571_2281243341389434448_n.jpg?stp=dst-jpg_e35_tt6&_nc_cat=100&ig_cache_key=Mzk3MzE1NjQ3MTc1NjIxMzA2MQ%3D%3D.3-ccb7-5&ccb=7-5&_nc_sid=58cdad&efg=eyJ2ZW5jb2RlX3RhZyI6IkNBUk9VU0VMX0lURU0ueHBpZHMuMTYzOC5zZHIucmVndWxhcl9waG90by5DMyJ9&_nc_ohc=BsEfA1wdsJMQ7kNvwHgpmPZ&_nc_oc=Adq7h13PKXcAqcN4z7fv7REkzV8Zvc0JgloU8TzdMiZVa9SY2_bMxHz6Ah1i3WW-uS4&_nc_ad=z-m&_nc_cid=0&_nc_zt=23&_nc_ht=scontent-ams2-1.cdninstagram.com&_nc_gid=eaSov4kRguWIzndyEDFyGQ&_nc_ss=7a22e&oh=00_AQJs5Ai3x4B6qHdlmHaLjuJg94KI2i896bcpUhDA7wi6jw&oe=6A9A2C50,https://www.instagram.com/p/DcjfMcbkgCV/
Machadão Atacadista,Mercearia / Café,Café Sinop 1kg,28.9,27/08/2026,https://scontent-ams2-1.cdninstagram.com/v/t39.30808-6/787798079_1360550486164909_1488167338527184913_n.jpg?stp=dst-jpg_e35_tt6&_nc_cat=107&ig_cache_key=Mzk3MzE1NjQ3MjAzMzA0ODEyMg%3D%3D.3-ccb7-5&ccb=7-5&_nc_sid=58cdad&efg=eyJ2ZW5jb2RlX3RhZyI6IkNBUk9VU0VMX0lURU0ueHBpZHMuMTYzOC5zZHIucmVndWxhcl9waG90by5DMyJ9&_nc_ohc=_YSRXBR_xEAQ7kNvwEPyA0R&_nc_oc=Adod8FBZ1VIwdo7XMEeAFyY3M_eABxg3PxcIYc9Sokz5CWOsNdRGgwkbWB9mxmyi3mY&_nc_ad=z-m&_nc_cid=0&_nc_zt=23&_nc_ht=scontent-ams2-1.cdninstagram.com&_nc_gid=eaSov4kRguWIzndyEDFyGQ&_nc_ss=7a22e&oh=00_AQICQRsanDJxQLmHBBYmho3Rac6l9xK0buxZ-lp11p8Uww&oe=6A9A2815,https://www.instagram.com/p/DcjfMcbkgCV/
Machadão Atacadista,Mercearia / Farináceos,Macarrão Espaguete Vitoriosa 400g,2.39,27/08/2026,https://scontent-ams2-1.cdninstagram.com/v/t39.30808-6/787104328_1360550532831571_2281243341389434448_n.jpg?stp=dst-jpg_e35_tt6&_nc_cat=100&ig_cache_key=Mzk3MzE1NjQ3MTc1NjIxMzA2MQ%3D%3D.3-ccb7-5&ccb=7-5&_nc_sid=58cdad&efg=eyJ2ZW5jb2RlX3RhZyI6IkNBUk9VU0VMX0lURU0ueHBpZHMuMTYzOC5zZHIucmVndWxhcl9waG90by5DMyJ9&_nc_ohc=BsEfA1wdsJMQ7kNvwHgpmPZ&_nc_oc=Adq7h13PKXcAqcN4z7fv7REkzV8Zvc0JgloU8TzdMiZVa9SY2_bMxHz6Ah1i3WW-uS4&_nc_ad=z-m&_nc_cid=0&_nc_zt=23&_nc_ht=scontent-ams2-1.cdninstagram.com&_nc_gid=eaSov4kRguWIzndyEDFyGQ&_nc_ss=7a22e&oh=00_AQJs5Ai3x4B6qHdlmHaLjuJg94KI2i896bcpUhDA7wi6jw&oe=6A9A2C50,https://www.instagram.com/p/DcjfMcbkgCV/
Machadão Atacadista,Mercearia / Farináceos,Macarrão Espaguete Vitoriosa 400g,2.39,27/08/2026,https://scontent-ams2-1.cdninstagram.com/v/t39.30808-6/787798079_1360550486164909_1488167338527184913_n.jpg?stp=dst-jpg_e35_tt6&_nc_cat=107&ig_cache_key=Mzk3MzE1NjQ3MjAzMzA0ODEyMg%3D%3D.3-ccb7-5&ccb=7-5&_nc_sid=58cdad&efg=eyJ2ZW5jb2RlX3RhZyI6IkNBUk9VU0VMX0lURU0ueHBpZHMuMTYzOC5zZHIucmVndWxhcl9waG90by5DMyJ9&_nc_ohc=_YSRXBR_xEAQ7kNvwEPyA0R&_nc_oc=Adod8FBZ1VIwdo7XMEeAFyY3M_eABxg3PxcIYc9Sokz5CWOsNdRGgwkbWB9mxmyi3mY&_nc_ad=z-m&_nc_cid=0&_nc_zt=23&_nc_ht=scontent-ams2-1.cdninstagram.com&_nc_gid=eaSov4kRguWIzndyEDFyGQ&_nc_ss=7a22e&oh=00_AQICQRsanDJxQLmHBBYmho3Rac6l9xK0buxZ-lp11p8Uww&oe=6A9A2815,https://www.instagram.com/p/DcjfMcbkgCV/
Supermercado Tuiuiú,Mercearia / Farináceos,Farinha de Trigo Ventureli 1kg,5.49,28/08/2026,https://instagram.fbne11-1.fna.fbcdn.net/v/t39.30808-6/780374541_1720016716798813_3229780711925498508_n.jpg?stp=dst-jpg_e35_tt6&_nc_cat=110&ig_cache_key=Mzk3MzM0Mjg3OTQ0NDg1Mjc3NQ%3D%3D.3-ccb7-5&ccb=7-5&_nc_sid=58cdad&efg=eyJ2ZW5jb2RlX3RhZyI6IkNBUk9VU0VMX0lURU0ueHBpZHMuMTI1NC5zZHIucmVndWxhcl9waG90by5DMyJ9&_nc_ohc=hASiLMJHo8AQ7kNvwHg15Pr&_nc_oc=Adpgdnma9juAZK1I4L5DZyt6Y5FewgFHufSiwSMtNX7nUS--a6UxoUOCDSgeMRQ9I8qW3DjUAolMLgocW6TnIQ7T&_nc_ad=z-m&_nc_cid=0&_nc_zt=23&_nc_ht=instagram.fbne11-1.fna&_nc_gid=TyXdyDMvXWTfqtmX-TW3yw&_nc_ss=7a22e&oh=00_AQIaWmaR2O2utCd1gh26r0P9PF6V5DevXabDxH8RnEs7bA&oe=6A9A2ACA,https://www.instagram.com/p/DckJlYyI3Tu/
Machadão Atacadista,Mercearia / Farináceos,Farinha de Trigo Venturelli 5kg,25.9,27/08/2026,https://scontent-ams2-1.cdninstagram.com/v/t39.30808-6/787104328_1360550532831571_2281243341389434448_n.jpg?stp=dst-jpg_e35_tt6&_nc_cat=100&ig_cache_key=Mzk3MzE1NjQ3MTc1NjIxMzA2MQ%3D%3D.3-ccb7-5&ccb=7-5&_nc_sid=58cdad&efg=eyJ2ZW5jb2RlX3RhZyI6IkNBUk9VU0VMX0lURU0ueHBpZHMuMTYzOC5zZHIucmVndWxhcl9waG90by5DMyJ9&_nc_ohc=BsEfA1wdsJMQ7kNvwHgpmPZ&_nc_oc=Adq7h13PKXcAqcN4z7fv7REkzV8Zvc0JgloU8TzdMiZVa9SY2_bMxHz6Ah1i3WW-uS4&_nc_ad=z-m&_nc_cid=0&_nc_zt=23&_nc_ht=scontent-ams2-1.cdninstagram.com&_nc_gid=eaSov4kRguWIzndyEDFyGQ&_nc_ss=7a22e&oh=00_AQJs5Ai3x4B6qHdlmHaLjuJg94KI2i896bcpUhDA7wi6jw&oe=6A9A2C50,https://www.instagram.com/p/DcjfMcbkgCV/
Machadão Atacadista,Mercearia / Farináceos,Farinha de Trigo Venturelli 5kg,25.9,27/08/2026,https://scontent-ams2-1.cdninstagram.com/v/t39.30808-6/787798079_1360550486164909_1488167338527184913_n.jpg?stp=dst-jpg_e35_tt6&_nc_cat=107&ig_cache_key=Mzk3MzE1NjQ3MjAzMzA0ODEyMg%3D%3D.3-ccb7-5&ccb=7-5&_nc_sid=58cdad&efg=eyJ2ZW5jb2RlX3RhZyI6IkNBUk9VU0VMX0lURU0ueHBpZHMuMTYzOC5zZHIucmVndWxhcl9waG90by5DMyJ9&_nc_ohc=_YSRXBR_xEAQ7kNvwEPyA0R&_nc_oc=Adod8FBZ1VIwdo7XMEeAFyY3M_eABxg3PxcIYc9Sokz5CWOsNdRGgwkbWB9mxmyi3mY&_nc_ad=z-m&_nc_cid=0&_nc_zt=23&_nc_ht=scontent-ams2-1.cdninstagram.com&_nc_gid=eaSov4kRguWIzndyEDFyGQ&_nc_ss=7a22e&oh=00_AQICQRsanDJxQLmHBBYmho3Rac6l9xK0buxZ-lp11p8Uww&oe=6A9A2815,https://www.instagram.com/p/DcjfMcbkgCV/
Supermercado Tuiuiú,Mercearia / Grãos e Conservas,Feijão Kumbuca 1kg,6.49,28/08/2026,https://instagram.fbne11-1.fna.fbcdn.net/v/t39.30808-6/780374541_1720016716798813_3229780711925498508_n.jpg?stp=dst-jpg_e35_tt6&_nc_cat=110&ig_cache_key=Mzk3MzM0Mjg3OTQ0NDg1Mjc3NQ%3D%3D.3-ccb7-5&ccb=7-5&_nc_sid=58cdad&efg=eyJ2ZW5jb2RlX3RhZyI6IkNBUk9VU0VMX0lURU0ueHBpZHMuMTI1NC5zZHIucmVndWxhcl9waG90by5DMyJ9&_nc_ohc=hASiLMJHo8AQ7kNvwHg15Pr&_nc_oc=Adpgdnma9juAZK1I4L5DZyt6Y5FewgFHufSiwSMtNX7nUS--a6UxoUOCDSgeMRQ9I8qW3DjUAolMLgocW6TnIQ7T&_nc_ad=z-m&_nc_cid=0&_nc_zt=23&_nc_ht=instagram.fbne11-1.fna&_nc_gid=TyXdyDMvXWTfqtmX-TW3yw&_nc_ss=7a22e&oh=00_AQIaWmaR2O2utCd1gh26r0P9PF6V5DevXabDxH8RnEs7bA&oe=6A9A2ACA,https://www.instagram.com/p/DckJlYyI3Tu/
Bom Jesus Primavera do Leste 🛒,Mercearia / Grãos e Conservas,Feijão Carioca Dona Dê 1kg,6.79,28/08/2026,https://scontent-lhr11-1.cdninstagram.com/v/t51.82787-15/788139857_18374943016237813_6095318216715939563_n.jpg?stp=dst-jpg_e35_tt6&_nc_cat=107&ig_cache_key=Mzk3Mzk3Nzc4MDcyMjI3NDY1Mg%3D%3D.3-ccb7-5&ccb=7-5&_nc_sid=58cdad&efg=eyJ2ZW5jb2RlX3RhZyI6IkNBUk9VU0VMX0lURU0ueHBpZHMuMTA4MC5zZHIucmVndWxhcl9waG90by5DMyJ9&_nc_ohc=u6RrkwcH62kQ7kNvwFPO8nO&_nc_oc=Adq7Ydwrj8L01LSreSo3Hr9nEBdt7EUEaeUJg7Tp-iPDdHy-rWuFw6haLQP_5O7ZiVLAswHo-taEhi6kZbtEtW7y&_nc_ad=z-m&_nc_cid=0&_nc_zt=23&_nc_ht=scontent-lhr11-1.cdninstagram.com&_nc_gid=UC3DCxA2tHR5SHtq_3JTew&_nc_ss=7a22e&oh=00_AQJ_o-NIim0oS-WiIsBW-WOgFnQ0bdqhL7zHvDWnHaNwqw&oe=6A9A0D70,https://www.instagram.com/p/DcmZ8cDD400/
Super Compras Supermercado,Mercearia / Massas,Macarrão Semolado Galo 500g,3.99,28/08/2026,https://instagram.fgrq1-2.fna.fbcdn.net/v/t51.82787-15/778381296_18192777073391764_3495327765482658959_n.jpg?stp=dst-jpg_e35_tt6&_nc_cat=108&ig_cache_key=Mzk3MzI5MDk1OTA3NzU1MjQ2OA%3D%3D.3-ccb7-5&ccb=7-5&_nc_sid=58cdad&efg=eyJ2ZW5jb2RlX3RhZyI6IkZFRUQueHBpZHMuMTQ0MC5zZHIucmVndWxhcl9waG90by5DMyJ9&_nc_ohc=2HLQR4PBfsgQ7kNvwELeAkY&_nc_oc=AdpsbBFyYCKsOTyqaCboJLZYOlz31xbeqM_kqsicam7NUB4FxCNirYkQZ6gRU0ARUYI&_nc_ad=z-m&_nc_cid=1207&_nc_zt=23&_nc_ht=instagram.fgrq1-2.fna&_nc_gid=EoLIJCkIsXrOLQBQ_KaqLA&_nc_ss=7a22e&oh=00_AQJHFVOp08jAnYsul3AU7IIeLd8d2ofr4OlyRGukBY0Vpw&oe=6A9A2A96,https://www.instagram.com/p/Dcj9xNtFrFU/
Machadão Atacadista,Mercearia / Molhos e Condimentos,Molho de Tomate Olé 300g,1.99,27/08/2026,https://scontent-ams2-1.cdninstagram.com/v/t39.30808-6/787104328_1360550532831571_2281243341389434448_n.jpg?stp=dst-jpg_e35_tt6&_nc_cat=100&ig_cache_key=Mzk3MzE1NjQ3MTc1NjIxMzA2MQ%3D%3D.3-ccb7-5&ccb=7-5&_nc_sid=58cdad&efg=eyJ2ZW5jb2RlX3RhZyI6IkNBUk9VU0VMX0lURU0ueHBpZHMuMTYzOC5zZHIucmVndWxhcl9waG90by5DMyJ9&_nc_ohc=BsEfA1wdsJMQ7kNvwHgpmPZ&_nc_oc=Adq7h13PKXcAqcN4z7fv7REkzV8Zvc0JgloU8TzdMiZVa9SY2_bMxHz6Ah1i3WW-uS4&_nc_ad=z-m&_nc_cid=0&_nc_zt=23&_nc_ht=scontent-ams2-1.cdninstagram.com&_nc_gid=eaSov4kRguWIzndyEDFyGQ&_nc_ss=7a22e&oh=00_AQJs5Ai3x4B6qHdlmHaLjuJg94KI2i896bcpUhDA7wi6jw&oe=6A9A2C50,https://www.instagram.com/p/DcjfMcbkgCV/
Machadão Atacadista,Mercearia / Molhos e Condimentos,Molho de Tomate Olé 300g,1.99,27/08/2026,https://scontent-ams2-1.cdninstagram.com/v/t39.30808-6/787798079_1360550486164909_1488167338527184913_n.jpg?stp=dst-jpg_e35_tt6&_nc_cat=107&ig_cache_key=Mzk3MzE1NjQ3MjAzMzA0ODEyMg%3D%3D.3-ccb7-5&ccb=7-5&_nc_sid=58cdad&efg=eyJ2ZW5jb2RlX3RhZyI6IkNBUk9VU0VMX0lURU0ueHBpZHMuMTYzOC5zZHIucmVndWxhcl9waG90by5DMyJ9&_nc_ohc=_YSRXBR_xEAQ7kNvwEPyA0R&_nc_oc=Adod8FBZ1VIwdo7XMEeAFyY3M_eABxg3PxcIYc9Sokz5CWOsNdRGgwkbWB9mxmyi3mY&_nc_ad=z-m&_nc_cid=0&_nc_zt=23&_nc_ht=scontent-ams2-1.cdninstagram.com&_nc_gid=eaSov4kRguWIzndyEDFyGQ&_nc_ss=7a22e&oh=00_AQICQRsanDJxQLmHBBYmho3Rac6l9xK0buxZ-lp11p8Uww&oe=6A9A2815,https://www.instagram.com/p/DcjfMcbkgCV/
Super Compras Supermercado,Mercearia / Molhos e Condimentos,Maionese Hellmann's 200g,5.99,28/08/2026,https://instagram.fgrq1-2.fna.fbcdn.net/v/t51.82787-15/778381296_18192777073391764_3495327765482658959_n.jpg?stp=dst-jpg_e35_tt6&_nc_cat=108&ig_cache_key=Mzk3MzI5MDk1OTA3NzU1MjQ2OA%3D%3D.3-ccb7-5&ccb=7-5&_nc_sid=58cdad&efg=eyJ2ZW5jb2RlX3RhZyI6IkZFRUQueHBpZHMuMTQ0MC5zZHIucmVndWxhcl9waG90by5DMyJ9&_nc_ohc=2HLQR4PBfsgQ7kNvwELeAkY&_nc_oc=AdpsbBFyYCKsOTyqaCboJLZYOlz31xbeqM_kqsicam7NUB4FxCNirYkQZ6gRU0ARUYI&_nc_ad=z-m&_nc_cid=1207&_nc_zt=23&_nc_ht=instagram.fgrq1-2.fna&_nc_gid=EoLIJCkIsXrOLQBQ_KaqLA&_nc_ss=7a22e&oh=00_AQJHFVOp08jAnYsul3AU7IIeLd8d2ofr4OlyRGukBY0Vpw&oe=6A9A2A96,https://www.instagram.com/p/Dcj9xNtFrFU/
Supermercado São Pedro,Mercearia / Molhos e Condimentos,Extrato de Tomate Elefante 300g,7.19,27/08/2026,https://scontent-waw2-2.cdninstagram.com/v/t39.30808-6/788413222_1505168981656218_2918311736305518854_n.jpg?stp=c0.0.1638.2047a_dst-jpg_e35_s1638x2047_tt6&_nc_cat=107&ig_cache_key=Mzk3MzI3Njk2ODIzODI0MjE0OA%3D%3D.3-ccb7-5&ccb=7-5&_nc_sid=58cdad&efg=eyJ2ZW5jb2RlX3RhZyI6IkNBUk9VU0VMX0lURU0ueHBpZHMuMTYzOC5zZHIucmVndWxhcl9waG90by5DMyJ9&_nc_ohc=6u-bXG9Z0hAQ7kNvwFia3XT&_nc_oc=AdrPTclBQpJ-r2eWbB0Ui1BseKmcAngj3-Lw1hOiFSAvUeHJY1e-hyuHTkdW47TSGLM&_nc_ad=z-m&_nc_cid=0&_nc_zt=23&_nc_ht=scontent-waw2-2.cdninstagram.com&_nc_gid=GU0bCad11P1ZuGVVY5hLEQ&_nc_ss=7a22e&oh=00_AQLxq_5PgANWM8UyQP0u8FTR4ZnMP8YITro_KYnHFFXW-Q&oe=6A9A1C20,https://www.instagram.com/p/Dcj6lyLlKpL/
Supermercado Tuiuiú,Mercearia / Óleos e Azeites,Macarrão Gallo 500g,2.99,28/08/2026,https://instagram.fbne11-1.fna.fbcdn.net/v/t39.30808-6/777867278_1720016746798810_8968857745876573698_n.jpg?stp=dst-jpg_e35_tt6&_nc_cat=108&ig_cache_key=Mzk3MzM0Mjg3ODY1NjMwNjQwOQ%3D%3D.3-ccb7-5&ccb=7-5&_nc_sid=58cdad&efg=eyJ2ZW5jb2RlX3RhZyI6IkNBUk9VU0VMX0lURU0ueHBpZHMuMTI1NC5zZHIucmVndWxhcl9waG90by5DMyJ9&_nc_ohc=7pvC346oZEwQ7kNvwH7S15c&_nc_oc=AdogD2rntWxSHfcA_zgHQ0TbCd-hZ2ZAbKLCt30tE6RU9pta3S061R_qxBlu1eP_Z6JjKUATN38j6nVuMPajR3Hc&_nc_ad=z-m&_nc_cid=0&_nc_zt=23&_nc_ht=instagram.fbne11-1.fna&_nc_gid=TyXdyDMvXWTfqtmX-TW3yw&_nc_ss=7a22e&oh=00_AQKNVeMyMUuErozL0HTIbD8KDfVjh6pyC58ORNjNgV48VA&oe=6A9A1649,https://www.instagram.com/p/DckJlYyI3Tu/
Supermercado Tuiuiú,Mercearia / Óleos e Azeites,Óleo de Soja Liza 900ml,5.99,28/08/2026,https://instagram.fbne11-1.fna.fbcdn.net/v/t39.30808-6/780374541_1720016716798813_3229780711925498508_n.jpg?stp=dst-jpg_e35_tt6&_nc_cat=110&ig_cache_key=Mzk3MzM0Mjg3OTQ0NDg1Mjc3NQ%3D%3D.3-ccb7-5&ccb=7-5&_nc_sid=58cdad&efg=eyJ2ZW5jb2RlX3RhZyI6IkNBUk9VU0VMX0lURU0ueHBpZHMuMTI1NC5zZHIucmVndWxhcl9waG90by5DMyJ9&_nc_ohc=hASiLMJHo8AQ7kNvwHg15Pr&_nc_oc=Adpgdnma9juAZK1I4L5DZyt6Y5FewgFHufSiwSMtNX7nUS--a6UxoUOCDSgeMRQ9I8qW3DjUAolMLgocW6TnIQ7T&_nc_ad=z-m&_nc_cid=0&_nc_zt=23&_nc_ht=instagram.fbne11-1.fna&_nc_gid=TyXdyDMvXWTfqtmX-TW3yw&_nc_ss=7a22e&oh=00_AQIaWmaR2O2utCd1gh26r0P9PF6V5DevXabDxH8RnEs7bA&oe=6A9A2ACA,https://www.instagram.com/p/DckJlYyI3Tu/
Supermercado São Pedro,Mercearia / Óleos e Azeites,Óleo de Soja Concórdia 900ml,6.89,27/08/2026,https://scontent-waw2-2.cdninstagram.com/v/t39.30808-6/788413222_1505168981656218_2918311736305518854_n.jpg?stp=c0.0.1638.2047a_dst-jpg_e35_s1638x2047_tt6&_nc_cat=107&ig_cache_key=Mzk3MzI3Njk2ODIzODI0MjE0OA%3D%3D.3-ccb7-5&ccb=7-5&_nc_sid=58cdad&efg=eyJ2ZW5jb2RlX3RhZyI6IkNBUk9VU0VMX0lURU0ueHBpZHMuMTYzOC5zZHIucmVndWxhcl9waG90by5DMyJ9&_nc_ohc=6u-bXG9Z0hAQ7kNvwFia3XT&_nc_oc=AdrPTclBQpJ-r2eWbB0Ui1BseKmcAngj3-Lw1hOiFSAvUeHJY1e-hyuHTkdW47TSGLM&_nc_ad=z-m&_nc_cid=0&_nc_zt=23&_nc_ht=scontent-waw2-2.cdninstagram.com&_nc_gid=GU0bCad11P1ZuGVVY5hLEQ&_nc_ss=7a22e&oh=00_AQLxq_5PgANWM8UyQP0u8FTR4ZnMP8YITro_KYnHFFXW-Q&oe=6A9A1C20,https://www.instagram.com/p/Dcj6lyLlKpL/
Super Compras Supermercado,Outros,Água Mineral com Gás Puríssima 500ml,2.29,28/08/2026,https://instagram.fgrq1-2.fna.fbcdn.net/v/t51.82787-15/778381296_18192777073391764_3495327765482658959_n.jpg?stp=dst-jpg_e35_tt6&_nc_cat=108&ig_cache_key=Mzk3MzI5MDk1OTA3NzU1MjQ2OA%3D%3D.3-ccb7-5&ccb=7-5&_nc_sid=58cdad&efg=eyJ2ZW5jb2RlX3RhZyI6IkZFRUQueHBpZHMuMTQ0MC5zZHIucmVndWxhcl9waG90by5DMyJ9&_nc_ohc=2HLQR4PBfsgQ7kNvwELeAkY&_nc_oc=AdpsbBFyYCKsOTyqaCboJLZYOlz31xbeqM_kqsicam7NUB4FxCNirYkQZ6gRU0ARUYI&_nc_ad=z-m&_nc_cid=1207&_nc_zt=23&_nc_ht=instagram.fgrq1-2.fna&_nc_gid=EoLIJCkIsXrOLQBQ_KaqLA&_nc_ss=7a22e&oh=00_AQJHFVOp08jAnYsul3AU7IIeLd8d2ofr4OlyRGukBY0Vpw&oe=6A9A2A96,https://www.instagram.com/p/Dcj9xNtFrFU/
Super Compras Supermercado,Outros,Pipoca Doce Bebela 90g,2.49,28/08/2026,https://instagram.fgrq1-2.fna.fbcdn.net/v/t51.82787-15/778381296_18192777073391764_3495327765482658959_n.jpg?stp=dst-jpg_e35_tt6&_nc_cat=108&ig_cache_key=Mzk3MzI5MDk1OTA3NzU1MjQ2OA%3D%3D.3-ccb7-5&ccb=7-5&_nc_sid=58cdad&efg=eyJ2ZW5jb2RlX3RhZyI6IkZFRUQueHBpZHMuMTQ0MC5zZHIucmVndWxhcl9waG90by5DMyJ9&_nc_ohc=2HLQR4PBfsgQ7kNvwELeAkY&_nc_oc=AdpsbBFyYCKsOTyqaCboJLZYOlz31xbeqM_kqsicam7NUB4FxCNirYkQZ6gRU0ARUYI&_nc_ad=z-m&_nc_cid=1207&_nc_zt=23&_nc_ht=instagram.fgrq1-2.fna&_nc_gid=EoLIJCkIsXrOLQBQ_KaqLA&_nc_ss=7a22e&oh=00_AQJHFVOp08jAnYsul3AU7IIeLd8d2ofr4OlyRGukBY0Vpw&oe=6A9A2A96,https://www.instagram.com/p/Dcj9xNtFrFU/
Supermercado Tuiuiú,Outros,Milho em Conserva Só Fruta 170g,2.89,28/08/2026,https://instagram.fbne11-1.fna.fbcdn.net/v/t39.30808-6/777867278_1720016746798810_8968857745876573698_n.jpg?stp=dst-jpg_e35_tt6&_nc_cat=108&ig_cache_key=Mzk3MzM0Mjg3ODY1NjMwNjQwOQ%3D%3D.3-ccb7-5&ccb=7-5&_nc_sid=58cdad&efg=eyJ2ZW5jb2RlX3RhZyI6IkNBUk9VU0VMX0lURU0ueHBpZHMuMTI1NC5zZHIucmVndWxhcl9waG90by5DMyJ9&_nc_ohc=7pvC346oZEwQ7kNvwH7S15c&_nc_oc=AdogD2rntWxSHfcA_zgHQ0TbCd-hZ2ZAbKLCt30tE6RU9pta3S061R_qxBlu1eP_Z6JjKUATN38j6nVuMPajR3Hc&_nc_ad=z-m&_nc_cid=0&_nc_zt=23&_nc_ht=instagram.fbne11-1.fna&_nc_gid=TyXdyDMvXWTfqtmX-TW3yw&_nc_ss=7a22e&oh=00_AQKNVeMyMUuErozL0HTIbD8KDfVjh6pyC58ORNjNgV48VA&oe=6A9A1649,https://www.instagram.com/p/DckJlYyI3Tu/
Super Compras Supermercado,Outros,Milho Para Pipoca Mika 400g,3.49,28/08/2026,https://instagram.fgrq1-2.fna.fbcdn.net/v/t51.82787-15/778381296_18192777073391764_3495327765482658959_n.jpg?stp=dst-jpg_e35_tt6&_nc_cat=108&ig_cache_key=Mzk3MzI5MDk1OTA3NzU1MjQ2OA%3D%3D.3-ccb7-5&ccb=7-5&_nc_sid=58cdad&efg=eyJ2ZW5jb2RlX3RhZyI6IkZFRUQueHBpZHMuMTQ0MC5zZHIucmVndWxhcl9waG90by5DMyJ9&_nc_ohc=2HLQR4PBfsgQ7kNvwELeAkY&_nc_oc=AdpsbBFyYCKsOTyqaCboJLZYOlz31xbeqM_kqsicam7NUB4FxCNirYkQZ6gRU0ARUYI&_nc_ad=z-m&_nc_cid=1207&_nc_zt=23&_nc_ht=instagram.fgrq1-2.fna&_nc_gid=EoLIJCkIsXrOLQBQ_KaqLA&_nc_ss=7a22e&oh=00_AQJHFVOp08jAnYsul3AU7IIeLd8d2ofr4OlyRGukBY0Vpw&oe=6A9A2A96,https://www.instagram.com/p/Dcj9xNtFrFU/
Machadão Atacadista,Outros,Limpa Alumínio Polylar 500ml,3.49,27/08/2026,https://scontent-ams2-1.cdninstagram.com/v/t39.30808-6/786779086_1360550472831577_8028710268323392841_n.jpg?stp=dst-jpg_e35_tt6&_nc_cat=100&ig_cache_key=Mzk3MzE1NjQ3MjI0MjcxMDI2OQ%3D%3D.3-ccb7-5&ccb=7-5&_nc_sid=58cdad&efg=eyJ2ZW5jb2RlX3RhZyI6IkNBUk9VU0VMX0lURU0ueHBpZHMuMTYzOC5zZHIucmVndWxhcl9waG90by5DMyJ9&_nc_ohc=WKCTmqyswmsQ7kNvwEaT0qb&_nc_oc=AdoESSuIi24al2MbVha01D5uveiXrRKzs-lQ1FHAWnNbZsbtHYYeFSHrV-q5AR66GP4&_nc_ad=z-m&_nc_cid=0&_nc_zt=23&_nc_ht=scontent-ams2-1.cdninstagram.com&_nc_gid=eaSov4kRguWIzndyEDFyGQ&_nc_ss=7a22e&oh=00_AQLhWf_PUniAqLhun79EXhJAomIzs-bwTnc5lqN_vQv_Ew&oe=6A99F9EF,https://www.instagram.com/p/DcjfMcbkgCV/
Machadão Atacadista,Outros,Limpa Alumínio Polylar 500ml,3.49,27/08/2026,https://scontent-ams2-1.cdninstagram.com/v/t39.30808-6/786141071_1360550506164907_1343288441209680541_n.jpg?stp=dst-jpg_e35_tt6&_nc_cat=100&ig_cache_key=Mzk3MzE1NjQ3MjAxNjIzNDQ4NA%3D%3D.3-ccb7-5&ccb=7-5&_nc_sid=58cdad&efg=eyJ2ZW5jb2RlX3RhZyI6IkNBUk9VU0VMX0lURU0ueHBpZHMuMTYzOC5zZHIucmVndWxhcl9waG90by5DMyJ9&_nc_ohc=rAfVUo0mg-MQ7kNvwE8KbMG&_nc_oc=AdoB8HYZuZu7FtPAN9JTpSxBSWew2FQqiHsdwKv5ppZhv3g8wxALwdL4pdG5PmzvFUI&_nc_ad=z-m&_nc_cid=0&_nc_zt=23&_nc_ht=scontent-ams2-1.cdninstagram.com&_nc_gid=eaSov4kRguWIzndyEDFyGQ&_nc_ss=7a22e&oh=00_AQKBJ-rltlhoMOCiwlDggrwJqp00mhv-RCqi51TbteRoiQ&oe=6A9A06F9,https://www.instagram.com/p/DcjfMcbkgCV/
Bom Jesus Primavera do Leste 🛒,Outros,Goiabada Predilecta 300g,4.99,28/08/2026,https://scontent-lhr11-1.cdninstagram.com/v/t51.82787-15/788139857_18374943016237813_6095318216715939563_n.jpg?stp=dst-jpg_e35_tt6&_nc_cat=107&ig_cache_key=Mzk3Mzk3Nzc4MDcyMjI3NDY1Mg%3D%3D.3-ccb7-5&ccb=7-5&_nc_sid=58cdad&efg=eyJ2ZW5jb2RlX3RhZyI6IkNBUk9VU0VMX0lURU0ueHBpZHMuMTA4MC5zZHIucmVndWxhcl9waG90by5DMyJ9&_nc_ohc=u6RrkwcH62kQ7kNvwFPO8nO&_nc_oc=Adq7Ydwrj8L01LSreSo3Hr9nEBdt7EUEaeUJg7Tp-iPDdHy-rWuFw6haLQP_5O7ZiVLAswHo-taEhi6kZbtEtW7y&_nc_ad=z-m&_nc_cid=0&_nc_zt=23&_nc_ht=scontent-lhr11-1.cdninstagram.com&_nc_gid=UC3DCxA2tHR5SHtq_3JTew&_nc_ss=7a22e&oh=00_AQJ_o-NIim0oS-WiIsBW-WOgFnQ0bdqhL7zHvDWnHaNwqw&oe=6A9A0D70,https://www.instagram.com/p/DcmZ8cDD400/
Machadão Atacadista,Outros,Pilha Alcalina Aaa Kian 4un,4.99,27/08/2026,https://scontent-ams2-1.cdninstagram.com/v/t39.30808-6/786779086_1360550472831577_8028710268323392841_n.jpg?stp=dst-jpg_e35_tt6&_nc_cat=100&ig_cache_key=Mzk3MzE1NjQ3MjI0MjcxMDI2OQ%3D%3D.3-ccb7-5&ccb=7-5&_nc_sid=58cdad&efg=eyJ2ZW5jb2RlX3RhZyI6IkNBUk9VU0VMX0lURU0ueHBpZHMuMTYzOC5zZHIucmVndWxhcl9waG90by5DMyJ9&_nc_ohc=WKCTmqyswmsQ7kNvwEaT0qb&_nc_oc=AdoESSuIi24al2MbVha01D5uveiXrRKzs-lQ1FHAWnNbZsbtHYYeFSHrV-q5AR66GP4&_nc_ad=z-m&_nc_cid=0&_nc_zt=23&_nc_ht=scontent-ams2-1.cdninstagram.com&_nc_gid=eaSov4kRguWIzndyEDFyGQ&_nc_ss=7a22e&oh=00_AQLhWf_PUniAqLhun79EXhJAomIzs-bwTnc5lqN_vQv_Ew&oe=6A99F9EF,https://www.instagram.com/p/DcjfMcbkgCV/
Machadão Atacadista,Outros,Pilha Alcalina Aaa Kian 4un,4.99,27/08/2026,https://scontent-ams2-1.cdninstagram.com/v/t39.30808-6/786141071_1360550506164907_1343288441209680541_n.jpg?stp=dst-jpg_e35_tt6&_nc_cat=100&ig_cache_key=Mzk3MzE1NjQ3MjAxNjIzNDQ4NA%3D%3D.3-ccb7-5&ccb=7-5&_nc_sid=58cdad&efg=eyJ2ZW5jb2RlX3RhZyI6IkNBUk9VU0VMX0lURU0ueHBpZHMuMTYzOC5zZHIucmVndWxhcl9waG90by5DMyJ9&_nc_ohc=rAfVUo0mg-MQ7kNvwE8KbMG&_nc_oc=AdoB8HYZuZu7FtPAN9JTpSxBSWew2FQqiHsdwKv5ppZhv3g8wxALwdL4pdG5PmzvFUI&_nc_ad=z-m&_nc_cid=0&_nc_zt=23&_nc_ht=scontent-ams2-1.cdninstagram.com&_nc_gid=eaSov4kRguWIzndyEDFyGQ&_nc_ss=7a22e&oh=00_AQKBJ-rltlhoMOCiwlDggrwJqp00mhv-RCqi51TbteRoiQ&oe=6A9A06F9,https://www.instagram.com/p/DcjfMcbkgCV/
Machadão Atacadista,Outros,Amendoim Branco Cru Oba Oba 400g,5.9,27/08/2026,https://scontent-ams2-1.cdninstagram.com/v/t39.30808-6/787104328_1360550532831571_2281243341389434448_n.jpg?stp=dst-jpg_e35_tt6&_nc_cat=100&ig_cache_key=Mzk3MzE1NjQ3MTc1NjIxMzA2MQ%3D%3D.3-ccb7-5&ccb=7-5&_nc_sid=58cdad&efg=eyJ2ZW5jb2RlX3RhZyI6IkNBUk9VU0VMX0lURU0ueHBpZHMuMTYzOC5zZHIucmVndWxhcl9waG90by5DMyJ9&_nc_ohc=BsEfA1wdsJMQ7kNvwHgpmPZ&_nc_oc=Adq7h13PKXcAqcN4z7fv7REkzV8Zvc0JgloU8TzdMiZVa9SY2_bMxHz6Ah1i3WW-uS4&_nc_ad=z-m&_nc_cid=0&_nc_zt=23&_nc_ht=scontent-ams2-1.cdninstagram.com&_nc_gid=eaSov4kRguWIzndyEDFyGQ&_nc_ss=7a22e&oh=00_AQJs5Ai3x4B6qHdlmHaLjuJg94KI2i896bcpUhDA7wi6jw&oe=6A9A2C50,https://www.instagram.com/p/DcjfMcbkgCV/
Machadão Atacadista,Outros,Amendoim Branco Oba Oba 400g,5.9,27/08/2026,https://scontent-ams2-1.cdninstagram.com/v/t39.30808-6/787798079_1360550486164909_1488167338527184913_n.jpg?stp=dst-jpg_e35_tt6&_nc_cat=107&ig_cache_key=Mzk3MzE1NjQ3MjAzMzA0ODEyMg%3D%3D.3-ccb7-5&ccb=7-5&_nc_sid=58cdad&efg=eyJ2ZW5jb2RlX3RhZyI6IkNBUk9VU0VMX0lURU0ueHBpZHMuMTYzOC5zZHIucmVndWxhcl9waG90by5DMyJ9&_nc_ohc=_YSRXBR_xEAQ7kNvwEPyA0R&_nc_oc=Adod8FBZ1VIwdo7XMEeAFyY3M_eABxg3PxcIYc9Sokz5CWOsNdRGgwkbWB9mxmyi3mY&_nc_ad=z-m&_nc_cid=0&_nc_zt=23&_nc_ht=scontent-ams2-1.cdninstagram.com&_nc_gid=eaSov4kRguWIzndyEDFyGQ&_nc_ss=7a22e&oh=00_AQICQRsanDJxQLmHBBYmho3Rac6l9xK0buxZ-lp11p8Uww&oe=6A9A2815,https://www.instagram.com/p/DcjfMcbkgCV/
Super Compras Supermercado,Outros,Ponkan kg,5.99,29/08/2026,https://instagram.fmel16-1.fna.fbcdn.net/v/t51.82787-15/787666404_18192892456391764_5631571009347207340_n.jpg?stp=dst-jpg_e35_tt6&_nc_cat=107&ig_cache_key=Mzk3NDAxMjM2OTYxNzUwODE0Ng%3D%3D.3-ccb7-5&ccb=7-5&_nc_sid=58cdad&efg=eyJ2ZW5jb2RlX3RhZyI6IkNBUk9VU0VMX0lURU0ueHBpZHMuMTQ0MC5zZHIucmVndWxhcl9waG90by5DMyJ9&_nc_ohc=YdVhHFKNO3AQ7kNvwGFOvh9&_nc_oc=Adoz3sPeZfQyx-NJVo2CNkBXRXWSN8mZqMZ7kbZHRnhfaUDqwU7_-efp4JhbRQUrvE4&_nc_ad=z-m&_nc_cid=0&_nc_zt=23&_nc_ht=instagram.fmel16-1.fna&_nc_gid=0dsUxJDd5nGRr_VHaZPIKw&_nc_ss=7a22e&oh=00_AQKc5x6FtYbs8rhD4qlSSLaWCxV2Lq5SxXpP_DvRBWysLw&oe=6A9A1A1A,https://www.instagram.com/p/DcmhzwZjQj_/
Supermercado Tuiuiú,Outros,Morango,6.99,29/08/2026,https://instagram.fipn7-1.fna.fbcdn.net/v/t51.82787-15/787000798_18582375850067900_3149822714176268656_n.jpg?stp=dst-jpg_e35_tt6&_nc_cat=104&ig_cache_key=Mzk3NDQ1MDg0ODIzMTk0NjQwMg%3D%3D.3-ccb7-5&ccb=7-5&_nc_sid=58cdad&efg=eyJ2ZW5jb2RlX3RhZyI6IkZFRUQueHBpZHMuMTA4MC5zZHIucmVndWxhcl9waG90by5DMyJ9&_nc_ohc=8MpbsMibNhwQ7kNvwF-c4qq&_nc_oc=AdpEOPS3hb7wO_4_7ykKDbf1fiNbYWXeRp2-X8LL5nJ9AORd7IpwsI7NLbDhyfEvzx8&_nc_ad=z-m&_nc_cid=0&_nc_zt=23&_nc_ht=instagram.fipn7-1.fna&_nc_gid=NjYhjFOUJpwqHQ1lvV3guw&_nc_ss=7a22e&oh=00_AQK6bYE2Icr3mtC1zID0nlOvK4gUEXowlR3Db5f6a3hvAA&oe=6A99F88C,https://www.instagram.com/p/DcoFf0qHXii/
Supermercado São Pedro,Outros,Cabaré Ice 275ml,6.99,28/08/2026,https://instagram.fmel12-1.fna.fbcdn.net/v/t51.82787-15/787853786_18195711469382122_4084613579796731411_n.jpg?stp=dst-jpg_e35_tt6&_nc_cat=101&ig_cache_key=Mzk3MzY3MjU2ODk4MzkzOTE2MQ%3D%3D.3-ccb7-5&ccb=7-5&_nc_sid=58cdad&efg=eyJ2ZW5jb2RlX3RhZyI6IkNBUk9VU0VMX0lURU0ueHBpZHMuMTA4MS5zZHIucmVndWxhcl9waG90by5DMyJ9&_nc_ohc=YRh7I8l8B0QQ7kNvwGdAJcX&_nc_oc=AdpPFrFVFOOLfktOFO-uBxNDS-W6HHpojk5Touou58S8jINtkZ1DNVomemzZYPg0FWdBLUkWaXwQ37rxr4WQSkGd&_nc_ad=z-m&_nc_cid=1032&_nc_zt=23&_nc_ht=instagram.fmel12-1.fna&_nc_gid=BrePjm_PQQaChn7TWqupaw&_nc_ss=7a22e&oh=00_AQIuOgNtKauL6mK0H-Z9C3rwj8WiGGPEmV8rOHCE4knopQ&oe=6A9A0007,https://www.instagram.com/p/DclUqI1G7TG/
Supermercado São Pedro,Outros,Cachorro Quente,6.99,28/08/2026,https://instagram.fmel12-1.fna.fbcdn.net/v/t51.82787-15/785599572_18195711460382122_5575322653184498920_n.jpg?stp=dst-jpg_e35_tt6&_nc_cat=109&ig_cache_key=Mzk3MzY3MjU2OTQ3ODkxNjI0Mw%3D%3D.3-ccb7-5&ccb=7-5&_nc_sid=58cdad&efg=eyJ2ZW5jb2RlX3RhZyI6IkNBUk9VU0VMX0lURU0ueHBpZHMuMTA4MS5zZHIucmVndWxhcl9waG90by5DMyJ9&_nc_ohc=GqsGB5UTShAQ7kNvwEoHHUX&_nc_oc=AdpoOuyzgWbLFG5aXUM4eF0GZxLmoubxopdoTjvLBTvvWnuvUCavvSdHA2isuUsrBUF8XxYvJrF8gg32pEHZ_Z5P&_nc_ad=z-m&_nc_cid=1032&_nc_zt=23&_nc_ht=instagram.fmel12-1.fna&_nc_gid=BrePjm_PQQaChn7TWqupaw&_nc_ss=7a22e&oh=00_AQJHmyGRL2X0V2sY6VbWVVmP7Lcyaw8FvNslm7KfNJwUNw&oe=6A9A1D52,https://www.instagram.com/p/DclUqI1G7TG/
Machadão Atacadista,Outros,Toalha de Papel Mili Gran Chef 200un,7.49,27/08/2026,https://scontent-ams2-1.cdninstagram.com/v/t39.30808-6/786779086_1360550472831577_8028710268323392841_n.jpg?stp=dst-jpg_e35_tt6&_nc_cat=100&ig_cache_key=Mzk3MzE1NjQ3MjI0MjcxMDI2OQ%3D%3D.3-ccb7-5&ccb=7-5&_nc_sid=58cdad&efg=eyJ2ZW5jb2RlX3RhZyI6IkNBUk9VU0VMX0lURU0ueHBpZHMuMTYzOC5zZHIucmVndWxhcl9waG90by5DMyJ9&_nc_ohc=WKCTmqyswmsQ7kNvwEaT0qb&_nc_oc=AdoESSuIi24al2MbVha01D5uveiXrRKzs-lQ1FHAWnNbZsbtHYYeFSHrV-q5AR66GP4&_nc_ad=z-m&_nc_cid=0&_nc_zt=23&_nc_ht=scontent-ams2-1.cdninstagram.com&_nc_gid=eaSov4kRguWIzndyEDFyGQ&_nc_ss=7a22e&oh=00_AQLhWf_PUniAqLhun79EXhJAomIzs-bwTnc5lqN_vQv_Ew&oe=6A99F9EF,https://www.instagram.com/p/DcjfMcbkgCV/
Machadão Atacadista,Outros,Toalha de Papel Mili Gran Chef 200un,7.49,27/08/2026,https://scontent-ams2-1.cdninstagram.com/v/t39.30808-6/786141071_1360550506164907_1343288441209680541_n.jpg?stp=dst-jpg_e35_tt6&_nc_cat=100&ig_cache_key=Mzk3MzE1NjQ3MjAxNjIzNDQ4NA%3D%3D.3-ccb7-5&ccb=7-5&_nc_sid=58cdad&efg=eyJ2ZW5jb2RlX3RhZyI6IkNBUk9VU0VMX0lURU0ueHBpZHMuMTYzOC5zZHIucmVndWxhcl9waG90by5DMyJ9&_nc_ohc=rAfVUo0mg-MQ7kNvwE8KbMG&_nc_oc=AdoB8HYZuZu7FtPAN9JTpSxBSWew2FQqiHsdwKv5ppZhv3g8wxALwdL4pdG5PmzvFUI&_nc_ad=z-m&_nc_cid=0&_nc_zt=23&_nc_ht=scontent-ams2-1.cdninstagram.com&_nc_gid=eaSov4kRguWIzndyEDFyGQ&_nc_ss=7a22e&oh=00_AQKBJ-rltlhoMOCiwlDggrwJqp00mhv-RCqi51TbteRoiQ&oe=6A9A06F9,https://www.instagram.com/p/DcjfMcbkgCV/
Supermercado São Pedro,Outros,Morango Mape 250g,7.99,28/08/2026,https://instagram.fmel12-1.fna.fbcdn.net/v/t51.82787-15/785599572_18195711460382122_5575322653184498920_n.jpg?stp=dst-jpg_e35_tt6&_nc_cat=109&ig_cache_key=Mzk3MzY3MjU2OTQ3ODkxNjI0Mw%3D%3D.3-ccb7-5&ccb=7-5&_nc_sid=58cdad&efg=eyJ2ZW5jb2RlX3RhZyI6IkNBUk9VU0VMX0lURU0ueHBpZHMuMTA4MS5zZHIucmVndWxhcl9waG90by5DMyJ9&_nc_ohc=GqsGB5UTShAQ7kNvwEoHHUX&_nc_oc=AdpoOuyzgWbLFG5aXUM4eF0GZxLmoubxopdoTjvLBTvvWnuvUCavvSdHA2isuUsrBUF8XxYvJrF8gg32pEHZ_Z5P&_nc_ad=z-m&_nc_cid=1032&_nc_zt=23&_nc_ht=instagram.fmel12-1.fna&_nc_gid=BrePjm_PQQaChn7TWqupaw&_nc_ss=7a22e&oh=00_AQJHmyGRL2X0V2sY6VbWVVmP7Lcyaw8FvNslm7KfNJwUNw&oe=6A9A1D52,https://www.instagram.com/p/DclUqI1G7TG/
Machadão Atacadista,Outros,Álcool em Gel Start Fogogel 460g,9.98,29/08/2026,https://instagram.fktw4-1.fna.fbcdn.net/v/t39.30808-6/788037845_1361504496069508_5961206056822063683_n.jpg?stp=dst-jpg_e35_tt6&_nc_cat=109&ig_cache_key=Mzk3NDAzNDk3MDYxNjE1OTA4NA%3D%3D.3-ccb7-5&ccb=7-5&_nc_sid=58cdad&efg=eyJ2ZW5jb2RlX3RhZyI6IkNBUk9VU0VMX0lURU0ueHBpZHMuMTYzOC5zZHIucmVndWxhcl9waG90by5DMyJ9&_nc_ohc=dkxjjGVbnS4Q7kNvwFadzFa&_nc_oc=AdqEAGU0KR5QSbEQbKQJTDugt7MnwEaUwJwR1PqkKXY6eXhNo2801H3dwVf8D0sCza0&_nc_ad=z-m&_nc_cid=0&_nc_zt=23&_nc_ht=instagram.fktw4-1.fna&_nc_gid=U3FqkMLv5y-ALyQYkbt5Mw&_nc_ss=7a22e&oh=00_AQLPML3ubnmRpXTxeRoksRCE1oOlsTiB_55oh1OxX0qC1g&oe=6A9A2B4A,https://www.instagram.com/p/Dcmm8QNDi4E/
Machadão Atacadista,Outros,Pepino em Conserva Pinduca 300g,10.99,27/08/2026,https://scontent-ams2-1.cdninstagram.com/v/t39.30808-6/787104328_1360550532831571_2281243341389434448_n.jpg?stp=dst-jpg_e35_tt6&_nc_cat=100&ig_cache_key=Mzk3MzE1NjQ3MTc1NjIxMzA2MQ%3D%3D.3-ccb7-5&ccb=7-5&_nc_sid=58cdad&efg=eyJ2ZW5jb2RlX3RhZyI6IkNBUk9VU0VMX0lURU0ueHBpZHMuMTYzOC5zZHIucmVndWxhcl9waG90by5DMyJ9&_nc_ohc=BsEfA1wdsJMQ7kNvwHgpmPZ&_nc_oc=Adq7h13PKXcAqcN4z7fv7REkzV8Zvc0JgloU8TzdMiZVa9SY2_bMxHz6Ah1i3WW-uS4&_nc_ad=z-m&_nc_cid=0&_nc_zt=23&_nc_ht=scontent-ams2-1.cdninstagram.com&_nc_gid=eaSov4kRguWIzndyEDFyGQ&_nc_ss=7a22e&oh=00_AQJs5Ai3x4B6qHdlmHaLjuJg94KI2i896bcpUhDA7wi6jw&oe=6A9A2C50,https://www.instagram.com/p/DcjfMcbkgCV/
Machadão Atacadista,Outros,Pepino em Conserva Pinduca 300g,10.99,27/08/2026,https://scontent-ams2-1.cdninstagram.com/v/t39.30808-6/787798079_1360550486164909_1488167338527184913_n.jpg?stp=dst-jpg_e35_tt6&_nc_cat=107&ig_cache_key=Mzk3MzE1NjQ3MjAzMzA0ODEyMg%3D%3D.3-ccb7-5&ccb=7-5&_nc_sid=58cdad&efg=eyJ2ZW5jb2RlX3RhZyI6IkNBUk9VU0VMX0lURU0ueHBpZHMuMTYzOC5zZHIucmVndWxhcl9waG90by5DMyJ9&_nc_ohc=_YSRXBR_xEAQ7kNvwEPyA0R&_nc_oc=Adod8FBZ1VIwdo7XMEeAFyY3M_eABxg3PxcIYc9Sokz5CWOsNdRGgwkbWB9mxmyi3mY&_nc_ad=z-m&_nc_cid=0&_nc_zt=23&_nc_ht=scontent-ams2-1.cdninstagram.com&_nc_gid=eaSov4kRguWIzndyEDFyGQ&_nc_ss=7a22e&oh=00_AQICQRsanDJxQLmHBBYmho3Rac6l9xK0buxZ-lp11p8Uww&oe=6A9A2815,https://www.instagram.com/p/DcjfMcbkgCV/
Bom Jesus Primavera do Leste 🛒,Outros,Fígado Bovino kg,12.99,26/08/2026,https://instagram.fbrs5-1.fna.fbcdn.net/v/t51.82787-15/786837850_18374533663237813_2968687181146751427_n.jpg?stp=dst-jpg_e35_tt6&_nc_cat=100&ig_cache_key=Mzk3MjE2ODE2MTY3MzMwMjgxMg%3D%3D.3-ccb7-5&ccb=7-5&_nc_sid=58cdad&efg=eyJ2ZW5jb2RlX3RhZyI6IkNBUk9VU0VMX0lURU0ueHBpZHMuMTA4MC5zZHIucmVndWxhcl9waG90by5DMyJ9&_nc_ohc=SYZyJZ31VbUQ7kNvwFBsR-U&_nc_oc=AdoHZbQ476cMGVABL7UZpf1dksba14W9_igLNbUjpRPQLM6S_mqdXvnrZo4TQlvcwRuJjOPhyf4DjcIIMYH5Bvuv&_nc_ad=z-m&_nc_cid=0&_nc_zt=23&_nc_ht=instagram.fbrs5-1.fna&_nc_gid=FVVvNVZhEOJqV9RXmJt1bQ&_nc_ss=7a22e&oh=00_AQKOljRMVIyz6gHSwS70LdbltEhxw_eEYW-9Qg5VWvHViQ&oe=6A9A2D0B,https://www.instagram.com/p/Dcf-fgoloPJ/
Bom Jesus Primavera do Leste 🛒,Outros,Mocotó Bovino kg,12.99,26/08/2026,https://instagram.fbrs5-1.fna.fbcdn.net/v/t51.82787-15/786837850_18374533663237813_2968687181146751427_n.jpg?stp=dst-jpg_e35_tt6&_nc_cat=100&ig_cache_key=Mzk3MjE2ODE2MTY3MzMwMjgxMg%3D%3D.3-ccb7-5&ccb=7-5&_nc_sid=58cdad&efg=eyJ2ZW5jb2RlX3RhZyI6IkNBUk9VU0VMX0lURU0ueHBpZHMuMTA4MC5zZHIucmVndWxhcl9waG90by5DMyJ9&_nc_ohc=SYZyJZ31VbUQ7kNvwFBsR-U&_nc_oc=AdoHZbQ476cMGVABL7UZpf1dksba14W9_igLNbUjpRPQLM6S_mqdXvnrZo4TQlvcwRuJjOPhyf4DjcIIMYH5Bvuv&_nc_ad=z-m&_nc_cid=0&_nc_zt=23&_nc_ht=instagram.fbrs5-1.fna&_nc_gid=FVVvNVZhEOJqV9RXmJt1bQ&_nc_ss=7a22e&oh=00_AQKOljRMVIyz6gHSwS70LdbltEhxw_eEYW-9Qg5VWvHViQ&oe=6A9A2D0B,https://www.instagram.com/p/Dcf-fgoloPJ/
Machadão Atacadista,Outros,Raiz Amarga Paratudo 900ml,14.49,27/08/2026,https://scontent-ams2-1.cdninstagram.com/v/t39.30808-6/787104328_1360550532831571_2281243341389434448_n.jpg?stp=dst-jpg_e35_tt6&_nc_cat=100&ig_cache_key=Mzk3MzE1NjQ3MTc1NjIxMzA2MQ%3D%3D.3-ccb7-5&ccb=7-5&_nc_sid=58cdad&efg=eyJ2ZW5jb2RlX3RhZyI6IkNBUk9VU0VMX0lURU0ueHBpZHMuMTYzOC5zZHIucmVndWxhcl9waG90by5DMyJ9&_nc_ohc=BsEfA1wdsJMQ7kNvwHgpmPZ&_nc_oc=Adq7h13PKXcAqcN4z7fv7REkzV8Zvc0JgloU8TzdMiZVa9SY2_bMxHz6Ah1i3WW-uS4&_nc_ad=z-m&_nc_cid=0&_nc_zt=23&_nc_ht=scontent-ams2-1.cdninstagram.com&_nc_gid=eaSov4kRguWIzndyEDFyGQ&_nc_ss=7a22e&oh=00_AQJs5Ai3x4B6qHdlmHaLjuJg94KI2i896bcpUhDA7wi6jw&oe=6A9A2C50,https://www.instagram.com/p/DcjfMcbkgCV/
Machadão Atacadista,Outros,Raiz Amarga Paratudo 900ml,14.49,27/08/2026,https://scontent-ams2-1.cdninstagram.com/v/t39.30808-6/787798079_1360550486164909_1488167338527184913_n.jpg?stp=dst-jpg_e35_tt6&_nc_cat=107&ig_cache_key=Mzk3MzE1NjQ3MjAzMzA0ODEyMg%3D%3D.3-ccb7-5&ccb=7-5&_nc_sid=58cdad&efg=eyJ2ZW5jb2RlX3RhZyI6IkNBUk9VU0VMX0lURU0ueHBpZHMuMTYzOC5zZHIucmVndWxhcl9waG90by5DMyJ9&_nc_ohc=_YSRXBR_xEAQ7kNvwEPyA0R&_nc_oc=Adod8FBZ1VIwdo7XMEeAFyY3M_eABxg3PxcIYc9Sokz5CWOsNdRGgwkbWB9mxmyi3mY&_nc_ad=z-m&_nc_cid=0&_nc_zt=23&_nc_ht=scontent-ams2-1.cdninstagram.com&_nc_gid=eaSov4kRguWIzndyEDFyGQ&_nc_ss=7a22e&oh=00_AQICQRsanDJxQLmHBBYmho3Rac6l9xK0buxZ-lp11p8Uww&oe=6A9A2815,https://www.instagram.com/p/DcjfMcbkgCV/
Machadão Atacadista,Outros,Rodo Para Pia Esfrebom Bettanin,15.9,27/08/2026,https://scontent-ams2-1.cdninstagram.com/v/t39.30808-6/786779086_1360550472831577_8028710268323392841_n.jpg?stp=dst-jpg_e35_tt6&_nc_cat=100&ig_cache_key=Mzk3MzE1NjQ3MjI0MjcxMDI2OQ%3D%3D.3-ccb7-5&ccb=7-5&_nc_sid=58cdad&efg=eyJ2ZW5jb2RlX3RhZyI6IkNBUk9VU0VMX0lURU0ueHBpZHMuMTYzOC5zZHIucmVndWxhcl9waG90by5DMyJ9&_nc_ohc=WKCTmqyswmsQ7kNvwEaT0qb&_nc_oc=AdoESSuIi24al2MbVha01D5uveiXrRKzs-lQ1FHAWnNbZsbtHYYeFSHrV-q5AR66GP4&_nc_ad=z-m&_nc_cid=0&_nc_zt=23&_nc_ht=scontent-ams2-1.cdninstagram.com&_nc_gid=eaSov4kRguWIzndyEDFyGQ&_nc_ss=7a22e&oh=00_AQLhWf_PUniAqLhun79EXhJAomIzs-bwTnc5lqN_vQv_Ew&oe=6A99F9EF,https://www.instagram.com/p/DcjfMcbkgCV/
Machadão Atacadista,Outros,Rodo Para Pia Esfrebom Bettanin,15.9,27/08/2026,https://scontent-ams2-1.cdninstagram.com/v/t39.30808-6/786141071_1360550506164907_1343288441209680541_n.jpg?stp=dst-jpg_e35_tt6&_nc_cat=100&ig_cache_key=Mzk3MzE1NjQ3MjAxNjIzNDQ4NA%3D%3D.3-ccb7-5&ccb=7-5&_nc_sid=58cdad&efg=eyJ2ZW5jb2RlX3RhZyI6IkNBUk9VU0VMX0lURU0ueHBpZHMuMTYzOC5zZHIucmVndWxhcl9waG90by5DMyJ9&_nc_ohc=rAfVUo0mg-MQ7kNvwE8KbMG&_nc_oc=AdoB8HYZuZu7FtPAN9JTpSxBSWew2FQqiHsdwKv5ppZhv3g8wxALwdL4pdG5PmzvFUI&_nc_ad=z-m&_nc_cid=0&_nc_zt=23&_nc_ht=scontent-ams2-1.cdninstagram.com&_nc_gid=eaSov4kRguWIzndyEDFyGQ&_nc_ss=7a22e&oh=00_AQKBJ-rltlhoMOCiwlDggrwJqp00mhv-RCqi51TbteRoiQ&oe=6A9A06F9,https://www.instagram.com/p/DcjfMcbkgCV/
Super Compras Supermercado,Outros,Salgadinho Doritos Elma Chips 183g,15.99,28/08/2026,https://instagram.fgrq1-2.fna.fbcdn.net/v/t51.82787-15/778381296_18192777073391764_3495327765482658959_n.jpg?stp=dst-jpg_e35_tt6&_nc_cat=108&ig_cache_key=Mzk3MzI5MDk1OTA3NzU1MjQ2OA%3D%3D.3-ccb7-5&ccb=7-5&_nc_sid=58cdad&efg=eyJ2ZW5jb2RlX3RhZyI6IkZFRUQueHBpZHMuMTQ0MC5zZHIucmVndWxhcl9waG90by5DMyJ9&_nc_ohc=2HLQR4PBfsgQ7kNvwELeAkY&_nc_oc=AdpsbBFyYCKsOTyqaCboJLZYOlz31xbeqM_kqsicam7NUB4FxCNirYkQZ6gRU0ARUYI&_nc_ad=z-m&_nc_cid=1207&_nc_zt=23&_nc_ht=instagram.fgrq1-2.fna&_nc_gid=EoLIJCkIsXrOLQBQ_KaqLA&_nc_ss=7a22e&oh=00_AQJHFVOp08jAnYsul3AU7IIeLd8d2ofr4OlyRGukBY0Vpw&oe=6A9A2A96,https://www.instagram.com/p/Dcj9xNtFrFU/
Machadão Atacadista,Outros,Caixa Organizadora com Tampa Pleion Bioprátika 8L,18.9,27/08/2026,https://scontent-ams2-1.cdninstagram.com/v/t39.30808-6/786779086_1360550472831577_8028710268323392841_n.jpg?stp=dst-jpg_e35_tt6&_nc_cat=100&ig_cache_key=Mzk3MzE1NjQ3MjI0MjcxMDI2OQ%3D%3D.3-ccb7-5&ccb=7-5&_nc_sid=58cdad&efg=eyJ2ZW5jb2RlX3RhZyI6IkNBUk9VU0VMX0lURU0ueHBpZHMuMTYzOC5zZHIucmVndWxhcl9waG90by5DMyJ9&_nc_ohc=WKCTmqyswmsQ7kNvwEaT0qb&_nc_oc=AdoESSuIi24al2MbVha01D5uveiXrRKzs-lQ1FHAWnNbZsbtHYYeFSHrV-q5AR66GP4&_nc_ad=z-m&_nc_cid=0&_nc_zt=23&_nc_ht=scontent-ams2-1.cdninstagram.com&_nc_gid=eaSov4kRguWIzndyEDFyGQ&_nc_ss=7a22e&oh=00_AQLhWf_PUniAqLhun79EXhJAomIzs-bwTnc5lqN_vQv_Ew&oe=6A99F9EF,https://www.instagram.com/p/DcjfMcbkgCV/
Machadão Atacadista,Outros,Caixa Organizadora com Tampa Pleion Bioprátika 8L,18.9,27/08/2026,https://scontent-ams2-1.cdninstagram.com/v/t39.30808-6/786141071_1360550506164907_1343288441209680541_n.jpg?stp=dst-jpg_e35_tt6&_nc_cat=100&ig_cache_key=Mzk3MzE1NjQ3MjAxNjIzNDQ4NA%3D%3D.3-ccb7-5&ccb=7-5&_nc_sid=58cdad&efg=eyJ2ZW5jb2RlX3RhZyI6IkNBUk9VU0VMX0lURU0ueHBpZHMuMTYzOC5zZHIucmVndWxhcl9waG90by5DMyJ9&_nc_ohc=rAfVUo0mg-MQ7kNvwE8KbMG&_nc_oc=AdoB8HYZuZu7FtPAN9JTpSxBSWew2FQqiHsdwKv5ppZhv3g8wxALwdL4pdG5PmzvFUI&_nc_ad=z-m&_nc_cid=0&_nc_zt=23&_nc_ht=scontent-ams2-1.cdninstagram.com&_nc_gid=eaSov4kRguWIzndyEDFyGQ&_nc_ss=7a22e&oh=00_AQKBJ-rltlhoMOCiwlDggrwJqp00mhv-RCqi51TbteRoiQ&oe=6A9A06F9,https://www.instagram.com/p/DcjfMcbkgCV/
Bom Jesus Primavera do Leste 🛒,Outros,Gel Fixador Bozzano 300g,18.99,27/08/2026,https://scontent-fra3-1.cdninstagram.com/v/t51.82787-15/787993259_18374687005237813_4471412213431393234_n.jpg?stp=dst-jpg_e35_tt6&_nc_cat=103&ig_cache_key=Mzk3Mjk0NzA1MzQ4MTkxNTUyNQ%3D%3D.3-ccb7-5&ccb=7-5&_nc_sid=58cdad&efg=eyJ2ZW5jb2RlX3RhZyI6IkZFRUQueHBpZHMuMTM1MC5zZHIucmVndWxhcl9waG90by5DMyJ9&_nc_ohc=wXQuivYivwoQ7kNvwGqhBw9&_nc_oc=AdptQ5Ne8StUUqEKOJ7pFZaObcB-O8eXJgJlZpKLJuhIAZTFXSQGzsSb3LGYRveb9Wo&_nc_ad=z-m&_nc_cid=0&_nc_zt=23&_nc_ht=scontent-fra3-1.cdninstagram.com&_nc_gid=LtGElKp89Sdbjkf-yI3g1Q&_nc_ss=7a22e&oh=00_AQIfP27gbFFkftCKyKyh3HkxXSwJLHwcHGi0vYzfKwJ5ng&oe=6A9A052E,https://www.instagram.com/p/DcivkuqOXSF/
Supermercado Tuiuiú,Outros,Carvão Paraná 5kg,19.99,28/08/2026,https://instagram.fbne11-1.fna.fbcdn.net/v/t39.30808-6/788141803_1720016743465477_9146230528598203595_n.jpg?stp=dst-jpg_e35_tt6&_nc_cat=108&ig_cache_key=Mzk3MzM0Mjg3ODE5NDkyODIxMw%3D%3D.3-ccb7-5&ccb=7-5&_nc_sid=58cdad&efg=eyJ2ZW5jb2RlX3RhZyI6IkNBUk9VU0VMX0lURU0ueHBpZHMuMTI1NC5zZHIucmVndWxhcl9waG90by5DMyJ9&_nc_ohc=zal2Q-KNBSMQ7kNvwFEnIhq&_nc_oc=Adrkfv2YGcyu2xaOP65v-JrKEdNjivZTyvEojFi1mNmXgsWPIn1Qhm5aJ6bAm9GfvuAx43Um3NUNMk-QcEp5UVfP&_nc_ad=z-m&_nc_cid=0&_nc_zt=23&_nc_ht=instagram.fbne11-1.fna&_nc_gid=TyXdyDMvXWTfqtmX-TW3yw&_nc_ss=7a22e&oh=00_AQLpayq7B4F-YO9vce0BVkQiT1cHfjmp4PQJDri5Lse1LA&oe=6A9A2CB6,https://www.instagram.com/p/DckJlYyI3Tu/
Supermercado Tuiuiú,Outros,Carvão do Vale 5kg,21.99,29/08/2026,https://scontent-yyz1-1.cdninstagram.com/v/t51.82787-15/788550438_18582509053067900_6263948761205084851_n.jpg?stp=dst-jpg_e35_tt6&_nc_cat=100&ig_cache_key=Mzk3NDc1NDg5NDQxOTI5Mzg5Nw%3D%3D.3-ccb7-5&ccb=7-5&_nc_sid=58cdad&efg=eyJ2ZW5jb2RlX3RhZyI6IkNBUk9VU0VMX0lURU0ueHBpZHMuMTA4MC5zZHIucmVndWxhcl9waG90by5DMyJ9&_nc_ohc=jNbyy_j-UyYQ7kNvwFxVZvr&_nc_oc=Adqve5A0yil5kMu_s3-Rkucmv55I_b0YozU6M2DkAcpLbor9he0-GnwE37_CmEwjzEg&_nc_ad=z-m&_nc_cid=0&_nc_zt=23&_nc_ht=scontent-yyz1-1.cdninstagram.com&_nc_gid=7I6Za5YvWkMTEeME03vltA&_nc_ss=7a22e&oh=00_AQLZm-M14TeJksz-waygaZirMQVSuZXIRUaFjJapoS1UBA&oe=6A99F808,https://www.instagram.com/p/DcpKopsjwHG/
Supermercado São Pedro,Outros,Cuca Recheada kg,23.49,28/08/2026,https://instagram.fmel12-1.fna.fbcdn.net/v/t51.82787-15/785599572_18195711460382122_5575322653184498920_n.jpg?stp=dst-jpg_e35_tt6&_nc_cat=109&ig_cache_key=Mzk3MzY3MjU2OTQ3ODkxNjI0Mw%3D%3D.3-ccb7-5&ccb=7-5&_nc_sid=58cdad&efg=eyJ2ZW5jb2RlX3RhZyI6IkNBUk9VU0VMX0lURU0ueHBpZHMuMTA4MS5zZHIucmVndWxhcl9waG90by5DMyJ9&_nc_ohc=GqsGB5UTShAQ7kNvwEoHHUX&_nc_oc=AdpoOuyzgWbLFG5aXUM4eF0GZxLmoubxopdoTjvLBTvvWnuvUCavvSdHA2isuUsrBUF8XxYvJrF8gg32pEHZ_Z5P&_nc_ad=z-m&_nc_cid=1032&_nc_zt=23&_nc_ht=instagram.fmel12-1.fna&_nc_gid=BrePjm_PQQaChn7TWqupaw&_nc_ss=7a22e&oh=00_AQJHmyGRL2X0V2sY6VbWVVmP7Lcyaw8FvNslm7KfNJwUNw&oe=6A9A1D52,https://www.instagram.com/p/DclUqI1G7TG/
Supermercado Tuiuiú,Outros,Ponta de Peito com Osso kg,23.99,28/08/2026,https://instagram.fbne11-1.fna.fbcdn.net/v/t39.30808-6/784321179_1720016750132143_1243001508239248716_n.jpg?stp=dst-jpg_e35_tt6&_nc_cat=109&ig_cache_key=Mzk3MzM0Mjg4MDE3NDY4MTI1NA%3D%3D.3-ccb7-5&ccb=7-5&_nc_sid=58cdad&efg=eyJ2ZW5jb2RlX3RhZyI6IkNBUk9VU0VMX0lURU0ueHBpZHMuMTI1NC5zZHIucmVndWxhcl9waG90by5DMyJ9&_nc_ohc=COO3PN8U09oQ7kNvwFUXr8U&_nc_oc=Adr-KFyQiyM8Dw3ENpWqnwn0TYRCGB92UKHPCPeYJrBvRy6qbuVUvgxqd12hk3_UV85OCSbtigT8z70Cf83RhwpL&_nc_ad=z-m&_nc_cid=0&_nc_zt=23&_nc_ht=instagram.fbne11-1.fna&_nc_gid=TyXdyDMvXWTfqtmX-TW3yw&_nc_ss=7a22e&oh=00_AQKc6xAxptYqHZIGqr1K2ft7fd0CiIrS_8Tzq0jv4xidNQ&oe=6A9A1CD9,https://www.instagram.com/p/DckJlYyI3Tu/
Supermercado São Pedro,Outros,Rosca Doce kg,23.99,28/08/2026,https://instagram.fmel12-1.fna.fbcdn.net/v/t51.82787-15/785599572_18195711460382122_5575322653184498920_n.jpg?stp=dst-jpg_e35_tt6&_nc_cat=109&ig_cache_key=Mzk3MzY3MjU2OTQ3ODkxNjI0Mw%3D%3D.3-ccb7-5&ccb=7-5&_nc_sid=58cdad&efg=eyJ2ZW5jb2RlX3RhZyI6IkNBUk9VU0VMX0lURU0ueHBpZHMuMTA4MS5zZHIucmVndWxhcl9waG90by5DMyJ9&_nc_ohc=GqsGB5UTShAQ7kNvwEoHHUX&_nc_oc=AdpoOuyzgWbLFG5aXUM4eF0GZxLmoubxopdoTjvLBTvvWnuvUCavvSdHA2isuUsrBUF8XxYvJrF8gg32pEHZ_Z5P&_nc_ad=z-m&_nc_cid=1032&_nc_zt=23&_nc_ht=instagram.fmel12-1.fna&_nc_gid=BrePjm_PQQaChn7TWqupaw&_nc_ss=7a22e&oh=00_AQJHmyGRL2X0V2sY6VbWVVmP7Lcyaw8FvNslm7KfNJwUNw&oe=6A9A1D52,https://www.instagram.com/p/DclUqI1G7TG/
Supermercado São Pedro,Outros,Músculo com Osso kg,24.48,25/08/2026,https://instagram.fmad6-1.fna.fbcdn.net/v/t39.30808-6/784428542_1503489418490841_697405957732902936_n.jpg?stp=dst-jpg_e35_tt6&_nc_cat=102&ig_cache_key=Mzk3MTgyNzk2NDE0ODc5MzU5NA%3D%3D.3-ccb7-5&ccb=7-5&_nc_sid=58cdad&efg=eyJ2ZW5jb2RlX3RhZyI6IkZFRUQueHBpZHMuMTYzOS5zZHIucmVndWxhcl9waG90by5DMyJ9&_nc_ohc=lahhkTUGus0Q7kNvwGok1_K&_nc_oc=AdruUmerbphKsaT0DpGP650VqntklAHoZ4_JBCOUV0bostfw8Ooe805--PBTOnBaWZE&_nc_ad=z-m&_nc_cid=0&_nc_zt=23&_nc_ht=instagram.fmad6-1.fna&_nc_gid=3EvugEUbQg_IgG9ZnJ6UhA&_nc_ss=7a22e&oh=00_AQI3nbuJihyXSte-Cfm7gW86ucHEkHoLZIvadzKe3M5V4A&oe=6A9A1B3A,https://www.instagram.com/p/DcexH1gDUD6/
Machadão Atacadista,Outros,Ponta de Peito Bovino kg,26.9,29/08/2026,https://instagram.fktw4-1.fna.fbcdn.net/v/t39.30808-6/788037845_1361504496069508_5961206056822063683_n.jpg?stp=dst-jpg_e35_tt6&_nc_cat=109&ig_cache_key=Mzk3NDAzNDk3MDYxNjE1OTA4NA%3D%3D.3-ccb7-5&ccb=7-5&_nc_sid=58cdad&efg=eyJ2ZW5jb2RlX3RhZyI6IkNBUk9VU0VMX0lURU0ueHBpZHMuMTYzOC5zZHIucmVndWxhcl9waG90by5DMyJ9&_nc_ohc=dkxjjGVbnS4Q7kNvwFadzFa&_nc_oc=AdqEAGU0KR5QSbEQbKQJTDugt7MnwEaUwJwR1PqkKXY6eXhNo2801H3dwVf8D0sCza0&_nc_ad=z-m&_nc_cid=0&_nc_zt=23&_nc_ht=instagram.fktw4-1.fna&_nc_gid=U3FqkMLv5y-ALyQYkbt5Mw&_nc_ss=7a22e&oh=00_AQLPML3ubnmRpXTxeRoksRCE1oOlsTiB_55oh1OxX0qC1g&oe=6A9A2B4A,https://www.instagram.com/p/Dcmm8QNDi4E/
Machadão Atacadista,Outros,Mexilhão Iglu 400g,26.9,29/08/2026,https://instagram.fktw4-1.fna.fbcdn.net/v/t39.30808-6/788037845_1361504496069508_5961206056822063683_n.jpg?stp=dst-jpg_e35_tt6&_nc_cat=109&ig_cache_key=Mzk3NDAzNDk3MDYxNjE1OTA4NA%3D%3D.3-ccb7-5&ccb=7-5&_nc_sid=58cdad&efg=eyJ2ZW5jb2RlX3RhZyI6IkNBUk9VU0VMX0lURU0ueHBpZHMuMTYzOC5zZHIucmVndWxhcl9waG90by5DMyJ9&_nc_ohc=dkxjjGVbnS4Q7kNvwFadzFa&_nc_oc=AdqEAGU0KR5QSbEQbKQJTDugt7MnwEaUwJwR1PqkKXY6eXhNo2801H3dwVf8D0sCza0&_nc_ad=z-m&_nc_cid=0&_nc_zt=23&_nc_ht=instagram.fktw4-1.fna&_nc_gid=U3FqkMLv5y-ALyQYkbt5Mw&_nc_ss=7a22e&oh=00_AQLPML3ubnmRpXTxeRoksRCE1oOlsTiB_55oh1OxX0qC1g&oe=6A9A2B4A,https://www.instagram.com/p/Dcmm8QNDi4E/
Bom Jesus Primavera do Leste 🛒,Outros,Short Ribs e Shoulder Steak kg,31.99,26/08/2026,https://instagram.fbrs5-1.fna.fbcdn.net/v/t51.82787-15/786837850_18374533663237813_2968687181146751427_n.jpg?stp=dst-jpg_e35_tt6&_nc_cat=100&ig_cache_key=Mzk3MjE2ODE2MTY3MzMwMjgxMg%3D%3D.3-ccb7-5&ccb=7-5&_nc_sid=58cdad&efg=eyJ2ZW5jb2RlX3RhZyI6IkNBUk9VU0VMX0lURU0ueHBpZHMuMTA4MC5zZHIucmVndWxhcl9waG90by5DMyJ9&_nc_ohc=SYZyJZ31VbUQ7kNvwFBsR-U&_nc_oc=AdoHZbQ476cMGVABL7UZpf1dksba14W9_igLNbUjpRPQLM6S_mqdXvnrZo4TQlvcwRuJjOPhyf4DjcIIMYH5Bvuv&_nc_ad=z-m&_nc_cid=0&_nc_zt=23&_nc_ht=instagram.fbrs5-1.fna&_nc_gid=FVVvNVZhEOJqV9RXmJt1bQ&_nc_ss=7a22e&oh=00_AQKOljRMVIyz6gHSwS70LdbltEhxw_eEYW-9Qg5VWvHViQ&oe=6A9A2D0B,https://www.instagram.com/p/Dcf-fgoloPJ/
Bom Jesus Primavera do Leste 🛒,Outros,Creme Facial Garnier 85g,31.99,27/08/2026,https://scontent-fra3-1.cdninstagram.com/v/t51.82787-15/787993259_18374687005237813_4471412213431393234_n.jpg?stp=dst-jpg_e35_tt6&_nc_cat=103&ig_cache_key=Mzk3Mjk0NzA1MzQ4MTkxNTUyNQ%3D%3D.3-ccb7-5&ccb=7-5&_nc_sid=58cdad&efg=eyJ2ZW5jb2RlX3RhZyI6IkZFRUQueHBpZHMuMTM1MC5zZHIucmVndWxhcl9waG90by5DMyJ9&_nc_ohc=wXQuivYivwoQ7kNvwGqhBw9&_nc_oc=AdptQ5Ne8StUUqEKOJ7pFZaObcB-O8eXJgJlZpKLJuhIAZTFXSQGzsSb3LGYRveb9Wo&_nc_ad=z-m&_nc_cid=0&_nc_zt=23&_nc_ht=scontent-fra3-1.cdninstagram.com&_nc_gid=LtGElKp89Sdbjkf-yI3g1Q&_nc_ss=7a22e&oh=00_AQIfP27gbFFkftCKyKyh3HkxXSwJLHwcHGi0vYzfKwJ5ng&oe=6A9A052E,https://www.instagram.com/p/DcivkuqOXSF/
Bom Jesus Primavera do Leste 🛒,Outros,Capa de Contrafilé Sulbeef kg,32.99,26/08/2026,https://instagram.fbrs5-1.fna.fbcdn.net/v/t51.82787-15/786837850_18374533663237813_2968687181146751427_n.jpg?stp=dst-jpg_e35_tt6&_nc_cat=100&ig_cache_key=Mzk3MjE2ODE2MTY3MzMwMjgxMg%3D%3D.3-ccb7-5&ccb=7-5&_nc_sid=58cdad&efg=eyJ2ZW5jb2RlX3RhZyI6IkNBUk9VU0VMX0lURU0ueHBpZHMuMTA4MC5zZHIucmVndWxhcl9waG90by5DMyJ9&_nc_ohc=SYZyJZ31VbUQ7kNvwFBsR-U&_nc_oc=AdoHZbQ476cMGVABL7UZpf1dksba14W9_igLNbUjpRPQLM6S_mqdXvnrZo4TQlvcwRuJjOPhyf4DjcIIMYH5Bvuv&_nc_ad=z-m&_nc_cid=0&_nc_zt=23&_nc_ht=instagram.fbrs5-1.fna&_nc_gid=FVVvNVZhEOJqV9RXmJt1bQ&_nc_ss=7a22e&oh=00_AQKOljRMVIyz6gHSwS70LdbltEhxw_eEYW-9Qg5VWvHViQ&oe=6A9A2D0B,https://www.instagram.com/p/Dcf-fgoloPJ/
Bom Jesus Primavera do Leste 🛒,Outros,Capa de Contrafilé Sulbeef kg,32.99,28/08/2026,https://scontent-lhr11-1.cdninstagram.com/v/t51.82787-15/786853630_18374942971237813_3112147777905981087_n.jpg?stp=dst-jpg_e35_tt6&_nc_cat=107&ig_cache_key=Mzk3Mzk3Nzc3OTE1MzU1MzcyNQ%3D%3D.3-ccb7-5&ccb=7-5&_nc_sid=58cdad&efg=eyJ2ZW5jb2RlX3RhZyI6IkNBUk9VU0VMX0lURU0ueHBpZHMuMTA4MC5zZHIucmVndWxhcl9waG90by5DMyJ9&_nc_ohc=X2aB_pDnUvgQ7kNvwGJYCo1&_nc_oc=AdoY3nFRwspWxSa0r6nAzhmdb2IeHhn0GzEMt3R7bh7xfvUvBFtPvJ-N6RF9j6jliyB7YJsAKvj5O6IE4yCYDw16&_nc_ad=z-m&_nc_cid=0&_nc_zt=23&_nc_ht=scontent-lhr11-1.cdninstagram.com&_nc_gid=UC3DCxA2tHR5SHtq_3JTew&_nc_ss=7a22e&oh=00_AQKD_RQMWVlNJNpzp_tEs5ZeXVVFk9RInKTlJVMOBlyupg&oe=6A9A18E4,https://www.instagram.com/p/DcmZ8cDD400/
Machadão Atacadista,Outros,Carvão Brazah 4kg,33.9,29/08/2026,https://instagram.fktw4-1.fna.fbcdn.net/v/t39.30808-6/788037845_1361504496069508_5961206056822063683_n.jpg?stp=dst-jpg_e35_tt6&_nc_cat=109&ig_cache_key=Mzk3NDAzNDk3MDYxNjE1OTA4NA%3D%3D.3-ccb7-5&ccb=7-5&_nc_sid=58cdad&efg=eyJ2ZW5jb2RlX3RhZyI6IkNBUk9VU0VMX0lURU0ueHBpZHMuMTYzOC5zZHIucmVndWxhcl9waG90by5DMyJ9&_nc_ohc=dkxjjGVbnS4Q7kNvwFadzFa&_nc_oc=AdqEAGU0KR5QSbEQbKQJTDugt7MnwEaUwJwR1PqkKXY6eXhNo2801H3dwVf8D0sCza0&_nc_ad=z-m&_nc_cid=0&_nc_zt=23&_nc_ht=instagram.fktw4-1.fna&_nc_gid=U3FqkMLv5y-ALyQYkbt5Mw&_nc_ss=7a22e&oh=00_AQLPML3ubnmRpXTxeRoksRCE1oOlsTiB_55oh1OxX0qC1g&oe=6A9A2B4A,https://www.instagram.com/p/Dcmm8QNDi4E/
Supermercado São Pedro,Outros,Chipa kg,34.99,28/08/2026,https://instagram.fmel12-1.fna.fbcdn.net/v/t51.82787-15/785599572_18195711460382122_5575322653184498920_n.jpg?stp=dst-jpg_e35_tt6&_nc_cat=109&ig_cache_key=Mzk3MzY3MjU2OTQ3ODkxNjI0Mw%3D%3D.3-ccb7-5&ccb=7-5&_nc_sid=58cdad&efg=eyJ2ZW5jb2RlX3RhZyI6IkNBUk9VU0VMX0lURU0ueHBpZHMuMTA4MS5zZHIucmVndWxhcl9waG90by5DMyJ9&_nc_ohc=GqsGB5UTShAQ7kNvwEoHHUX&_nc_oc=AdpoOuyzgWbLFG5aXUM4eF0GZxLmoubxopdoTjvLBTvvWnuvUCavvSdHA2isuUsrBUF8XxYvJrF8gg32pEHZ_Z5P&_nc_ad=z-m&_nc_cid=1032&_nc_zt=23&_nc_ht=instagram.fmel12-1.fna&_nc_gid=BrePjm_PQQaChn7TWqupaw&_nc_ss=7a22e&oh=00_AQJHmyGRL2X0V2sY6VbWVVmP7Lcyaw8FvNslm7KfNJwUNw&oe=6A9A1D52,https://www.instagram.com/p/DclUqI1G7TG/
Super Compras Supermercado,Outros,Ponta de Peito Bovino kg,35.99,29/08/2026,https://instagram.fmel16-1.fna.fbcdn.net/v/t51.82787-15/787743920_18192892438391764_3005082908538598587_n.jpg?stp=dst-jpg_e35_tt6&_nc_cat=110&ig_cache_key=Mzk3NDAxMjMzNjQ5MTI3ODEzMg%3D%3D.3-ccb7-5&ccb=7-5&_nc_sid=58cdad&efg=eyJ2ZW5jb2RlX3RhZyI6IkNBUk9VU0VMX0lURU0ueHBpZHMuMTQ0MC5zZHIucmVndWxhcl9waG90by5DMyJ9&_nc_ohc=jo3tVs9LzLkQ7kNvwHsHub2&_nc_oc=AdrMyAysXN6oamvJE4SMujPVCMnhvU3LLhmWnyi1JM16qKwKknFF2mpc8Utu8e7vL3U&_nc_ad=z-m&_nc_cid=0&_nc_zt=23&_nc_ht=instagram.fmel16-1.fna&_nc_gid=0dsUxJDd5nGRr_VHaZPIKw&_nc_ss=7a22e&oh=00_AQLEnRR2_CeI0y9HiiZHKqzTSjOWgHlOYdrn-WxahO9FXw&oe=6A9A1EBB,https://www.instagram.com/p/DcmhzwZjQj_/
Supermercado São Pedro,Outros,Ponta de Peito Bovina kg,36.99,28/08/2026,https://instagram.fmel12-1.fna.fbcdn.net/v/t51.82787-15/787853786_18195711469382122_4084613579796731411_n.jpg?stp=dst-jpg_e35_tt6&_nc_cat=101&ig_cache_key=Mzk3MzY3MjU2ODk4MzkzOTE2MQ%3D%3D.3-ccb7-5&ccb=7-5&_nc_sid=58cdad&efg=eyJ2ZW5jb2RlX3RhZyI6IkNBUk9VU0VMX0lURU0ueHBpZHMuMTA4MS5zZHIucmVndWxhcl9waG90by5DMyJ9&_nc_ohc=YRh7I8l8B0QQ7kNvwGdAJcX&_nc_oc=AdpPFrFVFOOLfktOFO-uBxNDS-W6HHpojk5Touou58S8jINtkZ1DNVomemzZYPg0FWdBLUkWaXwQ37rxr4WQSkGd&_nc_ad=z-m&_nc_cid=1032&_nc_zt=23&_nc_ht=instagram.fmel12-1.fna&_nc_gid=BrePjm_PQQaChn7TWqupaw&_nc_ss=7a22e&oh=00_AQIuOgNtKauL6mK0H-Z9C3rwj8WiGGPEmV8rOHCE4knopQ&oe=6A9A0007,https://www.instagram.com/p/DclUqI1G7TG/
Machadão Atacadista,Outros,Capa de Filé Bovino Friboi kg,38.9,29/08/2026,https://instagram.fktw4-1.fna.fbcdn.net/v/t39.30808-6/788037845_1361504496069508_5961206056822063683_n.jpg?stp=dst-jpg_e35_tt6&_nc_cat=109&ig_cache_key=Mzk3NDAzNDk3MDYxNjE1OTA4NA%3D%3D.3-ccb7-5&ccb=7-5&_nc_sid=58cdad&efg=eyJ2ZW5jb2RlX3RhZyI6IkNBUk9VU0VMX0lURU0ueHBpZHMuMTYzOC5zZHIucmVndWxhcl9waG90by5DMyJ9&_nc_ohc=dkxjjGVbnS4Q7kNvwFadzFa&_nc_oc=AdqEAGU0KR5QSbEQbKQJTDugt7MnwEaUwJwR1PqkKXY6eXhNo2801H3dwVf8D0sCza0&_nc_ad=z-m&_nc_cid=0&_nc_zt=23&_nc_ht=instagram.fktw4-1.fna&_nc_gid=U3FqkMLv5y-ALyQYkbt5Mw&_nc_ss=7a22e&oh=00_AQLPML3ubnmRpXTxeRoksRCE1oOlsTiB_55oh1OxX0qC1g&oe=6A9A2B4A,https://www.instagram.com/p/Dcmm8QNDi4E/
Machadão Atacadista,Outros,Frigideira Wok Alumínio Tramontina Loreto 28cm,52.9,27/08/2026,https://scontent-ams2-1.cdninstagram.com/v/t39.30808-6/786779086_1360550472831577_8028710268323392841_n.jpg?stp=dst-jpg_e35_tt6&_nc_cat=100&ig_cache_key=Mzk3MzE1NjQ3MjI0MjcxMDI2OQ%3D%3D.3-ccb7-5&ccb=7-5&_nc_sid=58cdad&efg=eyJ2ZW5jb2RlX3RhZyI6IkNBUk9VU0VMX0lURU0ueHBpZHMuMTYzOC5zZHIucmVndWxhcl9waG90by5DMyJ9&_nc_ohc=WKCTmqyswmsQ7kNvwEaT0qb&_nc_oc=AdoESSuIi24al2MbVha01D5uveiXrRKzs-lQ1FHAWnNbZsbtHYYeFSHrV-q5AR66GP4&_nc_ad=z-m&_nc_cid=0&_nc_zt=23&_nc_ht=scontent-ams2-1.cdninstagram.com&_nc_gid=eaSov4kRguWIzndyEDFyGQ&_nc_ss=7a22e&oh=00_AQLhWf_PUniAqLhun79EXhJAomIzs-bwTnc5lqN_vQv_Ew&oe=6A99F9EF,https://www.instagram.com/p/DcjfMcbkgCV/
Machadão Atacadista,Outros,Frigideira Wok Alumínio Tramontina Loreto 28cm,52.9,27/08/2026,https://scontent-ams2-1.cdninstagram.com/v/t39.30808-6/786141071_1360550506164907_1343288441209680541_n.jpg?stp=dst-jpg_e35_tt6&_nc_cat=100&ig_cache_key=Mzk3MzE1NjQ3MjAxNjIzNDQ4NA%3D%3D.3-ccb7-5&ccb=7-5&_nc_sid=58cdad&efg=eyJ2ZW5jb2RlX3RhZyI6IkNBUk9VU0VMX0lURU0ueHBpZHMuMTYzOC5zZHIucmVndWxhcl9waG90by5DMyJ9&_nc_ohc=rAfVUo0mg-MQ7kNvwE8KbMG&_nc_oc=AdoB8HYZuZu7FtPAN9JTpSxBSWew2FQqiHsdwKv5ppZhv3g8wxALwdL4pdG5PmzvFUI&_nc_ad=z-m&_nc_cid=0&_nc_zt=23&_nc_ht=scontent-ams2-1.cdninstagram.com&_nc_gid=eaSov4kRguWIzndyEDFyGQ&_nc_ss=7a22e&oh=00_AQKBJ-rltlhoMOCiwlDggrwJqp00mhv-RCqi51TbteRoiQ&oe=6A9A06F9,https://www.instagram.com/p/DcjfMcbkgCV/
Supermercado Tuiuiú,Outros,Filé Mignon kg,54.99,29/08/2026,https://scontent-yyz1-1.cdninstagram.com/v/t51.82787-15/788493790_18582509032067900_5908567126790300069_n.jpg?stp=dst-jpg_e35_tt6&_nc_cat=109&ig_cache_key=Mzk3NDc1NDg1NzkyNzkxMjQwMQ%3D%3D.3-ccb7-5&ccb=7-5&_nc_sid=58cdad&efg=eyJ2ZW5jb2RlX3RhZyI6IkNBUk9VU0VMX0lURU0ueHBpZHMuMTA4MC5zZHIucmVndWxhcl9waG90by5DMyJ9&_nc_ohc=ZEEw91mmol0Q7kNvwH0RLXQ&_nc_oc=Ado6OgQODyfTTNaI8uTIkwIQRjfcUQNJ24Rte5Vum-x6P8CGrgk6-cbMBJG0xb1hb68&_nc_ad=z-m&_nc_cid=0&_nc_zt=23&_nc_ht=scontent-yyz1-1.cdninstagram.com&_nc_gid=7I6Za5YvWkMTEeME03vltA&_nc_ss=7a22e&oh=00_AQKxqU_Z5RtLNIdJb8EALxUkYrSmfuoEp2wh7XsHTFDl9g&oe=6A9A07F5,https://www.instagram.com/p/DcpKopsjwHG/
Supermercado São Pedro,Outros,Aperol 750ml,56.99,27/08/2026,https://scontent-waw2-2.cdninstagram.com/v/t39.30808-6/788413222_1505168981656218_2918311736305518854_n.jpg?stp=c0.0.1638.2047a_dst-jpg_e35_s1638x2047_tt6&_nc_cat=107&ig_cache_key=Mzk3MzI3Njk2ODIzODI0MjE0OA%3D%3D.3-ccb7-5&ccb=7-5&_nc_sid=58cdad&efg=eyJ2ZW5jb2RlX3RhZyI6IkNBUk9VU0VMX0lURU0ueHBpZHMuMTYzOC5zZHIucmVndWxhcl9waG90by5DMyJ9&_nc_ohc=6u-bXG9Z0hAQ7kNvwFia3XT&_nc_oc=AdrPTclBQpJ-r2eWbB0Ui1BseKmcAngj3-Lw1hOiFSAvUeHJY1e-hyuHTkdW47TSGLM&_nc_ad=z-m&_nc_cid=0&_nc_zt=23&_nc_ht=scontent-waw2-2.cdninstagram.com&_nc_gid=GU0bCad11P1ZuGVVY5hLEQ&_nc_ss=7a22e&oh=00_AQLxq_5PgANWM8UyQP0u8FTR4ZnMP8YITro_KYnHFFXW-Q&oe=6A9A1C20,https://www.instagram.com/p/Dcj6lyLlKpL/
Bom Jesus Primavera do Leste 🛒,Padaria / Congelados,Pão de Queijo Cuiabá 1kg,9.99,26/08/2026,https://instagram.fbrs5-1.fna.fbcdn.net/v/t51.82787-15/786656678_18374533654237813_1357775697752571265_n.jpg?stp=dst-jpg_e35_tt6&_nc_cat=102&ig_cache_key=Mzk3MjE2ODE2MTUzODk3MjI2NA%3D%3D.3-ccb7-5&ccb=7-5&_nc_sid=58cdad&efg=eyJ2ZW5jb2RlX3RhZyI6IkNBUk9VU0VMX0lURU0ueHBpZHMuMTA4MC5zZHIucmVndWxhcl9waG90by5DMyJ9&_nc_ohc=Mj0L67ZiF7MQ7kNvwH_0QMc&_nc_oc=Adr25tWLpP9ms5HeKFd95LTuA3CRs8ftuBGE37H4zcHX-mo3vbVmTJeWs0SDNJAn_1Oey4OrCvDThwxT8uU_3L_h&_nc_ad=z-m&_nc_cid=0&_nc_zt=23&_nc_ht=instagram.fbrs5-1.fna&_nc_gid=FVVvNVZhEOJqV9RXmJt1bQ&_nc_ss=7a22e&oh=00_AQIxeVAM4dq1BNphResA16TkSEqSHeaiNJYOfF08baaWXQ&oe=6A9A22E5,https://www.instagram.com/p/Dcf-fgoloPJ/
Bom Jesus Primavera do Leste 🛒,Padaria / Congelados,Pão de Queijo Cuiabá 1kg,9.99,28/08/2026,https://scontent-lhr11-1.cdninstagram.com/v/t51.82787-15/786853630_18374942971237813_3112147777905981087_n.jpg?stp=dst-jpg_e35_tt6&_nc_cat=107&ig_cache_key=Mzk3Mzk3Nzc3OTE1MzU1MzcyNQ%3D%3D.3-ccb7-5&ccb=7-5&_nc_sid=58cdad&efg=eyJ2ZW5jb2RlX3RhZyI6IkNBUk9VU0VMX0lURU0ueHBpZHMuMTA4MC5zZHIucmVndWxhcl9waG90by5DMyJ9&_nc_ohc=X2aB_pDnUvgQ7kNvwGJYCo1&_nc_oc=AdoY3nFRwspWxSa0r6nAzhmdb2IeHhn0GzEMt3R7bh7xfvUvBFtPvJ-N6RF9j6jliyB7YJsAKvj5O6IE4yCYDw16&_nc_ad=z-m&_nc_cid=0&_nc_zt=23&_nc_ht=scontent-lhr11-1.cdninstagram.com&_nc_gid=UC3DCxA2tHR5SHtq_3JTew&_nc_ss=7a22e&oh=00_AQKD_RQMWVlNJNpzp_tEs5ZeXVVFk9RInKTlJVMOBlyupg&oe=6A9A18E4,https://www.instagram.com/p/DcmZ8cDD400/
Supermercado São Pedro,Padaria / Congelados,Pão de Queijo Cuiabá 1kg,11.99,28/08/2026,https://instagram.fmel12-1.fna.fbcdn.net/v/t51.82787-15/785599572_18195711460382122_5575322653184498920_n.jpg?stp=dst-jpg_e35_tt6&_nc_cat=109&ig_cache_key=Mzk3MzY3MjU2OTQ3ODkxNjI0Mw%3D%3D.3-ccb7-5&ccb=7-5&_nc_sid=58cdad&efg=eyJ2ZW5jb2RlX3RhZyI6IkNBUk9VU0VMX0lURU0ueHBpZHMuMTA4MS5zZHIucmVndWxhcl9waG90by5DMyJ9&_nc_ohc=GqsGB5UTShAQ7kNvwEoHHUX&_nc_oc=AdpoOuyzgWbLFG5aXUM4eF0GZxLmoubxopdoTjvLBTvvWnuvUCavvSdHA2isuUsrBUF8XxYvJrF8gg32pEHZ_Z5P&_nc_ad=z-m&_nc_cid=1032&_nc_zt=23&_nc_ht=instagram.fmel12-1.fna&_nc_gid=BrePjm_PQQaChn7TWqupaw&_nc_ss=7a22e&oh=00_AQJHmyGRL2X0V2sY6VbWVVmP7Lcyaw8FvNslm7KfNJwUNw&oe=6A9A1D52,https://www.instagram.com/p/DclUqI1G7TG/
Super Compras Supermercado,Padaria / Congelados,Pão de Queijo Silbas 1kg,14.99,28/08/2026,https://instagram.fgrq1-2.fna.fbcdn.net/v/t51.82787-15/778381296_18192777073391764_3495327765482658959_n.jpg?stp=dst-jpg_e35_tt6&_nc_cat=108&ig_cache_key=Mzk3MzI5MDk1OTA3NzU1MjQ2OA%3D%3D.3-ccb7-5&ccb=7-5&_nc_sid=58cdad&efg=eyJ2ZW5jb2RlX3RhZyI6IkZFRUQueHBpZHMuMTQ0MC5zZHIucmVndWxhcl9waG90by5DMyJ9&_nc_ohc=2HLQR4PBfsgQ7kNvwELeAkY&_nc_oc=AdpsbBFyYCKsOTyqaCboJLZYOlz31xbeqM_kqsicam7NUB4FxCNirYkQZ6gRU0ARUYI&_nc_ad=z-m&_nc_cid=1207&_nc_zt=23&_nc_ht=instagram.fgrq1-2.fna&_nc_gid=EoLIJCkIsXrOLQBQ_KaqLA&_nc_ss=7a22e&oh=00_AQJHFVOp08jAnYsul3AU7IIeLd8d2ofr4OlyRGukBY0Vpw&oe=6A9A2A96,https://www.instagram.com/p/Dcj9xNtFrFU/
Machadão Atacadista,Padaria / Pães,Mandioca Pão da Terra 1kg,6.49,29/08/2026,https://instagram.fktw4-1.fna.fbcdn.net/v/t39.30808-6/788037845_1361504496069508_5961206056822063683_n.jpg?stp=dst-jpg_e35_tt6&_nc_cat=109&ig_cache_key=Mzk3NDAzNDk3MDYxNjE1OTA4NA%3D%3D.3-ccb7-5&ccb=7-5&_nc_sid=58cdad&efg=eyJ2ZW5jb2RlX3RhZyI6IkNBUk9VU0VMX0lURU0ueHBpZHMuMTYzOC5zZHIucmVndWxhcl9waG90by5DMyJ9&_nc_ohc=dkxjjGVbnS4Q7kNvwFadzFa&_nc_oc=AdqEAGU0KR5QSbEQbKQJTDugt7MnwEaUwJwR1PqkKXY6eXhNo2801H3dwVf8D0sCza0&_nc_ad=z-m&_nc_cid=0&_nc_zt=23&_nc_ht=instagram.fktw4-1.fna&_nc_gid=U3FqkMLv5y-ALyQYkbt5Mw&_nc_ss=7a22e&oh=00_AQLPML3ubnmRpXTxeRoksRCE1oOlsTiB_55oh1OxX0qC1g&oe=6A9A2B4A,https://www.instagram.com/p/Dcmm8QNDi4E/
Supermercado Tuiuiú,Padaria / Pães,Pão de Alho Bello 300g,9.99,29/08/2026,https://scontent-yyz1-1.cdninstagram.com/v/t51.82787-15/788550438_18582509053067900_6263948761205084851_n.jpg?stp=dst-jpg_e35_tt6&_nc_cat=100&ig_cache_key=Mzk3NDc1NDg5NDQxOTI5Mzg5Nw%3D%3D.3-ccb7-5&ccb=7-5&_nc_sid=58cdad&efg=eyJ2ZW5jb2RlX3RhZyI6IkNBUk9VU0VMX0lURU0ueHBpZHMuMTA4MC5zZHIucmVndWxhcl9waG90by5DMyJ9&_nc_ohc=jNbyy_j-UyYQ7kNvwFxVZvr&_nc_oc=Adqve5A0yil5kMu_s3-Rkucmv55I_b0YozU6M2DkAcpLbor9he0-GnwE37_CmEwjzEg&_nc_ad=z-m&_nc_cid=0&_nc_zt=23&_nc_ht=scontent-yyz1-1.cdninstagram.com&_nc_gid=7I6Za5YvWkMTEeME03vltA&_nc_ss=7a22e&oh=00_AQLZm-M14TeJksz-waygaZirMQVSuZXIRUaFjJapoS1UBA&oe=6A99F808,https://www.instagram.com/p/DcpKopsjwHG/
Supermercado Tuiuiú,Padaria / Pães,Pão de Alho Bello 300g,9.99,28/08/2026,https://instagram.fbne11-1.fna.fbcdn.net/v/t39.30808-6/788141803_1720016743465477_9146230528598203595_n.jpg?stp=dst-jpg_e35_tt6&_nc_cat=108&ig_cache_key=Mzk3MzM0Mjg3ODE5NDkyODIxMw%3D%3D.3-ccb7-5&ccb=7-5&_nc_sid=58cdad&efg=eyJ2ZW5jb2RlX3RhZyI6IkNBUk9VU0VMX0lURU0ueHBpZHMuMTI1NC5zZHIucmVndWxhcl9waG90by5DMyJ9&_nc_ohc=zal2Q-KNBSMQ7kNvwFEnIhq&_nc_oc=Adrkfv2YGcyu2xaOP65v-JrKEdNjivZTyvEojFi1mNmXgsWPIn1Qhm5aJ6bAm9GfvuAx43Um3NUNMk-QcEp5UVfP&_nc_ad=z-m&_nc_cid=0&_nc_zt=23&_nc_ht=instagram.fbne11-1.fna&_nc_gid=TyXdyDMvXWTfqtmX-TW3yw&_nc_ss=7a22e&oh=00_AQLpayq7B4F-YO9vce0BVkQiT1cHfjmp4PQJDri5Lse1LA&oe=6A9A2CB6,https://www.instagram.com/p/DckJlYyI3Tu/
Bom Jesus Primavera do Leste 🛒,Padaria / Pães,Pão de Alho Dabrasa 450g,11.99,28/08/2026,https://scontent-lhr11-1.cdninstagram.com/v/t51.82787-15/786853630_18374942971237813_3112147777905981087_n.jpg?stp=dst-jpg_e35_tt6&_nc_cat=107&ig_cache_key=Mzk3Mzk3Nzc3OTE1MzU1MzcyNQ%3D%3D.3-ccb7-5&ccb=7-5&_nc_sid=58cdad&efg=eyJ2ZW5jb2RlX3RhZyI6IkNBUk9VU0VMX0lURU0ueHBpZHMuMTA4MC5zZHIucmVndWxhcl9waG90by5DMyJ9&_nc_ohc=X2aB_pDnUvgQ7kNvwGJYCo1&_nc_oc=AdoY3nFRwspWxSa0r6nAzhmdb2IeHhn0GzEMt3R7bh7xfvUvBFtPvJ-N6RF9j6jliyB7YJsAKvj5O6IE4yCYDw16&_nc_ad=z-m&_nc_cid=0&_nc_zt=23&_nc_ht=scontent-lhr11-1.cdninstagram.com&_nc_gid=UC3DCxA2tHR5SHtq_3JTew&_nc_ss=7a22e&oh=00_AQKD_RQMWVlNJNpzp_tEs5ZeXVVFk9RInKTlJVMOBlyupg&oe=6A9A18E4,https://www.instagram.com/p/DcmZ8cDD400/
Supermercado São Pedro,Padaria / Pães,Pão de Alho Zinho 300g,12.99,28/08/2026,https://instagram.fmel12-1.fna.fbcdn.net/v/t51.82787-15/785599572_18195711460382122_5575322653184498920_n.jpg?stp=dst-jpg_e35_tt6&_nc_cat=109&ig_cache_key=Mzk3MzY3MjU2OTQ3ODkxNjI0Mw%3D%3D.3-ccb7-5&ccb=7-5&_nc_sid=58cdad&efg=eyJ2ZW5jb2RlX3RhZyI6IkNBUk9VU0VMX0lURU0ueHBpZHMuMTA4MS5zZHIucmVndWxhcl9waG90by5DMyJ9&_nc_ohc=GqsGB5UTShAQ7kNvwEoHHUX&_nc_oc=AdpoOuyzgWbLFG5aXUM4eF0GZxLmoubxopdoTjvLBTvvWnuvUCavvSdHA2isuUsrBUF8XxYvJrF8gg32pEHZ_Z5P&_nc_ad=z-m&_nc_cid=1032&_nc_zt=23&_nc_ht=instagram.fmel12-1.fna&_nc_gid=BrePjm_PQQaChn7TWqupaw&_nc_ss=7a22e&oh=00_AQJHmyGRL2X0V2sY6VbWVVmP7Lcyaw8FvNslm7KfNJwUNw&oe=6A9A1D52,https://www.instagram.com/p/DclUqI1G7TG/
Machadão Atacadista,Padaria / Pães,Faca Para Pão Tramontina Plenus 7,15.9,27/08/2026,https://scontent-ams2-1.cdninstagram.com/v/t39.30808-6/786779086_1360550472831577_8028710268323392841_n.jpg?stp=dst-jpg_e35_tt6&_nc_cat=100&ig_cache_key=Mzk3MzE1NjQ3MjI0MjcxMDI2OQ%3D%3D.3-ccb7-5&ccb=7-5&_nc_sid=58cdad&efg=eyJ2ZW5jb2RlX3RhZyI6IkNBUk9VU0VMX0lURU0ueHBpZHMuMTYzOC5zZHIucmVndWxhcl9waG90by5DMyJ9&_nc_ohc=WKCTmqyswmsQ7kNvwEaT0qb&_nc_oc=AdoESSuIi24al2MbVha01D5uveiXrRKzs-lQ1FHAWnNbZsbtHYYeFSHrV-q5AR66GP4&_nc_ad=z-m&_nc_cid=0&_nc_zt=23&_nc_ht=scontent-ams2-1.cdninstagram.com&_nc_gid=eaSov4kRguWIzndyEDFyGQ&_nc_ss=7a22e&oh=00_AQLhWf_PUniAqLhun79EXhJAomIzs-bwTnc5lqN_vQv_Ew&oe=6A99F9EF,https://www.instagram.com/p/DcjfMcbkgCV/
Machadão Atacadista,Padaria / Pães,Faca Para Pão Inox Tramontina Plenus 7,15.9,27/08/2026,https://scontent-ams2-1.cdninstagram.com/v/t39.30808-6/786141071_1360550506164907_1343288441209680541_n.jpg?stp=dst-jpg_e35_tt6&_nc_cat=100&ig_cache_key=Mzk3MzE1NjQ3MjAxNjIzNDQ4NA%3D%3D.3-ccb7-5&ccb=7-5&_nc_sid=58cdad&efg=eyJ2ZW5jb2RlX3RhZyI6IkNBUk9VU0VMX0lURU0ueHBpZHMuMTYzOC5zZHIucmVndWxhcl9waG90by5DMyJ9&_nc_ohc=rAfVUo0mg-MQ7kNvwE8KbMG&_nc_oc=AdoB8HYZuZu7FtPAN9JTpSxBSWew2FQqiHsdwKv5ppZhv3g8wxALwdL4pdG5PmzvFUI&_nc_ad=z-m&_nc_cid=0&_nc_zt=23&_nc_ht=scontent-ams2-1.cdninstagram.com&_nc_gid=eaSov4kRguWIzndyEDFyGQ&_nc_ss=7a22e&oh=00_AQKBJ-rltlhoMOCiwlDggrwJqp00mhv-RCqi51TbteRoiQ&oe=6A9A06F9,https://www.instagram.com/p/DcjfMcbkgCV/
Machadão Atacadista,Pet Shop,Espeto de Bambu Theoto 30cm,3.99,27/08/2026,https://scontent-ams2-1.cdninstagram.com/v/t39.30808-6/786779086_1360550472831577_8028710268323392841_n.jpg?stp=dst-jpg_e35_tt6&_nc_cat=100&ig_cache_key=Mzk3MzE1NjQ3MjI0MjcxMDI2OQ%3D%3D.3-ccb7-5&ccb=7-5&_nc_sid=58cdad&efg=eyJ2ZW5jb2RlX3RhZyI6IkNBUk9VU0VMX0lURU0ueHBpZHMuMTYzOC5zZHIucmVndWxhcl9waG90by5DMyJ9&_nc_ohc=WKCTmqyswmsQ7kNvwEaT0qb&_nc_oc=AdoESSuIi24al2MbVha01D5uveiXrRKzs-lQ1FHAWnNbZsbtHYYeFSHrV-q5AR66GP4&_nc_ad=z-m&_nc_cid=0&_nc_zt=23&_nc_ht=scontent-ams2-1.cdninstagram.com&_nc_gid=eaSov4kRguWIzndyEDFyGQ&_nc_ss=7a22e&oh=00_AQLhWf_PUniAqLhun79EXhJAomIzs-bwTnc5lqN_vQv_Ew&oe=6A99F9EF,https://www.instagram.com/p/DcjfMcbkgCV/
Machadão Atacadista,Pet Shop,Espeto de Bambu Theoto 30cm,3.99,27/08/2026,https://scontent-ams2-1.cdninstagram.com/v/t39.30808-6/786141071_1360550506164907_1343288441209680541_n.jpg?stp=dst-jpg_e35_tt6&_nc_cat=100&ig_cache_key=Mzk3MzE1NjQ3MjAxNjIzNDQ4NA%3D%3D.3-ccb7-5&ccb=7-5&_nc_sid=58cdad&efg=eyJ2ZW5jb2RlX3RhZyI6IkNBUk9VU0VMX0lURU0ueHBpZHMuMTYzOC5zZHIucmVndWxhcl9waG90by5DMyJ9&_nc_ohc=rAfVUo0mg-MQ7kNvwE8KbMG&_nc_oc=AdoB8HYZuZu7FtPAN9JTpSxBSWew2FQqiHsdwKv5ppZhv3g8wxALwdL4pdG5PmzvFUI&_nc_ad=z-m&_nc_cid=0&_nc_zt=23&_nc_ht=scontent-ams2-1.cdninstagram.com&_nc_gid=eaSov4kRguWIzndyEDFyGQ&_nc_ss=7a22e&oh=00_AQKBJ-rltlhoMOCiwlDggrwJqp00mhv-RCqi51TbteRoiQ&oe=6A9A06F9,https://www.instagram.com/p/DcjfMcbkgCV/
Machadão Atacadista,Pet Shop,Espeto Grilazer Lâmina Simples 75cm,9.99,29/08/2026,https://instagram.fktw4-1.fna.fbcdn.net/v/t39.30808-6/788037845_1361504496069508_5961206056822063683_n.jpg?stp=dst-jpg_e35_tt6&_nc_cat=109&ig_cache_key=Mzk3NDAzNDk3MDYxNjE1OTA4NA%3D%3D.3-ccb7-5&ccb=7-5&_nc_sid=58cdad&efg=eyJ2ZW5jb2RlX3RhZyI6IkNBUk9VU0VMX0lURU0ueHBpZHMuMTYzOC5zZHIucmVndWxhcl9waG90by5DMyJ9&_nc_ohc=dkxjjGVbnS4Q7kNvwFadzFa&_nc_oc=AdqEAGU0KR5QSbEQbKQJTDugt7MnwEaUwJwR1PqkKXY6eXhNo2801H3dwVf8D0sCza0&_nc_ad=z-m&_nc_cid=0&_nc_zt=23&_nc_ht=instagram.fktw4-1.fna&_nc_gid=U3FqkMLv5y-ALyQYkbt5Mw&_nc_ss=7a22e&oh=00_AQLPML3ubnmRpXTxeRoksRCE1oOlsTiB_55oh1OxX0qC1g&oe=6A9A2B4A,https://www.instagram.com/p/Dcmm8QNDi4E/
Bom Jesus Primavera do Leste 🛒,Pet Shop,Ração Para Gatos Mimiau 1kg,12.49,28/08/2026,https://scontent-lhr11-1.cdninstagram.com/v/t51.82787-15/788860531_18374942995237813_624644092953609674_n.jpg?stp=dst-jpg_e35_tt6&_nc_cat=106&ig_cache_key=Mzk3Mzk3Nzc4MjEzMTM5MTcwNQ%3D%3D.3-ccb7-5&ccb=7-5&_nc_sid=58cdad&efg=eyJ2ZW5jb2RlX3RhZyI6IkNBUk9VU0VMX0lURU0ueHBpZHMuMTA4MC5zZHIucmVndWxhcl9waG90by5DMyJ9&_nc_ohc=7IsixMbzdvIQ7kNvwGrq6f5&_nc_oc=AdrUMUMvfmpCgyQ5M66K7SfFgtb0WvRnMZmZe6j9PgsmW_awn6IgbkSp4FaEZ-SdaU4SQ-qB2m8DhAok3yIsJEQw&_nc_ad=z-m&_nc_cid=0&_nc_zt=23&_nc_ht=scontent-lhr11-1.cdninstagram.com&_nc_gid=UC3DCxA2tHR5SHtq_3JTew&_nc_ss=7a22e&oh=00_AQK3eYVcNv6k5KN4snKGHxnENW_DM_QLsjYHPxumREVvyA&oe=6A9A0F8B,https://www.instagram.com/p/DcmZ8cDD400/
Machadão Atacadista,Pet Shop,Espeto Grilazer Lâmina Simples 85cm,12.99,29/08/2026,https://instagram.fktw4-1.fna.fbcdn.net/v/t39.30808-6/788037845_1361504496069508_5961206056822063683_n.jpg?stp=dst-jpg_e35_tt6&_nc_cat=109&ig_cache_key=Mzk3NDAzNDk3MDYxNjE1OTA4NA%3D%3D.3-ccb7-5&ccb=7-5&_nc_sid=58cdad&efg=eyJ2ZW5jb2RlX3RhZyI6IkNBUk9VU0VMX0lURU0ueHBpZHMuMTYzOC5zZHIucmVndWxhcl9waG90by5DMyJ9&_nc_ohc=dkxjjGVbnS4Q7kNvwFadzFa&_nc_oc=AdqEAGU0KR5QSbEQbKQJTDugt7MnwEaUwJwR1PqkKXY6eXhNo2801H3dwVf8D0sCza0&_nc_ad=z-m&_nc_cid=0&_nc_zt=23&_nc_ht=instagram.fktw4-1.fna&_nc_gid=U3FqkMLv5y-ALyQYkbt5Mw&_nc_ss=7a22e&oh=00_AQLPML3ubnmRpXTxeRoksRCE1oOlsTiB_55oh1OxX0qC1g&oe=6A9A2B4A,https://www.instagram.com/p/Dcmm8QNDi4E/
Machadão Atacadista,Pet Shop,Espeto Grilazer Lâmina Simples 95cm,14.99,29/08/2026,https://instagram.fktw4-1.fna.fbcdn.net/v/t39.30808-6/788037845_1361504496069508_5961206056822063683_n.jpg?stp=dst-jpg_e35_tt6&_nc_cat=109&ig_cache_key=Mzk3NDAzNDk3MDYxNjE1OTA4NA%3D%3D.3-ccb7-5&ccb=7-5&_nc_sid=58cdad&efg=eyJ2ZW5jb2RlX3RhZyI6IkNBUk9VU0VMX0lURU0ueHBpZHMuMTYzOC5zZHIucmVndWxhcl9waG90by5DMyJ9&_nc_ohc=dkxjjGVbnS4Q7kNvwFadzFa&_nc_oc=AdqEAGU0KR5QSbEQbKQJTDugt7MnwEaUwJwR1PqkKXY6eXhNo2801H3dwVf8D0sCza0&_nc_ad=z-m&_nc_cid=0&_nc_zt=23&_nc_ht=instagram.fktw4-1.fna&_nc_gid=U3FqkMLv5y-ALyQYkbt5Mw&_nc_ss=7a22e&oh=00_AQLPML3ubnmRpXTxeRoksRCE1oOlsTiB_55oh1OxX0qC1g&oe=6A9A2B4A,https://www.instagram.com/p/Dcmm8QNDi4E/
Bom Jesus Primavera do Leste 🛒,Pet Shop,Ração Para Cães Maikão Carne e Cereais 7kg,34.9,28/08/2026,https://scontent-lhr11-1.cdninstagram.com/v/t51.82787-15/788860531_18374942995237813_624644092953609674_n.jpg?stp=dst-jpg_e35_tt6&_nc_cat=106&ig_cache_key=Mzk3Mzk3Nzc4MjEzMTM5MTcwNQ%3D%3D.3-ccb7-5&ccb=7-5&_nc_sid=58cdad&efg=eyJ2ZW5jb2RlX3RhZyI6IkNBUk9VU0VMX0lURU0ueHBpZHMuMTA4MC5zZHIucmVndWxhcl9waG90by5DMyJ9&_nc_ohc=7IsixMbzdvIQ7kNvwGrq6f5&_nc_oc=AdrUMUMvfmpCgyQ5M66K7SfFgtb0WvRnMZmZe6j9PgsmW_awn6IgbkSp4FaEZ-SdaU4SQ-qB2m8DhAok3yIsJEQw&_nc_ad=z-m&_nc_cid=0&_nc_zt=23&_nc_ht=scontent-lhr11-1.cdninstagram.com&_nc_gid=UC3DCxA2tHR5SHtq_3JTew&_nc_ss=7a22e&oh=00_AQK3eYVcNv6k5KN4snKGHxnENW_DM_QLsjYHPxumREVvyA&oe=6A9A0F8B,https://www.instagram.com/p/DcmZ8cDD400/
Bom Jesus Primavera do Leste 🛒,Pet Shop,Ração Para Cães Vittamax Classic 7kg,64.9,28/08/2026,https://scontent-lhr11-1.cdninstagram.com/v/t51.82787-15/788860531_18374942995237813_624644092953609674_n.jpg?stp=dst-jpg_e35_tt6&_nc_cat=106&ig_cache_key=Mzk3Mzk3Nzc4MjEzMTM5MTcwNQ%3D%3D.3-ccb7-5&ccb=7-5&_nc_sid=58cdad&efg=eyJ2ZW5jb2RlX3RhZyI6IkNBUk9VU0VMX0lURU0ueHBpZHMuMTA4MC5zZHIucmVndWxhcl9waG90by5DMyJ9&_nc_ohc=7IsixMbzdvIQ7kNvwGrq6f5&_nc_oc=AdrUMUMvfmpCgyQ5M66K7SfFgtb0WvRnMZmZe6j9PgsmW_awn6IgbkSp4FaEZ-SdaU4SQ-qB2m8DhAok3yIsJEQw&_nc_ad=z-m&_nc_cid=0&_nc_zt=23&_nc_ht=scontent-lhr11-1.cdninstagram.com&_nc_gid=UC3DCxA2tHR5SHtq_3JTew&_nc_ss=7a22e&oh=00_AQK3eYVcNv6k5KN4snKGHxnENW_DM_QLsjYHPxumREVvyA&oe=6A9A0F8B,https://www.instagram.com/p/DcmZ8cDD400/
Machadão Atacadista,Pet Shop,Ração Para Cães Filhotes Bob Dog Gold Premium 15kg,144.9,27/08/2026,https://scontent-ams2-1.cdninstagram.com/v/t39.30808-6/786779086_1360550472831577_8028710268323392841_n.jpg?stp=dst-jpg_e35_tt6&_nc_cat=100&ig_cache_key=Mzk3MzE1NjQ3MjI0MjcxMDI2OQ%3D%3D.3-ccb7-5&ccb=7-5&_nc_sid=58cdad&efg=eyJ2ZW5jb2RlX3RhZyI6IkNBUk9VU0VMX0lURU0ueHBpZHMuMTYzOC5zZHIucmVndWxhcl9waG90by5DMyJ9&_nc_ohc=WKCTmqyswmsQ7kNvwEaT0qb&_nc_oc=AdoESSuIi24al2MbVha01D5uveiXrRKzs-lQ1FHAWnNbZsbtHYYeFSHrV-q5AR66GP4&_nc_ad=z-m&_nc_cid=0&_nc_zt=23&_nc_ht=scontent-ams2-1.cdninstagram.com&_nc_gid=eaSov4kRguWIzndyEDFyGQ&_nc_ss=7a22e&oh=00_AQLhWf_PUniAqLhun79EXhJAomIzs-bwTnc5lqN_vQv_Ew&oe=6A99F9EF,https://www.instagram.com/p/DcjfMcbkgCV/
Machadão Atacadista,Pet Shop,Ração Bob Dog Gold Premium Filhote 15kg,144.9,27/08/2026,https://scontent-ams2-1.cdninstagram.com/v/t39.30808-6/786141071_1360550506164907_1343288441209680541_n.jpg?stp=dst-jpg_e35_tt6&_nc_cat=100&ig_cache_key=Mzk3MzE1NjQ3MjAxNjIzNDQ4NA%3D%3D.3-ccb7-5&ccb=7-5&_nc_sid=58cdad&efg=eyJ2ZW5jb2RlX3RhZyI6IkNBUk9VU0VMX0lURU0ueHBpZHMuMTYzOC5zZHIucmVndWxhcl9waG90by5DMyJ9&_nc_ohc=rAfVUo0mg-MQ7kNvwE8KbMG&_nc_oc=AdoB8HYZuZu7FtPAN9JTpSxBSWew2FQqiHsdwKv5ppZhv3g8wxALwdL4pdG5PmzvFUI&_nc_ad=z-m&_nc_cid=0&_nc_zt=23&_nc_ht=scontent-ams2-1.cdninstagram.com&_nc_gid=eaSov4kRguWIzndyEDFyGQ&_nc_ss=7a22e&oh=00_AQKBJ-rltlhoMOCiwlDggrwJqp00mhv-RCqi51TbteRoiQ&oe=6A9A06F9,https://www.instagram.com/p/DcjfMcbkgCV/
