supermercado,categoria,item,valor,data_postagem,link,post_url
Machadão Atacadista,Bazar / Eletro,Pote Plástico Tramontina Mix Color 600ml,10.9,27/08/2026,https://scontent-ams2-1.cdninstagram.com/v/t39.30808-6/786779086_1360550472831577_8028710268323392841_n.jpg?stp=dst-jpg_e35_tt6&_nc_cat=100&ig_cache_key=Mzk3MzE1NjQ3MjI0MjcxMDI2OQ%3D%3D.3-ccb7-5&ccb=7-5&_nc_sid=58cdad&efg=eyJ2ZW5jb2RlX3RhZyI6IkNBUk9VU0VMX0lURU0ueHBpZHMuMTYzOC5zZHIucmVndWxhcl9waG90by5DMyJ9&_nc_ohc=FB6gMN-plHsQ7kNvwEI_Aau&_nc_oc=Adpk9TuDHJAEt-2DRtSAL4CPHvT-D_aTBGRH_qLtLWrhbouwvsyXh-7V7KsOEMgqKco&_nc_ad=z-m&_nc_cid=0&_nc_zt=23&_nc_ht=scontent-ams2-1.cdninstagram.com&_nc_gid=W_rvWCImryD4RVuLWt4E6A&_nc_ss=7a22e&oh=00_AQHiVY1kVu6um-rBCrL6_AYRPIfY1ELbXFb_x8byXLqb3g&oe=6A97C76F,https://www.instagram.com/p/DcjfMcbkgCV/
Super Compras Supermercado,Bebidas / Alcoólicos Diversos,Molho de Tomate Fugini 300g,1.59,27/08/2026,https://instagram.fblq4-1.fna.fbcdn.net/v/t51.82787-15/788172202_18192669184391764_5816935157600731829_n.jpg?stp=dst-jpg_e35_tt6&_nc_cat=102&ig_cache_key=Mzk3MjU2Mjg0NTk4OTQwNjA0Mw%3D%3D.3-ccb7-5&ccb=7-5&_nc_sid=58cdad&efg=eyJ2ZW5jb2RlX3RhZyI6IkZFRUQueHBpZHMuMTQ0MC5zZHIucmVndWxhcl9waG90by5DMyJ9&_nc_ohc=LRlDAksdQ-AQ7kNvwH5A0p9&_nc_oc=AdpLU-hFXp99iVl4paH_lhV01ASOYInyZ1bj52QO6ruRQ7Mn_SdpUoTjTXcGx6ov0Q4&_nc_ad=z-m&_nc_cid=1093&_nc_zt=23&_nc_ht=instagram.fblq4-1.fna&_nc_gid=a_sG6VtFpGKB5iM0z0UKjg&_nc_ss=7a22e&oh=00_AQGNjb1_ysBtXgfBVfmo3P9bZ9DRLY-m9edcQGHgOI2OJA&oe=6A97C428,https://www.instagram.com/p/DchYNxjHQVb/
SUPERMERCADO PARANAENSE,Bebidas / Alcoólicos Diversos,Molho de Tomate Fugini 300g,1.69,25/08/2026,https://scontent-fra3-1.cdninstagram.com/v/t51.82787-15/786374804_17907135297496981_3284822547929331185_n.jpg?stp=dst-jpg_e35_tt6&_nc_cat=108&ig_cache_key=Mzk3MTUxMTM1MzQ1NTYyODIxNA%3D%3D.3-ccb7-5&ccb=7-5&_nc_sid=58cdad&efg=eyJ2ZW5jb2RlX3RhZyI6IkZFRUQueHBpZHMuMTM1MC5zZHIucmVndWxhcl9waG90by5DMyJ9&_nc_ohc=Lh1PDU5a_NcQ7kNvwHRgx8E&_nc_oc=Ado_ugE0xr6qbVNhg3VQkn4Et9o8ujEzC5-6w-jpV5dgznrkZzRIZbE3YYslNXjqges&_nc_ad=z-m&_nc_cid=0&_nc_zt=23&_nc_ht=scontent-fra3-1.cdninstagram.com&_nc_gid=kww7j6xPMxEEP18b0yWTkA&_nc_ss=7a22e&oh=00_AQGh01Ql-xaPtM0H50R8x4dS1hx__5ZEE198XJVFCwHupw&oe=6A97E4BE,https://www.instagram.com/p/DcdpIi0J0-2/
Machadão Atacadista,Bebidas / Alcoólicos Diversos,Molho de Tomate Fugini 1.02kg,7.49,27/08/2026,https://scontent-ams2-1.cdninstagram.com/v/t39.30808-6/787104328_1360550532831571_2281243341389434448_n.jpg?stp=dst-jpg_e35_tt6&_nc_cat=100&ig_cache_key=Mzk3MzE1NjQ3MTc1NjIxMzA2MQ%3D%3D.3-ccb7-5&ccb=7-5&_nc_sid=58cdad&efg=eyJ2ZW5jb2RlX3RhZyI6IkNBUk9VU0VMX0lURU0ueHBpZHMuMTYzOC5zZHIucmVndWxhcl9waG90by5DMyJ9&_nc_ohc=BsEfA1wdsJMQ7kNvwElvBVw&_nc_oc=AdotN0eHRtVwjkYS0BuXdsQlOICDI0TjH6XabtYEUFgI3kDuSHHjpm2VB3u6rM5ijWM&_nc_ad=z-m&_nc_cid=0&_nc_zt=23&_nc_ht=scontent-ams2-1.cdninstagram.com&_nc_gid=W_rvWCImryD4RVuLWt4E6A&_nc_ss=7a22e&oh=00_AQE7taI2tGK-qgb5ER4PL83BiadNx5mlrZy3hOjhiZuBuw&oe=6A97C190,https://www.instagram.com/p/DcjfMcbkgCV/
Bom Jesus Primavera do Leste 🛒,Bebidas / Alcoólicos Diversos,Sérum de Tratamento Dove Bond Intense Repair Glow 110ml,29.9,27/08/2026,https://scontent-dfw6-1.cdninstagram.com/v/t51.82787-15/787993259_18374687005237813_4471412213431393234_n.jpg?stp=dst-jpg_e35_tt6&_nc_cat=103&ig_cache_key=Mzk3Mjk0NzA1MzQ4MTkxNTUyNQ%3D%3D.3-ccb7-5&ccb=7-5&_nc_sid=58cdad&efg=eyJ2ZW5jb2RlX3RhZyI6IkZFRUQueHBpZHMuMTM1MC5zZHIucmVndWxhcl9waG90by5DMyJ9&_nc_ohc=TDgSfUoaAVwQ7kNvwE3sOCc&_nc_oc=AdqzWjaXc6bH3BxmN2INlXg38VwZxgJPdGRVLyU79fbG2qcAV9kRGZAX4dK0Kj-ce_0&_nc_ad=z-m&_nc_cid=0&_nc_zt=23&_nc_ht=scontent-dfw6-1.cdninstagram.com&_nc_gid=6vV7-Oiifa_xz_COki9TZw&_nc_ss=7a22e&oh=00_AQHeG3BbFNY52DhlT8aEMdGg-JNF1o7ooddEWqmgZ6yjDw&oe=6A97D2AE,https://www.instagram.com/p/DcivkuqOXSF/
Bom Jesus Primavera do Leste 🛒,Bebidas / Alcoólicos Diversos,Sérum Elseve Colágeno Lifter Liso dos Sonhos 100ml,29.99,27/08/2026,https://scontent-dfw6-1.cdninstagram.com/v/t51.82787-15/787993259_18374687005237813_4471412213431393234_n.jpg?stp=dst-jpg_e35_tt6&_nc_cat=103&ig_cache_key=Mzk3Mjk0NzA1MzQ4MTkxNTUyNQ%3D%3D.3-ccb7-5&ccb=7-5&_nc_sid=58cdad&efg=eyJ2ZW5jb2RlX3RhZyI6IkZFRUQueHBpZHMuMTM1MC5zZHIucmVndWxhcl9waG90by5DMyJ9&_nc_ohc=TDgSfUoaAVwQ7kNvwE3sOCc&_nc_oc=AdqzWjaXc6bH3BxmN2INlXg38VwZxgJPdGRVLyU79fbG2qcAV9kRGZAX4dK0Kj-ce_0&_nc_ad=z-m&_nc_cid=0&_nc_zt=23&_nc_ht=scontent-dfw6-1.cdninstagram.com&_nc_gid=6vV7-Oiifa_xz_COki9TZw&_nc_ss=7a22e&oh=00_AQHeG3BbFNY52DhlT8aEMdGg-JNF1o7ooddEWqmgZ6yjDw&oe=6A97D2AE,https://www.instagram.com/p/DcivkuqOXSF/
Machadão Atacadista,Bebidas / Alcoólicos Diversos,Vinho Casal Mendes Sweet 750ml,35.9,25/08/2026,https://scontent-dus1-1.cdninstagram.com/v/t39.30808-6/785059096_1358646486355309_4355252955160182464_n.jpg?stp=dst-jpg_e35_tt6&_nc_cat=107&ig_cache_key=Mzk3MTUyNDg5Njc4NTk1NzI2NA%3D%3D.3-ccb7-5&ccb=7-5&_nc_sid=58cdad&efg=eyJ2ZW5jb2RlX3RhZyI6IkNBUk9VU0VMX0lURU0ueHBpZHMuMTYzOC5zZHIucmVndWxhcl9waG90by5DMyJ9&_nc_ohc=7xcost5b2JkQ7kNvwEnl6NG&_nc_oc=AdqptSuugfcQCpnKtC8y8_X03y7LGAz76AxgMW-xz-FOEaPHIf72wDHlcnh4-YEihYkk7-O5dYN4yXHthGkA_Eqa&_nc_ad=z-m&_nc_cid=0&_nc_zt=23&_nc_ht=scontent-dus1-1.cdninstagram.com&_nc_gid=oEBPHF74--AW6nyv447F6g&_nc_ss=7a22e&oh=00_AQEWfwE-2Dq-ZjjamD5oThXrOSuwFZE1sbx6lGUmcSiaZA&oe=6A97C241,https://www.instagram.com/p/DcdsNxKDBTG/
Machadão Atacadista,Bebidas / Alcoólicos Diversos,Vinho Casal Mendes 750ml,35.9,25/08/2026,https://scontent-dus1-1.cdninstagram.com/v/t39.30808-6/786543128_1358645369688754_2779017979935584164_n.jpg?stp=dst-jpg_e35_tt6&_nc_cat=101&ig_cache_key=Mzk3MTUyNDg5NTIzNDEwNDA4Mg%3D%3D.3-ccb7-5&ccb=7-5&_nc_sid=58cdad&efg=eyJ2ZW5jb2RlX3RhZyI6IkNBUk9VU0VMX0lURU0ueHBpZHMuMTYzOC5zZHIucmVndWxhcl9waG90by5DMyJ9&_nc_ohc=fkD66OU_vJ8Q7kNvwGVhQFg&_nc_oc=AdqVV41Y6EDPDc8woKC8acJQ50fyLaMqyxqQ6XwSb0QTw7zKiZe9fCHQdh0YmvCey2oCLfsQ1SDBgH5U1MsSEJJc&_nc_ad=z-m&_nc_cid=0&_nc_zt=23&_nc_ht=scontent-dus1-1.cdninstagram.com&_nc_gid=oEBPHF74--AW6nyv447F6g&_nc_ss=7a22e&oh=00_AQF4nQ2o1bdHwhk4KCm8m6hwk4bO-EEhkiU9BWMVDhXWGw&oe=6A97B484,https://www.instagram.com/p/DcdsNxKDBTG/
Machadão Atacadista,Bebidas / Alcoólicos Diversos,Vinho Cristóbal 750ml,35.9,27/08/2026,https://scontent-ams2-1.cdninstagram.com/v/t39.30808-6/787104328_1360550532831571_2281243341389434448_n.jpg?stp=dst-jpg_e35_tt6&_nc_cat=100&ig_cache_key=Mzk3MzE1NjQ3MTc1NjIxMzA2MQ%3D%3D.3-ccb7-5&ccb=7-5&_nc_sid=58cdad&efg=eyJ2ZW5jb2RlX3RhZyI6IkNBUk9VU0VMX0lURU0ueHBpZHMuMTYzOC5zZHIucmVndWxhcl9waG90by5DMyJ9&_nc_ohc=BsEfA1wdsJMQ7kNvwElvBVw&_nc_oc=AdotN0eHRtVwjkYS0BuXdsQlOICDI0TjH6XabtYEUFgI3kDuSHHjpm2VB3u6rM5ijWM&_nc_ad=z-m&_nc_cid=0&_nc_zt=23&_nc_ht=scontent-ams2-1.cdninstagram.com&_nc_gid=W_rvWCImryD4RVuLWt4E6A&_nc_ss=7a22e&oh=00_AQE7taI2tGK-qgb5ER4PL83BiadNx5mlrZy3hOjhiZuBuw&oe=6A97C190,https://www.instagram.com/p/DcjfMcbkgCV/
Bom Jesus Primavera do Leste 🛒,Bebidas / Alcoólicos Diversos,Sérum Facial Garnier Vitamina C 100ml,36.99,27/08/2026,https://scontent-dfw6-1.cdninstagram.com/v/t51.82787-15/787993259_18374687005237813_4471412213431393234_n.jpg?stp=dst-jpg_e35_tt6&_nc_cat=103&ig_cache_key=Mzk3Mjk0NzA1MzQ4MTkxNTUyNQ%3D%3D.3-ccb7-5&ccb=7-5&_nc_sid=58cdad&efg=eyJ2ZW5jb2RlX3RhZyI6IkZFRUQueHBpZHMuMTM1MC5zZHIucmVndWxhcl9waG90by5DMyJ9&_nc_ohc=TDgSfUoaAVwQ7kNvwE3sOCc&_nc_oc=AdqzWjaXc6bH3BxmN2INlXg38VwZxgJPdGRVLyU79fbG2qcAV9kRGZAX4dK0Kj-ce_0&_nc_ad=z-m&_nc_cid=0&_nc_zt=23&_nc_ht=scontent-dfw6-1.cdninstagram.com&_nc_gid=6vV7-Oiifa_xz_COki9TZw&_nc_ss=7a22e&oh=00_AQHeG3BbFNY52DhlT8aEMdGg-JNF1o7ooddEWqmgZ6yjDw&oe=6A97D2AE,https://www.instagram.com/p/DcivkuqOXSF/
Supermercado Tuiuiú,Bebidas / Cervejas,Cerveja Skol 300ml,2.49,28/08/2026,https://scontent-man2-1.cdninstagram.com/v/t39.30808-6/782169173_1720016753465476_6179349585647048120_n.jpg?stp=dst-jpg_e35_tt6&_nc_cat=111&ig_cache_key=Mzk3MzM0Mjg3OTMwMjI3OTYzOQ%3D%3D.3-ccb7-5&ccb=7-5&_nc_sid=58cdad&efg=eyJ2ZW5jb2RlX3RhZyI6IkNBUk9VU0VMX0lURU0ueHBpZHMuMTI1NC5zZHIucmVndWxhcl9waG90by5DMyJ9&_nc_ohc=IfjxdZLhTj8Q7kNvwHoxM7u&_nc_oc=AdqFG2almShqhQbnniQ7XN3sI_NFw2Oyzi1CpVIZpY1mvxTQAzo0IvykjW6alh2_i2A&_nc_ad=z-m&_nc_cid=0&_nc_zt=23&_nc_ht=scontent-man2-1.cdninstagram.com&_nc_gid=Oh1mrcvHg1sPnWTYozeyJw&_nc_ss=7a22e&oh=00_AQGcKbMaxGyQVtpPB59qnZj53gOvmC_hpMxcg_cgyo9_nQ&oe=6A97DA21,https://www.instagram.com/p/DckJlYyI3Tu/
Supermercado Tuiuiú,Bebidas / Cervejas,Cerveja Brahma 300ml,2.49,28/08/2026,https://scontent-man2-1.cdninstagram.com/v/t39.30808-6/782169173_1720016753465476_6179349585647048120_n.jpg?stp=dst-jpg_e35_tt6&_nc_cat=111&ig_cache_key=Mzk3MzM0Mjg3OTMwMjI3OTYzOQ%3D%3D.3-ccb7-5&ccb=7-5&_nc_sid=58cdad&efg=eyJ2ZW5jb2RlX3RhZyI6IkNBUk9VU0VMX0lURU0ueHBpZHMuMTI1NC5zZHIucmVndWxhcl9waG90by5DMyJ9&_nc_ohc=IfjxdZLhTj8Q7kNvwHoxM7u&_nc_oc=AdqFG2almShqhQbnniQ7XN3sI_NFw2Oyzi1CpVIZpY1mvxTQAzo0IvykjW6alh2_i2A&_nc_ad=z-m&_nc_cid=0&_nc_zt=23&_nc_ht=scontent-man2-1.cdninstagram.com&_nc_gid=Oh1mrcvHg1sPnWTYozeyJw&_nc_ss=7a22e&oh=00_AQGcKbMaxGyQVtpPB59qnZj53gOvmC_hpMxcg_cgyo9_nQ&oe=6A97DA21,https://www.instagram.com/p/DckJlYyI3Tu/
Supermercado São Pedro,Bebidas / Cervejas,Cerveja Original 300ml,2.69,28/08/2026,https://scontent-ams2-1.cdninstagram.com/v/t51.82787-15/787853786_18195711469382122_4084613579796731411_n.jpg?stp=dst-jpg_e35_tt6&_nc_cat=101&ig_cache_key=Mzk3MzY3MjU2ODk4MzkzOTE2MQ%3D%3D.3-ccb7-5&ccb=7-5&_nc_sid=58cdad&efg=eyJ2ZW5jb2RlX3RhZyI6IkNBUk9VU0VMX0lURU0ueHBpZHMuMTA4MS5zZHIucmVndWxhcl9waG90by5DMyJ9&_nc_ohc=mrOwFRh3sK8Q7kNvwGuiPxU&_nc_oc=AdocWchk5QRpVZ8dLBXgW047kqu1zOIqox1GJTIk1w9BH6Gir0_2USO05ktxY04PMUA&_nc_ad=z-m&_nc_cid=0&_nc_zt=23&_nc_ht=scontent-ams2-1.cdninstagram.com&_nc_gid=Ch_pIkgnkh3nrU1AQJdMyg&_nc_ss=7a22e&oh=00_AQFkCEs3hpn9RALf_1PUmHbNNicLtXSXUXy77R9obJWZgw&oe=6A97CD87,https://www.instagram.com/p/DclUqI1G7TG/
Machadão Atacadista,Bebidas / Cervejas,Saco Para Lixo Giopack Super Reforçado 30L 15L,8.49,27/08/2026,https://scontent-ams2-1.cdninstagram.com/v/t39.30808-6/786779086_1360550472831577_8028710268323392841_n.jpg?stp=dst-jpg_e35_tt6&_nc_cat=100&ig_cache_key=Mzk3MzE1NjQ3MjI0MjcxMDI2OQ%3D%3D.3-ccb7-5&ccb=7-5&_nc_sid=58cdad&efg=eyJ2ZW5jb2RlX3RhZyI6IkNBUk9VU0VMX0lURU0ueHBpZHMuMTYzOC5zZHIucmVndWxhcl9waG90by5DMyJ9&_nc_ohc=FB6gMN-plHsQ7kNvwEI_Aau&_nc_oc=Adpk9TuDHJAEt-2DRtSAL4CPHvT-D_aTBGRH_qLtLWrhbouwvsyXh-7V7KsOEMgqKco&_nc_ad=z-m&_nc_cid=0&_nc_zt=23&_nc_ht=scontent-ams2-1.cdninstagram.com&_nc_gid=W_rvWCImryD4RVuLWt4E6A&_nc_ss=7a22e&oh=00_AQHiVY1kVu6um-rBCrL6_AYRPIfY1ELbXFb_x8byXLqb3g&oe=6A97C76F,https://www.instagram.com/p/DcjfMcbkgCV/
Supermercado São Pedro,Bebidas / Cervejas,Cerveja Império Ultra 12x269ml,34.68,27/08/2026,https://scontent-bos5-1.cdninstagram.com/v/t39.30808-6/788413222_1505168981656218_2918311736305518854_n.jpg?stp=c0.0.1638.2047a_dst-jpg_e35_s1638x2047_tt6&_nc_cat=107&ig_cache_key=Mzk3MzI3Njk2ODIzODI0MjE0OA%3D%3D.3-ccb7-5&ccb=7-5&_nc_sid=58cdad&efg=eyJ2ZW5jb2RlX3RhZyI6IkNBUk9VU0VMX0lURU0ueHBpZHMuMTYzOC5zZHIucmVndWxhcl9waG90by5DMyJ9&_nc_ohc=G9lgZfFlLu0Q7kNvwF_JwlB&_nc_oc=Adq9GwtOFmluK0l6bqtQD3-7JUdW48aHa_sTCsAnFrPTnylb2VgrBqoFFUk8N2umuJc&_nc_ad=z-m&_nc_cid=0&_nc_zt=23&_nc_ht=scontent-bos5-1.cdninstagram.com&_nc_gid=tefus2BYMonKcSKoKgJN5Q&_nc_ss=7a22e&oh=00_AQF_adVKWUB6yUSzhjAFyPiJHdJ3qkmFIpb3HWhALtZ2Rw&oe=6A97B160,https://www.instagram.com/p/Dcj6lyLlKpL/
Supermercado Tuiuiú,Bebidas / Cervejas,Cerveja Heineken 8x269ml,34.99,28/08/2026,https://scontent-man2-1.cdninstagram.com/v/t39.30808-6/782169173_1720016753465476_6179349585647048120_n.jpg?stp=dst-jpg_e35_tt6&_nc_cat=111&ig_cache_key=Mzk3MzM0Mjg3OTMwMjI3OTYzOQ%3D%3D.3-ccb7-5&ccb=7-5&_nc_sid=58cdad&efg=eyJ2ZW5jb2RlX3RhZyI6IkNBUk9VU0VMX0lURU0ueHBpZHMuMTI1NC5zZHIucmVndWxhcl9waG90by5DMyJ9&_nc_ohc=IfjxdZLhTj8Q7kNvwHoxM7u&_nc_oc=AdqFG2almShqhQbnniQ7XN3sI_NFw2Oyzi1CpVIZpY1mvxTQAzo0IvykjW6alh2_i2A&_nc_ad=z-m&_nc_cid=0&_nc_zt=23&_nc_ht=scontent-man2-1.cdninstagram.com&_nc_gid=Oh1mrcvHg1sPnWTYozeyJw&_nc_ss=7a22e&oh=00_AQGcKbMaxGyQVtpPB59qnZj53gOvmC_hpMxcg_cgyo9_nQ&oe=6A97DA21,https://www.instagram.com/p/DckJlYyI3Tu/
Supermercado São Pedro,Bebidas / Cervejas,Cerveja Heineken 269ml 8 Latas,35.92,28/08/2026,https://scontent-ams2-1.cdninstagram.com/v/t51.82787-15/787853786_18195711469382122_4084613579796731411_n.jpg?stp=dst-jpg_e35_tt6&_nc_cat=101&ig_cache_key=Mzk3MzY3MjU2ODk4MzkzOTE2MQ%3D%3D.3-ccb7-5&ccb=7-5&_nc_sid=58cdad&efg=eyJ2ZW5jb2RlX3RhZyI6IkNBUk9VU0VMX0lURU0ueHBpZHMuMTA4MS5zZHIucmVndWxhcl9waG90by5DMyJ9&_nc_ohc=mrOwFRh3sK8Q7kNvwGuiPxU&_nc_oc=AdocWchk5QRpVZ8dLBXgW047kqu1zOIqox1GJTIk1w9BH6Gir0_2USO05ktxY04PMUA&_nc_ad=z-m&_nc_cid=0&_nc_zt=23&_nc_ht=scontent-ams2-1.cdninstagram.com&_nc_gid=Ch_pIkgnkh3nrU1AQJdMyg&_nc_ss=7a22e&oh=00_AQFkCEs3hpn9RALf_1PUmHbNNicLtXSXUXy77R9obJWZgw&oe=6A97CD87,https://www.instagram.com/p/DclUqI1G7TG/
Supermercado Tuiuiú,Bebidas / Cervejas,Cerveja Skol 15x269ml,43.35,28/08/2026,https://scontent-man2-1.cdninstagram.com/v/t39.30808-6/782169173_1720016753465476_6179349585647048120_n.jpg?stp=dst-jpg_e35_tt6&_nc_cat=111&ig_cache_key=Mzk3MzM0Mjg3OTMwMjI3OTYzOQ%3D%3D.3-ccb7-5&ccb=7-5&_nc_sid=58cdad&efg=eyJ2ZW5jb2RlX3RhZyI6IkNBUk9VU0VMX0lURU0ueHBpZHMuMTI1NC5zZHIucmVndWxhcl9waG90by5DMyJ9&_nc_ohc=IfjxdZLhTj8Q7kNvwHoxM7u&_nc_oc=AdqFG2almShqhQbnniQ7XN3sI_NFw2Oyzi1CpVIZpY1mvxTQAzo0IvykjW6alh2_i2A&_nc_ad=z-m&_nc_cid=0&_nc_zt=23&_nc_ht=scontent-man2-1.cdninstagram.com&_nc_gid=Oh1mrcvHg1sPnWTYozeyJw&_nc_ss=7a22e&oh=00_AQGcKbMaxGyQVtpPB59qnZj53gOvmC_hpMxcg_cgyo9_nQ&oe=6A97DA21,https://www.instagram.com/p/DckJlYyI3Tu/
Supermercado Tuiuiú,Bebidas / Cervejas,Cerveja Brahma 15x269ml,43.35,28/08/2026,https://scontent-man2-1.cdninstagram.com/v/t39.30808-6/782169173_1720016753465476_6179349585647048120_n.jpg?stp=dst-jpg_e35_tt6&_nc_cat=111&ig_cache_key=Mzk3MzM0Mjg3OTMwMjI3OTYzOQ%3D%3D.3-ccb7-5&ccb=7-5&_nc_sid=58cdad&efg=eyJ2ZW5jb2RlX3RhZyI6IkNBUk9VU0VMX0lURU0ueHBpZHMuMTI1NC5zZHIucmVndWxhcl9waG90by5DMyJ9&_nc_ohc=IfjxdZLhTj8Q7kNvwHoxM7u&_nc_oc=AdqFG2almShqhQbnniQ7XN3sI_NFw2Oyzi1CpVIZpY1mvxTQAzo0IvykjW6alh2_i2A&_nc_ad=z-m&_nc_cid=0&_nc_zt=23&_nc_ht=scontent-man2-1.cdninstagram.com&_nc_gid=Oh1mrcvHg1sPnWTYozeyJw&_nc_ss=7a22e&oh=00_AQGcKbMaxGyQVtpPB59qnZj53gOvmC_hpMxcg_cgyo9_nQ&oe=6A97DA21,https://www.instagram.com/p/DckJlYyI3Tu/
Supermercado São Pedro,Bebidas / Cervejas,Cerveja Skol 15x269ml,43.35,27/08/2026,https://scontent-bos5-1.cdninstagram.com/v/t39.30808-6/788413222_1505168981656218_2918311736305518854_n.jpg?stp=c0.0.1638.2047a_dst-jpg_e35_s1638x2047_tt6&_nc_cat=107&ig_cache_key=Mzk3MzI3Njk2ODIzODI0MjE0OA%3D%3D.3-ccb7-5&ccb=7-5&_nc_sid=58cdad&efg=eyJ2ZW5jb2RlX3RhZyI6IkNBUk9VU0VMX0lURU0ueHBpZHMuMTYzOC5zZHIucmVndWxhcl9waG90by5DMyJ9&_nc_ohc=G9lgZfFlLu0Q7kNvwF_JwlB&_nc_oc=Adq9GwtOFmluK0l6bqtQD3-7JUdW48aHa_sTCsAnFrPTnylb2VgrBqoFFUk8N2umuJc&_nc_ad=z-m&_nc_cid=0&_nc_zt=23&_nc_ht=scontent-bos5-1.cdninstagram.com&_nc_gid=tefus2BYMonKcSKoKgJN5Q&_nc_ss=7a22e&oh=00_AQF_adVKWUB6yUSzhjAFyPiJHdJ3qkmFIpb3HWhALtZ2Rw&oe=6A97B160,https://www.instagram.com/p/Dcj6lyLlKpL/
Supermercado Tuiuiú,Bebidas / Cervejas,Cerveja Antarctica Original 15x269ml,50.85,28/08/2026,https://scontent-man2-1.cdninstagram.com/v/t39.30808-6/782169173_1720016753465476_6179349585647048120_n.jpg?stp=dst-jpg_e35_tt6&_nc_cat=111&ig_cache_key=Mzk3MzM0Mjg3OTMwMjI3OTYzOQ%3D%3D.3-ccb7-5&ccb=7-5&_nc_sid=58cdad&efg=eyJ2ZW5jb2RlX3RhZyI6IkNBUk9VU0VMX0lURU0ueHBpZHMuMTI1NC5zZHIucmVndWxhcl9waG90by5DMyJ9&_nc_ohc=IfjxdZLhTj8Q7kNvwHoxM7u&_nc_oc=AdqFG2almShqhQbnniQ7XN3sI_NFw2Oyzi1CpVIZpY1mvxTQAzo0IvykjW6alh2_i2A&_nc_ad=z-m&_nc_cid=0&_nc_zt=23&_nc_ht=scontent-man2-1.cdninstagram.com&_nc_gid=Oh1mrcvHg1sPnWTYozeyJw&_nc_ss=7a22e&oh=00_AQGcKbMaxGyQVtpPB59qnZj53gOvmC_hpMxcg_cgyo9_nQ&oe=6A97DA21,https://www.instagram.com/p/DckJlYyI3Tu/
Supermercado São Pedro,Bebidas / Cervejas,Cerveja Original 15x269ml,50.85,27/08/2026,https://scontent-bos5-1.cdninstagram.com/v/t39.30808-6/788413222_1505168981656218_2918311736305518854_n.jpg?stp=c0.0.1638.2047a_dst-jpg_e35_s1638x2047_tt6&_nc_cat=107&ig_cache_key=Mzk3MzI3Njk2ODIzODI0MjE0OA%3D%3D.3-ccb7-5&ccb=7-5&_nc_sid=58cdad&efg=eyJ2ZW5jb2RlX3RhZyI6IkNBUk9VU0VMX0lURU0ueHBpZHMuMTYzOC5zZHIucmVndWxhcl9waG90by5DMyJ9&_nc_ohc=G9lgZfFlLu0Q7kNvwF_JwlB&_nc_oc=Adq9GwtOFmluK0l6bqtQD3-7JUdW48aHa_sTCsAnFrPTnylb2VgrBqoFFUk8N2umuJc&_nc_ad=z-m&_nc_cid=0&_nc_zt=23&_nc_ht=scontent-bos5-1.cdninstagram.com&_nc_gid=tefus2BYMonKcSKoKgJN5Q&_nc_ss=7a22e&oh=00_AQF_adVKWUB6yUSzhjAFyPiJHdJ3qkmFIpb3HWhALtZ2Rw&oe=6A97B160,https://www.instagram.com/p/Dcj6lyLlKpL/
Supermercado São Pedro,Bebidas / Cervejas,Cerveja Heineken 5L,99.99,28/08/2026,https://scontent-ams2-1.cdninstagram.com/v/t51.82787-15/787853786_18195711469382122_4084613579796731411_n.jpg?stp=dst-jpg_e35_tt6&_nc_cat=101&ig_cache_key=Mzk3MzY3MjU2ODk4MzkzOTE2MQ%3D%3D.3-ccb7-5&ccb=7-5&_nc_sid=58cdad&efg=eyJ2ZW5jb2RlX3RhZyI6IkNBUk9VU0VMX0lURU0ueHBpZHMuMTA4MS5zZHIucmVndWxhcl9waG90by5DMyJ9&_nc_ohc=mrOwFRh3sK8Q7kNvwGuiPxU&_nc_oc=AdocWchk5QRpVZ8dLBXgW047kqu1zOIqox1GJTIk1w9BH6Gir0_2USO05ktxY04PMUA&_nc_ad=z-m&_nc_cid=0&_nc_zt=23&_nc_ht=scontent-ams2-1.cdninstagram.com&_nc_gid=Ch_pIkgnkh3nrU1AQJdMyg&_nc_ss=7a22e&oh=00_AQFkCEs3hpn9RALf_1PUmHbNNicLtXSXUXy77R9obJWZgw&oe=6A97CD87,https://www.instagram.com/p/DclUqI1G7TG/
Supermercado Tuiuiú,Bebidas / Refrigerantes,Refrigerante Sukita 2L,5.99,28/08/2026,https://scontent-man2-1.cdninstagram.com/v/t39.30808-6/788141803_1720016743465477_9146230528598203595_n.jpg?stp=dst-jpg_e35_tt6&_nc_cat=108&ig_cache_key=Mzk3MzM0Mjg3ODE5NDkyODIxMw%3D%3D.3-ccb7-5&ccb=7-5&_nc_sid=58cdad&efg=eyJ2ZW5jb2RlX3RhZyI6IkNBUk9VU0VMX0lURU0ueHBpZHMuMTI1NC5zZHIucmVndWxhcl9waG90by5DMyJ9&_nc_ohc=zal2Q-KNBSMQ7kNvwHPjmHr&_nc_oc=AdqbcNw8SJgkOLjv1S7OR3EO3j7y30zWKGkWsahq3R8bq5H_zt52u3sZtfAXG8TZgRQ&_nc_ad=z-m&_nc_cid=0&_nc_zt=23&_nc_ht=scontent-man2-1.cdninstagram.com&_nc_gid=Oh1mrcvHg1sPnWTYozeyJw&_nc_ss=7a22e&oh=00_AQEr-SUAeVtvw-YnVKjGXDiWw84vTzRbtyyL_ngY1HNfgg&oe=6A97C1F6,https://www.instagram.com/p/DckJlYyI3Tu/
Supermercado Tuiuiú,Bebidas / Refrigerantes,Refrigerante Coca Cola 2.5L,10.99,28/08/2026,https://scontent-man2-1.cdninstagram.com/v/t39.30808-6/788141803_1720016743465477_9146230528598203595_n.jpg?stp=dst-jpg_e35_tt6&_nc_cat=108&ig_cache_key=Mzk3MzM0Mjg3ODE5NDkyODIxMw%3D%3D.3-ccb7-5&ccb=7-5&_nc_sid=58cdad&efg=eyJ2ZW5jb2RlX3RhZyI6IkNBUk9VU0VMX0lURU0ueHBpZHMuMTI1NC5zZHIucmVndWxhcl9waG90by5DMyJ9&_nc_ohc=zal2Q-KNBSMQ7kNvwHPjmHr&_nc_oc=AdqbcNw8SJgkOLjv1S7OR3EO3j7y30zWKGkWsahq3R8bq5H_zt52u3sZtfAXG8TZgRQ&_nc_ad=z-m&_nc_cid=0&_nc_zt=23&_nc_ht=scontent-man2-1.cdninstagram.com&_nc_gid=Oh1mrcvHg1sPnWTYozeyJw&_nc_ss=7a22e&oh=00_AQEr-SUAeVtvw-YnVKjGXDiWw84vTzRbtyyL_ngY1HNfgg&oe=6A97C1F6,https://www.instagram.com/p/DckJlYyI3Tu/
Bom Jesus Primavera do Leste 🛒,Bebidas / Sucos e Diversos,Isotônico Powerade 500ml,5.79,22/08/2026,https://scontent-yyz1-1.cdninstagram.com/v/t51.82787-15/781162059_18373952632237813_4532706053079983862_n.jpg?stp=dst-jpg_e15_tt6&_nc_cat=101&ig_cache_key=Mzk2OTQ0MzcyNDUxNzY0ODEyMTE4MzczOTUyNjI5MjM3ODEz.3-ccb7-5&ccb=7-5&_nc_sid=58cdad&efg=eyJ2ZW5jb2RlX3RhZyI6IkNMSVBTLnhwaWRzLjcyMC5zZHIudmlkZW9fZGVmYXVsdF9jb3Zlcl9mcmFtZS5DMyJ9&_nc_ohc=fT0MPnunqcwQ7kNvwGoHPRi&_nc_oc=Ado_NnTWGAC2RLX8sNpjSvme7alGmKtaDkL87QyRjEwmsVTvTxtQgzw52rTwayJtwSM&_nc_ad=z-m&_nc_cid=0&_nc_zt=23&_nc_ht=scontent-yyz1-1.cdninstagram.com&_nc_gid=S9kVzKn3t-x4IZA7o9dmkA&_nc_ss=7a22e&oh=00_AQFChcJHGtmESsZp0K7WUFlKeaX66h-aUkvSTQNwMItcHQ&oe=6A97B8BB,https://www.instagram.com/p/DcWTAlTxyb5/
Bom Jesus Primavera do Leste 🛒,Bebidas / Sucos e Diversos,Isotônico Powerade 500ml,6.39,22/08/2026,https://scontent-yyz1-1.cdninstagram.com/v/t51.82787-15/781162059_18373952632237813_4532706053079983862_n.jpg?stp=dst-jpg_e15_tt6&_nc_cat=101&ig_cache_key=Mzk2OTQ0MzcyNDUxNzY0ODEyMTE4MzczOTUyNjI5MjM3ODEz.3-ccb7-5&ccb=7-5&_nc_sid=58cdad&efg=eyJ2ZW5jb2RlX3RhZyI6IkNMSVBTLnhwaWRzLjcyMC5zZHIudmlkZW9fZGVmYXVsdF9jb3Zlcl9mcmFtZS5DMyJ9&_nc_ohc=fT0MPnunqcwQ7kNvwGoHPRi&_nc_oc=Ado_NnTWGAC2RLX8sNpjSvme7alGmKtaDkL87QyRjEwmsVTvTxtQgzw52rTwayJtwSM&_nc_ad=z-m&_nc_cid=0&_nc_zt=23&_nc_ht=scontent-yyz1-1.cdninstagram.com&_nc_gid=S9kVzKn3t-x4IZA7o9dmkA&_nc_ss=7a22e&oh=00_AQFChcJHGtmESsZp0K7WUFlKeaX66h-aUkvSTQNwMItcHQ&oe=6A97B8BB,https://www.instagram.com/p/DcWTAlTxyb5/
Supermercado Tuiuiú,Bebidas / Sucos e Diversos,Suco Del Valle 1L,7.99,28/08/2026,https://scontent-man2-1.cdninstagram.com/v/t39.30808-6/788141803_1720016743465477_9146230528598203595_n.jpg?stp=dst-jpg_e35_tt6&_nc_cat=108&ig_cache_key=Mzk3MzM0Mjg3ODE5NDkyODIxMw%3D%3D.3-ccb7-5&ccb=7-5&_nc_sid=58cdad&efg=eyJ2ZW5jb2RlX3RhZyI6IkNBUk9VU0VMX0lURU0ueHBpZHMuMTI1NC5zZHIucmVndWxhcl9waG90by5DMyJ9&_nc_ohc=zal2Q-KNBSMQ7kNvwHPjmHr&_nc_oc=AdqbcNw8SJgkOLjv1S7OR3EO3j7y30zWKGkWsahq3R8bq5H_zt52u3sZtfAXG8TZgRQ&_nc_ad=z-m&_nc_cid=0&_nc_zt=23&_nc_ht=scontent-man2-1.cdninstagram.com&_nc_gid=Oh1mrcvHg1sPnWTYozeyJw&_nc_ss=7a22e&oh=00_AQEr-SUAeVtvw-YnVKjGXDiWw84vTzRbtyyL_ngY1HNfgg&oe=6A97C1F6,https://www.instagram.com/p/DckJlYyI3Tu/
Supermercado São Pedro,Bebidas / Sucos e Diversos,Salsicha Seara kg,10.49,24/08/2026,https://scontent-gmp1-1.cdninstagram.com/v/t51.82787-15/779866028_18195137623382122_1225681475285530325_n.jpg?stp=dst-jpg_e35_tt6&_nc_cat=104&ig_cache_key=Mzk3MDg5NTAzMjEwMDYxNzYxMA%3D%3D.3-ccb7-5&ccb=7-5&_nc_sid=58cdad&efg=eyJ2ZW5jb2RlX3RhZyI6IkZFRUQueHBpZHMuMzI0OC5zZHIucmVndWxhcl9waG90by5DMyJ9&_nc_ohc=40xkhSQE8g4Q7kNvwHrZ6fS&_nc_oc=AdrQwhyO2locrqA9fhJGOet0h1z6OSsYR_JGHtkSpAE_SO1Qxhq4nZ1AaPAQZOIjiCM&_nc_ad=z-m&_nc_cid=0&_nc_zt=23&_nc_ht=scontent-gmp1-1.cdninstagram.com&_nc_gid=piuLZ9j-qv6denTdiMpN-w&_nc_ss=7a22e&oh=00_AQHlBvIUNmHk7i3Qkz9ssRG8EZJIjOAq6Lm63Ods05W5Gw&oe=6A97C121,https://www.instagram.com/p/Dcbc_40uH2K/
Supermercado Tuiuiú,Bebidas / Sucos e Diversos,Ovos Brancos 30 Unidades,11.99,28/08/2026,https://scontent-man2-1.cdninstagram.com/v/t39.30808-6/777867278_1720016746798810_8968857745876573698_n.jpg?stp=dst-jpg_e35_tt6&_nc_cat=108&ig_cache_key=Mzk3MzM0Mjg3ODY1NjMwNjQwOQ%3D%3D.3-ccb7-5&ccb=7-5&_nc_sid=58cdad&efg=eyJ2ZW5jb2RlX3RhZyI6IkNBUk9VU0VMX0lURU0ueHBpZHMuMTI1NC5zZHIucmVndWxhcl9waG90by5DMyJ9&_nc_ohc=Z9Kw3OPyQ28Q7kNvwGU7Ln_&_nc_oc=AdpJfiPn_5vxe3EHndUybjPKs0Rwuwmjp82GtAJYt9vGfXm0XGC_suobP_D8GbWo6hs&_nc_ad=z-m&_nc_cid=0&_nc_zt=23&_nc_ht=scontent-man2-1.cdninstagram.com&_nc_gid=Oh1mrcvHg1sPnWTYozeyJw&_nc_ss=7a22e&oh=00_AQHI2faikBAuy8vCmzhrj-B7S3xTDDyOtrEIlfM262JxSw&oe=6A97E3C9,https://www.instagram.com/p/DckJlYyI3Tu/
Bom Jesus Primavera do Leste 🛒,Bebidas / Sucos e Diversos,Ovo Mantiqueira 20 Unidades,12.99,24/08/2026,https://instagram.fktw1-1.fna.fbcdn.net/v/t51.82787-15/780551083_18374239432237813_6720893505103105991_n.jpg?stp=dst-jpg_e35_tt6&_nc_cat=106&ig_cache_key=Mzk3MDc4NzgzMjYxOTg0ODE2Mw%3D%3D.3-ccb7-5&ccb=7-5&_nc_sid=58cdad&efg=eyJ2ZW5jb2RlX3RhZyI6IkNBUk9VU0VMX0lURU0ueHBpZHMuMTA4MC5zZHIucmVndWxhcl9waG90by5DMyJ9&_nc_ohc=myPGG8GAEqkQ7kNvwGTcb9I&_nc_oc=AdotyJ0U7-8_sLo8qfL9hcAUr-o67JwXqVueUqr5IQZJnMdhUZHDNW_TX0L3aEj2ckc&_nc_ad=z-m&_nc_cid=0&_nc_zt=23&_nc_ht=instagram.fktw1-1.fna&_nc_gid=ZNXNGK1plMjaDRCkkAylFA&_nc_ss=7a22e&oh=00_AQGVMH442dwBA7G9EyyclblhXVTqXIZHTyQy3oCh4706uw&oe=6A97BA84,https://www.instagram.com/p/DcbEo2aliuR/
Supermercado São Pedro,Bebidas / Sucos e Diversos,Campari 998ml,56.99,27/08/2026,https://scontent-bos5-1.cdninstagram.com/v/t39.30808-6/785993166_1505168978322885_7442982966970505933_n.jpg?stp=c0.0.1638.2048a_dst-jpg_e35_s1638x2048_tt6&_nc_cat=110&ig_cache_key=Mzk3MzI3Njk2ODM0NzI3MzQzNQ%3D%3D.3-ccb7-5&ccb=7-5&_nc_sid=58cdad&efg=eyJ2ZW5jb2RlX3RhZyI6IkNBUk9VU0VMX0lURU0ueHBpZHMuMTYzOS5zZHIucmVndWxhcl9waG90by5DMyJ9&_nc_ohc=XG9RuKFD9RsQ7kNvwE0O6Yi&_nc_oc=AdrNOfdoiDImHK1tKaueyckNFES1wTo_HzsqBrRb0yXx2dyvyLbAHFqaILDIddlOK4E&_nc_ad=z-m&_nc_cid=0&_nc_zt=23&_nc_ht=scontent-bos5-1.cdninstagram.com&_nc_gid=tefus2BYMonKcSKoKgJN5Q&_nc_ss=7a22e&oh=00_AQH35XKJVKqJg3LClPrFY0TmcZEvqaiYIZA_B7mJHQOfKQ&oe=6A97B8CE,https://www.instagram.com/p/Dcj6lyLlKpL/
SUPERMERCADO PARANAENSE,Carnes / Aves,Steak de Frango Seara 100g,1.99,25/08/2026,https://scontent-fra3-1.cdninstagram.com/v/t51.82787-15/786374804_17907135297496981_3284822547929331185_n.jpg?stp=dst-jpg_e35_tt6&_nc_cat=108&ig_cache_key=Mzk3MTUxMTM1MzQ1NTYyODIxNA%3D%3D.3-ccb7-5&ccb=7-5&_nc_sid=58cdad&efg=eyJ2ZW5jb2RlX3RhZyI6IkZFRUQueHBpZHMuMTM1MC5zZHIucmVndWxhcl9waG90by5DMyJ9&_nc_ohc=Lh1PDU5a_NcQ7kNvwHRgx8E&_nc_oc=Ado_ugE0xr6qbVNhg3VQkn4Et9o8ujEzC5-6w-jpV5dgznrkZzRIZbE3YYslNXjqges&_nc_ad=z-m&_nc_cid=0&_nc_zt=23&_nc_ht=scontent-fra3-1.cdninstagram.com&_nc_gid=kww7j6xPMxEEP18b0yWTkA&_nc_ss=7a22e&oh=00_AQGh01Ql-xaPtM0H50R8x4dS1hx__5ZEE198XJVFCwHupw&oe=6A97E4BE,https://www.instagram.com/p/DcdpIi0J0-2/
Supermercado Tuiuiú,Carnes / Aves,Coxa e Sobrecoxa de Frango kg,5.89,28/08/2026,https://scontent-man2-1.cdninstagram.com/v/t39.30808-6/784232177_1720016766798808_2199971508535547197_n.jpg?stp=dst-jpg_e35_tt6&_nc_cat=111&ig_cache_key=Mzk3MzM0Mjg3OTgyMjMyNDE3Mg%3D%3D.3-ccb7-5&ccb=7-5&_nc_sid=58cdad&efg=eyJ2ZW5jb2RlX3RhZyI6IkNBUk9VU0VMX0lURU0ueHBpZHMuMTI1NC5zZHIucmVndWxhcl9waG90by5DMyJ9&_nc_ohc=p0-_YO7HB9IQ7kNvwFW6l4t&_nc_oc=AdpDnxmlSKJ1P7l--L6nf6n2JjNCpctcRXLnroAl8-Zps1KhkYRcFViee4v0hgO123Q&_nc_ad=z-m&_nc_cid=0&_nc_zt=23&_nc_ht=scontent-man2-1.cdninstagram.com&_nc_gid=Oh1mrcvHg1sPnWTYozeyJw&_nc_ss=7a22e&oh=00_AQFwD06QnsgEkwhe1B7ZL7tzL3GUipLULAq2MonlY11XSw&oe=6A97D7E4,https://www.instagram.com/p/DckJlYyI3Tu/
Bom Jesus Primavera do Leste 🛒,Carnes / Aves,Frango A Passarinho Bello 800g,8.99,26/08/2026,https://instagram.fktw1-1.fna.fbcdn.net/v/t51.82787-15/786656678_18374533654237813_1357775697752571265_n.jpg?stp=dst-jpg_e35_tt6&_nc_cat=102&ig_cache_key=Mzk3MjE2ODE2MTUzODk3MjI2NA%3D%3D.3-ccb7-5&ccb=7-5&_nc_sid=58cdad&efg=eyJ2ZW5jb2RlX3RhZyI6IkNBUk9VU0VMX0lURU0ueHBpZHMuMTA4MC5zZHIucmVndWxhcl9waG90by5DMyJ9&_nc_ohc=E3K-BzvU7NkQ7kNvwFPD8M5&_nc_oc=AdpseN54VqnZluFjH3qZ3rqjr8o1Hw7zh3OQ3cCkAXd_RWyrjKvomWBm06_Oo4KrtaQ&_nc_ad=z-m&_nc_cid=0&_nc_zt=23&_nc_ht=instagram.fktw1-1.fna&_nc_gid=PKeWG31E_OO96xbNbCbRww&_nc_ss=7a22e&oh=00_AQETuNAiKLK4FGxp6nx1-cMLS1tROLflzjRGHMmrNTfC9A&oe=6A97B825,https://www.instagram.com/p/Dcf-fgoloPJ/
Bom Jesus Primavera do Leste 🛒,Carnes / Aves,Frango Inteiro Seara kg,9.69,26/08/2026,https://instagram.fktw4-1.fna.fbcdn.net/v/t51.82787-15/786433730_18374533639237813_3285427351558996853_n.jpg?stp=dst-jpg_e35_tt6&_nc_cat=108&ig_cache_key=Mzk3MjE2ODE2MDExNDQ2ODEyNg%3D%3D.3-ccb7-5&ccb=7-5&_nc_sid=58cdad&efg=eyJ2ZW5jb2RlX3RhZyI6IkNBUk9VU0VMX0lURU0ueHBpZHMuMTA4MC5zZHIucmVndWxhcl9waG90by5DMyJ9&_nc_ohc=NsGACeUcnlQQ7kNvwGD1TbS&_nc_oc=AdpDYNLOs7YQyj8Rb1M5FahFvHbFwwM78SVLcXBp7bSG7_ZPmU-4vOtD09XmR6a4XXc&_nc_ad=z-m&_nc_cid=0&_nc_zt=23&_nc_ht=instagram.fktw4-1.fna&_nc_gid=PKeWG31E_OO96xbNbCbRww&_nc_ss=7a22e&oh=00_AQFltTqJY71E8J6NOqlaeE53oAxd28H4LKZpQH9OEwmtew&oe=6A97DB55,https://www.instagram.com/p/Dcf-fgoloPJ/
Supermercado São Pedro,Carnes / Aves,Coxas de Frango Sadia 1kg,10.99,27/08/2026,https://scontent-bos5-1.cdninstagram.com/v/t39.30808-6/785993166_1505168978322885_7442982966970505933_n.jpg?stp=c0.0.1638.2048a_dst-jpg_e35_s1638x2048_tt6&_nc_cat=110&ig_cache_key=Mzk3MzI3Njk2ODM0NzI3MzQzNQ%3D%3D.3-ccb7-5&ccb=7-5&_nc_sid=58cdad&efg=eyJ2ZW5jb2RlX3RhZyI6IkNBUk9VU0VMX0lURU0ueHBpZHMuMTYzOS5zZHIucmVndWxhcl9waG90by5DMyJ9&_nc_ohc=XG9RuKFD9RsQ7kNvwE0O6Yi&_nc_oc=AdrNOfdoiDImHK1tKaueyckNFES1wTo_HzsqBrRb0yXx2dyvyLbAHFqaILDIddlOK4E&_nc_ad=z-m&_nc_cid=0&_nc_zt=23&_nc_ht=scontent-bos5-1.cdninstagram.com&_nc_gid=tefus2BYMonKcSKoKgJN5Q&_nc_ss=7a22e&oh=00_AQH35XKJVKqJg3LClPrFY0TmcZEvqaiYIZA_B7mJHQOfKQ&oe=6A97B8CE,https://www.instagram.com/p/Dcj6lyLlKpL/
Supermercado São Pedro,Carnes / Aves,Frango Inteiro Seara kg,10.99,25/08/2026,https://scontent-cdg4-1.cdninstagram.com/v/t39.30808-6/784428542_1503489418490841_697405957732902936_n.jpg?stp=dst-jpg_e35_tt6&_nc_cat=102&ig_cache_key=Mzk3MTgyNzk2NDE0ODc5MzU5NA%3D%3D.3-ccb7-5&ccb=7-5&_nc_sid=58cdad&efg=eyJ2ZW5jb2RlX3RhZyI6IkZFRUQueHBpZHMuMTYzOS5zZHIucmVndWxhcl9waG90by5DMyJ9&_nc_ohc=lahhkTUGus0Q7kNvwH9S1HS&_nc_oc=Adqzpe26NNEIgL11_-99PbnwKKsNOTm7mJQpQTT7Z3ezDvmT5yoHime4NpgbtneZf4PRFVoMnTfPUSGIQXrbL9uN&_nc_ad=z-m&_nc_cid=0&_nc_zt=23&_nc_ht=scontent-cdg4-1.cdninstagram.com&_nc_gid=dBWbPpDbzRAuRx_PrvAKAA&_nc_ss=7a22e&oh=00_AQHGTds9cP7jlOi84o9CH_61OUSC_zTxDXtf1nHP1C5PnQ&oe=6A97B07A,https://www.instagram.com/p/DcexH1gDUD6/
Bom Jesus Primavera do Leste 🛒,Carnes / Aves,Coxinha da Asa Bello 800g,10.99,26/08/2026,https://instagram.fktw1-1.fna.fbcdn.net/v/t51.82787-15/786656678_18374533654237813_1357775697752571265_n.jpg?stp=dst-jpg_e35_tt6&_nc_cat=102&ig_cache_key=Mzk3MjE2ODE2MTUzODk3MjI2NA%3D%3D.3-ccb7-5&ccb=7-5&_nc_sid=58cdad&efg=eyJ2ZW5jb2RlX3RhZyI6IkNBUk9VU0VMX0lURU0ueHBpZHMuMTA4MC5zZHIucmVndWxhcl9waG90by5DMyJ9&_nc_ohc=E3K-BzvU7NkQ7kNvwFPD8M5&_nc_oc=AdpseN54VqnZluFjH3qZ3rqjr8o1Hw7zh3OQ3cCkAXd_RWyrjKvomWBm06_Oo4KrtaQ&_nc_ad=z-m&_nc_cid=0&_nc_zt=23&_nc_ht=instagram.fktw1-1.fna&_nc_gid=PKeWG31E_OO96xbNbCbRww&_nc_ss=7a22e&oh=00_AQETuNAiKLK4FGxp6nx1-cMLS1tROLflzjRGHMmrNTfC9A&oe=6A97B825,https://www.instagram.com/p/Dcf-fgoloPJ/
SUPERMERCADO PARANAENSE,Carnes / Aves,Frango Inteiro Seara kg,10.99,25/08/2026,https://scontent-fra3-1.cdninstagram.com/v/t51.82787-15/786374804_17907135297496981_3284822547929331185_n.jpg?stp=dst-jpg_e35_tt6&_nc_cat=108&ig_cache_key=Mzk3MTUxMTM1MzQ1NTYyODIxNA%3D%3D.3-ccb7-5&ccb=7-5&_nc_sid=58cdad&efg=eyJ2ZW5jb2RlX3RhZyI6IkZFRUQueHBpZHMuMTM1MC5zZHIucmVndWxhcl9waG90by5DMyJ9&_nc_ohc=Lh1PDU5a_NcQ7kNvwHRgx8E&_nc_oc=Ado_ugE0xr6qbVNhg3VQkn4Et9o8ujEzC5-6w-jpV5dgznrkZzRIZbE3YYslNXjqges&_nc_ad=z-m&_nc_cid=0&_nc_zt=23&_nc_ht=scontent-fra3-1.cdninstagram.com&_nc_gid=kww7j6xPMxEEP18b0yWTkA&_nc_ss=7a22e&oh=00_AQGh01Ql-xaPtM0H50R8x4dS1hx__5ZEE198XJVFCwHupw&oe=6A97E4BE,https://www.instagram.com/p/DcdpIi0J0-2/
Supermercado São Pedro,Carnes / Aves,Coxinha das Asas Sadia 1kg,14.49,25/08/2026,https://scontent-cdg4-1.cdninstagram.com/v/t39.30808-6/784428542_1503489418490841_697405957732902936_n.jpg?stp=dst-jpg_e35_tt6&_nc_cat=102&ig_cache_key=Mzk3MTgyNzk2NDE0ODc5MzU5NA%3D%3D.3-ccb7-5&ccb=7-5&_nc_sid=58cdad&efg=eyJ2ZW5jb2RlX3RhZyI6IkZFRUQueHBpZHMuMTYzOS5zZHIucmVndWxhcl9waG90by5DMyJ9&_nc_ohc=lahhkTUGus0Q7kNvwH9S1HS&_nc_oc=Adqzpe26NNEIgL11_-99PbnwKKsNOTm7mJQpQTT7Z3ezDvmT5yoHime4NpgbtneZf4PRFVoMnTfPUSGIQXrbL9uN&_nc_ad=z-m&_nc_cid=0&_nc_zt=23&_nc_ht=scontent-cdg4-1.cdninstagram.com&_nc_gid=dBWbPpDbzRAuRx_PrvAKAA&_nc_ss=7a22e&oh=00_AQHGTds9cP7jlOi84o9CH_61OUSC_zTxDXtf1nHP1C5PnQ&oe=6A97B07A,https://www.instagram.com/p/DcexH1gDUD6/
Machadão Atacadista,Carnes / Aves,Linguiça de Frango Sadia 700g,14.99,27/08/2026,https://scontent-ams2-1.cdninstagram.com/v/t39.30808-6/787104328_1360550532831571_2281243341389434448_n.jpg?stp=dst-jpg_e35_tt6&_nc_cat=100&ig_cache_key=Mzk3MzE1NjQ3MTc1NjIxMzA2MQ%3D%3D.3-ccb7-5&ccb=7-5&_nc_sid=58cdad&efg=eyJ2ZW5jb2RlX3RhZyI6IkNBUk9VU0VMX0lURU0ueHBpZHMuMTYzOC5zZHIucmVndWxhcl9waG90by5DMyJ9&_nc_ohc=BsEfA1wdsJMQ7kNvwElvBVw&_nc_oc=AdotN0eHRtVwjkYS0BuXdsQlOICDI0TjH6XabtYEUFgI3kDuSHHjpm2VB3u6rM5ijWM&_nc_ad=z-m&_nc_cid=0&_nc_zt=23&_nc_ht=scontent-ams2-1.cdninstagram.com&_nc_gid=W_rvWCImryD4RVuLWt4E6A&_nc_ss=7a22e&oh=00_AQE7taI2tGK-qgb5ER4PL83BiadNx5mlrZy3hOjhiZuBuw&oe=6A97C190,https://www.instagram.com/p/DcjfMcbkgCV/
Supermercado São Pedro,Carnes / Aves,Filé de Peito de Frango Sassami Sadia 1kg,15.99,27/08/2026,https://scontent-bos5-1.cdninstagram.com/v/t39.30808-6/785993166_1505168978322885_7442982966970505933_n.jpg?stp=c0.0.1638.2048a_dst-jpg_e35_s1638x2048_tt6&_nc_cat=110&ig_cache_key=Mzk3MzI3Njk2ODM0NzI3MzQzNQ%3D%3D.3-ccb7-5&ccb=7-5&_nc_sid=58cdad&efg=eyJ2ZW5jb2RlX3RhZyI6IkNBUk9VU0VMX0lURU0ueHBpZHMuMTYzOS5zZHIucmVndWxhcl9waG90by5DMyJ9&_nc_ohc=XG9RuKFD9RsQ7kNvwE0O6Yi&_nc_oc=AdrNOfdoiDImHK1tKaueyckNFES1wTo_HzsqBrRb0yXx2dyvyLbAHFqaILDIddlOK4E&_nc_ad=z-m&_nc_cid=0&_nc_zt=23&_nc_ht=scontent-bos5-1.cdninstagram.com&_nc_gid=tefus2BYMonKcSKoKgJN5Q&_nc_ss=7a22e&oh=00_AQH35XKJVKqJg3LClPrFY0TmcZEvqaiYIZA_B7mJHQOfKQ&oe=6A97B8CE,https://www.instagram.com/p/Dcj6lyLlKpL/
Supermercado São Pedro,Carnes / Aves,Filé de Peito de Frango kg,16.49,24/08/2026,https://scontent-gmp1-1.cdninstagram.com/v/t51.82787-15/779866028_18195137623382122_1225681475285530325_n.jpg?stp=dst-jpg_e35_tt6&_nc_cat=104&ig_cache_key=Mzk3MDg5NTAzMjEwMDYxNzYxMA%3D%3D.3-ccb7-5&ccb=7-5&_nc_sid=58cdad&efg=eyJ2ZW5jb2RlX3RhZyI6IkZFRUQueHBpZHMuMzI0OC5zZHIucmVndWxhcl9waG90by5DMyJ9&_nc_ohc=40xkhSQE8g4Q7kNvwHrZ6fS&_nc_oc=AdrQwhyO2locrqA9fhJGOet0h1z6OSsYR_JGHtkSpAE_SO1Qxhq4nZ1AaPAQZOIjiCM&_nc_ad=z-m&_nc_cid=0&_nc_zt=23&_nc_ht=scontent-gmp1-1.cdninstagram.com&_nc_gid=piuLZ9j-qv6denTdiMpN-w&_nc_ss=7a22e&oh=00_AQHlBvIUNmHk7i3Qkz9ssRG8EZJIjOAq6Lm63Ods05W5Gw&oe=6A97C121,https://www.instagram.com/p/Dcbc_40uH2K/
Machadão Atacadista,Carnes / Aves,Filé de Peito de Frango Seara 1kg,19.79,27/08/2026,https://scontent-ams2-1.cdninstagram.com/v/t39.30808-6/787104328_1360550532831571_2281243341389434448_n.jpg?stp=dst-jpg_e35_tt6&_nc_cat=100&ig_cache_key=Mzk3MzE1NjQ3MTc1NjIxMzA2MQ%3D%3D.3-ccb7-5&ccb=7-5&_nc_sid=58cdad&efg=eyJ2ZW5jb2RlX3RhZyI6IkNBUk9VU0VMX0lURU0ueHBpZHMuMTYzOC5zZHIucmVndWxhcl9waG90by5DMyJ9&_nc_ohc=BsEfA1wdsJMQ7kNvwElvBVw&_nc_oc=AdotN0eHRtVwjkYS0BuXdsQlOICDI0TjH6XabtYEUFgI3kDuSHHjpm2VB3u6rM5ijWM&_nc_ad=z-m&_nc_cid=0&_nc_zt=23&_nc_ht=scontent-ams2-1.cdninstagram.com&_nc_gid=W_rvWCImryD4RVuLWt4E6A&_nc_ss=7a22e&oh=00_AQE7taI2tGK-qgb5ER4PL83BiadNx5mlrZy3hOjhiZuBuw&oe=6A97C190,https://www.instagram.com/p/DcjfMcbkgCV/
Supermercado São Pedro,Carnes / Aves,Meio da Asa de Frango kg,24.99,28/08/2026,https://scontent-ams2-1.cdninstagram.com/v/t51.82787-15/787853786_18195711469382122_4084613579796731411_n.jpg?stp=dst-jpg_e35_tt6&_nc_cat=101&ig_cache_key=Mzk3MzY3MjU2ODk4MzkzOTE2MQ%3D%3D.3-ccb7-5&ccb=7-5&_nc_sid=58cdad&efg=eyJ2ZW5jb2RlX3RhZyI6IkNBUk9VU0VMX0lURU0ueHBpZHMuMTA4MS5zZHIucmVndWxhcl9waG90by5DMyJ9&_nc_ohc=mrOwFRh3sK8Q7kNvwGuiPxU&_nc_oc=AdocWchk5QRpVZ8dLBXgW047kqu1zOIqox1GJTIk1w9BH6Gir0_2USO05ktxY04PMUA&_nc_ad=z-m&_nc_cid=0&_nc_zt=23&_nc_ht=scontent-ams2-1.cdninstagram.com&_nc_gid=Ch_pIkgnkh3nrU1AQJdMyg&_nc_ss=7a22e&oh=00_AQFkCEs3hpn9RALf_1PUmHbNNicLtXSXUXy77R9obJWZgw&oe=6A97CD87,https://www.instagram.com/p/DclUqI1G7TG/
SUPERMERCADO PARANAENSE,Carnes / Aves,Meio da Asa Seara 1kg,28.99,25/08/2026,https://scontent-fra3-1.cdninstagram.com/v/t51.82787-15/786374804_17907135297496981_3284822547929331185_n.jpg?stp=dst-jpg_e35_tt6&_nc_cat=108&ig_cache_key=Mzk3MTUxMTM1MzQ1NTYyODIxNA%3D%3D.3-ccb7-5&ccb=7-5&_nc_sid=58cdad&efg=eyJ2ZW5jb2RlX3RhZyI6IkZFRUQueHBpZHMuMTM1MC5zZHIucmVndWxhcl9waG90by5DMyJ9&_nc_ohc=Lh1PDU5a_NcQ7kNvwHRgx8E&_nc_oc=Ado_ugE0xr6qbVNhg3VQkn4Et9o8ujEzC5-6w-jpV5dgznrkZzRIZbE3YYslNXjqges&_nc_ad=z-m&_nc_cid=0&_nc_zt=23&_nc_ht=scontent-fra3-1.cdninstagram.com&_nc_gid=kww7j6xPMxEEP18b0yWTkA&_nc_ss=7a22e&oh=00_AQGh01Ql-xaPtM0H50R8x4dS1hx__5ZEE198XJVFCwHupw&oe=6A97E4BE,https://www.instagram.com/p/DcdpIi0J0-2/
Supermercado São Pedro,Carnes / Bovina,Paleta Suína kg,8.98,25/08/2026,https://scontent-cdg4-1.cdninstagram.com/v/t39.30808-6/784428542_1503489418490841_697405957732902936_n.jpg?stp=dst-jpg_e35_tt6&_nc_cat=102&ig_cache_key=Mzk3MTgyNzk2NDE0ODc5MzU5NA%3D%3D.3-ccb7-5&ccb=7-5&_nc_sid=58cdad&efg=eyJ2ZW5jb2RlX3RhZyI6IkZFRUQueHBpZHMuMTYzOS5zZHIucmVndWxhcl9waG90by5DMyJ9&_nc_ohc=lahhkTUGus0Q7kNvwH9S1HS&_nc_oc=Adqzpe26NNEIgL11_-99PbnwKKsNOTm7mJQpQTT7Z3ezDvmT5yoHime4NpgbtneZf4PRFVoMnTfPUSGIQXrbL9uN&_nc_ad=z-m&_nc_cid=0&_nc_zt=23&_nc_ht=scontent-cdg4-1.cdninstagram.com&_nc_gid=dBWbPpDbzRAuRx_PrvAKAA&_nc_ss=7a22e&oh=00_AQHGTds9cP7jlOi84o9CH_61OUSC_zTxDXtf1nHP1C5PnQ&oe=6A97B07A,https://www.instagram.com/p/DcexH1gDUD6/
Bom Jesus Primavera do Leste 🛒,Carnes / Bovina,Pernil e Paleta Suína Frigorífico Ochove kg,9.99,26/08/2026,https://instagram.fktw1-1.fna.fbcdn.net/v/t51.82787-15/786656678_18374533654237813_1357775697752571265_n.jpg?stp=dst-jpg_e35_tt6&_nc_cat=102&ig_cache_key=Mzk3MjE2ODE2MTUzODk3MjI2NA%3D%3D.3-ccb7-5&ccb=7-5&_nc_sid=58cdad&efg=eyJ2ZW5jb2RlX3RhZyI6IkNBUk9VU0VMX0lURU0ueHBpZHMuMTA4MC5zZHIucmVndWxhcl9waG90by5DMyJ9&_nc_ohc=E3K-BzvU7NkQ7kNvwFPD8M5&_nc_oc=AdpseN54VqnZluFjH3qZ3rqjr8o1Hw7zh3OQ3cCkAXd_RWyrjKvomWBm06_Oo4KrtaQ&_nc_ad=z-m&_nc_cid=0&_nc_zt=23&_nc_ht=instagram.fktw1-1.fna&_nc_gid=PKeWG31E_OO96xbNbCbRww&_nc_ss=7a22e&oh=00_AQETuNAiKLK4FGxp6nx1-cMLS1tROLflzjRGHMmrNTfC9A&oe=6A97B825,https://www.instagram.com/p/Dcf-fgoloPJ/
Bom Jesus Primavera do Leste 🛒,Carnes / Bovina,Bisteca Suína Excelência kg,12.99,26/08/2026,https://instagram.fktw1-1.fna.fbcdn.net/v/t51.82787-15/786656678_18374533654237813_1357775697752571265_n.jpg?stp=dst-jpg_e35_tt6&_nc_cat=102&ig_cache_key=Mzk3MjE2ODE2MTUzODk3MjI2NA%3D%3D.3-ccb7-5&ccb=7-5&_nc_sid=58cdad&efg=eyJ2ZW5jb2RlX3RhZyI6IkNBUk9VU0VMX0lURU0ueHBpZHMuMTA4MC5zZHIucmVndWxhcl9waG90by5DMyJ9&_nc_ohc=E3K-BzvU7NkQ7kNvwFPD8M5&_nc_oc=AdpseN54VqnZluFjH3qZ3rqjr8o1Hw7zh3OQ3cCkAXd_RWyrjKvomWBm06_Oo4KrtaQ&_nc_ad=z-m&_nc_cid=0&_nc_zt=23&_nc_ht=instagram.fktw1-1.fna&_nc_gid=PKeWG31E_OO96xbNbCbRww&_nc_ss=7a22e&oh=00_AQETuNAiKLK4FGxp6nx1-cMLS1tROLflzjRGHMmrNTfC9A&oe=6A97B825,https://www.instagram.com/p/Dcf-fgoloPJ/
Supermercado Tuiuiú,Carnes / Bovina,Costela Suína kg,15.99,28/08/2026,https://scontent-man2-1.cdninstagram.com/v/t39.30808-6/784232177_1720016766798808_2199971508535547197_n.jpg?stp=dst-jpg_e35_tt6&_nc_cat=111&ig_cache_key=Mzk3MzM0Mjg3OTgyMjMyNDE3Mg%3D%3D.3-ccb7-5&ccb=7-5&_nc_sid=58cdad&efg=eyJ2ZW5jb2RlX3RhZyI6IkNBUk9VU0VMX0lURU0ueHBpZHMuMTI1NC5zZHIucmVndWxhcl9waG90by5DMyJ9&_nc_ohc=p0-_YO7HB9IQ7kNvwFW6l4t&_nc_oc=AdpDnxmlSKJ1P7l--L6nf6n2JjNCpctcRXLnroAl8-Zps1KhkYRcFViee4v0hgO123Q&_nc_ad=z-m&_nc_cid=0&_nc_zt=23&_nc_ht=scontent-man2-1.cdninstagram.com&_nc_gid=Oh1mrcvHg1sPnWTYozeyJw&_nc_ss=7a22e&oh=00_AQFwD06QnsgEkwhe1B7ZL7tzL3GUipLULAq2MonlY11XSw&oe=6A97D7E4,https://www.instagram.com/p/DckJlYyI3Tu/
Supermercado Tuiuiú,Carnes / Bovina,Costela Fina Bovina kg,18.99,28/08/2026,https://scontent-man2-1.cdninstagram.com/v/t39.30808-6/784232177_1720016766798808_2199971508535547197_n.jpg?stp=dst-jpg_e35_tt6&_nc_cat=111&ig_cache_key=Mzk3MzM0Mjg3OTgyMjMyNDE3Mg%3D%3D.3-ccb7-5&ccb=7-5&_nc_sid=58cdad&efg=eyJ2ZW5jb2RlX3RhZyI6IkNBUk9VU0VMX0lURU0ueHBpZHMuMTI1NC5zZHIucmVndWxhcl9waG90by5DMyJ9&_nc_ohc=p0-_YO7HB9IQ7kNvwFW6l4t&_nc_oc=AdpDnxmlSKJ1P7l--L6nf6n2JjNCpctcRXLnroAl8-Zps1KhkYRcFViee4v0hgO123Q&_nc_ad=z-m&_nc_cid=0&_nc_zt=23&_nc_ht=scontent-man2-1.cdninstagram.com&_nc_gid=Oh1mrcvHg1sPnWTYozeyJw&_nc_ss=7a22e&oh=00_AQFwD06QnsgEkwhe1B7ZL7tzL3GUipLULAq2MonlY11XSw&oe=6A97D7E4,https://www.instagram.com/p/DckJlYyI3Tu/
Supermercado Tuiuiú,Carnes / Bovina,Costela Grossa Bovina kg,18.99,28/08/2026,https://scontent-man2-1.cdninstagram.com/v/t39.30808-6/784232177_1720016766798808_2199971508535547197_n.jpg?stp=dst-jpg_e35_tt6&_nc_cat=111&ig_cache_key=Mzk3MzM0Mjg3OTgyMjMyNDE3Mg%3D%3D.3-ccb7-5&ccb=7-5&_nc_sid=58cdad&efg=eyJ2ZW5jb2RlX3RhZyI6IkNBUk9VU0VMX0lURU0ueHBpZHMuMTI1NC5zZHIucmVndWxhcl9waG90by5DMyJ9&_nc_ohc=p0-_YO7HB9IQ7kNvwFW6l4t&_nc_oc=AdpDnxmlSKJ1P7l--L6nf6n2JjNCpctcRXLnroAl8-Zps1KhkYRcFViee4v0hgO123Q&_nc_ad=z-m&_nc_cid=0&_nc_zt=23&_nc_ht=scontent-man2-1.cdninstagram.com&_nc_gid=Oh1mrcvHg1sPnWTYozeyJw&_nc_ss=7a22e&oh=00_AQFwD06QnsgEkwhe1B7ZL7tzL3GUipLULAq2MonlY11XSw&oe=6A97D7E4,https://www.instagram.com/p/DckJlYyI3Tu/
Bom Jesus Primavera do Leste 🛒,Carnes / Bovina,Acém e Músculo com Osso Sulbeef kg,21.99,26/08/2026,https://instagram.fktw4-1.fna.fbcdn.net/v/t51.82787-15/786837850_18374533663237813_2968687181146751427_n.jpg?stp=dst-jpg_e35_tt6&_nc_cat=100&ig_cache_key=Mzk3MjE2ODE2MTY3MzMwMjgxMg%3D%3D.3-ccb7-5&ccb=7-5&_nc_sid=58cdad&efg=eyJ2ZW5jb2RlX3RhZyI6IkNBUk9VU0VMX0lURU0ueHBpZHMuMTA4MC5zZHIucmVndWxhcl9waG90by5DMyJ9&_nc_ohc=SYZyJZ31VbUQ7kNvwEOWs2J&_nc_oc=AdqpKjKxsZ7ot3N4oU482_9TygvblCc4tjiTCLWYc7ObnRUvJsRErOJIoA5fvHYgu0Q&_nc_ad=z-m&_nc_cid=0&_nc_zt=23&_nc_ht=instagram.fktw4-1.fna&_nc_gid=PKeWG31E_OO96xbNbCbRww&_nc_ss=7a22e&oh=00_AQHHkJomv6yUMRLSyd_iHYBiT3rTwwZIlyeWwGP1KkFidA&oe=6A97C24B,https://www.instagram.com/p/Dcf-fgoloPJ/
Supermercado São Pedro,Carnes / Bovina,Costela Suína kg,22.99,28/08/2026,https://scontent-ams2-1.cdninstagram.com/v/t51.82787-15/787853786_18195711469382122_4084613579796731411_n.jpg?stp=dst-jpg_e35_tt6&_nc_cat=101&ig_cache_key=Mzk3MzY3MjU2ODk4MzkzOTE2MQ%3D%3D.3-ccb7-5&ccb=7-5&_nc_sid=58cdad&efg=eyJ2ZW5jb2RlX3RhZyI6IkNBUk9VU0VMX0lURU0ueHBpZHMuMTA4MS5zZHIucmVndWxhcl9waG90by5DMyJ9&_nc_ohc=mrOwFRh3sK8Q7kNvwGuiPxU&_nc_oc=AdocWchk5QRpVZ8dLBXgW047kqu1zOIqox1GJTIk1w9BH6Gir0_2USO05ktxY04PMUA&_nc_ad=z-m&_nc_cid=0&_nc_zt=23&_nc_ht=scontent-ams2-1.cdninstagram.com&_nc_gid=Ch_pIkgnkh3nrU1AQJdMyg&_nc_ss=7a22e&oh=00_AQFkCEs3hpn9RALf_1PUmHbNNicLtXSXUXy77R9obJWZgw&oe=6A97CD87,https://www.instagram.com/p/DclUqI1G7TG/
Supermercado São Pedro,Carnes / Bovina,Carne Moída kg,22.99,24/08/2026,https://scontent-gmp1-1.cdninstagram.com/v/t51.82787-15/779866028_18195137623382122_1225681475285530325_n.jpg?stp=dst-jpg_e35_tt6&_nc_cat=104&ig_cache_key=Mzk3MDg5NTAzMjEwMDYxNzYxMA%3D%3D.3-ccb7-5&ccb=7-5&_nc_sid=58cdad&efg=eyJ2ZW5jb2RlX3RhZyI6IkZFRUQueHBpZHMuMzI0OC5zZHIucmVndWxhcl9waG90by5DMyJ9&_nc_ohc=40xkhSQE8g4Q7kNvwHrZ6fS&_nc_oc=AdrQwhyO2locrqA9fhJGOet0h1z6OSsYR_JGHtkSpAE_SO1Qxhq4nZ1AaPAQZOIjiCM&_nc_ad=z-m&_nc_cid=0&_nc_zt=23&_nc_ht=scontent-gmp1-1.cdninstagram.com&_nc_gid=piuLZ9j-qv6denTdiMpN-w&_nc_ss=7a22e&oh=00_AQHlBvIUNmHk7i3Qkz9ssRG8EZJIjOAq6Lm63Ods05W5Gw&oe=6A97C121,https://www.instagram.com/p/Dcbc_40uH2K/
Supermercado São Pedro,Carnes / Bovina,Acém Bovino com Osso kg,23.48,25/08/2026,https://scontent-cdg4-1.cdninstagram.com/v/t39.30808-6/784428542_1503489418490841_697405957732902936_n.jpg?stp=dst-jpg_e35_tt6&_nc_cat=102&ig_cache_key=Mzk3MTgyNzk2NDE0ODc5MzU5NA%3D%3D.3-ccb7-5&ccb=7-5&_nc_sid=58cdad&efg=eyJ2ZW5jb2RlX3RhZyI6IkZFRUQueHBpZHMuMTYzOS5zZHIucmVndWxhcl9waG90by5DMyJ9&_nc_ohc=lahhkTUGus0Q7kNvwH9S1HS&_nc_oc=Adqzpe26NNEIgL11_-99PbnwKKsNOTm7mJQpQTT7Z3ezDvmT5yoHime4NpgbtneZf4PRFVoMnTfPUSGIQXrbL9uN&_nc_ad=z-m&_nc_cid=0&_nc_zt=23&_nc_ht=scontent-cdg4-1.cdninstagram.com&_nc_gid=dBWbPpDbzRAuRx_PrvAKAA&_nc_ss=7a22e&oh=00_AQHGTds9cP7jlOi84o9CH_61OUSC_zTxDXtf1nHP1C5PnQ&oe=6A97B07A,https://www.instagram.com/p/DcexH1gDUD6/
Supermercado São Pedro,Carnes / Bovina,Paleta Bovina com Osso kg,24.48,25/08/2026,https://scontent-cdg4-1.cdninstagram.com/v/t39.30808-6/784428542_1503489418490841_697405957732902936_n.jpg?stp=dst-jpg_e35_tt6&_nc_cat=102&ig_cache_key=Mzk3MTgyNzk2NDE0ODc5MzU5NA%3D%3D.3-ccb7-5&ccb=7-5&_nc_sid=58cdad&efg=eyJ2ZW5jb2RlX3RhZyI6IkZFRUQueHBpZHMuMTYzOS5zZHIucmVndWxhcl9waG90by5DMyJ9&_nc_ohc=lahhkTUGus0Q7kNvwH9S1HS&_nc_oc=Adqzpe26NNEIgL11_-99PbnwKKsNOTm7mJQpQTT7Z3ezDvmT5yoHime4NpgbtneZf4PRFVoMnTfPUSGIQXrbL9uN&_nc_ad=z-m&_nc_cid=0&_nc_zt=23&_nc_ht=scontent-cdg4-1.cdninstagram.com&_nc_gid=dBWbPpDbzRAuRx_PrvAKAA&_nc_ss=7a22e&oh=00_AQHGTds9cP7jlOi84o9CH_61OUSC_zTxDXtf1nHP1C5PnQ&oe=6A97B07A,https://www.instagram.com/p/DcexH1gDUD6/
Supermercado São Pedro,Carnes / Bovina,Costela Bovina kg,24.99,27/08/2026,https://scontent-bos5-1.cdninstagram.com/v/t39.30808-6/785993166_1505168978322885_7442982966970505933_n.jpg?stp=c0.0.1638.2048a_dst-jpg_e35_s1638x2048_tt6&_nc_cat=110&ig_cache_key=Mzk3MzI3Njk2ODM0NzI3MzQzNQ%3D%3D.3-ccb7-5&ccb=7-5&_nc_sid=58cdad&efg=eyJ2ZW5jb2RlX3RhZyI6IkNBUk9VU0VMX0lURU0ueHBpZHMuMTYzOS5zZHIucmVndWxhcl9waG90by5DMyJ9&_nc_ohc=XG9RuKFD9RsQ7kNvwE0O6Yi&_nc_oc=AdrNOfdoiDImHK1tKaueyckNFES1wTo_HzsqBrRb0yXx2dyvyLbAHFqaILDIddlOK4E&_nc_ad=z-m&_nc_cid=0&_nc_zt=23&_nc_ht=scontent-bos5-1.cdninstagram.com&_nc_gid=tefus2BYMonKcSKoKgJN5Q&_nc_ss=7a22e&oh=00_AQH35XKJVKqJg3LClPrFY0TmcZEvqaiYIZA_B7mJHQOfKQ&oe=6A97B8CE,https://www.instagram.com/p/Dcj6lyLlKpL/
Supermercado São Pedro,Carnes / Bovina,Costela Bovina kg,24.99,24/08/2026,https://scontent-gmp1-1.cdninstagram.com/v/t51.82787-15/779866028_18195137623382122_1225681475285530325_n.jpg?stp=dst-jpg_e35_tt6&_nc_cat=104&ig_cache_key=Mzk3MDg5NTAzMjEwMDYxNzYxMA%3D%3D.3-ccb7-5&ccb=7-5&_nc_sid=58cdad&efg=eyJ2ZW5jb2RlX3RhZyI6IkZFRUQueHBpZHMuMzI0OC5zZHIucmVndWxhcl9waG90by5DMyJ9&_nc_ohc=40xkhSQE8g4Q7kNvwHrZ6fS&_nc_oc=AdrQwhyO2locrqA9fhJGOet0h1z6OSsYR_JGHtkSpAE_SO1Qxhq4nZ1AaPAQZOIjiCM&_nc_ad=z-m&_nc_cid=0&_nc_zt=23&_nc_ht=scontent-gmp1-1.cdninstagram.com&_nc_gid=piuLZ9j-qv6denTdiMpN-w&_nc_ss=7a22e&oh=00_AQHlBvIUNmHk7i3Qkz9ssRG8EZJIjOAq6Lm63Ods05W5Gw&oe=6A97C121,https://www.instagram.com/p/Dcbc_40uH2K/
Supermercado Tuiuiú,Carnes / Bovina,Corte Grill kg,27.99,28/08/2026,https://scontent-man2-1.cdninstagram.com/v/t39.30808-6/784321179_1720016750132143_1243001508239248716_n.jpg?stp=dst-jpg_e35_tt6&_nc_cat=109&ig_cache_key=Mzk3MzM0Mjg4MDE3NDY4MTI1NA%3D%3D.3-ccb7-5&ccb=7-5&_nc_sid=58cdad&efg=eyJ2ZW5jb2RlX3RhZyI6IkNBUk9VU0VMX0lURU0ueHBpZHMuMTI1NC5zZHIucmVndWxhcl9waG90by5DMyJ9&_nc_ohc=uLCBohPgPQYQ7kNvwENG2o2&_nc_oc=AdpIqeRD6CvgVgXKFFWA9WTGUuT7vNppdBJWZemIje2bYmfmlfu3V76RDLQg2A630bg&_nc_ad=z-m&_nc_cid=0&_nc_zt=23&_nc_ht=scontent-man2-1.cdninstagram.com&_nc_gid=Oh1mrcvHg1sPnWTYozeyJw&_nc_ss=7a22e&oh=00_AQFOJaDCH3v0kUninhna4d-YzKlGOwpdtLMzyArKVwtmZA&oe=6A97B219,https://www.instagram.com/p/DckJlYyI3Tu/
Supermercado Tuiuiú,Carnes / Bovina,Corte Americano kg,27.99,28/08/2026,https://scontent-man2-1.cdninstagram.com/v/t39.30808-6/784321179_1720016750132143_1243001508239248716_n.jpg?stp=dst-jpg_e35_tt6&_nc_cat=109&ig_cache_key=Mzk3MzM0Mjg4MDE3NDY4MTI1NA%3D%3D.3-ccb7-5&ccb=7-5&_nc_sid=58cdad&efg=eyJ2ZW5jb2RlX3RhZyI6IkNBUk9VU0VMX0lURU0ueHBpZHMuMTI1NC5zZHIucmVndWxhcl9waG90by5DMyJ9&_nc_ohc=uLCBohPgPQYQ7kNvwENG2o2&_nc_oc=AdpIqeRD6CvgVgXKFFWA9WTGUuT7vNppdBJWZemIje2bYmfmlfu3V76RDLQg2A630bg&_nc_ad=z-m&_nc_cid=0&_nc_zt=23&_nc_ht=scontent-man2-1.cdninstagram.com&_nc_gid=Oh1mrcvHg1sPnWTYozeyJw&_nc_ss=7a22e&oh=00_AQFOJaDCH3v0kUninhna4d-YzKlGOwpdtLMzyArKVwtmZA&oe=6A97B219,https://www.instagram.com/p/DckJlYyI3Tu/
Supermercado São Pedro,Carnes / Bovina,Costela Bovina kg,29.99,28/08/2026,https://scontent-ams2-1.cdninstagram.com/v/t51.82787-15/787853786_18195711469382122_4084613579796731411_n.jpg?stp=dst-jpg_e35_tt6&_nc_cat=101&ig_cache_key=Mzk3MzY3MjU2ODk4MzkzOTE2MQ%3D%3D.3-ccb7-5&ccb=7-5&_nc_sid=58cdad&efg=eyJ2ZW5jb2RlX3RhZyI6IkNBUk9VU0VMX0lURU0ueHBpZHMuMTA4MS5zZHIucmVndWxhcl9waG90by5DMyJ9&_nc_ohc=mrOwFRh3sK8Q7kNvwGuiPxU&_nc_oc=AdocWchk5QRpVZ8dLBXgW047kqu1zOIqox1GJTIk1w9BH6Gir0_2USO05ktxY04PMUA&_nc_ad=z-m&_nc_cid=0&_nc_zt=23&_nc_ht=scontent-ams2-1.cdninstagram.com&_nc_gid=Ch_pIkgnkh3nrU1AQJdMyg&_nc_ss=7a22e&oh=00_AQFkCEs3hpn9RALf_1PUmHbNNicLtXSXUXy77R9obJWZgw&oe=6A97CD87,https://www.instagram.com/p/DclUqI1G7TG/
Bom Jesus Primavera do Leste 🛒,Carnes / Bovina,Capa de Contra Filé Sulbeef kg,32.99,26/08/2026,https://instagram.fktw4-1.fna.fbcdn.net/v/t51.82787-15/786837850_18374533663237813_2968687181146751427_n.jpg?stp=dst-jpg_e35_tt6&_nc_cat=100&ig_cache_key=Mzk3MjE2ODE2MTY3MzMwMjgxMg%3D%3D.3-ccb7-5&ccb=7-5&_nc_sid=58cdad&efg=eyJ2ZW5jb2RlX3RhZyI6IkNBUk9VU0VMX0lURU0ueHBpZHMuMTA4MC5zZHIucmVndWxhcl9waG90by5DMyJ9&_nc_ohc=SYZyJZ31VbUQ7kNvwEOWs2J&_nc_oc=AdqpKjKxsZ7ot3N4oU482_9TygvblCc4tjiTCLWYc7ObnRUvJsRErOJIoA5fvHYgu0Q&_nc_ad=z-m&_nc_cid=0&_nc_zt=23&_nc_ht=instagram.fktw4-1.fna&_nc_gid=PKeWG31E_OO96xbNbCbRww&_nc_ss=7a22e&oh=00_AQHHkJomv6yUMRLSyd_iHYBiT3rTwwZIlyeWwGP1KkFidA&oe=6A97C24B,https://www.instagram.com/p/Dcf-fgoloPJ/
Supermercado São Pedro,Carnes / Bovina,Bisteca Mineira kg,34.98,25/08/2026,https://scontent-cdg4-1.cdninstagram.com/v/t39.30808-6/784428542_1503489418490841_697405957732902936_n.jpg?stp=dst-jpg_e35_tt6&_nc_cat=102&ig_cache_key=Mzk3MTgyNzk2NDE0ODc5MzU5NA%3D%3D.3-ccb7-5&ccb=7-5&_nc_sid=58cdad&efg=eyJ2ZW5jb2RlX3RhZyI6IkZFRUQueHBpZHMuMTYzOS5zZHIucmVndWxhcl9waG90by5DMyJ9&_nc_ohc=lahhkTUGus0Q7kNvwH9S1HS&_nc_oc=Adqzpe26NNEIgL11_-99PbnwKKsNOTm7mJQpQTT7Z3ezDvmT5yoHime4NpgbtneZf4PRFVoMnTfPUSGIQXrbL9uN&_nc_ad=z-m&_nc_cid=0&_nc_zt=23&_nc_ht=scontent-cdg4-1.cdninstagram.com&_nc_gid=dBWbPpDbzRAuRx_PrvAKAA&_nc_ss=7a22e&oh=00_AQHGTds9cP7jlOi84o9CH_61OUSC_zTxDXtf1nHP1C5PnQ&oe=6A97B07A,https://www.instagram.com/p/DcexH1gDUD6/
Supermercado Tuiuiú,Carnes / Bovina,Coxão Duro kg,34.99,28/08/2026,https://scontent-man2-1.cdninstagram.com/v/t39.30808-6/784321179_1720016750132143_1243001508239248716_n.jpg?stp=dst-jpg_e35_tt6&_nc_cat=109&ig_cache_key=Mzk3MzM0Mjg4MDE3NDY4MTI1NA%3D%3D.3-ccb7-5&ccb=7-5&_nc_sid=58cdad&efg=eyJ2ZW5jb2RlX3RhZyI6IkNBUk9VU0VMX0lURU0ueHBpZHMuMTI1NC5zZHIucmVndWxhcl9waG90by5DMyJ9&_nc_ohc=uLCBohPgPQYQ7kNvwENG2o2&_nc_oc=AdpIqeRD6CvgVgXKFFWA9WTGUuT7vNppdBJWZemIje2bYmfmlfu3V76RDLQg2A630bg&_nc_ad=z-m&_nc_cid=0&_nc_zt=23&_nc_ht=scontent-man2-1.cdninstagram.com&_nc_gid=Oh1mrcvHg1sPnWTYozeyJw&_nc_ss=7a22e&oh=00_AQFOJaDCH3v0kUninhna4d-YzKlGOwpdtLMzyArKVwtmZA&oe=6A97B219,https://www.instagram.com/p/DckJlYyI3Tu/
Supermercado São Pedro,Carnes / Bovina,Bisteca Mineira kg,34.99,28/08/2026,https://scontent-ams2-1.cdninstagram.com/v/t51.82787-15/787853786_18195711469382122_4084613579796731411_n.jpg?stp=dst-jpg_e35_tt6&_nc_cat=101&ig_cache_key=Mzk3MzY3MjU2ODk4MzkzOTE2MQ%3D%3D.3-ccb7-5&ccb=7-5&_nc_sid=58cdad&efg=eyJ2ZW5jb2RlX3RhZyI6IkNBUk9VU0VMX0lURU0ueHBpZHMuMTA4MS5zZHIucmVndWxhcl9waG90by5DMyJ9&_nc_ohc=mrOwFRh3sK8Q7kNvwGuiPxU&_nc_oc=AdocWchk5QRpVZ8dLBXgW047kqu1zOIqox1GJTIk1w9BH6Gir0_2USO05ktxY04PMUA&_nc_ad=z-m&_nc_cid=0&_nc_zt=23&_nc_ht=scontent-ams2-1.cdninstagram.com&_nc_gid=Ch_pIkgnkh3nrU1AQJdMyg&_nc_ss=7a22e&oh=00_AQFkCEs3hpn9RALf_1PUmHbNNicLtXSXUXy77R9obJWZgw&oe=6A97CD87,https://www.instagram.com/p/DclUqI1G7TG/
Supermercado São Pedro,Carnes / Bovina,Corte Grill kg,36.99,28/08/2026,https://scontent-ams2-1.cdninstagram.com/v/t51.82787-15/787853786_18195711469382122_4084613579796731411_n.jpg?stp=dst-jpg_e35_tt6&_nc_cat=101&ig_cache_key=Mzk3MzY3MjU2ODk4MzkzOTE2MQ%3D%3D.3-ccb7-5&ccb=7-5&_nc_sid=58cdad&efg=eyJ2ZW5jb2RlX3RhZyI6IkNBUk9VU0VMX0lURU0ueHBpZHMuMTA4MS5zZHIucmVndWxhcl9waG90by5DMyJ9&_nc_ohc=mrOwFRh3sK8Q7kNvwGuiPxU&_nc_oc=AdocWchk5QRpVZ8dLBXgW047kqu1zOIqox1GJTIk1w9BH6Gir0_2USO05ktxY04PMUA&_nc_ad=z-m&_nc_cid=0&_nc_zt=23&_nc_ht=scontent-ams2-1.cdninstagram.com&_nc_gid=Ch_pIkgnkh3nrU1AQJdMyg&_nc_ss=7a22e&oh=00_AQFkCEs3hpn9RALf_1PUmHbNNicLtXSXUXy77R9obJWZgw&oe=6A97CD87,https://www.instagram.com/p/DclUqI1G7TG/
Bom Jesus Primavera do Leste 🛒,Carnes / Bovina,Coxão Duro e Cupim Sulbeef kg,36.99,26/08/2026,https://instagram.fktw4-1.fna.fbcdn.net/v/t51.82787-15/786837850_18374533663237813_2968687181146751427_n.jpg?stp=dst-jpg_e35_tt6&_nc_cat=100&ig_cache_key=Mzk3MjE2ODE2MTY3MzMwMjgxMg%3D%3D.3-ccb7-5&ccb=7-5&_nc_sid=58cdad&efg=eyJ2ZW5jb2RlX3RhZyI6IkNBUk9VU0VMX0lURU0ueHBpZHMuMTA4MC5zZHIucmVndWxhcl9waG90by5DMyJ9&_nc_ohc=SYZyJZ31VbUQ7kNvwEOWs2J&_nc_oc=AdqpKjKxsZ7ot3N4oU482_9TygvblCc4tjiTCLWYc7ObnRUvJsRErOJIoA5fvHYgu0Q&_nc_ad=z-m&_nc_cid=0&_nc_zt=23&_nc_ht=instagram.fktw4-1.fna&_nc_gid=PKeWG31E_OO96xbNbCbRww&_nc_ss=7a22e&oh=00_AQHHkJomv6yUMRLSyd_iHYBiT3rTwwZIlyeWwGP1KkFidA&oe=6A97C24B,https://www.instagram.com/p/Dcf-fgoloPJ/
Supermercado Tuiuiú,Carnes / Bovina,Coxão Mole kg,38.99,28/08/2026,https://scontent-man2-1.cdninstagram.com/v/t39.30808-6/784321179_1720016750132143_1243001508239248716_n.jpg?stp=dst-jpg_e35_tt6&_nc_cat=109&ig_cache_key=Mzk3MzM0Mjg4MDE3NDY4MTI1NA%3D%3D.3-ccb7-5&ccb=7-5&_nc_sid=58cdad&efg=eyJ2ZW5jb2RlX3RhZyI6IkNBUk9VU0VMX0lURU0ueHBpZHMuMTI1NC5zZHIucmVndWxhcl9waG90by5DMyJ9&_nc_ohc=uLCBohPgPQYQ7kNvwENG2o2&_nc_oc=AdpIqeRD6CvgVgXKFFWA9WTGUuT7vNppdBJWZemIje2bYmfmlfu3V76RDLQg2A630bg&_nc_ad=z-m&_nc_cid=0&_nc_zt=23&_nc_ht=scontent-man2-1.cdninstagram.com&_nc_gid=Oh1mrcvHg1sPnWTYozeyJw&_nc_ss=7a22e&oh=00_AQFOJaDCH3v0kUninhna4d-YzKlGOwpdtLMzyArKVwtmZA&oe=6A97B219,https://www.instagram.com/p/DckJlYyI3Tu/
Supermercado São Pedro,Carnes / Bovina,Coxão Duro Bovino kg,42.98,25/08/2026,https://scontent-cdg4-1.cdninstagram.com/v/t39.30808-6/784428542_1503489418490841_697405957732902936_n.jpg?stp=dst-jpg_e35_tt6&_nc_cat=102&ig_cache_key=Mzk3MTgyNzk2NDE0ODc5MzU5NA%3D%3D.3-ccb7-5&ccb=7-5&_nc_sid=58cdad&efg=eyJ2ZW5jb2RlX3RhZyI6IkZFRUQueHBpZHMuMTYzOS5zZHIucmVndWxhcl9waG90by5DMyJ9&_nc_ohc=lahhkTUGus0Q7kNvwH9S1HS&_nc_oc=Adqzpe26NNEIgL11_-99PbnwKKsNOTm7mJQpQTT7Z3ezDvmT5yoHime4NpgbtneZf4PRFVoMnTfPUSGIQXrbL9uN&_nc_ad=z-m&_nc_cid=0&_nc_zt=23&_nc_ht=scontent-cdg4-1.cdninstagram.com&_nc_gid=dBWbPpDbzRAuRx_PrvAKAA&_nc_ss=7a22e&oh=00_AQHGTds9cP7jlOi84o9CH_61OUSC_zTxDXtf1nHP1C5PnQ&oe=6A97B07A,https://www.instagram.com/p/DcexH1gDUD6/
Supermercado São Pedro,Carnes / Bovina,Fraldinha Bovina Friboi kg,42.99,27/08/2026,https://scontent-bos5-1.cdninstagram.com/v/t39.30808-6/785993166_1505168978322885_7442982966970505933_n.jpg?stp=c0.0.1638.2048a_dst-jpg_e35_s1638x2048_tt6&_nc_cat=110&ig_cache_key=Mzk3MzI3Njk2ODM0NzI3MzQzNQ%3D%3D.3-ccb7-5&ccb=7-5&_nc_sid=58cdad&efg=eyJ2ZW5jb2RlX3RhZyI6IkNBUk9VU0VMX0lURU0ueHBpZHMuMTYzOS5zZHIucmVndWxhcl9waG90by5DMyJ9&_nc_ohc=XG9RuKFD9RsQ7kNvwE0O6Yi&_nc_oc=AdrNOfdoiDImHK1tKaueyckNFES1wTo_HzsqBrRb0yXx2dyvyLbAHFqaILDIddlOK4E&_nc_ad=z-m&_nc_cid=0&_nc_zt=23&_nc_ht=scontent-bos5-1.cdninstagram.com&_nc_gid=tefus2BYMonKcSKoKgJN5Q&_nc_ss=7a22e&oh=00_AQH35XKJVKqJg3LClPrFY0TmcZEvqaiYIZA_B7mJHQOfKQ&oe=6A97B8CE,https://www.instagram.com/p/Dcj6lyLlKpL/
Supermercado Tuiuiú,Carnes / Bovina,Alcatra com Maminha kg,43.99,28/08/2026,https://scontent-man2-1.cdninstagram.com/v/t39.30808-6/784321179_1720016750132143_1243001508239248716_n.jpg?stp=dst-jpg_e35_tt6&_nc_cat=109&ig_cache_key=Mzk3MzM0Mjg4MDE3NDY4MTI1NA%3D%3D.3-ccb7-5&ccb=7-5&_nc_sid=58cdad&efg=eyJ2ZW5jb2RlX3RhZyI6IkNBUk9VU0VMX0lURU0ueHBpZHMuMTI1NC5zZHIucmVndWxhcl9waG90by5DMyJ9&_nc_ohc=uLCBohPgPQYQ7kNvwENG2o2&_nc_oc=AdpIqeRD6CvgVgXKFFWA9WTGUuT7vNppdBJWZemIje2bYmfmlfu3V76RDLQg2A630bg&_nc_ad=z-m&_nc_cid=0&_nc_zt=23&_nc_ht=scontent-man2-1.cdninstagram.com&_nc_gid=Oh1mrcvHg1sPnWTYozeyJw&_nc_ss=7a22e&oh=00_AQFOJaDCH3v0kUninhna4d-YzKlGOwpdtLMzyArKVwtmZA&oe=6A97B219,https://www.instagram.com/p/DckJlYyI3Tu/
Supermercado São Pedro,Carnes / Bovina,Coxão Mole Bovino kg,46.98,25/08/2026,https://scontent-cdg4-1.cdninstagram.com/v/t39.30808-6/784428542_1503489418490841_697405957732902936_n.jpg?stp=dst-jpg_e35_tt6&_nc_cat=102&ig_cache_key=Mzk3MTgyNzk2NDE0ODc5MzU5NA%3D%3D.3-ccb7-5&ccb=7-5&_nc_sid=58cdad&efg=eyJ2ZW5jb2RlX3RhZyI6IkZFRUQueHBpZHMuMTYzOS5zZHIucmVndWxhcl9waG90by5DMyJ9&_nc_ohc=lahhkTUGus0Q7kNvwH9S1HS&_nc_oc=Adqzpe26NNEIgL11_-99PbnwKKsNOTm7mJQpQTT7Z3ezDvmT5yoHime4NpgbtneZf4PRFVoMnTfPUSGIQXrbL9uN&_nc_ad=z-m&_nc_cid=0&_nc_zt=23&_nc_ht=scontent-cdg4-1.cdninstagram.com&_nc_gid=dBWbPpDbzRAuRx_PrvAKAA&_nc_ss=7a22e&oh=00_AQHGTds9cP7jlOi84o9CH_61OUSC_zTxDXtf1nHP1C5PnQ&oe=6A97B07A,https://www.instagram.com/p/DcexH1gDUD6/
Bom Jesus Primavera do Leste 🛒,Carnes / Bovina,Picanha e Filé Mignon Sulbeef kg,69.9,26/08/2026,https://instagram.fktw4-1.fna.fbcdn.net/v/t51.82787-15/786837850_18374533663237813_2968687181146751427_n.jpg?stp=dst-jpg_e35_tt6&_nc_cat=100&ig_cache_key=Mzk3MjE2ODE2MTY3MzMwMjgxMg%3D%3D.3-ccb7-5&ccb=7-5&_nc_sid=58cdad&efg=eyJ2ZW5jb2RlX3RhZyI6IkNBUk9VU0VMX0lURU0ueHBpZHMuMTA4MC5zZHIucmVndWxhcl9waG90by5DMyJ9&_nc_ohc=SYZyJZ31VbUQ7kNvwEOWs2J&_nc_oc=AdqpKjKxsZ7ot3N4oU482_9TygvblCc4tjiTCLWYc7ObnRUvJsRErOJIoA5fvHYgu0Q&_nc_ad=z-m&_nc_cid=0&_nc_zt=23&_nc_ht=instagram.fktw4-1.fna&_nc_gid=PKeWG31E_OO96xbNbCbRww&_nc_ss=7a22e&oh=00_AQHHkJomv6yUMRLSyd_iHYBiT3rTwwZIlyeWwGP1KkFidA&oe=6A97C24B,https://www.instagram.com/p/Dcf-fgoloPJ/
Machadão Atacadista,Carnes / Peixes,Sardinha Iglu 400g,16.9,27/08/2026,https://scontent-ams2-1.cdninstagram.com/v/t39.30808-6/787104328_1360550532831571_2281243341389434448_n.jpg?stp=dst-jpg_e35_tt6&_nc_cat=100&ig_cache_key=Mzk3MzE1NjQ3MTc1NjIxMzA2MQ%3D%3D.3-ccb7-5&ccb=7-5&_nc_sid=58cdad&efg=eyJ2ZW5jb2RlX3RhZyI6IkNBUk9VU0VMX0lURU0ueHBpZHMuMTYzOC5zZHIucmVndWxhcl9waG90by5DMyJ9&_nc_ohc=BsEfA1wdsJMQ7kNvwElvBVw&_nc_oc=AdotN0eHRtVwjkYS0BuXdsQlOICDI0TjH6XabtYEUFgI3kDuSHHjpm2VB3u6rM5ijWM&_nc_ad=z-m&_nc_cid=0&_nc_zt=23&_nc_ht=scontent-ams2-1.cdninstagram.com&_nc_gid=W_rvWCImryD4RVuLWt4E6A&_nc_ss=7a22e&oh=00_AQE7taI2tGK-qgb5ER4PL83BiadNx5mlrZy3hOjhiZuBuw&oe=6A97C190,https://www.instagram.com/p/DcjfMcbkgCV/
Bom Jesus Primavera do Leste 🛒,Carnes / Peixes,Peixe Tambatinga Delicious Fish kg,21.99,26/08/2026,https://instagram.fktw4-1.fna.fbcdn.net/v/t51.82787-15/786837850_18374533663237813_2968687181146751427_n.jpg?stp=dst-jpg_e35_tt6&_nc_cat=100&ig_cache_key=Mzk3MjE2ODE2MTY3MzMwMjgxMg%3D%3D.3-ccb7-5&ccb=7-5&_nc_sid=58cdad&efg=eyJ2ZW5jb2RlX3RhZyI6IkNBUk9VU0VMX0lURU0ueHBpZHMuMTA4MC5zZHIucmVndWxhcl9waG90by5DMyJ9&_nc_ohc=SYZyJZ31VbUQ7kNvwEOWs2J&_nc_oc=AdqpKjKxsZ7ot3N4oU482_9TygvblCc4tjiTCLWYc7ObnRUvJsRErOJIoA5fvHYgu0Q&_nc_ad=z-m&_nc_cid=0&_nc_zt=23&_nc_ht=instagram.fktw4-1.fna&_nc_gid=PKeWG31E_OO96xbNbCbRww&_nc_ss=7a22e&oh=00_AQHHkJomv6yUMRLSyd_iHYBiT3rTwwZIlyeWwGP1KkFidA&oe=6A97C24B,https://www.instagram.com/p/Dcf-fgoloPJ/
Machadão Atacadista,Carnes / Peixes,Camarão Fisgo 300g,45.9,25/08/2026,https://scontent-dus1-1.cdninstagram.com/v/t39.30808-6/785059096_1358646486355309_4355252955160182464_n.jpg?stp=dst-jpg_e35_tt6&_nc_cat=107&ig_cache_key=Mzk3MTUyNDg5Njc4NTk1NzI2NA%3D%3D.3-ccb7-5&ccb=7-5&_nc_sid=58cdad&efg=eyJ2ZW5jb2RlX3RhZyI6IkNBUk9VU0VMX0lURU0ueHBpZHMuMTYzOC5zZHIucmVndWxhcl9waG90by5DMyJ9&_nc_ohc=7xcost5b2JkQ7kNvwEnl6NG&_nc_oc=AdqptSuugfcQCpnKtC8y8_X03y7LGAz76AxgMW-xz-FOEaPHIf72wDHlcnh4-YEihYkk7-O5dYN4yXHthGkA_Eqa&_nc_ad=z-m&_nc_cid=0&_nc_zt=23&_nc_ht=scontent-dus1-1.cdninstagram.com&_nc_gid=oEBPHF74--AW6nyv447F6g&_nc_ss=7a22e&oh=00_AQEWfwE-2Dq-ZjjamD5oThXrOSuwFZE1sbx6lGUmcSiaZA&oe=6A97C241,https://www.instagram.com/p/DcdsNxKDBTG/
Machadão Atacadista,Carnes / Peixes,Camarão Fisgo 300g,45.9,25/08/2026,https://scontent-dus1-1.cdninstagram.com/v/t39.30808-6/786543128_1358645369688754_2779017979935584164_n.jpg?stp=dst-jpg_e35_tt6&_nc_cat=101&ig_cache_key=Mzk3MTUyNDg5NTIzNDEwNDA4Mg%3D%3D.3-ccb7-5&ccb=7-5&_nc_sid=58cdad&efg=eyJ2ZW5jb2RlX3RhZyI6IkNBUk9VU0VMX0lURU0ueHBpZHMuMTYzOC5zZHIucmVndWxhcl9waG90by5DMyJ9&_nc_ohc=fkD66OU_vJ8Q7kNvwGVhQFg&_nc_oc=AdqVV41Y6EDPDc8woKC8acJQ50fyLaMqyxqQ6XwSb0QTw7zKiZe9fCHQdh0YmvCey2oCLfsQ1SDBgH5U1MsSEJJc&_nc_ad=z-m&_nc_cid=0&_nc_zt=23&_nc_ht=scontent-dus1-1.cdninstagram.com&_nc_gid=oEBPHF74--AW6nyv447F6g&_nc_ss=7a22e&oh=00_AQF4nQ2o1bdHwhk4KCm8m6hwk4bO-EEhkiU9BWMVDhXWGw&oe=6A97B484,https://www.instagram.com/p/DcdsNxKDBTG/
Supermercado Tuiuiú,Carnes / Suína e Embutidos,Pernil Suíno kg,8.99,28/08/2026,https://scontent-man2-1.cdninstagram.com/v/t39.30808-6/784232177_1720016766798808_2199971508535547197_n.jpg?stp=dst-jpg_e35_tt6&_nc_cat=111&ig_cache_key=Mzk3MzM0Mjg3OTgyMjMyNDE3Mg%3D%3D.3-ccb7-5&ccb=7-5&_nc_sid=58cdad&efg=eyJ2ZW5jb2RlX3RhZyI6IkNBUk9VU0VMX0lURU0ueHBpZHMuMTI1NC5zZHIucmVndWxhcl9waG90by5DMyJ9&_nc_ohc=p0-_YO7HB9IQ7kNvwFW6l4t&_nc_oc=AdpDnxmlSKJ1P7l--L6nf6n2JjNCpctcRXLnroAl8-Zps1KhkYRcFViee4v0hgO123Q&_nc_ad=z-m&_nc_cid=0&_nc_zt=23&_nc_ht=scontent-man2-1.cdninstagram.com&_nc_gid=Oh1mrcvHg1sPnWTYozeyJw&_nc_ss=7a22e&oh=00_AQFwD06QnsgEkwhe1B7ZL7tzL3GUipLULAq2MonlY11XSw&oe=6A97D7E4,https://www.instagram.com/p/DckJlYyI3Tu/
Supermercado São Pedro,Carnes / Suína e Embutidos,Pernil Suíno kg,9.98,25/08/2026,https://scontent-cdg4-1.cdninstagram.com/v/t39.30808-6/784428542_1503489418490841_697405957732902936_n.jpg?stp=dst-jpg_e35_tt6&_nc_cat=102&ig_cache_key=Mzk3MTgyNzk2NDE0ODc5MzU5NA%3D%3D.3-ccb7-5&ccb=7-5&_nc_sid=58cdad&efg=eyJ2ZW5jb2RlX3RhZyI6IkZFRUQueHBpZHMuMTYzOS5zZHIucmVndWxhcl9waG90by5DMyJ9&_nc_ohc=lahhkTUGus0Q7kNvwH9S1HS&_nc_oc=Adqzpe26NNEIgL11_-99PbnwKKsNOTm7mJQpQTT7Z3ezDvmT5yoHime4NpgbtneZf4PRFVoMnTfPUSGIQXrbL9uN&_nc_ad=z-m&_nc_cid=0&_nc_zt=23&_nc_ht=scontent-cdg4-1.cdninstagram.com&_nc_gid=dBWbPpDbzRAuRx_PrvAKAA&_nc_ss=7a22e&oh=00_AQHGTds9cP7jlOi84o9CH_61OUSC_zTxDXtf1nHP1C5PnQ&oe=6A97B07A,https://www.instagram.com/p/DcexH1gDUD6/
Supermercado Tuiuiú,Carnes / Suína e Embutidos,Linguiça Perdigão kg,14.99,28/08/2026,https://scontent-man2-1.cdninstagram.com/v/t39.30808-6/784232177_1720016766798808_2199971508535547197_n.jpg?stp=dst-jpg_e35_tt6&_nc_cat=111&ig_cache_key=Mzk3MzM0Mjg3OTgyMjMyNDE3Mg%3D%3D.3-ccb7-5&ccb=7-5&_nc_sid=58cdad&efg=eyJ2ZW5jb2RlX3RhZyI6IkNBUk9VU0VMX0lURU0ueHBpZHMuMTI1NC5zZHIucmVndWxhcl9waG90by5DMyJ9&_nc_ohc=p0-_YO7HB9IQ7kNvwFW6l4t&_nc_oc=AdpDnxmlSKJ1P7l--L6nf6n2JjNCpctcRXLnroAl8-Zps1KhkYRcFViee4v0hgO123Q&_nc_ad=z-m&_nc_cid=0&_nc_zt=23&_nc_ht=scontent-man2-1.cdninstagram.com&_nc_gid=Oh1mrcvHg1sPnWTYozeyJw&_nc_ss=7a22e&oh=00_AQFwD06QnsgEkwhe1B7ZL7tzL3GUipLULAq2MonlY11XSw&oe=6A97D7E4,https://www.instagram.com/p/DckJlYyI3Tu/
Supermercado São Pedro,Carnes / Suína e Embutidos,Linguiça Toscana Excelência kg,15.99,27/08/2026,https://scontent-bos5-1.cdninstagram.com/v/t39.30808-6/785993166_1505168978322885_7442982966970505933_n.jpg?stp=c0.0.1638.2048a_dst-jpg_e35_s1638x2048_tt6&_nc_cat=110&ig_cache_key=Mzk3MzI3Njk2ODM0NzI3MzQzNQ%3D%3D.3-ccb7-5&ccb=7-5&_nc_sid=58cdad&efg=eyJ2ZW5jb2RlX3RhZyI6IkNBUk9VU0VMX0lURU0ueHBpZHMuMTYzOS5zZHIucmVndWxhcl9waG90by5DMyJ9&_nc_ohc=XG9RuKFD9RsQ7kNvwE0O6Yi&_nc_oc=AdrNOfdoiDImHK1tKaueyckNFES1wTo_HzsqBrRb0yXx2dyvyLbAHFqaILDIddlOK4E&_nc_ad=z-m&_nc_cid=0&_nc_zt=23&_nc_ht=scontent-bos5-1.cdninstagram.com&_nc_gid=tefus2BYMonKcSKoKgJN5Q&_nc_ss=7a22e&oh=00_AQH35XKJVKqJg3LClPrFY0TmcZEvqaiYIZA_B7mJHQOfKQ&oe=6A97B8CE,https://www.instagram.com/p/Dcj6lyLlKpL/
Bom Jesus Primavera do Leste 🛒,Carnes / Suína e Embutidos,Linguiça Suína Perdigão kg,15.99,26/08/2026,https://instagram.fktw4-1.fna.fbcdn.net/v/t51.82787-15/786837850_18374533663237813_2968687181146751427_n.jpg?stp=dst-jpg_e35_tt6&_nc_cat=100&ig_cache_key=Mzk3MjE2ODE2MTY3MzMwMjgxMg%3D%3D.3-ccb7-5&ccb=7-5&_nc_sid=58cdad&efg=eyJ2ZW5jb2RlX3RhZyI6IkNBUk9VU0VMX0lURU0ueHBpZHMuMTA4MC5zZHIucmVndWxhcl9waG90by5DMyJ9&_nc_ohc=SYZyJZ31VbUQ7kNvwEOWs2J&_nc_oc=AdqpKjKxsZ7ot3N4oU482_9TygvblCc4tjiTCLWYc7ObnRUvJsRErOJIoA5fvHYgu0Q&_nc_ad=z-m&_nc_cid=0&_nc_zt=23&_nc_ht=instagram.fktw4-1.fna&_nc_gid=PKeWG31E_OO96xbNbCbRww&_nc_ss=7a22e&oh=00_AQHHkJomv6yUMRLSyd_iHYBiT3rTwwZIlyeWwGP1KkFidA&oe=6A97C24B,https://www.instagram.com/p/Dcf-fgoloPJ/
SUPERMERCADO PARANAENSE,Carnes / Suína e Embutidos,Presunto Excelência kg,22.99,25/08/2026,https://scontent-fra3-1.cdninstagram.com/v/t51.82787-15/786374804_17907135297496981_3284822547929331185_n.jpg?stp=dst-jpg_e35_tt6&_nc_cat=108&ig_cache_key=Mzk3MTUxMTM1MzQ1NTYyODIxNA%3D%3D.3-ccb7-5&ccb=7-5&_nc_sid=58cdad&efg=eyJ2ZW5jb2RlX3RhZyI6IkZFRUQueHBpZHMuMTM1MC5zZHIucmVndWxhcl9waG90by5DMyJ9&_nc_ohc=Lh1PDU5a_NcQ7kNvwHRgx8E&_nc_oc=Ado_ugE0xr6qbVNhg3VQkn4Et9o8ujEzC5-6w-jpV5dgznrkZzRIZbE3YYslNXjqges&_nc_ad=z-m&_nc_cid=0&_nc_zt=23&_nc_ht=scontent-fra3-1.cdninstagram.com&_nc_gid=kww7j6xPMxEEP18b0yWTkA&_nc_ss=7a22e&oh=00_AQGh01Ql-xaPtM0H50R8x4dS1hx__5ZEE198XJVFCwHupw&oe=6A97E4BE,https://www.instagram.com/p/DcdpIi0J0-2/
Supermercado Tuiuiú,Carnes / Suína e Embutidos,Presunto Cozido kg,24.99,26/08/2026,https://instagram.fbfh3-3.fna.fbcdn.net/v/t51.82787-15/782208226_18581670763067900_4505279802407067664_n.jpg?stp=dst-jpg_e35_tt6&_nc_cat=101&ig_cache_key=Mzk3MjU4MDUzNjU2NDQyMTcwOQ%3D%3D.3-ccb7-5&ccb=7-5&_nc_sid=58cdad&efg=eyJ2ZW5jb2RlX3RhZyI6IkNBUk9VU0VMX0lURU0ueHBpZHMuMTA4MC5zZHIucmVndWxhcl9waG90by5DMyJ9&_nc_ohc=r3oFMSDFP4cQ7kNvwHDOJBb&_nc_oc=AdrdBYrNxeyHXUDVYaHRy8WXM3WKcs1TCmTZXgWEhxAEu8uaTpBWCf7-IBK_iVJ_Xm0&_nc_ad=z-m&_nc_cid=0&_nc_zt=23&_nc_ht=instagram.fbfh3-3.fna&_nc_gid=2X_YrJQXGUE-xy0wvXJaew&_nc_ss=7a22e&oh=00_AQHpcknrSOLxm-OAhLA0oIM0CMm2BGDuxSP_QmKPeSX_WA&oe=6A97BE23,https://www.instagram.com/p/DchcQH5DdVj/
Supermercado São Pedro,Carnes / Suína e Embutidos,Presunto Excelência kg,24.99,28/08/2026,https://scontent-ams2-1.cdninstagram.com/v/t51.82787-15/785599572_18195711460382122_5575322653184498920_n.jpg?stp=dst-jpg_e35_tt6&_nc_cat=109&ig_cache_key=Mzk3MzY3MjU2OTQ3ODkxNjI0Mw%3D%3D.3-ccb7-5&ccb=7-5&_nc_sid=58cdad&efg=eyJ2ZW5jb2RlX3RhZyI6IkNBUk9VU0VMX0lURU0ueHBpZHMuMTA4MS5zZHIucmVndWxhcl9waG90by5DMyJ9&_nc_ohc=YlNv7Hxcm4EQ7kNvwGx0pvY&_nc_oc=AdoNo6jjN9Aczf5Z8_cThIpbEt2ZDwe1YcQr7tZJtAOVSaVTC6gxm5Ibv5Ll5A3z-AE&_nc_ad=z-m&_nc_cid=0&_nc_zt=23&_nc_ht=scontent-ams2-1.cdninstagram.com&_nc_gid=Ch_pIkgnkh3nrU1AQJdMyg&_nc_ss=7a22e&oh=00_AQGXyVQwL6jgmiS_0oeTZz_hiLb7FmTqsSvsVWsYZAMQcg&oe=6A97B292,https://www.instagram.com/p/DclUqI1G7TG/
Super Compras Supermercado,Congelados e Sobremesas,Pizza Sabores Super Compras,14.99,28/08/2026,https://scontent-lhr11-1.cdninstagram.com/v/t51.82787-15/781804833_18192777268391764_1137004139144970890_n.jpg?stp=dst-jpg_e35_tt6&_nc_cat=111&ig_cache_key=Mzk3MzI5MzA5NzQ3NjE0OTUwNg%3D%3D.3-ccb7-5&ccb=7-5&_nc_sid=58cdad&efg=eyJ2ZW5jb2RlX3RhZyI6IkZFRUQueHBpZHMuMTQ0MC5zZHIucmVndWxhcl9waG90by5DMyJ9&_nc_ohc=DyFj_Iql6NYQ7kNvwHYLlSk&_nc_oc=AdqV8bRdchMvNZp4BHa2_t2m22IgiOztm7zoDWcL2p_m1JYWnYaA9VgrtyfPstx4UQY&_nc_ad=z-m&_nc_cid=0&_nc_zt=23&_nc_ht=scontent-lhr11-1.cdninstagram.com&_nc_gid=ftrHb-h5dIvuYaiBVknqqg&_nc_ss=7a22e&oh=00_AQEuYNN-sn9kbgUrflzEwlkkKOGj3YgeRa4NruiWHpkEeg&oe=6A97CD39,https://www.instagram.com/p/Dcj-QVPk9EC/
Machadão Atacadista,Congelados e Sobremesas,Açaí com Guaraná Ricaeli 1.02kg,25.99,27/08/2026,https://scontent-ams2-1.cdninstagram.com/v/t39.30808-6/787104328_1360550532831571_2281243341389434448_n.jpg?stp=dst-jpg_e35_tt6&_nc_cat=100&ig_cache_key=Mzk3MzE1NjQ3MTc1NjIxMzA2MQ%3D%3D.3-ccb7-5&ccb=7-5&_nc_sid=58cdad&efg=eyJ2ZW5jb2RlX3RhZyI6IkNBUk9VU0VMX0lURU0ueHBpZHMuMTYzOC5zZHIucmVndWxhcl9waG90by5DMyJ9&_nc_ohc=BsEfA1wdsJMQ7kNvwElvBVw&_nc_oc=AdotN0eHRtVwjkYS0BuXdsQlOICDI0TjH6XabtYEUFgI3kDuSHHjpm2VB3u6rM5ijWM&_nc_ad=z-m&_nc_cid=0&_nc_zt=23&_nc_ht=scontent-ams2-1.cdninstagram.com&_nc_gid=W_rvWCImryD4RVuLWt4E6A&_nc_ss=7a22e&oh=00_AQE7taI2tGK-qgb5ER4PL83BiadNx5mlrZy3hOjhiZuBuw&oe=6A97C190,https://www.instagram.com/p/DcjfMcbkgCV/
Bom Jesus Primavera do Leste 🛒,Congelados e Sobremesas,Batata Palito Sadia 2kg,27.99,26/08/2026,https://instagram.fktw1-1.fna.fbcdn.net/v/t51.82787-15/786656678_18374533654237813_1357775697752571265_n.jpg?stp=dst-jpg_e35_tt6&_nc_cat=102&ig_cache_key=Mzk3MjE2ODE2MTUzODk3MjI2NA%3D%3D.3-ccb7-5&ccb=7-5&_nc_sid=58cdad&efg=eyJ2ZW5jb2RlX3RhZyI6IkNBUk9VU0VMX0lURU0ueHBpZHMuMTA4MC5zZHIucmVndWxhcl9waG90by5DMyJ9&_nc_ohc=E3K-BzvU7NkQ7kNvwFPD8M5&_nc_oc=AdpseN54VqnZluFjH3qZ3rqjr8o1Hw7zh3OQ3cCkAXd_RWyrjKvomWBm06_Oo4KrtaQ&_nc_ad=z-m&_nc_cid=0&_nc_zt=23&_nc_ht=instagram.fktw1-1.fna&_nc_gid=PKeWG31E_OO96xbNbCbRww&_nc_ss=7a22e&oh=00_AQETuNAiKLK4FGxp6nx1-cMLS1tROLflzjRGHMmrNTfC9A&oe=6A97B825,https://www.instagram.com/p/Dcf-fgoloPJ/
Machadão Atacadista,Higiene / Cuidados Pessoais,Creme Dental Colgate Máxima Proteção Anticáries 120g,5.99,27/08/2026,https://scontent-ams2-1.cdninstagram.com/v/t39.30808-6/786779086_1360550472831577_8028710268323392841_n.jpg?stp=dst-jpg_e35_tt6&_nc_cat=100&ig_cache_key=Mzk3MzE1NjQ3MjI0MjcxMDI2OQ%3D%3D.3-ccb7-5&ccb=7-5&_nc_sid=58cdad&efg=eyJ2ZW5jb2RlX3RhZyI6IkNBUk9VU0VMX0lURU0ueHBpZHMuMTYzOC5zZHIucmVndWxhcl9waG90by5DMyJ9&_nc_ohc=FB6gMN-plHsQ7kNvwEI_Aau&_nc_oc=Adpk9TuDHJAEt-2DRtSAL4CPHvT-D_aTBGRH_qLtLWrhbouwvsyXh-7V7KsOEMgqKco&_nc_ad=z-m&_nc_cid=0&_nc_zt=23&_nc_ht=scontent-ams2-1.cdninstagram.com&_nc_gid=W_rvWCImryD4RVuLWt4E6A&_nc_ss=7a22e&oh=00_AQHiVY1kVu6um-rBCrL6_AYRPIfY1ELbXFb_x8byXLqb3g&oe=6A97C76F,https://www.instagram.com/p/DcjfMcbkgCV/
Supermercado São Pedro,Higiene / Cuidados Pessoais,Desodorante Aerossol Rexona Clinical 150ml,14.99,27/08/2026,https://scontent-bos5-1.cdninstagram.com/v/t39.30808-6/785993166_1505168978322885_7442982966970505933_n.jpg?stp=c0.0.1638.2048a_dst-jpg_e35_s1638x2048_tt6&_nc_cat=110&ig_cache_key=Mzk3MzI3Njk2ODM0NzI3MzQzNQ%3D%3D.3-ccb7-5&ccb=7-5&_nc_sid=58cdad&efg=eyJ2ZW5jb2RlX3RhZyI6IkNBUk9VU0VMX0lURU0ueHBpZHMuMTYzOS5zZHIucmVndWxhcl9waG90by5DMyJ9&_nc_ohc=XG9RuKFD9RsQ7kNvwE0O6Yi&_nc_oc=AdrNOfdoiDImHK1tKaueyckNFES1wTo_HzsqBrRb0yXx2dyvyLbAHFqaILDIddlOK4E&_nc_ad=z-m&_nc_cid=0&_nc_zt=23&_nc_ht=scontent-bos5-1.cdninstagram.com&_nc_gid=tefus2BYMonKcSKoKgJN5Q&_nc_ss=7a22e&oh=00_AQH35XKJVKqJg3LClPrFY0TmcZEvqaiYIZA_B7mJHQOfKQ&oe=6A97B8CE,https://www.instagram.com/p/Dcj6lyLlKpL/
Bom Jesus Primavera do Leste 🛒,Higiene / Cuidados Pessoais,Shampoo Dove 190ml,15.99,27/08/2026,https://scontent-dfw6-1.cdninstagram.com/v/t51.82787-15/787993259_18374687005237813_4471412213431393234_n.jpg?stp=dst-jpg_e35_tt6&_nc_cat=103&ig_cache_key=Mzk3Mjk0NzA1MzQ4MTkxNTUyNQ%3D%3D.3-ccb7-5&ccb=7-5&_nc_sid=58cdad&efg=eyJ2ZW5jb2RlX3RhZyI6IkZFRUQueHBpZHMuMTM1MC5zZHIucmVndWxhcl9waG90by5DMyJ9&_nc_ohc=TDgSfUoaAVwQ7kNvwE3sOCc&_nc_oc=AdqzWjaXc6bH3BxmN2INlXg38VwZxgJPdGRVLyU79fbG2qcAV9kRGZAX4dK0Kj-ce_0&_nc_ad=z-m&_nc_cid=0&_nc_zt=23&_nc_ht=scontent-dfw6-1.cdninstagram.com&_nc_gid=6vV7-Oiifa_xz_COki9TZw&_nc_ss=7a22e&oh=00_AQHeG3BbFNY52DhlT8aEMdGg-JNF1o7ooddEWqmgZ6yjDw&oe=6A97D2AE,https://www.instagram.com/p/DcivkuqOXSF/
Machadão Atacadista,Higiene / Cuidados Pessoais,Absorvente Noturno Intimus Suave com Abas 16un,15.99,27/08/2026,https://scontent-ams2-1.cdninstagram.com/v/t39.30808-6/786779086_1360550472831577_8028710268323392841_n.jpg?stp=dst-jpg_e35_tt6&_nc_cat=100&ig_cache_key=Mzk3MzE1NjQ3MjI0MjcxMDI2OQ%3D%3D.3-ccb7-5&ccb=7-5&_nc_sid=58cdad&efg=eyJ2ZW5jb2RlX3RhZyI6IkNBUk9VU0VMX0lURU0ueHBpZHMuMTYzOC5zZHIucmVndWxhcl9waG90by5DMyJ9&_nc_ohc=FB6gMN-plHsQ7kNvwEI_Aau&_nc_oc=Adpk9TuDHJAEt-2DRtSAL4CPHvT-D_aTBGRH_qLtLWrhbouwvsyXh-7V7KsOEMgqKco&_nc_ad=z-m&_nc_cid=0&_nc_zt=23&_nc_ht=scontent-ams2-1.cdninstagram.com&_nc_gid=W_rvWCImryD4RVuLWt4E6A&_nc_ss=7a22e&oh=00_AQHiVY1kVu6um-rBCrL6_AYRPIfY1ELbXFb_x8byXLqb3g&oe=6A97C76F,https://www.instagram.com/p/DcjfMcbkgCV/
Bom Jesus Primavera do Leste 🛒,Higiene / Cuidados Pessoais,Desodorante Antitranspirante Aerosol Dove 150ml,17.99,27/08/2026,https://scontent-dfw6-1.cdninstagram.com/v/t51.82787-15/787993259_18374687005237813_4471412213431393234_n.jpg?stp=dst-jpg_e35_tt6&_nc_cat=103&ig_cache_key=Mzk3Mjk0NzA1MzQ4MTkxNTUyNQ%3D%3D.3-ccb7-5&ccb=7-5&_nc_sid=58cdad&efg=eyJ2ZW5jb2RlX3RhZyI6IkZFRUQueHBpZHMuMTM1MC5zZHIucmVndWxhcl9waG90by5DMyJ9&_nc_ohc=TDgSfUoaAVwQ7kNvwE3sOCc&_nc_oc=AdqzWjaXc6bH3BxmN2INlXg38VwZxgJPdGRVLyU79fbG2qcAV9kRGZAX4dK0Kj-ce_0&_nc_ad=z-m&_nc_cid=0&_nc_zt=23&_nc_ht=scontent-dfw6-1.cdninstagram.com&_nc_gid=6vV7-Oiifa_xz_COki9TZw&_nc_ss=7a22e&oh=00_AQHeG3BbFNY52DhlT8aEMdGg-JNF1o7ooddEWqmgZ6yjDw&oe=6A97D2AE,https://www.instagram.com/p/DcivkuqOXSF/
Bom Jesus Primavera do Leste 🛒,Higiene / Cuidados Pessoais,Condicionador Dove 190ml,22.99,27/08/2026,https://scontent-dfw6-1.cdninstagram.com/v/t51.82787-15/787993259_18374687005237813_4471412213431393234_n.jpg?stp=dst-jpg_e35_tt6&_nc_cat=103&ig_cache_key=Mzk3Mjk0NzA1MzQ4MTkxNTUyNQ%3D%3D.3-ccb7-5&ccb=7-5&_nc_sid=58cdad&efg=eyJ2ZW5jb2RlX3RhZyI6IkZFRUQueHBpZHMuMTM1MC5zZHIucmVndWxhcl9waG90by5DMyJ9&_nc_ohc=TDgSfUoaAVwQ7kNvwE3sOCc&_nc_oc=AdqzWjaXc6bH3BxmN2INlXg38VwZxgJPdGRVLyU79fbG2qcAV9kRGZAX4dK0Kj-ce_0&_nc_ad=z-m&_nc_cid=0&_nc_zt=23&_nc_ht=scontent-dfw6-1.cdninstagram.com&_nc_gid=6vV7-Oiifa_xz_COki9TZw&_nc_ss=7a22e&oh=00_AQHeG3BbFNY52DhlT8aEMdGg-JNF1o7ooddEWqmgZ6yjDw&oe=6A97D2AE,https://www.instagram.com/p/DcivkuqOXSF/
Machadão Atacadista,Higiene / Papelaria,Guardanapo de Papel Mili 30x29.5cm,2.99,27/08/2026,https://scontent-ams2-1.cdninstagram.com/v/t39.30808-6/786779086_1360550472831577_8028710268323392841_n.jpg?stp=dst-jpg_e35_tt6&_nc_cat=100&ig_cache_key=Mzk3MzE1NjQ3MjI0MjcxMDI2OQ%3D%3D.3-ccb7-5&ccb=7-5&_nc_sid=58cdad&efg=eyJ2ZW5jb2RlX3RhZyI6IkNBUk9VU0VMX0lURU0ueHBpZHMuMTYzOC5zZHIucmVndWxhcl9waG90by5DMyJ9&_nc_ohc=FB6gMN-plHsQ7kNvwEI_Aau&_nc_oc=Adpk9TuDHJAEt-2DRtSAL4CPHvT-D_aTBGRH_qLtLWrhbouwvsyXh-7V7KsOEMgqKco&_nc_ad=z-m&_nc_cid=0&_nc_zt=23&_nc_ht=scontent-ams2-1.cdninstagram.com&_nc_gid=W_rvWCImryD4RVuLWt4E6A&_nc_ss=7a22e&oh=00_AQHiVY1kVu6um-rBCrL6_AYRPIfY1ELbXFb_x8byXLqb3g&oe=6A97C76F,https://www.instagram.com/p/DcjfMcbkgCV/
Supermercado Tuiuiú,Higiene / Papelaria,Papel Higiênico Duetto 12 Rolos,15.99,28/08/2026,https://scontent-man2-1.cdninstagram.com/v/t39.30808-6/782169170_1720016740132144_6974904276998945912_n.jpg?stp=dst-jpg_e35_tt6&_nc_cat=105&ig_cache_key=Mzk3MzM0Mjg3OTk5ODQ4MTkyMA%3D%3D.3-ccb7-5&ccb=7-5&_nc_sid=58cdad&efg=eyJ2ZW5jb2RlX3RhZyI6IkNBUk9VU0VMX0lURU0ueHBpZHMuMTI1NC5zZHIucmVndWxhcl9waG90by5DMyJ9&_nc_ohc=q-Z25NrUeboQ7kNvwGqXKen&_nc_oc=AdpneHkXhiwe-uz90HGKUxE4rzZZW3mKri8P6-IjSHDJOLKSOChvN6N2I-fSa4gotoI&_nc_ad=z-m&_nc_cid=0&_nc_zt=23&_nc_ht=scontent-man2-1.cdninstagram.com&_nc_gid=Oh1mrcvHg1sPnWTYozeyJw&_nc_ss=7a22e&oh=00_AQExAVubRUWKBWMwfyWEjw5jU-SQLWowdPkoPr4MjZ0Ppw&oe=6A97BAC9,https://www.instagram.com/p/DckJlYyI3Tu/
Supermercado São Pedro,Higiene / Papelaria,Papel Higiênico Duetto Folha Dupla 12 Rolos 30m,16.99,27/08/2026,https://scontent-bos5-1.cdninstagram.com/v/t39.30808-6/785993166_1505168978322885_7442982966970505933_n.jpg?stp=c0.0.1638.2048a_dst-jpg_e35_s1638x2048_tt6&_nc_cat=110&ig_cache_key=Mzk3MzI3Njk2ODM0NzI3MzQzNQ%3D%3D.3-ccb7-5&ccb=7-5&_nc_sid=58cdad&efg=eyJ2ZW5jb2RlX3RhZyI6IkNBUk9VU0VMX0lURU0ueHBpZHMuMTYzOS5zZHIucmVndWxhcl9waG90by5DMyJ9&_nc_ohc=XG9RuKFD9RsQ7kNvwE0O6Yi&_nc_oc=AdrNOfdoiDImHK1tKaueyckNFES1wTo_HzsqBrRb0yXx2dyvyLbAHFqaILDIddlOK4E&_nc_ad=z-m&_nc_cid=0&_nc_zt=23&_nc_ht=scontent-bos5-1.cdninstagram.com&_nc_gid=tefus2BYMonKcSKoKgJN5Q&_nc_ss=7a22e&oh=00_AQH35XKJVKqJg3LClPrFY0TmcZEvqaiYIZA_B7mJHQOfKQ&oe=6A97B8CE,https://www.instagram.com/p/Dcj6lyLlKpL/
Machadão Atacadista,Higiene / Papelaria,Papel Higiênico Duetto Folha Dupla 30m 12un,19.9,27/08/2026,https://scontent-ams2-1.cdninstagram.com/v/t39.30808-6/786779086_1360550472831577_8028710268323392841_n.jpg?stp=dst-jpg_e35_tt6&_nc_cat=100&ig_cache_key=Mzk3MzE1NjQ3MjI0MjcxMDI2OQ%3D%3D.3-ccb7-5&ccb=7-5&_nc_sid=58cdad&efg=eyJ2ZW5jb2RlX3RhZyI6IkNBUk9VU0VMX0lURU0ueHBpZHMuMTYzOC5zZHIucmVndWxhcl9waG90by5DMyJ9&_nc_ohc=FB6gMN-plHsQ7kNvwEI_Aau&_nc_oc=Adpk9TuDHJAEt-2DRtSAL4CPHvT-D_aTBGRH_qLtLWrhbouwvsyXh-7V7KsOEMgqKco&_nc_ad=z-m&_nc_cid=0&_nc_zt=23&_nc_ht=scontent-ams2-1.cdninstagram.com&_nc_gid=W_rvWCImryD4RVuLWt4E6A&_nc_ss=7a22e&oh=00_AQHiVY1kVu6um-rBCrL6_AYRPIfY1ELbXFb_x8byXLqb3g&oe=6A97C76F,https://www.instagram.com/p/DcjfMcbkgCV/
Bom Jesus Primavera do Leste 🛒,Hortifruti / Ovos,Alho Nacional 100g,2.39,24/08/2026,https://instagram.fktw1-1.fna.fbcdn.net/v/t51.82787-15/780551083_18374239432237813_6720893505103105991_n.jpg?stp=dst-jpg_e35_tt6&_nc_cat=106&ig_cache_key=Mzk3MDc4NzgzMjYxOTg0ODE2Mw%3D%3D.3-ccb7-5&ccb=7-5&_nc_sid=58cdad&efg=eyJ2ZW5jb2RlX3RhZyI6IkNBUk9VU0VMX0lURU0ueHBpZHMuMTA4MC5zZHIucmVndWxhcl9waG90by5DMyJ9&_nc_ohc=myPGG8GAEqkQ7kNvwGTcb9I&_nc_oc=AdotyJ0U7-8_sLo8qfL9hcAUr-o67JwXqVueUqr5IQZJnMdhUZHDNW_TX0L3aEj2ckc&_nc_ad=z-m&_nc_cid=0&_nc_zt=23&_nc_ht=instagram.fktw1-1.fna&_nc_gid=ZNXNGK1plMjaDRCkkAylFA&_nc_ss=7a22e&oh=00_AQGVMH442dwBA7G9EyyclblhXVTqXIZHTyQy3oCh4706uw&oe=6A97BA84,https://www.instagram.com/p/DcbEo2aliuR/
Bom Jesus Primavera do Leste 🛒,Hortifruti / Ovos,Laranja Nacional kg,2.99,24/08/2026,https://instagram.fktw4-1.fna.fbcdn.net/v/t51.82787-15/784817810_18374239453237813_2825750323987932425_n.jpg?stp=dst-jpg_e35_tt6&_nc_cat=111&ig_cache_key=Mzk3MDc4NzgzNDU3MDQ3NjY3NQ%3D%3D.3-ccb7-5&ccb=7-5&_nc_sid=58cdad&efg=eyJ2ZW5jb2RlX3RhZyI6IkNBUk9VU0VMX0lURU0ueHBpZHMuMTA4MC5zZHIucmVndWxhcl9waG90by5DMyJ9&_nc_ohc=P7IruUnPC1sQ7kNvwHj1v_4&_nc_oc=Ado90FjR93-zhwU94Lfyg-pdAM904p24Q7NJNp3LumI1HLaEihSxcBIwUsSt6VV6img&_nc_ad=z-m&_nc_cid=0&_nc_zt=23&_nc_ht=instagram.fktw4-1.fna&_nc_gid=ZNXNGK1plMjaDRCkkAylFA&_nc_ss=7a22e&oh=00_AQFUE5zOAKX66DqjLHHPKXOBr9gnLiSXLHs2WBc7JSe4Ww&oe=6A97E249,https://www.instagram.com/p/DcbEo2aliuR/
SUPERMERCADO PARANAENSE,Hortifruti / Ovos,Batata Doce kg,2.99,25/08/2026,https://instagram.fmel18-1.fna.fbcdn.net/v/t51.82787-15/786266669_17907135252496981_2844548241403019285_n.jpg?stp=dst-jpg_e35_tt6&_nc_cat=102&ig_cache_key=Mzk3MTUxMTIzMTEyNDUyNjczMw%3D%3D.3-ccb7-5&ccb=7-5&_nc_sid=58cdad&efg=eyJ2ZW5jb2RlX3RhZyI6IkZFRUQueHBpZHMuMTM1MC5zZHIucmVndWxhcl9waG90by5DMyJ9&_nc_ohc=JjKOSCyFILYQ7kNvwGlh1nD&_nc_oc=AdoBPep20AvuUTKELGudybUAklw8jl_X9Ek70Sj4oVpCqiQqdegGPdF0zhG-3uWh1Y8&_nc_ad=z-m&_nc_cid=0&_nc_zt=23&_nc_ht=instagram.fmel18-1.fna&_nc_gid=7UfXIm5xeBR2yom4laodcg&_nc_ss=7a22e&oh=00_AQGWz_45ZxNcnZwpw4KxUsNYYcotG8lAkvxFuQPZ2Qy-6w&oe=6A97AEC9,https://www.instagram.com/p/DcdpGw4ptaN/
Supermercado São Pedro,Hortifruti / Ovos,Cebola kg,3.99,28/08/2026,https://scontent-ams2-1.cdninstagram.com/v/t51.82787-15/785599572_18195711460382122_5575322653184498920_n.jpg?stp=dst-jpg_e35_tt6&_nc_cat=109&ig_cache_key=Mzk3MzY3MjU2OTQ3ODkxNjI0Mw%3D%3D.3-ccb7-5&ccb=7-5&_nc_sid=58cdad&efg=eyJ2ZW5jb2RlX3RhZyI6IkNBUk9VU0VMX0lURU0ueHBpZHMuMTA4MS5zZHIucmVndWxhcl9waG90by5DMyJ9&_nc_ohc=YlNv7Hxcm4EQ7kNvwGx0pvY&_nc_oc=AdoNo6jjN9Aczf5Z8_cThIpbEt2ZDwe1YcQr7tZJtAOVSaVTC6gxm5Ibv5Ll5A3z-AE&_nc_ad=z-m&_nc_cid=0&_nc_zt=23&_nc_ht=scontent-ams2-1.cdninstagram.com&_nc_gid=Ch_pIkgnkh3nrU1AQJdMyg&_nc_ss=7a22e&oh=00_AQGXyVQwL6jgmiS_0oeTZz_hiLb7FmTqsSvsVWsYZAMQcg&oe=6A97B292,https://www.instagram.com/p/DclUqI1G7TG/
SUPERMERCADO PARANAENSE,Hortifruti / Ovos,Cebola kg,3.99,25/08/2026,https://instagram.fmel18-1.fna.fbcdn.net/v/t51.82787-15/786266669_17907135252496981_2844548241403019285_n.jpg?stp=dst-jpg_e35_tt6&_nc_cat=102&ig_cache_key=Mzk3MTUxMTIzMTEyNDUyNjczMw%3D%3D.3-ccb7-5&ccb=7-5&_nc_sid=58cdad&efg=eyJ2ZW5jb2RlX3RhZyI6IkZFRUQueHBpZHMuMTM1MC5zZHIucmVndWxhcl9waG90by5DMyJ9&_nc_ohc=JjKOSCyFILYQ7kNvwGlh1nD&_nc_oc=AdoBPep20AvuUTKELGudybUAklw8jl_X9Ek70Sj4oVpCqiQqdegGPdF0zhG-3uWh1Y8&_nc_ad=z-m&_nc_cid=0&_nc_zt=23&_nc_ht=instagram.fmel18-1.fna&_nc_gid=7UfXIm5xeBR2yom4laodcg&_nc_ss=7a22e&oh=00_AQGWz_45ZxNcnZwpw4KxUsNYYcotG8lAkvxFuQPZ2Qy-6w&oe=6A97AEC9,https://www.instagram.com/p/DcdpGw4ptaN/
SUPERMERCADO PARANAENSE,Hortifruti / Ovos,Banana Nanica kg,4.49,25/08/2026,https://instagram.fmel18-1.fna.fbcdn.net/v/t51.82787-15/786266669_17907135252496981_2844548241403019285_n.jpg?stp=dst-jpg_e35_tt6&_nc_cat=102&ig_cache_key=Mzk3MTUxMTIzMTEyNDUyNjczMw%3D%3D.3-ccb7-5&ccb=7-5&_nc_sid=58cdad&efg=eyJ2ZW5jb2RlX3RhZyI6IkZFRUQueHBpZHMuMTM1MC5zZHIucmVndWxhcl9waG90by5DMyJ9&_nc_ohc=JjKOSCyFILYQ7kNvwGlh1nD&_nc_oc=AdoBPep20AvuUTKELGudybUAklw8jl_X9Ek70Sj4oVpCqiQqdegGPdF0zhG-3uWh1Y8&_nc_ad=z-m&_nc_cid=0&_nc_zt=23&_nc_ht=instagram.fmel18-1.fna&_nc_gid=7UfXIm5xeBR2yom4laodcg&_nc_ss=7a22e&oh=00_AQGWz_45ZxNcnZwpw4KxUsNYYcotG8lAkvxFuQPZ2Qy-6w&oe=6A97AEC9,https://www.instagram.com/p/DcdpGw4ptaN/
Bom Jesus Primavera do Leste 🛒,Hortifruti / Ovos,Abacate kg,4.99,24/08/2026,https://instagram.fktw1-1.fna.fbcdn.net/v/t51.82787-15/780551083_18374239432237813_6720893505103105991_n.jpg?stp=dst-jpg_e35_tt6&_nc_cat=106&ig_cache_key=Mzk3MDc4NzgzMjYxOTg0ODE2Mw%3D%3D.3-ccb7-5&ccb=7-5&_nc_sid=58cdad&efg=eyJ2ZW5jb2RlX3RhZyI6IkNBUk9VU0VMX0lURU0ueHBpZHMuMTA4MC5zZHIucmVndWxhcl9waG90by5DMyJ9&_nc_ohc=myPGG8GAEqkQ7kNvwGTcb9I&_nc_oc=AdotyJ0U7-8_sLo8qfL9hcAUr-o67JwXqVueUqr5IQZJnMdhUZHDNW_TX0L3aEj2ckc&_nc_ad=z-m&_nc_cid=0&_nc_zt=23&_nc_ht=instagram.fktw1-1.fna&_nc_gid=ZNXNGK1plMjaDRCkkAylFA&_nc_ss=7a22e&oh=00_AQGVMH442dwBA7G9EyyclblhXVTqXIZHTyQy3oCh4706uw&oe=6A97BA84,https://www.instagram.com/p/DcbEo2aliuR/
Bom Jesus Primavera do Leste 🛒,Hortifruti / Ovos,Cebola kg,4.99,24/08/2026,https://instagram.fktw4-1.fna.fbcdn.net/v/t51.82787-15/784590234_18374239444237813_5954849484238865529_n.jpg?stp=dst-jpg_e35_tt6&_nc_cat=107&ig_cache_key=Mzk3MDc4NzgzMDE4NTU1ODE1Mg%3D%3D.3-ccb7-5&ccb=7-5&_nc_sid=58cdad&efg=eyJ2ZW5jb2RlX3RhZyI6IkNBUk9VU0VMX0lURU0ueHBpZHMuMTA4MC5zZHIucmVndWxhcl9waG90by5DMyJ9&_nc_ohc=LgS51WzQ1pUQ7kNvwHGtjOt&_nc_oc=AdojMzIhWbI8tfpDFOc0ULBB7U_imvZiPwWtxF7zWFCxqEUTSg_RmLNt_AZvn4ly9Xw&_nc_ad=z-m&_nc_cid=0&_nc_zt=23&_nc_ht=instagram.fktw4-1.fna&_nc_gid=ZNXNGK1plMjaDRCkkAylFA&_nc_ss=7a22e&oh=00_AQH6lECKNNuPTx26tMwql-giu6Y26Vi3dH3OP1QqmPnisQ&oe=6A97B87A,https://www.instagram.com/p/DcbEo2aliuR/
Supermercado São Pedro,Hortifruti / Ovos,Tomate kg,5.39,28/08/2026,https://scontent-ams2-1.cdninstagram.com/v/t51.82787-15/785599572_18195711460382122_5575322653184498920_n.jpg?stp=dst-jpg_e35_tt6&_nc_cat=109&ig_cache_key=Mzk3MzY3MjU2OTQ3ODkxNjI0Mw%3D%3D.3-ccb7-5&ccb=7-5&_nc_sid=58cdad&efg=eyJ2ZW5jb2RlX3RhZyI6IkNBUk9VU0VMX0lURU0ueHBpZHMuMTA4MS5zZHIucmVndWxhcl9waG90by5DMyJ9&_nc_ohc=YlNv7Hxcm4EQ7kNvwGx0pvY&_nc_oc=AdoNo6jjN9Aczf5Z8_cThIpbEt2ZDwe1YcQr7tZJtAOVSaVTC6gxm5Ibv5Ll5A3z-AE&_nc_ad=z-m&_nc_cid=0&_nc_zt=23&_nc_ht=scontent-ams2-1.cdninstagram.com&_nc_gid=Ch_pIkgnkh3nrU1AQJdMyg&_nc_ss=7a22e&oh=00_AQGXyVQwL6jgmiS_0oeTZz_hiLb7FmTqsSvsVWsYZAMQcg&oe=6A97B292,https://www.instagram.com/p/DclUqI1G7TG/
Bom Jesus Primavera do Leste 🛒,Hortifruti / Ovos,Tomate kg,5.99,24/08/2026,https://instagram.fktw1-1.fna.fbcdn.net/v/t51.82787-15/780551083_18374239432237813_6720893505103105991_n.jpg?stp=dst-jpg_e35_tt6&_nc_cat=106&ig_cache_key=Mzk3MDc4NzgzMjYxOTg0ODE2Mw%3D%3D.3-ccb7-5&ccb=7-5&_nc_sid=58cdad&efg=eyJ2ZW5jb2RlX3RhZyI6IkNBUk9VU0VMX0lURU0ueHBpZHMuMTA4MC5zZHIucmVndWxhcl9waG90by5DMyJ9&_nc_ohc=myPGG8GAEqkQ7kNvwGTcb9I&_nc_oc=AdotyJ0U7-8_sLo8qfL9hcAUr-o67JwXqVueUqr5IQZJnMdhUZHDNW_TX0L3aEj2ckc&_nc_ad=z-m&_nc_cid=0&_nc_zt=23&_nc_ht=instagram.fktw1-1.fna&_nc_gid=ZNXNGK1plMjaDRCkkAylFA&_nc_ss=7a22e&oh=00_AQGVMH442dwBA7G9EyyclblhXVTqXIZHTyQy3oCh4706uw&oe=6A97BA84,https://www.instagram.com/p/DcbEo2aliuR/
Bom Jesus Primavera do Leste 🛒,Hortifruti / Ovos,Banana Nanica kg,5.99,24/08/2026,https://instagram.fktw1-1.fna.fbcdn.net/v/t51.82787-15/780551083_18374239432237813_6720893505103105991_n.jpg?stp=dst-jpg_e35_tt6&_nc_cat=106&ig_cache_key=Mzk3MDc4NzgzMjYxOTg0ODE2Mw%3D%3D.3-ccb7-5&ccb=7-5&_nc_sid=58cdad&efg=eyJ2ZW5jb2RlX3RhZyI6IkNBUk9VU0VMX0lURU0ueHBpZHMuMTA4MC5zZHIucmVndWxhcl9waG90by5DMyJ9&_nc_ohc=myPGG8GAEqkQ7kNvwGTcb9I&_nc_oc=AdotyJ0U7-8_sLo8qfL9hcAUr-o67JwXqVueUqr5IQZJnMdhUZHDNW_TX0L3aEj2ckc&_nc_ad=z-m&_nc_cid=0&_nc_zt=23&_nc_ht=instagram.fktw1-1.fna&_nc_gid=ZNXNGK1plMjaDRCkkAylFA&_nc_ss=7a22e&oh=00_AQGVMH442dwBA7G9EyyclblhXVTqXIZHTyQy3oCh4706uw&oe=6A97BA84,https://www.instagram.com/p/DcbEo2aliuR/
Bom Jesus Primavera do Leste 🛒,Hortifruti / Ovos,Batata Doce kg,5.99,24/08/2026,https://instagram.fktw1-1.fna.fbcdn.net/v/t51.82787-15/780551083_18374239432237813_6720893505103105991_n.jpg?stp=dst-jpg_e35_tt6&_nc_cat=106&ig_cache_key=Mzk3MDc4NzgzMjYxOTg0ODE2Mw%3D%3D.3-ccb7-5&ccb=7-5&_nc_sid=58cdad&efg=eyJ2ZW5jb2RlX3RhZyI6IkNBUk9VU0VMX0lURU0ueHBpZHMuMTA4MC5zZHIucmVndWxhcl9waG90by5DMyJ9&_nc_ohc=myPGG8GAEqkQ7kNvwGTcb9I&_nc_oc=AdotyJ0U7-8_sLo8qfL9hcAUr-o67JwXqVueUqr5IQZJnMdhUZHDNW_TX0L3aEj2ckc&_nc_ad=z-m&_nc_cid=0&_nc_zt=23&_nc_ht=instagram.fktw1-1.fna&_nc_gid=ZNXNGK1plMjaDRCkkAylFA&_nc_ss=7a22e&oh=00_AQGVMH442dwBA7G9EyyclblhXVTqXIZHTyQy3oCh4706uw&oe=6A97BA84,https://www.instagram.com/p/DcbEo2aliuR/
Bom Jesus Primavera do Leste 🛒,Hortifruti / Ovos,Melão Amarelo kg,5.99,24/08/2026,https://instagram.fktw4-1.fna.fbcdn.net/v/t51.82787-15/783707432_18374239420237813_1111475954040917869_n.jpg?stp=dst-jpg_e35_tt6&_nc_cat=100&ig_cache_key=Mzk3MDc4NzgyNzEwNDYzMDI1Mg%3D%3D.3-ccb7-5&ccb=7-5&_nc_sid=58cdad&efg=eyJ2ZW5jb2RlX3RhZyI6IkNBUk9VU0VMX0lURU0ueHBpZHMuMTA4MC5zZHIucmVndWxhcl9waG90by5DMyJ9&_nc_ohc=73JIocu6eoQQ7kNvwG6jq0N&_nc_oc=AdpP1sL849V9mn85Du3BmbKwuBjOscotmgPThScB4cqd2gf-rIkpnpaiNoFSmD0XsCc&_nc_ad=z-m&_nc_cid=0&_nc_zt=23&_nc_ht=instagram.fktw4-1.fna&_nc_gid=ZNXNGK1plMjaDRCkkAylFA&_nc_ss=7a22e&oh=00_AQERi650jOmG1NNkGLW3XjLcQ95ICuDRXg8Uwlc65ZkZdA&oe=6A97DEBC,https://www.instagram.com/p/DcbEo2aliuR/
SUPERMERCADO PARANAENSE,Hortifruti / Ovos,Abacate kg,5.99,25/08/2026,https://instagram.fmel18-1.fna.fbcdn.net/v/t51.82787-15/786266669_17907135252496981_2844548241403019285_n.jpg?stp=dst-jpg_e35_tt6&_nc_cat=102&ig_cache_key=Mzk3MTUxMTIzMTEyNDUyNjczMw%3D%3D.3-ccb7-5&ccb=7-5&_nc_sid=58cdad&efg=eyJ2ZW5jb2RlX3RhZyI6IkZFRUQueHBpZHMuMTM1MC5zZHIucmVndWxhcl9waG90by5DMyJ9&_nc_ohc=JjKOSCyFILYQ7kNvwGlh1nD&_nc_oc=AdoBPep20AvuUTKELGudybUAklw8jl_X9Ek70Sj4oVpCqiQqdegGPdF0zhG-3uWh1Y8&_nc_ad=z-m&_nc_cid=0&_nc_zt=23&_nc_ht=instagram.fmel18-1.fna&_nc_gid=7UfXIm5xeBR2yom4laodcg&_nc_ss=7a22e&oh=00_AQGWz_45ZxNcnZwpw4KxUsNYYcotG8lAkvxFuQPZ2Qy-6w&oe=6A97AEC9,https://www.instagram.com/p/DcdpGw4ptaN/
Bom Jesus Primavera do Leste 🛒,Hortifruti / Ovos,Mamão Formoso kg,6.99,24/08/2026,https://instagram.fktw4-1.fna.fbcdn.net/v/t51.82787-15/784817810_18374239453237813_2825750323987932425_n.jpg?stp=dst-jpg_e35_tt6&_nc_cat=111&ig_cache_key=Mzk3MDc4NzgzNDU3MDQ3NjY3NQ%3D%3D.3-ccb7-5&ccb=7-5&_nc_sid=58cdad&efg=eyJ2ZW5jb2RlX3RhZyI6IkNBUk9VU0VMX0lURU0ueHBpZHMuMTA4MC5zZHIucmVndWxhcl9waG90by5DMyJ9&_nc_ohc=P7IruUnPC1sQ7kNvwHj1v_4&_nc_oc=Ado90FjR93-zhwU94Lfyg-pdAM904p24Q7NJNp3LumI1HLaEihSxcBIwUsSt6VV6img&_nc_ad=z-m&_nc_cid=0&_nc_zt=23&_nc_ht=instagram.fktw4-1.fna&_nc_gid=ZNXNGK1plMjaDRCkkAylFA&_nc_ss=7a22e&oh=00_AQFUE5zOAKX66DqjLHHPKXOBr9gnLiSXLHs2WBc7JSe4Ww&oe=6A97E249,https://www.instagram.com/p/DcbEo2aliuR/
SUPERMERCADO PARANAENSE,Hortifruti / Ovos,Uva Preta sem Semente 500g,6.99,25/08/2026,https://instagram.fmel18-1.fna.fbcdn.net/v/t51.82787-15/786266669_17907135252496981_2844548241403019285_n.jpg?stp=dst-jpg_e35_tt6&_nc_cat=102&ig_cache_key=Mzk3MTUxMTIzMTEyNDUyNjczMw%3D%3D.3-ccb7-5&ccb=7-5&_nc_sid=58cdad&efg=eyJ2ZW5jb2RlX3RhZyI6IkZFRUQueHBpZHMuMTM1MC5zZHIucmVndWxhcl9waG90by5DMyJ9&_nc_ohc=JjKOSCyFILYQ7kNvwGlh1nD&_nc_oc=AdoBPep20AvuUTKELGudybUAklw8jl_X9Ek70Sj4oVpCqiQqdegGPdF0zhG-3uWh1Y8&_nc_ad=z-m&_nc_cid=0&_nc_zt=23&_nc_ht=instagram.fmel18-1.fna&_nc_gid=7UfXIm5xeBR2yom4laodcg&_nc_ss=7a22e&oh=00_AQGWz_45ZxNcnZwpw4KxUsNYYcotG8lAkvxFuQPZ2Qy-6w&oe=6A97AEC9,https://www.instagram.com/p/DcdpGw4ptaN/
Bom Jesus Primavera do Leste 🛒,Hortifruti / Ovos,Maçã Gala kg,7.99,24/08/2026,https://instagram.fktw4-1.fna.fbcdn.net/v/t51.82787-15/784817810_18374239453237813_2825750323987932425_n.jpg?stp=dst-jpg_e35_tt6&_nc_cat=111&ig_cache_key=Mzk3MDc4NzgzNDU3MDQ3NjY3NQ%3D%3D.3-ccb7-5&ccb=7-5&_nc_sid=58cdad&efg=eyJ2ZW5jb2RlX3RhZyI6IkNBUk9VU0VMX0lURU0ueHBpZHMuMTA4MC5zZHIucmVndWxhcl9waG90by5DMyJ9&_nc_ohc=P7IruUnPC1sQ7kNvwHj1v_4&_nc_oc=Ado90FjR93-zhwU94Lfyg-pdAM904p24Q7NJNp3LumI1HLaEihSxcBIwUsSt6VV6img&_nc_ad=z-m&_nc_cid=0&_nc_zt=23&_nc_ht=instagram.fktw4-1.fna&_nc_gid=ZNXNGK1plMjaDRCkkAylFA&_nc_ss=7a22e&oh=00_AQFUE5zOAKX66DqjLHHPKXOBr9gnLiSXLHs2WBc7JSe4Ww&oe=6A97E249,https://www.instagram.com/p/DcbEo2aliuR/
Bom Jesus Primavera do Leste 🛒,Hortifruti / Ovos,Uva Vitória Isis 500g,7.99,24/08/2026,https://instagram.fktw1-1.fna.fbcdn.net/v/t51.82787-15/780551083_18374239432237813_6720893505103105991_n.jpg?stp=dst-jpg_e35_tt6&_nc_cat=106&ig_cache_key=Mzk3MDc4NzgzMjYxOTg0ODE2Mw%3D%3D.3-ccb7-5&ccb=7-5&_nc_sid=58cdad&efg=eyJ2ZW5jb2RlX3RhZyI6IkNBUk9VU0VMX0lURU0ueHBpZHMuMTA4MC5zZHIucmVndWxhcl9waG90by5DMyJ9&_nc_ohc=myPGG8GAEqkQ7kNvwGTcb9I&_nc_oc=AdotyJ0U7-8_sLo8qfL9hcAUr-o67JwXqVueUqr5IQZJnMdhUZHDNW_TX0L3aEj2ckc&_nc_ad=z-m&_nc_cid=0&_nc_zt=23&_nc_ht=instagram.fktw1-1.fna&_nc_gid=ZNXNGK1plMjaDRCkkAylFA&_nc_ss=7a22e&oh=00_AQGVMH442dwBA7G9EyyclblhXVTqXIZHTyQy3oCh4706uw&oe=6A97BA84,https://www.instagram.com/p/DcbEo2aliuR/
SUPERMERCADO PARANAENSE,Hortifruti / Ovos,Mamão Formosa kg,7.99,25/08/2026,https://instagram.fmel18-1.fna.fbcdn.net/v/t51.82787-15/786266669_17907135252496981_2844548241403019285_n.jpg?stp=dst-jpg_e35_tt6&_nc_cat=102&ig_cache_key=Mzk3MTUxMTIzMTEyNDUyNjczMw%3D%3D.3-ccb7-5&ccb=7-5&_nc_sid=58cdad&efg=eyJ2ZW5jb2RlX3RhZyI6IkZFRUQueHBpZHMuMTM1MC5zZHIucmVndWxhcl9waG90by5DMyJ9&_nc_ohc=JjKOSCyFILYQ7kNvwGlh1nD&_nc_oc=AdoBPep20AvuUTKELGudybUAklw8jl_X9Ek70Sj4oVpCqiQqdegGPdF0zhG-3uWh1Y8&_nc_ad=z-m&_nc_cid=0&_nc_zt=23&_nc_ht=instagram.fmel18-1.fna&_nc_gid=7UfXIm5xeBR2yom4laodcg&_nc_ss=7a22e&oh=00_AQGWz_45ZxNcnZwpw4KxUsNYYcotG8lAkvxFuQPZ2Qy-6w&oe=6A97AEC9,https://www.instagram.com/p/DcdpGw4ptaN/
Super Compras Supermercado,Hortifruti / Ovos,Ovos Brancos 20un,9.89,27/08/2026,https://instagram.fblq4-1.fna.fbcdn.net/v/t51.82787-15/788172202_18192669184391764_5816935157600731829_n.jpg?stp=dst-jpg_e35_tt6&_nc_cat=102&ig_cache_key=Mzk3MjU2Mjg0NTk4OTQwNjA0Mw%3D%3D.3-ccb7-5&ccb=7-5&_nc_sid=58cdad&efg=eyJ2ZW5jb2RlX3RhZyI6IkZFRUQueHBpZHMuMTQ0MC5zZHIucmVndWxhcl9waG90by5DMyJ9&_nc_ohc=LRlDAksdQ-AQ7kNvwH5A0p9&_nc_oc=AdpLU-hFXp99iVl4paH_lhV01ASOYInyZ1bj52QO6ruRQ7Mn_SdpUoTjTXcGx6ov0Q4&_nc_ad=z-m&_nc_cid=1093&_nc_zt=23&_nc_ht=instagram.fblq4-1.fna&_nc_gid=a_sG6VtFpGKB5iM0z0UKjg&_nc_ss=7a22e&oh=00_AQGNjb1_ysBtXgfBVfmo3P9bZ9DRLY-m9edcQGHgOI2OJA&oe=6A97C428,https://www.instagram.com/p/DchYNxjHQVb/
SUPERMERCADO PARANAENSE,Hortifruti / Ovos,Maçã Nacional kg,9.99,25/08/2026,https://instagram.fmel18-1.fna.fbcdn.net/v/t51.82787-15/786266669_17907135252496981_2844548241403019285_n.jpg?stp=dst-jpg_e35_tt6&_nc_cat=102&ig_cache_key=Mzk3MTUxMTIzMTEyNDUyNjczMw%3D%3D.3-ccb7-5&ccb=7-5&_nc_sid=58cdad&efg=eyJ2ZW5jb2RlX3RhZyI6IkZFRUQueHBpZHMuMTM1MC5zZHIucmVndWxhcl9waG90by5DMyJ9&_nc_ohc=JjKOSCyFILYQ7kNvwGlh1nD&_nc_oc=AdoBPep20AvuUTKELGudybUAklw8jl_X9Ek70Sj4oVpCqiQqdegGPdF0zhG-3uWh1Y8&_nc_ad=z-m&_nc_cid=0&_nc_zt=23&_nc_ht=instagram.fmel18-1.fna&_nc_gid=7UfXIm5xeBR2yom4laodcg&_nc_ss=7a22e&oh=00_AQGWz_45ZxNcnZwpw4KxUsNYYcotG8lAkvxFuQPZ2Qy-6w&oe=6A97AEC9,https://www.instagram.com/p/DcdpGw4ptaN/
Machadão Atacadista,Hortifruti / Ovos,Batata Easychef 1.1kg,15.99,25/08/2026,https://scontent-dus1-1.cdninstagram.com/v/t39.30808-6/785059096_1358646486355309_4355252955160182464_n.jpg?stp=dst-jpg_e35_tt6&_nc_cat=107&ig_cache_key=Mzk3MTUyNDg5Njc4NTk1NzI2NA%3D%3D.3-ccb7-5&ccb=7-5&_nc_sid=58cdad&efg=eyJ2ZW5jb2RlX3RhZyI6IkNBUk9VU0VMX0lURU0ueHBpZHMuMTYzOC5zZHIucmVndWxhcl9waG90by5DMyJ9&_nc_ohc=7xcost5b2JkQ7kNvwEnl6NG&_nc_oc=AdqptSuugfcQCpnKtC8y8_X03y7LGAz76AxgMW-xz-FOEaPHIf72wDHlcnh4-YEihYkk7-O5dYN4yXHthGkA_Eqa&_nc_ad=z-m&_nc_cid=0&_nc_zt=23&_nc_ht=scontent-dus1-1.cdninstagram.com&_nc_gid=oEBPHF74--AW6nyv447F6g&_nc_ss=7a22e&oh=00_AQEWfwE-2Dq-ZjjamD5oThXrOSuwFZE1sbx6lGUmcSiaZA&oe=6A97C241,https://www.instagram.com/p/DcdsNxKDBTG/
Machadão Atacadista,Hortifruti / Ovos,Batata Easychef 1.1kg,15.99,25/08/2026,https://scontent-dus1-1.cdninstagram.com/v/t39.30808-6/786543128_1358645369688754_2779017979935584164_n.jpg?stp=dst-jpg_e35_tt6&_nc_cat=101&ig_cache_key=Mzk3MTUyNDg5NTIzNDEwNDA4Mg%3D%3D.3-ccb7-5&ccb=7-5&_nc_sid=58cdad&efg=eyJ2ZW5jb2RlX3RhZyI6IkNBUk9VU0VMX0lURU0ueHBpZHMuMTYzOC5zZHIucmVndWxhcl9waG90by5DMyJ9&_nc_ohc=fkD66OU_vJ8Q7kNvwGVhQFg&_nc_oc=AdqVV41Y6EDPDc8woKC8acJQ50fyLaMqyxqQ6XwSb0QTw7zKiZe9fCHQdh0YmvCey2oCLfsQ1SDBgH5U1MsSEJJc&_nc_ad=z-m&_nc_cid=0&_nc_zt=23&_nc_ht=scontent-dus1-1.cdninstagram.com&_nc_gid=oEBPHF74--AW6nyv447F6g&_nc_ss=7a22e&oh=00_AQF4nQ2o1bdHwhk4KCm8m6hwk4bO-EEhkiU9BWMVDhXWGw&oe=6A97B484,https://www.instagram.com/p/DcdsNxKDBTG/
SUPERMERCADO PARANAENSE,Hortifruti / Ovos,Alho kg,19.99,25/08/2026,https://instagram.fmel18-1.fna.fbcdn.net/v/t51.82787-15/786266669_17907135252496981_2844548241403019285_n.jpg?stp=dst-jpg_e35_tt6&_nc_cat=102&ig_cache_key=Mzk3MTUxMTIzMTEyNDUyNjczMw%3D%3D.3-ccb7-5&ccb=7-5&_nc_sid=58cdad&efg=eyJ2ZW5jb2RlX3RhZyI6IkZFRUQueHBpZHMuMTM1MC5zZHIucmVndWxhcl9waG90by5DMyJ9&_nc_ohc=JjKOSCyFILYQ7kNvwGlh1nD&_nc_oc=AdoBPep20AvuUTKELGudybUAklw8jl_X9Ek70Sj4oVpCqiQqdegGPdF0zhG-3uWh1Y8&_nc_ad=z-m&_nc_cid=0&_nc_zt=23&_nc_ht=instagram.fmel18-1.fna&_nc_gid=7UfXIm5xeBR2yom4laodcg&_nc_ss=7a22e&oh=00_AQGWz_45ZxNcnZwpw4KxUsNYYcotG8lAkvxFuQPZ2Qy-6w&oe=6A97AEC9,https://www.instagram.com/p/DcdpGw4ptaN/
Supermercado São Pedro,Hortifruti / Ovos,Batata Sadia 2kg,27.49,28/08/2026,https://scontent-ams2-1.cdninstagram.com/v/t51.82787-15/785599572_18195711460382122_5575322653184498920_n.jpg?stp=dst-jpg_e35_tt6&_nc_cat=109&ig_cache_key=Mzk3MzY3MjU2OTQ3ODkxNjI0Mw%3D%3D.3-ccb7-5&ccb=7-5&_nc_sid=58cdad&efg=eyJ2ZW5jb2RlX3RhZyI6IkNBUk9VU0VMX0lURU0ueHBpZHMuMTA4MS5zZHIucmVndWxhcl9waG90by5DMyJ9&_nc_ohc=YlNv7Hxcm4EQ7kNvwGx0pvY&_nc_oc=AdoNo6jjN9Aczf5Z8_cThIpbEt2ZDwe1YcQr7tZJtAOVSaVTC6gxm5Ibv5Ll5A3z-AE&_nc_ad=z-m&_nc_cid=0&_nc_zt=23&_nc_ht=scontent-ams2-1.cdninstagram.com&_nc_gid=Ch_pIkgnkh3nrU1AQJdMyg&_nc_ss=7a22e&oh=00_AQGXyVQwL6jgmiS_0oeTZz_hiLb7FmTqsSvsVWsYZAMQcg&oe=6A97B292,https://www.instagram.com/p/DclUqI1G7TG/
Supermercado Tuiuiú,Laticínios / Leites e Derivados,Creme de Leite Piracanjuba 200ml,2.49,28/08/2026,https://scontent-man2-1.cdninstagram.com/v/t39.30808-6/752708427_1720016720132146_149709506206268519_n.jpg?stp=dst-jpg_e35_tt6&_nc_cat=108&ig_cache_key=Mzk3MzM0Mjg4MDAxNTI3Mzk0NA%3D%3D.3-ccb7-5&ccb=7-5&_nc_sid=58cdad&efg=eyJ2ZW5jb2RlX3RhZyI6IkNBUk9VU0VMX0lURU0ueHBpZHMuMTI1NC5zZHIucmVndWxhcl9waG90by5DMyJ9&_nc_ohc=7bG_IFJvHW0Q7kNvwEWBB6a&_nc_oc=Adoq2psgJxwQ__5eYi26mTqHQHpwVaKQiCUPuNT8VaCbmFi8_6L7VlnBVQn3lG30lpA&_nc_ad=z-m&_nc_cid=0&_nc_zt=23&_nc_ht=scontent-man2-1.cdninstagram.com&_nc_gid=Oh1mrcvHg1sPnWTYozeyJw&_nc_ss=7a22e&oh=00_AQFlahSgWlxg719RB5fWi5zPT7V0rDYMG9NxcM4FYnh23g&oe=6A97DDD3,https://www.instagram.com/p/DckJlYyI3Tu/
Super Compras Supermercado,Laticínios / Leites e Derivados,Creme de Leite Piracanjuba 200g,2.89,27/08/2026,https://instagram.fblq4-1.fna.fbcdn.net/v/t51.82787-15/788172202_18192669184391764_5816935157600731829_n.jpg?stp=dst-jpg_e35_tt6&_nc_cat=102&ig_cache_key=Mzk3MjU2Mjg0NTk4OTQwNjA0Mw%3D%3D.3-ccb7-5&ccb=7-5&_nc_sid=58cdad&efg=eyJ2ZW5jb2RlX3RhZyI6IkZFRUQueHBpZHMuMTQ0MC5zZHIucmVndWxhcl9waG90by5DMyJ9&_nc_ohc=LRlDAksdQ-AQ7kNvwH5A0p9&_nc_oc=AdpLU-hFXp99iVl4paH_lhV01ASOYInyZ1bj52QO6ruRQ7Mn_SdpUoTjTXcGx6ov0Q4&_nc_ad=z-m&_nc_cid=1093&_nc_zt=23&_nc_ht=instagram.fblq4-1.fna&_nc_gid=a_sG6VtFpGKB5iM0z0UKjg&_nc_ss=7a22e&oh=00_AQGNjb1_ysBtXgfBVfmo3P9bZ9DRLY-m9edcQGHgOI2OJA&oe=6A97C428,https://www.instagram.com/p/DchYNxjHQVb/
Supermercado Tuiuiú,Laticínios / Leites e Derivados,Leite Condensado Piracanjuba 395g,5.79,28/08/2026,https://scontent-man2-1.cdninstagram.com/v/t39.30808-6/752708427_1720016720132146_149709506206268519_n.jpg?stp=dst-jpg_e35_tt6&_nc_cat=108&ig_cache_key=Mzk3MzM0Mjg4MDAxNTI3Mzk0NA%3D%3D.3-ccb7-5&ccb=7-5&_nc_sid=58cdad&efg=eyJ2ZW5jb2RlX3RhZyI6IkNBUk9VU0VMX0lURU0ueHBpZHMuMTI1NC5zZHIucmVndWxhcl9waG90by5DMyJ9&_nc_ohc=7bG_IFJvHW0Q7kNvwEWBB6a&_nc_oc=Adoq2psgJxwQ__5eYi26mTqHQHpwVaKQiCUPuNT8VaCbmFi8_6L7VlnBVQn3lG30lpA&_nc_ad=z-m&_nc_cid=0&_nc_zt=23&_nc_ht=scontent-man2-1.cdninstagram.com&_nc_gid=Oh1mrcvHg1sPnWTYozeyJw&_nc_ss=7a22e&oh=00_AQFlahSgWlxg719RB5fWi5zPT7V0rDYMG9NxcM4FYnh23g&oe=6A97DDD3,https://www.instagram.com/p/DckJlYyI3Tu/
Supermercado Tuiuiú,Laticínios / Leites e Derivados,Leite Integral Frimesa 1L,6.19,28/08/2026,https://scontent-man2-1.cdninstagram.com/v/t39.30808-6/777867278_1720016746798810_8968857745876573698_n.jpg?stp=dst-jpg_e35_tt6&_nc_cat=108&ig_cache_key=Mzk3MzM0Mjg3ODY1NjMwNjQwOQ%3D%3D.3-ccb7-5&ccb=7-5&_nc_sid=58cdad&efg=eyJ2ZW5jb2RlX3RhZyI6IkNBUk9VU0VMX0lURU0ueHBpZHMuMTI1NC5zZHIucmVndWxhcl9waG90by5DMyJ9&_nc_ohc=Z9Kw3OPyQ28Q7kNvwGU7Ln_&_nc_oc=AdpJfiPn_5vxe3EHndUybjPKs0Rwuwmjp82GtAJYt9vGfXm0XGC_suobP_D8GbWo6hs&_nc_ad=z-m&_nc_cid=0&_nc_zt=23&_nc_ht=scontent-man2-1.cdninstagram.com&_nc_gid=Oh1mrcvHg1sPnWTYozeyJw&_nc_ss=7a22e&oh=00_AQHI2faikBAuy8vCmzhrj-B7S3xTDDyOtrEIlfM262JxSw&oe=6A97E3C9,https://www.instagram.com/p/DckJlYyI3Tu/
Supermercado Tuiuiú,Laticínios / Leites e Derivados,Requeijão Carolina 180g,6.49,26/08/2026,https://instagram.fbfh3-2.fna.fbcdn.net/v/t51.82787-15/786993044_18581670784067900_4451038722088372453_n.jpg?stp=dst-jpg_e35_tt6&_nc_cat=106&ig_cache_key=Mzk3MjU4MDU3NDQ4MDgyOTk0OQ%3D%3D.3-ccb7-5&ccb=7-5&_nc_sid=58cdad&efg=eyJ2ZW5jb2RlX3RhZyI6IkNBUk9VU0VMX0lURU0ueHBpZHMuMTA4MC5zZHIucmVndWxhcl9waG90by5DMyJ9&_nc_ohc=LMIY6vyvLpAQ7kNvwEERiL6&_nc_oc=Adrqrk6k9A33-rTrGuk-JW1MM8PuvLEk3txmNTPJx5oIwWNot7-wrSoPlCsU5X3pR8g&_nc_ad=z-m&_nc_cid=0&_nc_zt=23&_nc_ht=instagram.fbfh3-2.fna&_nc_gid=2X_YrJQXGUE-xy0wvXJaew&_nc_ss=7a22e&oh=00_AQFcZZoNmk-6guewlsfvdi-tkB0z1BohQNthzoqZHyEFSg&oe=6A97DC51,https://www.instagram.com/p/DchcQH5DdVj/
Supermercado Tuiuiú,Laticínios / Leites e Derivados,Iogurte Carolina 800g,6.89,26/08/2026,https://instagram.fbfh3-2.fna.fbcdn.net/v/t51.82787-15/786993044_18581670784067900_4451038722088372453_n.jpg?stp=dst-jpg_e35_tt6&_nc_cat=106&ig_cache_key=Mzk3MjU4MDU3NDQ4MDgyOTk0OQ%3D%3D.3-ccb7-5&ccb=7-5&_nc_sid=58cdad&efg=eyJ2ZW5jb2RlX3RhZyI6IkNBUk9VU0VMX0lURU0ueHBpZHMuMTA4MC5zZHIucmVndWxhcl9waG90by5DMyJ9&_nc_ohc=LMIY6vyvLpAQ7kNvwEERiL6&_nc_oc=Adrqrk6k9A33-rTrGuk-JW1MM8PuvLEk3txmNTPJx5oIwWNot7-wrSoPlCsU5X3pR8g&_nc_ad=z-m&_nc_cid=0&_nc_zt=23&_nc_ht=instagram.fbfh3-2.fna&_nc_gid=2X_YrJQXGUE-xy0wvXJaew&_nc_ss=7a22e&oh=00_AQFcZZoNmk-6guewlsfvdi-tkB0z1BohQNthzoqZHyEFSg&oe=6A97DC51,https://www.instagram.com/p/DchcQH5DdVj/
Supermercado São Pedro,Laticínios / Leites e Derivados,Leite Condensado Moça 395g,6.99,27/08/2026,https://scontent-bos5-1.cdninstagram.com/v/t39.30808-6/785993166_1505168978322885_7442982966970505933_n.jpg?stp=c0.0.1638.2048a_dst-jpg_e35_s1638x2048_tt6&_nc_cat=110&ig_cache_key=Mzk3MzI3Njk2ODM0NzI3MzQzNQ%3D%3D.3-ccb7-5&ccb=7-5&_nc_sid=58cdad&efg=eyJ2ZW5jb2RlX3RhZyI6IkNBUk9VU0VMX0lURU0ueHBpZHMuMTYzOS5zZHIucmVndWxhcl9waG90by5DMyJ9&_nc_ohc=XG9RuKFD9RsQ7kNvwE0O6Yi&_nc_oc=AdrNOfdoiDImHK1tKaueyckNFES1wTo_HzsqBrRb0yXx2dyvyLbAHFqaILDIddlOK4E&_nc_ad=z-m&_nc_cid=0&_nc_zt=23&_nc_ht=scontent-bos5-1.cdninstagram.com&_nc_gid=tefus2BYMonKcSKoKgJN5Q&_nc_ss=7a22e&oh=00_AQH35XKJVKqJg3LClPrFY0TmcZEvqaiYIZA_B7mJHQOfKQ&oe=6A97B8CE,https://www.instagram.com/p/Dcj6lyLlKpL/
SUPERMERCADO PARANAENSE,Laticínios / Leites e Derivados,Leite Integral Santa Clara 1L,6.99,25/08/2026,https://scontent-fra3-1.cdninstagram.com/v/t51.82787-15/786374804_17907135297496981_3284822547929331185_n.jpg?stp=dst-jpg_e35_tt6&_nc_cat=108&ig_cache_key=Mzk3MTUxMTM1MzQ1NTYyODIxNA%3D%3D.3-ccb7-5&ccb=7-5&_nc_sid=58cdad&efg=eyJ2ZW5jb2RlX3RhZyI6IkZFRUQueHBpZHMuMTM1MC5zZHIucmVndWxhcl9waG90by5DMyJ9&_nc_ohc=Lh1PDU5a_NcQ7kNvwHRgx8E&_nc_oc=Ado_ugE0xr6qbVNhg3VQkn4Et9o8ujEzC5-6w-jpV5dgznrkZzRIZbE3YYslNXjqges&_nc_ad=z-m&_nc_cid=0&_nc_zt=23&_nc_ht=scontent-fra3-1.cdninstagram.com&_nc_gid=kww7j6xPMxEEP18b0yWTkA&_nc_ss=7a22e&oh=00_AQGh01Ql-xaPtM0H50R8x4dS1hx__5ZEE198XJVFCwHupw&oe=6A97E4BE,https://www.instagram.com/p/DcdpIi0J0-2/
SUPERMERCADO PARANAENSE,Laticínios / Leites e Derivados,Leite Condensado Piracanjuba 395g,6.99,25/08/2026,https://scontent-fra3-1.cdninstagram.com/v/t51.82787-15/786374804_17907135297496981_3284822547929331185_n.jpg?stp=dst-jpg_e35_tt6&_nc_cat=108&ig_cache_key=Mzk3MTUxMTM1MzQ1NTYyODIxNA%3D%3D.3-ccb7-5&ccb=7-5&_nc_sid=58cdad&efg=eyJ2ZW5jb2RlX3RhZyI6IkZFRUQueHBpZHMuMTM1MC5zZHIucmVndWxhcl9waG90by5DMyJ9&_nc_ohc=Lh1PDU5a_NcQ7kNvwHRgx8E&_nc_oc=Ado_ugE0xr6qbVNhg3VQkn4Et9o8ujEzC5-6w-jpV5dgznrkZzRIZbE3YYslNXjqges&_nc_ad=z-m&_nc_cid=0&_nc_zt=23&_nc_ht=scontent-fra3-1.cdninstagram.com&_nc_gid=kww7j6xPMxEEP18b0yWTkA&_nc_ss=7a22e&oh=00_AQGh01Ql-xaPtM0H50R8x4dS1hx__5ZEE198XJVFCwHupw&oe=6A97E4BE,https://www.instagram.com/p/DcdpIi0J0-2/
Machadão Atacadista,Laticínios / Leites e Derivados,Requeijão Cremoso Poços de Caldas 400g,14.9,27/08/2026,https://scontent-ams2-1.cdninstagram.com/v/t39.30808-6/787104328_1360550532831571_2281243341389434448_n.jpg?stp=dst-jpg_e35_tt6&_nc_cat=100&ig_cache_key=Mzk3MzE1NjQ3MTc1NjIxMzA2MQ%3D%3D.3-ccb7-5&ccb=7-5&_nc_sid=58cdad&efg=eyJ2ZW5jb2RlX3RhZyI6IkNBUk9VU0VMX0lURU0ueHBpZHMuMTYzOC5zZHIucmVndWxhcl9waG90by5DMyJ9&_nc_ohc=BsEfA1wdsJMQ7kNvwElvBVw&_nc_oc=AdotN0eHRtVwjkYS0BuXdsQlOICDI0TjH6XabtYEUFgI3kDuSHHjpm2VB3u6rM5ijWM&_nc_ad=z-m&_nc_cid=0&_nc_zt=23&_nc_ht=scontent-ams2-1.cdninstagram.com&_nc_gid=W_rvWCImryD4RVuLWt4E6A&_nc_ss=7a22e&oh=00_AQE7taI2tGK-qgb5ER4PL83BiadNx5mlrZy3hOjhiZuBuw&oe=6A97C190,https://www.instagram.com/p/DcjfMcbkgCV/
Supermercado Tuiuiú,Laticínios / Leites e Derivados,Leite Ninho 370g,16.99,26/08/2026,https://instagram.fbfh3-2.fna.fbcdn.net/v/t51.82787-15/786993044_18581670784067900_4451038722088372453_n.jpg?stp=dst-jpg_e35_tt6&_nc_cat=106&ig_cache_key=Mzk3MjU4MDU3NDQ4MDgyOTk0OQ%3D%3D.3-ccb7-5&ccb=7-5&_nc_sid=58cdad&efg=eyJ2ZW5jb2RlX3RhZyI6IkNBUk9VU0VMX0lURU0ueHBpZHMuMTA4MC5zZHIucmVndWxhcl9waG90by5DMyJ9&_nc_ohc=LMIY6vyvLpAQ7kNvwEERiL6&_nc_oc=Adrqrk6k9A33-rTrGuk-JW1MM8PuvLEk3txmNTPJx5oIwWNot7-wrSoPlCsU5X3pR8g&_nc_ad=z-m&_nc_cid=0&_nc_zt=23&_nc_ht=instagram.fbfh3-2.fna&_nc_gid=2X_YrJQXGUE-xy0wvXJaew&_nc_ss=7a22e&oh=00_AQFcZZoNmk-6guewlsfvdi-tkB0z1BohQNthzoqZHyEFSg&oe=6A97DC51,https://www.instagram.com/p/DchcQH5DdVj/
Machadão Atacadista,Laticínios / Leites e Derivados,Queijo Brie Président 125g,23.9,25/08/2026,https://scontent-dus1-1.cdninstagram.com/v/t39.30808-6/786543128_1358645369688754_2779017979935584164_n.jpg?stp=dst-jpg_e35_tt6&_nc_cat=101&ig_cache_key=Mzk3MTUyNDg5NTIzNDEwNDA4Mg%3D%3D.3-ccb7-5&ccb=7-5&_nc_sid=58cdad&efg=eyJ2ZW5jb2RlX3RhZyI6IkNBUk9VU0VMX0lURU0ueHBpZHMuMTYzOC5zZHIucmVndWxhcl9waG90by5DMyJ9&_nc_ohc=fkD66OU_vJ8Q7kNvwGVhQFg&_nc_oc=AdqVV41Y6EDPDc8woKC8acJQ50fyLaMqyxqQ6XwSb0QTw7zKiZe9fCHQdh0YmvCey2oCLfsQ1SDBgH5U1MsSEJJc&_nc_ad=z-m&_nc_cid=0&_nc_zt=23&_nc_ht=scontent-dus1-1.cdninstagram.com&_nc_gid=oEBPHF74--AW6nyv447F6g&_nc_ss=7a22e&oh=00_AQF4nQ2o1bdHwhk4KCm8m6hwk4bO-EEhkiU9BWMVDhXWGw&oe=6A97B484,https://www.instagram.com/p/DcdsNxKDBTG/
Supermercado Tuiuiú,Laticínios / Leites e Derivados,Queijo Queijo Mussarela kg,42.99,26/08/2026,https://instagram.fbfh3-3.fna.fbcdn.net/v/t51.82787-15/782208226_18581670763067900_4505279802407067664_n.jpg?stp=dst-jpg_e35_tt6&_nc_cat=101&ig_cache_key=Mzk3MjU4MDUzNjU2NDQyMTcwOQ%3D%3D.3-ccb7-5&ccb=7-5&_nc_sid=58cdad&efg=eyJ2ZW5jb2RlX3RhZyI6IkNBUk9VU0VMX0lURU0ueHBpZHMuMTA4MC5zZHIucmVndWxhcl9waG90by5DMyJ9&_nc_ohc=r3oFMSDFP4cQ7kNvwHDOJBb&_nc_oc=AdrdBYrNxeyHXUDVYaHRy8WXM3WKcs1TCmTZXgWEhxAEu8uaTpBWCf7-IBK_iVJ_Xm0&_nc_ad=z-m&_nc_cid=0&_nc_zt=23&_nc_ht=instagram.fbfh3-3.fna&_nc_gid=2X_YrJQXGUE-xy0wvXJaew&_nc_ss=7a22e&oh=00_AQHpcknrSOLxm-OAhLA0oIM0CMm2BGDuxSP_QmKPeSX_WA&oe=6A97BE23,https://www.instagram.com/p/DchcQH5DdVj/
Supermercado Tuiuiú,Laticínios / Leites e Derivados,Queijo Queijo Mussarela kg,44.99,26/08/2026,https://instagram.fbfh3-3.fna.fbcdn.net/v/t51.82787-15/782208226_18581670763067900_4505279802407067664_n.jpg?stp=dst-jpg_e35_tt6&_nc_cat=101&ig_cache_key=Mzk3MjU4MDUzNjU2NDQyMTcwOQ%3D%3D.3-ccb7-5&ccb=7-5&_nc_sid=58cdad&efg=eyJ2ZW5jb2RlX3RhZyI6IkNBUk9VU0VMX0lURU0ueHBpZHMuMTA4MC5zZHIucmVndWxhcl9waG90by5DMyJ9&_nc_ohc=r3oFMSDFP4cQ7kNvwHDOJBb&_nc_oc=AdrdBYrNxeyHXUDVYaHRy8WXM3WKcs1TCmTZXgWEhxAEu8uaTpBWCf7-IBK_iVJ_Xm0&_nc_ad=z-m&_nc_cid=0&_nc_zt=23&_nc_ht=instagram.fbfh3-3.fna&_nc_gid=2X_YrJQXGUE-xy0wvXJaew&_nc_ss=7a22e&oh=00_AQHpcknrSOLxm-OAhLA0oIM0CMm2BGDuxSP_QmKPeSX_WA&oe=6A97BE23,https://www.instagram.com/p/DchcQH5DdVj/
Supermercado São Pedro,Laticínios / Leites e Derivados,Queijo Queijo Mussarela Lactvit kg,46.99,28/08/2026,https://scontent-ams2-1.cdninstagram.com/v/t51.82787-15/785599572_18195711460382122_5575322653184498920_n.jpg?stp=dst-jpg_e35_tt6&_nc_cat=109&ig_cache_key=Mzk3MzY3MjU2OTQ3ODkxNjI0Mw%3D%3D.3-ccb7-5&ccb=7-5&_nc_sid=58cdad&efg=eyJ2ZW5jb2RlX3RhZyI6IkNBUk9VU0VMX0lURU0ueHBpZHMuMTA4MS5zZHIucmVndWxhcl9waG90by5DMyJ9&_nc_ohc=YlNv7Hxcm4EQ7kNvwGx0pvY&_nc_oc=AdoNo6jjN9Aczf5Z8_cThIpbEt2ZDwe1YcQr7tZJtAOVSaVTC6gxm5Ibv5Ll5A3z-AE&_nc_ad=z-m&_nc_cid=0&_nc_zt=23&_nc_ht=scontent-ams2-1.cdninstagram.com&_nc_gid=Ch_pIkgnkh3nrU1AQJdMyg&_nc_ss=7a22e&oh=00_AQGXyVQwL6jgmiS_0oeTZz_hiLb7FmTqsSvsVWsYZAMQcg&oe=6A97B292,https://www.instagram.com/p/DclUqI1G7TG/
Machadão Atacadista,Laticínios / Leites e Derivados,Queijo Minas Padrão Président kg,66.9,25/08/2026,https://scontent-dus1-1.cdninstagram.com/v/t39.30808-6/785059096_1358646486355309_4355252955160182464_n.jpg?stp=dst-jpg_e35_tt6&_nc_cat=107&ig_cache_key=Mzk3MTUyNDg5Njc4NTk1NzI2NA%3D%3D.3-ccb7-5&ccb=7-5&_nc_sid=58cdad&efg=eyJ2ZW5jb2RlX3RhZyI6IkNBUk9VU0VMX0lURU0ueHBpZHMuMTYzOC5zZHIucmVndWxhcl9waG90by5DMyJ9&_nc_ohc=7xcost5b2JkQ7kNvwEnl6NG&_nc_oc=AdqptSuugfcQCpnKtC8y8_X03y7LGAz76AxgMW-xz-FOEaPHIf72wDHlcnh4-YEihYkk7-O5dYN4yXHthGkA_Eqa&_nc_ad=z-m&_nc_cid=0&_nc_zt=23&_nc_ht=scontent-dus1-1.cdninstagram.com&_nc_gid=oEBPHF74--AW6nyv447F6g&_nc_ss=7a22e&oh=00_AQEWfwE-2Dq-ZjjamD5oThXrOSuwFZE1sbx6lGUmcSiaZA&oe=6A97C241,https://www.instagram.com/p/DcdsNxKDBTG/
Machadão Atacadista,Laticínios / Leites e Derivados,Queijo Serra da Mantiqueira Cruzília kg,109.9,25/08/2026,https://scontent-dus1-1.cdninstagram.com/v/t39.30808-6/785059096_1358646486355309_4355252955160182464_n.jpg?stp=dst-jpg_e35_tt6&_nc_cat=107&ig_cache_key=Mzk3MTUyNDg5Njc4NTk1NzI2NA%3D%3D.3-ccb7-5&ccb=7-5&_nc_sid=58cdad&efg=eyJ2ZW5jb2RlX3RhZyI6IkNBUk9VU0VMX0lURU0ueHBpZHMuMTYzOC5zZHIucmVndWxhcl9waG90by5DMyJ9&_nc_ohc=7xcost5b2JkQ7kNvwEnl6NG&_nc_oc=AdqptSuugfcQCpnKtC8y8_X03y7LGAz76AxgMW-xz-FOEaPHIf72wDHlcnh4-YEihYkk7-O5dYN4yXHthGkA_Eqa&_nc_ad=z-m&_nc_cid=0&_nc_zt=23&_nc_ht=scontent-dus1-1.cdninstagram.com&_nc_gid=oEBPHF74--AW6nyv447F6g&_nc_ss=7a22e&oh=00_AQEWfwE-2Dq-ZjjamD5oThXrOSuwFZE1sbx6lGUmcSiaZA&oe=6A97C241,https://www.instagram.com/p/DcdsNxKDBTG/
Machadão Atacadista,Laticínios / Leites e Derivados,Queijo Serra da Mantiqueira Cruzília kg,109.9,25/08/2026,https://scontent-dus1-1.cdninstagram.com/v/t39.30808-6/786543128_1358645369688754_2779017979935584164_n.jpg?stp=dst-jpg_e35_tt6&_nc_cat=101&ig_cache_key=Mzk3MTUyNDg5NTIzNDEwNDA4Mg%3D%3D.3-ccb7-5&ccb=7-5&_nc_sid=58cdad&efg=eyJ2ZW5jb2RlX3RhZyI6IkNBUk9VU0VMX0lURU0ueHBpZHMuMTYzOC5zZHIucmVndWxhcl9waG90by5DMyJ9&_nc_ohc=fkD66OU_vJ8Q7kNvwGVhQFg&_nc_oc=AdqVV41Y6EDPDc8woKC8acJQ50fyLaMqyxqQ6XwSb0QTw7zKiZe9fCHQdh0YmvCey2oCLfsQ1SDBgH5U1MsSEJJc&_nc_ad=z-m&_nc_cid=0&_nc_zt=23&_nc_ht=scontent-dus1-1.cdninstagram.com&_nc_gid=oEBPHF74--AW6nyv447F6g&_nc_ss=7a22e&oh=00_AQF4nQ2o1bdHwhk4KCm8m6hwk4bO-EEhkiU9BWMVDhXWGw&oe=6A97B484,https://www.instagram.com/p/DcdsNxKDBTG/
Bom Jesus Primavera do Leste 🛒,Limpeza / Cuidados com a Casa,Detergente Líquido Ypê 500ml,2.69,27/08/2026,https://scontent-dfw6-1.cdninstagram.com/v/t51.82787-15/787993259_18374687005237813_4471412213431393234_n.jpg?stp=dst-jpg_e35_tt6&_nc_cat=103&ig_cache_key=Mzk3Mjk0NzA1MzQ4MTkxNTUyNQ%3D%3D.3-ccb7-5&ccb=7-5&_nc_sid=58cdad&efg=eyJ2ZW5jb2RlX3RhZyI6IkZFRUQueHBpZHMuMTM1MC5zZHIucmVndWxhcl9waG90by5DMyJ9&_nc_ohc=TDgSfUoaAVwQ7kNvwE3sOCc&_nc_oc=AdqzWjaXc6bH3BxmN2INlXg38VwZxgJPdGRVLyU79fbG2qcAV9kRGZAX4dK0Kj-ce_0&_nc_ad=z-m&_nc_cid=0&_nc_zt=23&_nc_ht=scontent-dfw6-1.cdninstagram.com&_nc_gid=6vV7-Oiifa_xz_COki9TZw&_nc_ss=7a22e&oh=00_AQHeG3BbFNY52DhlT8aEMdGg-JNF1o7ooddEWqmgZ6yjDw&oe=6A97D2AE,https://www.instagram.com/p/DcivkuqOXSF/
Supermercado São Pedro,Limpeza / Cuidados com a Casa,Detergente Líquido Ypê 500ml,2.79,27/08/2026,https://scontent-bos5-1.cdninstagram.com/v/t39.30808-6/785993166_1505168978322885_7442982966970505933_n.jpg?stp=c0.0.1638.2048a_dst-jpg_e35_s1638x2048_tt6&_nc_cat=110&ig_cache_key=Mzk3MzI3Njk2ODM0NzI3MzQzNQ%3D%3D.3-ccb7-5&ccb=7-5&_nc_sid=58cdad&efg=eyJ2ZW5jb2RlX3RhZyI6IkNBUk9VU0VMX0lURU0ueHBpZHMuMTYzOS5zZHIucmVndWxhcl9waG90by5DMyJ9&_nc_ohc=XG9RuKFD9RsQ7kNvwE0O6Yi&_nc_oc=AdrNOfdoiDImHK1tKaueyckNFES1wTo_HzsqBrRb0yXx2dyvyLbAHFqaILDIddlOK4E&_nc_ad=z-m&_nc_cid=0&_nc_zt=23&_nc_ht=scontent-bos5-1.cdninstagram.com&_nc_gid=tefus2BYMonKcSKoKgJN5Q&_nc_ss=7a22e&oh=00_AQH35XKJVKqJg3LClPrFY0TmcZEvqaiYIZA_B7mJHQOfKQ&oe=6A97B8CE,https://www.instagram.com/p/Dcj6lyLlKpL/
Supermercado São Pedro,Limpeza / Cuidados com a Casa,Água Sanitária Girando Sol 1L,3.99,27/08/2026,https://scontent-bos5-1.cdninstagram.com/v/t39.30808-6/785993166_1505168978322885_7442982966970505933_n.jpg?stp=c0.0.1638.2048a_dst-jpg_e35_s1638x2048_tt6&_nc_cat=110&ig_cache_key=Mzk3MzI3Njk2ODM0NzI3MzQzNQ%3D%3D.3-ccb7-5&ccb=7-5&_nc_sid=58cdad&efg=eyJ2ZW5jb2RlX3RhZyI6IkNBUk9VU0VMX0lURU0ueHBpZHMuMTYzOS5zZHIucmVndWxhcl9waG90by5DMyJ9&_nc_ohc=XG9RuKFD9RsQ7kNvwE0O6Yi&_nc_oc=AdrNOfdoiDImHK1tKaueyckNFES1wTo_HzsqBrRb0yXx2dyvyLbAHFqaILDIddlOK4E&_nc_ad=z-m&_nc_cid=0&_nc_zt=23&_nc_ht=scontent-bos5-1.cdninstagram.com&_nc_gid=tefus2BYMonKcSKoKgJN5Q&_nc_ss=7a22e&oh=00_AQH35XKJVKqJg3LClPrFY0TmcZEvqaiYIZA_B7mJHQOfKQ&oe=6A97B8CE,https://www.instagram.com/p/Dcj6lyLlKpL/
Bom Jesus Primavera do Leste 🛒,Limpeza / Cuidados com a Casa,Limpador Multiuso Uau 500ml,4.29,27/08/2026,https://scontent-dfw6-1.cdninstagram.com/v/t51.82787-15/787993259_18374687005237813_4471412213431393234_n.jpg?stp=dst-jpg_e35_tt6&_nc_cat=103&ig_cache_key=Mzk3Mjk0NzA1MzQ4MTkxNTUyNQ%3D%3D.3-ccb7-5&ccb=7-5&_nc_sid=58cdad&efg=eyJ2ZW5jb2RlX3RhZyI6IkZFRUQueHBpZHMuMTM1MC5zZHIucmVndWxhcl9waG90by5DMyJ9&_nc_ohc=TDgSfUoaAVwQ7kNvwE3sOCc&_nc_oc=AdqzWjaXc6bH3BxmN2INlXg38VwZxgJPdGRVLyU79fbG2qcAV9kRGZAX4dK0Kj-ce_0&_nc_ad=z-m&_nc_cid=0&_nc_zt=23&_nc_ht=scontent-dfw6-1.cdninstagram.com&_nc_gid=6vV7-Oiifa_xz_COki9TZw&_nc_ss=7a22e&oh=00_AQHeG3BbFNY52DhlT8aEMdGg-JNF1o7ooddEWqmgZ6yjDw&oe=6A97D2AE,https://www.instagram.com/p/DcivkuqOXSF/
Supermercado Tuiuiú,Limpeza / Cuidados com a Casa,Desinfetante Limza 2L,5.99,28/08/2026,https://scontent-man2-1.cdninstagram.com/v/t39.30808-6/782169170_1720016740132144_6974904276998945912_n.jpg?stp=dst-jpg_e35_tt6&_nc_cat=105&ig_cache_key=Mzk3MzM0Mjg3OTk5ODQ4MTkyMA%3D%3D.3-ccb7-5&ccb=7-5&_nc_sid=58cdad&efg=eyJ2ZW5jb2RlX3RhZyI6IkNBUk9VU0VMX0lURU0ueHBpZHMuMTI1NC5zZHIucmVndWxhcl9waG90by5DMyJ9&_nc_ohc=q-Z25NrUeboQ7kNvwGqXKen&_nc_oc=AdpneHkXhiwe-uz90HGKUxE4rzZZW3mKri8P6-IjSHDJOLKSOChvN6N2I-fSa4gotoI&_nc_ad=z-m&_nc_cid=0&_nc_zt=23&_nc_ht=scontent-man2-1.cdninstagram.com&_nc_gid=Oh1mrcvHg1sPnWTYozeyJw&_nc_ss=7a22e&oh=00_AQExAVubRUWKBWMwfyWEjw5jU-SQLWowdPkoPr4MjZ0Ppw&oe=6A97BAC9,https://www.instagram.com/p/DckJlYyI3Tu/
Bom Jesus Primavera do Leste 🛒,Limpeza / Cuidados com a Casa,Amaciante Remmus 2L,5.99,27/08/2026,https://scontent-dfw6-1.cdninstagram.com/v/t51.82787-15/787993259_18374687005237813_4471412213431393234_n.jpg?stp=dst-jpg_e35_tt6&_nc_cat=103&ig_cache_key=Mzk3Mjk0NzA1MzQ4MTkxNTUyNQ%3D%3D.3-ccb7-5&ccb=7-5&_nc_sid=58cdad&efg=eyJ2ZW5jb2RlX3RhZyI6IkZFRUQueHBpZHMuMTM1MC5zZHIucmVndWxhcl9waG90by5DMyJ9&_nc_ohc=TDgSfUoaAVwQ7kNvwE3sOCc&_nc_oc=AdqzWjaXc6bH3BxmN2INlXg38VwZxgJPdGRVLyU79fbG2qcAV9kRGZAX4dK0Kj-ce_0&_nc_ad=z-m&_nc_cid=0&_nc_zt=23&_nc_ht=scontent-dfw6-1.cdninstagram.com&_nc_gid=6vV7-Oiifa_xz_COki9TZw&_nc_ss=7a22e&oh=00_AQHeG3BbFNY52DhlT8aEMdGg-JNF1o7ooddEWqmgZ6yjDw&oe=6A97D2AE,https://www.instagram.com/p/DcivkuqOXSF/
Bom Jesus Primavera do Leste 🛒,Limpeza / Cuidados com a Casa,Desinfetante Remmus 2L,6.49,27/08/2026,https://scontent-dfw6-1.cdninstagram.com/v/t51.82787-15/787993259_18374687005237813_4471412213431393234_n.jpg?stp=dst-jpg_e35_tt6&_nc_cat=103&ig_cache_key=Mzk3Mjk0NzA1MzQ4MTkxNTUyNQ%3D%3D.3-ccb7-5&ccb=7-5&_nc_sid=58cdad&efg=eyJ2ZW5jb2RlX3RhZyI6IkZFRUQueHBpZHMuMTM1MC5zZHIucmVndWxhcl9waG90by5DMyJ9&_nc_ohc=TDgSfUoaAVwQ7kNvwE3sOCc&_nc_oc=AdqzWjaXc6bH3BxmN2INlXg38VwZxgJPdGRVLyU79fbG2qcAV9kRGZAX4dK0Kj-ce_0&_nc_ad=z-m&_nc_cid=0&_nc_zt=23&_nc_ht=scontent-dfw6-1.cdninstagram.com&_nc_gid=6vV7-Oiifa_xz_COki9TZw&_nc_ss=7a22e&oh=00_AQHeG3BbFNY52DhlT8aEMdGg-JNF1o7ooddEWqmgZ6yjDw&oe=6A97D2AE,https://www.instagram.com/p/DcivkuqOXSF/
Machadão Atacadista,Limpeza / Cuidados com a Casa,Água Sanitária Qboa 2L,7.99,27/08/2026,https://scontent-ams2-1.cdninstagram.com/v/t39.30808-6/786779086_1360550472831577_8028710268323392841_n.jpg?stp=dst-jpg_e35_tt6&_nc_cat=100&ig_cache_key=Mzk3MzE1NjQ3MjI0MjcxMDI2OQ%3D%3D.3-ccb7-5&ccb=7-5&_nc_sid=58cdad&efg=eyJ2ZW5jb2RlX3RhZyI6IkNBUk9VU0VMX0lURU0ueHBpZHMuMTYzOC5zZHIucmVndWxhcl9waG90by5DMyJ9&_nc_ohc=FB6gMN-plHsQ7kNvwEI_Aau&_nc_oc=Adpk9TuDHJAEt-2DRtSAL4CPHvT-D_aTBGRH_qLtLWrhbouwvsyXh-7V7KsOEMgqKco&_nc_ad=z-m&_nc_cid=0&_nc_zt=23&_nc_ht=scontent-ams2-1.cdninstagram.com&_nc_gid=W_rvWCImryD4RVuLWt4E6A&_nc_ss=7a22e&oh=00_AQHiVY1kVu6um-rBCrL6_AYRPIfY1ELbXFb_x8byXLqb3g&oe=6A97C76F,https://www.instagram.com/p/DcjfMcbkgCV/
Supermercado Tuiuiú,Limpeza / Cuidados com a Casa,Amaciante Ypê 2L,8.99,28/08/2026,https://scontent-man2-1.cdninstagram.com/v/t39.30808-6/782169170_1720016740132144_6974904276998945912_n.jpg?stp=dst-jpg_e35_tt6&_nc_cat=105&ig_cache_key=Mzk3MzM0Mjg3OTk5ODQ4MTkyMA%3D%3D.3-ccb7-5&ccb=7-5&_nc_sid=58cdad&efg=eyJ2ZW5jb2RlX3RhZyI6IkNBUk9VU0VMX0lURU0ueHBpZHMuMTI1NC5zZHIucmVndWxhcl9waG90by5DMyJ9&_nc_ohc=q-Z25NrUeboQ7kNvwGqXKen&_nc_oc=AdpneHkXhiwe-uz90HGKUxE4rzZZW3mKri8P6-IjSHDJOLKSOChvN6N2I-fSa4gotoI&_nc_ad=z-m&_nc_cid=0&_nc_zt=23&_nc_ht=scontent-man2-1.cdninstagram.com&_nc_gid=Oh1mrcvHg1sPnWTYozeyJw&_nc_ss=7a22e&oh=00_AQExAVubRUWKBWMwfyWEjw5jU-SQLWowdPkoPr4MjZ0Ppw&oe=6A97BAC9,https://www.instagram.com/p/DckJlYyI3Tu/
Bom Jesus Primavera do Leste 🛒,Limpeza / Cuidados com a Casa,Amaciante Concentrado Comfort 500ml,9.99,27/08/2026,https://scontent-dfw6-1.cdninstagram.com/v/t51.82787-15/787993259_18374687005237813_4471412213431393234_n.jpg?stp=dst-jpg_e35_tt6&_nc_cat=103&ig_cache_key=Mzk3Mjk0NzA1MzQ4MTkxNTUyNQ%3D%3D.3-ccb7-5&ccb=7-5&_nc_sid=58cdad&efg=eyJ2ZW5jb2RlX3RhZyI6IkZFRUQueHBpZHMuMTM1MC5zZHIucmVndWxhcl9waG90by5DMyJ9&_nc_ohc=TDgSfUoaAVwQ7kNvwE3sOCc&_nc_oc=AdqzWjaXc6bH3BxmN2INlXg38VwZxgJPdGRVLyU79fbG2qcAV9kRGZAX4dK0Kj-ce_0&_nc_ad=z-m&_nc_cid=0&_nc_zt=23&_nc_ht=scontent-dfw6-1.cdninstagram.com&_nc_gid=6vV7-Oiifa_xz_COki9TZw&_nc_ss=7a22e&oh=00_AQHeG3BbFNY52DhlT8aEMdGg-JNF1o7ooddEWqmgZ6yjDw&oe=6A97D2AE,https://www.instagram.com/p/DcivkuqOXSF/
Supermercado Tuiuiú,Limpeza / Cuidados com a Casa,Sabão em Barra Ypê 800g,10.99,28/08/2026,https://scontent-man2-1.cdninstagram.com/v/t39.30808-6/782169170_1720016740132144_6974904276998945912_n.jpg?stp=dst-jpg_e35_tt6&_nc_cat=105&ig_cache_key=Mzk3MzM0Mjg3OTk5ODQ4MTkyMA%3D%3D.3-ccb7-5&ccb=7-5&_nc_sid=58cdad&efg=eyJ2ZW5jb2RlX3RhZyI6IkNBUk9VU0VMX0lURU0ueHBpZHMuMTI1NC5zZHIucmVndWxhcl9waG90by5DMyJ9&_nc_ohc=q-Z25NrUeboQ7kNvwGqXKen&_nc_oc=AdpneHkXhiwe-uz90HGKUxE4rzZZW3mKri8P6-IjSHDJOLKSOChvN6N2I-fSa4gotoI&_nc_ad=z-m&_nc_cid=0&_nc_zt=23&_nc_ht=scontent-man2-1.cdninstagram.com&_nc_gid=Oh1mrcvHg1sPnWTYozeyJw&_nc_ss=7a22e&oh=00_AQExAVubRUWKBWMwfyWEjw5jU-SQLWowdPkoPr4MjZ0Ppw&oe=6A97BAC9,https://www.instagram.com/p/DckJlYyI3Tu/
Machadão Atacadista,Limpeza / Cuidados com a Casa,Amaciante de Carne Kitano 120g,11.99,25/08/2026,https://scontent-dus1-1.cdninstagram.com/v/t39.30808-6/785059096_1358646486355309_4355252955160182464_n.jpg?stp=dst-jpg_e35_tt6&_nc_cat=107&ig_cache_key=Mzk3MTUyNDg5Njc4NTk1NzI2NA%3D%3D.3-ccb7-5&ccb=7-5&_nc_sid=58cdad&efg=eyJ2ZW5jb2RlX3RhZyI6IkNBUk9VU0VMX0lURU0ueHBpZHMuMTYzOC5zZHIucmVndWxhcl9waG90by5DMyJ9&_nc_ohc=7xcost5b2JkQ7kNvwEnl6NG&_nc_oc=AdqptSuugfcQCpnKtC8y8_X03y7LGAz76AxgMW-xz-FOEaPHIf72wDHlcnh4-YEihYkk7-O5dYN4yXHthGkA_Eqa&_nc_ad=z-m&_nc_cid=0&_nc_zt=23&_nc_ht=scontent-dus1-1.cdninstagram.com&_nc_gid=oEBPHF74--AW6nyv447F6g&_nc_ss=7a22e&oh=00_AQEWfwE-2Dq-ZjjamD5oThXrOSuwFZE1sbx6lGUmcSiaZA&oe=6A97C241,https://www.instagram.com/p/DcdsNxKDBTG/
Supermercado São Pedro,Limpeza / Cuidados com a Casa,Sabão em Pó Tixan Ypê 1.6kg,18.99,27/08/2026,https://scontent-bos5-1.cdninstagram.com/v/t39.30808-6/785993166_1505168978322885_7442982966970505933_n.jpg?stp=c0.0.1638.2048a_dst-jpg_e35_s1638x2048_tt6&_nc_cat=110&ig_cache_key=Mzk3MzI3Njk2ODM0NzI3MzQzNQ%3D%3D.3-ccb7-5&ccb=7-5&_nc_sid=58cdad&efg=eyJ2ZW5jb2RlX3RhZyI6IkNBUk9VU0VMX0lURU0ueHBpZHMuMTYzOS5zZHIucmVndWxhcl9waG90by5DMyJ9&_nc_ohc=XG9RuKFD9RsQ7kNvwE0O6Yi&_nc_oc=AdrNOfdoiDImHK1tKaueyckNFES1wTo_HzsqBrRb0yXx2dyvyLbAHFqaILDIddlOK4E&_nc_ad=z-m&_nc_cid=0&_nc_zt=23&_nc_ht=scontent-bos5-1.cdninstagram.com&_nc_gid=tefus2BYMonKcSKoKgJN5Q&_nc_ss=7a22e&oh=00_AQH35XKJVKqJg3LClPrFY0TmcZEvqaiYIZA_B7mJHQOfKQ&oe=6A97B8CE,https://www.instagram.com/p/Dcj6lyLlKpL/
Bom Jesus Primavera do Leste 🛒,Limpeza / Cuidados com a Casa,Água Sanitária Ypê 5L,20.9,27/08/2026,https://scontent-dfw6-1.cdninstagram.com/v/t51.82787-15/787993259_18374687005237813_4471412213431393234_n.jpg?stp=dst-jpg_e35_tt6&_nc_cat=103&ig_cache_key=Mzk3Mjk0NzA1MzQ4MTkxNTUyNQ%3D%3D.3-ccb7-5&ccb=7-5&_nc_sid=58cdad&efg=eyJ2ZW5jb2RlX3RhZyI6IkZFRUQueHBpZHMuMTM1MC5zZHIucmVndWxhcl9waG90by5DMyJ9&_nc_ohc=TDgSfUoaAVwQ7kNvwE3sOCc&_nc_oc=AdqzWjaXc6bH3BxmN2INlXg38VwZxgJPdGRVLyU79fbG2qcAV9kRGZAX4dK0Kj-ce_0&_nc_ad=z-m&_nc_cid=0&_nc_zt=23&_nc_ht=scontent-dfw6-1.cdninstagram.com&_nc_gid=6vV7-Oiifa_xz_COki9TZw&_nc_ss=7a22e&oh=00_AQHeG3BbFNY52DhlT8aEMdGg-JNF1o7ooddEWqmgZ6yjDw&oe=6A97D2AE,https://www.instagram.com/p/DcivkuqOXSF/
Bom Jesus Primavera do Leste 🛒,Limpeza / Cuidados com a Casa,Sabão em Pó Tixan Ypê 2.2kg,27.99,27/08/2026,https://scontent-dfw6-1.cdninstagram.com/v/t51.82787-15/787993259_18374687005237813_4471412213431393234_n.jpg?stp=dst-jpg_e35_tt6&_nc_cat=103&ig_cache_key=Mzk3Mjk0NzA1MzQ4MTkxNTUyNQ%3D%3D.3-ccb7-5&ccb=7-5&_nc_sid=58cdad&efg=eyJ2ZW5jb2RlX3RhZyI6IkZFRUQueHBpZHMuMTM1MC5zZHIucmVndWxhcl9waG90by5DMyJ9&_nc_ohc=TDgSfUoaAVwQ7kNvwE3sOCc&_nc_oc=AdqzWjaXc6bH3BxmN2INlXg38VwZxgJPdGRVLyU79fbG2qcAV9kRGZAX4dK0Kj-ce_0&_nc_ad=z-m&_nc_cid=0&_nc_zt=23&_nc_ht=scontent-dfw6-1.cdninstagram.com&_nc_gid=6vV7-Oiifa_xz_COki9TZw&_nc_ss=7a22e&oh=00_AQHeG3BbFNY52DhlT8aEMdGg-JNF1o7ooddEWqmgZ6yjDw&oe=6A97D2AE,https://www.instagram.com/p/DcivkuqOXSF/
Supermercado Tuiuiú,Limpeza / Lavanderia e Louça,Sabão em Pó Tixan 800g,8.99,28/08/2026,https://scontent-man2-1.cdninstagram.com/v/t39.30808-6/782169170_1720016740132144_6974904276998945912_n.jpg?stp=dst-jpg_e35_tt6&_nc_cat=105&ig_cache_key=Mzk3MzM0Mjg3OTk5ODQ4MTkyMA%3D%3D.3-ccb7-5&ccb=7-5&_nc_sid=58cdad&efg=eyJ2ZW5jb2RlX3RhZyI6IkNBUk9VU0VMX0lURU0ueHBpZHMuMTI1NC5zZHIucmVndWxhcl9waG90by5DMyJ9&_nc_ohc=q-Z25NrUeboQ7kNvwGqXKen&_nc_oc=AdpneHkXhiwe-uz90HGKUxE4rzZZW3mKri8P6-IjSHDJOLKSOChvN6N2I-fSa4gotoI&_nc_ad=z-m&_nc_cid=0&_nc_zt=23&_nc_ht=scontent-man2-1.cdninstagram.com&_nc_gid=Oh1mrcvHg1sPnWTYozeyJw&_nc_ss=7a22e&oh=00_AQExAVubRUWKBWMwfyWEjw5jU-SQLWowdPkoPr4MjZ0Ppw&oe=6A97BAC9,https://www.instagram.com/p/DckJlYyI3Tu/
SUPERMERCADO PARANAENSE,Limpeza / Lavanderia e Louça,Sabão em Pó Brilhante 800g,10.99,25/08/2026,https://scontent-fra3-1.cdninstagram.com/v/t51.82787-15/786374804_17907135297496981_3284822547929331185_n.jpg?stp=dst-jpg_e35_tt6&_nc_cat=108&ig_cache_key=Mzk3MTUxMTM1MzQ1NTYyODIxNA%3D%3D.3-ccb7-5&ccb=7-5&_nc_sid=58cdad&efg=eyJ2ZW5jb2RlX3RhZyI6IkZFRUQueHBpZHMuMTM1MC5zZHIucmVndWxhcl9waG90by5DMyJ9&_nc_ohc=Lh1PDU5a_NcQ7kNvwHRgx8E&_nc_oc=Ado_ugE0xr6qbVNhg3VQkn4Et9o8ujEzC5-6w-jpV5dgznrkZzRIZbE3YYslNXjqges&_nc_ad=z-m&_nc_cid=0&_nc_zt=23&_nc_ht=scontent-fra3-1.cdninstagram.com&_nc_gid=kww7j6xPMxEEP18b0yWTkA&_nc_ss=7a22e&oh=00_AQGh01Ql-xaPtM0H50R8x4dS1hx__5ZEE198XJVFCwHupw&oe=6A97E4BE,https://www.instagram.com/p/DcdpIi0J0-2/
Bom Jesus Primavera do Leste 🛒,Limpeza / Lavanderia e Louça,Lava Roupas Líquido Omo Ciclo Rápido 750ml,15.99,27/08/2026,https://scontent-dfw6-1.cdninstagram.com/v/t51.82787-15/787993259_18374687005237813_4471412213431393234_n.jpg?stp=dst-jpg_e35_tt6&_nc_cat=103&ig_cache_key=Mzk3Mjk0NzA1MzQ4MTkxNTUyNQ%3D%3D.3-ccb7-5&ccb=7-5&_nc_sid=58cdad&efg=eyJ2ZW5jb2RlX3RhZyI6IkZFRUQueHBpZHMuMTM1MC5zZHIucmVndWxhcl9waG90by5DMyJ9&_nc_ohc=TDgSfUoaAVwQ7kNvwE3sOCc&_nc_oc=AdqzWjaXc6bH3BxmN2INlXg38VwZxgJPdGRVLyU79fbG2qcAV9kRGZAX4dK0Kj-ce_0&_nc_ad=z-m&_nc_cid=0&_nc_zt=23&_nc_ht=scontent-dfw6-1.cdninstagram.com&_nc_gid=6vV7-Oiifa_xz_COki9TZw&_nc_ss=7a22e&oh=00_AQHeG3BbFNY52DhlT8aEMdGg-JNF1o7ooddEWqmgZ6yjDw&oe=6A97D2AE,https://www.instagram.com/p/DcivkuqOXSF/
Supermercado Tuiuiú,Limpeza / Lavanderia e Louça,Sabão Líquido Omo 1.8L,19.99,28/08/2026,https://scontent-man2-1.cdninstagram.com/v/t39.30808-6/782169170_1720016740132144_6974904276998945912_n.jpg?stp=dst-jpg_e35_tt6&_nc_cat=105&ig_cache_key=Mzk3MzM0Mjg3OTk5ODQ4MTkyMA%3D%3D.3-ccb7-5&ccb=7-5&_nc_sid=58cdad&efg=eyJ2ZW5jb2RlX3RhZyI6IkNBUk9VU0VMX0lURU0ueHBpZHMuMTI1NC5zZHIucmVndWxhcl9waG90by5DMyJ9&_nc_ohc=q-Z25NrUeboQ7kNvwGqXKen&_nc_oc=AdpneHkXhiwe-uz90HGKUxE4rzZZW3mKri8P6-IjSHDJOLKSOChvN6N2I-fSa4gotoI&_nc_ad=z-m&_nc_cid=0&_nc_zt=23&_nc_ht=scontent-man2-1.cdninstagram.com&_nc_gid=Oh1mrcvHg1sPnWTYozeyJw&_nc_ss=7a22e&oh=00_AQExAVubRUWKBWMwfyWEjw5jU-SQLWowdPkoPr4MjZ0Ppw&oe=6A97BAC9,https://www.instagram.com/p/DckJlYyI3Tu/
Super Compras Supermercado,Limpeza / Lavanderia e Louça,Lava Roupas em Pó Ace 4kg,25.99,27/08/2026,https://instagram.fblq4-1.fna.fbcdn.net/v/t51.82787-15/788172202_18192669184391764_5816935157600731829_n.jpg?stp=dst-jpg_e35_tt6&_nc_cat=102&ig_cache_key=Mzk3MjU2Mjg0NTk4OTQwNjA0Mw%3D%3D.3-ccb7-5&ccb=7-5&_nc_sid=58cdad&efg=eyJ2ZW5jb2RlX3RhZyI6IkZFRUQueHBpZHMuMTQ0MC5zZHIucmVndWxhcl9waG90by5DMyJ9&_nc_ohc=LRlDAksdQ-AQ7kNvwH5A0p9&_nc_oc=AdpLU-hFXp99iVl4paH_lhV01ASOYInyZ1bj52QO6ruRQ7Mn_SdpUoTjTXcGx6ov0Q4&_nc_ad=z-m&_nc_cid=1093&_nc_zt=23&_nc_ht=instagram.fblq4-1.fna&_nc_gid=a_sG6VtFpGKB5iM0z0UKjg&_nc_ss=7a22e&oh=00_AQGNjb1_ysBtXgfBVfmo3P9bZ9DRLY-m9edcQGHgOI2OJA&oe=6A97C428,https://www.instagram.com/p/DchYNxjHQVb/
Supermercado Tuiuiú,Mercearia / Arroz,Arroz Rei 5kg,16.99,28/08/2026,https://scontent-man2-1.cdninstagram.com/v/t39.30808-6/780374541_1720016716798813_3229780711925498508_n.jpg?stp=dst-jpg_e35_tt6&_nc_cat=110&ig_cache_key=Mzk3MzM0Mjg3OTQ0NDg1Mjc3NQ%3D%3D.3-ccb7-5&ccb=7-5&_nc_sid=58cdad&efg=eyJ2ZW5jb2RlX3RhZyI6IkNBUk9VU0VMX0lURU0ueHBpZHMuMTI1NC5zZHIucmVndWxhcl9waG90by5DMyJ9&_nc_ohc=hASiLMJHo8AQ7kNvwH-qYLe&_nc_oc=AdpN4wyv3TFmwgHxbsPaSqzZSKlGml9qIzOkVDu6dKjppfxhFFwbJLlMZK-T2WP3Dto&_nc_ad=z-m&_nc_cid=0&_nc_zt=23&_nc_ht=scontent-man2-1.cdninstagram.com&_nc_gid=Oh1mrcvHg1sPnWTYozeyJw&_nc_ss=7a22e&oh=00_AQFK4o8yR0WVEc6v42d3X5d24xy0NEFbuvyW6zPYCvnbzA&oe=6A97C00A,https://www.instagram.com/p/DckJlYyI3Tu/
SUPERMERCADO PARANAENSE,Mercearia / Arroz,Arroz Rei 5kg,16.99,25/08/2026,https://scontent-fra3-1.cdninstagram.com/v/t51.82787-15/786374804_17907135297496981_3284822547929331185_n.jpg?stp=dst-jpg_e35_tt6&_nc_cat=108&ig_cache_key=Mzk3MTUxMTM1MzQ1NTYyODIxNA%3D%3D.3-ccb7-5&ccb=7-5&_nc_sid=58cdad&efg=eyJ2ZW5jb2RlX3RhZyI6IkZFRUQueHBpZHMuMTM1MC5zZHIucmVndWxhcl9waG90by5DMyJ9&_nc_ohc=Lh1PDU5a_NcQ7kNvwHRgx8E&_nc_oc=Ado_ugE0xr6qbVNhg3VQkn4Et9o8ujEzC5-6w-jpV5dgznrkZzRIZbE3YYslNXjqges&_nc_ad=z-m&_nc_cid=0&_nc_zt=23&_nc_ht=scontent-fra3-1.cdninstagram.com&_nc_gid=kww7j6xPMxEEP18b0yWTkA&_nc_ss=7a22e&oh=00_AQGh01Ql-xaPtM0H50R8x4dS1hx__5ZEE198XJVFCwHupw&oe=6A97E4BE,https://www.instagram.com/p/DcdpIi0J0-2/
Supermercado São Pedro,Mercearia / Arroz,Arroz São João 5kg,18.49,27/08/2026,https://scontent-bos5-1.cdninstagram.com/v/t39.30808-6/788413222_1505168981656218_2918311736305518854_n.jpg?stp=c0.0.1638.2047a_dst-jpg_e35_s1638x2047_tt6&_nc_cat=107&ig_cache_key=Mzk3MzI3Njk2ODIzODI0MjE0OA%3D%3D.3-ccb7-5&ccb=7-5&_nc_sid=58cdad&efg=eyJ2ZW5jb2RlX3RhZyI6IkNBUk9VU0VMX0lURU0ueHBpZHMuMTYzOC5zZHIucmVndWxhcl9waG90by5DMyJ9&_nc_ohc=G9lgZfFlLu0Q7kNvwF_JwlB&_nc_oc=Adq9GwtOFmluK0l6bqtQD3-7JUdW48aHa_sTCsAnFrPTnylb2VgrBqoFFUk8N2umuJc&_nc_ad=z-m&_nc_cid=0&_nc_zt=23&_nc_ht=scontent-bos5-1.cdninstagram.com&_nc_gid=tefus2BYMonKcSKoKgJN5Q&_nc_ss=7a22e&oh=00_AQF_adVKWUB6yUSzhjAFyPiJHdJ3qkmFIpb3HWhALtZ2Rw&oe=6A97B160,https://www.instagram.com/p/Dcj6lyLlKpL/
Supermercado Tuiuiú,Mercearia / Açúcar,Açúcar Doce Dia 2kg,4.29,28/08/2026,https://scontent-man2-1.cdninstagram.com/v/t39.30808-6/780374541_1720016716798813_3229780711925498508_n.jpg?stp=dst-jpg_e35_tt6&_nc_cat=110&ig_cache_key=Mzk3MzM0Mjg3OTQ0NDg1Mjc3NQ%3D%3D.3-ccb7-5&ccb=7-5&_nc_sid=58cdad&efg=eyJ2ZW5jb2RlX3RhZyI6IkNBUk9VU0VMX0lURU0ueHBpZHMuMTI1NC5zZHIucmVndWxhcl9waG90by5DMyJ9&_nc_ohc=hASiLMJHo8AQ7kNvwH-qYLe&_nc_oc=AdpN4wyv3TFmwgHxbsPaSqzZSKlGml9qIzOkVDu6dKjppfxhFFwbJLlMZK-T2WP3Dto&_nc_ad=z-m&_nc_cid=0&_nc_zt=23&_nc_ht=scontent-man2-1.cdninstagram.com&_nc_gid=Oh1mrcvHg1sPnWTYozeyJw&_nc_ss=7a22e&oh=00_AQFK4o8yR0WVEc6v42d3X5d24xy0NEFbuvyW6zPYCvnbzA&oe=6A97C00A,https://www.instagram.com/p/DckJlYyI3Tu/
Supermercado Tuiuiú,Mercearia / Biscoitos e Doces,Biscoito Show Gol 76g,0.99,26/08/2026,https://instagram.fbfh3-2.fna.fbcdn.net/v/t51.82787-15/786993044_18581670784067900_4451038722088372453_n.jpg?stp=dst-jpg_e35_tt6&_nc_cat=106&ig_cache_key=Mzk3MjU4MDU3NDQ4MDgyOTk0OQ%3D%3D.3-ccb7-5&ccb=7-5&_nc_sid=58cdad&efg=eyJ2ZW5jb2RlX3RhZyI6IkNBUk9VU0VMX0lURU0ueHBpZHMuMTA4MC5zZHIucmVndWxhcl9waG90by5DMyJ9&_nc_ohc=LMIY6vyvLpAQ7kNvwEERiL6&_nc_oc=Adrqrk6k9A33-rTrGuk-JW1MM8PuvLEk3txmNTPJx5oIwWNot7-wrSoPlCsU5X3pR8g&_nc_ad=z-m&_nc_cid=0&_nc_zt=23&_nc_ht=instagram.fbfh3-2.fna&_nc_gid=2X_YrJQXGUE-xy0wvXJaew&_nc_ss=7a22e&oh=00_AQFcZZoNmk-6guewlsfvdi-tkB0z1BohQNthzoqZHyEFSg&oe=6A97DC51,https://www.instagram.com/p/DchcQH5DdVj/
Supermercado Tuiuiú,Mercearia / Biscoitos e Doces,Biscoito Passatempo 130g,2.49,28/08/2026,https://scontent-man2-1.cdninstagram.com/v/t39.30808-6/752708427_1720016720132146_149709506206268519_n.jpg?stp=dst-jpg_e35_tt6&_nc_cat=108&ig_cache_key=Mzk3MzM0Mjg4MDAxNTI3Mzk0NA%3D%3D.3-ccb7-5&ccb=7-5&_nc_sid=58cdad&efg=eyJ2ZW5jb2RlX3RhZyI6IkNBUk9VU0VMX0lURU0ueHBpZHMuMTI1NC5zZHIucmVndWxhcl9waG90by5DMyJ9&_nc_ohc=7bG_IFJvHW0Q7kNvwEWBB6a&_nc_oc=Adoq2psgJxwQ__5eYi26mTqHQHpwVaKQiCUPuNT8VaCbmFi8_6L7VlnBVQn3lG30lpA&_nc_ad=z-m&_nc_cid=0&_nc_zt=23&_nc_ht=scontent-man2-1.cdninstagram.com&_nc_gid=Oh1mrcvHg1sPnWTYozeyJw&_nc_ss=7a22e&oh=00_AQFlahSgWlxg719RB5fWi5zPT7V0rDYMG9NxcM4FYnh23g&oe=6A97DDD3,https://www.instagram.com/p/DckJlYyI3Tu/
Super Compras Supermercado,Mercearia / Biscoitos e Doces,Biscoito Wafer Belma 90g,2.49,27/08/2026,https://instagram.fblq4-1.fna.fbcdn.net/v/t51.82787-15/788172202_18192669184391764_5816935157600731829_n.jpg?stp=dst-jpg_e35_tt6&_nc_cat=102&ig_cache_key=Mzk3MjU2Mjg0NTk4OTQwNjA0Mw%3D%3D.3-ccb7-5&ccb=7-5&_nc_sid=58cdad&efg=eyJ2ZW5jb2RlX3RhZyI6IkZFRUQueHBpZHMuMTQ0MC5zZHIucmVndWxhcl9waG90by5DMyJ9&_nc_ohc=LRlDAksdQ-AQ7kNvwH5A0p9&_nc_oc=AdpLU-hFXp99iVl4paH_lhV01ASOYInyZ1bj52QO6ruRQ7Mn_SdpUoTjTXcGx6ov0Q4&_nc_ad=z-m&_nc_cid=1093&_nc_zt=23&_nc_ht=instagram.fblq4-1.fna&_nc_gid=a_sG6VtFpGKB5iM0z0UKjg&_nc_ss=7a22e&oh=00_AQGNjb1_ysBtXgfBVfmo3P9bZ9DRLY-m9edcQGHgOI2OJA&oe=6A97C428,https://www.instagram.com/p/DchYNxjHQVb/
Supermercado Tuiuiú,Mercearia / Biscoitos e Doces,Rosquinha Belma 500g,4.49,28/08/2026,https://scontent-man2-1.cdninstagram.com/v/t39.30808-6/752708427_1720016720132146_149709506206268519_n.jpg?stp=dst-jpg_e35_tt6&_nc_cat=108&ig_cache_key=Mzk3MzM0Mjg4MDAxNTI3Mzk0NA%3D%3D.3-ccb7-5&ccb=7-5&_nc_sid=58cdad&efg=eyJ2ZW5jb2RlX3RhZyI6IkNBUk9VU0VMX0lURU0ueHBpZHMuMTI1NC5zZHIucmVndWxhcl9waG90by5DMyJ9&_nc_ohc=7bG_IFJvHW0Q7kNvwEWBB6a&_nc_oc=Adoq2psgJxwQ__5eYi26mTqHQHpwVaKQiCUPuNT8VaCbmFi8_6L7VlnBVQn3lG30lpA&_nc_ad=z-m&_nc_cid=0&_nc_zt=23&_nc_ht=scontent-man2-1.cdninstagram.com&_nc_gid=Oh1mrcvHg1sPnWTYozeyJw&_nc_ss=7a22e&oh=00_AQFlahSgWlxg719RB5fWi5zPT7V0rDYMG9NxcM4FYnh23g&oe=6A97DDD3,https://www.instagram.com/p/DckJlYyI3Tu/
Supermercado Tuiuiú,Mercearia / Biscoitos e Doces,Mistura Para Bolo Adorale 400g,5.49,28/08/2026,https://scontent-man2-1.cdninstagram.com/v/t39.30808-6/777867278_1720016746798810_8968857745876573698_n.jpg?stp=dst-jpg_e35_tt6&_nc_cat=108&ig_cache_key=Mzk3MzM0Mjg3ODY1NjMwNjQwOQ%3D%3D.3-ccb7-5&ccb=7-5&_nc_sid=58cdad&efg=eyJ2ZW5jb2RlX3RhZyI6IkNBUk9VU0VMX0lURU0ueHBpZHMuMTI1NC5zZHIucmVndWxhcl9waG90by5DMyJ9&_nc_ohc=Z9Kw3OPyQ28Q7kNvwGU7Ln_&_nc_oc=AdpJfiPn_5vxe3EHndUybjPKs0Rwuwmjp82GtAJYt9vGfXm0XGC_suobP_D8GbWo6hs&_nc_ad=z-m&_nc_cid=0&_nc_zt=23&_nc_ht=scontent-man2-1.cdninstagram.com&_nc_gid=Oh1mrcvHg1sPnWTYozeyJw&_nc_ss=7a22e&oh=00_AQHI2faikBAuy8vCmzhrj-B7S3xTDDyOtrEIlfM262JxSw&oe=6A97E3C9,https://www.instagram.com/p/DckJlYyI3Tu/
Machadão Atacadista,Mercearia / Biscoitos e Doces,Biscoito Quero Quero 300g,5.99,27/08/2026,https://scontent-ams2-1.cdninstagram.com/v/t39.30808-6/787104328_1360550532831571_2281243341389434448_n.jpg?stp=dst-jpg_e35_tt6&_nc_cat=100&ig_cache_key=Mzk3MzE1NjQ3MTc1NjIxMzA2MQ%3D%3D.3-ccb7-5&ccb=7-5&_nc_sid=58cdad&efg=eyJ2ZW5jb2RlX3RhZyI6IkNBUk9VU0VMX0lURU0ueHBpZHMuMTYzOC5zZHIucmVndWxhcl9waG90by5DMyJ9&_nc_ohc=BsEfA1wdsJMQ7kNvwElvBVw&_nc_oc=AdotN0eHRtVwjkYS0BuXdsQlOICDI0TjH6XabtYEUFgI3kDuSHHjpm2VB3u6rM5ijWM&_nc_ad=z-m&_nc_cid=0&_nc_zt=23&_nc_ht=scontent-ams2-1.cdninstagram.com&_nc_gid=W_rvWCImryD4RVuLWt4E6A&_nc_ss=7a22e&oh=00_AQE7taI2tGK-qgb5ER4PL83BiadNx5mlrZy3hOjhiZuBuw&oe=6A97C190,https://www.instagram.com/p/DcjfMcbkgCV/
Supermercado Tuiuiú,Mercearia / Biscoitos e Doces,Chocolate Hershey's 82g,7.49,28/08/2026,https://scontent-man2-1.cdninstagram.com/v/t39.30808-6/752708427_1720016720132146_149709506206268519_n.jpg?stp=dst-jpg_e35_tt6&_nc_cat=108&ig_cache_key=Mzk3MzM0Mjg4MDAxNTI3Mzk0NA%3D%3D.3-ccb7-5&ccb=7-5&_nc_sid=58cdad&efg=eyJ2ZW5jb2RlX3RhZyI6IkNBUk9VU0VMX0lURU0ueHBpZHMuMTI1NC5zZHIucmVndWxhcl9waG90by5DMyJ9&_nc_ohc=7bG_IFJvHW0Q7kNvwEWBB6a&_nc_oc=Adoq2psgJxwQ__5eYi26mTqHQHpwVaKQiCUPuNT8VaCbmFi8_6L7VlnBVQn3lG30lpA&_nc_ad=z-m&_nc_cid=0&_nc_zt=23&_nc_ht=scontent-man2-1.cdninstagram.com&_nc_gid=Oh1mrcvHg1sPnWTYozeyJw&_nc_ss=7a22e&oh=00_AQFlahSgWlxg719RB5fWi5zPT7V0rDYMG9NxcM4FYnh23g&oe=6A97DDD3,https://www.instagram.com/p/DckJlYyI3Tu/
Machadão Atacadista,Mercearia / Biscoitos e Doces,Bala Icekiss 500g,7.99,27/08/2026,https://scontent-ams2-1.cdninstagram.com/v/t39.30808-6/787104328_1360550532831571_2281243341389434448_n.jpg?stp=dst-jpg_e35_tt6&_nc_cat=100&ig_cache_key=Mzk3MzE1NjQ3MTc1NjIxMzA2MQ%3D%3D.3-ccb7-5&ccb=7-5&_nc_sid=58cdad&efg=eyJ2ZW5jb2RlX3RhZyI6IkNBUk9VU0VMX0lURU0ueHBpZHMuMTYzOC5zZHIucmVndWxhcl9waG90by5DMyJ9&_nc_ohc=BsEfA1wdsJMQ7kNvwElvBVw&_nc_oc=AdotN0eHRtVwjkYS0BuXdsQlOICDI0TjH6XabtYEUFgI3kDuSHHjpm2VB3u6rM5ijWM&_nc_ad=z-m&_nc_cid=0&_nc_zt=23&_nc_ht=scontent-ams2-1.cdninstagram.com&_nc_gid=W_rvWCImryD4RVuLWt4E6A&_nc_ss=7a22e&oh=00_AQE7taI2tGK-qgb5ER4PL83BiadNx5mlrZy3hOjhiZuBuw&oe=6A97C190,https://www.instagram.com/p/DcjfMcbkgCV/
Supermercado Tuiuiú,Mercearia / Biscoitos e Doces,Nescau 370g,9.99,26/08/2026,https://instagram.fbfh3-3.fna.fbcdn.net/v/t51.82787-15/782208226_18581670763067900_4505279802407067664_n.jpg?stp=dst-jpg_e35_tt6&_nc_cat=101&ig_cache_key=Mzk3MjU4MDUzNjU2NDQyMTcwOQ%3D%3D.3-ccb7-5&ccb=7-5&_nc_sid=58cdad&efg=eyJ2ZW5jb2RlX3RhZyI6IkNBUk9VU0VMX0lURU0ueHBpZHMuMTA4MC5zZHIucmVndWxhcl9waG90by5DMyJ9&_nc_ohc=r3oFMSDFP4cQ7kNvwHDOJBb&_nc_oc=AdrdBYrNxeyHXUDVYaHRy8WXM3WKcs1TCmTZXgWEhxAEu8uaTpBWCf7-IBK_iVJ_Xm0&_nc_ad=z-m&_nc_cid=0&_nc_zt=23&_nc_ht=instagram.fbfh3-3.fna&_nc_gid=2X_YrJQXGUE-xy0wvXJaew&_nc_ss=7a22e&oh=00_AQHpcknrSOLxm-OAhLA0oIM0CMm2BGDuxSP_QmKPeSX_WA&oe=6A97BE23,https://www.instagram.com/p/DchcQH5DdVj/
Supermercado Tuiuiú,Mercearia / Biscoitos e Doces,Bombom Sortidos Lacta Nestlé Garoto 220g,10.99,28/08/2026,https://scontent-man2-1.cdninstagram.com/v/t39.30808-6/752708427_1720016720132146_149709506206268519_n.jpg?stp=dst-jpg_e35_tt6&_nc_cat=108&ig_cache_key=Mzk3MzM0Mjg4MDAxNTI3Mzk0NA%3D%3D.3-ccb7-5&ccb=7-5&_nc_sid=58cdad&efg=eyJ2ZW5jb2RlX3RhZyI6IkNBUk9VU0VMX0lURU0ueHBpZHMuMTI1NC5zZHIucmVndWxhcl9waG90by5DMyJ9&_nc_ohc=7bG_IFJvHW0Q7kNvwEWBB6a&_nc_oc=Adoq2psgJxwQ__5eYi26mTqHQHpwVaKQiCUPuNT8VaCbmFi8_6L7VlnBVQn3lG30lpA&_nc_ad=z-m&_nc_cid=0&_nc_zt=23&_nc_ht=scontent-man2-1.cdninstagram.com&_nc_gid=Oh1mrcvHg1sPnWTYozeyJw&_nc_ss=7a22e&oh=00_AQFlahSgWlxg719RB5fWi5zPT7V0rDYMG9NxcM4FYnh23g&oe=6A97DDD3,https://www.instagram.com/p/DckJlYyI3Tu/
Ramin Supermercado,Mercearia / Biscoitos e Doces,Biscoito Infantil Biscotti Papapá,11.19,25/08/2026,https://instagram.fyyc3-1.fna.fbcdn.net/v/t51.82787-15/782413347_18423080377199090_2820046938058952728_n.jpg?stp=dst-jpg_e15_tt6&_nc_cat=105&ig_cache_key=Mzk3MTc0NDk1NjY5MzEzNzA5MzE4NDIzMDgwMzcxMTk5MDkw.3-ccb7-5&ccb=7-5&_nc_sid=58cdad&efg=eyJ2ZW5jb2RlX3RhZyI6IkNMSVBTLnhwaWRzLjcyMC5zZHIudmlkZW9fZGVmYXVsdF9jb3Zlcl9mcmFtZS5DMyJ9&_nc_ohc=_cfhR42QcCUQ7kNvwEVGk_r&_nc_oc=Ado_w16XBNCHwBLbzDOeTQJDleh4c3TzoW0JMumVkqZKmTQY4rj20SajQJVbxPiyleQXu3bok-FntkR8bFwJiwH9&_nc_ad=z-m&_nc_cid=0&_nc_zt=23&_nc_ht=instagram.fyyc3-1.fna&_nc_gid=ecXOl_A4zJTN1oAGKz2wfg&_nc_ss=7a22e&oh=00_AQHT3ECLdF2vApx3v1bkkG4m23ox24HMfGZKejofRgAz4Q&oe=6A97E3EB,https://www.instagram.com/p/DceeP6yJMbF/
SUPERMERCADO PARANAENSE,Mercearia / Biscoitos e Doces,Caixa de Bombom Nestlé 251g,12.99,25/08/2026,https://scontent-fra3-1.cdninstagram.com/v/t51.82787-15/786374804_17907135297496981_3284822547929331185_n.jpg?stp=dst-jpg_e35_tt6&_nc_cat=108&ig_cache_key=Mzk3MTUxMTM1MzQ1NTYyODIxNA%3D%3D.3-ccb7-5&ccb=7-5&_nc_sid=58cdad&efg=eyJ2ZW5jb2RlX3RhZyI6IkZFRUQueHBpZHMuMTM1MC5zZHIucmVndWxhcl9waG90by5DMyJ9&_nc_ohc=Lh1PDU5a_NcQ7kNvwHRgx8E&_nc_oc=Ado_ugE0xr6qbVNhg3VQkn4Et9o8ujEzC5-6w-jpV5dgznrkZzRIZbE3YYslNXjqges&_nc_ad=z-m&_nc_cid=0&_nc_zt=23&_nc_ht=scontent-fra3-1.cdninstagram.com&_nc_gid=kww7j6xPMxEEP18b0yWTkA&_nc_ss=7a22e&oh=00_AQGh01Ql-xaPtM0H50R8x4dS1hx__5ZEE198XJVFCwHupw&oe=6A97E4BE,https://www.instagram.com/p/DcdpIi0J0-2/
Supermercado Tuiuiú,Mercearia / Café,Café Torrado e Moído Nascente Araguaia 250g,8.99,28/08/2026,https://scontent-man2-1.cdninstagram.com/v/t39.30808-6/777867278_1720016746798810_8968857745876573698_n.jpg?stp=dst-jpg_e35_tt6&_nc_cat=108&ig_cache_key=Mzk3MzM0Mjg3ODY1NjMwNjQwOQ%3D%3D.3-ccb7-5&ccb=7-5&_nc_sid=58cdad&efg=eyJ2ZW5jb2RlX3RhZyI6IkNBUk9VU0VMX0lURU0ueHBpZHMuMTI1NC5zZHIucmVndWxhcl9waG90by5DMyJ9&_nc_ohc=Z9Kw3OPyQ28Q7kNvwGU7Ln_&_nc_oc=AdpJfiPn_5vxe3EHndUybjPKs0Rwuwmjp82GtAJYt9vGfXm0XGC_suobP_D8GbWo6hs&_nc_ad=z-m&_nc_cid=0&_nc_zt=23&_nc_ht=scontent-man2-1.cdninstagram.com&_nc_gid=Oh1mrcvHg1sPnWTYozeyJw&_nc_ss=7a22e&oh=00_AQHI2faikBAuy8vCmzhrj-B7S3xTDDyOtrEIlfM262JxSw&oe=6A97E3C9,https://www.instagram.com/p/DckJlYyI3Tu/
Machadão Atacadista,Mercearia / Café,Café Torrado e Moído Melitta 500g,23.9,25/08/2026,https://scontent-dus1-1.cdninstagram.com/v/t39.30808-6/785059096_1358646486355309_4355252955160182464_n.jpg?stp=dst-jpg_e35_tt6&_nc_cat=107&ig_cache_key=Mzk3MTUyNDg5Njc4NTk1NzI2NA%3D%3D.3-ccb7-5&ccb=7-5&_nc_sid=58cdad&efg=eyJ2ZW5jb2RlX3RhZyI6IkNBUk9VU0VMX0lURU0ueHBpZHMuMTYzOC5zZHIucmVndWxhcl9waG90by5DMyJ9&_nc_ohc=7xcost5b2JkQ7kNvwEnl6NG&_nc_oc=AdqptSuugfcQCpnKtC8y8_X03y7LGAz76AxgMW-xz-FOEaPHIf72wDHlcnh4-YEihYkk7-O5dYN4yXHthGkA_Eqa&_nc_ad=z-m&_nc_cid=0&_nc_zt=23&_nc_ht=scontent-dus1-1.cdninstagram.com&_nc_gid=oEBPHF74--AW6nyv447F6g&_nc_ss=7a22e&oh=00_AQEWfwE-2Dq-ZjjamD5oThXrOSuwFZE1sbx6lGUmcSiaZA&oe=6A97C241,https://www.instagram.com/p/DcdsNxKDBTG/
Supermercado São Pedro,Mercearia / Café,Café Caboclo 500g,24.49,27/08/2026,https://scontent-bos5-1.cdninstagram.com/v/t39.30808-6/788413222_1505168981656218_2918311736305518854_n.jpg?stp=c0.0.1638.2047a_dst-jpg_e35_s1638x2047_tt6&_nc_cat=107&ig_cache_key=Mzk3MzI3Njk2ODIzODI0MjE0OA%3D%3D.3-ccb7-5&ccb=7-5&_nc_sid=58cdad&efg=eyJ2ZW5jb2RlX3RhZyI6IkNBUk9VU0VMX0lURU0ueHBpZHMuMTYzOC5zZHIucmVndWxhcl9waG90by5DMyJ9&_nc_ohc=G9lgZfFlLu0Q7kNvwF_JwlB&_nc_oc=Adq9GwtOFmluK0l6bqtQD3-7JUdW48aHa_sTCsAnFrPTnylb2VgrBqoFFUk8N2umuJc&_nc_ad=z-m&_nc_cid=0&_nc_zt=23&_nc_ht=scontent-bos5-1.cdninstagram.com&_nc_gid=tefus2BYMonKcSKoKgJN5Q&_nc_ss=7a22e&oh=00_AQF_adVKWUB6yUSzhjAFyPiJHdJ3qkmFIpb3HWhALtZ2Rw&oe=6A97B160,https://www.instagram.com/p/Dcj6lyLlKpL/
Machadão Atacadista,Mercearia / Café,Café Torrado e Moído Caboclo 500g,24.9,25/08/2026,https://scontent-dus1-1.cdninstagram.com/v/t39.30808-6/786543128_1358645369688754_2779017979935584164_n.jpg?stp=dst-jpg_e35_tt6&_nc_cat=101&ig_cache_key=Mzk3MTUyNDg5NTIzNDEwNDA4Mg%3D%3D.3-ccb7-5&ccb=7-5&_nc_sid=58cdad&efg=eyJ2ZW5jb2RlX3RhZyI6IkNBUk9VU0VMX0lURU0ueHBpZHMuMTYzOC5zZHIucmVndWxhcl9waG90by5DMyJ9&_nc_ohc=fkD66OU_vJ8Q7kNvwGVhQFg&_nc_oc=AdqVV41Y6EDPDc8woKC8acJQ50fyLaMqyxqQ6XwSb0QTw7zKiZe9fCHQdh0YmvCey2oCLfsQ1SDBgH5U1MsSEJJc&_nc_ad=z-m&_nc_cid=0&_nc_zt=23&_nc_ht=scontent-dus1-1.cdninstagram.com&_nc_gid=oEBPHF74--AW6nyv447F6g&_nc_ss=7a22e&oh=00_AQF4nQ2o1bdHwhk4KCm8m6hwk4bO-EEhkiU9BWMVDhXWGw&oe=6A97B484,https://www.instagram.com/p/DcdsNxKDBTG/
SUPERMERCADO PARANAENSE,Mercearia / Café,Café Brasileiro 500g,24.99,25/08/2026,https://scontent-fra3-1.cdninstagram.com/v/t51.82787-15/786374804_17907135297496981_3284822547929331185_n.jpg?stp=dst-jpg_e35_tt6&_nc_cat=108&ig_cache_key=Mzk3MTUxMTM1MzQ1NTYyODIxNA%3D%3D.3-ccb7-5&ccb=7-5&_nc_sid=58cdad&efg=eyJ2ZW5jb2RlX3RhZyI6IkZFRUQueHBpZHMuMTM1MC5zZHIucmVndWxhcl9waG90by5DMyJ9&_nc_ohc=Lh1PDU5a_NcQ7kNvwHRgx8E&_nc_oc=Ado_ugE0xr6qbVNhg3VQkn4Et9o8ujEzC5-6w-jpV5dgznrkZzRIZbE3YYslNXjqges&_nc_ad=z-m&_nc_cid=0&_nc_zt=23&_nc_ht=scontent-fra3-1.cdninstagram.com&_nc_gid=kww7j6xPMxEEP18b0yWTkA&_nc_ss=7a22e&oh=00_AQGh01Ql-xaPtM0H50R8x4dS1hx__5ZEE198XJVFCwHupw&oe=6A97E4BE,https://www.instagram.com/p/DcdpIi0J0-2/
Machadão Atacadista,Mercearia / Café,Café Torrado e Moído Sinop 500g,28.9,27/08/2026,https://scontent-ams2-1.cdninstagram.com/v/t39.30808-6/787104328_1360550532831571_2281243341389434448_n.jpg?stp=dst-jpg_e35_tt6&_nc_cat=100&ig_cache_key=Mzk3MzE1NjQ3MTc1NjIxMzA2MQ%3D%3D.3-ccb7-5&ccb=7-5&_nc_sid=58cdad&efg=eyJ2ZW5jb2RlX3RhZyI6IkNBUk9VU0VMX0lURU0ueHBpZHMuMTYzOC5zZHIucmVndWxhcl9waG90by5DMyJ9&_nc_ohc=BsEfA1wdsJMQ7kNvwElvBVw&_nc_oc=AdotN0eHRtVwjkYS0BuXdsQlOICDI0TjH6XabtYEUFgI3kDuSHHjpm2VB3u6rM5ijWM&_nc_ad=z-m&_nc_cid=0&_nc_zt=23&_nc_ht=scontent-ams2-1.cdninstagram.com&_nc_gid=W_rvWCImryD4RVuLWt4E6A&_nc_ss=7a22e&oh=00_AQE7taI2tGK-qgb5ER4PL83BiadNx5mlrZy3hOjhiZuBuw&oe=6A97C190,https://www.instagram.com/p/DcjfMcbkgCV/
Machadão Atacadista,Mercearia / Farináceos,Macarrão Espaguete Vitoriosa 400g,2.39,27/08/2026,https://scontent-ams2-1.cdninstagram.com/v/t39.30808-6/787104328_1360550532831571_2281243341389434448_n.jpg?stp=dst-jpg_e35_tt6&_nc_cat=100&ig_cache_key=Mzk3MzE1NjQ3MTc1NjIxMzA2MQ%3D%3D.3-ccb7-5&ccb=7-5&_nc_sid=58cdad&efg=eyJ2ZW5jb2RlX3RhZyI6IkNBUk9VU0VMX0lURU0ueHBpZHMuMTYzOC5zZHIucmVndWxhcl9waG90by5DMyJ9&_nc_ohc=BsEfA1wdsJMQ7kNvwElvBVw&_nc_oc=AdotN0eHRtVwjkYS0BuXdsQlOICDI0TjH6XabtYEUFgI3kDuSHHjpm2VB3u6rM5ijWM&_nc_ad=z-m&_nc_cid=0&_nc_zt=23&_nc_ht=scontent-ams2-1.cdninstagram.com&_nc_gid=W_rvWCImryD4RVuLWt4E6A&_nc_ss=7a22e&oh=00_AQE7taI2tGK-qgb5ER4PL83BiadNx5mlrZy3hOjhiZuBuw&oe=6A97C190,https://www.instagram.com/p/DcjfMcbkgCV/
Supermercado Tuiuiú,Mercearia / Farináceos,Tapioca Amafil 500g,4.99,26/08/2026,https://instagram.fbfh3-3.fna.fbcdn.net/v/t51.82787-15/782208226_18581670763067900_4505279802407067664_n.jpg?stp=dst-jpg_e35_tt6&_nc_cat=101&ig_cache_key=Mzk3MjU4MDUzNjU2NDQyMTcwOQ%3D%3D.3-ccb7-5&ccb=7-5&_nc_sid=58cdad&efg=eyJ2ZW5jb2RlX3RhZyI6IkNBUk9VU0VMX0lURU0ueHBpZHMuMTA4MC5zZHIucmVndWxhcl9waG90by5DMyJ9&_nc_ohc=r3oFMSDFP4cQ7kNvwHDOJBb&_nc_oc=AdrdBYrNxeyHXUDVYaHRy8WXM3WKcs1TCmTZXgWEhxAEu8uaTpBWCf7-IBK_iVJ_Xm0&_nc_ad=z-m&_nc_cid=0&_nc_zt=23&_nc_ht=instagram.fbfh3-3.fna&_nc_gid=2X_YrJQXGUE-xy0wvXJaew&_nc_ss=7a22e&oh=00_AQHpcknrSOLxm-OAhLA0oIM0CMm2BGDuxSP_QmKPeSX_WA&oe=6A97BE23,https://www.instagram.com/p/DchcQH5DdVj/
Super Compras Supermercado,Mercearia / Farináceos,Tapioca Amafil 500g,4.99,27/08/2026,https://instagram.fblq4-1.fna.fbcdn.net/v/t51.82787-15/788172202_18192669184391764_5816935157600731829_n.jpg?stp=dst-jpg_e35_tt6&_nc_cat=102&ig_cache_key=Mzk3MjU2Mjg0NTk4OTQwNjA0Mw%3D%3D.3-ccb7-5&ccb=7-5&_nc_sid=58cdad&efg=eyJ2ZW5jb2RlX3RhZyI6IkZFRUQueHBpZHMuMTQ0MC5zZHIucmVndWxhcl9waG90by5DMyJ9&_nc_ohc=LRlDAksdQ-AQ7kNvwH5A0p9&_nc_oc=AdpLU-hFXp99iVl4paH_lhV01ASOYInyZ1bj52QO6ruRQ7Mn_SdpUoTjTXcGx6ov0Q4&_nc_ad=z-m&_nc_cid=1093&_nc_zt=23&_nc_ht=instagram.fblq4-1.fna&_nc_gid=a_sG6VtFpGKB5iM0z0UKjg&_nc_ss=7a22e&oh=00_AQGNjb1_ysBtXgfBVfmo3P9bZ9DRLY-m9edcQGHgOI2OJA&oe=6A97C428,https://www.instagram.com/p/DchYNxjHQVb/
Supermercado Tuiuiú,Mercearia / Farináceos,Farinha de Trigo Ventureli 1kg,5.49,28/08/2026,https://scontent-man2-1.cdninstagram.com/v/t39.30808-6/780374541_1720016716798813_3229780711925498508_n.jpg?stp=dst-jpg_e35_tt6&_nc_cat=110&ig_cache_key=Mzk3MzM0Mjg3OTQ0NDg1Mjc3NQ%3D%3D.3-ccb7-5&ccb=7-5&_nc_sid=58cdad&efg=eyJ2ZW5jb2RlX3RhZyI6IkNBUk9VU0VMX0lURU0ueHBpZHMuMTI1NC5zZHIucmVndWxhcl9waG90by5DMyJ9&_nc_ohc=hASiLMJHo8AQ7kNvwH-qYLe&_nc_oc=AdpN4wyv3TFmwgHxbsPaSqzZSKlGml9qIzOkVDu6dKjppfxhFFwbJLlMZK-T2WP3Dto&_nc_ad=z-m&_nc_cid=0&_nc_zt=23&_nc_ht=scontent-man2-1.cdninstagram.com&_nc_gid=Oh1mrcvHg1sPnWTYozeyJw&_nc_ss=7a22e&oh=00_AQFK4o8yR0WVEc6v42d3X5d24xy0NEFbuvyW6zPYCvnbzA&oe=6A97C00A,https://www.instagram.com/p/DckJlYyI3Tu/
Supermercado Tuiuiú,Mercearia / Farináceos,Farinha de Rosca kg,11.99,26/08/2026,https://instagram.fbfh3-3.fna.fbcdn.net/v/t51.82787-15/786213187_18581670739067900_7614859529006382993_n.jpg?stp=dst-jpg_e35_tt6&_nc_cat=105&ig_cache_key=Mzk3MjU4MDUwMTEzMDg5NTg1Ng%3D%3D.3-ccb7-5&ccb=7-5&_nc_sid=58cdad&efg=eyJ2ZW5jb2RlX3RhZyI6IkNBUk9VU0VMX0lURU0ueHBpZHMuMTA4MC5zZHIucmVndWxhcl9waG90by5DMyJ9&_nc_ohc=FUxa-pkhp30Q7kNvwFboBxx&_nc_oc=AdrdPmwYkIdxugjAF4fRL9r4UGVTOpjGSkUOEdAU1t5Oo3xndNO8NxT5cLPhdG2qyec&_nc_ad=z-m&_nc_cid=0&_nc_zt=23&_nc_ht=instagram.fbfh3-3.fna&_nc_gid=2X_YrJQXGUE-xy0wvXJaew&_nc_ss=7a22e&oh=00_AQGIkcOFnuo_aKcrbniilp1lQXQOtK-0t77BIjYgYxXyNQ&oe=6A97D3EB,https://www.instagram.com/p/DchcQH5DdVj/
Machadão Atacadista,Mercearia / Farináceos,Farinha de Trigo Venturelli 5kg,25.9,27/08/2026,https://scontent-ams2-1.cdninstagram.com/v/t39.30808-6/787104328_1360550532831571_2281243341389434448_n.jpg?stp=dst-jpg_e35_tt6&_nc_cat=100&ig_cache_key=Mzk3MzE1NjQ3MTc1NjIxMzA2MQ%3D%3D.3-ccb7-5&ccb=7-5&_nc_sid=58cdad&efg=eyJ2ZW5jb2RlX3RhZyI6IkNBUk9VU0VMX0lURU0ueHBpZHMuMTYzOC5zZHIucmVndWxhcl9waG90by5DMyJ9&_nc_ohc=BsEfA1wdsJMQ7kNvwElvBVw&_nc_oc=AdotN0eHRtVwjkYS0BuXdsQlOICDI0TjH6XabtYEUFgI3kDuSHHjpm2VB3u6rM5ijWM&_nc_ad=z-m&_nc_cid=0&_nc_zt=23&_nc_ht=scontent-ams2-1.cdninstagram.com&_nc_gid=W_rvWCImryD4RVuLWt4E6A&_nc_ss=7a22e&oh=00_AQE7taI2tGK-qgb5ER4PL83BiadNx5mlrZy3hOjhiZuBuw&oe=6A97C190,https://www.instagram.com/p/DcjfMcbkgCV/
Supermercado Tuiuiú,Mercearia / Grãos e Conservas,Feijão Kumbuca 1kg,6.49,28/08/2026,https://scontent-man2-1.cdninstagram.com/v/t39.30808-6/780374541_1720016716798813_3229780711925498508_n.jpg?stp=dst-jpg_e35_tt6&_nc_cat=110&ig_cache_key=Mzk3MzM0Mjg3OTQ0NDg1Mjc3NQ%3D%3D.3-ccb7-5&ccb=7-5&_nc_sid=58cdad&efg=eyJ2ZW5jb2RlX3RhZyI6IkNBUk9VU0VMX0lURU0ueHBpZHMuMTI1NC5zZHIucmVndWxhcl9waG90by5DMyJ9&_nc_ohc=hASiLMJHo8AQ7kNvwH-qYLe&_nc_oc=AdpN4wyv3TFmwgHxbsPaSqzZSKlGml9qIzOkVDu6dKjppfxhFFwbJLlMZK-T2WP3Dto&_nc_ad=z-m&_nc_cid=0&_nc_zt=23&_nc_ht=scontent-man2-1.cdninstagram.com&_nc_gid=Oh1mrcvHg1sPnWTYozeyJw&_nc_ss=7a22e&oh=00_AQFK4o8yR0WVEc6v42d3X5d24xy0NEFbuvyW6zPYCvnbzA&oe=6A97C00A,https://www.instagram.com/p/DckJlYyI3Tu/
Super Compras Supermercado,Mercearia / Grãos e Conservas,Feijão Kumbuca 1kg,6.59,27/08/2026,https://instagram.fblq4-1.fna.fbcdn.net/v/t51.82787-15/788172202_18192669184391764_5816935157600731829_n.jpg?stp=dst-jpg_e35_tt6&_nc_cat=102&ig_cache_key=Mzk3MjU2Mjg0NTk4OTQwNjA0Mw%3D%3D.3-ccb7-5&ccb=7-5&_nc_sid=58cdad&efg=eyJ2ZW5jb2RlX3RhZyI6IkZFRUQueHBpZHMuMTQ0MC5zZHIucmVndWxhcl9waG90by5DMyJ9&_nc_ohc=LRlDAksdQ-AQ7kNvwH5A0p9&_nc_oc=AdpLU-hFXp99iVl4paH_lhV01ASOYInyZ1bj52QO6ruRQ7Mn_SdpUoTjTXcGx6ov0Q4&_nc_ad=z-m&_nc_cid=1093&_nc_zt=23&_nc_ht=instagram.fblq4-1.fna&_nc_gid=a_sG6VtFpGKB5iM0z0UKjg&_nc_ss=7a22e&oh=00_AQGNjb1_ysBtXgfBVfmo3P9bZ9DRLY-m9edcQGHgOI2OJA&oe=6A97C428,https://www.instagram.com/p/DchYNxjHQVb/
SUPERMERCADO PARANAENSE,Mercearia / Massas,Macarrão Espaguete Ninfa 500g,2.99,25/08/2026,https://scontent-fra3-1.cdninstagram.com/v/t51.82787-15/786374804_17907135297496981_3284822547929331185_n.jpg?stp=dst-jpg_e35_tt6&_nc_cat=108&ig_cache_key=Mzk3MTUxMTM1MzQ1NTYyODIxNA%3D%3D.3-ccb7-5&ccb=7-5&_nc_sid=58cdad&efg=eyJ2ZW5jb2RlX3RhZyI6IkZFRUQueHBpZHMuMTM1MC5zZHIucmVndWxhcl9waG90by5DMyJ9&_nc_ohc=Lh1PDU5a_NcQ7kNvwHRgx8E&_nc_oc=Ado_ugE0xr6qbVNhg3VQkn4Et9o8ujEzC5-6w-jpV5dgznrkZzRIZbE3YYslNXjqges&_nc_ad=z-m&_nc_cid=0&_nc_zt=23&_nc_ht=scontent-fra3-1.cdninstagram.com&_nc_gid=kww7j6xPMxEEP18b0yWTkA&_nc_ss=7a22e&oh=00_AQGh01Ql-xaPtM0H50R8x4dS1hx__5ZEE198XJVFCwHupw&oe=6A97E4BE,https://www.instagram.com/p/DcdpIi0J0-2/
Machadão Atacadista,Mercearia / Massas,Macarrão Caseiro D'itália 1kg,11.9,25/08/2026,https://scontent-dus1-1.cdninstagram.com/v/t39.30808-6/785059096_1358646486355309_4355252955160182464_n.jpg?stp=dst-jpg_e35_tt6&_nc_cat=107&ig_cache_key=Mzk3MTUyNDg5Njc4NTk1NzI2NA%3D%3D.3-ccb7-5&ccb=7-5&_nc_sid=58cdad&efg=eyJ2ZW5jb2RlX3RhZyI6IkNBUk9VU0VMX0lURU0ueHBpZHMuMTYzOC5zZHIucmVndWxhcl9waG90by5DMyJ9&_nc_ohc=7xcost5b2JkQ7kNvwEnl6NG&_nc_oc=AdqptSuugfcQCpnKtC8y8_X03y7LGAz76AxgMW-xz-FOEaPHIf72wDHlcnh4-YEihYkk7-O5dYN4yXHthGkA_Eqa&_nc_ad=z-m&_nc_cid=0&_nc_zt=23&_nc_ht=scontent-dus1-1.cdninstagram.com&_nc_gid=oEBPHF74--AW6nyv447F6g&_nc_ss=7a22e&oh=00_AQEWfwE-2Dq-ZjjamD5oThXrOSuwFZE1sbx6lGUmcSiaZA&oe=6A97C241,https://www.instagram.com/p/DcdsNxKDBTG/
Machadão Atacadista,Mercearia / Massas,Macarrão Caseiro D'itália 1kg,11.9,25/08/2026,https://scontent-dus1-1.cdninstagram.com/v/t39.30808-6/786543128_1358645369688754_2779017979935584164_n.jpg?stp=dst-jpg_e35_tt6&_nc_cat=101&ig_cache_key=Mzk3MTUyNDg5NTIzNDEwNDA4Mg%3D%3D.3-ccb7-5&ccb=7-5&_nc_sid=58cdad&efg=eyJ2ZW5jb2RlX3RhZyI6IkNBUk9VU0VMX0lURU0ueHBpZHMuMTYzOC5zZHIucmVndWxhcl9waG90by5DMyJ9&_nc_ohc=fkD66OU_vJ8Q7kNvwGVhQFg&_nc_oc=AdqVV41Y6EDPDc8woKC8acJQ50fyLaMqyxqQ6XwSb0QTw7zKiZe9fCHQdh0YmvCey2oCLfsQ1SDBgH5U1MsSEJJc&_nc_ad=z-m&_nc_cid=0&_nc_zt=23&_nc_ht=scontent-dus1-1.cdninstagram.com&_nc_gid=oEBPHF74--AW6nyv447F6g&_nc_ss=7a22e&oh=00_AQF4nQ2o1bdHwhk4KCm8m6hwk4bO-EEhkiU9BWMVDhXWGw&oe=6A97B484,https://www.instagram.com/p/DcdsNxKDBTG/
Ramin Supermercado,Mercearia / Massas,Macarrão Infantil Mini Fusilli Tricolori Papapá 200g,12.55,25/08/2026,https://instagram.fyyc3-1.fna.fbcdn.net/v/t51.82787-15/782413347_18423080377199090_2820046938058952728_n.jpg?stp=dst-jpg_e15_tt6&_nc_cat=105&ig_cache_key=Mzk3MTc0NDk1NjY5MzEzNzA5MzE4NDIzMDgwMzcxMTk5MDkw.3-ccb7-5&ccb=7-5&_nc_sid=58cdad&efg=eyJ2ZW5jb2RlX3RhZyI6IkNMSVBTLnhwaWRzLjcyMC5zZHIudmlkZW9fZGVmYXVsdF9jb3Zlcl9mcmFtZS5DMyJ9&_nc_ohc=_cfhR42QcCUQ7kNvwEVGk_r&_nc_oc=Ado_w16XBNCHwBLbzDOeTQJDleh4c3TzoW0JMumVkqZKmTQY4rj20SajQJVbxPiyleQXu3bok-FntkR8bFwJiwH9&_nc_ad=z-m&_nc_cid=0&_nc_zt=23&_nc_ht=instagram.fyyc3-1.fna&_nc_gid=ecXOl_A4zJTN1oAGKz2wfg&_nc_ss=7a22e&oh=00_AQHT3ECLdF2vApx3v1bkkG4m23ox24HMfGZKejofRgAz4Q&oe=6A97E3EB,https://www.instagram.com/p/DceeP6yJMbF/
Machadão Atacadista,Mercearia / Molhos e Condimentos,Molho de Tomate Olé 300g,1.99,27/08/2026,https://scontent-ams2-1.cdninstagram.com/v/t39.30808-6/787104328_1360550532831571_2281243341389434448_n.jpg?stp=dst-jpg_e35_tt6&_nc_cat=100&ig_cache_key=Mzk3MzE1NjQ3MTc1NjIxMzA2MQ%3D%3D.3-ccb7-5&ccb=7-5&_nc_sid=58cdad&efg=eyJ2ZW5jb2RlX3RhZyI6IkNBUk9VU0VMX0lURU0ueHBpZHMuMTYzOC5zZHIucmVndWxhcl9waG90by5DMyJ9&_nc_ohc=BsEfA1wdsJMQ7kNvwElvBVw&_nc_oc=AdotN0eHRtVwjkYS0BuXdsQlOICDI0TjH6XabtYEUFgI3kDuSHHjpm2VB3u6rM5ijWM&_nc_ad=z-m&_nc_cid=0&_nc_zt=23&_nc_ht=scontent-ams2-1.cdninstagram.com&_nc_gid=W_rvWCImryD4RVuLWt4E6A&_nc_ss=7a22e&oh=00_AQE7taI2tGK-qgb5ER4PL83BiadNx5mlrZy3hOjhiZuBuw&oe=6A97C190,https://www.instagram.com/p/DcjfMcbkgCV/
Supermercado São Pedro,Mercearia / Molhos e Condimentos,Extrato de Tomate Elefante 300g,7.19,27/08/2026,https://scontent-bos5-1.cdninstagram.com/v/t39.30808-6/788413222_1505168981656218_2918311736305518854_n.jpg?stp=c0.0.1638.2047a_dst-jpg_e35_s1638x2047_tt6&_nc_cat=107&ig_cache_key=Mzk3MzI3Njk2ODIzODI0MjE0OA%3D%3D.3-ccb7-5&ccb=7-5&_nc_sid=58cdad&efg=eyJ2ZW5jb2RlX3RhZyI6IkNBUk9VU0VMX0lURU0ueHBpZHMuMTYzOC5zZHIucmVndWxhcl9waG90by5DMyJ9&_nc_ohc=G9lgZfFlLu0Q7kNvwF_JwlB&_nc_oc=Adq9GwtOFmluK0l6bqtQD3-7JUdW48aHa_sTCsAnFrPTnylb2VgrBqoFFUk8N2umuJc&_nc_ad=z-m&_nc_cid=0&_nc_zt=23&_nc_ht=scontent-bos5-1.cdninstagram.com&_nc_gid=tefus2BYMonKcSKoKgJN5Q&_nc_ss=7a22e&oh=00_AQF_adVKWUB6yUSzhjAFyPiJHdJ3qkmFIpb3HWhALtZ2Rw&oe=6A97B160,https://www.instagram.com/p/Dcj6lyLlKpL/
Supermercado Tuiuiú,Mercearia / Óleos e Azeites,Macarrão Gallo 500g,2.99,28/08/2026,https://scontent-man2-1.cdninstagram.com/v/t39.30808-6/777867278_1720016746798810_8968857745876573698_n.jpg?stp=dst-jpg_e35_tt6&_nc_cat=108&ig_cache_key=Mzk3MzM0Mjg3ODY1NjMwNjQwOQ%3D%3D.3-ccb7-5&ccb=7-5&_nc_sid=58cdad&efg=eyJ2ZW5jb2RlX3RhZyI6IkNBUk9VU0VMX0lURU0ueHBpZHMuMTI1NC5zZHIucmVndWxhcl9waG90by5DMyJ9&_nc_ohc=Z9Kw3OPyQ28Q7kNvwGU7Ln_&_nc_oc=AdpJfiPn_5vxe3EHndUybjPKs0Rwuwmjp82GtAJYt9vGfXm0XGC_suobP_D8GbWo6hs&_nc_ad=z-m&_nc_cid=0&_nc_zt=23&_nc_ht=scontent-man2-1.cdninstagram.com&_nc_gid=Oh1mrcvHg1sPnWTYozeyJw&_nc_ss=7a22e&oh=00_AQHI2faikBAuy8vCmzhrj-B7S3xTDDyOtrEIlfM262JxSw&oe=6A97E3C9,https://www.instagram.com/p/DckJlYyI3Tu/
Bom Jesus Primavera do Leste 🛒,Mercearia / Óleos e Azeites,Batata Monalisa kg,3.99,24/08/2026,https://instagram.fktw1-1.fna.fbcdn.net/v/t51.82787-15/780551083_18374239432237813_6720893505103105991_n.jpg?stp=dst-jpg_e35_tt6&_nc_cat=106&ig_cache_key=Mzk3MDc4NzgzMjYxOTg0ODE2Mw%3D%3D.3-ccb7-5&ccb=7-5&_nc_sid=58cdad&efg=eyJ2ZW5jb2RlX3RhZyI6IkNBUk9VU0VMX0lURU0ueHBpZHMuMTA4MC5zZHIucmVndWxhcl9waG90by5DMyJ9&_nc_ohc=myPGG8GAEqkQ7kNvwGTcb9I&_nc_oc=AdotyJ0U7-8_sLo8qfL9hcAUr-o67JwXqVueUqr5IQZJnMdhUZHDNW_TX0L3aEj2ckc&_nc_ad=z-m&_nc_cid=0&_nc_zt=23&_nc_ht=instagram.fktw1-1.fna&_nc_gid=ZNXNGK1plMjaDRCkkAylFA&_nc_ss=7a22e&oh=00_AQGVMH442dwBA7G9EyyclblhXVTqXIZHTyQy3oCh4706uw&oe=6A97BA84,https://www.instagram.com/p/DcbEo2aliuR/
SUPERMERCADO PARANAENSE,Mercearia / Óleos e Azeites,Batata Monalisa kg,3.99,25/08/2026,https://instagram.fmel18-1.fna.fbcdn.net/v/t51.82787-15/786266669_17907135252496981_2844548241403019285_n.jpg?stp=dst-jpg_e35_tt6&_nc_cat=102&ig_cache_key=Mzk3MTUxMTIzMTEyNDUyNjczMw%3D%3D.3-ccb7-5&ccb=7-5&_nc_sid=58cdad&efg=eyJ2ZW5jb2RlX3RhZyI6IkZFRUQueHBpZHMuMTM1MC5zZHIucmVndWxhcl9waG90by5DMyJ9&_nc_ohc=JjKOSCyFILYQ7kNvwGlh1nD&_nc_oc=AdoBPep20AvuUTKELGudybUAklw8jl_X9Ek70Sj4oVpCqiQqdegGPdF0zhG-3uWh1Y8&_nc_ad=z-m&_nc_cid=0&_nc_zt=23&_nc_ht=instagram.fmel18-1.fna&_nc_gid=7UfXIm5xeBR2yom4laodcg&_nc_ss=7a22e&oh=00_AQGWz_45ZxNcnZwpw4KxUsNYYcotG8lAkvxFuQPZ2Qy-6w&oe=6A97AEC9,https://www.instagram.com/p/DcdpGw4ptaN/
Supermercado Tuiuiú,Mercearia / Óleos e Azeites,Óleo de Soja Liza 900ml,5.99,28/08/2026,https://scontent-man2-1.cdninstagram.com/v/t39.30808-6/780374541_1720016716798813_3229780711925498508_n.jpg?stp=dst-jpg_e35_tt6&_nc_cat=110&ig_cache_key=Mzk3MzM0Mjg3OTQ0NDg1Mjc3NQ%3D%3D.3-ccb7-5&ccb=7-5&_nc_sid=58cdad&efg=eyJ2ZW5jb2RlX3RhZyI6IkNBUk9VU0VMX0lURU0ueHBpZHMuMTI1NC5zZHIucmVndWxhcl9waG90by5DMyJ9&_nc_ohc=hASiLMJHo8AQ7kNvwH-qYLe&_nc_oc=AdpN4wyv3TFmwgHxbsPaSqzZSKlGml9qIzOkVDu6dKjppfxhFFwbJLlMZK-T2WP3Dto&_nc_ad=z-m&_nc_cid=0&_nc_zt=23&_nc_ht=scontent-man2-1.cdninstagram.com&_nc_gid=Oh1mrcvHg1sPnWTYozeyJw&_nc_ss=7a22e&oh=00_AQFK4o8yR0WVEc6v42d3X5d24xy0NEFbuvyW6zPYCvnbzA&oe=6A97C00A,https://www.instagram.com/p/DckJlYyI3Tu/
Supermercado São Pedro,Mercearia / Óleos e Azeites,Óleo de Soja Concórdia 900ml,6.89,27/08/2026,https://scontent-bos5-1.cdninstagram.com/v/t39.30808-6/788413222_1505168981656218_2918311736305518854_n.jpg?stp=c0.0.1638.2047a_dst-jpg_e35_s1638x2047_tt6&_nc_cat=107&ig_cache_key=Mzk3MzI3Njk2ODIzODI0MjE0OA%3D%3D.3-ccb7-5&ccb=7-5&_nc_sid=58cdad&efg=eyJ2ZW5jb2RlX3RhZyI6IkNBUk9VU0VMX0lURU0ueHBpZHMuMTYzOC5zZHIucmVndWxhcl9waG90by5DMyJ9&_nc_ohc=G9lgZfFlLu0Q7kNvwF_JwlB&_nc_oc=Adq9GwtOFmluK0l6bqtQD3-7JUdW48aHa_sTCsAnFrPTnylb2VgrBqoFFUk8N2umuJc&_nc_ad=z-m&_nc_cid=0&_nc_zt=23&_nc_ht=scontent-bos5-1.cdninstagram.com&_nc_gid=tefus2BYMonKcSKoKgJN5Q&_nc_ss=7a22e&oh=00_AQF_adVKWUB6yUSzhjAFyPiJHdJ3qkmFIpb3HWhALtZ2Rw&oe=6A97B160,https://www.instagram.com/p/Dcj6lyLlKpL/
Machadão Atacadista,Mercearia / Óleos e Azeites,Azeite de Oliva Andorinha 250ml,14.9,25/08/2026,https://scontent-dus1-1.cdninstagram.com/v/t39.30808-6/785059096_1358646486355309_4355252955160182464_n.jpg?stp=dst-jpg_e35_tt6&_nc_cat=107&ig_cache_key=Mzk3MTUyNDg5Njc4NTk1NzI2NA%3D%3D.3-ccb7-5&ccb=7-5&_nc_sid=58cdad&efg=eyJ2ZW5jb2RlX3RhZyI6IkNBUk9VU0VMX0lURU0ueHBpZHMuMTYzOC5zZHIucmVndWxhcl9waG90by5DMyJ9&_nc_ohc=7xcost5b2JkQ7kNvwEnl6NG&_nc_oc=AdqptSuugfcQCpnKtC8y8_X03y7LGAz76AxgMW-xz-FOEaPHIf72wDHlcnh4-YEihYkk7-O5dYN4yXHthGkA_Eqa&_nc_ad=z-m&_nc_cid=0&_nc_zt=23&_nc_ht=scontent-dus1-1.cdninstagram.com&_nc_gid=oEBPHF74--AW6nyv447F6g&_nc_ss=7a22e&oh=00_AQEWfwE-2Dq-ZjjamD5oThXrOSuwFZE1sbx6lGUmcSiaZA&oe=6A97C241,https://www.instagram.com/p/DcdsNxKDBTG/
Machadão Atacadista,Mercearia / Óleos e Azeites,Azeite de Oliva Extra Virgem Cinque Terre 500ml,36.99,25/08/2026,https://scontent-dus1-1.cdninstagram.com/v/t39.30808-6/786543128_1358645369688754_2779017979935584164_n.jpg?stp=dst-jpg_e35_tt6&_nc_cat=101&ig_cache_key=Mzk3MTUyNDg5NTIzNDEwNDA4Mg%3D%3D.3-ccb7-5&ccb=7-5&_nc_sid=58cdad&efg=eyJ2ZW5jb2RlX3RhZyI6IkNBUk9VU0VMX0lURU0ueHBpZHMuMTYzOC5zZHIucmVndWxhcl9waG90by5DMyJ9&_nc_ohc=fkD66OU_vJ8Q7kNvwGVhQFg&_nc_oc=AdqVV41Y6EDPDc8woKC8acJQ50fyLaMqyxqQ6XwSb0QTw7zKiZe9fCHQdh0YmvCey2oCLfsQ1SDBgH5U1MsSEJJc&_nc_ad=z-m&_nc_cid=0&_nc_zt=23&_nc_ht=scontent-dus1-1.cdninstagram.com&_nc_gid=oEBPHF74--AW6nyv447F6g&_nc_ss=7a22e&oh=00_AQF4nQ2o1bdHwhk4KCm8m6hwk4bO-EEhkiU9BWMVDhXWGw&oe=6A97B484,https://www.instagram.com/p/DcdsNxKDBTG/
Machadão Atacadista,Mercearia / Óleos e Azeites,Azeite de Oliva Extra Virgem Ea 500ml,53.9,25/08/2026,https://scontent-dus1-1.cdninstagram.com/v/t39.30808-6/785059096_1358646486355309_4355252955160182464_n.jpg?stp=dst-jpg_e35_tt6&_nc_cat=107&ig_cache_key=Mzk3MTUyNDg5Njc4NTk1NzI2NA%3D%3D.3-ccb7-5&ccb=7-5&_nc_sid=58cdad&efg=eyJ2ZW5jb2RlX3RhZyI6IkNBUk9VU0VMX0lURU0ueHBpZHMuMTYzOC5zZHIucmVndWxhcl9waG90by5DMyJ9&_nc_ohc=7xcost5b2JkQ7kNvwEnl6NG&_nc_oc=AdqptSuugfcQCpnKtC8y8_X03y7LGAz76AxgMW-xz-FOEaPHIf72wDHlcnh4-YEihYkk7-O5dYN4yXHthGkA_Eqa&_nc_ad=z-m&_nc_cid=0&_nc_zt=23&_nc_ht=scontent-dus1-1.cdninstagram.com&_nc_gid=oEBPHF74--AW6nyv447F6g&_nc_ss=7a22e&oh=00_AQEWfwE-2Dq-ZjjamD5oThXrOSuwFZE1sbx6lGUmcSiaZA&oe=6A97C241,https://www.instagram.com/p/DcdsNxKDBTG/
Machadão Atacadista,Mercearia / Óleos e Azeites,Azeite de Oliva Extra Virgem Ea Cartuxa 500ml,53.9,25/08/2026,https://scontent-dus1-1.cdninstagram.com/v/t39.30808-6/786543128_1358645369688754_2779017979935584164_n.jpg?stp=dst-jpg_e35_tt6&_nc_cat=101&ig_cache_key=Mzk3MTUyNDg5NTIzNDEwNDA4Mg%3D%3D.3-ccb7-5&ccb=7-5&_nc_sid=58cdad&efg=eyJ2ZW5jb2RlX3RhZyI6IkNBUk9VU0VMX0lURU0ueHBpZHMuMTYzOC5zZHIucmVndWxhcl9waG90by5DMyJ9&_nc_ohc=fkD66OU_vJ8Q7kNvwGVhQFg&_nc_oc=AdqVV41Y6EDPDc8woKC8acJQ50fyLaMqyxqQ6XwSb0QTw7zKiZe9fCHQdh0YmvCey2oCLfsQ1SDBgH5U1MsSEJJc&_nc_ad=z-m&_nc_cid=0&_nc_zt=23&_nc_ht=scontent-dus1-1.cdninstagram.com&_nc_gid=oEBPHF74--AW6nyv447F6g&_nc_ss=7a22e&oh=00_AQF4nQ2o1bdHwhk4KCm8m6hwk4bO-EEhkiU9BWMVDhXWGw&oe=6A97B484,https://www.instagram.com/p/DcdsNxKDBTG/
Super Compras Supermercado,Outros,Bolinho Bauducco 40g,1.99,27/08/2026,https://instagram.fblq4-1.fna.fbcdn.net/v/t51.82787-15/788172202_18192669184391764_5816935157600731829_n.jpg?stp=dst-jpg_e35_tt6&_nc_cat=102&ig_cache_key=Mzk3MjU2Mjg0NTk4OTQwNjA0Mw%3D%3D.3-ccb7-5&ccb=7-5&_nc_sid=58cdad&efg=eyJ2ZW5jb2RlX3RhZyI6IkZFRUQueHBpZHMuMTQ0MC5zZHIucmVndWxhcl9waG90by5DMyJ9&_nc_ohc=LRlDAksdQ-AQ7kNvwH5A0p9&_nc_oc=AdpLU-hFXp99iVl4paH_lhV01ASOYInyZ1bj52QO6ruRQ7Mn_SdpUoTjTXcGx6ov0Q4&_nc_ad=z-m&_nc_cid=1093&_nc_zt=23&_nc_ht=instagram.fblq4-1.fna&_nc_gid=a_sG6VtFpGKB5iM0z0UKjg&_nc_ss=7a22e&oh=00_AQGNjb1_ysBtXgfBVfmo3P9bZ9DRLY-m9edcQGHgOI2OJA&oe=6A97C428,https://www.instagram.com/p/DchYNxjHQVb/
Bom Jesus Primavera do Leste 🛒,Outros,Água Mineral sem Gás Purissima 500ml,2.6,22/08/2026,https://scontent-yyz1-1.cdninstagram.com/v/t51.82787-15/781162059_18373952632237813_4532706053079983862_n.jpg?stp=dst-jpg_e15_tt6&_nc_cat=101&ig_cache_key=Mzk2OTQ0MzcyNDUxNzY0ODEyMTE4MzczOTUyNjI5MjM3ODEz.3-ccb7-5&ccb=7-5&_nc_sid=58cdad&efg=eyJ2ZW5jb2RlX3RhZyI6IkNMSVBTLnhwaWRzLjcyMC5zZHIudmlkZW9fZGVmYXVsdF9jb3Zlcl9mcmFtZS5DMyJ9&_nc_ohc=fT0MPnunqcwQ7kNvwGoHPRi&_nc_oc=Ado_NnTWGAC2RLX8sNpjSvme7alGmKtaDkL87QyRjEwmsVTvTxtQgzw52rTwayJtwSM&_nc_ad=z-m&_nc_cid=0&_nc_zt=23&_nc_ht=scontent-yyz1-1.cdninstagram.com&_nc_gid=S9kVzKn3t-x4IZA7o9dmkA&_nc_ss=7a22e&oh=00_AQFChcJHGtmESsZp0K7WUFlKeaX66h-aUkvSTQNwMItcHQ&oe=6A97B8BB,https://www.instagram.com/p/DcWTAlTxyb5/
Supermercado Tuiuiú,Outros,Milho em Conserva Só Fruta 170g,2.89,28/08/2026,https://scontent-man2-1.cdninstagram.com/v/t39.30808-6/777867278_1720016746798810_8968857745876573698_n.jpg?stp=dst-jpg_e35_tt6&_nc_cat=108&ig_cache_key=Mzk3MzM0Mjg3ODY1NjMwNjQwOQ%3D%3D.3-ccb7-5&ccb=7-5&_nc_sid=58cdad&efg=eyJ2ZW5jb2RlX3RhZyI6IkNBUk9VU0VMX0lURU0ueHBpZHMuMTI1NC5zZHIucmVndWxhcl9waG90by5DMyJ9&_nc_ohc=Z9Kw3OPyQ28Q7kNvwGU7Ln_&_nc_oc=AdpJfiPn_5vxe3EHndUybjPKs0Rwuwmjp82GtAJYt9vGfXm0XGC_suobP_D8GbWo6hs&_nc_ad=z-m&_nc_cid=0&_nc_zt=23&_nc_ht=scontent-man2-1.cdninstagram.com&_nc_gid=Oh1mrcvHg1sPnWTYozeyJw&_nc_ss=7a22e&oh=00_AQHI2faikBAuy8vCmzhrj-B7S3xTDDyOtrEIlfM262JxSw&oe=6A97E3C9,https://www.instagram.com/p/DckJlYyI3Tu/
Bom Jesus Primavera do Leste 🛒,Outros,Água Mineral sem Gás Purissima 500ml,2.89,22/08/2026,https://scontent-yyz1-1.cdninstagram.com/v/t51.82787-15/781162059_18373952632237813_4532706053079983862_n.jpg?stp=dst-jpg_e15_tt6&_nc_cat=101&ig_cache_key=Mzk2OTQ0MzcyNDUxNzY0ODEyMTE4MzczOTUyNjI5MjM3ODEz.3-ccb7-5&ccb=7-5&_nc_sid=58cdad&efg=eyJ2ZW5jb2RlX3RhZyI6IkNMSVBTLnhwaWRzLjcyMC5zZHIudmlkZW9fZGVmYXVsdF9jb3Zlcl9mcmFtZS5DMyJ9&_nc_ohc=fT0MPnunqcwQ7kNvwGoHPRi&_nc_oc=Ado_NnTWGAC2RLX8sNpjSvme7alGmKtaDkL87QyRjEwmsVTvTxtQgzw52rTwayJtwSM&_nc_ad=z-m&_nc_cid=0&_nc_zt=23&_nc_ht=scontent-yyz1-1.cdninstagram.com&_nc_gid=S9kVzKn3t-x4IZA7o9dmkA&_nc_ss=7a22e&oh=00_AQFChcJHGtmESsZp0K7WUFlKeaX66h-aUkvSTQNwMItcHQ&oe=6A97B8BB,https://www.instagram.com/p/DcWTAlTxyb5/
Bom Jesus Primavera do Leste 🛒,Outros,Água Mineral sem Gás Brufado 500ml,3.29,22/08/2026,https://scontent-yyz1-1.cdninstagram.com/v/t51.82787-15/781162059_18373952632237813_4532706053079983862_n.jpg?stp=dst-jpg_e15_tt6&_nc_cat=101&ig_cache_key=Mzk2OTQ0MzcyNDUxNzY0ODEyMTE4MzczOTUyNjI5MjM3ODEz.3-ccb7-5&ccb=7-5&_nc_sid=58cdad&efg=eyJ2ZW5jb2RlX3RhZyI6IkNMSVBTLnhwaWRzLjcyMC5zZHIudmlkZW9fZGVmYXVsdF9jb3Zlcl9mcmFtZS5DMyJ9&_nc_ohc=fT0MPnunqcwQ7kNvwGoHPRi&_nc_oc=Ado_NnTWGAC2RLX8sNpjSvme7alGmKtaDkL87QyRjEwmsVTvTxtQgzw52rTwayJtwSM&_nc_ad=z-m&_nc_cid=0&_nc_zt=23&_nc_ht=scontent-yyz1-1.cdninstagram.com&_nc_gid=S9kVzKn3t-x4IZA7o9dmkA&_nc_ss=7a22e&oh=00_AQFChcJHGtmESsZp0K7WUFlKeaX66h-aUkvSTQNwMItcHQ&oe=6A97B8BB,https://www.instagram.com/p/DcWTAlTxyb5/
Machadão Atacadista,Outros,Limpa Alumínio Polylar 500ml,3.49,27/08/2026,https://scontent-ams2-1.cdninstagram.com/v/t39.30808-6/786779086_1360550472831577_8028710268323392841_n.jpg?stp=dst-jpg_e35_tt6&_nc_cat=100&ig_cache_key=Mzk3MzE1NjQ3MjI0MjcxMDI2OQ%3D%3D.3-ccb7-5&ccb=7-5&_nc_sid=58cdad&efg=eyJ2ZW5jb2RlX3RhZyI6IkNBUk9VU0VMX0lURU0ueHBpZHMuMTYzOC5zZHIucmVndWxhcl9waG90by5DMyJ9&_nc_ohc=FB6gMN-plHsQ7kNvwEI_Aau&_nc_oc=Adpk9TuDHJAEt-2DRtSAL4CPHvT-D_aTBGRH_qLtLWrhbouwvsyXh-7V7KsOEMgqKco&_nc_ad=z-m&_nc_cid=0&_nc_zt=23&_nc_ht=scontent-ams2-1.cdninstagram.com&_nc_gid=W_rvWCImryD4RVuLWt4E6A&_nc_ss=7a22e&oh=00_AQHiVY1kVu6um-rBCrL6_AYRPIfY1ELbXFb_x8byXLqb3g&oe=6A97C76F,https://www.instagram.com/p/DcjfMcbkgCV/
Machadão Atacadista,Outros,Mistura Láctea Condensada Cremor 395g,3.69,25/08/2026,https://scontent-dus1-1.cdninstagram.com/v/t39.30808-6/785059096_1358646486355309_4355252955160182464_n.jpg?stp=dst-jpg_e35_tt6&_nc_cat=107&ig_cache_key=Mzk3MTUyNDg5Njc4NTk1NzI2NA%3D%3D.3-ccb7-5&ccb=7-5&_nc_sid=58cdad&efg=eyJ2ZW5jb2RlX3RhZyI6IkNBUk9VU0VMX0lURU0ueHBpZHMuMTYzOC5zZHIucmVndWxhcl9waG90by5DMyJ9&_nc_ohc=7xcost5b2JkQ7kNvwEnl6NG&_nc_oc=AdqptSuugfcQCpnKtC8y8_X03y7LGAz76AxgMW-xz-FOEaPHIf72wDHlcnh4-YEihYkk7-O5dYN4yXHthGkA_Eqa&_nc_ad=z-m&_nc_cid=0&_nc_zt=23&_nc_ht=scontent-dus1-1.cdninstagram.com&_nc_gid=oEBPHF74--AW6nyv447F6g&_nc_ss=7a22e&oh=00_AQEWfwE-2Dq-ZjjamD5oThXrOSuwFZE1sbx6lGUmcSiaZA&oe=6A97C241,https://www.instagram.com/p/DcdsNxKDBTG/
Machadão Atacadista,Outros,Mistura Láctea Condensada Cremor 395g,3.69,25/08/2026,https://scontent-dus1-1.cdninstagram.com/v/t39.30808-6/786543128_1358645369688754_2779017979935584164_n.jpg?stp=dst-jpg_e35_tt6&_nc_cat=101&ig_cache_key=Mzk3MTUyNDg5NTIzNDEwNDA4Mg%3D%3D.3-ccb7-5&ccb=7-5&_nc_sid=58cdad&efg=eyJ2ZW5jb2RlX3RhZyI6IkNBUk9VU0VMX0lURU0ueHBpZHMuMTYzOC5zZHIucmVndWxhcl9waG90by5DMyJ9&_nc_ohc=fkD66OU_vJ8Q7kNvwGVhQFg&_nc_oc=AdqVV41Y6EDPDc8woKC8acJQ50fyLaMqyxqQ6XwSb0QTw7zKiZe9fCHQdh0YmvCey2oCLfsQ1SDBgH5U1MsSEJJc&_nc_ad=z-m&_nc_cid=0&_nc_zt=23&_nc_ht=scontent-dus1-1.cdninstagram.com&_nc_gid=oEBPHF74--AW6nyv447F6g&_nc_ss=7a22e&oh=00_AQF4nQ2o1bdHwhk4KCm8m6hwk4bO-EEhkiU9BWMVDhXWGw&oe=6A97B484,https://www.instagram.com/p/DcdsNxKDBTG/
Bom Jesus Primavera do Leste 🛒,Outros,Abóbora Kabotiã kg,3.99,24/08/2026,https://instagram.fktw4-1.fna.fbcdn.net/v/t51.82787-15/784817810_18374239453237813_2825750323987932425_n.jpg?stp=dst-jpg_e35_tt6&_nc_cat=111&ig_cache_key=Mzk3MDc4NzgzNDU3MDQ3NjY3NQ%3D%3D.3-ccb7-5&ccb=7-5&_nc_sid=58cdad&efg=eyJ2ZW5jb2RlX3RhZyI6IkNBUk9VU0VMX0lURU0ueHBpZHMuMTA4MC5zZHIucmVndWxhcl9waG90by5DMyJ9&_nc_ohc=P7IruUnPC1sQ7kNvwHj1v_4&_nc_oc=Ado90FjR93-zhwU94Lfyg-pdAM904p24Q7NJNp3LumI1HLaEihSxcBIwUsSt6VV6img&_nc_ad=z-m&_nc_cid=0&_nc_zt=23&_nc_ht=instagram.fktw4-1.fna&_nc_gid=ZNXNGK1plMjaDRCkkAylFA&_nc_ss=7a22e&oh=00_AQFUE5zOAKX66DqjLHHPKXOBr9gnLiSXLHs2WBc7JSe4Ww&oe=6A97E249,https://www.instagram.com/p/DcbEo2aliuR/
Machadão Atacadista,Outros,Pilha Alcalina Aaa Kian 4un,4.99,27/08/2026,https://scontent-ams2-1.cdninstagram.com/v/t39.30808-6/786779086_1360550472831577_8028710268323392841_n.jpg?stp=dst-jpg_e35_tt6&_nc_cat=100&ig_cache_key=Mzk3MzE1NjQ3MjI0MjcxMDI2OQ%3D%3D.3-ccb7-5&ccb=7-5&_nc_sid=58cdad&efg=eyJ2ZW5jb2RlX3RhZyI6IkNBUk9VU0VMX0lURU0ueHBpZHMuMTYzOC5zZHIucmVndWxhcl9waG90by5DMyJ9&_nc_ohc=FB6gMN-plHsQ7kNvwEI_Aau&_nc_oc=Adpk9TuDHJAEt-2DRtSAL4CPHvT-D_aTBGRH_qLtLWrhbouwvsyXh-7V7KsOEMgqKco&_nc_ad=z-m&_nc_cid=0&_nc_zt=23&_nc_ht=scontent-ams2-1.cdninstagram.com&_nc_gid=W_rvWCImryD4RVuLWt4E6A&_nc_ss=7a22e&oh=00_AQHiVY1kVu6um-rBCrL6_AYRPIfY1ELbXFb_x8byXLqb3g&oe=6A97C76F,https://www.instagram.com/p/DcjfMcbkgCV/
Supermercado Tuiuiú,Outros,Margarina Claybom 500g,5.49,26/08/2026,https://instagram.fbfh3-3.fna.fbcdn.net/v/t51.82787-15/786213187_18581670739067900_7614859529006382993_n.jpg?stp=dst-jpg_e35_tt6&_nc_cat=105&ig_cache_key=Mzk3MjU4MDUwMTEzMDg5NTg1Ng%3D%3D.3-ccb7-5&ccb=7-5&_nc_sid=58cdad&efg=eyJ2ZW5jb2RlX3RhZyI6IkNBUk9VU0VMX0lURU0ueHBpZHMuMTA4MC5zZHIucmVndWxhcl9waG90by5DMyJ9&_nc_ohc=FUxa-pkhp30Q7kNvwFboBxx&_nc_oc=AdrdPmwYkIdxugjAF4fRL9r4UGVTOpjGSkUOEdAU1t5Oo3xndNO8NxT5cLPhdG2qyec&_nc_ad=z-m&_nc_cid=0&_nc_zt=23&_nc_ht=instagram.fbfh3-3.fna&_nc_gid=2X_YrJQXGUE-xy0wvXJaew&_nc_ss=7a22e&oh=00_AQGIkcOFnuo_aKcrbniilp1lQXQOtK-0t77BIjYgYxXyNQ&oe=6A97D3EB,https://www.instagram.com/p/DchcQH5DdVj/
SUPERMERCADO PARANAENSE,Outros,Beterraba kg,5.49,25/08/2026,https://instagram.fmel18-1.fna.fbcdn.net/v/t51.82787-15/786266669_17907135252496981_2844548241403019285_n.jpg?stp=dst-jpg_e35_tt6&_nc_cat=102&ig_cache_key=Mzk3MTUxMTIzMTEyNDUyNjczMw%3D%3D.3-ccb7-5&ccb=7-5&_nc_sid=58cdad&efg=eyJ2ZW5jb2RlX3RhZyI6IkZFRUQueHBpZHMuMTM1MC5zZHIucmVndWxhcl9waG90by5DMyJ9&_nc_ohc=JjKOSCyFILYQ7kNvwGlh1nD&_nc_oc=AdoBPep20AvuUTKELGudybUAklw8jl_X9Ek70Sj4oVpCqiQqdegGPdF0zhG-3uWh1Y8&_nc_ad=z-m&_nc_cid=0&_nc_zt=23&_nc_ht=instagram.fmel18-1.fna&_nc_gid=7UfXIm5xeBR2yom4laodcg&_nc_ss=7a22e&oh=00_AQGWz_45ZxNcnZwpw4KxUsNYYcotG8lAkvxFuQPZ2Qy-6w&oe=6A97AEC9,https://www.instagram.com/p/DcdpGw4ptaN/
Machadão Atacadista,Outros,Amendoim Oba Oba 400g,5.9,27/08/2026,https://scontent-ams2-1.cdninstagram.com/v/t39.30808-6/787104328_1360550532831571_2281243341389434448_n.jpg?stp=dst-jpg_e35_tt6&_nc_cat=100&ig_cache_key=Mzk3MzE1NjQ3MTc1NjIxMzA2MQ%3D%3D.3-ccb7-5&ccb=7-5&_nc_sid=58cdad&efg=eyJ2ZW5jb2RlX3RhZyI6IkNBUk9VU0VMX0lURU0ueHBpZHMuMTYzOC5zZHIucmVndWxhcl9waG90by5DMyJ9&_nc_ohc=BsEfA1wdsJMQ7kNvwElvBVw&_nc_oc=AdotN0eHRtVwjkYS0BuXdsQlOICDI0TjH6XabtYEUFgI3kDuSHHjpm2VB3u6rM5ijWM&_nc_ad=z-m&_nc_cid=0&_nc_zt=23&_nc_ht=scontent-ams2-1.cdninstagram.com&_nc_gid=W_rvWCImryD4RVuLWt4E6A&_nc_ss=7a22e&oh=00_AQE7taI2tGK-qgb5ER4PL83BiadNx5mlrZy3hOjhiZuBuw&oe=6A97C190,https://www.instagram.com/p/DcjfMcbkgCV/
Super Compras Supermercado,Outros,Língua Bovina kg,5.99,27/08/2026,https://instagram.fblq4-1.fna.fbcdn.net/v/t51.82787-15/788172202_18192669184391764_5816935157600731829_n.jpg?stp=dst-jpg_e35_tt6&_nc_cat=102&ig_cache_key=Mzk3MjU2Mjg0NTk4OTQwNjA0Mw%3D%3D.3-ccb7-5&ccb=7-5&_nc_sid=58cdad&efg=eyJ2ZW5jb2RlX3RhZyI6IkZFRUQueHBpZHMuMTQ0MC5zZHIucmVndWxhcl9waG90by5DMyJ9&_nc_ohc=LRlDAksdQ-AQ7kNvwH5A0p9&_nc_oc=AdpLU-hFXp99iVl4paH_lhV01ASOYInyZ1bj52QO6ruRQ7Mn_SdpUoTjTXcGx6ov0Q4&_nc_ad=z-m&_nc_cid=1093&_nc_zt=23&_nc_ht=instagram.fblq4-1.fna&_nc_gid=a_sG6VtFpGKB5iM0z0UKjg&_nc_ss=7a22e&oh=00_AQGNjb1_ysBtXgfBVfmo3P9bZ9DRLY-m9edcQGHgOI2OJA&oe=6A97C428,https://www.instagram.com/p/DchYNxjHQVb/
Bom Jesus Primavera do Leste 🛒,Outros,Repolho Verde kg,5.99,24/08/2026,https://instagram.fktw4-1.fna.fbcdn.net/v/t51.82787-15/784817810_18374239453237813_2825750323987932425_n.jpg?stp=dst-jpg_e35_tt6&_nc_cat=111&ig_cache_key=Mzk3MDc4NzgzNDU3MDQ3NjY3NQ%3D%3D.3-ccb7-5&ccb=7-5&_nc_sid=58cdad&efg=eyJ2ZW5jb2RlX3RhZyI6IkNBUk9VU0VMX0lURU0ueHBpZHMuMTA4MC5zZHIucmVndWxhcl9waG90by5DMyJ9&_nc_ohc=P7IruUnPC1sQ7kNvwHj1v_4&_nc_oc=Ado90FjR93-zhwU94Lfyg-pdAM904p24Q7NJNp3LumI1HLaEihSxcBIwUsSt6VV6img&_nc_ad=z-m&_nc_cid=0&_nc_zt=23&_nc_ht=instagram.fktw4-1.fna&_nc_gid=ZNXNGK1plMjaDRCkkAylFA&_nc_ss=7a22e&oh=00_AQFUE5zOAKX66DqjLHHPKXOBr9gnLiSXLHs2WBc7JSe4Ww&oe=6A97E249,https://www.instagram.com/p/DcbEo2aliuR/
SUPERMERCADO PARANAENSE,Outros,Repolho Verde kg,5.99,25/08/2026,https://instagram.fmel18-1.fna.fbcdn.net/v/t51.82787-15/786266669_17907135252496981_2844548241403019285_n.jpg?stp=dst-jpg_e35_tt6&_nc_cat=102&ig_cache_key=Mzk3MTUxMTIzMTEyNDUyNjczMw%3D%3D.3-ccb7-5&ccb=7-5&_nc_sid=58cdad&efg=eyJ2ZW5jb2RlX3RhZyI6IkZFRUQueHBpZHMuMTM1MC5zZHIucmVndWxhcl9waG90by5DMyJ9&_nc_ohc=JjKOSCyFILYQ7kNvwGlh1nD&_nc_oc=AdoBPep20AvuUTKELGudybUAklw8jl_X9Ek70Sj4oVpCqiQqdegGPdF0zhG-3uWh1Y8&_nc_ad=z-m&_nc_cid=0&_nc_zt=23&_nc_ht=instagram.fmel18-1.fna&_nc_gid=7UfXIm5xeBR2yom4laodcg&_nc_ss=7a22e&oh=00_AQGWz_45ZxNcnZwpw4KxUsNYYcotG8lAkvxFuQPZ2Qy-6w&oe=6A97AEC9,https://www.instagram.com/p/DcdpGw4ptaN/
Supermercado São Pedro,Outros,Cabaré Ice 275ml,6.99,28/08/2026,https://scontent-ams2-1.cdninstagram.com/v/t51.82787-15/787853786_18195711469382122_4084613579796731411_n.jpg?stp=dst-jpg_e35_tt6&_nc_cat=101&ig_cache_key=Mzk3MzY3MjU2ODk4MzkzOTE2MQ%3D%3D.3-ccb7-5&ccb=7-5&_nc_sid=58cdad&efg=eyJ2ZW5jb2RlX3RhZyI6IkNBUk9VU0VMX0lURU0ueHBpZHMuMTA4MS5zZHIucmVndWxhcl9waG90by5DMyJ9&_nc_ohc=mrOwFRh3sK8Q7kNvwGuiPxU&_nc_oc=AdocWchk5QRpVZ8dLBXgW047kqu1zOIqox1GJTIk1w9BH6Gir0_2USO05ktxY04PMUA&_nc_ad=z-m&_nc_cid=0&_nc_zt=23&_nc_ht=scontent-ams2-1.cdninstagram.com&_nc_gid=Ch_pIkgnkh3nrU1AQJdMyg&_nc_ss=7a22e&oh=00_AQFkCEs3hpn9RALf_1PUmHbNNicLtXSXUXy77R9obJWZgw&oe=6A97CD87,https://www.instagram.com/p/DclUqI1G7TG/
Supermercado São Pedro,Outros,Cachorro Quente,6.99,28/08/2026,https://scontent-ams2-1.cdninstagram.com/v/t51.82787-15/785599572_18195711460382122_5575322653184498920_n.jpg?stp=dst-jpg_e35_tt6&_nc_cat=109&ig_cache_key=Mzk3MzY3MjU2OTQ3ODkxNjI0Mw%3D%3D.3-ccb7-5&ccb=7-5&_nc_sid=58cdad&efg=eyJ2ZW5jb2RlX3RhZyI6IkNBUk9VU0VMX0lURU0ueHBpZHMuMTA4MS5zZHIucmVndWxhcl9waG90by5DMyJ9&_nc_ohc=YlNv7Hxcm4EQ7kNvwGx0pvY&_nc_oc=AdoNo6jjN9Aczf5Z8_cThIpbEt2ZDwe1YcQr7tZJtAOVSaVTC6gxm5Ibv5Ll5A3z-AE&_nc_ad=z-m&_nc_cid=0&_nc_zt=23&_nc_ht=scontent-ams2-1.cdninstagram.com&_nc_gid=Ch_pIkgnkh3nrU1AQJdMyg&_nc_ss=7a22e&oh=00_AQGXyVQwL6jgmiS_0oeTZz_hiLb7FmTqsSvsVWsYZAMQcg&oe=6A97B292,https://www.instagram.com/p/DclUqI1G7TG/
Ramin Supermercado,Outros,Salgadinho Orgânico Era Uma Vez Papapá,7.19,25/08/2026,https://instagram.fyyc3-1.fna.fbcdn.net/v/t51.82787-15/782413347_18423080377199090_2820046938058952728_n.jpg?stp=dst-jpg_e15_tt6&_nc_cat=105&ig_cache_key=Mzk3MTc0NDk1NjY5MzEzNzA5MzE4NDIzMDgwMzcxMTk5MDkw.3-ccb7-5&ccb=7-5&_nc_sid=58cdad&efg=eyJ2ZW5jb2RlX3RhZyI6IkNMSVBTLnhwaWRzLjcyMC5zZHIudmlkZW9fZGVmYXVsdF9jb3Zlcl9mcmFtZS5DMyJ9&_nc_ohc=_cfhR42QcCUQ7kNvwEVGk_r&_nc_oc=Ado_w16XBNCHwBLbzDOeTQJDleh4c3TzoW0JMumVkqZKmTQY4rj20SajQJVbxPiyleQXu3bok-FntkR8bFwJiwH9&_nc_ad=z-m&_nc_cid=0&_nc_zt=23&_nc_ht=instagram.fyyc3-1.fna&_nc_gid=ecXOl_A4zJTN1oAGKz2wfg&_nc_ss=7a22e&oh=00_AQHT3ECLdF2vApx3v1bkkG4m23ox24HMfGZKejofRgAz4Q&oe=6A97E3EB,https://www.instagram.com/p/DceeP6yJMbF/
Supermercado Tuiuiú,Outros,Sucrilhos Kellogg's 240g,7.49,26/08/2026,https://instagram.fbfh3-2.fna.fbcdn.net/v/t51.82787-15/786993044_18581670784067900_4451038722088372453_n.jpg?stp=dst-jpg_e35_tt6&_nc_cat=106&ig_cache_key=Mzk3MjU4MDU3NDQ4MDgyOTk0OQ%3D%3D.3-ccb7-5&ccb=7-5&_nc_sid=58cdad&efg=eyJ2ZW5jb2RlX3RhZyI6IkNBUk9VU0VMX0lURU0ueHBpZHMuMTA4MC5zZHIucmVndWxhcl9waG90by5DMyJ9&_nc_ohc=LMIY6vyvLpAQ7kNvwEERiL6&_nc_oc=Adrqrk6k9A33-rTrGuk-JW1MM8PuvLEk3txmNTPJx5oIwWNot7-wrSoPlCsU5X3pR8g&_nc_ad=z-m&_nc_cid=0&_nc_zt=23&_nc_ht=instagram.fbfh3-2.fna&_nc_gid=2X_YrJQXGUE-xy0wvXJaew&_nc_ss=7a22e&oh=00_AQFcZZoNmk-6guewlsfvdi-tkB0z1BohQNthzoqZHyEFSg&oe=6A97DC51,https://www.instagram.com/p/DchcQH5DdVj/
Machadão Atacadista,Outros,Toalha de Papel Mili Gran Chef 200un,7.49,27/08/2026,https://scontent-ams2-1.cdninstagram.com/v/t39.30808-6/786779086_1360550472831577_8028710268323392841_n.jpg?stp=dst-jpg_e35_tt6&_nc_cat=100&ig_cache_key=Mzk3MzE1NjQ3MjI0MjcxMDI2OQ%3D%3D.3-ccb7-5&ccb=7-5&_nc_sid=58cdad&efg=eyJ2ZW5jb2RlX3RhZyI6IkNBUk9VU0VMX0lURU0ueHBpZHMuMTYzOC5zZHIucmVndWxhcl9waG90by5DMyJ9&_nc_ohc=FB6gMN-plHsQ7kNvwEI_Aau&_nc_oc=Adpk9TuDHJAEt-2DRtSAL4CPHvT-D_aTBGRH_qLtLWrhbouwvsyXh-7V7KsOEMgqKco&_nc_ad=z-m&_nc_cid=0&_nc_zt=23&_nc_ht=scontent-ams2-1.cdninstagram.com&_nc_gid=W_rvWCImryD4RVuLWt4E6A&_nc_ss=7a22e&oh=00_AQHiVY1kVu6um-rBCrL6_AYRPIfY1ELbXFb_x8byXLqb3g&oe=6A97C76F,https://www.instagram.com/p/DcjfMcbkgCV/
Supermercado São Pedro,Outros,Morango Mape 250g,7.99,28/08/2026,https://scontent-ams2-1.cdninstagram.com/v/t51.82787-15/785599572_18195711460382122_5575322653184498920_n.jpg?stp=dst-jpg_e35_tt6&_nc_cat=109&ig_cache_key=Mzk3MzY3MjU2OTQ3ODkxNjI0Mw%3D%3D.3-ccb7-5&ccb=7-5&_nc_sid=58cdad&efg=eyJ2ZW5jb2RlX3RhZyI6IkNBUk9VU0VMX0lURU0ueHBpZHMuMTA4MS5zZHIucmVndWxhcl9waG90by5DMyJ9&_nc_ohc=YlNv7Hxcm4EQ7kNvwGx0pvY&_nc_oc=AdoNo6jjN9Aczf5Z8_cThIpbEt2ZDwe1YcQr7tZJtAOVSaVTC6gxm5Ibv5Ll5A3z-AE&_nc_ad=z-m&_nc_cid=0&_nc_zt=23&_nc_ht=scontent-ams2-1.cdninstagram.com&_nc_gid=Ch_pIkgnkh3nrU1AQJdMyg&_nc_ss=7a22e&oh=00_AQGXyVQwL6jgmiS_0oeTZz_hiLb7FmTqsSvsVWsYZAMQcg&oe=6A97B292,https://www.instagram.com/p/DclUqI1G7TG/
SUPERMERCADO PARANAENSE,Outros,Brócolis Ou Couve Flor,7.99,25/08/2026,https://instagram.fmel18-1.fna.fbcdn.net/v/t51.82787-15/786266669_17907135252496981_2844548241403019285_n.jpg?stp=dst-jpg_e35_tt6&_nc_cat=102&ig_cache_key=Mzk3MTUxMTIzMTEyNDUyNjczMw%3D%3D.3-ccb7-5&ccb=7-5&_nc_sid=58cdad&efg=eyJ2ZW5jb2RlX3RhZyI6IkZFRUQueHBpZHMuMTM1MC5zZHIucmVndWxhcl9waG90by5DMyJ9&_nc_ohc=JjKOSCyFILYQ7kNvwGlh1nD&_nc_oc=AdoBPep20AvuUTKELGudybUAklw8jl_X9Ek70Sj4oVpCqiQqdegGPdF0zhG-3uWh1Y8&_nc_ad=z-m&_nc_cid=0&_nc_zt=23&_nc_ht=instagram.fmel18-1.fna&_nc_gid=7UfXIm5xeBR2yom4laodcg&_nc_ss=7a22e&oh=00_AQGWz_45ZxNcnZwpw4KxUsNYYcotG8lAkvxFuQPZ2Qy-6w&oe=6A97AEC9,https://www.instagram.com/p/DcdpGw4ptaN/
Supermercado São Pedro,Outros,Mocotó kg,8.99,24/08/2026,https://scontent-gmp1-1.cdninstagram.com/v/t51.82787-15/779866028_18195137623382122_1225681475285530325_n.jpg?stp=dst-jpg_e35_tt6&_nc_cat=104&ig_cache_key=Mzk3MDg5NTAzMjEwMDYxNzYxMA%3D%3D.3-ccb7-5&ccb=7-5&_nc_sid=58cdad&efg=eyJ2ZW5jb2RlX3RhZyI6IkZFRUQueHBpZHMuMzI0OC5zZHIucmVndWxhcl9waG90by5DMyJ9&_nc_ohc=40xkhSQE8g4Q7kNvwHrZ6fS&_nc_oc=AdrQwhyO2locrqA9fhJGOet0h1z6OSsYR_JGHtkSpAE_SO1Qxhq4nZ1AaPAQZOIjiCM&_nc_ad=z-m&_nc_cid=0&_nc_zt=23&_nc_ht=scontent-gmp1-1.cdninstagram.com&_nc_gid=piuLZ9j-qv6denTdiMpN-w&_nc_ss=7a22e&oh=00_AQHlBvIUNmHk7i3Qkz9ssRG8EZJIjOAq6Lm63Ods05W5Gw&oe=6A97C121,https://www.instagram.com/p/Dcbc_40uH2K/
Supermercado São Pedro,Outros,Bucho Bovino kg,9.99,24/08/2026,https://scontent-gmp1-1.cdninstagram.com/v/t51.82787-15/779866028_18195137623382122_1225681475285530325_n.jpg?stp=dst-jpg_e35_tt6&_nc_cat=104&ig_cache_key=Mzk3MDg5NTAzMjEwMDYxNzYxMA%3D%3D.3-ccb7-5&ccb=7-5&_nc_sid=58cdad&efg=eyJ2ZW5jb2RlX3RhZyI6IkZFRUQueHBpZHMuMzI0OC5zZHIucmVndWxhcl9waG90by5DMyJ9&_nc_ohc=40xkhSQE8g4Q7kNvwHrZ6fS&_nc_oc=AdrQwhyO2locrqA9fhJGOet0h1z6OSsYR_JGHtkSpAE_SO1Qxhq4nZ1AaPAQZOIjiCM&_nc_ad=z-m&_nc_cid=0&_nc_zt=23&_nc_ht=scontent-gmp1-1.cdninstagram.com&_nc_gid=piuLZ9j-qv6denTdiMpN-w&_nc_ss=7a22e&oh=00_AQHlBvIUNmHk7i3Qkz9ssRG8EZJIjOAq6Lm63Ods05W5Gw&oe=6A97C121,https://www.instagram.com/p/Dcbc_40uH2K/
Supermercado São Pedro,Outros,Fígado Bovino kg,9.99,24/08/2026,https://scontent-gmp1-1.cdninstagram.com/v/t51.82787-15/779866028_18195137623382122_1225681475285530325_n.jpg?stp=dst-jpg_e35_tt6&_nc_cat=104&ig_cache_key=Mzk3MDg5NTAzMjEwMDYxNzYxMA%3D%3D.3-ccb7-5&ccb=7-5&_nc_sid=58cdad&efg=eyJ2ZW5jb2RlX3RhZyI6IkZFRUQueHBpZHMuMzI0OC5zZHIucmVndWxhcl9waG90by5DMyJ9&_nc_ohc=40xkhSQE8g4Q7kNvwHrZ6fS&_nc_oc=AdrQwhyO2locrqA9fhJGOet0h1z6OSsYR_JGHtkSpAE_SO1Qxhq4nZ1AaPAQZOIjiCM&_nc_ad=z-m&_nc_cid=0&_nc_zt=23&_nc_ht=scontent-gmp1-1.cdninstagram.com&_nc_gid=piuLZ9j-qv6denTdiMpN-w&_nc_ss=7a22e&oh=00_AQHlBvIUNmHk7i3Qkz9ssRG8EZJIjOAq6Lm63Ods05W5Gw&oe=6A97C121,https://www.instagram.com/p/Dcbc_40uH2K/
Super Compras Supermercado,Outros,Fígado Bovino kg,9.99,27/08/2026,https://instagram.fblq4-1.fna.fbcdn.net/v/t51.82787-15/788172202_18192669184391764_5816935157600731829_n.jpg?stp=dst-jpg_e35_tt6&_nc_cat=102&ig_cache_key=Mzk3MjU2Mjg0NTk4OTQwNjA0Mw%3D%3D.3-ccb7-5&ccb=7-5&_nc_sid=58cdad&efg=eyJ2ZW5jb2RlX3RhZyI6IkZFRUQueHBpZHMuMTQ0MC5zZHIucmVndWxhcl9waG90by5DMyJ9&_nc_ohc=LRlDAksdQ-AQ7kNvwH5A0p9&_nc_oc=AdpLU-hFXp99iVl4paH_lhV01ASOYInyZ1bj52QO6ruRQ7Mn_SdpUoTjTXcGx6ov0Q4&_nc_ad=z-m&_nc_cid=1093&_nc_zt=23&_nc_ht=instagram.fblq4-1.fna&_nc_gid=a_sG6VtFpGKB5iM0z0UKjg&_nc_ss=7a22e&oh=00_AQGNjb1_ysBtXgfBVfmo3P9bZ9DRLY-m9edcQGHgOI2OJA&oe=6A97C428,https://www.instagram.com/p/DchYNxjHQVb/
Machadão Atacadista,Outros,Geleia de Morango Olé 160g,10.49,25/08/2026,https://scontent-dus1-1.cdninstagram.com/v/t39.30808-6/785059096_1358646486355309_4355252955160182464_n.jpg?stp=dst-jpg_e35_tt6&_nc_cat=107&ig_cache_key=Mzk3MTUyNDg5Njc4NTk1NzI2NA%3D%3D.3-ccb7-5&ccb=7-5&_nc_sid=58cdad&efg=eyJ2ZW5jb2RlX3RhZyI6IkNBUk9VU0VMX0lURU0ueHBpZHMuMTYzOC5zZHIucmVndWxhcl9waG90by5DMyJ9&_nc_ohc=7xcost5b2JkQ7kNvwEnl6NG&_nc_oc=AdqptSuugfcQCpnKtC8y8_X03y7LGAz76AxgMW-xz-FOEaPHIf72wDHlcnh4-YEihYkk7-O5dYN4yXHthGkA_Eqa&_nc_ad=z-m&_nc_cid=0&_nc_zt=23&_nc_ht=scontent-dus1-1.cdninstagram.com&_nc_gid=oEBPHF74--AW6nyv447F6g&_nc_ss=7a22e&oh=00_AQEWfwE-2Dq-ZjjamD5oThXrOSuwFZE1sbx6lGUmcSiaZA&oe=6A97C241,https://www.instagram.com/p/DcdsNxKDBTG/
Machadão Atacadista,Outros,Pepino em Conserva Pinduca 300g,10.99,27/08/2026,https://scontent-ams2-1.cdninstagram.com/v/t39.30808-6/787104328_1360550532831571_2281243341389434448_n.jpg?stp=dst-jpg_e35_tt6&_nc_cat=100&ig_cache_key=Mzk3MzE1NjQ3MTc1NjIxMzA2MQ%3D%3D.3-ccb7-5&ccb=7-5&_nc_sid=58cdad&efg=eyJ2ZW5jb2RlX3RhZyI6IkNBUk9VU0VMX0lURU0ueHBpZHMuMTYzOC5zZHIucmVndWxhcl9waG90by5DMyJ9&_nc_ohc=BsEfA1wdsJMQ7kNvwElvBVw&_nc_oc=AdotN0eHRtVwjkYS0BuXdsQlOICDI0TjH6XabtYEUFgI3kDuSHHjpm2VB3u6rM5ijWM&_nc_ad=z-m&_nc_cid=0&_nc_zt=23&_nc_ht=scontent-ams2-1.cdninstagram.com&_nc_gid=W_rvWCImryD4RVuLWt4E6A&_nc_ss=7a22e&oh=00_AQE7taI2tGK-qgb5ER4PL83BiadNx5mlrZy3hOjhiZuBuw&oe=6A97C190,https://www.instagram.com/p/DcjfMcbkgCV/
SUPERMERCADO PARANAENSE,Outros,Maracujá Azedo kg,10.99,25/08/2026,https://instagram.fmel18-1.fna.fbcdn.net/v/t51.82787-15/786266669_17907135252496981_2844548241403019285_n.jpg?stp=dst-jpg_e35_tt6&_nc_cat=102&ig_cache_key=Mzk3MTUxMTIzMTEyNDUyNjczMw%3D%3D.3-ccb7-5&ccb=7-5&_nc_sid=58cdad&efg=eyJ2ZW5jb2RlX3RhZyI6IkZFRUQueHBpZHMuMTM1MC5zZHIucmVndWxhcl9waG90by5DMyJ9&_nc_ohc=JjKOSCyFILYQ7kNvwGlh1nD&_nc_oc=AdoBPep20AvuUTKELGudybUAklw8jl_X9Ek70Sj4oVpCqiQqdegGPdF0zhG-3uWh1Y8&_nc_ad=z-m&_nc_cid=0&_nc_zt=23&_nc_ht=instagram.fmel18-1.fna&_nc_gid=7UfXIm5xeBR2yom4laodcg&_nc_ss=7a22e&oh=00_AQGWz_45ZxNcnZwpw4KxUsNYYcotG8lAkvxFuQPZ2Qy-6w&oe=6A97AEC9,https://www.instagram.com/p/DcdpGw4ptaN/
Super Compras Supermercado,Outros,Mocotó Bovino kg,11.99,27/08/2026,https://instagram.fblq4-1.fna.fbcdn.net/v/t51.82787-15/788172202_18192669184391764_5816935157600731829_n.jpg?stp=dst-jpg_e35_tt6&_nc_cat=102&ig_cache_key=Mzk3MjU2Mjg0NTk4OTQwNjA0Mw%3D%3D.3-ccb7-5&ccb=7-5&_nc_sid=58cdad&efg=eyJ2ZW5jb2RlX3RhZyI6IkZFRUQueHBpZHMuMTQ0MC5zZHIucmVndWxhcl9waG90by5DMyJ9&_nc_ohc=LRlDAksdQ-AQ7kNvwH5A0p9&_nc_oc=AdpLU-hFXp99iVl4paH_lhV01ASOYInyZ1bj52QO6ruRQ7Mn_SdpUoTjTXcGx6ov0Q4&_nc_ad=z-m&_nc_cid=1093&_nc_zt=23&_nc_ht=instagram.fblq4-1.fna&_nc_gid=a_sG6VtFpGKB5iM0z0UKjg&_nc_ss=7a22e&oh=00_AQGNjb1_ysBtXgfBVfmo3P9bZ9DRLY-m9edcQGHgOI2OJA&oe=6A97C428,https://www.instagram.com/p/DchYNxjHQVb/
Super Compras Supermercado,Outros,Bucho Bovino kg,11.99,27/08/2026,https://instagram.fblq4-1.fna.fbcdn.net/v/t51.82787-15/788172202_18192669184391764_5816935157600731829_n.jpg?stp=dst-jpg_e35_tt6&_nc_cat=102&ig_cache_key=Mzk3MjU2Mjg0NTk4OTQwNjA0Mw%3D%3D.3-ccb7-5&ccb=7-5&_nc_sid=58cdad&efg=eyJ2ZW5jb2RlX3RhZyI6IkZFRUQueHBpZHMuMTQ0MC5zZHIucmVndWxhcl9waG90by5DMyJ9&_nc_ohc=LRlDAksdQ-AQ7kNvwH5A0p9&_nc_oc=AdpLU-hFXp99iVl4paH_lhV01ASOYInyZ1bj52QO6ruRQ7Mn_SdpUoTjTXcGx6ov0Q4&_nc_ad=z-m&_nc_cid=1093&_nc_zt=23&_nc_ht=instagram.fblq4-1.fna&_nc_gid=a_sG6VtFpGKB5iM0z0UKjg&_nc_ss=7a22e&oh=00_AQGNjb1_ysBtXgfBVfmo3P9bZ9DRLY-m9edcQGHgOI2OJA&oe=6A97C428,https://www.instagram.com/p/DchYNxjHQVb/
Bom Jesus Primavera do Leste 🛒,Outros,Fígado Bovino kg,12.99,26/08/2026,https://instagram.fktw4-1.fna.fbcdn.net/v/t51.82787-15/786837850_18374533663237813_2968687181146751427_n.jpg?stp=dst-jpg_e35_tt6&_nc_cat=100&ig_cache_key=Mzk3MjE2ODE2MTY3MzMwMjgxMg%3D%3D.3-ccb7-5&ccb=7-5&_nc_sid=58cdad&efg=eyJ2ZW5jb2RlX3RhZyI6IkNBUk9VU0VMX0lURU0ueHBpZHMuMTA4MC5zZHIucmVndWxhcl9waG90by5DMyJ9&_nc_ohc=SYZyJZ31VbUQ7kNvwEOWs2J&_nc_oc=AdqpKjKxsZ7ot3N4oU482_9TygvblCc4tjiTCLWYc7ObnRUvJsRErOJIoA5fvHYgu0Q&_nc_ad=z-m&_nc_cid=0&_nc_zt=23&_nc_ht=instagram.fktw4-1.fna&_nc_gid=PKeWG31E_OO96xbNbCbRww&_nc_ss=7a22e&oh=00_AQHHkJomv6yUMRLSyd_iHYBiT3rTwwZIlyeWwGP1KkFidA&oe=6A97C24B,https://www.instagram.com/p/Dcf-fgoloPJ/
Bom Jesus Primavera do Leste 🛒,Outros,Mocotó Bovino kg,12.99,26/08/2026,https://instagram.fktw4-1.fna.fbcdn.net/v/t51.82787-15/786837850_18374533663237813_2968687181146751427_n.jpg?stp=dst-jpg_e35_tt6&_nc_cat=100&ig_cache_key=Mzk3MjE2ODE2MTY3MzMwMjgxMg%3D%3D.3-ccb7-5&ccb=7-5&_nc_sid=58cdad&efg=eyJ2ZW5jb2RlX3RhZyI6IkNBUk9VU0VMX0lURU0ueHBpZHMuMTA4MC5zZHIucmVndWxhcl9waG90by5DMyJ9&_nc_ohc=SYZyJZ31VbUQ7kNvwEOWs2J&_nc_oc=AdqpKjKxsZ7ot3N4oU482_9TygvblCc4tjiTCLWYc7ObnRUvJsRErOJIoA5fvHYgu0Q&_nc_ad=z-m&_nc_cid=0&_nc_zt=23&_nc_ht=instagram.fktw4-1.fna&_nc_gid=PKeWG31E_OO96xbNbCbRww&_nc_ss=7a22e&oh=00_AQHHkJomv6yUMRLSyd_iHYBiT3rTwwZIlyeWwGP1KkFidA&oe=6A97C24B,https://www.instagram.com/p/Dcf-fgoloPJ/
Machadão Atacadista,Outros,Waffle Catupiry 240g,12.99,25/08/2026,https://scontent-dus1-1.cdninstagram.com/v/t39.30808-6/786543128_1358645369688754_2779017979935584164_n.jpg?stp=dst-jpg_e35_tt6&_nc_cat=101&ig_cache_key=Mzk3MTUyNDg5NTIzNDEwNDA4Mg%3D%3D.3-ccb7-5&ccb=7-5&_nc_sid=58cdad&efg=eyJ2ZW5jb2RlX3RhZyI6IkNBUk9VU0VMX0lURU0ueHBpZHMuMTYzOC5zZHIucmVndWxhcl9waG90by5DMyJ9&_nc_ohc=fkD66OU_vJ8Q7kNvwGVhQFg&_nc_oc=AdqVV41Y6EDPDc8woKC8acJQ50fyLaMqyxqQ6XwSb0QTw7zKiZe9fCHQdh0YmvCey2oCLfsQ1SDBgH5U1MsSEJJc&_nc_ad=z-m&_nc_cid=0&_nc_zt=23&_nc_ht=scontent-dus1-1.cdninstagram.com&_nc_gid=oEBPHF74--AW6nyv447F6g&_nc_ss=7a22e&oh=00_AQF4nQ2o1bdHwhk4KCm8m6hwk4bO-EEhkiU9BWMVDhXWGw&oe=6A97B484,https://www.instagram.com/p/DcdsNxKDBTG/
Supermercado São Pedro,Outros,Moela Perdigão 1kg,13.99,24/08/2026,https://scontent-gmp1-1.cdninstagram.com/v/t51.82787-15/779866028_18195137623382122_1225681475285530325_n.jpg?stp=dst-jpg_e35_tt6&_nc_cat=104&ig_cache_key=Mzk3MDg5NTAzMjEwMDYxNzYxMA%3D%3D.3-ccb7-5&ccb=7-5&_nc_sid=58cdad&efg=eyJ2ZW5jb2RlX3RhZyI6IkZFRUQueHBpZHMuMzI0OC5zZHIucmVndWxhcl9waG90by5DMyJ9&_nc_ohc=40xkhSQE8g4Q7kNvwHrZ6fS&_nc_oc=AdrQwhyO2locrqA9fhJGOet0h1z6OSsYR_JGHtkSpAE_SO1Qxhq4nZ1AaPAQZOIjiCM&_nc_ad=z-m&_nc_cid=0&_nc_zt=23&_nc_ht=scontent-gmp1-1.cdninstagram.com&_nc_gid=piuLZ9j-qv6denTdiMpN-w&_nc_ss=7a22e&oh=00_AQHlBvIUNmHk7i3Qkz9ssRG8EZJIjOAq6Lm63Ods05W5Gw&oe=6A97C121,https://www.instagram.com/p/Dcbc_40uH2K/
Machadão Atacadista,Outros,Raiz Amarga Paratudo 900ml,14.49,27/08/2026,https://scontent-ams2-1.cdninstagram.com/v/t39.30808-6/787104328_1360550532831571_2281243341389434448_n.jpg?stp=dst-jpg_e35_tt6&_nc_cat=100&ig_cache_key=Mzk3MzE1NjQ3MTc1NjIxMzA2MQ%3D%3D.3-ccb7-5&ccb=7-5&_nc_sid=58cdad&efg=eyJ2ZW5jb2RlX3RhZyI6IkNBUk9VU0VMX0lURU0ueHBpZHMuMTYzOC5zZHIucmVndWxhcl9waG90by5DMyJ9&_nc_ohc=BsEfA1wdsJMQ7kNvwElvBVw&_nc_oc=AdotN0eHRtVwjkYS0BuXdsQlOICDI0TjH6XabtYEUFgI3kDuSHHjpm2VB3u6rM5ijWM&_nc_ad=z-m&_nc_cid=0&_nc_zt=23&_nc_ht=scontent-ams2-1.cdninstagram.com&_nc_gid=W_rvWCImryD4RVuLWt4E6A&_nc_ss=7a22e&oh=00_AQE7taI2tGK-qgb5ER4PL83BiadNx5mlrZy3hOjhiZuBuw&oe=6A97C190,https://www.instagram.com/p/DcjfMcbkgCV/
Bom Jesus Primavera do Leste 🛒,Outros,Amendoim Mape 1kg,14.99,24/08/2026,https://instagram.fktw4-1.fna.fbcdn.net/v/t51.82787-15/784817810_18374239453237813_2825750323987932425_n.jpg?stp=dst-jpg_e35_tt6&_nc_cat=111&ig_cache_key=Mzk3MDc4NzgzNDU3MDQ3NjY3NQ%3D%3D.3-ccb7-5&ccb=7-5&_nc_sid=58cdad&efg=eyJ2ZW5jb2RlX3RhZyI6IkNBUk9VU0VMX0lURU0ueHBpZHMuMTA4MC5zZHIucmVndWxhcl9waG90by5DMyJ9&_nc_ohc=P7IruUnPC1sQ7kNvwHj1v_4&_nc_oc=Ado90FjR93-zhwU94Lfyg-pdAM904p24Q7NJNp3LumI1HLaEihSxcBIwUsSt6VV6img&_nc_ad=z-m&_nc_cid=0&_nc_zt=23&_nc_ht=instagram.fktw4-1.fna&_nc_gid=ZNXNGK1plMjaDRCkkAylFA&_nc_ss=7a22e&oh=00_AQFUE5zOAKX66DqjLHHPKXOBr9gnLiSXLHs2WBc7JSe4Ww&oe=6A97E249,https://www.instagram.com/p/DcbEo2aliuR/
Machadão Atacadista,Outros,Rodo Para Pia Bettanin Esfrebom,15.9,27/08/2026,https://scontent-ams2-1.cdninstagram.com/v/t39.30808-6/786779086_1360550472831577_8028710268323392841_n.jpg?stp=dst-jpg_e35_tt6&_nc_cat=100&ig_cache_key=Mzk3MzE1NjQ3MjI0MjcxMDI2OQ%3D%3D.3-ccb7-5&ccb=7-5&_nc_sid=58cdad&efg=eyJ2ZW5jb2RlX3RhZyI6IkNBUk9VU0VMX0lURU0ueHBpZHMuMTYzOC5zZHIucmVndWxhcl9waG90by5DMyJ9&_nc_ohc=FB6gMN-plHsQ7kNvwEI_Aau&_nc_oc=Adpk9TuDHJAEt-2DRtSAL4CPHvT-D_aTBGRH_qLtLWrhbouwvsyXh-7V7KsOEMgqKco&_nc_ad=z-m&_nc_cid=0&_nc_zt=23&_nc_ht=scontent-ams2-1.cdninstagram.com&_nc_gid=W_rvWCImryD4RVuLWt4E6A&_nc_ss=7a22e&oh=00_AQHiVY1kVu6um-rBCrL6_AYRPIfY1ELbXFb_x8byXLqb3g&oe=6A97C76F,https://www.instagram.com/p/DcjfMcbkgCV/
Machadão Atacadista,Outros,Caixa Organizadora com Tampa Pleion Bioprátika 8L,18.9,27/08/2026,https://scontent-ams2-1.cdninstagram.com/v/t39.30808-6/786779086_1360550472831577_8028710268323392841_n.jpg?stp=dst-jpg_e35_tt6&_nc_cat=100&ig_cache_key=Mzk3MzE1NjQ3MjI0MjcxMDI2OQ%3D%3D.3-ccb7-5&ccb=7-5&_nc_sid=58cdad&efg=eyJ2ZW5jb2RlX3RhZyI6IkNBUk9VU0VMX0lURU0ueHBpZHMuMTYzOC5zZHIucmVndWxhcl9waG90by5DMyJ9&_nc_ohc=FB6gMN-plHsQ7kNvwEI_Aau&_nc_oc=Adpk9TuDHJAEt-2DRtSAL4CPHvT-D_aTBGRH_qLtLWrhbouwvsyXh-7V7KsOEMgqKco&_nc_ad=z-m&_nc_cid=0&_nc_zt=23&_nc_ht=scontent-ams2-1.cdninstagram.com&_nc_gid=W_rvWCImryD4RVuLWt4E6A&_nc_ss=7a22e&oh=00_AQHiVY1kVu6um-rBCrL6_AYRPIfY1ELbXFb_x8byXLqb3g&oe=6A97C76F,https://www.instagram.com/p/DcjfMcbkgCV/
Bom Jesus Primavera do Leste 🛒,Outros,Gel Fixador Bozzano 300g,18.99,27/08/2026,https://scontent-dfw6-1.cdninstagram.com/v/t51.82787-15/787993259_18374687005237813_4471412213431393234_n.jpg?stp=dst-jpg_e35_tt6&_nc_cat=103&ig_cache_key=Mzk3Mjk0NzA1MzQ4MTkxNTUyNQ%3D%3D.3-ccb7-5&ccb=7-5&_nc_sid=58cdad&efg=eyJ2ZW5jb2RlX3RhZyI6IkZFRUQueHBpZHMuMTM1MC5zZHIucmVndWxhcl9waG90by5DMyJ9&_nc_ohc=TDgSfUoaAVwQ7kNvwE3sOCc&_nc_oc=AdqzWjaXc6bH3BxmN2INlXg38VwZxgJPdGRVLyU79fbG2qcAV9kRGZAX4dK0Kj-ce_0&_nc_ad=z-m&_nc_cid=0&_nc_zt=23&_nc_ht=scontent-dfw6-1.cdninstagram.com&_nc_gid=6vV7-Oiifa_xz_COki9TZw&_nc_ss=7a22e&oh=00_AQHeG3BbFNY52DhlT8aEMdGg-JNF1o7ooddEWqmgZ6yjDw&oe=6A97D2AE,https://www.instagram.com/p/DcivkuqOXSF/
Supermercado Tuiuiú,Outros,Carvão Paraná 5kg,19.99,28/08/2026,https://scontent-man2-1.cdninstagram.com/v/t39.30808-6/788141803_1720016743465477_9146230528598203595_n.jpg?stp=dst-jpg_e35_tt6&_nc_cat=108&ig_cache_key=Mzk3MzM0Mjg3ODE5NDkyODIxMw%3D%3D.3-ccb7-5&ccb=7-5&_nc_sid=58cdad&efg=eyJ2ZW5jb2RlX3RhZyI6IkNBUk9VU0VMX0lURU0ueHBpZHMuMTI1NC5zZHIucmVndWxhcl9waG90by5DMyJ9&_nc_ohc=zal2Q-KNBSMQ7kNvwHPjmHr&_nc_oc=AdqbcNw8SJgkOLjv1S7OR3EO3j7y30zWKGkWsahq3R8bq5H_zt52u3sZtfAXG8TZgRQ&_nc_ad=z-m&_nc_cid=0&_nc_zt=23&_nc_ht=scontent-man2-1.cdninstagram.com&_nc_gid=Oh1mrcvHg1sPnWTYozeyJw&_nc_ss=7a22e&oh=00_AQEr-SUAeVtvw-YnVKjGXDiWw84vTzRbtyyL_ngY1HNfgg&oe=6A97C1F6,https://www.instagram.com/p/DckJlYyI3Tu/
Supermercado São Pedro,Outros,Cuca Recheada kg,23.49,28/08/2026,https://scontent-ams2-1.cdninstagram.com/v/t51.82787-15/785599572_18195711460382122_5575322653184498920_n.jpg?stp=dst-jpg_e35_tt6&_nc_cat=109&ig_cache_key=Mzk3MzY3MjU2OTQ3ODkxNjI0Mw%3D%3D.3-ccb7-5&ccb=7-5&_nc_sid=58cdad&efg=eyJ2ZW5jb2RlX3RhZyI6IkNBUk9VU0VMX0lURU0ueHBpZHMuMTA4MS5zZHIucmVndWxhcl9waG90by5DMyJ9&_nc_ohc=YlNv7Hxcm4EQ7kNvwGx0pvY&_nc_oc=AdoNo6jjN9Aczf5Z8_cThIpbEt2ZDwe1YcQr7tZJtAOVSaVTC6gxm5Ibv5Ll5A3z-AE&_nc_ad=z-m&_nc_cid=0&_nc_zt=23&_nc_ht=scontent-ams2-1.cdninstagram.com&_nc_gid=Ch_pIkgnkh3nrU1AQJdMyg&_nc_ss=7a22e&oh=00_AQGXyVQwL6jgmiS_0oeTZz_hiLb7FmTqsSvsVWsYZAMQcg&oe=6A97B292,https://www.instagram.com/p/DclUqI1G7TG/
Supermercado Tuiuiú,Outros,Ponta de Peito com Osso kg,23.99,28/08/2026,https://scontent-man2-1.cdninstagram.com/v/t39.30808-6/784321179_1720016750132143_1243001508239248716_n.jpg?stp=dst-jpg_e35_tt6&_nc_cat=109&ig_cache_key=Mzk3MzM0Mjg4MDE3NDY4MTI1NA%3D%3D.3-ccb7-5&ccb=7-5&_nc_sid=58cdad&efg=eyJ2ZW5jb2RlX3RhZyI6IkNBUk9VU0VMX0lURU0ueHBpZHMuMTI1NC5zZHIucmVndWxhcl9waG90by5DMyJ9&_nc_ohc=uLCBohPgPQYQ7kNvwENG2o2&_nc_oc=AdpIqeRD6CvgVgXKFFWA9WTGUuT7vNppdBJWZemIje2bYmfmlfu3V76RDLQg2A630bg&_nc_ad=z-m&_nc_cid=0&_nc_zt=23&_nc_ht=scontent-man2-1.cdninstagram.com&_nc_gid=Oh1mrcvHg1sPnWTYozeyJw&_nc_ss=7a22e&oh=00_AQFOJaDCH3v0kUninhna4d-YzKlGOwpdtLMzyArKVwtmZA&oe=6A97B219,https://www.instagram.com/p/DckJlYyI3Tu/
Supermercado São Pedro,Outros,Rosca Doce kg,23.99,28/08/2026,https://scontent-ams2-1.cdninstagram.com/v/t51.82787-15/785599572_18195711460382122_5575322653184498920_n.jpg?stp=dst-jpg_e35_tt6&_nc_cat=109&ig_cache_key=Mzk3MzY3MjU2OTQ3ODkxNjI0Mw%3D%3D.3-ccb7-5&ccb=7-5&_nc_sid=58cdad&efg=eyJ2ZW5jb2RlX3RhZyI6IkNBUk9VU0VMX0lURU0ueHBpZHMuMTA4MS5zZHIucmVndWxhcl9waG90by5DMyJ9&_nc_ohc=YlNv7Hxcm4EQ7kNvwGx0pvY&_nc_oc=AdoNo6jjN9Aczf5Z8_cThIpbEt2ZDwe1YcQr7tZJtAOVSaVTC6gxm5Ibv5Ll5A3z-AE&_nc_ad=z-m&_nc_cid=0&_nc_zt=23&_nc_ht=scontent-ams2-1.cdninstagram.com&_nc_gid=Ch_pIkgnkh3nrU1AQJdMyg&_nc_ss=7a22e&oh=00_AQGXyVQwL6jgmiS_0oeTZz_hiLb7FmTqsSvsVWsYZAMQcg&oe=6A97B292,https://www.instagram.com/p/DclUqI1G7TG/
Supermercado São Pedro,Outros,Músculo com Osso kg,24.48,25/08/2026,https://scontent-cdg4-1.cdninstagram.com/v/t39.30808-6/784428542_1503489418490841_697405957732902936_n.jpg?stp=dst-jpg_e35_tt6&_nc_cat=102&ig_cache_key=Mzk3MTgyNzk2NDE0ODc5MzU5NA%3D%3D.3-ccb7-5&ccb=7-5&_nc_sid=58cdad&efg=eyJ2ZW5jb2RlX3RhZyI6IkZFRUQueHBpZHMuMTYzOS5zZHIucmVndWxhcl9waG90by5DMyJ9&_nc_ohc=lahhkTUGus0Q7kNvwH9S1HS&_nc_oc=Adqzpe26NNEIgL11_-99PbnwKKsNOTm7mJQpQTT7Z3ezDvmT5yoHime4NpgbtneZf4PRFVoMnTfPUSGIQXrbL9uN&_nc_ad=z-m&_nc_cid=0&_nc_zt=23&_nc_ht=scontent-cdg4-1.cdninstagram.com&_nc_gid=dBWbPpDbzRAuRx_PrvAKAA&_nc_ss=7a22e&oh=00_AQHGTds9cP7jlOi84o9CH_61OUSC_zTxDXtf1nHP1C5PnQ&oe=6A97B07A,https://www.instagram.com/p/DcexH1gDUD6/
Supermercado Tuiuiú,Outros,Salgadinho kg,29.99,26/08/2026,https://instagram.fbfh3-3.fna.fbcdn.net/v/t51.82787-15/786213187_18581670739067900_7614859529006382993_n.jpg?stp=dst-jpg_e35_tt6&_nc_cat=105&ig_cache_key=Mzk3MjU4MDUwMTEzMDg5NTg1Ng%3D%3D.3-ccb7-5&ccb=7-5&_nc_sid=58cdad&efg=eyJ2ZW5jb2RlX3RhZyI6IkNBUk9VU0VMX0lURU0ueHBpZHMuMTA4MC5zZHIucmVndWxhcl9waG90by5DMyJ9&_nc_ohc=FUxa-pkhp30Q7kNvwFboBxx&_nc_oc=AdrdPmwYkIdxugjAF4fRL9r4UGVTOpjGSkUOEdAU1t5Oo3xndNO8NxT5cLPhdG2qyec&_nc_ad=z-m&_nc_cid=0&_nc_zt=23&_nc_ht=instagram.fbfh3-3.fna&_nc_gid=2X_YrJQXGUE-xy0wvXJaew&_nc_ss=7a22e&oh=00_AQGIkcOFnuo_aKcrbniilp1lQXQOtK-0t77BIjYgYxXyNQ&oe=6A97D3EB,https://www.instagram.com/p/DchcQH5DdVj/
Bom Jesus Primavera do Leste 🛒,Outros,Short Ribs e Shoulder Steak kg,31.99,26/08/2026,https://instagram.fktw4-1.fna.fbcdn.net/v/t51.82787-15/786837850_18374533663237813_2968687181146751427_n.jpg?stp=dst-jpg_e35_tt6&_nc_cat=100&ig_cache_key=Mzk3MjE2ODE2MTY3MzMwMjgxMg%3D%3D.3-ccb7-5&ccb=7-5&_nc_sid=58cdad&efg=eyJ2ZW5jb2RlX3RhZyI6IkNBUk9VU0VMX0lURU0ueHBpZHMuMTA4MC5zZHIucmVndWxhcl9waG90by5DMyJ9&_nc_ohc=SYZyJZ31VbUQ7kNvwEOWs2J&_nc_oc=AdqpKjKxsZ7ot3N4oU482_9TygvblCc4tjiTCLWYc7ObnRUvJsRErOJIoA5fvHYgu0Q&_nc_ad=z-m&_nc_cid=0&_nc_zt=23&_nc_ht=instagram.fktw4-1.fna&_nc_gid=PKeWG31E_OO96xbNbCbRww&_nc_ss=7a22e&oh=00_AQHHkJomv6yUMRLSyd_iHYBiT3rTwwZIlyeWwGP1KkFidA&oe=6A97C24B,https://www.instagram.com/p/Dcf-fgoloPJ/
Bom Jesus Primavera do Leste 🛒,Outros,Creme Facial Garnier 85g,31.99,27/08/2026,https://scontent-dfw6-1.cdninstagram.com/v/t51.82787-15/787993259_18374687005237813_4471412213431393234_n.jpg?stp=dst-jpg_e35_tt6&_nc_cat=103&ig_cache_key=Mzk3Mjk0NzA1MzQ4MTkxNTUyNQ%3D%3D.3-ccb7-5&ccb=7-5&_nc_sid=58cdad&efg=eyJ2ZW5jb2RlX3RhZyI6IkZFRUQueHBpZHMuMTM1MC5zZHIucmVndWxhcl9waG90by5DMyJ9&_nc_ohc=TDgSfUoaAVwQ7kNvwE3sOCc&_nc_oc=AdqzWjaXc6bH3BxmN2INlXg38VwZxgJPdGRVLyU79fbG2qcAV9kRGZAX4dK0Kj-ce_0&_nc_ad=z-m&_nc_cid=0&_nc_zt=23&_nc_ht=scontent-dfw6-1.cdninstagram.com&_nc_gid=6vV7-Oiifa_xz_COki9TZw&_nc_ss=7a22e&oh=00_AQHeG3BbFNY52DhlT8aEMdGg-JNF1o7ooddEWqmgZ6yjDw&oe=6A97D2AE,https://www.instagram.com/p/DcivkuqOXSF/
Supermercado São Pedro,Outros,Chipa kg,34.99,28/08/2026,https://scontent-ams2-1.cdninstagram.com/v/t51.82787-15/785599572_18195711460382122_5575322653184498920_n.jpg?stp=dst-jpg_e35_tt6&_nc_cat=109&ig_cache_key=Mzk3MzY3MjU2OTQ3ODkxNjI0Mw%3D%3D.3-ccb7-5&ccb=7-5&_nc_sid=58cdad&efg=eyJ2ZW5jb2RlX3RhZyI6IkNBUk9VU0VMX0lURU0ueHBpZHMuMTA4MS5zZHIucmVndWxhcl9waG90by5DMyJ9&_nc_ohc=YlNv7Hxcm4EQ7kNvwGx0pvY&_nc_oc=AdoNo6jjN9Aczf5Z8_cThIpbEt2ZDwe1YcQr7tZJtAOVSaVTC6gxm5Ibv5Ll5A3z-AE&_nc_ad=z-m&_nc_cid=0&_nc_zt=23&_nc_ht=scontent-ams2-1.cdninstagram.com&_nc_gid=Ch_pIkgnkh3nrU1AQJdMyg&_nc_ss=7a22e&oh=00_AQGXyVQwL6jgmiS_0oeTZz_hiLb7FmTqsSvsVWsYZAMQcg&oe=6A97B292,https://www.instagram.com/p/DclUqI1G7TG/
Supermercado São Pedro,Outros,Ponta de Peito Bovina kg,36.99,28/08/2026,https://scontent-ams2-1.cdninstagram.com/v/t51.82787-15/787853786_18195711469382122_4084613579796731411_n.jpg?stp=dst-jpg_e35_tt6&_nc_cat=101&ig_cache_key=Mzk3MzY3MjU2ODk4MzkzOTE2MQ%3D%3D.3-ccb7-5&ccb=7-5&_nc_sid=58cdad&efg=eyJ2ZW5jb2RlX3RhZyI6IkNBUk9VU0VMX0lURU0ueHBpZHMuMTA4MS5zZHIucmVndWxhcl9waG90by5DMyJ9&_nc_ohc=mrOwFRh3sK8Q7kNvwGuiPxU&_nc_oc=AdocWchk5QRpVZ8dLBXgW047kqu1zOIqox1GJTIk1w9BH6Gir0_2USO05ktxY04PMUA&_nc_ad=z-m&_nc_cid=0&_nc_zt=23&_nc_ht=scontent-ams2-1.cdninstagram.com&_nc_gid=Ch_pIkgnkh3nrU1AQJdMyg&_nc_ss=7a22e&oh=00_AQFkCEs3hpn9RALf_1PUmHbNNicLtXSXUXy77R9obJWZgw&oe=6A97CD87,https://www.instagram.com/p/DclUqI1G7TG/
Machadão Atacadista,Outros,Alicate de Cutícula Tramontina Inox,45.9,25/08/2026,https://scontent-dus1-1.cdninstagram.com/v/t39.30808-6/786543128_1358645369688754_2779017979935584164_n.jpg?stp=dst-jpg_e35_tt6&_nc_cat=101&ig_cache_key=Mzk3MTUyNDg5NTIzNDEwNDA4Mg%3D%3D.3-ccb7-5&ccb=7-5&_nc_sid=58cdad&efg=eyJ2ZW5jb2RlX3RhZyI6IkNBUk9VU0VMX0lURU0ueHBpZHMuMTYzOC5zZHIucmVndWxhcl9waG90by5DMyJ9&_nc_ohc=fkD66OU_vJ8Q7kNvwGVhQFg&_nc_oc=AdqVV41Y6EDPDc8woKC8acJQ50fyLaMqyxqQ6XwSb0QTw7zKiZe9fCHQdh0YmvCey2oCLfsQ1SDBgH5U1MsSEJJc&_nc_ad=z-m&_nc_cid=0&_nc_zt=23&_nc_ht=scontent-dus1-1.cdninstagram.com&_nc_gid=oEBPHF74--AW6nyv447F6g&_nc_ss=7a22e&oh=00_AQF4nQ2o1bdHwhk4KCm8m6hwk4bO-EEhkiU9BWMVDhXWGw&oe=6A97B484,https://www.instagram.com/p/DcdsNxKDBTG/
Machadão Atacadista,Outros,Frigideira Wok Alumínio sem Tampa Tramontina Loreto 28cm,52.9,27/08/2026,https://scontent-ams2-1.cdninstagram.com/v/t39.30808-6/786779086_1360550472831577_8028710268323392841_n.jpg?stp=dst-jpg_e35_tt6&_nc_cat=100&ig_cache_key=Mzk3MzE1NjQ3MjI0MjcxMDI2OQ%3D%3D.3-ccb7-5&ccb=7-5&_nc_sid=58cdad&efg=eyJ2ZW5jb2RlX3RhZyI6IkNBUk9VU0VMX0lURU0ueHBpZHMuMTYzOC5zZHIucmVndWxhcl9waG90by5DMyJ9&_nc_ohc=FB6gMN-plHsQ7kNvwEI_Aau&_nc_oc=Adpk9TuDHJAEt-2DRtSAL4CPHvT-D_aTBGRH_qLtLWrhbouwvsyXh-7V7KsOEMgqKco&_nc_ad=z-m&_nc_cid=0&_nc_zt=23&_nc_ht=scontent-ams2-1.cdninstagram.com&_nc_gid=W_rvWCImryD4RVuLWt4E6A&_nc_ss=7a22e&oh=00_AQHiVY1kVu6um-rBCrL6_AYRPIfY1ELbXFb_x8byXLqb3g&oe=6A97C76F,https://www.instagram.com/p/DcjfMcbkgCV/
Supermercado São Pedro,Outros,Aperol 750ml,56.99,27/08/2026,https://scontent-bos5-1.cdninstagram.com/v/t39.30808-6/788413222_1505168981656218_2918311736305518854_n.jpg?stp=c0.0.1638.2047a_dst-jpg_e35_s1638x2047_tt6&_nc_cat=107&ig_cache_key=Mzk3MzI3Njk2ODIzODI0MjE0OA%3D%3D.3-ccb7-5&ccb=7-5&_nc_sid=58cdad&efg=eyJ2ZW5jb2RlX3RhZyI6IkNBUk9VU0VMX0lURU0ueHBpZHMuMTYzOC5zZHIucmVndWxhcl9waG90by5DMyJ9&_nc_ohc=G9lgZfFlLu0Q7kNvwF_JwlB&_nc_oc=Adq9GwtOFmluK0l6bqtQD3-7JUdW48aHa_sTCsAnFrPTnylb2VgrBqoFFUk8N2umuJc&_nc_ad=z-m&_nc_cid=0&_nc_zt=23&_nc_ht=scontent-bos5-1.cdninstagram.com&_nc_gid=tefus2BYMonKcSKoKgJN5Q&_nc_ss=7a22e&oh=00_AQF_adVKWUB6yUSzhjAFyPiJHdJ3qkmFIpb3HWhALtZ2Rw&oe=6A97B160,https://www.instagram.com/p/Dcj6lyLlKpL/
Bom Jesus Primavera do Leste 🛒,Padaria / Congelados,Pão de Queijo Cuiabá 1kg,9.99,26/08/2026,https://instagram.fktw1-1.fna.fbcdn.net/v/t51.82787-15/786656678_18374533654237813_1357775697752571265_n.jpg?stp=dst-jpg_e35_tt6&_nc_cat=102&ig_cache_key=Mzk3MjE2ODE2MTUzODk3MjI2NA%3D%3D.3-ccb7-5&ccb=7-5&_nc_sid=58cdad&efg=eyJ2ZW5jb2RlX3RhZyI6IkNBUk9VU0VMX0lURU0ueHBpZHMuMTA4MC5zZHIucmVndWxhcl9waG90by5DMyJ9&_nc_ohc=E3K-BzvU7NkQ7kNvwFPD8M5&_nc_oc=AdpseN54VqnZluFjH3qZ3rqjr8o1Hw7zh3OQ3cCkAXd_RWyrjKvomWBm06_Oo4KrtaQ&_nc_ad=z-m&_nc_cid=0&_nc_zt=23&_nc_ht=instagram.fktw1-1.fna&_nc_gid=PKeWG31E_OO96xbNbCbRww&_nc_ss=7a22e&oh=00_AQETuNAiKLK4FGxp6nx1-cMLS1tROLflzjRGHMmrNTfC9A&oe=6A97B825,https://www.instagram.com/p/Dcf-fgoloPJ/
Supermercado São Pedro,Padaria / Congelados,Pão de Queijo Cuiabá 1kg,11.99,28/08/2026,https://scontent-ams2-1.cdninstagram.com/v/t51.82787-15/785599572_18195711460382122_5575322653184498920_n.jpg?stp=dst-jpg_e35_tt6&_nc_cat=109&ig_cache_key=Mzk3MzY3MjU2OTQ3ODkxNjI0Mw%3D%3D.3-ccb7-5&ccb=7-5&_nc_sid=58cdad&efg=eyJ2ZW5jb2RlX3RhZyI6IkNBUk9VU0VMX0lURU0ueHBpZHMuMTA4MS5zZHIucmVndWxhcl9waG90by5DMyJ9&_nc_ohc=YlNv7Hxcm4EQ7kNvwGx0pvY&_nc_oc=AdoNo6jjN9Aczf5Z8_cThIpbEt2ZDwe1YcQr7tZJtAOVSaVTC6gxm5Ibv5Ll5A3z-AE&_nc_ad=z-m&_nc_cid=0&_nc_zt=23&_nc_ht=scontent-ams2-1.cdninstagram.com&_nc_gid=Ch_pIkgnkh3nrU1AQJdMyg&_nc_ss=7a22e&oh=00_AQGXyVQwL6jgmiS_0oeTZz_hiLb7FmTqsSvsVWsYZAMQcg&oe=6A97B292,https://www.instagram.com/p/DclUqI1G7TG/
Supermercado Tuiuiú,Padaria / Congelados,Pão de Queijo kg,18.99,26/08/2026,https://instagram.fbfh3-3.fna.fbcdn.net/v/t51.82787-15/786213187_18581670739067900_7614859529006382993_n.jpg?stp=dst-jpg_e35_tt6&_nc_cat=105&ig_cache_key=Mzk3MjU4MDUwMTEzMDg5NTg1Ng%3D%3D.3-ccb7-5&ccb=7-5&_nc_sid=58cdad&efg=eyJ2ZW5jb2RlX3RhZyI6IkNBUk9VU0VMX0lURU0ueHBpZHMuMTA4MC5zZHIucmVndWxhcl9waG90by5DMyJ9&_nc_ohc=FUxa-pkhp30Q7kNvwFboBxx&_nc_oc=AdrdPmwYkIdxugjAF4fRL9r4UGVTOpjGSkUOEdAU1t5Oo3xndNO8NxT5cLPhdG2qyec&_nc_ad=z-m&_nc_cid=0&_nc_zt=23&_nc_ht=instagram.fbfh3-3.fna&_nc_gid=2X_YrJQXGUE-xy0wvXJaew&_nc_ss=7a22e&oh=00_AQGIkcOFnuo_aKcrbniilp1lQXQOtK-0t77BIjYgYxXyNQ&oe=6A97D3EB,https://www.instagram.com/p/DchcQH5DdVj/
Super Compras Supermercado,Padaria / Congelados,Pão de Queijo kg,19.99,27/08/2026,https://instagram.fblq4-1.fna.fbcdn.net/v/t51.82787-15/788172202_18192669184391764_5816935157600731829_n.jpg?stp=dst-jpg_e35_tt6&_nc_cat=102&ig_cache_key=Mzk3MjU2Mjg0NTk4OTQwNjA0Mw%3D%3D.3-ccb7-5&ccb=7-5&_nc_sid=58cdad&efg=eyJ2ZW5jb2RlX3RhZyI6IkZFRUQueHBpZHMuMTQ0MC5zZHIucmVndWxhcl9waG90by5DMyJ9&_nc_ohc=LRlDAksdQ-AQ7kNvwH5A0p9&_nc_oc=AdpLU-hFXp99iVl4paH_lhV01ASOYInyZ1bj52QO6ruRQ7Mn_SdpUoTjTXcGx6ov0Q4&_nc_ad=z-m&_nc_cid=1093&_nc_zt=23&_nc_ht=instagram.fblq4-1.fna&_nc_gid=a_sG6VtFpGKB5iM0z0UKjg&_nc_ss=7a22e&oh=00_AQGNjb1_ysBtXgfBVfmo3P9bZ9DRLY-m9edcQGHgOI2OJA&oe=6A97C428,https://www.instagram.com/p/DchYNxjHQVb/
Supermercado Tuiuiú,Padaria / Pães,Pão de Alho Bello 300g,9.99,28/08/2026,https://scontent-man2-1.cdninstagram.com/v/t39.30808-6/788141803_1720016743465477_9146230528598203595_n.jpg?stp=dst-jpg_e35_tt6&_nc_cat=108&ig_cache_key=Mzk3MzM0Mjg3ODE5NDkyODIxMw%3D%3D.3-ccb7-5&ccb=7-5&_nc_sid=58cdad&efg=eyJ2ZW5jb2RlX3RhZyI6IkNBUk9VU0VMX0lURU0ueHBpZHMuMTI1NC5zZHIucmVndWxhcl9waG90by5DMyJ9&_nc_ohc=zal2Q-KNBSMQ7kNvwHPjmHr&_nc_oc=AdqbcNw8SJgkOLjv1S7OR3EO3j7y30zWKGkWsahq3R8bq5H_zt52u3sZtfAXG8TZgRQ&_nc_ad=z-m&_nc_cid=0&_nc_zt=23&_nc_ht=scontent-man2-1.cdninstagram.com&_nc_gid=Oh1mrcvHg1sPnWTYozeyJw&_nc_ss=7a22e&oh=00_AQEr-SUAeVtvw-YnVKjGXDiWw84vTzRbtyyL_ngY1HNfgg&oe=6A97C1F6,https://www.instagram.com/p/DckJlYyI3Tu/
Supermercado Tuiuiú,Padaria / Pães,Pão Francês kg,9.99,26/08/2026,https://instagram.fbfh3-3.fna.fbcdn.net/v/t51.82787-15/786213187_18581670739067900_7614859529006382993_n.jpg?stp=dst-jpg_e35_tt6&_nc_cat=105&ig_cache_key=Mzk3MjU4MDUwMTEzMDg5NTg1Ng%3D%3D.3-ccb7-5&ccb=7-5&_nc_sid=58cdad&efg=eyJ2ZW5jb2RlX3RhZyI6IkNBUk9VU0VMX0lURU0ueHBpZHMuMTA4MC5zZHIucmVndWxhcl9waG90by5DMyJ9&_nc_ohc=FUxa-pkhp30Q7kNvwFboBxx&_nc_oc=AdrdPmwYkIdxugjAF4fRL9r4UGVTOpjGSkUOEdAU1t5Oo3xndNO8NxT5cLPhdG2qyec&_nc_ad=z-m&_nc_cid=0&_nc_zt=23&_nc_ht=instagram.fbfh3-3.fna&_nc_gid=2X_YrJQXGUE-xy0wvXJaew&_nc_ss=7a22e&oh=00_AQGIkcOFnuo_aKcrbniilp1lQXQOtK-0t77BIjYgYxXyNQ&oe=6A97D3EB,https://www.instagram.com/p/DchcQH5DdVj/
Supermercado São Pedro,Padaria / Pães,Pão de Alho Zinho 300g,12.99,28/08/2026,https://scontent-ams2-1.cdninstagram.com/v/t51.82787-15/785599572_18195711460382122_5575322653184498920_n.jpg?stp=dst-jpg_e35_tt6&_nc_cat=109&ig_cache_key=Mzk3MzY3MjU2OTQ3ODkxNjI0Mw%3D%3D.3-ccb7-5&ccb=7-5&_nc_sid=58cdad&efg=eyJ2ZW5jb2RlX3RhZyI6IkNBUk9VU0VMX0lURU0ueHBpZHMuMTA4MS5zZHIucmVndWxhcl9waG90by5DMyJ9&_nc_ohc=YlNv7Hxcm4EQ7kNvwGx0pvY&_nc_oc=AdoNo6jjN9Aczf5Z8_cThIpbEt2ZDwe1YcQr7tZJtAOVSaVTC6gxm5Ibv5Ll5A3z-AE&_nc_ad=z-m&_nc_cid=0&_nc_zt=23&_nc_ht=scontent-ams2-1.cdninstagram.com&_nc_gid=Ch_pIkgnkh3nrU1AQJdMyg&_nc_ss=7a22e&oh=00_AQGXyVQwL6jgmiS_0oeTZz_hiLb7FmTqsSvsVWsYZAMQcg&oe=6A97B292,https://www.instagram.com/p/DclUqI1G7TG/
Machadão Atacadista,Padaria / Pães,Faca Para Pão Inox Tramontina Plenus 7,15.9,27/08/2026,https://scontent-ams2-1.cdninstagram.com/v/t39.30808-6/786779086_1360550472831577_8028710268323392841_n.jpg?stp=dst-jpg_e35_tt6&_nc_cat=100&ig_cache_key=Mzk3MzE1NjQ3MjI0MjcxMDI2OQ%3D%3D.3-ccb7-5&ccb=7-5&_nc_sid=58cdad&efg=eyJ2ZW5jb2RlX3RhZyI6IkNBUk9VU0VMX0lURU0ueHBpZHMuMTYzOC5zZHIucmVndWxhcl9waG90by5DMyJ9&_nc_ohc=FB6gMN-plHsQ7kNvwEI_Aau&_nc_oc=Adpk9TuDHJAEt-2DRtSAL4CPHvT-D_aTBGRH_qLtLWrhbouwvsyXh-7V7KsOEMgqKco&_nc_ad=z-m&_nc_cid=0&_nc_zt=23&_nc_ht=scontent-ams2-1.cdninstagram.com&_nc_gid=W_rvWCImryD4RVuLWt4E6A&_nc_ss=7a22e&oh=00_AQHiVY1kVu6um-rBCrL6_AYRPIfY1ELbXFb_x8byXLqb3g&oe=6A97C76F,https://www.instagram.com/p/DcjfMcbkgCV/
Machadão Atacadista,Pet Shop,Palito Espeto de Bambu Theoto 30cm,3.99,27/08/2026,https://scontent-ams2-1.cdninstagram.com/v/t39.30808-6/786779086_1360550472831577_8028710268323392841_n.jpg?stp=dst-jpg_e35_tt6&_nc_cat=100&ig_cache_key=Mzk3MzE1NjQ3MjI0MjcxMDI2OQ%3D%3D.3-ccb7-5&ccb=7-5&_nc_sid=58cdad&efg=eyJ2ZW5jb2RlX3RhZyI6IkNBUk9VU0VMX0lURU0ueHBpZHMuMTYzOC5zZHIucmVndWxhcl9waG90by5DMyJ9&_nc_ohc=FB6gMN-plHsQ7kNvwEI_Aau&_nc_oc=Adpk9TuDHJAEt-2DRtSAL4CPHvT-D_aTBGRH_qLtLWrhbouwvsyXh-7V7KsOEMgqKco&_nc_ad=z-m&_nc_cid=0&_nc_zt=23&_nc_ht=scontent-ams2-1.cdninstagram.com&_nc_gid=W_rvWCImryD4RVuLWt4E6A&_nc_ss=7a22e&oh=00_AQHiVY1kVu6um-rBCrL6_AYRPIfY1ELbXFb_x8byXLqb3g&oe=6A97C76F,https://www.instagram.com/p/DcjfMcbkgCV/
Super Compras Supermercado,Pet Shop,Coração Bovino kg,6.99,27/08/2026,https://instagram.fblq4-1.fna.fbcdn.net/v/t51.82787-15/788172202_18192669184391764_5816935157600731829_n.jpg?stp=dst-jpg_e35_tt6&_nc_cat=102&ig_cache_key=Mzk3MjU2Mjg0NTk4OTQwNjA0Mw%3D%3D.3-ccb7-5&ccb=7-5&_nc_sid=58cdad&efg=eyJ2ZW5jb2RlX3RhZyI6IkZFRUQueHBpZHMuMTQ0MC5zZHIucmVndWxhcl9waG90by5DMyJ9&_nc_ohc=LRlDAksdQ-AQ7kNvwH5A0p9&_nc_oc=AdpLU-hFXp99iVl4paH_lhV01ASOYInyZ1bj52QO6ruRQ7Mn_SdpUoTjTXcGx6ov0Q4&_nc_ad=z-m&_nc_cid=1093&_nc_zt=23&_nc_ht=instagram.fblq4-1.fna&_nc_gid=a_sG6VtFpGKB5iM0z0UKjg&_nc_ss=7a22e&oh=00_AQGNjb1_ysBtXgfBVfmo3P9bZ9DRLY-m9edcQGHgOI2OJA&oe=6A97C428,https://www.instagram.com/p/DchYNxjHQVb/
Machadão Atacadista,Pet Shop,Ração Para Cães Filhotes Bob Dog Gold Premium 15kg,144.9,27/08/2026,https://scontent-ams2-1.cdninstagram.com/v/t39.30808-6/786779086_1360550472831577_8028710268323392841_n.jpg?stp=dst-jpg_e35_tt6&_nc_cat=100&ig_cache_key=Mzk3MzE1NjQ3MjI0MjcxMDI2OQ%3D%3D.3-ccb7-5&ccb=7-5&_nc_sid=58cdad&efg=eyJ2ZW5jb2RlX3RhZyI6IkNBUk9VU0VMX0lURU0ueHBpZHMuMTYzOC5zZHIucmVndWxhcl9waG90by5DMyJ9&_nc_ohc=FB6gMN-plHsQ7kNvwEI_Aau&_nc_oc=Adpk9TuDHJAEt-2DRtSAL4CPHvT-D_aTBGRH_qLtLWrhbouwvsyXh-7V7KsOEMgqKco&_nc_ad=z-m&_nc_cid=0&_nc_zt=23&_nc_ht=scontent-ams2-1.cdninstagram.com&_nc_gid=W_rvWCImryD4RVuLWt4E6A&_nc_ss=7a22e&oh=00_AQHiVY1kVu6um-rBCrL6_AYRPIfY1ELbXFb_x8byXLqb3g&oe=6A97C76F,https://www.instagram.com/p/DcjfMcbkgCV/
