supermercado,categoria,item,valor,data_postagem,link,post_url
Supermercado Bianchi,Bazar / Eletro,Pote de Vidro Nadir 2L,14.99,21/08/2026,https://instagram.fjal2-1.fna.fbcdn.net/v/t39.30808-6/782170702_1657849206345477_5831566733473110975_n.jpg?stp=dst-jpg_e35_tt6&_nc_cat=100&ig_cache_key=Mzk2ODk0NTQxMzExMjgxNzUxNQ%3D%3D.3-ccb7-5&ccb=7-5&_nc_sid=58cdad&efg=eyJ2ZW5jb2RlX3RhZyI6IkNBUk9VU0VMX0lURU0ueHBpZHMuMTYzOC5zZHIucmVndWxhcl9waG90by5DMyJ9&_nc_ohc=nPR0J7MpbqkQ7kNvwGTufPc&_nc_oc=AdrAnofScMGb7JEy3acLCjyQ8V_EYDdJrcrNUmu0PZ-Jzn2cfdSSNstL_TJXGBzUoA6T3OKZFwcdPAs4-xwl7CKu&_nc_zt=23&_nc_ht=instagram.fjal2-1.fna&_nc_gid=NvcNX2IA17yahy36SxQO3g&_nc_ss=72a8c&oh=00_AQEnMbAF_4-1Bgtm-jMT5QqOJC0j1s5xGTZsLfyRKtQHzA&oe=6A932677,https://www.instagram.com/p/DcUhthogY_o/
DIÁRIO MT | Marketing e informação,Bazar / Eletro,Pote de Vidro com Tampa Marinex,27.9,24/08/2026,https://scontent-dfw5-2.cdninstagram.com/v/t51.82787-15/784426430_18112754675080502_5523164937015931681_n.jpg?stp=dst-jpg_e15_tt6&_nc_cat=100&ig_cache_key=Mzk3MTAyNzkwODk4MjQxNTExMzE4MTEyNzU0NjY5MDgwNTAy.3-ccb7-5&ccb=7-5&_nc_sid=58cdad&efg=eyJ2ZW5jb2RlX3RhZyI6IkNMSVBTLnhwaWRzLjcyMC5zZHIudmlkZW9fZGVmYXVsdF9jb3Zlcl9mcmFtZS5DMyJ9&_nc_ohc=T8Y6S1wr0AwQ7kNvwHQc8Ye&_nc_oc=Ado8EycmAQ1U-Urs2_sx1VnHYEa4Iex9rT4l_KPc8ieWsL4uEFyjtPe-uJL-d26-tE0&_nc_zt=23&_nc_ht=scontent-dfw5-2.cdninstagram.com&_nc_gid=PGGdYKuq5oelhYx2ry7SYw&_nc_ss=72a8c&oh=00_AQHNOAPsoKKsSaFCCzInedi6I43EVlVEo-OtzB5T87T0lQ&oe=6A93516B,https://www.instagram.com/p/Dcb7NgEDx8J/
DIÁRIO MT | Marketing e informação,Bazar / Eletro,Pote de Vidro com Tampa Marinex,28.9,24/08/2026,https://scontent-dfw5-2.cdninstagram.com/v/t51.82787-15/784426430_18112754675080502_5523164937015931681_n.jpg?stp=dst-jpg_e15_tt6&_nc_cat=100&ig_cache_key=Mzk3MTAyNzkwODk4MjQxNTExMzE4MTEyNzU0NjY5MDgwNTAy.3-ccb7-5&ccb=7-5&_nc_sid=58cdad&efg=eyJ2ZW5jb2RlX3RhZyI6IkNMSVBTLnhwaWRzLjcyMC5zZHIudmlkZW9fZGVmYXVsdF9jb3Zlcl9mcmFtZS5DMyJ9&_nc_ohc=T8Y6S1wr0AwQ7kNvwHQc8Ye&_nc_oc=Ado8EycmAQ1U-Urs2_sx1VnHYEa4Iex9rT4l_KPc8ieWsL4uEFyjtPe-uJL-d26-tE0&_nc_zt=23&_nc_ht=scontent-dfw5-2.cdninstagram.com&_nc_gid=PGGdYKuq5oelhYx2ry7SYw&_nc_ss=72a8c&oh=00_AQHNOAPsoKKsSaFCCzInedi6I43EVlVEo-OtzB5T87T0lQ&oe=6A93516B,https://www.instagram.com/p/Dcb7NgEDx8J/
DIÁRIO MT | Marketing e informação,Bazar / Eletro,Pote de Vidro com Tampa Marinex,38.9,24/08/2026,https://scontent-dfw5-2.cdninstagram.com/v/t51.82787-15/784426430_18112754675080502_5523164937015931681_n.jpg?stp=dst-jpg_e15_tt6&_nc_cat=100&ig_cache_key=Mzk3MTAyNzkwODk4MjQxNTExMzE4MTEyNzU0NjY5MDgwNTAy.3-ccb7-5&ccb=7-5&_nc_sid=58cdad&efg=eyJ2ZW5jb2RlX3RhZyI6IkNMSVBTLnhwaWRzLjcyMC5zZHIudmlkZW9fZGVmYXVsdF9jb3Zlcl9mcmFtZS5DMyJ9&_nc_ohc=T8Y6S1wr0AwQ7kNvwHQc8Ye&_nc_oc=Ado8EycmAQ1U-Urs2_sx1VnHYEa4Iex9rT4l_KPc8ieWsL4uEFyjtPe-uJL-d26-tE0&_nc_zt=23&_nc_ht=scontent-dfw5-2.cdninstagram.com&_nc_gid=PGGdYKuq5oelhYx2ry7SYw&_nc_ss=72a8c&oh=00_AQHNOAPsoKKsSaFCCzInedi6I43EVlVEo-OtzB5T87T0lQ&oe=6A93516B,https://www.instagram.com/p/Dcb7NgEDx8J/
Supermercado Bianchi,Bazar / Eletro,Ventilador Mondial Super Power 40cm,159.9,21/08/2026,https://instagram.fjal2-1.fna.fbcdn.net/v/t39.30808-6/782170702_1657849206345477_5831566733473110975_n.jpg?stp=dst-jpg_e35_tt6&_nc_cat=100&ig_cache_key=Mzk2ODk0NTQxMzExMjgxNzUxNQ%3D%3D.3-ccb7-5&ccb=7-5&_nc_sid=58cdad&efg=eyJ2ZW5jb2RlX3RhZyI6IkNBUk9VU0VMX0lURU0ueHBpZHMuMTYzOC5zZHIucmVndWxhcl9waG90by5DMyJ9&_nc_ohc=nPR0J7MpbqkQ7kNvwGTufPc&_nc_oc=AdrAnofScMGb7JEy3acLCjyQ8V_EYDdJrcrNUmu0PZ-Jzn2cfdSSNstL_TJXGBzUoA6T3OKZFwcdPAs4-xwl7CKu&_nc_zt=23&_nc_ht=instagram.fjal2-1.fna&_nc_gid=NvcNX2IA17yahy36SxQO3g&_nc_ss=72a8c&oh=00_AQEnMbAF_4-1Bgtm-jMT5QqOJC0j1s5xGTZsLfyRKtQHzA&oe=6A932677,https://www.instagram.com/p/DcUhthogY_o/
DIÁRIO MT | Marketing e informação,Bazar / Eletro,Panela de Pressão Elétrica Philco,359.9,24/08/2026,https://scontent-dfw5-2.cdninstagram.com/v/t51.82787-15/784426430_18112754675080502_5523164937015931681_n.jpg?stp=dst-jpg_e15_tt6&_nc_cat=100&ig_cache_key=Mzk3MTAyNzkwODk4MjQxNTExMzE4MTEyNzU0NjY5MDgwNTAy.3-ccb7-5&ccb=7-5&_nc_sid=58cdad&efg=eyJ2ZW5jb2RlX3RhZyI6IkNMSVBTLnhwaWRzLjcyMC5zZHIudmlkZW9fZGVmYXVsdF9jb3Zlcl9mcmFtZS5DMyJ9&_nc_ohc=T8Y6S1wr0AwQ7kNvwHQc8Ye&_nc_oc=Ado8EycmAQ1U-Urs2_sx1VnHYEa4Iex9rT4l_KPc8ieWsL4uEFyjtPe-uJL-d26-tE0&_nc_zt=23&_nc_ht=scontent-dfw5-2.cdninstagram.com&_nc_gid=PGGdYKuq5oelhYx2ry7SYw&_nc_ss=72a8c&oh=00_AQHNOAPsoKKsSaFCCzInedi6I43EVlVEo-OtzB5T87T0lQ&oe=6A93516B,https://www.instagram.com/p/Dcb7NgEDx8J/
Machadão Atacadista,Bebidas / Alcoólicos Diversos,Copo Whisky Nadir 265ml,3.9,23/08/2026,https://scontent-ams2-1.cdninstagram.com/v/t39.30808-6/778958180_1356238129929478_2325913015574542258_n.jpg?stp=dst-jpg_e35_tt6&_nc_cat=102&ig_cache_key=Mzk3MDQwNjA2NTc0MDI2MDU2NA%3D%3D.3-ccb7-5&ccb=7-5&_nc_sid=58cdad&efg=eyJ2ZW5jb2RlX3RhZyI6IkNBUk9VU0VMX0lURU0ueHBpZHMuMTQ0MC5zZHIucmVndWxhcl9waG90by5DMyJ9&_nc_ohc=hBCZnXY1qCMQ7kNvwHL9VCC&_nc_oc=AdocL0KQ0VGSo2iKnroW8_qxt9uwyHILBbGWdHcP70OcG5i1UEeVQKocB0T-VxGc78k&_nc_zt=23&_nc_ht=scontent-ams2-1.cdninstagram.com&_nc_gid=Apty3V3QNLt-BStPKMQfeQ&_nc_ss=72a8c&oh=00_AQHlfE_YXkkSwjb5urycrl-kwe6CuWlAIofJZklMTFsGRQ&oe=6A933F4A,https://www.instagram.com/p/DcZt02IgXYs/
Machadão Atacadista,Bebidas / Alcoólicos Diversos,Copo Nadir Whisky Bar 265ml,3.9,23/08/2026,https://scontent-ams2-1.cdninstagram.com/v/t39.30808-6/780104401_1356238156596142_1480217435166211985_n.jpg?stp=dst-jpg_e35_tt6&_nc_cat=105&ig_cache_key=Mzk3MDQwNjA2NDA5NjEwMTQ1NQ%3D%3D.3-ccb7-5&ccb=7-5&_nc_sid=58cdad&efg=eyJ2ZW5jb2RlX3RhZyI6IkNBUk9VU0VMX0lURU0ueHBpZHMuMTQ0MC5zZHIucmVndWxhcl9waG90by5DMyJ9&_nc_ohc=lTNObl1cFPcQ7kNvwGDumda&_nc_oc=Ado0Pe3hxU04Vo50Xwn-SqT2I1wl4JLN9Jjbt2J0rXmXn8eG8fTpTj3Dm6-HqrSQ3gM&_nc_zt=23&_nc_ht=scontent-ams2-1.cdninstagram.com&_nc_gid=Apty3V3QNLt-BStPKMQfeQ&_nc_ss=72a8c&oh=00_AQEvt8i4zzPkYD0QkXeciOypu02JUHhqKfPT0aYMmKqEQQ&oe=6A934FD4,https://www.instagram.com/p/DcZt02IgXYs/
Machadão Atacadista,Bebidas / Alcoólicos Diversos,Ervilha em Conserva Fugini 1.7kg,19.9,23/08/2026,https://scontent-ams2-1.cdninstagram.com/v/t39.30808-6/778972569_1356238123262812_5423956361795803380_n.jpg?stp=dst-jpg_e35_tt6&_nc_cat=106&ig_cache_key=Mzk3MDQwNjA2NTUzMDUzODgyNA%3D%3D.3-ccb7-5&ccb=7-5&_nc_sid=58cdad&efg=eyJ2ZW5jb2RlX3RhZyI6IkNBUk9VU0VMX0lURU0ueHBpZHMuMTQ0MC5zZHIucmVndWxhcl9waG90by5DMyJ9&_nc_ohc=fuwsMgP1G_oQ7kNvwETUbPu&_nc_oc=AdptkZCIr-pIpFs6tqtv1yGIDpDxpxwr3alkyjhjinJWUUPQUVrIonONim23wKfDdM0&_nc_zt=23&_nc_ht=scontent-ams2-1.cdninstagram.com&_nc_gid=Apty3V3QNLt-BStPKMQfeQ&_nc_ss=72a8c&oh=00_AQFs0fvfaCYeeRwNxKxhEWZKHM8NVKmXN8OOymE5NDcZvQ&oe=6A935480,https://www.instagram.com/p/DcZt02IgXYs/
Machadão Atacadista,Bebidas / Alcoólicos Diversos,Ervilha em Conserva Fugini 1.7kg,19.9,23/08/2026,https://scontent-ams2-1.cdninstagram.com/v/t39.30808-6/779292108_1356238126596145_5610087643213965884_n.jpg?stp=dst-jpg_e35_tt6&_nc_cat=109&ig_cache_key=Mzk3MDQwNjA2MzY4NTA0NzI1Ng%3D%3D.3-ccb7-5&ccb=7-5&_nc_sid=58cdad&efg=eyJ2ZW5jb2RlX3RhZyI6IkNBUk9VU0VMX0lURU0ueHBpZHMuMTQ0MC5zZHIucmVndWxhcl9waG90by5DMyJ9&_nc_ohc=YHirvlqGkpEQ7kNvwFc7wcv&_nc_oc=AdqOTkrpFdLEOWnuPszaA_-1KEzuIU51ndnQCy5Gu6aqQhHHhUK82tZPN0Nn3sl1RLo&_nc_zt=23&_nc_ht=scontent-ams2-1.cdninstagram.com&_nc_gid=Apty3V3QNLt-BStPKMQfeQ&_nc_ss=72a8c&oh=00_AQFO5gdPyL9ZA8kt8qWrOPGHEwyXldA9xRPRQOaKZHvVOg&oe=6A9326BE,https://www.instagram.com/p/DcZt02IgXYs/
Supermercado Bianchi,Bebidas / Alcoólicos Diversos,Vinho Português Casal Garcia 750ml,69.99,21/08/2026,https://instagram.fjal2-1.fna.fbcdn.net/v/t39.30808-6/782170702_1657849206345477_5831566733473110975_n.jpg?stp=dst-jpg_e35_tt6&_nc_cat=100&ig_cache_key=Mzk2ODk0NTQxMzExMjgxNzUxNQ%3D%3D.3-ccb7-5&ccb=7-5&_nc_sid=58cdad&efg=eyJ2ZW5jb2RlX3RhZyI6IkNBUk9VU0VMX0lURU0ueHBpZHMuMTYzOC5zZHIucmVndWxhcl9waG90by5DMyJ9&_nc_ohc=nPR0J7MpbqkQ7kNvwGTufPc&_nc_oc=AdrAnofScMGb7JEy3acLCjyQ8V_EYDdJrcrNUmu0PZ-Jzn2cfdSSNstL_TJXGBzUoA6T3OKZFwcdPAs4-xwl7CKu&_nc_zt=23&_nc_ht=instagram.fjal2-1.fna&_nc_gid=NvcNX2IA17yahy36SxQO3g&_nc_ss=72a8c&oh=00_AQEnMbAF_4-1Bgtm-jMT5QqOJC0j1s5xGTZsLfyRKtQHzA&oe=6A932677,https://www.instagram.com/p/DcUhthogY_o/
Bom Jesus Primavera do Leste 🛒,Bebidas / Alcoólicos Diversos,Whisky White Horse 1L,84.9,21/08/2026,https://scontent-icn2-1.cdninstagram.com/v/t51.82787-15/779844446_18373759273237813_717042095228036520_n.jpg?stp=dst-jpg_e35_tt6&_nc_cat=101&ig_cache_key=Mzk2ODYwMzg2MjA2MzE4NjIyMQ%3D%3D.3-ccb7-5&ccb=7-5&_nc_sid=58cdad&efg=eyJ2ZW5jb2RlX3RhZyI6IkNBUk9VU0VMX0lURU0ueHBpZHMuMTA4MC5zZHIucmVndWxhcl9waG90by5DMyJ9&_nc_ohc=m8__0j7aHxEQ7kNvwHKRG_v&_nc_oc=AdqHVv_gNO3gdGsw5CmHS3rMjWdD8zLkLs5OZklvJHeD7Ntv9Lbw_rWNmhjjszd5fpM&_nc_zt=23&_nc_ht=scontent-icn2-1.cdninstagram.com&_nc_gid=mgYzv2qK_1weCrj6V3YCEQ&_nc_ss=7c689&oh=00_AQHM_Bw-Hwb2wJshLDBIXCYdSPckqlREnCJDyc5n0eCtkQ&oe=6A9357F0,https://www.instagram.com/p/DcTUD7jlm8n/
Super Compras Supermercado,Bebidas / Cervejas,Cerveja Skol 300ml,2.49,21/08/2026,https://instagram.fgig29-1.fna.fbcdn.net/v/t51.82787-15/780140079_18192045034391764_7683991793781918786_n.jpg?stp=dst-jpg_e35_tt6&_nc_cat=103&ig_cache_key=Mzk2ODIxODA0ODc2ODI1MjE2NA%3D%3D.3-ccb7-5&ccb=7-5&_nc_sid=58cdad&efg=eyJ2ZW5jb2RlX3RhZyI6IkZFRUQueHBpZHMuMTQ0MC5zZHIucmVndWxhcl9waG90by5DMyJ9&_nc_ohc=Su6wo4o_AAEQ7kNvwEhIKwv&_nc_oc=Adop14jhGwGsK-bp6D3YEHQJ6HwDHtBtexHXhw6HYKAJYDmwZZmTrajCg4EMgL1O7-8&_nc_zt=23&_nc_ht=instagram.fgig29-1.fna&_nc_gid=Ta7xc8L_GEbjc0S-7rvaLA&_nc_ss=72289&oh=00_AQF3vMlvNFUTXZgHuAOtRk290jCsXzLDpnshBiUayp-88Q&oe=6A9356AE,https://www.instagram.com/p/DcR8Up0IBkE/
Super Compras Supermercado,Bebidas / Cervejas,Cerveja Antarctica 300ml,2.49,21/08/2026,https://instagram.fgig29-1.fna.fbcdn.net/v/t51.82787-15/780140079_18192045034391764_7683991793781918786_n.jpg?stp=dst-jpg_e35_tt6&_nc_cat=103&ig_cache_key=Mzk2ODIxODA0ODc2ODI1MjE2NA%3D%3D.3-ccb7-5&ccb=7-5&_nc_sid=58cdad&efg=eyJ2ZW5jb2RlX3RhZyI6IkZFRUQueHBpZHMuMTQ0MC5zZHIucmVndWxhcl9waG90by5DMyJ9&_nc_ohc=Su6wo4o_AAEQ7kNvwEhIKwv&_nc_oc=Adop14jhGwGsK-bp6D3YEHQJ6HwDHtBtexHXhw6HYKAJYDmwZZmTrajCg4EMgL1O7-8&_nc_zt=23&_nc_ht=instagram.fgig29-1.fna&_nc_gid=Ta7xc8L_GEbjc0S-7rvaLA&_nc_ss=72289&oh=00_AQF3vMlvNFUTXZgHuAOtRk290jCsXzLDpnshBiUayp-88Q&oe=6A9356AE,https://www.instagram.com/p/DcR8Up0IBkE/
Super Compras Supermercado,Bebidas / Cervejas,Cerveja Skol 300ml,2.49,22/08/2026,https://scontent-nrt1-1.cdninstagram.com/v/t51.82787-15/781425562_18192143110391764_1116124836587707156_n.jpg?stp=dst-jpg_e35_tt6&_nc_cat=103&ig_cache_key=Mzk2ODk1MTQ4MDU4NDU2NzM5OQ%3D%3D.3-ccb7-5&ccb=7-5&_nc_sid=58cdad&efg=eyJ2ZW5jb2RlX3RhZyI6IkZFRUQueHBpZHMuMTQ0MC5zZHIucmVndWxhcl9waG90by5DMyJ9&_nc_ohc=FnigSYXdvhUQ7kNvwGRkcAG&_nc_oc=AdonCCxXHqGTg_PWXyB1JgNdcqEH_vwJJWL680R28EmNOK2bM5C2WZM7cy119AH_gLdlXnMljHveyI95cRbzLUPs&_nc_zt=23&_nc_ht=scontent-nrt1-1.cdninstagram.com&_nc_gid=Zy6soJZ4nQgZ51IpDvUjQQ&_nc_ss=72689&oh=00_AQE0ZBvL8gk1k0OD2tKfuVSe0Dd82iIDS1jZDljIS0bHaQ&oe=6A932EE0,https://www.instagram.com/p/DcUjFfbAPpn/
Super Compras Supermercado,Bebidas / Cervejas,Cerveja Antarctica 300ml,2.49,22/08/2026,https://scontent-nrt1-1.cdninstagram.com/v/t51.82787-15/781425562_18192143110391764_1116124836587707156_n.jpg?stp=dst-jpg_e35_tt6&_nc_cat=103&ig_cache_key=Mzk2ODk1MTQ4MDU4NDU2NzM5OQ%3D%3D.3-ccb7-5&ccb=7-5&_nc_sid=58cdad&efg=eyJ2ZW5jb2RlX3RhZyI6IkZFRUQueHBpZHMuMTQ0MC5zZHIucmVndWxhcl9waG90by5DMyJ9&_nc_ohc=FnigSYXdvhUQ7kNvwGRkcAG&_nc_oc=AdonCCxXHqGTg_PWXyB1JgNdcqEH_vwJJWL680R28EmNOK2bM5C2WZM7cy119AH_gLdlXnMljHveyI95cRbzLUPs&_nc_zt=23&_nc_ht=scontent-nrt1-1.cdninstagram.com&_nc_gid=Zy6soJZ4nQgZ51IpDvUjQQ&_nc_ss=72689&oh=00_AQE0ZBvL8gk1k0OD2tKfuVSe0Dd82iIDS1jZDljIS0bHaQ&oe=6A932EE0,https://www.instagram.com/p/DcUjFfbAPpn/
Super Compras Supermercado,Bebidas / Cervejas,Cerveja Original 300ml,2.69,21/08/2026,https://instagram.fgig29-1.fna.fbcdn.net/v/t51.82787-15/780140079_18192045034391764_7683991793781918786_n.jpg?stp=dst-jpg_e35_tt6&_nc_cat=103&ig_cache_key=Mzk2ODIxODA0ODc2ODI1MjE2NA%3D%3D.3-ccb7-5&ccb=7-5&_nc_sid=58cdad&efg=eyJ2ZW5jb2RlX3RhZyI6IkZFRUQueHBpZHMuMTQ0MC5zZHIucmVndWxhcl9waG90by5DMyJ9&_nc_ohc=Su6wo4o_AAEQ7kNvwEhIKwv&_nc_oc=Adop14jhGwGsK-bp6D3YEHQJ6HwDHtBtexHXhw6HYKAJYDmwZZmTrajCg4EMgL1O7-8&_nc_zt=23&_nc_ht=instagram.fgig29-1.fna&_nc_gid=Ta7xc8L_GEbjc0S-7rvaLA&_nc_ss=72289&oh=00_AQF3vMlvNFUTXZgHuAOtRk290jCsXzLDpnshBiUayp-88Q&oe=6A9356AE,https://www.instagram.com/p/DcR8Up0IBkE/
Super Compras Supermercado,Bebidas / Cervejas,Cerveja Original 300ml,2.69,22/08/2026,https://scontent-nrt1-1.cdninstagram.com/v/t51.82787-15/781425562_18192143110391764_1116124836587707156_n.jpg?stp=dst-jpg_e35_tt6&_nc_cat=103&ig_cache_key=Mzk2ODk1MTQ4MDU4NDU2NzM5OQ%3D%3D.3-ccb7-5&ccb=7-5&_nc_sid=58cdad&efg=eyJ2ZW5jb2RlX3RhZyI6IkZFRUQueHBpZHMuMTQ0MC5zZHIucmVndWxhcl9waG90by5DMyJ9&_nc_ohc=FnigSYXdvhUQ7kNvwGRkcAG&_nc_oc=AdonCCxXHqGTg_PWXyB1JgNdcqEH_vwJJWL680R28EmNOK2bM5C2WZM7cy119AH_gLdlXnMljHveyI95cRbzLUPs&_nc_zt=23&_nc_ht=scontent-nrt1-1.cdninstagram.com&_nc_gid=Zy6soJZ4nQgZ51IpDvUjQQ&_nc_ss=72689&oh=00_AQE0ZBvL8gk1k0OD2tKfuVSe0Dd82iIDS1jZDljIS0bHaQ&oe=6A932EE0,https://www.instagram.com/p/DcUjFfbAPpn/
Bom Jesus Primavera do Leste 🛒,Bebidas / Cervejas,Cerveja Corona 269ml,4.29,21/08/2026,https://scontent-icn2-1.cdninstagram.com/v/t51.82787-15/779844446_18373759273237813_717042095228036520_n.jpg?stp=dst-jpg_e35_tt6&_nc_cat=101&ig_cache_key=Mzk2ODYwMzg2MjA2MzE4NjIyMQ%3D%3D.3-ccb7-5&ccb=7-5&_nc_sid=58cdad&efg=eyJ2ZW5jb2RlX3RhZyI6IkNBUk9VU0VMX0lURU0ueHBpZHMuMTA4MC5zZHIucmVndWxhcl9waG90by5DMyJ9&_nc_ohc=m8__0j7aHxEQ7kNvwHKRG_v&_nc_oc=AdqHVv_gNO3gdGsw5CmHS3rMjWdD8zLkLs5OZklvJHeD7Ntv9Lbw_rWNmhjjszd5fpM&_nc_zt=23&_nc_ht=scontent-icn2-1.cdninstagram.com&_nc_gid=mgYzv2qK_1weCrj6V3YCEQ&_nc_ss=7c689&oh=00_AQHM_Bw-Hwb2wJshLDBIXCYdSPckqlREnCJDyc5n0eCtkQ&oe=6A9357F0,https://www.instagram.com/p/DcTUD7jlm8n/
Bom Jesus Primavera do Leste 🛒,Bebidas / Cervejas,Cerveja Michelob Ultra 330ml,6.19,21/08/2026,https://scontent-icn2-1.cdninstagram.com/v/t51.82787-15/779844446_18373759273237813_717042095228036520_n.jpg?stp=dst-jpg_e35_tt6&_nc_cat=101&ig_cache_key=Mzk2ODYwMzg2MjA2MzE4NjIyMQ%3D%3D.3-ccb7-5&ccb=7-5&_nc_sid=58cdad&efg=eyJ2ZW5jb2RlX3RhZyI6IkNBUk9VU0VMX0lURU0ueHBpZHMuMTA4MC5zZHIucmVndWxhcl9waG90by5DMyJ9&_nc_ohc=m8__0j7aHxEQ7kNvwHKRG_v&_nc_oc=AdqHVv_gNO3gdGsw5CmHS3rMjWdD8zLkLs5OZklvJHeD7Ntv9Lbw_rWNmhjjszd5fpM&_nc_zt=23&_nc_ht=scontent-icn2-1.cdninstagram.com&_nc_gid=mgYzv2qK_1weCrj6V3YCEQ&_nc_ss=7c689&oh=00_AQHM_Bw-Hwb2wJshLDBIXCYdSPckqlREnCJDyc5n0eCtkQ&oe=6A9357F0,https://www.instagram.com/p/DcTUD7jlm8n/
Supermercado Bianchi,Bebidas / Cervejas,Cerveja Corona Extra 330ml,6.99,21/08/2026,https://instagram.fjal2-1.fna.fbcdn.net/v/t39.30808-6/782170702_1657849206345477_5831566733473110975_n.jpg?stp=dst-jpg_e35_tt6&_nc_cat=100&ig_cache_key=Mzk2ODk0NTQxMzExMjgxNzUxNQ%3D%3D.3-ccb7-5&ccb=7-5&_nc_sid=58cdad&efg=eyJ2ZW5jb2RlX3RhZyI6IkNBUk9VU0VMX0lURU0ueHBpZHMuMTYzOC5zZHIucmVndWxhcl9waG90by5DMyJ9&_nc_ohc=nPR0J7MpbqkQ7kNvwGTufPc&_nc_oc=AdrAnofScMGb7JEy3acLCjyQ8V_EYDdJrcrNUmu0PZ-Jzn2cfdSSNstL_TJXGBzUoA6T3OKZFwcdPAs4-xwl7CKu&_nc_zt=23&_nc_ht=instagram.fjal2-1.fna&_nc_gid=NvcNX2IA17yahy36SxQO3g&_nc_ss=72a8c&oh=00_AQEnMbAF_4-1Bgtm-jMT5QqOJC0j1s5xGTZsLfyRKtQHzA&oe=6A932677,https://www.instagram.com/p/DcUhthogY_o/
Supermercado Bianchi,Bebidas / Cervejas,Refrigerante Guaraná Antarctica 2L,8.99,21/08/2026,https://instagram.fjal2-1.fna.fbcdn.net/v/t39.30808-6/782170702_1657849206345477_5831566733473110975_n.jpg?stp=dst-jpg_e35_tt6&_nc_cat=100&ig_cache_key=Mzk2ODk0NTQxMzExMjgxNzUxNQ%3D%3D.3-ccb7-5&ccb=7-5&_nc_sid=58cdad&efg=eyJ2ZW5jb2RlX3RhZyI6IkNBUk9VU0VMX0lURU0ueHBpZHMuMTYzOC5zZHIucmVndWxhcl9waG90by5DMyJ9&_nc_ohc=nPR0J7MpbqkQ7kNvwGTufPc&_nc_oc=AdrAnofScMGb7JEy3acLCjyQ8V_EYDdJrcrNUmu0PZ-Jzn2cfdSSNstL_TJXGBzUoA6T3OKZFwcdPAs4-xwl7CKu&_nc_zt=23&_nc_ht=instagram.fjal2-1.fna&_nc_gid=NvcNX2IA17yahy36SxQO3g&_nc_ss=72a8c&oh=00_AQEnMbAF_4-1Bgtm-jMT5QqOJC0j1s5xGTZsLfyRKtQHzA&oe=6A932677,https://www.instagram.com/p/DcUhthogY_o/
Supermercado Bianchi,Bebidas / Cervejas,Refrigerante Guaraná Antarctica 2L,8.99,20/08/2026,https://instagram.fsyd15-1.fna.fbcdn.net/v/t39.30808-6/783127669_1656952699768461_9196129294490006795_n.jpg?stp=dst-jpg_e35_tt6&_nc_cat=105&ig_cache_key=Mzk2ODIxOTE0MTI4MjUzMzIxNg%3D%3D.3-ccb7-5&ccb=7-5&_nc_sid=58cdad&efg=eyJ2ZW5jb2RlX3RhZyI6IkNBUk9VU0VMX0lURU0ueHBpZHMuMTA4MC5zZHIucmVndWxhcl9waG90by5DMyJ9&_nc_ohc=mrxCcB2Uh1kQ7kNvwGW0teV&_nc_oc=AdrPVrnRTc9aG4Hnq8P-aBn9pQB0dvFVbH7ROyNz0I8dcLIyJ5zTYcefyDprXcnFKFc&_nc_zt=23&_nc_ht=instagram.fsyd15-1.fna&_nc_gid=LoiYda-taTEeT-oXCQhvgg&_nc_ss=72689&oh=00_AQHMOiAtgbcJmOa0I1cJbr86VEeaZ9_0F-Pyp-ooVOyasQ&oe=6A9333BF,https://www.instagram.com/p/DcR8kwqjUQX/
Supermercado Bianchi,Bebidas / Cervejas,Cerveja Stella Artois 600ml,10.99,21/08/2026,https://instagram.fjal2-1.fna.fbcdn.net/v/t39.30808-6/782170702_1657849206345477_5831566733473110975_n.jpg?stp=dst-jpg_e35_tt6&_nc_cat=100&ig_cache_key=Mzk2ODk0NTQxMzExMjgxNzUxNQ%3D%3D.3-ccb7-5&ccb=7-5&_nc_sid=58cdad&efg=eyJ2ZW5jb2RlX3RhZyI6IkNBUk9VU0VMX0lURU0ueHBpZHMuMTYzOC5zZHIucmVndWxhcl9waG90by5DMyJ9&_nc_ohc=nPR0J7MpbqkQ7kNvwGTufPc&_nc_oc=AdrAnofScMGb7JEy3acLCjyQ8V_EYDdJrcrNUmu0PZ-Jzn2cfdSSNstL_TJXGBzUoA6T3OKZFwcdPAs4-xwl7CKu&_nc_zt=23&_nc_ht=instagram.fjal2-1.fna&_nc_gid=NvcNX2IA17yahy36SxQO3g&_nc_ss=72a8c&oh=00_AQEnMbAF_4-1Bgtm-jMT5QqOJC0j1s5xGTZsLfyRKtQHzA&oe=6A932677,https://www.instagram.com/p/DcUhthogY_o/
Machadão Atacadista,Bebidas / Cervejas,Saco Para Lixo Giopack Super Reforçado 50L,11.99,24/08/2026,https://instagram.fvgo1-1.fna.fbcdn.net/v/t39.30808-6/778957943_1356271786592779_7752166386009606157_n.jpg?stp=dst-jpg_e35_tt6&_nc_cat=104&ig_cache_key=Mzk3MDQwODc0MjgwNjA4NjE5OQ%3D%3D.3-ccb7-5&ccb=7-5&_nc_sid=58cdad&efg=eyJ2ZW5jb2RlX3RhZyI6IkNBUk9VU0VMX0lURU0ueHBpZHMuMTYzOC5zZHIucmVndWxhcl9waG90by5DMyJ9&_nc_ohc=RcYahv8xyOAQ7kNvwFclr7o&_nc_oc=AdpggEwR8aR2JOb_Uf6RYkFmtoApniV71TGIpgpULCqrlomRmUnPZ-PWowY0FcNLrWU&_nc_zt=23&_nc_ht=instagram.fvgo1-1.fna&_nc_gid=2YaBajca_LptN1d4Kr4FBA&_nc_ss=72a8c&oh=00_AQFLQLxB2axgBT5EfrnbfJxzqgj0Mm3bztNyCRQzYIRyLg&oe=6A93426E,https://www.instagram.com/p/DcZubq6D10t/
Machadão Atacadista,Bebidas / Cervejas,Bobina Picotada Giopack 2kg,23.9,23/08/2026,https://scontent-ams2-1.cdninstagram.com/v/t39.30808-6/778958180_1356238129929478_2325913015574542258_n.jpg?stp=dst-jpg_e35_tt6&_nc_cat=102&ig_cache_key=Mzk3MDQwNjA2NTc0MDI2MDU2NA%3D%3D.3-ccb7-5&ccb=7-5&_nc_sid=58cdad&efg=eyJ2ZW5jb2RlX3RhZyI6IkNBUk9VU0VMX0lURU0ueHBpZHMuMTQ0MC5zZHIucmVndWxhcl9waG90by5DMyJ9&_nc_ohc=hBCZnXY1qCMQ7kNvwHL9VCC&_nc_oc=AdocL0KQ0VGSo2iKnroW8_qxt9uwyHILBbGWdHcP70OcG5i1UEeVQKocB0T-VxGc78k&_nc_zt=23&_nc_ht=scontent-ams2-1.cdninstagram.com&_nc_gid=Apty3V3QNLt-BStPKMQfeQ&_nc_ss=72a8c&oh=00_AQHlfE_YXkkSwjb5urycrl-kwe6CuWlAIofJZklMTFsGRQ&oe=6A933F4A,https://www.instagram.com/p/DcZt02IgXYs/
Machadão Atacadista,Bebidas / Cervejas,Bobina Picotada Giopack 2kg,23.9,23/08/2026,https://scontent-ams2-1.cdninstagram.com/v/t39.30808-6/780104401_1356238156596142_1480217435166211985_n.jpg?stp=dst-jpg_e35_tt6&_nc_cat=105&ig_cache_key=Mzk3MDQwNjA2NDA5NjEwMTQ1NQ%3D%3D.3-ccb7-5&ccb=7-5&_nc_sid=58cdad&efg=eyJ2ZW5jb2RlX3RhZyI6IkNBUk9VU0VMX0lURU0ueHBpZHMuMTQ0MC5zZHIucmVndWxhcl9waG90by5DMyJ9&_nc_ohc=lTNObl1cFPcQ7kNvwGDumda&_nc_oc=Ado0Pe3hxU04Vo50Xwn-SqT2I1wl4JLN9Jjbt2J0rXmXn8eG8fTpTj3Dm6-HqrSQ3gM&_nc_zt=23&_nc_ht=scontent-ams2-1.cdninstagram.com&_nc_gid=Apty3V3QNLt-BStPKMQfeQ&_nc_ss=72a8c&oh=00_AQEvt8i4zzPkYD0QkXeciOypu02JUHhqKfPT0aYMmKqEQQ&oe=6A934FD4,https://www.instagram.com/p/DcZt02IgXYs/
Super Compras Supermercado,Bebidas / Cervejas,Cerveja Spaten 269ml,29.52,21/08/2026,https://instagram.fgig29-1.fna.fbcdn.net/v/t51.82787-15/780140079_18192045034391764_7683991793781918786_n.jpg?stp=dst-jpg_e35_tt6&_nc_cat=103&ig_cache_key=Mzk2ODIxODA0ODc2ODI1MjE2NA%3D%3D.3-ccb7-5&ccb=7-5&_nc_sid=58cdad&efg=eyJ2ZW5jb2RlX3RhZyI6IkZFRUQueHBpZHMuMTQ0MC5zZHIucmVndWxhcl9waG90by5DMyJ9&_nc_ohc=Su6wo4o_AAEQ7kNvwEhIKwv&_nc_oc=Adop14jhGwGsK-bp6D3YEHQJ6HwDHtBtexHXhw6HYKAJYDmwZZmTrajCg4EMgL1O7-8&_nc_zt=23&_nc_ht=instagram.fgig29-1.fna&_nc_gid=Ta7xc8L_GEbjc0S-7rvaLA&_nc_ss=72289&oh=00_AQF3vMlvNFUTXZgHuAOtRk290jCsXzLDpnshBiUayp-88Q&oe=6A9356AE,https://www.instagram.com/p/DcR8Up0IBkE/
Super Compras Supermercado,Bebidas / Cervejas,Cerveja Spaten 8x269ml,29.52,22/08/2026,https://scontent-nrt1-1.cdninstagram.com/v/t51.82787-15/781425562_18192143110391764_1116124836587707156_n.jpg?stp=dst-jpg_e35_tt6&_nc_cat=103&ig_cache_key=Mzk2ODk1MTQ4MDU4NDU2NzM5OQ%3D%3D.3-ccb7-5&ccb=7-5&_nc_sid=58cdad&efg=eyJ2ZW5jb2RlX3RhZyI6IkZFRUQueHBpZHMuMTQ0MC5zZHIucmVndWxhcl9waG90by5DMyJ9&_nc_ohc=FnigSYXdvhUQ7kNvwGRkcAG&_nc_oc=AdonCCxXHqGTg_PWXyB1JgNdcqEH_vwJJWL680R28EmNOK2bM5C2WZM7cy119AH_gLdlXnMljHveyI95cRbzLUPs&_nc_zt=23&_nc_ht=scontent-nrt1-1.cdninstagram.com&_nc_gid=Zy6soJZ4nQgZ51IpDvUjQQ&_nc_ss=72689&oh=00_AQE0ZBvL8gk1k0OD2tKfuVSe0Dd82iIDS1jZDljIS0bHaQ&oe=6A932EE0,https://www.instagram.com/p/DcUjFfbAPpn/
Super Compras Supermercado,Bebidas / Cervejas,Cerveja Corona 269ml,34.32,21/08/2026,https://instagram.fgig29-1.fna.fbcdn.net/v/t51.82787-15/780140079_18192045034391764_7683991793781918786_n.jpg?stp=dst-jpg_e35_tt6&_nc_cat=103&ig_cache_key=Mzk2ODIxODA0ODc2ODI1MjE2NA%3D%3D.3-ccb7-5&ccb=7-5&_nc_sid=58cdad&efg=eyJ2ZW5jb2RlX3RhZyI6IkZFRUQueHBpZHMuMTQ0MC5zZHIucmVndWxhcl9waG90by5DMyJ9&_nc_ohc=Su6wo4o_AAEQ7kNvwEhIKwv&_nc_oc=Adop14jhGwGsK-bp6D3YEHQJ6HwDHtBtexHXhw6HYKAJYDmwZZmTrajCg4EMgL1O7-8&_nc_zt=23&_nc_ht=instagram.fgig29-1.fna&_nc_gid=Ta7xc8L_GEbjc0S-7rvaLA&_nc_ss=72289&oh=00_AQF3vMlvNFUTXZgHuAOtRk290jCsXzLDpnshBiUayp-88Q&oe=6A9356AE,https://www.instagram.com/p/DcR8Up0IBkE/
Super Compras Supermercado,Bebidas / Cervejas,Cerveja Corona 8x269ml,34.32,22/08/2026,https://scontent-nrt1-1.cdninstagram.com/v/t51.82787-15/781425562_18192143110391764_1116124836587707156_n.jpg?stp=dst-jpg_e35_tt6&_nc_cat=103&ig_cache_key=Mzk2ODk1MTQ4MDU4NDU2NzM5OQ%3D%3D.3-ccb7-5&ccb=7-5&_nc_sid=58cdad&efg=eyJ2ZW5jb2RlX3RhZyI6IkZFRUQueHBpZHMuMTQ0MC5zZHIucmVndWxhcl9waG90by5DMyJ9&_nc_ohc=FnigSYXdvhUQ7kNvwGRkcAG&_nc_oc=AdonCCxXHqGTg_PWXyB1JgNdcqEH_vwJJWL680R28EmNOK2bM5C2WZM7cy119AH_gLdlXnMljHveyI95cRbzLUPs&_nc_zt=23&_nc_ht=scontent-nrt1-1.cdninstagram.com&_nc_gid=Zy6soJZ4nQgZ51IpDvUjQQ&_nc_ss=72689&oh=00_AQE0ZBvL8gk1k0OD2tKfuVSe0Dd82iIDS1jZDljIS0bHaQ&oe=6A932EE0,https://www.instagram.com/p/DcUjFfbAPpn/
Supermercado Bianchi,Bebidas / Cervejas,Cerveja Amstel Puro Malte 12x269ml,34.99,21/08/2026,https://instagram.fjal2-1.fna.fbcdn.net/v/t39.30808-6/782170702_1657849206345477_5831566733473110975_n.jpg?stp=dst-jpg_e35_tt6&_nc_cat=100&ig_cache_key=Mzk2ODk0NTQxMzExMjgxNzUxNQ%3D%3D.3-ccb7-5&ccb=7-5&_nc_sid=58cdad&efg=eyJ2ZW5jb2RlX3RhZyI6IkNBUk9VU0VMX0lURU0ueHBpZHMuMTYzOC5zZHIucmVndWxhcl9waG90by5DMyJ9&_nc_ohc=nPR0J7MpbqkQ7kNvwGTufPc&_nc_oc=AdrAnofScMGb7JEy3acLCjyQ8V_EYDdJrcrNUmu0PZ-Jzn2cfdSSNstL_TJXGBzUoA6T3OKZFwcdPAs4-xwl7CKu&_nc_zt=23&_nc_ht=instagram.fjal2-1.fna&_nc_gid=NvcNX2IA17yahy36SxQO3g&_nc_ss=72a8c&oh=00_AQEnMbAF_4-1Bgtm-jMT5QqOJC0j1s5xGTZsLfyRKtQHzA&oe=6A932677,https://www.instagram.com/p/DcUhthogY_o/
Supermercado Bianchi,Bebidas / Cervejas,Cerveja Michelob Ultra 6x330ml,36.99,21/08/2026,https://instagram.fjal2-1.fna.fbcdn.net/v/t39.30808-6/782170702_1657849206345477_5831566733473110975_n.jpg?stp=dst-jpg_e35_tt6&_nc_cat=100&ig_cache_key=Mzk2ODk0NTQxMzExMjgxNzUxNQ%3D%3D.3-ccb7-5&ccb=7-5&_nc_sid=58cdad&efg=eyJ2ZW5jb2RlX3RhZyI6IkNBUk9VU0VMX0lURU0ueHBpZHMuMTYzOC5zZHIucmVndWxhcl9waG90by5DMyJ9&_nc_ohc=nPR0J7MpbqkQ7kNvwGTufPc&_nc_oc=AdrAnofScMGb7JEy3acLCjyQ8V_EYDdJrcrNUmu0PZ-Jzn2cfdSSNstL_TJXGBzUoA6T3OKZFwcdPAs4-xwl7CKu&_nc_zt=23&_nc_ht=instagram.fjal2-1.fna&_nc_gid=NvcNX2IA17yahy36SxQO3g&_nc_ss=72a8c&oh=00_AQEnMbAF_4-1Bgtm-jMT5QqOJC0j1s5xGTZsLfyRKtQHzA&oe=6A932677,https://www.instagram.com/p/DcUhthogY_o/
Supermercado Bianchi,Bebidas / Cervejas,Cerveja Michelob Ultra 6x330ml,36.99,20/08/2026,https://instagram.fsyd15-1.fna.fbcdn.net/v/t39.30808-6/783127669_1656952699768461_9196129294490006795_n.jpg?stp=dst-jpg_e35_tt6&_nc_cat=105&ig_cache_key=Mzk2ODIxOTE0MTI4MjUzMzIxNg%3D%3D.3-ccb7-5&ccb=7-5&_nc_sid=58cdad&efg=eyJ2ZW5jb2RlX3RhZyI6IkNBUk9VU0VMX0lURU0ueHBpZHMuMTA4MC5zZHIucmVndWxhcl9waG90by5DMyJ9&_nc_ohc=mrxCcB2Uh1kQ7kNvwGW0teV&_nc_oc=AdrPVrnRTc9aG4Hnq8P-aBn9pQB0dvFVbH7ROyNz0I8dcLIyJ5zTYcefyDprXcnFKFc&_nc_zt=23&_nc_ht=instagram.fsyd15-1.fna&_nc_gid=LoiYda-taTEeT-oXCQhvgg&_nc_ss=72689&oh=00_AQHMOiAtgbcJmOa0I1cJbr86VEeaZ9_0F-Pyp-ooVOyasQ&oe=6A9333BF,https://www.instagram.com/p/DcR8kwqjUQX/
Super Compras Supermercado,Bebidas / Cervejas,Cerveja Skol 269ml,43.35,21/08/2026,https://instagram.fgig29-1.fna.fbcdn.net/v/t51.82787-15/780140079_18192045034391764_7683991793781918786_n.jpg?stp=dst-jpg_e35_tt6&_nc_cat=103&ig_cache_key=Mzk2ODIxODA0ODc2ODI1MjE2NA%3D%3D.3-ccb7-5&ccb=7-5&_nc_sid=58cdad&efg=eyJ2ZW5jb2RlX3RhZyI6IkZFRUQueHBpZHMuMTQ0MC5zZHIucmVndWxhcl9waG90by5DMyJ9&_nc_ohc=Su6wo4o_AAEQ7kNvwEhIKwv&_nc_oc=Adop14jhGwGsK-bp6D3YEHQJ6HwDHtBtexHXhw6HYKAJYDmwZZmTrajCg4EMgL1O7-8&_nc_zt=23&_nc_ht=instagram.fgig29-1.fna&_nc_gid=Ta7xc8L_GEbjc0S-7rvaLA&_nc_ss=72289&oh=00_AQF3vMlvNFUTXZgHuAOtRk290jCsXzLDpnshBiUayp-88Q&oe=6A9356AE,https://www.instagram.com/p/DcR8Up0IBkE/
Super Compras Supermercado,Bebidas / Cervejas,Cerveja Skol 15x269ml,43.35,22/08/2026,https://scontent-nrt1-1.cdninstagram.com/v/t51.82787-15/781425562_18192143110391764_1116124836587707156_n.jpg?stp=dst-jpg_e35_tt6&_nc_cat=103&ig_cache_key=Mzk2ODk1MTQ4MDU4NDU2NzM5OQ%3D%3D.3-ccb7-5&ccb=7-5&_nc_sid=58cdad&efg=eyJ2ZW5jb2RlX3RhZyI6IkZFRUQueHBpZHMuMTQ0MC5zZHIucmVndWxhcl9waG90by5DMyJ9&_nc_ohc=FnigSYXdvhUQ7kNvwGRkcAG&_nc_oc=AdonCCxXHqGTg_PWXyB1JgNdcqEH_vwJJWL680R28EmNOK2bM5C2WZM7cy119AH_gLdlXnMljHveyI95cRbzLUPs&_nc_zt=23&_nc_ht=scontent-nrt1-1.cdninstagram.com&_nc_gid=Zy6soJZ4nQgZ51IpDvUjQQ&_nc_ss=72689&oh=00_AQE0ZBvL8gk1k0OD2tKfuVSe0Dd82iIDS1jZDljIS0bHaQ&oe=6A932EE0,https://www.instagram.com/p/DcUjFfbAPpn/
Bom Jesus Primavera do Leste 🛒,Bebidas / Cervejas,Cerveja Skol Multipack 15x269ml,43.35,21/08/2026,https://scontent-icn2-1.cdninstagram.com/v/t51.82787-15/779844446_18373759273237813_717042095228036520_n.jpg?stp=dst-jpg_e35_tt6&_nc_cat=101&ig_cache_key=Mzk2ODYwMzg2MjA2MzE4NjIyMQ%3D%3D.3-ccb7-5&ccb=7-5&_nc_sid=58cdad&efg=eyJ2ZW5jb2RlX3RhZyI6IkNBUk9VU0VMX0lURU0ueHBpZHMuMTA4MC5zZHIucmVndWxhcl9waG90by5DMyJ9&_nc_ohc=m8__0j7aHxEQ7kNvwHKRG_v&_nc_oc=AdqHVv_gNO3gdGsw5CmHS3rMjWdD8zLkLs5OZklvJHeD7Ntv9Lbw_rWNmhjjszd5fpM&_nc_zt=23&_nc_ht=scontent-icn2-1.cdninstagram.com&_nc_gid=mgYzv2qK_1weCrj6V3YCEQ&_nc_ss=7c689&oh=00_AQHM_Bw-Hwb2wJshLDBIXCYdSPckqlREnCJDyc5n0eCtkQ&oe=6A9357F0,https://www.instagram.com/p/DcTUD7jlm8n/
Bom Jesus Primavera do Leste 🛒,Bebidas / Cervejas,Cerveja Original Multipack 15x269ml,50.85,21/08/2026,https://scontent-icn2-1.cdninstagram.com/v/t51.82787-15/779844446_18373759273237813_717042095228036520_n.jpg?stp=dst-jpg_e35_tt6&_nc_cat=101&ig_cache_key=Mzk2ODYwMzg2MjA2MzE4NjIyMQ%3D%3D.3-ccb7-5&ccb=7-5&_nc_sid=58cdad&efg=eyJ2ZW5jb2RlX3RhZyI6IkNBUk9VU0VMX0lURU0ueHBpZHMuMTA4MC5zZHIucmVndWxhcl9waG90by5DMyJ9&_nc_ohc=m8__0j7aHxEQ7kNvwHKRG_v&_nc_oc=AdqHVv_gNO3gdGsw5CmHS3rMjWdD8zLkLs5OZklvJHeD7Ntv9Lbw_rWNmhjjszd5fpM&_nc_zt=23&_nc_ht=scontent-icn2-1.cdninstagram.com&_nc_gid=mgYzv2qK_1weCrj6V3YCEQ&_nc_ss=7c689&oh=00_AQHM_Bw-Hwb2wJshLDBIXCYdSPckqlREnCJDyc5n0eCtkQ&oe=6A9357F0,https://www.instagram.com/p/DcTUD7jlm8n/
Bom Jesus Primavera do Leste 🛒,Bebidas / Refrigerantes,Refrigerante Pepsi 2L,7.99,21/08/2026,https://scontent-icn2-1.cdninstagram.com/v/t51.82787-15/779844446_18373759273237813_717042095228036520_n.jpg?stp=dst-jpg_e35_tt6&_nc_cat=101&ig_cache_key=Mzk2ODYwMzg2MjA2MzE4NjIyMQ%3D%3D.3-ccb7-5&ccb=7-5&_nc_sid=58cdad&efg=eyJ2ZW5jb2RlX3RhZyI6IkNBUk9VU0VMX0lURU0ueHBpZHMuMTA4MC5zZHIucmVndWxhcl9waG90by5DMyJ9&_nc_ohc=m8__0j7aHxEQ7kNvwHKRG_v&_nc_oc=AdqHVv_gNO3gdGsw5CmHS3rMjWdD8zLkLs5OZklvJHeD7Ntv9Lbw_rWNmhjjszd5fpM&_nc_zt=23&_nc_ht=scontent-icn2-1.cdninstagram.com&_nc_gid=mgYzv2qK_1weCrj6V3YCEQ&_nc_ss=7c689&oh=00_AQHM_Bw-Hwb2wJshLDBIXCYdSPckqlREnCJDyc5n0eCtkQ&oe=6A9357F0,https://www.instagram.com/p/DcTUD7jlm8n/
Machadão Atacadista,Bebidas / Sucos e Diversos,Bebida Láctea Chocolate Pirakids 200ml,1.19,24/08/2026,https://instagram.fvgo1-1.fna.fbcdn.net/v/t39.30808-6/780076458_1356271723259452_5989685085733377211_n.jpg?stp=dst-jpg_e35_tt6&_nc_cat=105&ig_cache_key=Mzk3MDQwODc0MjIxMDQ3NDY5OA%3D%3D.3-ccb7-5&ccb=7-5&_nc_sid=58cdad&efg=eyJ2ZW5jb2RlX3RhZyI6IkNBUk9VU0VMX0lURU0ueHBpZHMuMTYzOC5zZHIucmVndWxhcl9waG90by5DMyJ9&_nc_ohc=EI5S9KuUQlYQ7kNvwHTeyEC&_nc_oc=Ado76MWL50dyatx5e5JsLvemf2bX8tQ_EKDfqdbtu7ecu0THsxz7L8eARAJWoKeYULk&_nc_zt=23&_nc_ht=instagram.fvgo1-1.fna&_nc_gid=2YaBajca_LptN1d4Kr4FBA&_nc_ss=72a8c&oh=00_AQE-ERlIOED8YQlejQUmbVbTLQIDIxb2ocyP1vuHBDz6-A&oe=6A93284E,https://www.instagram.com/p/DcZubq6D10t/
Supermercado Tuiuiú,Bebidas / Sucos e Diversos,Suco Kapo 200ml,1.99,20/08/2026,https://scontent-syd2-1.cdninstagram.com/v/t39.30808-6/777548616_1712126797587805_4468367958160197813_n.jpg?stp=dst-jpg_e35_tt6&_nc_cat=108&ig_cache_key=Mzk2Nzg2MzQ3NzY1OTI0NTc5MQ%3D%3D.3-ccb7-5&ccb=7-5&_nc_sid=58cdad&efg=eyJ2ZW5jb2RlX3RhZyI6IkNBUk9VU0VMX0lURU0ueHBpZHMuMTI1NC5zZHIucmVndWxhcl9waG90by5DMyJ9&_nc_ohc=KR6FTgTvensQ7kNvwEFMC6y&_nc_oc=Adp5k0qYRtXxE5pNDGqhsQHVYndXQ_lw1u0WrIiOMww_0wZL4F1MkcJNDkPLvKi_lxh_aupvK2ozU7iqkJDCFPPm&_nc_zt=23&_nc_ht=scontent-syd2-1.cdninstagram.com&_nc_gid=F3yY0pocLVFeiZGf_vXq8w&_nc_ss=72289&oh=00_AQFhfDFY2JpzypNN8mfMCDWQRVDvAuJ5S7DoTLvXru60rw&oe=6A9331D5,https://www.instagram.com/p/DcQrtOmIPUZ/
Machadão Atacadista,Bebidas / Sucos e Diversos,Bebida Láctea Real 510g,2.99,24/08/2026,https://instagram.fvgo1-1.fna.fbcdn.net/v/t39.30808-6/780076458_1356271723259452_5989685085733377211_n.jpg?stp=dst-jpg_e35_tt6&_nc_cat=105&ig_cache_key=Mzk3MDQwODc0MjIxMDQ3NDY5OA%3D%3D.3-ccb7-5&ccb=7-5&_nc_sid=58cdad&efg=eyJ2ZW5jb2RlX3RhZyI6IkNBUk9VU0VMX0lURU0ueHBpZHMuMTYzOC5zZHIucmVndWxhcl9waG90by5DMyJ9&_nc_ohc=EI5S9KuUQlYQ7kNvwHTeyEC&_nc_oc=Ado76MWL50dyatx5e5JsLvemf2bX8tQ_EKDfqdbtu7ecu0THsxz7L8eARAJWoKeYULk&_nc_zt=23&_nc_ht=instagram.fvgo1-1.fna&_nc_gid=2YaBajca_LptN1d4Kr4FBA&_nc_ss=72a8c&oh=00_AQE-ERlIOED8YQlejQUmbVbTLQIDIxb2ocyP1vuHBDz6-A&oe=6A93284E,https://www.instagram.com/p/DcZubq6D10t/
Bom Jesus Primavera do Leste 🛒,Bebidas / Sucos e Diversos,Powerade 500ml,5.79,22/08/2026,https://instagram.fedi1-1.fna.fbcdn.net/v/t51.82787-15/781162059_18373952632237813_4532706053079983862_n.jpg?stp=dst-jpg_e15_tt6&_nc_cat=101&ig_cache_key=Mzk2OTQ0MzcyNDUxNzY0ODEyMTE4MzczOTUyNjI5MjM3ODEz.3-ccb7-5&ccb=7-5&_nc_sid=58cdad&efg=eyJ2ZW5jb2RlX3RhZyI6IkNMSVBTLnhwaWRzLjcyMC5zZHIudmlkZW9fZGVmYXVsdF9jb3Zlcl9mcmFtZS5DMyJ9&_nc_ohc=xshLq_1UYukQ7kNvwFw_VrI&_nc_oc=Adp2kbkRO7AM5wsjfAL2UJVqDsMfTYG6XYaJckrBiBITff7iRR6qv6K16zJsd9mnYpD1OSksNxWa-yfoyDdimksl&_nc_zt=23&_nc_ht=instagram.fedi1-1.fna&_nc_gid=8W3jN1T432Hf5Te-dElYiw&_nc_ss=72a8c&oh=00_AQF5tLPTWQmjPA87uoiLLWrPTwAI-6pmwn24SQZk3dMPWQ&oe=6A9353BB,https://www.instagram.com/p/DcWTAlTxyb5/
SUPERMERCADO PARANAENSE,Bebidas / Sucos e Diversos,Absorvente Tripla Proteção Intimus 8 Unidades,5.99,24/08/2026,https://scontent-yyz1-1.cdninstagram.com/v/t51.82787-15/786158033_17906990622496981_4554436689859059284_n.jpg?stp=dst-jpg_e35_tt6&_nc_cat=108&ig_cache_key=Mzk3MDc1Nzk3MTU2NDU0MjYxMQ%3D%3D.3-ccb7-5&ccb=7-5&_nc_sid=58cdad&efg=eyJ2ZW5jb2RlX3RhZyI6IkZFRUQueHBpZHMuMTM1MC5zZHIucmVndWxhcl9waG90by5DMyJ9&_nc_ohc=xzVr4BNBpH0Q7kNvwEZICO5&_nc_oc=AdrnZwNOvcWb-4m7KMkzp_s9JIMfWUwcR01KDgT0wqnPnBUOJ1m2j0IT-Ec0iHkTU_y3m3LrmyED67QDekwCTXu2&_nc_zt=23&_nc_ht=scontent-yyz1-1.cdninstagram.com&_nc_gid=54-XGzFjYj7ZiUExL8X-oQ&_nc_ss=72289&oh=00_AQEq4ldRV7cpGjUuaxxzgLw7Fj_bZmzBSFYg5potoH_Qew&oe=6A934C0B,https://www.instagram.com/p/Dca91ZQJ7qT/
Bom Jesus Primavera do Leste 🛒,Bebidas / Sucos e Diversos,Powerade 500ml,6.39,22/08/2026,https://instagram.fedi1-1.fna.fbcdn.net/v/t51.82787-15/781162059_18373952632237813_4532706053079983862_n.jpg?stp=dst-jpg_e15_tt6&_nc_cat=101&ig_cache_key=Mzk2OTQ0MzcyNDUxNzY0ODEyMTE4MzczOTUyNjI5MjM3ODEz.3-ccb7-5&ccb=7-5&_nc_sid=58cdad&efg=eyJ2ZW5jb2RlX3RhZyI6IkNMSVBTLnhwaWRzLjcyMC5zZHIudmlkZW9fZGVmYXVsdF9jb3Zlcl9mcmFtZS5DMyJ9&_nc_ohc=xshLq_1UYukQ7kNvwFw_VrI&_nc_oc=Adp2kbkRO7AM5wsjfAL2UJVqDsMfTYG6XYaJckrBiBITff7iRR6qv6K16zJsd9mnYpD1OSksNxWa-yfoyDdimksl&_nc_zt=23&_nc_ht=instagram.fedi1-1.fna&_nc_gid=8W3jN1T432Hf5Te-dElYiw&_nc_ss=72a8c&oh=00_AQF5tLPTWQmjPA87uoiLLWrPTwAI-6pmwn24SQZk3dMPWQ&oe=6A9353BB,https://www.instagram.com/p/DcWTAlTxyb5/
Supermercado Bianchi,Bebidas / Sucos e Diversos,Salsicha Hot Dog Rezende kg,8.99,20/08/2026,https://instagram.fsyd15-1.fna.fbcdn.net/v/t39.30808-6/783127669_1656952699768461_9196129294490006795_n.jpg?stp=dst-jpg_e35_tt6&_nc_cat=105&ig_cache_key=Mzk2ODIxOTE0MTI4MjUzMzIxNg%3D%3D.3-ccb7-5&ccb=7-5&_nc_sid=58cdad&efg=eyJ2ZW5jb2RlX3RhZyI6IkNBUk9VU0VMX0lURU0ueHBpZHMuMTA4MC5zZHIucmVndWxhcl9waG90by5DMyJ9&_nc_ohc=mrxCcB2Uh1kQ7kNvwGW0teV&_nc_oc=AdrPVrnRTc9aG4Hnq8P-aBn9pQB0dvFVbH7ROyNz0I8dcLIyJ5zTYcefyDprXcnFKFc&_nc_zt=23&_nc_ht=instagram.fsyd15-1.fna&_nc_gid=LoiYda-taTEeT-oXCQhvgg&_nc_ss=72689&oh=00_AQHMOiAtgbcJmOa0I1cJbr86VEeaZ9_0F-Pyp-ooVOyasQ&oe=6A9333BF,https://www.instagram.com/p/DcR8kwqjUQX/
Supermercado São Pedro,Bebidas / Sucos e Diversos,Salsicha Seara kg,10.49,24/08/2026,https://scontent-mad2-1.cdninstagram.com/v/t51.82787-15/779866028_18195137623382122_1225681475285530325_n.jpg?stp=dst-jpg_e35_tt6&_nc_cat=104&ig_cache_key=Mzk3MDg5NTAzMjEwMDYxNzYxMA%3D%3D.3-ccb7-5&ccb=7-5&_nc_sid=58cdad&efg=eyJ2ZW5jb2RlX3RhZyI6IkZFRUQueHBpZHMuMzI0OC5zZHIucmVndWxhcl9waG90by5DMyJ9&_nc_ohc=27_NHNZ1YPEQ7kNvwGI2SAs&_nc_oc=AdpiaMcWDefUwe-5Ne8xkg2Hy2KnKgaQsIG3eeTK55u-1fiorwpLhShlaoMvQSdKWIQ&_nc_zt=23&_nc_ht=scontent-mad2-1.cdninstagram.com&_nc_gid=PIEwP_FvNjZSEYmPKTnRXg&_nc_ss=72a8c&oh=00_AQGYVhQEP5EtwrDSsNmYCIrkHFE9TxO5FJ8__cMoTI5BWA&oe=6A9323E1,https://www.instagram.com/p/Dcbc_40uH2K/
Supermercado São Pedro,Bebidas / Sucos e Diversos,Ovos Campo Verde 20 Unidades,10.9,23/08/2026,https://scontent-lhr11-1.cdninstagram.com/v/t39.30808-6/781977378_1500799415426508_4866536164507670119_n.jpg?stp=dst-jpg_e35_tt6&_nc_cat=110&ig_cache_key=Mzk3MDM5MzQ4NDg1OTE4MjA5Mw%3D%3D.3-ccb7-5&ccb=7-5&_nc_sid=58cdad&efg=eyJ2ZW5jb2RlX3RhZyI6IkZFRUQueHBpZHMuMTYzOS5zZHIucmVndWxhcl9waG90by5DMyJ9&_nc_ohc=UUhpBq5mo5UQ7kNvwFCGQ0u&_nc_oc=AdoXYiUYH0r1BLQselSLE8j-F04rvFfta3742aevtAxZgQWcTKAft3z_7a1VJLeJMI4&_nc_zt=23&_nc_ht=scontent-lhr11-1.cdninstagram.com&_nc_gid=RC0WT2-YHwf0j4Swz3ILcQ&_nc_ss=7c289&oh=00_AQH_plQUGKWat7vhz0gEYgPHwXODlm8y8f62piPiEvgiWg&oe=6A934CCE,https://www.instagram.com/p/DcZq9ajjowN/
Bom Jesus Primavera do Leste 🛒,Bebidas / Sucos e Diversos,Kit Copo 6 Unidades,12.9,21/08/2026,https://scontent-icn2-1.cdninstagram.com/v/t51.82787-15/778794332_18373759255237813_8826403310576910692_n.jpg?stp=dst-jpg_e35_tt6&_nc_cat=101&ig_cache_key=Mzk2ODYwMzg2MzYxMTAyNjY2MQ%3D%3D.3-ccb7-5&ccb=7-5&_nc_sid=58cdad&efg=eyJ2ZW5jb2RlX3RhZyI6IkNBUk9VU0VMX0lURU0ueHBpZHMuMTA4MC5zZHIucmVndWxhcl9waG90by5DMyJ9&_nc_ohc=DryH40MHA-0Q7kNvwHlOstU&_nc_oc=AdqJ2OUPVovPfynJ37bsL2MvYtb9RgdzTYqoK9zsLWolpMCLq5U4lavGekYj_TTQCn4&_nc_zt=23&_nc_ht=scontent-icn2-1.cdninstagram.com&_nc_gid=mgYzv2qK_1weCrj6V3YCEQ&_nc_ss=7c689&oh=00_AQGZkepon_O7BwGMTYqDFah9olGz8lwMVg0tEWeZ787UTQ&oe=6A93581B,https://www.instagram.com/p/DcTUD7jlm8n/
Bom Jesus Primavera do Leste 🛒,Bebidas / Sucos e Diversos,Ovo Mantiqueira 20 Unidades,12.99,24/08/2026,https://scontent-lhr11-1.cdninstagram.com/v/t51.82787-15/780551083_18374239432237813_6720893505103105991_n.jpg?stp=dst-jpg_e35_tt6&_nc_cat=106&ig_cache_key=Mzk3MDc4NzgzMjYxOTg0ODE2Mw%3D%3D.3-ccb7-5&ccb=7-5&_nc_sid=58cdad&efg=eyJ2ZW5jb2RlX3RhZyI6IkNBUk9VU0VMX0lURU0ueHBpZHMuMTA4MC5zZHIucmVndWxhcl9waG90by5DMyJ9&_nc_ohc=V1Qe31mAUbwQ7kNvwFQcKsS&_nc_oc=Adp1f-3mcMpfQq0ty-Zusjsn9IA77pmeq831dQuPf4z9UVfINcNxu7ONKWf-LiHNLHc&_nc_zt=23&_nc_ht=scontent-lhr11-1.cdninstagram.com&_nc_gid=NEfc7J6EX-HyPa_-hVhMfg&_nc_ss=72a8c&oh=00_AQE53ozZS8nz_avMCFIEbfRR58rwjhdHh7L7HOXWM6-wyw&oe=6A935584,https://www.instagram.com/p/DcbEo2aliuR/
Super Compras Supermercado,Bebidas / Sucos e Diversos,Ovos Brancos Campo Verde 30un,14.99,24/08/2026,https://instagram.fktw4-1.fna.fbcdn.net/v/t51.82787-15/778986014_18192356080391764_2727967813090525154_n.jpg?stp=dst-jpg_e35_tt6&_nc_cat=111&ig_cache_key=Mzk3MDM4ODQ5NTE4MTQxNTkzNQ%3D%3D.3-ccb7-5&ccb=7-5&_nc_sid=58cdad&efg=eyJ2ZW5jb2RlX3RhZyI6IkZFRUQueHBpZHMuMTQ0MC5zZHIucmVndWxhcl9waG90by5DMyJ9&_nc_ohc=79VNBzqSEmAQ7kNvwEyiXNo&_nc_oc=AdpBPShaY23u1cyYt0R-BD6dryi5Y1pHCK_AR83onVR45gUOVXfYrtHEBmVu3PCpkXAZKBf_Ebw3A52qhgfwHl49&_nc_zt=23&_nc_ht=instagram.fktw4-1.fna&_nc_gid=-GYRc4icJzdUzmro4oQofQ&_nc_ss=72689&oh=00_AQFdYHe6EOnUX56FeRzJyZ4s7hR1pXxkKnxFl8MhXUGneA&oe=6A933590,https://www.instagram.com/p/DcZp0zjlgX_/
Supermercado Bianchi,Bebidas / Sucos e Diversos,Suco de Uva Tinto Integral Garibaldi 1.5L,15.99,20/08/2026,https://instagram.fsyd8-1.fna.fbcdn.net/v/t39.30808-6/779180625_1656123539851377_603390600869845661_n.jpg?stp=dst-jpg_e35_tt6&_nc_cat=106&_nc_map=urlgen_bucketless&ig_cache_key=Mzk2NzU2NTg3NTk2MDM4ODE5Nw%3D%3D.3-ccb7-5&ccb=7-5&_nc_sid=58cdad&efg=eyJ2ZW5jb2RlX3RhZyI6IkNBUk9VU0VMX0lURU0ueHBpZHMuMTEyMi5zZHIucmVndWxhcl9waG90by5DMyJ9&_nc_ohc=uDzuLx5Ry2IQ7kNvwGtBwXU&_nc_oc=AdoRxkPysGfRaPzhTnoorjFZymSaUUDoPnxb1KJM29u-RQlLQUNsixSD_jdp0XnFZeo&_nc_zt=23&_nc_ht=instagram.fsyd8-1.fna&_nc_gid=Tdp7-Qumz98PqP-E-4IOxg&_nc_ss=72289&oh=00_AQGMgtwW3UE-6yjtQt1SSQUnZBAgDmJBpbNHmmveJnKgXQ&oe=6A935C55,https://www.instagram.com/p/DcPoCetlHRj/
Bom Jesus Primavera do Leste 🛒,Bebidas / Sucos e Diversos,Papel Higiênico Mili 30m 12 Unidades,16.99,21/08/2026,https://scontent-icn2-1.cdninstagram.com/v/t51.82787-15/778794332_18373759255237813_8826403310576910692_n.jpg?stp=dst-jpg_e35_tt6&_nc_cat=101&ig_cache_key=Mzk2ODYwMzg2MzYxMTAyNjY2MQ%3D%3D.3-ccb7-5&ccb=7-5&_nc_sid=58cdad&efg=eyJ2ZW5jb2RlX3RhZyI6IkNBUk9VU0VMX0lURU0ueHBpZHMuMTA4MC5zZHIucmVndWxhcl9waG90by5DMyJ9&_nc_ohc=DryH40MHA-0Q7kNvwHlOstU&_nc_oc=AdqJ2OUPVovPfynJ37bsL2MvYtb9RgdzTYqoK9zsLWolpMCLq5U4lavGekYj_TTQCn4&_nc_zt=23&_nc_ht=scontent-icn2-1.cdninstagram.com&_nc_gid=mgYzv2qK_1weCrj6V3YCEQ&_nc_ss=7c689&oh=00_AQGZkepon_O7BwGMTYqDFah9olGz8lwMVg0tEWeZ787UTQ&oe=6A93581B,https://www.instagram.com/p/DcTUD7jlm8n/
Supermercado Bianchi,Bebidas / Sucos e Diversos,Limpador Multiuso Ypê 4 Unidades 500ml,16.99,24/08/2026,https://scontent-man2-1.cdninstagram.com/v/t39.30808-6/784620919_1660330049430726_7690860967579283241_n.jpg?stp=dst-jpg_e35_tt6&_nc_cat=104&ig_cache_key=Mzk3MDg1ODEzMjQ1NzE4OTE0OA%3D%3D.3-ccb7-5&ccb=7-5&_nc_sid=58cdad&efg=eyJ2ZW5jb2RlX3RhZyI6IkZFRUQueHBpZHMuMTA4MC5zZHIucmVndWxhcl9waG90by5DMyJ9&_nc_ohc=kVs24eXKuXcQ7kNvwFdbcG7&_nc_oc=Adpd6U8S64knccFekGZISfBIFArxa_ShscacZP9GRWwgrturoWuB8BUQPljdsmzjdeA&_nc_zt=23&_nc_ht=scontent-man2-1.cdninstagram.com&_nc_gid=Bq5HOoLsi4HmJa0SpML2vw&_nc_ss=72a8c&oh=00_AQG1bEHnkFyRdQLWLzDjyByHkR84rdwQPSpbyb-5SSOXPA&oe=6A9354E1,https://www.instagram.com/p/DcbUm7WlO8c/
Machadão Atacadista,Bebidas / Sucos e Diversos,Chantilly Amélia Chanty Mix 1L,18.9,23/08/2026,https://scontent-ams2-1.cdninstagram.com/v/t39.30808-6/778972569_1356238123262812_5423956361795803380_n.jpg?stp=dst-jpg_e35_tt6&_nc_cat=106&ig_cache_key=Mzk3MDQwNjA2NTUzMDUzODgyNA%3D%3D.3-ccb7-5&ccb=7-5&_nc_sid=58cdad&efg=eyJ2ZW5jb2RlX3RhZyI6IkNBUk9VU0VMX0lURU0ueHBpZHMuMTQ0MC5zZHIucmVndWxhcl9waG90by5DMyJ9&_nc_ohc=fuwsMgP1G_oQ7kNvwETUbPu&_nc_oc=AdptkZCIr-pIpFs6tqtv1yGIDpDxpxwr3alkyjhjinJWUUPQUVrIonONim23wKfDdM0&_nc_zt=23&_nc_ht=scontent-ams2-1.cdninstagram.com&_nc_gid=Apty3V3QNLt-BStPKMQfeQ&_nc_ss=72a8c&oh=00_AQFs0fvfaCYeeRwNxKxhEWZKHM8NVKmXN8OOymE5NDcZvQ&oe=6A935480,https://www.instagram.com/p/DcZt02IgXYs/
Machadão Atacadista,Bebidas / Sucos e Diversos,Chantilly Chanty Mix Amélia 1L,18.9,23/08/2026,https://scontent-ams2-1.cdninstagram.com/v/t39.30808-6/779292108_1356238126596145_5610087643213965884_n.jpg?stp=dst-jpg_e35_tt6&_nc_cat=109&ig_cache_key=Mzk3MDQwNjA2MzY4NTA0NzI1Ng%3D%3D.3-ccb7-5&ccb=7-5&_nc_sid=58cdad&efg=eyJ2ZW5jb2RlX3RhZyI6IkNBUk9VU0VMX0lURU0ueHBpZHMuMTQ0MC5zZHIucmVndWxhcl9waG90by5DMyJ9&_nc_ohc=YHirvlqGkpEQ7kNvwFc7wcv&_nc_oc=AdqOTkrpFdLEOWnuPszaA_-1KEzuIU51ndnQCy5Gu6aqQhHHhUK82tZPN0Nn3sl1RLo&_nc_zt=23&_nc_ht=scontent-ams2-1.cdninstagram.com&_nc_gid=Apty3V3QNLt-BStPKMQfeQ&_nc_ss=72a8c&oh=00_AQFO5gdPyL9ZA8kt8qWrOPGHEwyXldA9xRPRQOaKZHvVOg&oe=6A9326BE,https://www.instagram.com/p/DcZt02IgXYs/
SUPERMERCADO PARANAENSE,Bebidas / Sucos e Diversos,Papel Higiênico Folha Dupla Mili 12 Unidades,18.99,24/08/2026,https://scontent-yyz1-1.cdninstagram.com/v/t51.82787-15/786158033_17906990622496981_4554436689859059284_n.jpg?stp=dst-jpg_e35_tt6&_nc_cat=108&ig_cache_key=Mzk3MDc1Nzk3MTU2NDU0MjYxMQ%3D%3D.3-ccb7-5&ccb=7-5&_nc_sid=58cdad&efg=eyJ2ZW5jb2RlX3RhZyI6IkZFRUQueHBpZHMuMTM1MC5zZHIucmVndWxhcl9waG90by5DMyJ9&_nc_ohc=xzVr4BNBpH0Q7kNvwEZICO5&_nc_oc=AdrnZwNOvcWb-4m7KMkzp_s9JIMfWUwcR01KDgT0wqnPnBUOJ1m2j0IT-Ec0iHkTU_y3m3LrmyED67QDekwCTXu2&_nc_zt=23&_nc_ht=scontent-yyz1-1.cdninstagram.com&_nc_gid=54-XGzFjYj7ZiUExL8X-oQ&_nc_ss=72289&oh=00_AQEq4ldRV7cpGjUuaxxzgLw7Fj_bZmzBSFYg5potoH_Qew&oe=6A934C0B,https://www.instagram.com/p/Dca91ZQJ7qT/
Machadão Atacadista,Bebidas / Sucos e Diversos,Pano Multiuso Bettanin 3 Unidades 35x35cm,21.9,23/08/2026,https://scontent-ams2-1.cdninstagram.com/v/t39.30808-6/778958180_1356238129929478_2325913015574542258_n.jpg?stp=dst-jpg_e35_tt6&_nc_cat=102&ig_cache_key=Mzk3MDQwNjA2NTc0MDI2MDU2NA%3D%3D.3-ccb7-5&ccb=7-5&_nc_sid=58cdad&efg=eyJ2ZW5jb2RlX3RhZyI6IkNBUk9VU0VMX0lURU0ueHBpZHMuMTQ0MC5zZHIucmVndWxhcl9waG90by5DMyJ9&_nc_ohc=hBCZnXY1qCMQ7kNvwHL9VCC&_nc_oc=AdocL0KQ0VGSo2iKnroW8_qxt9uwyHILBbGWdHcP70OcG5i1UEeVQKocB0T-VxGc78k&_nc_zt=23&_nc_ht=scontent-ams2-1.cdninstagram.com&_nc_gid=Apty3V3QNLt-BStPKMQfeQ&_nc_ss=72a8c&oh=00_AQHlfE_YXkkSwjb5urycrl-kwe6CuWlAIofJZklMTFsGRQ&oe=6A933F4A,https://www.instagram.com/p/DcZt02IgXYs/
Supermercado Bianchi,Bebidas / Sucos e Diversos,Água Mineral Puríssima 500ml 12 Unidades,23.99,20/08/2026,https://instagram.fsyd8-1.fna.fbcdn.net/v/t39.30808-6/779180625_1656123539851377_603390600869845661_n.jpg?stp=dst-jpg_e35_tt6&_nc_cat=106&_nc_map=urlgen_bucketless&ig_cache_key=Mzk2NzU2NTg3NTk2MDM4ODE5Nw%3D%3D.3-ccb7-5&ccb=7-5&_nc_sid=58cdad&efg=eyJ2ZW5jb2RlX3RhZyI6IkNBUk9VU0VMX0lURU0ueHBpZHMuMTEyMi5zZHIucmVndWxhcl9waG90by5DMyJ9&_nc_ohc=uDzuLx5Ry2IQ7kNvwGtBwXU&_nc_oc=AdoRxkPysGfRaPzhTnoorjFZymSaUUDoPnxb1KJM29u-RQlLQUNsixSD_jdp0XnFZeo&_nc_zt=23&_nc_ht=instagram.fsyd8-1.fna&_nc_gid=Tdp7-Qumz98PqP-E-4IOxg&_nc_ss=72289&oh=00_AQGMgtwW3UE-6yjtQt1SSQUnZBAgDmJBpbNHmmveJnKgXQ&oe=6A935C55,https://www.instagram.com/p/DcPoCetlHRj/
DIÁRIO MT | Marketing e informação,Bebidas / Sucos e Diversos,Assadeira de Vidro Retangular com Tampa Marinex,45.9,24/08/2026,https://scontent-dfw5-2.cdninstagram.com/v/t51.82787-15/784426430_18112754675080502_5523164937015931681_n.jpg?stp=dst-jpg_e15_tt6&_nc_cat=100&ig_cache_key=Mzk3MTAyNzkwODk4MjQxNTExMzE4MTEyNzU0NjY5MDgwNTAy.3-ccb7-5&ccb=7-5&_nc_sid=58cdad&efg=eyJ2ZW5jb2RlX3RhZyI6IkNMSVBTLnhwaWRzLjcyMC5zZHIudmlkZW9fZGVmYXVsdF9jb3Zlcl9mcmFtZS5DMyJ9&_nc_ohc=T8Y6S1wr0AwQ7kNvwHQc8Ye&_nc_oc=Ado8EycmAQ1U-Urs2_sx1VnHYEa4Iex9rT4l_KPc8ieWsL4uEFyjtPe-uJL-d26-tE0&_nc_zt=23&_nc_ht=scontent-dfw5-2.cdninstagram.com&_nc_gid=PGGdYKuq5oelhYx2ry7SYw&_nc_ss=72a8c&oh=00_AQHNOAPsoKKsSaFCCzInedi6I43EVlVEo-OtzB5T87T0lQ&oe=6A93516B,https://www.instagram.com/p/Dcb7NgEDx8J/
DIÁRIO MT | Marketing e informação,Bebidas / Sucos e Diversos,Assadeira de Vidro Retangular com Tampa Marinex,51.9,24/08/2026,https://scontent-dfw5-2.cdninstagram.com/v/t51.82787-15/784426430_18112754675080502_5523164937015931681_n.jpg?stp=dst-jpg_e15_tt6&_nc_cat=100&ig_cache_key=Mzk3MTAyNzkwODk4MjQxNTExMzE4MTEyNzU0NjY5MDgwNTAy.3-ccb7-5&ccb=7-5&_nc_sid=58cdad&efg=eyJ2ZW5jb2RlX3RhZyI6IkNMSVBTLnhwaWRzLjcyMC5zZHIudmlkZW9fZGVmYXVsdF9jb3Zlcl9mcmFtZS5DMyJ9&_nc_ohc=T8Y6S1wr0AwQ7kNvwHQc8Ye&_nc_oc=Ado8EycmAQ1U-Urs2_sx1VnHYEa4Iex9rT4l_KPc8ieWsL4uEFyjtPe-uJL-d26-tE0&_nc_zt=23&_nc_ht=scontent-dfw5-2.cdninstagram.com&_nc_gid=PGGdYKuq5oelhYx2ry7SYw&_nc_ss=72a8c&oh=00_AQHNOAPsoKKsSaFCCzInedi6I43EVlVEo-OtzB5T87T0lQ&oe=6A93516B,https://www.instagram.com/p/Dcb7NgEDx8J/
DIÁRIO MT | Marketing e informação,Bebidas / Sucos e Diversos,Assadeira de Vidro Retangular com Tampa Marinex,66.9,24/08/2026,https://scontent-dfw5-2.cdninstagram.com/v/t51.82787-15/784426430_18112754675080502_5523164937015931681_n.jpg?stp=dst-jpg_e15_tt6&_nc_cat=100&ig_cache_key=Mzk3MTAyNzkwODk4MjQxNTExMzE4MTEyNzU0NjY5MDgwNTAy.3-ccb7-5&ccb=7-5&_nc_sid=58cdad&efg=eyJ2ZW5jb2RlX3RhZyI6IkNMSVBTLnhwaWRzLjcyMC5zZHIudmlkZW9fZGVmYXVsdF9jb3Zlcl9mcmFtZS5DMyJ9&_nc_ohc=T8Y6S1wr0AwQ7kNvwHQc8Ye&_nc_oc=Ado8EycmAQ1U-Urs2_sx1VnHYEa4Iex9rT4l_KPc8ieWsL4uEFyjtPe-uJL-d26-tE0&_nc_zt=23&_nc_ht=scontent-dfw5-2.cdninstagram.com&_nc_gid=PGGdYKuq5oelhYx2ry7SYw&_nc_ss=72a8c&oh=00_AQHNOAPsoKKsSaFCCzInedi6I43EVlVEo-OtzB5T87T0lQ&oe=6A93516B,https://www.instagram.com/p/Dcb7NgEDx8J/
Bom Jesus Primavera do Leste 🛒,Bebidas / Sucos e Diversos,Whisky Buchanan's 12 Anos 1L,189.9,21/08/2026,https://scontent-icn2-1.cdninstagram.com/v/t51.82787-15/779844446_18373759273237813_717042095228036520_n.jpg?stp=dst-jpg_e35_tt6&_nc_cat=101&ig_cache_key=Mzk2ODYwMzg2MjA2MzE4NjIyMQ%3D%3D.3-ccb7-5&ccb=7-5&_nc_sid=58cdad&efg=eyJ2ZW5jb2RlX3RhZyI6IkNBUk9VU0VMX0lURU0ueHBpZHMuMTA4MC5zZHIucmVndWxhcl9waG90by5DMyJ9&_nc_ohc=m8__0j7aHxEQ7kNvwHKRG_v&_nc_oc=AdqHVv_gNO3gdGsw5CmHS3rMjWdD8zLkLs5OZklvJHeD7Ntv9Lbw_rWNmhjjszd5fpM&_nc_zt=23&_nc_ht=scontent-icn2-1.cdninstagram.com&_nc_gid=mgYzv2qK_1weCrj6V3YCEQ&_nc_ss=7c689&oh=00_AQHM_Bw-Hwb2wJshLDBIXCYdSPckqlREnCJDyc5n0eCtkQ&oe=6A9357F0,https://www.instagram.com/p/DcTUD7jlm8n/
Supermercado Tuiuiú,Carnes / Aves,Pescoço de Frango kg,4.99,24/08/2026,https://scontent-icn2-1.cdninstagram.com/v/t51.82787-15/784426343_18580975111067900_205538007721909221_n.jpg?stp=dst-jpg_e35_tt6&_nc_cat=106&ig_cache_key=Mzk3MDc5NjI2NjQwNTU1MjkxMg%3D%3D.3-ccb7-5&ccb=7-5&_nc_sid=58cdad&efg=eyJ2ZW5jb2RlX3RhZyI6IkNBUk9VU0VMX0lURU0ueHBpZHMuMTA4MC5zZHIucmVndWxhcl9waG90by5DMyJ9&_nc_ohc=oWX99iJ5blYQ7kNvwGaKrOe&_nc_oc=AdoG2RIVlGR8vGuSx8x3fceAdJKQ5n0An5mGHUgS5nNHII3Oi4Mkw19Snk205nwwQYs&_nc_zt=23&_nc_ht=scontent-icn2-1.cdninstagram.com&_nc_gid=GKWI6IT2Qrj9_lnOoEGBcQ&_nc_ss=72289&oh=00_AQE-DacA5fGwIcsf6ET4uIDKGcgQek8eRiQGMZ4guO2rGQ&oe=6A932DBA,https://www.instagram.com/p/DcbGjHNlQSs/
Supermercado Tuiuiú,Carnes / Aves,Dorso de Frango kg,4.99,24/08/2026,https://scontent-icn2-1.cdninstagram.com/v/t51.82787-15/784426343_18580975111067900_205538007721909221_n.jpg?stp=dst-jpg_e35_tt6&_nc_cat=106&ig_cache_key=Mzk3MDc5NjI2NjQwNTU1MjkxMg%3D%3D.3-ccb7-5&ccb=7-5&_nc_sid=58cdad&efg=eyJ2ZW5jb2RlX3RhZyI6IkNBUk9VU0VMX0lURU0ueHBpZHMuMTA4MC5zZHIucmVndWxhcl9waG90by5DMyJ9&_nc_ohc=oWX99iJ5blYQ7kNvwGaKrOe&_nc_oc=AdoG2RIVlGR8vGuSx8x3fceAdJKQ5n0An5mGHUgS5nNHII3Oi4Mkw19Snk205nwwQYs&_nc_zt=23&_nc_ht=scontent-icn2-1.cdninstagram.com&_nc_gid=GKWI6IT2Qrj9_lnOoEGBcQ&_nc_ss=72289&oh=00_AQE-DacA5fGwIcsf6ET4uIDKGcgQek8eRiQGMZ4guO2rGQ&oe=6A932DBA,https://www.instagram.com/p/DcbGjHNlQSs/
Bom Jesus Primavera do Leste 🛒,Carnes / Aves,Limpador Perfumado Casa & Perfume 500ml,5.49,21/08/2026,https://scontent-icn2-1.cdninstagram.com/v/t51.82787-15/778794332_18373759255237813_8826403310576910692_n.jpg?stp=dst-jpg_e35_tt6&_nc_cat=101&ig_cache_key=Mzk2ODYwMzg2MzYxMTAyNjY2MQ%3D%3D.3-ccb7-5&ccb=7-5&_nc_sid=58cdad&efg=eyJ2ZW5jb2RlX3RhZyI6IkNBUk9VU0VMX0lURU0ueHBpZHMuMTA4MC5zZHIucmVndWxhcl9waG90by5DMyJ9&_nc_ohc=DryH40MHA-0Q7kNvwHlOstU&_nc_oc=AdqJ2OUPVovPfynJ37bsL2MvYtb9RgdzTYqoK9zsLWolpMCLq5U4lavGekYj_TTQCn4&_nc_zt=23&_nc_ht=scontent-icn2-1.cdninstagram.com&_nc_gid=mgYzv2qK_1weCrj6V3YCEQ&_nc_ss=7c689&oh=00_AQGZkepon_O7BwGMTYqDFah9olGz8lwMVg0tEWeZ787UTQ&oe=6A93581B,https://www.instagram.com/p/DcTUD7jlm8n/
Supermercado Tuiuiú,Carnes / Aves,Pé de Frango kg,5.99,24/08/2026,https://scontent-icn2-1.cdninstagram.com/v/t51.82787-15/784426343_18580975111067900_205538007721909221_n.jpg?stp=dst-jpg_e35_tt6&_nc_cat=106&ig_cache_key=Mzk3MDc5NjI2NjQwNTU1MjkxMg%3D%3D.3-ccb7-5&ccb=7-5&_nc_sid=58cdad&efg=eyJ2ZW5jb2RlX3RhZyI6IkNBUk9VU0VMX0lURU0ueHBpZHMuMTA4MC5zZHIucmVndWxhcl9waG90by5DMyJ9&_nc_ohc=oWX99iJ5blYQ7kNvwGaKrOe&_nc_oc=AdoG2RIVlGR8vGuSx8x3fceAdJKQ5n0An5mGHUgS5nNHII3Oi4Mkw19Snk205nwwQYs&_nc_zt=23&_nc_ht=scontent-icn2-1.cdninstagram.com&_nc_gid=GKWI6IT2Qrj9_lnOoEGBcQ&_nc_ss=72289&oh=00_AQE-DacA5fGwIcsf6ET4uIDKGcgQek8eRiQGMZ4guO2rGQ&oe=6A932DBA,https://www.instagram.com/p/DcbGjHNlQSs/
Bom Jesus Primavera do Leste 🛒,Carnes / Aves,Coxa e Sobrecoxa de Frango Canção kg,6.99,21/08/2026,https://scontent-icn2-1.cdninstagram.com/v/t51.82787-15/778256078_18373759237237813_68945980692155706_n.jpg?stp=dst-jpg_e35_tt6&_nc_cat=105&ig_cache_key=Mzk2ODYwMzg1OTMyNDAzMjgwMg%3D%3D.3-ccb7-5&ccb=7-5&_nc_sid=58cdad&efg=eyJ2ZW5jb2RlX3RhZyI6IkNBUk9VU0VMX0lURU0ueHBpZHMuMTA4MC5zZHIucmVndWxhcl9waG90by5DMyJ9&_nc_ohc=0-g_thU9LSsQ7kNvwH4S-8m&_nc_oc=AdqtLYq73E_g5aakQK9w1PJIXjemZB8LM2YSh_nBRVnprMHjOIlONUZEQSizDeXUh2s&_nc_zt=23&_nc_ht=scontent-icn2-1.cdninstagram.com&_nc_gid=mgYzv2qK_1weCrj6V3YCEQ&_nc_ss=7c689&oh=00_AQGYuJUxx5-VyAonscTkmX_8221yOF5CZm7K9mc61i36DQ&oe=6A933843,https://www.instagram.com/p/DcTUD7jlm8n/
SUPERMERCADO PARANAENSE,Carnes / Aves,Coxa e Sobrecoxa de Frango Bello kg,6.99,21/08/2026,https://scontent-ber1-1.cdninstagram.com/v/t51.82787-15/782639788_17906516796496981_1020296803527373493_n.jpg?stp=dst-jpg_e35_tt6&_nc_cat=106&ig_cache_key=Mzk2ODI0NTY3NDgyMDQ2MDk5NA%3D%3D.3-ccb7-5&ccb=7-5&_nc_sid=58cdad&efg=eyJ2ZW5jb2RlX3RhZyI6IkZFRUQueHBpZHMuMTM1MC5zZHIucmVndWxhcl9waG90by5DMyJ9&_nc_ohc=gbll6KSmx0QQ7kNvwF4nclA&_nc_oc=Adq7921HdQfCt-sH9Er55ek1Dt_wQtkZ2ghl6Ae8c3_XPvrckHtm5C8OdLuTNBDF_8Q&_nc_zt=23&_nc_ht=scontent-ber1-1.cdninstagram.com&_nc_gid=-7wpgcZWKRWnwaeI9FRp4w&_nc_ss=7ca8c&oh=00_AQHIA7lVJRy_nw0kyT2UqDN67NHh6IneVxOdOJcWmAPMFA&oe=6A933CCD,https://www.instagram.com/p/DcSCmqlJ2HC/
Super Compras Supermercado,Carnes / Aves,Coxa e Sobrecoxa de Frango Sadia kg,8.99,21/08/2026,https://instagram.fgig29-1.fna.fbcdn.net/v/t51.82787-15/780140079_18192045034391764_7683991793781918786_n.jpg?stp=dst-jpg_e35_tt6&_nc_cat=103&ig_cache_key=Mzk2ODIxODA0ODc2ODI1MjE2NA%3D%3D.3-ccb7-5&ccb=7-5&_nc_sid=58cdad&efg=eyJ2ZW5jb2RlX3RhZyI6IkZFRUQueHBpZHMuMTQ0MC5zZHIucmVndWxhcl9waG90by5DMyJ9&_nc_ohc=Su6wo4o_AAEQ7kNvwEhIKwv&_nc_oc=Adop14jhGwGsK-bp6D3YEHQJ6HwDHtBtexHXhw6HYKAJYDmwZZmTrajCg4EMgL1O7-8&_nc_zt=23&_nc_ht=instagram.fgig29-1.fna&_nc_gid=Ta7xc8L_GEbjc0S-7rvaLA&_nc_ss=72289&oh=00_AQF3vMlvNFUTXZgHuAOtRk290jCsXzLDpnshBiUayp-88Q&oe=6A9356AE,https://www.instagram.com/p/DcR8Up0IBkE/
Super Compras Supermercado,Carnes / Aves,Sobrecoxa de Frango Sadia kg,9.99,20/08/2026,https://instagram.fbjx4-1.fna.fbcdn.net/v/t51.82787-15/775027665_18191945224391764_8081345465351211337_n.jpg?stp=dst-jpg_e35_tt6&_nc_cat=103&ig_cache_key=Mzk2NzQ4OTc2ODM5MzY0MjE0Ng%3D%3D.3-ccb7-5&ccb=7-5&_nc_sid=58cdad&efg=eyJ2ZW5jb2RlX3RhZyI6IkZFRUQueHBpZHMuMTQ0MC5zZHIucmVndWxhcl9waG90by5DMyJ9&_nc_ohc=m58yuTfxv2cQ7kNvwHNySAb&_nc_oc=Adq3kwRxXagI5EEIBF8RfLaecKcvkENGVYUj6cI81yDAOnQXk8mce3NZfDCk6C4fvK1Mk_mFv-GpGKLHI62s1q44&_nc_zt=23&_nc_ht=instagram.fbjx4-1.fna&_nc_gid=IrFucFPhsTDYfOVN_rsnew&_nc_ss=72289&oh=00_AQGQMgjbCCf1kRd4cbRZ-s1dwxD0xMoTxokBtP9kO_mKAw&oe=6A932750,https://www.instagram.com/p/DcPWux3GZCi/
Mercado Talismã,Carnes / Aves,Peito de Frango com Osso kg,9.99,24/08/2026,https://instagram.fyxd4-1.fna.fbcdn.net/v/t51.82787-15/784981092_18093283481531849_7946010799392771074_n.jpg?stp=dst-jpg_e35_tt6&_nc_cat=111&ig_cache_key=Mzk3MDc3NzUwOTU4MjQyNTYwNQ%3D%3D.3-ccb7-5&ccb=7-5&_nc_sid=58cdad&efg=eyJ2ZW5jb2RlX3RhZyI6IkNBUk9VU0VMX0lURU0ueHBpZHMuMTI1NC5zZHIucmVndWxhcl9waG90by5DMyJ9&_nc_ohc=3GifiJ5m9Q8Q7kNvwGdcI0d&_nc_oc=Ado-8GII9nZU0n1RsGHYKzN22xNW-9BUjx87lXC5KHGjagKsiT2RC2xfM3VroakZnZcGT43fwRh10JZuVJyznS-r&_nc_zt=23&_nc_ht=instagram.fyxd4-1.fna&_nc_gid=T-z5bvwFELXK1EgWMBPJ0Q&_nc_ss=72689&oh=00_AQGV18slPy2jqDc1WZ6dL2inSOKi4o17IKhkU95RDA9Otg&oe=6A93588A,https://www.instagram.com/p/DcbCSf6Efnj/
Supermercado Bianchi,Carnes / Aves,Frango A Passarinho Lar 1kg,11.99,20/08/2026,https://instagram.fsyd8-1.fna.fbcdn.net/v/t39.30808-6/779180625_1656123539851377_603390600869845661_n.jpg?stp=dst-jpg_e35_tt6&_nc_cat=106&_nc_map=urlgen_bucketless&ig_cache_key=Mzk2NzU2NTg3NTk2MDM4ODE5Nw%3D%3D.3-ccb7-5&ccb=7-5&_nc_sid=58cdad&efg=eyJ2ZW5jb2RlX3RhZyI6IkNBUk9VU0VMX0lURU0ueHBpZHMuMTEyMi5zZHIucmVndWxhcl9waG90by5DMyJ9&_nc_ohc=uDzuLx5Ry2IQ7kNvwGtBwXU&_nc_oc=AdoRxkPysGfRaPzhTnoorjFZymSaUUDoPnxb1KJM29u-RQlLQUNsixSD_jdp0XnFZeo&_nc_zt=23&_nc_ht=instagram.fsyd8-1.fna&_nc_gid=Tdp7-Qumz98PqP-E-4IOxg&_nc_ss=72289&oh=00_AQGMgtwW3UE-6yjtQt1SSQUnZBAgDmJBpbNHmmveJnKgXQ&oe=6A935C55,https://www.instagram.com/p/DcPoCetlHRj/
Super Compras Supermercado,Carnes / Aves,Coxinhas da Asa de Frango Super Frango 1kg,12.99,22/08/2026,https://scontent-nrt1-1.cdninstagram.com/v/t51.82787-15/781425562_18192143110391764_1116124836587707156_n.jpg?stp=dst-jpg_e35_tt6&_nc_cat=103&ig_cache_key=Mzk2ODk1MTQ4MDU4NDU2NzM5OQ%3D%3D.3-ccb7-5&ccb=7-5&_nc_sid=58cdad&efg=eyJ2ZW5jb2RlX3RhZyI6IkZFRUQueHBpZHMuMTQ0MC5zZHIucmVndWxhcl9waG90by5DMyJ9&_nc_ohc=FnigSYXdvhUQ7kNvwGRkcAG&_nc_oc=AdonCCxXHqGTg_PWXyB1JgNdcqEH_vwJJWL680R28EmNOK2bM5C2WZM7cy119AH_gLdlXnMljHveyI95cRbzLUPs&_nc_zt=23&_nc_ht=scontent-nrt1-1.cdninstagram.com&_nc_gid=Zy6soJZ4nQgZ51IpDvUjQQ&_nc_ss=72689&oh=00_AQE0ZBvL8gk1k0OD2tKfuVSe0Dd82iIDS1jZDljIS0bHaQ&oe=6A932EE0,https://www.instagram.com/p/DcUjFfbAPpn/
Supermercado Bianchi,Carnes / Aves,Coxa de Frango Sadia 1kg,12.99,21/08/2026,https://instagram.fjal2-1.fna.fbcdn.net/v/t39.30808-6/782170702_1657849206345477_5831566733473110975_n.jpg?stp=dst-jpg_e35_tt6&_nc_cat=100&ig_cache_key=Mzk2ODk0NTQxMzExMjgxNzUxNQ%3D%3D.3-ccb7-5&ccb=7-5&_nc_sid=58cdad&efg=eyJ2ZW5jb2RlX3RhZyI6IkNBUk9VU0VMX0lURU0ueHBpZHMuMTYzOC5zZHIucmVndWxhcl9waG90by5DMyJ9&_nc_ohc=nPR0J7MpbqkQ7kNvwGTufPc&_nc_oc=AdrAnofScMGb7JEy3acLCjyQ8V_EYDdJrcrNUmu0PZ-Jzn2cfdSSNstL_TJXGBzUoA6T3OKZFwcdPAs4-xwl7CKu&_nc_zt=23&_nc_ht=instagram.fjal2-1.fna&_nc_gid=NvcNX2IA17yahy36SxQO3g&_nc_ss=72a8c&oh=00_AQEnMbAF_4-1Bgtm-jMT5QqOJC0j1s5xGTZsLfyRKtQHzA&oe=6A932677,https://www.instagram.com/p/DcUhthogY_o/
Supermercado Bianchi,Carnes / Aves,Limpador Perfumado Casaflor 1.75L,12.99,24/08/2026,https://scontent-man2-1.cdninstagram.com/v/t39.30808-6/784620919_1660330049430726_7690860967579283241_n.jpg?stp=dst-jpg_e35_tt6&_nc_cat=104&ig_cache_key=Mzk3MDg1ODEzMjQ1NzE4OTE0OA%3D%3D.3-ccb7-5&ccb=7-5&_nc_sid=58cdad&efg=eyJ2ZW5jb2RlX3RhZyI6IkZFRUQueHBpZHMuMTA4MC5zZHIucmVndWxhcl9waG90by5DMyJ9&_nc_ohc=kVs24eXKuXcQ7kNvwFdbcG7&_nc_oc=Adpd6U8S64knccFekGZISfBIFArxa_ShscacZP9GRWwgrturoWuB8BUQPljdsmzjdeA&_nc_zt=23&_nc_ht=scontent-man2-1.cdninstagram.com&_nc_gid=Bq5HOoLsi4HmJa0SpML2vw&_nc_ss=72a8c&oh=00_AQG1bEHnkFyRdQLWLzDjyByHkR84rdwQPSpbyb-5SSOXPA&oe=6A9354E1,https://www.instagram.com/p/DcbUm7WlO8c/
Supermercado Bianchi,Carnes / Aves,Coxinha da Asa de Frango Lar 1kg,13.99,20/08/2026,https://instagram.fsyd15-1.fna.fbcdn.net/v/t39.30808-6/783127669_1656952699768461_9196129294490006795_n.jpg?stp=dst-jpg_e35_tt6&_nc_cat=105&ig_cache_key=Mzk2ODIxOTE0MTI4MjUzMzIxNg%3D%3D.3-ccb7-5&ccb=7-5&_nc_sid=58cdad&efg=eyJ2ZW5jb2RlX3RhZyI6IkNBUk9VU0VMX0lURU0ueHBpZHMuMTA4MC5zZHIucmVndWxhcl9waG90by5DMyJ9&_nc_ohc=mrxCcB2Uh1kQ7kNvwGW0teV&_nc_oc=AdrPVrnRTc9aG4Hnq8P-aBn9pQB0dvFVbH7ROyNz0I8dcLIyJ5zTYcefyDprXcnFKFc&_nc_zt=23&_nc_ht=instagram.fsyd15-1.fna&_nc_gid=LoiYda-taTEeT-oXCQhvgg&_nc_ss=72689&oh=00_AQHMOiAtgbcJmOa0I1cJbr86VEeaZ9_0F-Pyp-ooVOyasQ&oe=6A9333BF,https://www.instagram.com/p/DcR8kwqjUQX/
Machadão Atacadista,Carnes / Aves,Linguiça de Frango Sadia 700g,14.99,24/08/2026,https://instagram.fvgo1-1.fna.fbcdn.net/v/t39.30808-6/780076458_1356271723259452_5989685085733377211_n.jpg?stp=dst-jpg_e35_tt6&_nc_cat=105&ig_cache_key=Mzk3MDQwODc0MjIxMDQ3NDY5OA%3D%3D.3-ccb7-5&ccb=7-5&_nc_sid=58cdad&efg=eyJ2ZW5jb2RlX3RhZyI6IkNBUk9VU0VMX0lURU0ueHBpZHMuMTYzOC5zZHIucmVndWxhcl9waG90by5DMyJ9&_nc_ohc=EI5S9KuUQlYQ7kNvwHTeyEC&_nc_oc=Ado76MWL50dyatx5e5JsLvemf2bX8tQ_EKDfqdbtu7ecu0THsxz7L8eARAJWoKeYULk&_nc_zt=23&_nc_ht=instagram.fvgo1-1.fna&_nc_gid=2YaBajca_LptN1d4Kr4FBA&_nc_ss=72a8c&oh=00_AQE-ERlIOED8YQlejQUmbVbTLQIDIxb2ocyP1vuHBDz6-A&oe=6A93284E,https://www.instagram.com/p/DcZubq6D10t/
Supermercado São Pedro,Carnes / Aves,Filé de Peito de Frango kg,16.49,24/08/2026,https://scontent-mad2-1.cdninstagram.com/v/t51.82787-15/779866028_18195137623382122_1225681475285530325_n.jpg?stp=dst-jpg_e35_tt6&_nc_cat=104&ig_cache_key=Mzk3MDg5NTAzMjEwMDYxNzYxMA%3D%3D.3-ccb7-5&ccb=7-5&_nc_sid=58cdad&efg=eyJ2ZW5jb2RlX3RhZyI6IkZFRUQueHBpZHMuMzI0OC5zZHIucmVndWxhcl9waG90by5DMyJ9&_nc_ohc=27_NHNZ1YPEQ7kNvwGI2SAs&_nc_oc=AdpiaMcWDefUwe-5Ne8xkg2Hy2KnKgaQsIG3eeTK55u-1fiorwpLhShlaoMvQSdKWIQ&_nc_zt=23&_nc_ht=scontent-mad2-1.cdninstagram.com&_nc_gid=PIEwP_FvNjZSEYmPKTnRXg&_nc_ss=72a8c&oh=00_AQGYVhQEP5EtwrDSsNmYCIrkHFE9TxO5FJ8__cMoTI5BWA&oe=6A9323E1,https://www.instagram.com/p/Dcbc_40uH2K/
Supermercado Bianchi,Carnes / Aves,Lasanha Sadia 600g,16.99,21/08/2026,https://instagram.fjal2-1.fna.fbcdn.net/v/t39.30808-6/784063255_1657849239678807_5513880334027503636_n.jpg?stp=dst-jpg_e35_tt6&_nc_cat=101&ig_cache_key=Mzk2ODk0NTQxMjQ4MzY4NTI0Mg%3D%3D.3-ccb7-5&ccb=7-5&_nc_sid=58cdad&efg=eyJ2ZW5jb2RlX3RhZyI6IkNBUk9VU0VMX0lURU0ueHBpZHMuMTYzOC5zZHIucmVndWxhcl9waG90by5DMyJ9&_nc_ohc=Vhjobc6nt_UQ7kNvwFZnvtX&_nc_oc=AdpoM8Aes2TqjbwNPdRPGBqQ6dUnYfzZz28APv7knXkRHJ4uZUh_dk1CjGr-9ddBYWIi54pPTSHKiNri3FvKhNCn&_nc_zt=23&_nc_ht=instagram.fjal2-1.fna&_nc_gid=NvcNX2IA17yahy36SxQO3g&_nc_ss=72a8c&oh=00_AQGP-fDpvpKoPXGOhjFSnM8ysPJHqFjio8exB0zOljyt7g&oe=6A934875,https://www.instagram.com/p/DcUhthogY_o/
Supermercado Bianchi,Carnes / Aves,Frango Inteiro Caipira Nho Bento kg,17.99,21/08/2026,https://instagram.fjal2-1.fna.fbcdn.net/v/t39.30808-6/784063255_1657849239678807_5513880334027503636_n.jpg?stp=dst-jpg_e35_tt6&_nc_cat=101&ig_cache_key=Mzk2ODk0NTQxMjQ4MzY4NTI0Mg%3D%3D.3-ccb7-5&ccb=7-5&_nc_sid=58cdad&efg=eyJ2ZW5jb2RlX3RhZyI6IkNBUk9VU0VMX0lURU0ueHBpZHMuMTYzOC5zZHIucmVndWxhcl9waG90by5DMyJ9&_nc_ohc=Vhjobc6nt_UQ7kNvwFZnvtX&_nc_oc=AdpoM8Aes2TqjbwNPdRPGBqQ6dUnYfzZz28APv7knXkRHJ4uZUh_dk1CjGr-9ddBYWIi54pPTSHKiNri3FvKhNCn&_nc_zt=23&_nc_ht=instagram.fjal2-1.fna&_nc_gid=NvcNX2IA17yahy36SxQO3g&_nc_ss=72a8c&oh=00_AQGP-fDpvpKoPXGOhjFSnM8ysPJHqFjio8exB0zOljyt7g&oe=6A934875,https://www.instagram.com/p/DcUhthogY_o/
Supermercado Bianchi,Carnes / Aves,Filé de Peito de Frango Super Frango 1kg,17.99,20/08/2026,https://instagram.fsyd8-1.fna.fbcdn.net/v/t39.30808-6/779180625_1656123539851377_603390600869845661_n.jpg?stp=dst-jpg_e35_tt6&_nc_cat=106&_nc_map=urlgen_bucketless&ig_cache_key=Mzk2NzU2NTg3NTk2MDM4ODE5Nw%3D%3D.3-ccb7-5&ccb=7-5&_nc_sid=58cdad&efg=eyJ2ZW5jb2RlX3RhZyI6IkNBUk9VU0VMX0lURU0ueHBpZHMuMTEyMi5zZHIucmVndWxhcl9waG90by5DMyJ9&_nc_ohc=uDzuLx5Ry2IQ7kNvwGtBwXU&_nc_oc=AdoRxkPysGfRaPzhTnoorjFZymSaUUDoPnxb1KJM29u-RQlLQUNsixSD_jdp0XnFZeo&_nc_zt=23&_nc_ht=instagram.fsyd8-1.fna&_nc_gid=Tdp7-Qumz98PqP-E-4IOxg&_nc_ss=72289&oh=00_AQGMgtwW3UE-6yjtQt1SSQUnZBAgDmJBpbNHmmveJnKgXQ&oe=6A935C55,https://www.instagram.com/p/DcPoCetlHRj/
Machadão Atacadista,Carnes / Aves,Filé de Peito de Frango Seara 1kg,19.79,24/08/2026,https://instagram.fvgo1-1.fna.fbcdn.net/v/t39.30808-6/780076458_1356271723259452_5989685085733377211_n.jpg?stp=dst-jpg_e35_tt6&_nc_cat=105&ig_cache_key=Mzk3MDQwODc0MjIxMDQ3NDY5OA%3D%3D.3-ccb7-5&ccb=7-5&_nc_sid=58cdad&efg=eyJ2ZW5jb2RlX3RhZyI6IkNBUk9VU0VMX0lURU0ueHBpZHMuMTYzOC5zZHIucmVndWxhcl9waG90by5DMyJ9&_nc_ohc=EI5S9KuUQlYQ7kNvwHTeyEC&_nc_oc=Ado76MWL50dyatx5e5JsLvemf2bX8tQ_EKDfqdbtu7ecu0THsxz7L8eARAJWoKeYULk&_nc_zt=23&_nc_ht=instagram.fvgo1-1.fna&_nc_gid=2YaBajca_LptN1d4Kr4FBA&_nc_ss=72a8c&oh=00_AQE-ERlIOED8YQlejQUmbVbTLQIDIxb2ocyP1vuHBDz6-A&oe=6A93284E,https://www.instagram.com/p/DcZubq6D10t/
Supermercado Bianchi,Carnes / Aves,Meio da Asa de Frango kg,26.99,21/08/2026,https://scontent-ams2-1.cdninstagram.com/v/t39.30808-6/784080473_1657848796345518_7184352931358203406_n.jpg?stp=dst-jpg_e35_tt6&_nc_cat=107&ig_cache_key=Mzk2ODk0NTQwODQ3NDQ3ODQ5NA%3D%3D.3-ccb7-5&ccb=7-5&_nc_sid=58cdad&efg=eyJ2ZW5jb2RlX3RhZyI6IkNBUk9VU0VMX0lURU0ueHBpZHMuMTA4MC5zZHIucmVndWxhcl9waG90by5DMyJ9&_nc_ohc=ok7KKhGT1G4Q7kNvwGFaYXn&_nc_oc=AdoXnH0s9Cm9mqUelO0DzD0kiDoNPSgDas7xgyn6exi9N6hQhEEpsz1ElTTV-6YUGIQNtW2nOiv1GgNCvdDtlqXH&_nc_zt=23&_nc_ht=scontent-ams2-1.cdninstagram.com&_nc_gid=_yGubzPKW7TUFyUkBBNYSA&_nc_ss=70689&oh=00_AQG0Rzs65_lR3_GMDHRpxHy_0m1T_42qNPRNzWaBXeO6hQ&oe=6A933F75,https://www.instagram.com/p/DcUhtWbCf5d/
Supermercado Bianchi,Carnes / Aves,Coração de Frango Seara 1kg,35.99,21/08/2026,https://instagram.fjal2-1.fna.fbcdn.net/v/t39.30808-6/782170702_1657849206345477_5831566733473110975_n.jpg?stp=dst-jpg_e35_tt6&_nc_cat=100&ig_cache_key=Mzk2ODk0NTQxMzExMjgxNzUxNQ%3D%3D.3-ccb7-5&ccb=7-5&_nc_sid=58cdad&efg=eyJ2ZW5jb2RlX3RhZyI6IkNBUk9VU0VMX0lURU0ueHBpZHMuMTYzOC5zZHIucmVndWxhcl9waG90by5DMyJ9&_nc_ohc=nPR0J7MpbqkQ7kNvwGTufPc&_nc_oc=AdrAnofScMGb7JEy3acLCjyQ8V_EYDdJrcrNUmu0PZ-Jzn2cfdSSNstL_TJXGBzUoA6T3OKZFwcdPAs4-xwl7CKu&_nc_zt=23&_nc_ht=instagram.fjal2-1.fna&_nc_gid=NvcNX2IA17yahy36SxQO3g&_nc_ss=72a8c&oh=00_AQEnMbAF_4-1Bgtm-jMT5QqOJC0j1s5xGTZsLfyRKtQHzA&oe=6A932677,https://www.instagram.com/p/DcUhthogY_o/
Supermercado Tuiuiú,Carnes / Bovina,Recorte Bovino kg,8.99,24/08/2026,https://scontent-icn2-1.cdninstagram.com/v/t51.82787-15/784426343_18580975111067900_205538007721909221_n.jpg?stp=dst-jpg_e35_tt6&_nc_cat=106&ig_cache_key=Mzk3MDc5NjI2NjQwNTU1MjkxMg%3D%3D.3-ccb7-5&ccb=7-5&_nc_sid=58cdad&efg=eyJ2ZW5jb2RlX3RhZyI6IkNBUk9VU0VMX0lURU0ueHBpZHMuMTA4MC5zZHIucmVndWxhcl9waG90by5DMyJ9&_nc_ohc=oWX99iJ5blYQ7kNvwGaKrOe&_nc_oc=AdoG2RIVlGR8vGuSx8x3fceAdJKQ5n0An5mGHUgS5nNHII3Oi4Mkw19Snk205nwwQYs&_nc_zt=23&_nc_ht=scontent-icn2-1.cdninstagram.com&_nc_gid=GKWI6IT2Qrj9_lnOoEGBcQ&_nc_ss=72289&oh=00_AQE-DacA5fGwIcsf6ET4uIDKGcgQek8eRiQGMZ4guO2rGQ&oe=6A932DBA,https://www.instagram.com/p/DcbGjHNlQSs/
SUPERMERCADO PARANAENSE,Carnes / Bovina,Paleta Suína kg,10.99,21/08/2026,https://scontent-ber1-1.cdninstagram.com/v/t51.82787-15/782639788_17906516796496981_1020296803527373493_n.jpg?stp=dst-jpg_e35_tt6&_nc_cat=106&ig_cache_key=Mzk2ODI0NTY3NDgyMDQ2MDk5NA%3D%3D.3-ccb7-5&ccb=7-5&_nc_sid=58cdad&efg=eyJ2ZW5jb2RlX3RhZyI6IkZFRUQueHBpZHMuMTM1MC5zZHIucmVndWxhcl9waG90by5DMyJ9&_nc_ohc=gbll6KSmx0QQ7kNvwF4nclA&_nc_oc=Adq7921HdQfCt-sH9Er55ek1Dt_wQtkZ2ghl6Ae8c3_XPvrckHtm5C8OdLuTNBDF_8Q&_nc_zt=23&_nc_ht=scontent-ber1-1.cdninstagram.com&_nc_gid=-7wpgcZWKRWnwaeI9FRp4w&_nc_ss=7ca8c&oh=00_AQHIA7lVJRy_nw0kyT2UqDN67NHh6IneVxOdOJcWmAPMFA&oe=6A933CCD,https://www.instagram.com/p/DcSCmqlJ2HC/
Bom Jesus Primavera do Leste 🛒,Carnes / Bovina,Bisteca Suína kg,13.99,19/08/2026,https://instagram.fhuy2-1.fna.fbcdn.net/v/t51.82787-15/777447580_18373520875237813_4940623986181555568_n.jpg?stp=dst-jpg_e15_tt6&_nc_cat=102&ig_cache_key=Mzk2NzM5MjE0MDk4NzU2MzAyODE4MzczNTIwODcyMjM3ODEz.3-ccb7-5&ccb=7-5&_nc_sid=58cdad&efg=eyJ2ZW5jb2RlX3RhZyI6IkNMSVBTLnhwaWRzLjcyMC5zZHIudmlkZW9fZGVmYXVsdF9jb3Zlcl9mcmFtZS5DMyJ9&_nc_ohc=1LuH2KlEOIUQ7kNvwH_1il8&_nc_oc=AdoLfVI7y7OQpCI-D00a5fuctoDtvQdBvLvOhbdJqttsQWA-aHeOR_ek9JIgjskzKX4&_nc_zt=23&_nc_ht=instagram.fhuy2-1.fna&_nc_gid=i-uebbNKyqFSmwJ4nWp-Hw&_nc_ss=72a8c&oh=00_AQHlGWxWYl0pxRnZKxVKGPQ6iVH8eRNB2UNZ3Bo6Tx3a6A&oe=6A935A43,https://www.instagram.com/p/DcPAiHQPXwU/
Super Compras Supermercado,Carnes / Bovina,Bisteca Suína kg,14.99,20/08/2026,https://instagram.fbjx4-1.fna.fbcdn.net/v/t51.82787-15/775027665_18191945224391764_8081345465351211337_n.jpg?stp=dst-jpg_e35_tt6&_nc_cat=103&ig_cache_key=Mzk2NzQ4OTc2ODM5MzY0MjE0Ng%3D%3D.3-ccb7-5&ccb=7-5&_nc_sid=58cdad&efg=eyJ2ZW5jb2RlX3RhZyI6IkZFRUQueHBpZHMuMTQ0MC5zZHIucmVndWxhcl9waG90by5DMyJ9&_nc_ohc=m58yuTfxv2cQ7kNvwHNySAb&_nc_oc=Adq3kwRxXagI5EEIBF8RfLaecKcvkENGVYUj6cI81yDAOnQXk8mce3NZfDCk6C4fvK1Mk_mFv-GpGKLHI62s1q44&_nc_zt=23&_nc_ht=instagram.fbjx4-1.fna&_nc_gid=IrFucFPhsTDYfOVN_rsnew&_nc_ss=72289&oh=00_AQGQMgjbCCf1kRd4cbRZ-s1dwxD0xMoTxokBtP9kO_mKAw&oe=6A932750,https://www.instagram.com/p/DcPWux3GZCi/
SUPERMERCADO PARANAENSE,Carnes / Bovina,Bisteca Suína kg,16.99,21/08/2026,https://scontent-ber1-1.cdninstagram.com/v/t51.82787-15/782639788_17906516796496981_1020296803527373493_n.jpg?stp=dst-jpg_e35_tt6&_nc_cat=106&ig_cache_key=Mzk2ODI0NTY3NDgyMDQ2MDk5NA%3D%3D.3-ccb7-5&ccb=7-5&_nc_sid=58cdad&efg=eyJ2ZW5jb2RlX3RhZyI6IkZFRUQueHBpZHMuMTM1MC5zZHIucmVndWxhcl9waG90by5DMyJ9&_nc_ohc=gbll6KSmx0QQ7kNvwF4nclA&_nc_oc=Adq7921HdQfCt-sH9Er55ek1Dt_wQtkZ2ghl6Ae8c3_XPvrckHtm5C8OdLuTNBDF_8Q&_nc_zt=23&_nc_ht=scontent-ber1-1.cdninstagram.com&_nc_gid=-7wpgcZWKRWnwaeI9FRp4w&_nc_ss=7ca8c&oh=00_AQHIA7lVJRy_nw0kyT2UqDN67NHh6IneVxOdOJcWmAPMFA&oe=6A933CCD,https://www.instagram.com/p/DcSCmqlJ2HC/
Super Compras Supermercado,Carnes / Bovina,Costela Bovina kg,20.99,22/08/2026,https://scontent-nrt1-1.cdninstagram.com/v/t51.82787-15/781425562_18192143110391764_1116124836587707156_n.jpg?stp=dst-jpg_e35_tt6&_nc_cat=103&ig_cache_key=Mzk2ODk1MTQ4MDU4NDU2NzM5OQ%3D%3D.3-ccb7-5&ccb=7-5&_nc_sid=58cdad&efg=eyJ2ZW5jb2RlX3RhZyI6IkZFRUQueHBpZHMuMTQ0MC5zZHIucmVndWxhcl9waG90by5DMyJ9&_nc_ohc=FnigSYXdvhUQ7kNvwGRkcAG&_nc_oc=AdonCCxXHqGTg_PWXyB1JgNdcqEH_vwJJWL680R28EmNOK2bM5C2WZM7cy119AH_gLdlXnMljHveyI95cRbzLUPs&_nc_zt=23&_nc_ht=scontent-nrt1-1.cdninstagram.com&_nc_gid=Zy6soJZ4nQgZ51IpDvUjQQ&_nc_ss=72689&oh=00_AQE0ZBvL8gk1k0OD2tKfuVSe0Dd82iIDS1jZDljIS0bHaQ&oe=6A932EE0,https://www.instagram.com/p/DcUjFfbAPpn/
SUPERMERCADO PARANAENSE,Carnes / Bovina,Costela Bovina kg,21.99,21/08/2026,https://scontent-ber1-1.cdninstagram.com/v/t51.82787-15/782639788_17906516796496981_1020296803527373493_n.jpg?stp=dst-jpg_e35_tt6&_nc_cat=106&ig_cache_key=Mzk2ODI0NTY3NDgyMDQ2MDk5NA%3D%3D.3-ccb7-5&ccb=7-5&_nc_sid=58cdad&efg=eyJ2ZW5jb2RlX3RhZyI6IkZFRUQueHBpZHMuMTM1MC5zZHIucmVndWxhcl9waG90by5DMyJ9&_nc_ohc=gbll6KSmx0QQ7kNvwF4nclA&_nc_oc=Adq7921HdQfCt-sH9Er55ek1Dt_wQtkZ2ghl6Ae8c3_XPvrckHtm5C8OdLuTNBDF_8Q&_nc_zt=23&_nc_ht=scontent-ber1-1.cdninstagram.com&_nc_gid=-7wpgcZWKRWnwaeI9FRp4w&_nc_ss=7ca8c&oh=00_AQHIA7lVJRy_nw0kyT2UqDN67NHh6IneVxOdOJcWmAPMFA&oe=6A933CCD,https://www.instagram.com/p/DcSCmqlJ2HC/
Supermercado São Pedro,Carnes / Bovina,Carne Moída kg,22.99,24/08/2026,https://scontent-mad2-1.cdninstagram.com/v/t51.82787-15/779866028_18195137623382122_1225681475285530325_n.jpg?stp=dst-jpg_e35_tt6&_nc_cat=104&ig_cache_key=Mzk3MDg5NTAzMjEwMDYxNzYxMA%3D%3D.3-ccb7-5&ccb=7-5&_nc_sid=58cdad&efg=eyJ2ZW5jb2RlX3RhZyI6IkZFRUQueHBpZHMuMzI0OC5zZHIucmVndWxhcl9waG90by5DMyJ9&_nc_ohc=27_NHNZ1YPEQ7kNvwGI2SAs&_nc_oc=AdpiaMcWDefUwe-5Ne8xkg2Hy2KnKgaQsIG3eeTK55u-1fiorwpLhShlaoMvQSdKWIQ&_nc_zt=23&_nc_ht=scontent-mad2-1.cdninstagram.com&_nc_gid=PIEwP_FvNjZSEYmPKTnRXg&_nc_ss=72a8c&oh=00_AQGYVhQEP5EtwrDSsNmYCIrkHFE9TxO5FJ8__cMoTI5BWA&oe=6A9323E1,https://www.instagram.com/p/Dcbc_40uH2K/
Supermercado São Pedro,Carnes / Bovina,Costela Bovina kg,24.99,24/08/2026,https://scontent-mad2-1.cdninstagram.com/v/t51.82787-15/779866028_18195137623382122_1225681475285530325_n.jpg?stp=dst-jpg_e35_tt6&_nc_cat=104&ig_cache_key=Mzk3MDg5NTAzMjEwMDYxNzYxMA%3D%3D.3-ccb7-5&ccb=7-5&_nc_sid=58cdad&efg=eyJ2ZW5jb2RlX3RhZyI6IkZFRUQueHBpZHMuMzI0OC5zZHIucmVndWxhcl9waG90by5DMyJ9&_nc_ohc=27_NHNZ1YPEQ7kNvwGI2SAs&_nc_oc=AdpiaMcWDefUwe-5Ne8xkg2Hy2KnKgaQsIG3eeTK55u-1fiorwpLhShlaoMvQSdKWIQ&_nc_zt=23&_nc_ht=scontent-mad2-1.cdninstagram.com&_nc_gid=PIEwP_FvNjZSEYmPKTnRXg&_nc_ss=72a8c&oh=00_AQGYVhQEP5EtwrDSsNmYCIrkHFE9TxO5FJ8__cMoTI5BWA&oe=6A9323E1,https://www.instagram.com/p/Dcbc_40uH2K/
Supermercado Bianchi,Carnes / Bovina,Costela Minga Bovina kg,25.99,21/08/2026,https://scontent-ams2-1.cdninstagram.com/v/t39.30808-6/784080473_1657848796345518_7184352931358203406_n.jpg?stp=dst-jpg_e35_tt6&_nc_cat=107&ig_cache_key=Mzk2ODk0NTQwODQ3NDQ3ODQ5NA%3D%3D.3-ccb7-5&ccb=7-5&_nc_sid=58cdad&efg=eyJ2ZW5jb2RlX3RhZyI6IkNBUk9VU0VMX0lURU0ueHBpZHMuMTA4MC5zZHIucmVndWxhcl9waG90by5DMyJ9&_nc_ohc=ok7KKhGT1G4Q7kNvwGFaYXn&_nc_oc=AdoXnH0s9Cm9mqUelO0DzD0kiDoNPSgDas7xgyn6exi9N6hQhEEpsz1ElTTV-6YUGIQNtW2nOiv1GgNCvdDtlqXH&_nc_zt=23&_nc_ht=scontent-ams2-1.cdninstagram.com&_nc_gid=_yGubzPKW7TUFyUkBBNYSA&_nc_ss=70689&oh=00_AQG0Rzs65_lR3_GMDHRpxHy_0m1T_42qNPRNzWaBXeO6hQ&oe=6A933F75,https://www.instagram.com/p/DcUhtWbCf5d/
SUPERMERCADO PARANAENSE,Carnes / Bovina,Capa de Contra Filé Bovino kg,34.99,21/08/2026,https://scontent-ber1-1.cdninstagram.com/v/t51.82787-15/782639788_17906516796496981_1020296803527373493_n.jpg?stp=dst-jpg_e35_tt6&_nc_cat=106&ig_cache_key=Mzk2ODI0NTY3NDgyMDQ2MDk5NA%3D%3D.3-ccb7-5&ccb=7-5&_nc_sid=58cdad&efg=eyJ2ZW5jb2RlX3RhZyI6IkZFRUQueHBpZHMuMTM1MC5zZHIucmVndWxhcl9waG90by5DMyJ9&_nc_ohc=gbll6KSmx0QQ7kNvwF4nclA&_nc_oc=Adq7921HdQfCt-sH9Er55ek1Dt_wQtkZ2ghl6Ae8c3_XPvrckHtm5C8OdLuTNBDF_8Q&_nc_zt=23&_nc_ht=scontent-ber1-1.cdninstagram.com&_nc_gid=-7wpgcZWKRWnwaeI9FRp4w&_nc_ss=7ca8c&oh=00_AQHIA7lVJRy_nw0kyT2UqDN67NHh6IneVxOdOJcWmAPMFA&oe=6A933CCD,https://www.instagram.com/p/DcSCmqlJ2HC/
Mercado Talismã,Carnes / Bovina,Patinho Bovino kg,35.99,24/08/2026,https://instagram.fyxd4-1.fna.fbcdn.net/v/t51.82787-15/784981092_18093283481531849_7946010799392771074_n.jpg?stp=dst-jpg_e35_tt6&_nc_cat=111&ig_cache_key=Mzk3MDc3NzUwOTU4MjQyNTYwNQ%3D%3D.3-ccb7-5&ccb=7-5&_nc_sid=58cdad&efg=eyJ2ZW5jb2RlX3RhZyI6IkNBUk9VU0VMX0lURU0ueHBpZHMuMTI1NC5zZHIucmVndWxhcl9waG90by5DMyJ9&_nc_ohc=3GifiJ5m9Q8Q7kNvwGdcI0d&_nc_oc=Ado-8GII9nZU0n1RsGHYKzN22xNW-9BUjx87lXC5KHGjagKsiT2RC2xfM3VroakZnZcGT43fwRh10JZuVJyznS-r&_nc_zt=23&_nc_ht=instagram.fyxd4-1.fna&_nc_gid=T-z5bvwFELXK1EgWMBPJ0Q&_nc_ss=72689&oh=00_AQGV18slPy2jqDc1WZ6dL2inSOKi4o17IKhkU95RDA9Otg&oe=6A93588A,https://www.instagram.com/p/DcbCSf6Efnj/
Supermercado Bianchi,Carnes / Bovina,Capa de Contra Filé Bovino kg,37.99,21/08/2026,https://scontent-ams2-1.cdninstagram.com/v/t39.30808-6/784080473_1657848796345518_7184352931358203406_n.jpg?stp=dst-jpg_e35_tt6&_nc_cat=107&ig_cache_key=Mzk2ODk0NTQwODQ3NDQ3ODQ5NA%3D%3D.3-ccb7-5&ccb=7-5&_nc_sid=58cdad&efg=eyJ2ZW5jb2RlX3RhZyI6IkNBUk9VU0VMX0lURU0ueHBpZHMuMTA4MC5zZHIucmVndWxhcl9waG90by5DMyJ9&_nc_ohc=ok7KKhGT1G4Q7kNvwGFaYXn&_nc_oc=AdoXnH0s9Cm9mqUelO0DzD0kiDoNPSgDas7xgyn6exi9N6hQhEEpsz1ElTTV-6YUGIQNtW2nOiv1GgNCvdDtlqXH&_nc_zt=23&_nc_ht=scontent-ams2-1.cdninstagram.com&_nc_gid=_yGubzPKW7TUFyUkBBNYSA&_nc_ss=70689&oh=00_AQG0Rzs65_lR3_GMDHRpxHy_0m1T_42qNPRNzWaBXeO6hQ&oe=6A933F75,https://www.instagram.com/p/DcUhtWbCf5d/
Super Compras Supermercado,Carnes / Bovina,Coxão Duro Bovino kg,39.99,20/08/2026,https://instagram.fbjx4-1.fna.fbcdn.net/v/t51.82787-15/775027665_18191945224391764_8081345465351211337_n.jpg?stp=dst-jpg_e35_tt6&_nc_cat=103&ig_cache_key=Mzk2NzQ4OTc2ODM5MzY0MjE0Ng%3D%3D.3-ccb7-5&ccb=7-5&_nc_sid=58cdad&efg=eyJ2ZW5jb2RlX3RhZyI6IkZFRUQueHBpZHMuMTQ0MC5zZHIucmVndWxhcl9waG90by5DMyJ9&_nc_ohc=m58yuTfxv2cQ7kNvwHNySAb&_nc_oc=Adq3kwRxXagI5EEIBF8RfLaecKcvkENGVYUj6cI81yDAOnQXk8mce3NZfDCk6C4fvK1Mk_mFv-GpGKLHI62s1q44&_nc_zt=23&_nc_ht=instagram.fbjx4-1.fna&_nc_gid=IrFucFPhsTDYfOVN_rsnew&_nc_ss=72289&oh=00_AQGQMgjbCCf1kRd4cbRZ-s1dwxD0xMoTxokBtP9kO_mKAw&oe=6A932750,https://www.instagram.com/p/DcPWux3GZCi/
Bom Jesus Primavera do Leste 🛒,Carnes / Bovina,Capa de Contra Filé Bovina kg,39.99,19/08/2026,https://instagram.fhuy2-1.fna.fbcdn.net/v/t51.82787-15/777447580_18373520875237813_4940623986181555568_n.jpg?stp=dst-jpg_e15_tt6&_nc_cat=102&ig_cache_key=Mzk2NzM5MjE0MDk4NzU2MzAyODE4MzczNTIwODcyMjM3ODEz.3-ccb7-5&ccb=7-5&_nc_sid=58cdad&efg=eyJ2ZW5jb2RlX3RhZyI6IkNMSVBTLnhwaWRzLjcyMC5zZHIudmlkZW9fZGVmYXVsdF9jb3Zlcl9mcmFtZS5DMyJ9&_nc_ohc=1LuH2KlEOIUQ7kNvwH_1il8&_nc_oc=AdoLfVI7y7OQpCI-D00a5fuctoDtvQdBvLvOhbdJqttsQWA-aHeOR_ek9JIgjskzKX4&_nc_zt=23&_nc_ht=instagram.fhuy2-1.fna&_nc_gid=i-uebbNKyqFSmwJ4nWp-Hw&_nc_ss=72a8c&oh=00_AQHlGWxWYl0pxRnZKxVKGPQ6iVH8eRNB2UNZ3Bo6Tx3a6A&oe=6A935A43,https://www.instagram.com/p/DcPAiHQPXwU/
SUPERMERCADO PARANAENSE,Carnes / Bovina,Coxão Mole Bovino kg,39.99,21/08/2026,https://scontent-ber1-1.cdninstagram.com/v/t51.82787-15/782639788_17906516796496981_1020296803527373493_n.jpg?stp=dst-jpg_e35_tt6&_nc_cat=106&ig_cache_key=Mzk2ODI0NTY3NDgyMDQ2MDk5NA%3D%3D.3-ccb7-5&ccb=7-5&_nc_sid=58cdad&efg=eyJ2ZW5jb2RlX3RhZyI6IkZFRUQueHBpZHMuMTM1MC5zZHIucmVndWxhcl9waG90by5DMyJ9&_nc_ohc=gbll6KSmx0QQ7kNvwF4nclA&_nc_oc=Adq7921HdQfCt-sH9Er55ek1Dt_wQtkZ2ghl6Ae8c3_XPvrckHtm5C8OdLuTNBDF_8Q&_nc_zt=23&_nc_ht=scontent-ber1-1.cdninstagram.com&_nc_gid=-7wpgcZWKRWnwaeI9FRp4w&_nc_ss=7ca8c&oh=00_AQHIA7lVJRy_nw0kyT2UqDN67NHh6IneVxOdOJcWmAPMFA&oe=6A933CCD,https://www.instagram.com/p/DcSCmqlJ2HC/
SUPERMERCADO PARANAENSE,Carnes / Bovina,Patinho Bovino kg,40.99,21/08/2026,https://scontent-ber1-1.cdninstagram.com/v/t51.82787-15/782639788_17906516796496981_1020296803527373493_n.jpg?stp=dst-jpg_e35_tt6&_nc_cat=106&ig_cache_key=Mzk2ODI0NTY3NDgyMDQ2MDk5NA%3D%3D.3-ccb7-5&ccb=7-5&_nc_sid=58cdad&efg=eyJ2ZW5jb2RlX3RhZyI6IkZFRUQueHBpZHMuMTM1MC5zZHIucmVndWxhcl9waG90by5DMyJ9&_nc_ohc=gbll6KSmx0QQ7kNvwF4nclA&_nc_oc=Adq7921HdQfCt-sH9Er55ek1Dt_wQtkZ2ghl6Ae8c3_XPvrckHtm5C8OdLuTNBDF_8Q&_nc_zt=23&_nc_ht=scontent-ber1-1.cdninstagram.com&_nc_gid=-7wpgcZWKRWnwaeI9FRp4w&_nc_ss=7ca8c&oh=00_AQHIA7lVJRy_nw0kyT2UqDN67NHh6IneVxOdOJcWmAPMFA&oe=6A933CCD,https://www.instagram.com/p/DcSCmqlJ2HC/
Bom Jesus Primavera do Leste 🛒,Carnes / Bovina,Paleta Bovina kg,41.99,19/08/2026,https://instagram.fhuy2-1.fna.fbcdn.net/v/t51.82787-15/777447580_18373520875237813_4940623986181555568_n.jpg?stp=dst-jpg_e15_tt6&_nc_cat=102&ig_cache_key=Mzk2NzM5MjE0MDk4NzU2MzAyODE4MzczNTIwODcyMjM3ODEz.3-ccb7-5&ccb=7-5&_nc_sid=58cdad&efg=eyJ2ZW5jb2RlX3RhZyI6IkNMSVBTLnhwaWRzLjcyMC5zZHIudmlkZW9fZGVmYXVsdF9jb3Zlcl9mcmFtZS5DMyJ9&_nc_ohc=1LuH2KlEOIUQ7kNvwH_1il8&_nc_oc=AdoLfVI7y7OQpCI-D00a5fuctoDtvQdBvLvOhbdJqttsQWA-aHeOR_ek9JIgjskzKX4&_nc_zt=23&_nc_ht=instagram.fhuy2-1.fna&_nc_gid=i-uebbNKyqFSmwJ4nWp-Hw&_nc_ss=72a8c&oh=00_AQHlGWxWYl0pxRnZKxVKGPQ6iVH8eRNB2UNZ3Bo6Tx3a6A&oe=6A935A43,https://www.instagram.com/p/DcPAiHQPXwU/
Super Compras Supermercado,Carnes / Bovina,Fraldinha Bovina kg,42.99,22/08/2026,https://scontent-nrt1-1.cdninstagram.com/v/t51.82787-15/781425562_18192143110391764_1116124836587707156_n.jpg?stp=dst-jpg_e35_tt6&_nc_cat=103&ig_cache_key=Mzk2ODk1MTQ4MDU4NDU2NzM5OQ%3D%3D.3-ccb7-5&ccb=7-5&_nc_sid=58cdad&efg=eyJ2ZW5jb2RlX3RhZyI6IkZFRUQueHBpZHMuMTQ0MC5zZHIucmVndWxhcl9waG90by5DMyJ9&_nc_ohc=FnigSYXdvhUQ7kNvwGRkcAG&_nc_oc=AdonCCxXHqGTg_PWXyB1JgNdcqEH_vwJJWL680R28EmNOK2bM5C2WZM7cy119AH_gLdlXnMljHveyI95cRbzLUPs&_nc_zt=23&_nc_ht=scontent-nrt1-1.cdninstagram.com&_nc_gid=Zy6soJZ4nQgZ51IpDvUjQQ&_nc_ss=72689&oh=00_AQE0ZBvL8gk1k0OD2tKfuVSe0Dd82iIDS1jZDljIS0bHaQ&oe=6A932EE0,https://www.instagram.com/p/DcUjFfbAPpn/
Supermercado Bianchi,Carnes / Bovina,Picanha Bovina kg,43.99,21/08/2026,https://scontent-ams2-1.cdninstagram.com/v/t39.30808-6/784080473_1657848796345518_7184352931358203406_n.jpg?stp=dst-jpg_e35_tt6&_nc_cat=107&ig_cache_key=Mzk2ODk0NTQwODQ3NDQ3ODQ5NA%3D%3D.3-ccb7-5&ccb=7-5&_nc_sid=58cdad&efg=eyJ2ZW5jb2RlX3RhZyI6IkNBUk9VU0VMX0lURU0ueHBpZHMuMTA4MC5zZHIucmVndWxhcl9waG90by5DMyJ9&_nc_ohc=ok7KKhGT1G4Q7kNvwGFaYXn&_nc_oc=AdoXnH0s9Cm9mqUelO0DzD0kiDoNPSgDas7xgyn6exi9N6hQhEEpsz1ElTTV-6YUGIQNtW2nOiv1GgNCvdDtlqXH&_nc_zt=23&_nc_ht=scontent-ams2-1.cdninstagram.com&_nc_gid=_yGubzPKW7TUFyUkBBNYSA&_nc_ss=70689&oh=00_AQG0Rzs65_lR3_GMDHRpxHy_0m1T_42qNPRNzWaBXeO6hQ&oe=6A933F75,https://www.instagram.com/p/DcUhtWbCf5d/
Super Compras Supermercado,Carnes / Bovina,Maminha Bovina kg,44.99,22/08/2026,https://scontent-nrt1-1.cdninstagram.com/v/t51.82787-15/781425562_18192143110391764_1116124836587707156_n.jpg?stp=dst-jpg_e35_tt6&_nc_cat=103&ig_cache_key=Mzk2ODk1MTQ4MDU4NDU2NzM5OQ%3D%3D.3-ccb7-5&ccb=7-5&_nc_sid=58cdad&efg=eyJ2ZW5jb2RlX3RhZyI6IkZFRUQueHBpZHMuMTQ0MC5zZHIucmVndWxhcl9waG90by5DMyJ9&_nc_ohc=FnigSYXdvhUQ7kNvwGRkcAG&_nc_oc=AdonCCxXHqGTg_PWXyB1JgNdcqEH_vwJJWL680R28EmNOK2bM5C2WZM7cy119AH_gLdlXnMljHveyI95cRbzLUPs&_nc_zt=23&_nc_ht=scontent-nrt1-1.cdninstagram.com&_nc_gid=Zy6soJZ4nQgZ51IpDvUjQQ&_nc_ss=72689&oh=00_AQE0ZBvL8gk1k0OD2tKfuVSe0Dd82iIDS1jZDljIS0bHaQ&oe=6A932EE0,https://www.instagram.com/p/DcUjFfbAPpn/
Super Compras Supermercado,Carnes / Bovina,Alcatra Bovina kg,47.99,22/08/2026,https://scontent-nrt1-1.cdninstagram.com/v/t51.82787-15/781425562_18192143110391764_1116124836587707156_n.jpg?stp=dst-jpg_e35_tt6&_nc_cat=103&ig_cache_key=Mzk2ODk1MTQ4MDU4NDU2NzM5OQ%3D%3D.3-ccb7-5&ccb=7-5&_nc_sid=58cdad&efg=eyJ2ZW5jb2RlX3RhZyI6IkZFRUQueHBpZHMuMTQ0MC5zZHIucmVndWxhcl9waG90by5DMyJ9&_nc_ohc=FnigSYXdvhUQ7kNvwGRkcAG&_nc_oc=AdonCCxXHqGTg_PWXyB1JgNdcqEH_vwJJWL680R28EmNOK2bM5C2WZM7cy119AH_gLdlXnMljHveyI95cRbzLUPs&_nc_zt=23&_nc_ht=scontent-nrt1-1.cdninstagram.com&_nc_gid=Zy6soJZ4nQgZ51IpDvUjQQ&_nc_ss=72689&oh=00_AQE0ZBvL8gk1k0OD2tKfuVSe0Dd82iIDS1jZDljIS0bHaQ&oe=6A932EE0,https://www.instagram.com/p/DcUjFfbAPpn/
SUPERMERCADO PARANAENSE,Carnes / Peixes,Peixe Tambatinga kg,24.99,21/08/2026,https://scontent-ber1-1.cdninstagram.com/v/t51.82787-15/782639788_17906516796496981_1020296803527373493_n.jpg?stp=dst-jpg_e35_tt6&_nc_cat=106&ig_cache_key=Mzk2ODI0NTY3NDgyMDQ2MDk5NA%3D%3D.3-ccb7-5&ccb=7-5&_nc_sid=58cdad&efg=eyJ2ZW5jb2RlX3RhZyI6IkZFRUQueHBpZHMuMTM1MC5zZHIucmVndWxhcl9waG90by5DMyJ9&_nc_ohc=gbll6KSmx0QQ7kNvwF4nclA&_nc_oc=Adq7921HdQfCt-sH9Er55ek1Dt_wQtkZ2ghl6Ae8c3_XPvrckHtm5C8OdLuTNBDF_8Q&_nc_zt=23&_nc_ht=scontent-ber1-1.cdninstagram.com&_nc_gid=-7wpgcZWKRWnwaeI9FRp4w&_nc_ss=7ca8c&oh=00_AQHIA7lVJRy_nw0kyT2UqDN67NHh6IneVxOdOJcWmAPMFA&oe=6A933CCD,https://www.instagram.com/p/DcSCmqlJ2HC/
Supermercado Bianchi,Carnes / Peixes,Peixe Inteiro Pintado kg,42.99,21/08/2026,https://instagram.fjal2-1.fna.fbcdn.net/v/t39.30808-6/782170702_1657849206345477_5831566733473110975_n.jpg?stp=dst-jpg_e35_tt6&_nc_cat=100&ig_cache_key=Mzk2ODk0NTQxMzExMjgxNzUxNQ%3D%3D.3-ccb7-5&ccb=7-5&_nc_sid=58cdad&efg=eyJ2ZW5jb2RlX3RhZyI6IkNBUk9VU0VMX0lURU0ueHBpZHMuMTYzOC5zZHIucmVndWxhcl9waG90by5DMyJ9&_nc_ohc=nPR0J7MpbqkQ7kNvwGTufPc&_nc_oc=AdrAnofScMGb7JEy3acLCjyQ8V_EYDdJrcrNUmu0PZ-Jzn2cfdSSNstL_TJXGBzUoA6T3OKZFwcdPAs4-xwl7CKu&_nc_zt=23&_nc_ht=instagram.fjal2-1.fna&_nc_gid=NvcNX2IA17yahy36SxQO3g&_nc_ss=72a8c&oh=00_AQEnMbAF_4-1Bgtm-jMT5QqOJC0j1s5xGTZsLfyRKtQHzA&oe=6A932677,https://www.instagram.com/p/DcUhthogY_o/
Super Compras Supermercado,Carnes / Suína e Embutidos,Mortadela Bolognella Perdigão kg,9.99,21/08/2026,https://instagram.fgig29-1.fna.fbcdn.net/v/t51.82787-15/780140079_18192045034391764_7683991793781918786_n.jpg?stp=dst-jpg_e35_tt6&_nc_cat=103&ig_cache_key=Mzk2ODIxODA0ODc2ODI1MjE2NA%3D%3D.3-ccb7-5&ccb=7-5&_nc_sid=58cdad&efg=eyJ2ZW5jb2RlX3RhZyI6IkZFRUQueHBpZHMuMTQ0MC5zZHIucmVndWxhcl9waG90by5DMyJ9&_nc_ohc=Su6wo4o_AAEQ7kNvwEhIKwv&_nc_oc=Adop14jhGwGsK-bp6D3YEHQJ6HwDHtBtexHXhw6HYKAJYDmwZZmTrajCg4EMgL1O7-8&_nc_zt=23&_nc_ht=instagram.fgig29-1.fna&_nc_gid=Ta7xc8L_GEbjc0S-7rvaLA&_nc_ss=72289&oh=00_AQF3vMlvNFUTXZgHuAOtRk290jCsXzLDpnshBiUayp-88Q&oe=6A9356AE,https://www.instagram.com/p/DcR8Up0IBkE/
Super Compras Supermercado,Carnes / Suína e Embutidos,Pernil Suíno kg,9.99,22/08/2026,https://scontent-nrt1-1.cdninstagram.com/v/t51.82787-15/781425562_18192143110391764_1116124836587707156_n.jpg?stp=dst-jpg_e35_tt6&_nc_cat=103&ig_cache_key=Mzk2ODk1MTQ4MDU4NDU2NzM5OQ%3D%3D.3-ccb7-5&ccb=7-5&_nc_sid=58cdad&efg=eyJ2ZW5jb2RlX3RhZyI6IkZFRUQueHBpZHMuMTQ0MC5zZHIucmVndWxhcl9waG90by5DMyJ9&_nc_ohc=FnigSYXdvhUQ7kNvwGRkcAG&_nc_oc=AdonCCxXHqGTg_PWXyB1JgNdcqEH_vwJJWL680R28EmNOK2bM5C2WZM7cy119AH_gLdlXnMljHveyI95cRbzLUPs&_nc_zt=23&_nc_ht=scontent-nrt1-1.cdninstagram.com&_nc_gid=Zy6soJZ4nQgZ51IpDvUjQQ&_nc_ss=72689&oh=00_AQE0ZBvL8gk1k0OD2tKfuVSe0Dd82iIDS1jZDljIS0bHaQ&oe=6A932EE0,https://www.instagram.com/p/DcUjFfbAPpn/
SUPERMERCADO PARANAENSE,Carnes / Suína e Embutidos,Pernil Suíno kg,10.99,21/08/2026,https://scontent-ber1-1.cdninstagram.com/v/t51.82787-15/782639788_17906516796496981_1020296803527373493_n.jpg?stp=dst-jpg_e35_tt6&_nc_cat=106&ig_cache_key=Mzk2ODI0NTY3NDgyMDQ2MDk5NA%3D%3D.3-ccb7-5&ccb=7-5&_nc_sid=58cdad&efg=eyJ2ZW5jb2RlX3RhZyI6IkZFRUQueHBpZHMuMTM1MC5zZHIucmVndWxhcl9waG90by5DMyJ9&_nc_ohc=gbll6KSmx0QQ7kNvwF4nclA&_nc_oc=Adq7921HdQfCt-sH9Er55ek1Dt_wQtkZ2ghl6Ae8c3_XPvrckHtm5C8OdLuTNBDF_8Q&_nc_zt=23&_nc_ht=scontent-ber1-1.cdninstagram.com&_nc_gid=-7wpgcZWKRWnwaeI9FRp4w&_nc_ss=7ca8c&oh=00_AQHIA7lVJRy_nw0kyT2UqDN67NHh6IneVxOdOJcWmAPMFA&oe=6A933CCD,https://www.instagram.com/p/DcSCmqlJ2HC/
SUPERMERCADO PARANAENSE,Carnes / Suína e Embutidos,Linguiça Toscana Excelência kg,14.99,21/08/2026,https://scontent-ber1-1.cdninstagram.com/v/t51.82787-15/782639788_17906516796496981_1020296803527373493_n.jpg?stp=dst-jpg_e35_tt6&_nc_cat=106&ig_cache_key=Mzk2ODI0NTY3NDgyMDQ2MDk5NA%3D%3D.3-ccb7-5&ccb=7-5&_nc_sid=58cdad&efg=eyJ2ZW5jb2RlX3RhZyI6IkZFRUQueHBpZHMuMTM1MC5zZHIucmVndWxhcl9waG90by5DMyJ9&_nc_ohc=gbll6KSmx0QQ7kNvwF4nclA&_nc_oc=Adq7921HdQfCt-sH9Er55ek1Dt_wQtkZ2ghl6Ae8c3_XPvrckHtm5C8OdLuTNBDF_8Q&_nc_zt=23&_nc_ht=scontent-ber1-1.cdninstagram.com&_nc_gid=-7wpgcZWKRWnwaeI9FRp4w&_nc_ss=7ca8c&oh=00_AQHIA7lVJRy_nw0kyT2UqDN67NHh6IneVxOdOJcWmAPMFA&oe=6A933CCD,https://www.instagram.com/p/DcSCmqlJ2HC/
Supermercado Bianchi,Carnes / Suína e Embutidos,Linguiça Suína Perdigão kg,16.99,20/08/2026,https://instagram.fsyd8-1.fna.fbcdn.net/v/t39.30808-6/779180625_1656123539851377_603390600869845661_n.jpg?stp=dst-jpg_e35_tt6&_nc_cat=106&_nc_map=urlgen_bucketless&ig_cache_key=Mzk2NzU2NTg3NTk2MDM4ODE5Nw%3D%3D.3-ccb7-5&ccb=7-5&_nc_sid=58cdad&efg=eyJ2ZW5jb2RlX3RhZyI6IkNBUk9VU0VMX0lURU0ueHBpZHMuMTEyMi5zZHIucmVndWxhcl9waG90by5DMyJ9&_nc_ohc=uDzuLx5Ry2IQ7kNvwGtBwXU&_nc_oc=AdoRxkPysGfRaPzhTnoorjFZymSaUUDoPnxb1KJM29u-RQlLQUNsixSD_jdp0XnFZeo&_nc_zt=23&_nc_ht=instagram.fsyd8-1.fna&_nc_gid=Tdp7-Qumz98PqP-E-4IOxg&_nc_ss=72289&oh=00_AQGMgtwW3UE-6yjtQt1SSQUnZBAgDmJBpbNHmmveJnKgXQ&oe=6A935C55,https://www.instagram.com/p/DcPoCetlHRj/
Supermercado Bianchi,Carnes / Suína e Embutidos,Bacon Perdigão 250g,18.99,21/08/2026,https://instagram.fjal2-1.fna.fbcdn.net/v/t39.30808-6/784063255_1657849239678807_5513880334027503636_n.jpg?stp=dst-jpg_e35_tt6&_nc_cat=101&ig_cache_key=Mzk2ODk0NTQxMjQ4MzY4NTI0Mg%3D%3D.3-ccb7-5&ccb=7-5&_nc_sid=58cdad&efg=eyJ2ZW5jb2RlX3RhZyI6IkNBUk9VU0VMX0lURU0ueHBpZHMuMTYzOC5zZHIucmVndWxhcl9waG90by5DMyJ9&_nc_ohc=Vhjobc6nt_UQ7kNvwFZnvtX&_nc_oc=AdpoM8Aes2TqjbwNPdRPGBqQ6dUnYfzZz28APv7knXkRHJ4uZUh_dk1CjGr-9ddBYWIi54pPTSHKiNri3FvKhNCn&_nc_zt=23&_nc_ht=instagram.fjal2-1.fna&_nc_gid=NvcNX2IA17yahy36SxQO3g&_nc_ss=72a8c&oh=00_AQGP-fDpvpKoPXGOhjFSnM8ysPJHqFjio8exB0zOljyt7g&oe=6A934875,https://www.instagram.com/p/DcUhthogY_o/
Super Compras Supermercado,Carnes / Suína e Embutidos,Linguiça Suína kg,21.99,22/08/2026,https://scontent-nrt1-1.cdninstagram.com/v/t51.82787-15/781425562_18192143110391764_1116124836587707156_n.jpg?stp=dst-jpg_e35_tt6&_nc_cat=103&ig_cache_key=Mzk2ODk1MTQ4MDU4NDU2NzM5OQ%3D%3D.3-ccb7-5&ccb=7-5&_nc_sid=58cdad&efg=eyJ2ZW5jb2RlX3RhZyI6IkZFRUQueHBpZHMuMTQ0MC5zZHIucmVndWxhcl9waG90by5DMyJ9&_nc_ohc=FnigSYXdvhUQ7kNvwGRkcAG&_nc_oc=AdonCCxXHqGTg_PWXyB1JgNdcqEH_vwJJWL680R28EmNOK2bM5C2WZM7cy119AH_gLdlXnMljHveyI95cRbzLUPs&_nc_zt=23&_nc_ht=scontent-nrt1-1.cdninstagram.com&_nc_gid=Zy6soJZ4nQgZ51IpDvUjQQ&_nc_ss=72689&oh=00_AQE0ZBvL8gk1k0OD2tKfuVSe0Dd82iIDS1jZDljIS0bHaQ&oe=6A932EE0,https://www.instagram.com/p/DcUjFfbAPpn/
SUPERMERCADO PARANAENSE,Carnes / Suína e Embutidos,Linguiça Apimentada kg,21.99,21/08/2026,https://scontent-ber1-1.cdninstagram.com/v/t51.82787-15/782639788_17906516796496981_1020296803527373493_n.jpg?stp=dst-jpg_e35_tt6&_nc_cat=106&ig_cache_key=Mzk2ODI0NTY3NDgyMDQ2MDk5NA%3D%3D.3-ccb7-5&ccb=7-5&_nc_sid=58cdad&efg=eyJ2ZW5jb2RlX3RhZyI6IkZFRUQueHBpZHMuMTM1MC5zZHIucmVndWxhcl9waG90by5DMyJ9&_nc_ohc=gbll6KSmx0QQ7kNvwF4nclA&_nc_oc=Adq7921HdQfCt-sH9Er55ek1Dt_wQtkZ2ghl6Ae8c3_XPvrckHtm5C8OdLuTNBDF_8Q&_nc_zt=23&_nc_ht=scontent-ber1-1.cdninstagram.com&_nc_gid=-7wpgcZWKRWnwaeI9FRp4w&_nc_ss=7ca8c&oh=00_AQHIA7lVJRy_nw0kyT2UqDN67NHh6IneVxOdOJcWmAPMFA&oe=6A933CCD,https://www.instagram.com/p/DcSCmqlJ2HC/
Supermercado Bianchi,Carnes / Suína e Embutidos,Linguiça Calabresa Sadia kg,22.99,20/08/2026,https://instagram.fsyd8-1.fna.fbcdn.net/v/t39.30808-6/779180625_1656123539851377_603390600869845661_n.jpg?stp=dst-jpg_e35_tt6&_nc_cat=106&_nc_map=urlgen_bucketless&ig_cache_key=Mzk2NzU2NTg3NTk2MDM4ODE5Nw%3D%3D.3-ccb7-5&ccb=7-5&_nc_sid=58cdad&efg=eyJ2ZW5jb2RlX3RhZyI6IkNBUk9VU0VMX0lURU0ueHBpZHMuMTEyMi5zZHIucmVndWxhcl9waG90by5DMyJ9&_nc_ohc=uDzuLx5Ry2IQ7kNvwGtBwXU&_nc_oc=AdoRxkPysGfRaPzhTnoorjFZymSaUUDoPnxb1KJM29u-RQlLQUNsixSD_jdp0XnFZeo&_nc_zt=23&_nc_ht=instagram.fsyd8-1.fna&_nc_gid=Tdp7-Qumz98PqP-E-4IOxg&_nc_ss=72289&oh=00_AQGMgtwW3UE-6yjtQt1SSQUnZBAgDmJBpbNHmmveJnKgXQ&oe=6A935C55,https://www.instagram.com/p/DcPoCetlHRj/
Machadão Atacadista,Carnes / Suína e Embutidos,Hambúrguer X Fininho Mach Foods,24.9,24/08/2026,https://scontent-yyz1-1.cdninstagram.com/v/t39.30808-6/784328091_1358137329739558_7278414034642333525_n.jpg?stp=dst-jpg_e35_tt6&_nc_cat=103&ig_cache_key=Mzk3MTEzMDgwNTQwMTI0Njk0Ng%3D%3D.3-ccb7-5&ccb=7-5&_nc_sid=58cdad&efg=eyJ2ZW5jb2RlX3RhZyI6IkNBUk9VU0VMX0lURU0ueHBpZHMuMTYzOC5zZHIucmVndWxhcl9waG90by5DMyJ9&_nc_ohc=xyk6VyMNh4oQ7kNvwGeYcNG&_nc_oc=AdohXQr9Sz2HeXAfuTqVFyY7-4UilIEs6niMAn-pPsQL6Lc5bhuCCFEpfxVbUcvYE1o&_nc_zt=23&_nc_ht=scontent-yyz1-1.cdninstagram.com&_nc_gid=4UUga57sc4C6QWl5iZLhfQ&_nc_ss=72289&oh=00_AQFZ677OxJkMDThEo8YiNW4tCNXgmo540q88eLfNIYEmXQ&oe=6A9355B8,https://www.instagram.com/p/DccSnEDjaBF/
Supermercado Tuiuiú,Carnes / Suína e Embutidos,Presunto Cozido kg,24.99,20/08/2026,https://scontent-syd2-1.cdninstagram.com/v/t39.30808-6/775523840_1712126794254472_8264970676281627936_n.jpg?stp=dst-jpg_e35_tt6&_nc_cat=102&ig_cache_key=Mzk2Nzg2MzQ3ODc3NDkzNTMxNQ%3D%3D.3-ccb7-5&ccb=7-5&_nc_sid=58cdad&efg=eyJ2ZW5jb2RlX3RhZyI6IkNBUk9VU0VMX0lURU0ueHBpZHMuMTI1NC5zZHIucmVndWxhcl9waG90by5DMyJ9&_nc_ohc=M-VlmltmfLAQ7kNvwGhS4vV&_nc_oc=AdoAElzhamFWUTPVpYrqvuOfi59BaPaP2DohKQvLQOfMNJt39flpu3CeTn4uhFmKFNRWj-CZVrKAqlgSOYWJqtsk&_nc_zt=23&_nc_ht=scontent-syd2-1.cdninstagram.com&_nc_gid=F3yY0pocLVFeiZGf_vXq8w&_nc_ss=72289&oh=00_AQFOsCTvbnCiAJLmoan7c-LumaaZmsxyNj7IxS2RuURuUA&oe=6A9323EC,https://www.instagram.com/p/DcQrtOmIPUZ/
Supermercado Bianchi,Carnes / Suína e Embutidos,Mortadela Perdigão Ouro kg,24.99,21/08/2026,https://instagram.fjal2-1.fna.fbcdn.net/v/t39.30808-6/784063255_1657849239678807_5513880334027503636_n.jpg?stp=dst-jpg_e35_tt6&_nc_cat=101&ig_cache_key=Mzk2ODk0NTQxMjQ4MzY4NTI0Mg%3D%3D.3-ccb7-5&ccb=7-5&_nc_sid=58cdad&efg=eyJ2ZW5jb2RlX3RhZyI6IkNBUk9VU0VMX0lURU0ueHBpZHMuMTYzOC5zZHIucmVndWxhcl9waG90by5DMyJ9&_nc_ohc=Vhjobc6nt_UQ7kNvwFZnvtX&_nc_oc=AdpoM8Aes2TqjbwNPdRPGBqQ6dUnYfzZz28APv7knXkRHJ4uZUh_dk1CjGr-9ddBYWIi54pPTSHKiNri3FvKhNCn&_nc_zt=23&_nc_ht=instagram.fjal2-1.fna&_nc_gid=NvcNX2IA17yahy36SxQO3g&_nc_ss=72a8c&oh=00_AQGP-fDpvpKoPXGOhjFSnM8ysPJHqFjio8exB0zOljyt7g&oe=6A934875,https://www.instagram.com/p/DcUhthogY_o/
Supermercado Bianchi,Carnes / Suína e Embutidos,Bacon Defumado Excelência kg,25.99,20/08/2026,https://instagram.fsyd15-1.fna.fbcdn.net/v/t39.30808-6/783127669_1656952699768461_9196129294490006795_n.jpg?stp=dst-jpg_e35_tt6&_nc_cat=105&ig_cache_key=Mzk2ODIxOTE0MTI4MjUzMzIxNg%3D%3D.3-ccb7-5&ccb=7-5&_nc_sid=58cdad&efg=eyJ2ZW5jb2RlX3RhZyI6IkNBUk9VU0VMX0lURU0ueHBpZHMuMTA4MC5zZHIucmVndWxhcl9waG90by5DMyJ9&_nc_ohc=mrxCcB2Uh1kQ7kNvwGW0teV&_nc_oc=AdrPVrnRTc9aG4Hnq8P-aBn9pQB0dvFVbH7ROyNz0I8dcLIyJ5zTYcefyDprXcnFKFc&_nc_zt=23&_nc_ht=instagram.fsyd15-1.fna&_nc_gid=LoiYda-taTEeT-oXCQhvgg&_nc_ss=72689&oh=00_AQHMOiAtgbcJmOa0I1cJbr86VEeaZ9_0F-Pyp-ooVOyasQ&oe=6A9333BF,https://www.instagram.com/p/DcR8kwqjUQX/
Supermercado Bianchi,Carnes / Suína e Embutidos,Presunto kg,26.99,21/08/2026,https://instagram.fjal2-1.fna.fbcdn.net/v/t39.30808-6/784063255_1657849239678807_5513880334027503636_n.jpg?stp=dst-jpg_e35_tt6&_nc_cat=101&ig_cache_key=Mzk2ODk0NTQxMjQ4MzY4NTI0Mg%3D%3D.3-ccb7-5&ccb=7-5&_nc_sid=58cdad&efg=eyJ2ZW5jb2RlX3RhZyI6IkNBUk9VU0VMX0lURU0ueHBpZHMuMTYzOC5zZHIucmVndWxhcl9waG90by5DMyJ9&_nc_ohc=Vhjobc6nt_UQ7kNvwFZnvtX&_nc_oc=AdpoM8Aes2TqjbwNPdRPGBqQ6dUnYfzZz28APv7knXkRHJ4uZUh_dk1CjGr-9ddBYWIi54pPTSHKiNri3FvKhNCn&_nc_zt=23&_nc_ht=instagram.fjal2-1.fna&_nc_gid=NvcNX2IA17yahy36SxQO3g&_nc_ss=72a8c&oh=00_AQGP-fDpvpKoPXGOhjFSnM8ysPJHqFjio8exB0zOljyt7g&oe=6A934875,https://www.instagram.com/p/DcUhthogY_o/
Supermercado Bianchi,Carnes / Suína e Embutidos,Salame Italiano Sadia kg,59.99,21/08/2026,https://instagram.fjal2-1.fna.fbcdn.net/v/t39.30808-6/784063255_1657849239678807_5513880334027503636_n.jpg?stp=dst-jpg_e35_tt6&_nc_cat=101&ig_cache_key=Mzk2ODk0NTQxMjQ4MzY4NTI0Mg%3D%3D.3-ccb7-5&ccb=7-5&_nc_sid=58cdad&efg=eyJ2ZW5jb2RlX3RhZyI6IkNBUk9VU0VMX0lURU0ueHBpZHMuMTYzOC5zZHIucmVndWxhcl9waG90by5DMyJ9&_nc_ohc=Vhjobc6nt_UQ7kNvwFZnvtX&_nc_oc=AdpoM8Aes2TqjbwNPdRPGBqQ6dUnYfzZz28APv7knXkRHJ4uZUh_dk1CjGr-9ddBYWIi54pPTSHKiNri3FvKhNCn&_nc_zt=23&_nc_ht=instagram.fjal2-1.fna&_nc_gid=NvcNX2IA17yahy36SxQO3g&_nc_ss=72a8c&oh=00_AQGP-fDpvpKoPXGOhjFSnM8ysPJHqFjio8exB0zOljyt7g&oe=6A934875,https://www.instagram.com/p/DcUhthogY_o/
Supermercado Bianchi,Congelados e Sobremesas,Pizza Sadia 460g,17.99,21/08/2026,https://instagram.fjal2-1.fna.fbcdn.net/v/t39.30808-6/784063255_1657849239678807_5513880334027503636_n.jpg?stp=dst-jpg_e35_tt6&_nc_cat=101&ig_cache_key=Mzk2ODk0NTQxMjQ4MzY4NTI0Mg%3D%3D.3-ccb7-5&ccb=7-5&_nc_sid=58cdad&efg=eyJ2ZW5jb2RlX3RhZyI6IkNBUk9VU0VMX0lURU0ueHBpZHMuMTYzOC5zZHIucmVndWxhcl9waG90by5DMyJ9&_nc_ohc=Vhjobc6nt_UQ7kNvwFZnvtX&_nc_oc=AdpoM8Aes2TqjbwNPdRPGBqQ6dUnYfzZz28APv7knXkRHJ4uZUh_dk1CjGr-9ddBYWIi54pPTSHKiNri3FvKhNCn&_nc_zt=23&_nc_ht=instagram.fjal2-1.fna&_nc_gid=NvcNX2IA17yahy36SxQO3g&_nc_ss=72a8c&oh=00_AQGP-fDpvpKoPXGOhjFSnM8ysPJHqFjio8exB0zOljyt7g&oe=6A934875,https://www.instagram.com/p/DcUhthogY_o/
Supermercado Bianchi,Congelados e Sobremesas,Açaí Origem Toda Hora 1 5L,22.99,20/08/2026,https://instagram.fsyd15-2.fna.fbcdn.net/v/t39.30808-6/783512802_1656952703101794_4280864842838965800_n.jpg?stp=dst-jpg_e35_tt6&_nc_cat=102&ig_cache_key=Mzk2ODIxOTEzOTkwNjg0NTIzNw%3D%3D.3-ccb7-5&ccb=7-5&_nc_sid=58cdad&efg=eyJ2ZW5jb2RlX3RhZyI6IkNBUk9VU0VMX0lURU0ueHBpZHMuMTA4MC5zZHIucmVndWxhcl9waG90by5DMyJ9&_nc_ohc=QzDVoAgqF90Q7kNvwGrOpKu&_nc_oc=Adqng8K8agCHsuj4XoDqgHbb6_NimOD_D6MpgAwaO-uUXynxWr14_qL0viCXkBlYaXo&_nc_zt=23&_nc_ht=instagram.fsyd15-2.fna&_nc_gid=LoiYda-taTEeT-oXCQhvgg&_nc_ss=72689&oh=00_AQHwe0pdhkDJSWcoA6QfU7y4tHqi4_bpPmN-mUZRpacSpg&oe=6A9327EE,https://www.instagram.com/p/DcR8kwqjUQX/
Machadão Atacadista,Congelados e Sobremesas,Açaí Ricaeli 1.02kg,25.99,24/08/2026,https://instagram.fvgo1-1.fna.fbcdn.net/v/t39.30808-6/780076458_1356271723259452_5989685085733377211_n.jpg?stp=dst-jpg_e35_tt6&_nc_cat=105&ig_cache_key=Mzk3MDQwODc0MjIxMDQ3NDY5OA%3D%3D.3-ccb7-5&ccb=7-5&_nc_sid=58cdad&efg=eyJ2ZW5jb2RlX3RhZyI6IkNBUk9VU0VMX0lURU0ueHBpZHMuMTYzOC5zZHIucmVndWxhcl9waG90by5DMyJ9&_nc_ohc=EI5S9KuUQlYQ7kNvwHTeyEC&_nc_oc=Ado76MWL50dyatx5e5JsLvemf2bX8tQ_EKDfqdbtu7ecu0THsxz7L8eARAJWoKeYULk&_nc_zt=23&_nc_ht=instagram.fvgo1-1.fna&_nc_gid=2YaBajca_LptN1d4Kr4FBA&_nc_ss=72a8c&oh=00_AQE-ERlIOED8YQlejQUmbVbTLQIDIxb2ocyP1vuHBDz6-A&oe=6A93284E,https://www.instagram.com/p/DcZubq6D10t/
SUPERMERCADO PARANAENSE,Higiene / Cuidados Pessoais,Sabonete Albany 85g,1.79,24/08/2026,https://scontent-yyz1-1.cdninstagram.com/v/t51.82787-15/786158033_17906990622496981_4554436689859059284_n.jpg?stp=dst-jpg_e35_tt6&_nc_cat=108&ig_cache_key=Mzk3MDc1Nzk3MTU2NDU0MjYxMQ%3D%3D.3-ccb7-5&ccb=7-5&_nc_sid=58cdad&efg=eyJ2ZW5jb2RlX3RhZyI6IkZFRUQueHBpZHMuMTM1MC5zZHIucmVndWxhcl9waG90by5DMyJ9&_nc_ohc=xzVr4BNBpH0Q7kNvwEZICO5&_nc_oc=AdrnZwNOvcWb-4m7KMkzp_s9JIMfWUwcR01KDgT0wqnPnBUOJ1m2j0IT-Ec0iHkTU_y3m3LrmyED67QDekwCTXu2&_nc_zt=23&_nc_ht=scontent-yyz1-1.cdninstagram.com&_nc_gid=54-XGzFjYj7ZiUExL8X-oQ&_nc_ss=72289&oh=00_AQEq4ldRV7cpGjUuaxxzgLw7Fj_bZmzBSFYg5potoH_Qew&oe=6A934C0B,https://www.instagram.com/p/Dca91ZQJ7qT/
Supermercado Bianchi,Higiene / Cuidados Pessoais,Sabonete em Barra Nivea 85g,1.99,24/08/2026,https://scontent-man2-1.cdninstagram.com/v/t39.30808-6/784620919_1660330049430726_7690860967579283241_n.jpg?stp=dst-jpg_e35_tt6&_nc_cat=104&ig_cache_key=Mzk3MDg1ODEzMjQ1NzE4OTE0OA%3D%3D.3-ccb7-5&ccb=7-5&_nc_sid=58cdad&efg=eyJ2ZW5jb2RlX3RhZyI6IkZFRUQueHBpZHMuMTA4MC5zZHIucmVndWxhcl9waG90by5DMyJ9&_nc_ohc=kVs24eXKuXcQ7kNvwFdbcG7&_nc_oc=Adpd6U8S64knccFekGZISfBIFArxa_ShscacZP9GRWwgrturoWuB8BUQPljdsmzjdeA&_nc_zt=23&_nc_ht=scontent-man2-1.cdninstagram.com&_nc_gid=Bq5HOoLsi4HmJa0SpML2vw&_nc_ss=72a8c&oh=00_AQG1bEHnkFyRdQLWLzDjyByHkR84rdwQPSpbyb-5SSOXPA&oe=6A9354E1,https://www.instagram.com/p/DcbUm7WlO8c/
Bom Jesus Primavera do Leste 🛒,Higiene / Cuidados Pessoais,Sabonete em Barra Nivea 85g,2.19,21/08/2026,https://scontent-icn2-1.cdninstagram.com/v/t51.82787-15/778794332_18373759255237813_8826403310576910692_n.jpg?stp=dst-jpg_e35_tt6&_nc_cat=101&ig_cache_key=Mzk2ODYwMzg2MzYxMTAyNjY2MQ%3D%3D.3-ccb7-5&ccb=7-5&_nc_sid=58cdad&efg=eyJ2ZW5jb2RlX3RhZyI6IkNBUk9VU0VMX0lURU0ueHBpZHMuMTA4MC5zZHIucmVndWxhcl9waG90by5DMyJ9&_nc_ohc=DryH40MHA-0Q7kNvwHlOstU&_nc_oc=AdqJ2OUPVovPfynJ37bsL2MvYtb9RgdzTYqoK9zsLWolpMCLq5U4lavGekYj_TTQCn4&_nc_zt=23&_nc_ht=scontent-icn2-1.cdninstagram.com&_nc_gid=mgYzv2qK_1weCrj6V3YCEQ&_nc_ss=7c689&oh=00_AQGZkepon_O7BwGMTYqDFah9olGz8lwMVg0tEWeZ787UTQ&oe=6A93581B,https://www.instagram.com/p/DcTUD7jlm8n/
Machadão Atacadista,Higiene / Cuidados Pessoais,Sabonete Lux 85g,2.69,24/08/2026,https://instagram.fvgo1-1.fna.fbcdn.net/v/t39.30808-6/778957943_1356271786592779_7752166386009606157_n.jpg?stp=dst-jpg_e35_tt6&_nc_cat=104&ig_cache_key=Mzk3MDQwODc0MjgwNjA4NjE5OQ%3D%3D.3-ccb7-5&ccb=7-5&_nc_sid=58cdad&efg=eyJ2ZW5jb2RlX3RhZyI6IkNBUk9VU0VMX0lURU0ueHBpZHMuMTYzOC5zZHIucmVndWxhcl9waG90by5DMyJ9&_nc_ohc=RcYahv8xyOAQ7kNvwFclr7o&_nc_oc=AdpggEwR8aR2JOb_Uf6RYkFmtoApniV71TGIpgpULCqrlomRmUnPZ-PWowY0FcNLrWU&_nc_zt=23&_nc_ht=instagram.fvgo1-1.fna&_nc_gid=2YaBajca_LptN1d4Kr4FBA&_nc_ss=72a8c&oh=00_AQFLQLxB2axgBT5EfrnbfJxzqgj0Mm3bztNyCRQzYIRyLg&oe=6A93426E,https://www.instagram.com/p/DcZubq6D10t/
Supermercado Bianchi,Higiene / Cuidados Pessoais,Creme Dental Colgate 90g,7.99,24/08/2026,https://scontent-man2-1.cdninstagram.com/v/t39.30808-6/784620919_1660330049430726_7690860967579283241_n.jpg?stp=dst-jpg_e35_tt6&_nc_cat=104&ig_cache_key=Mzk3MDg1ODEzMjQ1NzE4OTE0OA%3D%3D.3-ccb7-5&ccb=7-5&_nc_sid=58cdad&efg=eyJ2ZW5jb2RlX3RhZyI6IkZFRUQueHBpZHMuMTA4MC5zZHIucmVndWxhcl9waG90by5DMyJ9&_nc_ohc=kVs24eXKuXcQ7kNvwFdbcG7&_nc_oc=Adpd6U8S64knccFekGZISfBIFArxa_ShscacZP9GRWwgrturoWuB8BUQPljdsmzjdeA&_nc_zt=23&_nc_ht=scontent-man2-1.cdninstagram.com&_nc_gid=Bq5HOoLsi4HmJa0SpML2vw&_nc_ss=72a8c&oh=00_AQG1bEHnkFyRdQLWLzDjyByHkR84rdwQPSpbyb-5SSOXPA&oe=6A9354E1,https://www.instagram.com/p/DcbUm7WlO8c/
Machadão Atacadista,Higiene / Cuidados Pessoais,Creme Dental Closeup Menta Carvão Ativado Branco Radiante 128g,8.98,24/08/2026,https://instagram.fvgo1-1.fna.fbcdn.net/v/t39.30808-6/778957943_1356271786592779_7752166386009606157_n.jpg?stp=dst-jpg_e35_tt6&_nc_cat=104&ig_cache_key=Mzk3MDQwODc0MjgwNjA4NjE5OQ%3D%3D.3-ccb7-5&ccb=7-5&_nc_sid=58cdad&efg=eyJ2ZW5jb2RlX3RhZyI6IkNBUk9VU0VMX0lURU0ueHBpZHMuMTYzOC5zZHIucmVndWxhcl9waG90by5DMyJ9&_nc_ohc=RcYahv8xyOAQ7kNvwFclr7o&_nc_oc=AdpggEwR8aR2JOb_Uf6RYkFmtoApniV71TGIpgpULCqrlomRmUnPZ-PWowY0FcNLrWU&_nc_zt=23&_nc_ht=instagram.fvgo1-1.fna&_nc_gid=2YaBajca_LptN1d4Kr4FBA&_nc_ss=72a8c&oh=00_AQFLQLxB2axgBT5EfrnbfJxzqgj0Mm3bztNyCRQzYIRyLg&oe=6A93426E,https://www.instagram.com/p/DcZubq6D10t/
Supermercado Bianchi,Higiene / Cuidados Pessoais,Desodorante Aerosol Herbíssimo 150ml,8.99,24/08/2026,https://scontent-man2-1.cdninstagram.com/v/t39.30808-6/784620919_1660330049430726_7690860967579283241_n.jpg?stp=dst-jpg_e35_tt6&_nc_cat=104&ig_cache_key=Mzk3MDg1ODEzMjQ1NzE4OTE0OA%3D%3D.3-ccb7-5&ccb=7-5&_nc_sid=58cdad&efg=eyJ2ZW5jb2RlX3RhZyI6IkZFRUQueHBpZHMuMTA4MC5zZHIucmVndWxhcl9waG90by5DMyJ9&_nc_ohc=kVs24eXKuXcQ7kNvwFdbcG7&_nc_oc=Adpd6U8S64knccFekGZISfBIFArxa_ShscacZP9GRWwgrturoWuB8BUQPljdsmzjdeA&_nc_zt=23&_nc_ht=scontent-man2-1.cdninstagram.com&_nc_gid=Bq5HOoLsi4HmJa0SpML2vw&_nc_ss=72a8c&oh=00_AQG1bEHnkFyRdQLWLzDjyByHkR84rdwQPSpbyb-5SSOXPA&oe=6A9354E1,https://www.instagram.com/p/DcbUm7WlO8c/
SUPERMERCADO PARANAENSE,Higiene / Cuidados Pessoais,Creme Dental Colgate Total 12 90g,9.99,24/08/2026,https://scontent-yyz1-1.cdninstagram.com/v/t51.82787-15/786158033_17906990622496981_4554436689859059284_n.jpg?stp=dst-jpg_e35_tt6&_nc_cat=108&ig_cache_key=Mzk3MDc1Nzk3MTU2NDU0MjYxMQ%3D%3D.3-ccb7-5&ccb=7-5&_nc_sid=58cdad&efg=eyJ2ZW5jb2RlX3RhZyI6IkZFRUQueHBpZHMuMTM1MC5zZHIucmVndWxhcl9waG90by5DMyJ9&_nc_ohc=xzVr4BNBpH0Q7kNvwEZICO5&_nc_oc=AdrnZwNOvcWb-4m7KMkzp_s9JIMfWUwcR01KDgT0wqnPnBUOJ1m2j0IT-Ec0iHkTU_y3m3LrmyED67QDekwCTXu2&_nc_zt=23&_nc_ht=scontent-yyz1-1.cdninstagram.com&_nc_gid=54-XGzFjYj7ZiUExL8X-oQ&_nc_ss=72289&oh=00_AQEq4ldRV7cpGjUuaxxzgLw7Fj_bZmzBSFYg5potoH_Qew&oe=6A934C0B,https://www.instagram.com/p/Dca91ZQJ7qT/
Bom Jesus Primavera do Leste 🛒,Higiene / Cuidados Pessoais,Desodorante Aerosol Nivea 150ml,12.99,21/08/2026,https://scontent-icn2-1.cdninstagram.com/v/t51.82787-15/778794332_18373759255237813_8826403310576910692_n.jpg?stp=dst-jpg_e35_tt6&_nc_cat=101&ig_cache_key=Mzk2ODYwMzg2MzYxMTAyNjY2MQ%3D%3D.3-ccb7-5&ccb=7-5&_nc_sid=58cdad&efg=eyJ2ZW5jb2RlX3RhZyI6IkNBUk9VU0VMX0lURU0ueHBpZHMuMTA4MC5zZHIucmVndWxhcl9waG90by5DMyJ9&_nc_ohc=DryH40MHA-0Q7kNvwHlOstU&_nc_oc=AdqJ2OUPVovPfynJ37bsL2MvYtb9RgdzTYqoK9zsLWolpMCLq5U4lavGekYj_TTQCn4&_nc_zt=23&_nc_ht=scontent-icn2-1.cdninstagram.com&_nc_gid=mgYzv2qK_1weCrj6V3YCEQ&_nc_ss=7c689&oh=00_AQGZkepon_O7BwGMTYqDFah9olGz8lwMVg0tEWeZ787UTQ&oe=6A93581B,https://www.instagram.com/p/DcTUD7jlm8n/
Machadão Atacadista,Higiene / Cuidados Pessoais,Shampoo e Condicionador Niely Gold 275ml 175ml,13.98,24/08/2026,https://instagram.fvgo1-1.fna.fbcdn.net/v/t39.30808-6/778957943_1356271786592779_7752166386009606157_n.jpg?stp=dst-jpg_e35_tt6&_nc_cat=104&ig_cache_key=Mzk3MDQwODc0MjgwNjA4NjE5OQ%3D%3D.3-ccb7-5&ccb=7-5&_nc_sid=58cdad&efg=eyJ2ZW5jb2RlX3RhZyI6IkNBUk9VU0VMX0lURU0ueHBpZHMuMTYzOC5zZHIucmVndWxhcl9waG90by5DMyJ9&_nc_ohc=RcYahv8xyOAQ7kNvwFclr7o&_nc_oc=AdpggEwR8aR2JOb_Uf6RYkFmtoApniV71TGIpgpULCqrlomRmUnPZ-PWowY0FcNLrWU&_nc_zt=23&_nc_ht=instagram.fvgo1-1.fna&_nc_gid=2YaBajca_LptN1d4Kr4FBA&_nc_ss=72a8c&oh=00_AQFLQLxB2axgBT5EfrnbfJxzqgj0Mm3bztNyCRQzYIRyLg&oe=6A93426E,https://www.instagram.com/p/DcZubq6D10t/
SUPERMERCADO PARANAENSE,Higiene / Cuidados Pessoais,Desodorante Aerossol Rexona 150ml,14.99,24/08/2026,https://scontent-yyz1-1.cdninstagram.com/v/t51.82787-15/786158033_17906990622496981_4554436689859059284_n.jpg?stp=dst-jpg_e35_tt6&_nc_cat=108&ig_cache_key=Mzk3MDc1Nzk3MTU2NDU0MjYxMQ%3D%3D.3-ccb7-5&ccb=7-5&_nc_sid=58cdad&efg=eyJ2ZW5jb2RlX3RhZyI6IkZFRUQueHBpZHMuMTM1MC5zZHIucmVndWxhcl9waG90by5DMyJ9&_nc_ohc=xzVr4BNBpH0Q7kNvwEZICO5&_nc_oc=AdrnZwNOvcWb-4m7KMkzp_s9JIMfWUwcR01KDgT0wqnPnBUOJ1m2j0IT-Ec0iHkTU_y3m3LrmyED67QDekwCTXu2&_nc_zt=23&_nc_ht=scontent-yyz1-1.cdninstagram.com&_nc_gid=54-XGzFjYj7ZiUExL8X-oQ&_nc_ss=72289&oh=00_AQEq4ldRV7cpGjUuaxxzgLw7Fj_bZmzBSFYg5potoH_Qew&oe=6A934C0B,https://www.instagram.com/p/Dca91ZQJ7qT/
Supermercado Bianchi,Higiene / Cuidados Pessoais,Sabonete Líquido Nivea 200ml,32.99,24/08/2026,https://scontent-man2-1.cdninstagram.com/v/t39.30808-6/784620919_1660330049430726_7690860967579283241_n.jpg?stp=dst-jpg_e35_tt6&_nc_cat=104&ig_cache_key=Mzk3MDg1ODEzMjQ1NzE4OTE0OA%3D%3D.3-ccb7-5&ccb=7-5&_nc_sid=58cdad&efg=eyJ2ZW5jb2RlX3RhZyI6IkZFRUQueHBpZHMuMTA4MC5zZHIucmVndWxhcl9waG90by5DMyJ9&_nc_ohc=kVs24eXKuXcQ7kNvwFdbcG7&_nc_oc=Adpd6U8S64knccFekGZISfBIFArxa_ShscacZP9GRWwgrturoWuB8BUQPljdsmzjdeA&_nc_zt=23&_nc_ht=scontent-man2-1.cdninstagram.com&_nc_gid=Bq5HOoLsi4HmJa0SpML2vw&_nc_ss=72a8c&oh=00_AQG1bEHnkFyRdQLWLzDjyByHkR84rdwQPSpbyb-5SSOXPA&oe=6A9354E1,https://www.instagram.com/p/DcbUm7WlO8c/
Bom Jesus Primavera do Leste 🛒,Higiene / Cuidados Pessoais,Fralda Huggies,36.99,21/08/2026,https://scontent-icn2-1.cdninstagram.com/v/t51.82787-15/778794332_18373759255237813_8826403310576910692_n.jpg?stp=dst-jpg_e35_tt6&_nc_cat=101&ig_cache_key=Mzk2ODYwMzg2MzYxMTAyNjY2MQ%3D%3D.3-ccb7-5&ccb=7-5&_nc_sid=58cdad&efg=eyJ2ZW5jb2RlX3RhZyI6IkNBUk9VU0VMX0lURU0ueHBpZHMuMTA4MC5zZHIucmVndWxhcl9waG90by5DMyJ9&_nc_ohc=DryH40MHA-0Q7kNvwHlOstU&_nc_oc=AdqJ2OUPVovPfynJ37bsL2MvYtb9RgdzTYqoK9zsLWolpMCLq5U4lavGekYj_TTQCn4&_nc_zt=23&_nc_ht=scontent-icn2-1.cdninstagram.com&_nc_gid=mgYzv2qK_1weCrj6V3YCEQ&_nc_ss=7c689&oh=00_AQGZkepon_O7BwGMTYqDFah9olGz8lwMVg0tEWeZ787UTQ&oe=6A93581B,https://www.instagram.com/p/DcTUD7jlm8n/
Supermercado Bianchi,Higiene / Cuidados Pessoais,Fralda Bovina kg,44.99,21/08/2026,https://scontent-ams2-1.cdninstagram.com/v/t39.30808-6/784080473_1657848796345518_7184352931358203406_n.jpg?stp=dst-jpg_e35_tt6&_nc_cat=107&ig_cache_key=Mzk2ODk0NTQwODQ3NDQ3ODQ5NA%3D%3D.3-ccb7-5&ccb=7-5&_nc_sid=58cdad&efg=eyJ2ZW5jb2RlX3RhZyI6IkNBUk9VU0VMX0lURU0ueHBpZHMuMTA4MC5zZHIucmVndWxhcl9waG90by5DMyJ9&_nc_ohc=ok7KKhGT1G4Q7kNvwGFaYXn&_nc_oc=AdoXnH0s9Cm9mqUelO0DzD0kiDoNPSgDas7xgyn6exi9N6hQhEEpsz1ElTTV-6YUGIQNtW2nOiv1GgNCvdDtlqXH&_nc_zt=23&_nc_ht=scontent-ams2-1.cdninstagram.com&_nc_gid=_yGubzPKW7TUFyUkBBNYSA&_nc_ss=70689&oh=00_AQG0Rzs65_lR3_GMDHRpxHy_0m1T_42qNPRNzWaBXeO6hQ&oe=6A933F75,https://www.instagram.com/p/DcUhtWbCf5d/
Super Compras Supermercado,Higiene / Papelaria,Papel Higiênico Duetto Folha Dupla 12 Rolos,18.99,21/08/2026,https://instagram.fgig29-1.fna.fbcdn.net/v/t51.82787-15/780140079_18192045034391764_7683991793781918786_n.jpg?stp=dst-jpg_e35_tt6&_nc_cat=103&ig_cache_key=Mzk2ODIxODA0ODc2ODI1MjE2NA%3D%3D.3-ccb7-5&ccb=7-5&_nc_sid=58cdad&efg=eyJ2ZW5jb2RlX3RhZyI6IkZFRUQueHBpZHMuMTQ0MC5zZHIucmVndWxhcl9waG90by5DMyJ9&_nc_ohc=Su6wo4o_AAEQ7kNvwEhIKwv&_nc_oc=Adop14jhGwGsK-bp6D3YEHQJ6HwDHtBtexHXhw6HYKAJYDmwZZmTrajCg4EMgL1O7-8&_nc_zt=23&_nc_ht=instagram.fgig29-1.fna&_nc_gid=Ta7xc8L_GEbjc0S-7rvaLA&_nc_ss=72289&oh=00_AQF3vMlvNFUTXZgHuAOtRk290jCsXzLDpnshBiUayp-88Q&oe=6A9356AE,https://www.instagram.com/p/DcR8Up0IBkE/
Machadão Atacadista,Higiene / Papelaria,Papel Higiênico Duetto Velvet Folha Dupla 30m 18 Rolos,27.9,24/08/2026,https://instagram.fvgo1-1.fna.fbcdn.net/v/t39.30808-6/778957943_1356271786592779_7752166386009606157_n.jpg?stp=dst-jpg_e35_tt6&_nc_cat=104&ig_cache_key=Mzk3MDQwODc0MjgwNjA4NjE5OQ%3D%3D.3-ccb7-5&ccb=7-5&_nc_sid=58cdad&efg=eyJ2ZW5jb2RlX3RhZyI6IkNBUk9VU0VMX0lURU0ueHBpZHMuMTYzOC5zZHIucmVndWxhcl9waG90by5DMyJ9&_nc_ohc=RcYahv8xyOAQ7kNvwFclr7o&_nc_oc=AdpggEwR8aR2JOb_Uf6RYkFmtoApniV71TGIpgpULCqrlomRmUnPZ-PWowY0FcNLrWU&_nc_zt=23&_nc_ht=instagram.fvgo1-1.fna&_nc_gid=2YaBajca_LptN1d4Kr4FBA&_nc_ss=72a8c&oh=00_AQFLQLxB2axgBT5EfrnbfJxzqgj0Mm3bztNyCRQzYIRyLg&oe=6A93426E,https://www.instagram.com/p/DcZubq6D10t/
Mercado Talismã,Hortifruti / Ovos,Batata Doce kg,1.99,24/08/2026,https://instagram.fyxd4-1.fna.fbcdn.net/v/t51.82787-15/785748666_18093283496531849_4493238562004923215_n.jpg?stp=dst-jpg_e35_tt6&_nc_cat=103&ig_cache_key=Mzk3MDc3NzUxNDQyMjczODE2MQ%3D%3D.3-ccb7-5&ccb=7-5&_nc_sid=58cdad&efg=eyJ2ZW5jb2RlX3RhZyI6IkNBUk9VU0VMX0lURU0ueHBpZHMuMTI1NC5zZHIucmVndWxhcl9waG90by5DMyJ9&_nc_ohc=uv8eqfbw-RUQ7kNvwHiXxEI&_nc_oc=AdqCTM7wNOiETisvEqcMreAFEyJNNFrL8SA3MyQf5I-ZNlpE9Fuv1pCkWweYyxdP-uH-Gr0ccCSCUGxtFMw4RnQm&_nc_zt=23&_nc_ht=instagram.fyxd4-1.fna&_nc_gid=T-z5bvwFELXK1EgWMBPJ0Q&_nc_ss=72689&oh=00_AQE6YmBaigEp2IXWAByuIPE8GVKnm2uxF_15HebRZFXJUA&oe=6A9349E7,https://www.instagram.com/p/DcbCSf6Efnj/
Bom Jesus Primavera do Leste 🛒,Hortifruti / Ovos,Alho Nacional 100g,2.39,24/08/2026,https://scontent-lhr11-1.cdninstagram.com/v/t51.82787-15/780551083_18374239432237813_6720893505103105991_n.jpg?stp=dst-jpg_e35_tt6&_nc_cat=106&ig_cache_key=Mzk3MDc4NzgzMjYxOTg0ODE2Mw%3D%3D.3-ccb7-5&ccb=7-5&_nc_sid=58cdad&efg=eyJ2ZW5jb2RlX3RhZyI6IkNBUk9VU0VMX0lURU0ueHBpZHMuMTA4MC5zZHIucmVndWxhcl9waG90by5DMyJ9&_nc_ohc=V1Qe31mAUbwQ7kNvwFQcKsS&_nc_oc=Adp1f-3mcMpfQq0ty-Zusjsn9IA77pmeq831dQuPf4z9UVfINcNxu7ONKWf-LiHNLHc&_nc_zt=23&_nc_ht=scontent-lhr11-1.cdninstagram.com&_nc_gid=NEfc7J6EX-HyPa_-hVhMfg&_nc_ss=72a8c&oh=00_AQE53ozZS8nz_avMCFIEbfRR58rwjhdHh7L7HOXWM6-wyw&oe=6A935584,https://www.instagram.com/p/DcbEo2aliuR/
Mercado Talismã,Hortifruti / Ovos,Batata kg,2.49,23/08/2026,https://instagram.fbri7-1.fna.fbcdn.net/v/t51.82787-15/783255974_18093165728531849_313858570458509058_n.jpg?stp=dst-jpg_e35_tt6&_nc_cat=111&ig_cache_key=Mzk3MDAyODMzNjE3MjA4NzkxNw%3D%3D.3-ccb7-5&ccb=7-5&_nc_sid=58cdad&efg=eyJ2ZW5jb2RlX3RhZyI6IkNBUk9VU0VMX0lURU0ueHBpZHMuMTI1NC5zZHIucmVndWxhcl9waG90by5DMyJ9&_nc_ohc=0vEe14aUYvoQ7kNvwE521SZ&_nc_oc=AdrZbLyVNRZpVPlp28Mi0AqkyaU8P6i1qOyJPc53zr-J9zcVL0UwFuH6jYKfFAigq0M&_nc_zt=23&_nc_ht=instagram.fbri7-1.fna&_nc_gid=DwqtaZnR0C5Og8QCM3YhRQ&_nc_ss=72a8c&oh=00_AQEfUbgm3jj1TR5Y0Ds0Pcv6lhthn1wtSqvB3uSH0gO8tw&oe=6A933A3E,https://www.instagram.com/p/DcYX8qUEXk2/
Supermercado São Pedro,Hortifruti / Ovos,Laranja kg,2.89,23/08/2026,https://scontent-lhr11-1.cdninstagram.com/v/t39.30808-6/781977378_1500799415426508_4866536164507670119_n.jpg?stp=dst-jpg_e35_tt6&_nc_cat=110&ig_cache_key=Mzk3MDM5MzQ4NDg1OTE4MjA5Mw%3D%3D.3-ccb7-5&ccb=7-5&_nc_sid=58cdad&efg=eyJ2ZW5jb2RlX3RhZyI6IkZFRUQueHBpZHMuMTYzOS5zZHIucmVndWxhcl9waG90by5DMyJ9&_nc_ohc=UUhpBq5mo5UQ7kNvwFCGQ0u&_nc_oc=AdoXYiUYH0r1BLQselSLE8j-F04rvFfta3742aevtAxZgQWcTKAft3z_7a1VJLeJMI4&_nc_zt=23&_nc_ht=scontent-lhr11-1.cdninstagram.com&_nc_gid=RC0WT2-YHwf0j4Swz3ILcQ&_nc_ss=7c289&oh=00_AQH_plQUGKWat7vhz0gEYgPHwXODlm8y8f62piPiEvgiWg&oe=6A934CCE,https://www.instagram.com/p/DcZq9ajjowN/
Super Compras Supermercado,Hortifruti / Ovos,Laranja kg,2.99,24/08/2026,https://instagram.fktw4-1.fna.fbcdn.net/v/t51.82787-15/778986014_18192356080391764_2727967813090525154_n.jpg?stp=dst-jpg_e35_tt6&_nc_cat=111&ig_cache_key=Mzk3MDM4ODQ5NTE4MTQxNTkzNQ%3D%3D.3-ccb7-5&ccb=7-5&_nc_sid=58cdad&efg=eyJ2ZW5jb2RlX3RhZyI6IkZFRUQueHBpZHMuMTQ0MC5zZHIucmVndWxhcl9waG90by5DMyJ9&_nc_ohc=79VNBzqSEmAQ7kNvwEyiXNo&_nc_oc=AdpBPShaY23u1cyYt0R-BD6dryi5Y1pHCK_AR83onVR45gUOVXfYrtHEBmVu3PCpkXAZKBf_Ebw3A52qhgfwHl49&_nc_zt=23&_nc_ht=instagram.fktw4-1.fna&_nc_gid=-GYRc4icJzdUzmro4oQofQ&_nc_ss=72689&oh=00_AQFdYHe6EOnUX56FeRzJyZ4s7hR1pXxkKnxFl8MhXUGneA&oe=6A933590,https://www.instagram.com/p/DcZp0zjlgX_/
Bom Jesus Primavera do Leste 🛒,Hortifruti / Ovos,Laranja Nacional kg,2.99,24/08/2026,https://scontent-lhr11-1.cdninstagram.com/v/t51.82787-15/784817810_18374239453237813_2825750323987932425_n.jpg?stp=dst-jpg_e35_tt6&_nc_cat=111&ig_cache_key=Mzk3MDc4NzgzNDU3MDQ3NjY3NQ%3D%3D.3-ccb7-5&ccb=7-5&_nc_sid=58cdad&efg=eyJ2ZW5jb2RlX3RhZyI6IkNBUk9VU0VMX0lURU0ueHBpZHMuMTA4MC5zZHIucmVndWxhcl9waG90by5DMyJ9&_nc_ohc=8m-UNspcFUYQ7kNvwHXeooJ&_nc_oc=Adqos0Rgzx6KltmM-pMTmE6BlyBg736QCFCa52Fcin3PzISQjQ-Ui3nhy98vdg5jP0s&_nc_zt=23&_nc_ht=scontent-lhr11-1.cdninstagram.com&_nc_gid=NEfc7J6EX-HyPa_-hVhMfg&_nc_ss=72a8c&oh=00_AQGz61e71G7DFLHXJu6X_OWLX3IMezp3JulWU1TF0zFXnQ&oe=6A934509,https://www.instagram.com/p/DcbEo2aliuR/
Mercado Talismã,Hortifruti / Ovos,Melancia kg,2.99,23/08/2026,https://instagram.fbri7-1.fna.fbcdn.net/v/t51.82787-15/783255974_18093165728531849_313858570458509058_n.jpg?stp=dst-jpg_e35_tt6&_nc_cat=111&ig_cache_key=Mzk3MDAyODMzNjE3MjA4NzkxNw%3D%3D.3-ccb7-5&ccb=7-5&_nc_sid=58cdad&efg=eyJ2ZW5jb2RlX3RhZyI6IkNBUk9VU0VMX0lURU0ueHBpZHMuMTI1NC5zZHIucmVndWxhcl9waG90by5DMyJ9&_nc_ohc=0vEe14aUYvoQ7kNvwE521SZ&_nc_oc=AdrZbLyVNRZpVPlp28Mi0AqkyaU8P6i1qOyJPc53zr-J9zcVL0UwFuH6jYKfFAigq0M&_nc_zt=23&_nc_ht=instagram.fbri7-1.fna&_nc_gid=DwqtaZnR0C5Og8QCM3YhRQ&_nc_ss=72a8c&oh=00_AQEfUbgm3jj1TR5Y0Ds0Pcv6lhthn1wtSqvB3uSH0gO8tw&oe=6A933A3E,https://www.instagram.com/p/DcYX8qUEXk2/
Super Compras Supermercado,Hortifruti / Ovos,Batata kg,3.49,22/08/2026,https://scontent-nrt1-1.cdninstagram.com/v/t51.82787-15/781425562_18192143110391764_1116124836587707156_n.jpg?stp=dst-jpg_e35_tt6&_nc_cat=103&ig_cache_key=Mzk2ODk1MTQ4MDU4NDU2NzM5OQ%3D%3D.3-ccb7-5&ccb=7-5&_nc_sid=58cdad&efg=eyJ2ZW5jb2RlX3RhZyI6IkZFRUQueHBpZHMuMTQ0MC5zZHIucmVndWxhcl9waG90by5DMyJ9&_nc_ohc=FnigSYXdvhUQ7kNvwGRkcAG&_nc_oc=AdonCCxXHqGTg_PWXyB1JgNdcqEH_vwJJWL680R28EmNOK2bM5C2WZM7cy119AH_gLdlXnMljHveyI95cRbzLUPs&_nc_zt=23&_nc_ht=scontent-nrt1-1.cdninstagram.com&_nc_gid=Zy6soJZ4nQgZ51IpDvUjQQ&_nc_ss=72689&oh=00_AQE0ZBvL8gk1k0OD2tKfuVSe0Dd82iIDS1jZDljIS0bHaQ&oe=6A932EE0,https://www.instagram.com/p/DcUjFfbAPpn/
Mercado Talismã,Hortifruti / Ovos,Tomate kg,3.49,23/08/2026,https://instagram.fbri7-1.fna.fbcdn.net/v/t51.82787-15/783255974_18093165728531849_313858570458509058_n.jpg?stp=dst-jpg_e35_tt6&_nc_cat=111&ig_cache_key=Mzk3MDAyODMzNjE3MjA4NzkxNw%3D%3D.3-ccb7-5&ccb=7-5&_nc_sid=58cdad&efg=eyJ2ZW5jb2RlX3RhZyI6IkNBUk9VU0VMX0lURU0ueHBpZHMuMTI1NC5zZHIucmVndWxhcl9waG90by5DMyJ9&_nc_ohc=0vEe14aUYvoQ7kNvwE521SZ&_nc_oc=AdrZbLyVNRZpVPlp28Mi0AqkyaU8P6i1qOyJPc53zr-J9zcVL0UwFuH6jYKfFAigq0M&_nc_zt=23&_nc_ht=instagram.fbri7-1.fna&_nc_gid=DwqtaZnR0C5Og8QCM3YhRQ&_nc_ss=72a8c&oh=00_AQEfUbgm3jj1TR5Y0Ds0Pcv6lhthn1wtSqvB3uSH0gO8tw&oe=6A933A3E,https://www.instagram.com/p/DcYX8qUEXk2/
Supermercado São Pedro,Hortifruti / Ovos,Cebola kg,3.99,23/08/2026,https://scontent-lhr11-1.cdninstagram.com/v/t39.30808-6/781977378_1500799415426508_4866536164507670119_n.jpg?stp=dst-jpg_e35_tt6&_nc_cat=110&ig_cache_key=Mzk3MDM5MzQ4NDg1OTE4MjA5Mw%3D%3D.3-ccb7-5&ccb=7-5&_nc_sid=58cdad&efg=eyJ2ZW5jb2RlX3RhZyI6IkZFRUQueHBpZHMuMTYzOS5zZHIucmVndWxhcl9waG90by5DMyJ9&_nc_ohc=UUhpBq5mo5UQ7kNvwFCGQ0u&_nc_oc=AdoXYiUYH0r1BLQselSLE8j-F04rvFfta3742aevtAxZgQWcTKAft3z_7a1VJLeJMI4&_nc_zt=23&_nc_ht=scontent-lhr11-1.cdninstagram.com&_nc_gid=RC0WT2-YHwf0j4Swz3ILcQ&_nc_ss=7c289&oh=00_AQH_plQUGKWat7vhz0gEYgPHwXODlm8y8f62piPiEvgiWg&oe=6A934CCE,https://www.instagram.com/p/DcZq9ajjowN/
Supermercado São Pedro,Hortifruti / Ovos,Banana Nanica kg,3.99,23/08/2026,https://scontent-lhr11-1.cdninstagram.com/v/t39.30808-6/781977378_1500799415426508_4866536164507670119_n.jpg?stp=dst-jpg_e35_tt6&_nc_cat=110&ig_cache_key=Mzk3MDM5MzQ4NDg1OTE4MjA5Mw%3D%3D.3-ccb7-5&ccb=7-5&_nc_sid=58cdad&efg=eyJ2ZW5jb2RlX3RhZyI6IkZFRUQueHBpZHMuMTYzOS5zZHIucmVndWxhcl9waG90by5DMyJ9&_nc_ohc=UUhpBq5mo5UQ7kNvwFCGQ0u&_nc_oc=AdoXYiUYH0r1BLQselSLE8j-F04rvFfta3742aevtAxZgQWcTKAft3z_7a1VJLeJMI4&_nc_zt=23&_nc_ht=scontent-lhr11-1.cdninstagram.com&_nc_gid=RC0WT2-YHwf0j4Swz3ILcQ&_nc_ss=7c289&oh=00_AQH_plQUGKWat7vhz0gEYgPHwXODlm8y8f62piPiEvgiWg&oe=6A934CCE,https://www.instagram.com/p/DcZq9ajjowN/
Super Compras Supermercado,Hortifruti / Ovos,Banana Nanica kg,3.99,24/08/2026,https://instagram.fktw4-1.fna.fbcdn.net/v/t51.82787-15/778986014_18192356080391764_2727967813090525154_n.jpg?stp=dst-jpg_e35_tt6&_nc_cat=111&ig_cache_key=Mzk3MDM4ODQ5NTE4MTQxNTkzNQ%3D%3D.3-ccb7-5&ccb=7-5&_nc_sid=58cdad&efg=eyJ2ZW5jb2RlX3RhZyI6IkZFRUQueHBpZHMuMTQ0MC5zZHIucmVndWxhcl9waG90by5DMyJ9&_nc_ohc=79VNBzqSEmAQ7kNvwEyiXNo&_nc_oc=AdpBPShaY23u1cyYt0R-BD6dryi5Y1pHCK_AR83onVR45gUOVXfYrtHEBmVu3PCpkXAZKBf_Ebw3A52qhgfwHl49&_nc_zt=23&_nc_ht=instagram.fktw4-1.fna&_nc_gid=-GYRc4icJzdUzmro4oQofQ&_nc_ss=72689&oh=00_AQFdYHe6EOnUX56FeRzJyZ4s7hR1pXxkKnxFl8MhXUGneA&oe=6A933590,https://www.instagram.com/p/DcZp0zjlgX_/
Super Compras Supermercado,Hortifruti / Ovos,Cebola kg,3.99,24/08/2026,https://instagram.fktw4-1.fna.fbcdn.net/v/t51.82787-15/778986014_18192356080391764_2727967813090525154_n.jpg?stp=dst-jpg_e35_tt6&_nc_cat=111&ig_cache_key=Mzk3MDM4ODQ5NTE4MTQxNTkzNQ%3D%3D.3-ccb7-5&ccb=7-5&_nc_sid=58cdad&efg=eyJ2ZW5jb2RlX3RhZyI6IkZFRUQueHBpZHMuMTQ0MC5zZHIucmVndWxhcl9waG90by5DMyJ9&_nc_ohc=79VNBzqSEmAQ7kNvwEyiXNo&_nc_oc=AdpBPShaY23u1cyYt0R-BD6dryi5Y1pHCK_AR83onVR45gUOVXfYrtHEBmVu3PCpkXAZKBf_Ebw3A52qhgfwHl49&_nc_zt=23&_nc_ht=instagram.fktw4-1.fna&_nc_gid=-GYRc4icJzdUzmro4oQofQ&_nc_ss=72689&oh=00_AQFdYHe6EOnUX56FeRzJyZ4s7hR1pXxkKnxFl8MhXUGneA&oe=6A933590,https://www.instagram.com/p/DcZp0zjlgX_/
Super Compras Supermercado,Hortifruti / Ovos,Batata kg,3.99,24/08/2026,https://instagram.fktw4-1.fna.fbcdn.net/v/t51.82787-15/778986014_18192356080391764_2727967813090525154_n.jpg?stp=dst-jpg_e35_tt6&_nc_cat=111&ig_cache_key=Mzk3MDM4ODQ5NTE4MTQxNTkzNQ%3D%3D.3-ccb7-5&ccb=7-5&_nc_sid=58cdad&efg=eyJ2ZW5jb2RlX3RhZyI6IkZFRUQueHBpZHMuMTQ0MC5zZHIucmVndWxhcl9waG90by5DMyJ9&_nc_ohc=79VNBzqSEmAQ7kNvwEyiXNo&_nc_oc=AdpBPShaY23u1cyYt0R-BD6dryi5Y1pHCK_AR83onVR45gUOVXfYrtHEBmVu3PCpkXAZKBf_Ebw3A52qhgfwHl49&_nc_zt=23&_nc_ht=instagram.fktw4-1.fna&_nc_gid=-GYRc4icJzdUzmro4oQofQ&_nc_ss=72689&oh=00_AQFdYHe6EOnUX56FeRzJyZ4s7hR1pXxkKnxFl8MhXUGneA&oe=6A933590,https://www.instagram.com/p/DcZp0zjlgX_/
Super Compras Supermercado,Hortifruti / Ovos,Cebola kg,3.99,22/08/2026,https://scontent-nrt1-1.cdninstagram.com/v/t51.82787-15/781425562_18192143110391764_1116124836587707156_n.jpg?stp=dst-jpg_e35_tt6&_nc_cat=103&ig_cache_key=Mzk2ODk1MTQ4MDU4NDU2NzM5OQ%3D%3D.3-ccb7-5&ccb=7-5&_nc_sid=58cdad&efg=eyJ2ZW5jb2RlX3RhZyI6IkZFRUQueHBpZHMuMTQ0MC5zZHIucmVndWxhcl9waG90by5DMyJ9&_nc_ohc=FnigSYXdvhUQ7kNvwGRkcAG&_nc_oc=AdonCCxXHqGTg_PWXyB1JgNdcqEH_vwJJWL680R28EmNOK2bM5C2WZM7cy119AH_gLdlXnMljHveyI95cRbzLUPs&_nc_zt=23&_nc_ht=scontent-nrt1-1.cdninstagram.com&_nc_gid=Zy6soJZ4nQgZ51IpDvUjQQ&_nc_ss=72689&oh=00_AQE0ZBvL8gk1k0OD2tKfuVSe0Dd82iIDS1jZDljIS0bHaQ&oe=6A932EE0,https://www.instagram.com/p/DcUjFfbAPpn/
Mercado Talismã,Hortifruti / Ovos,Cebola kg,3.99,24/08/2026,https://instagram.fyxd4-1.fna.fbcdn.net/v/t51.82787-15/785748666_18093283496531849_4493238562004923215_n.jpg?stp=dst-jpg_e35_tt6&_nc_cat=103&ig_cache_key=Mzk3MDc3NzUxNDQyMjczODE2MQ%3D%3D.3-ccb7-5&ccb=7-5&_nc_sid=58cdad&efg=eyJ2ZW5jb2RlX3RhZyI6IkNBUk9VU0VMX0lURU0ueHBpZHMuMTI1NC5zZHIucmVndWxhcl9waG90by5DMyJ9&_nc_ohc=uv8eqfbw-RUQ7kNvwHiXxEI&_nc_oc=AdqCTM7wNOiETisvEqcMreAFEyJNNFrL8SA3MyQf5I-ZNlpE9Fuv1pCkWweYyxdP-uH-Gr0ccCSCUGxtFMw4RnQm&_nc_zt=23&_nc_ht=instagram.fyxd4-1.fna&_nc_gid=T-z5bvwFELXK1EgWMBPJ0Q&_nc_ss=72689&oh=00_AQE6YmBaigEp2IXWAByuIPE8GVKnm2uxF_15HebRZFXJUA&oe=6A9349E7,https://www.instagram.com/p/DcbCSf6Efnj/
Machadão Atacadista,Hortifruti / Ovos,Batata Doce kg,4.98,25/08/2026,https://scontent-yyz1-1.cdninstagram.com/v/t39.30808-6/783502457_1358140693072555_8680596946681981726_n.jpg?stp=dst-jpg_e35_tt6&_nc_cat=100&ig_cache_key=Mzk3MTEzMzM1OTY4MTc2NTMwNg%3D%3D.3-ccb7-5&ccb=7-5&_nc_sid=58cdad&efg=eyJ2ZW5jb2RlX3RhZyI6IkZFRUQueHBpZHMuMTYzOC5zZHIucmVndWxhcl9waG90by5DMyJ9&_nc_ohc=wwJotf6FAMIQ7kNvwElsWLP&_nc_oc=Adp9vONf5je9V1gauaUlywOmzp8f48dzi_I5vXebnv-G0Plfl_vbSR-QTMdv6G19aAU&_nc_zt=23&_nc_ht=scontent-yyz1-1.cdninstagram.com&_nc_gid=S_Ll4J3ZOcYyRMaRJhdBNQ&_nc_ss=72a8c&oh=00_AQFVxgw72cJ_rrX3VHdbxlhFdgai8JhFlbzCCfzZ7qOrtg&oe=6A9331FA,https://www.instagram.com/p/DccTMAriP-6/
Bom Jesus Primavera do Leste 🛒,Hortifruti / Ovos,Cebola kg,4.99,24/08/2026,https://scontent-lhr11-1.cdninstagram.com/v/t51.82787-15/784590234_18374239444237813_5954849484238865529_n.jpg?stp=dst-jpg_e35_tt6&_nc_cat=107&ig_cache_key=Mzk3MDc4NzgzMDE4NTU1ODE1Mg%3D%3D.3-ccb7-5&ccb=7-5&_nc_sid=58cdad&efg=eyJ2ZW5jb2RlX3RhZyI6IkNBUk9VU0VMX0lURU0ueHBpZHMuMTA4MC5zZHIucmVndWxhcl9waG90by5DMyJ9&_nc_ohc=kAB9Vc-TYy4Q7kNvwGpzJ7O&_nc_oc=Adp8uQpsILPdzqxwo6lwgp4m43Bg_MoWNf_EwcXrORZwNAui5avmElAwje8g-oW1l_g&_nc_zt=23&_nc_ht=scontent-lhr11-1.cdninstagram.com&_nc_gid=NEfc7J6EX-HyPa_-hVhMfg&_nc_ss=72a8c&oh=00_AQGwRpykyezPb0epqfCh_Fa1I8R8a3YexRPRI5OdbP8BsA&oe=6A93537A,https://www.instagram.com/p/DcbEo2aliuR/
Bom Jesus Primavera do Leste 🛒,Hortifruti / Ovos,Abacate kg,4.99,24/08/2026,https://scontent-lhr11-1.cdninstagram.com/v/t51.82787-15/780551083_18374239432237813_6720893505103105991_n.jpg?stp=dst-jpg_e35_tt6&_nc_cat=106&ig_cache_key=Mzk3MDc4NzgzMjYxOTg0ODE2Mw%3D%3D.3-ccb7-5&ccb=7-5&_nc_sid=58cdad&efg=eyJ2ZW5jb2RlX3RhZyI6IkNBUk9VU0VMX0lURU0ueHBpZHMuMTA4MC5zZHIucmVndWxhcl9waG90by5DMyJ9&_nc_ohc=V1Qe31mAUbwQ7kNvwFQcKsS&_nc_oc=Adp1f-3mcMpfQq0ty-Zusjsn9IA77pmeq831dQuPf4z9UVfINcNxu7ONKWf-LiHNLHc&_nc_zt=23&_nc_ht=scontent-lhr11-1.cdninstagram.com&_nc_gid=NEfc7J6EX-HyPa_-hVhMfg&_nc_ss=72a8c&oh=00_AQE53ozZS8nz_avMCFIEbfRR58rwjhdHh7L7HOXWM6-wyw&oe=6A935584,https://www.instagram.com/p/DcbEo2aliuR/
Super Compras Supermercado,Hortifruti / Ovos,Maçã kg,5.49,24/08/2026,https://instagram.fktw4-1.fna.fbcdn.net/v/t51.82787-15/778986014_18192356080391764_2727967813090525154_n.jpg?stp=dst-jpg_e35_tt6&_nc_cat=111&ig_cache_key=Mzk3MDM4ODQ5NTE4MTQxNTkzNQ%3D%3D.3-ccb7-5&ccb=7-5&_nc_sid=58cdad&efg=eyJ2ZW5jb2RlX3RhZyI6IkZFRUQueHBpZHMuMTQ0MC5zZHIucmVndWxhcl9waG90by5DMyJ9&_nc_ohc=79VNBzqSEmAQ7kNvwEyiXNo&_nc_oc=AdpBPShaY23u1cyYt0R-BD6dryi5Y1pHCK_AR83onVR45gUOVXfYrtHEBmVu3PCpkXAZKBf_Ebw3A52qhgfwHl49&_nc_zt=23&_nc_ht=instagram.fktw4-1.fna&_nc_gid=-GYRc4icJzdUzmro4oQofQ&_nc_ss=72689&oh=00_AQFdYHe6EOnUX56FeRzJyZ4s7hR1pXxkKnxFl8MhXUGneA&oe=6A933590,https://www.instagram.com/p/DcZp0zjlgX_/
Super Compras Supermercado,Hortifruti / Ovos,Tomate kg,5.49,24/08/2026,https://instagram.fktw4-1.fna.fbcdn.net/v/t51.82787-15/778986014_18192356080391764_2727967813090525154_n.jpg?stp=dst-jpg_e35_tt6&_nc_cat=111&ig_cache_key=Mzk3MDM4ODQ5NTE4MTQxNTkzNQ%3D%3D.3-ccb7-5&ccb=7-5&_nc_sid=58cdad&efg=eyJ2ZW5jb2RlX3RhZyI6IkZFRUQueHBpZHMuMTQ0MC5zZHIucmVndWxhcl9waG90by5DMyJ9&_nc_ohc=79VNBzqSEmAQ7kNvwEyiXNo&_nc_oc=AdpBPShaY23u1cyYt0R-BD6dryi5Y1pHCK_AR83onVR45gUOVXfYrtHEBmVu3PCpkXAZKBf_Ebw3A52qhgfwHl49&_nc_zt=23&_nc_ht=instagram.fktw4-1.fna&_nc_gid=-GYRc4icJzdUzmro4oQofQ&_nc_ss=72689&oh=00_AQFdYHe6EOnUX56FeRzJyZ4s7hR1pXxkKnxFl8MhXUGneA&oe=6A933590,https://www.instagram.com/p/DcZp0zjlgX_/
Machadão Atacadista,Hortifruti / Ovos,Batata Inglesa kg,5.49,25/08/2026,https://scontent-yyz1-1.cdninstagram.com/v/t39.30808-6/783502457_1358140693072555_8680596946681981726_n.jpg?stp=dst-jpg_e35_tt6&_nc_cat=100&ig_cache_key=Mzk3MTEzMzM1OTY4MTc2NTMwNg%3D%3D.3-ccb7-5&ccb=7-5&_nc_sid=58cdad&efg=eyJ2ZW5jb2RlX3RhZyI6IkZFRUQueHBpZHMuMTYzOC5zZHIucmVndWxhcl9waG90by5DMyJ9&_nc_ohc=wwJotf6FAMIQ7kNvwElsWLP&_nc_oc=Adp9vONf5je9V1gauaUlywOmzp8f48dzi_I5vXebnv-G0Plfl_vbSR-QTMdv6G19aAU&_nc_zt=23&_nc_ht=scontent-yyz1-1.cdninstagram.com&_nc_gid=S_Ll4J3ZOcYyRMaRJhdBNQ&_nc_ss=72a8c&oh=00_AQFVxgw72cJ_rrX3VHdbxlhFdgai8JhFlbzCCfzZ7qOrtg&oe=6A9331FA,https://www.instagram.com/p/DccTMAriP-6/
Mercado Talismã,Hortifruti / Ovos,Mamão Formosa kg,5.49,24/08/2026,https://instagram.fyxd4-1.fna.fbcdn.net/v/t51.82787-15/785748666_18093283496531849_4493238562004923215_n.jpg?stp=dst-jpg_e35_tt6&_nc_cat=103&ig_cache_key=Mzk3MDc3NzUxNDQyMjczODE2MQ%3D%3D.3-ccb7-5&ccb=7-5&_nc_sid=58cdad&efg=eyJ2ZW5jb2RlX3RhZyI6IkNBUk9VU0VMX0lURU0ueHBpZHMuMTI1NC5zZHIucmVndWxhcl9waG90by5DMyJ9&_nc_ohc=uv8eqfbw-RUQ7kNvwHiXxEI&_nc_oc=AdqCTM7wNOiETisvEqcMreAFEyJNNFrL8SA3MyQf5I-ZNlpE9Fuv1pCkWweYyxdP-uH-Gr0ccCSCUGxtFMw4RnQm&_nc_zt=23&_nc_ht=instagram.fyxd4-1.fna&_nc_gid=T-z5bvwFELXK1EgWMBPJ0Q&_nc_ss=72689&oh=00_AQE6YmBaigEp2IXWAByuIPE8GVKnm2uxF_15HebRZFXJUA&oe=6A9349E7,https://www.instagram.com/p/DcbCSf6Efnj/
Super Compras Supermercado,Hortifruti / Ovos,Alface,5.59,21/08/2026,https://instagram.fgig29-1.fna.fbcdn.net/v/t51.82787-15/780140079_18192045034391764_7683991793781918786_n.jpg?stp=dst-jpg_e35_tt6&_nc_cat=103&ig_cache_key=Mzk2ODIxODA0ODc2ODI1MjE2NA%3D%3D.3-ccb7-5&ccb=7-5&_nc_sid=58cdad&efg=eyJ2ZW5jb2RlX3RhZyI6IkZFRUQueHBpZHMuMTQ0MC5zZHIucmVndWxhcl9waG90by5DMyJ9&_nc_ohc=Su6wo4o_AAEQ7kNvwEhIKwv&_nc_oc=Adop14jhGwGsK-bp6D3YEHQJ6HwDHtBtexHXhw6HYKAJYDmwZZmTrajCg4EMgL1O7-8&_nc_zt=23&_nc_ht=instagram.fgig29-1.fna&_nc_gid=Ta7xc8L_GEbjc0S-7rvaLA&_nc_ss=72289&oh=00_AQF3vMlvNFUTXZgHuAOtRk290jCsXzLDpnshBiUayp-88Q&oe=6A9356AE,https://www.instagram.com/p/DcR8Up0IBkE/
Supermercado São Pedro,Hortifruti / Ovos,Mamão Formosa kg,5.89,23/08/2026,https://scontent-lhr11-1.cdninstagram.com/v/t39.30808-6/781977378_1500799415426508_4866536164507670119_n.jpg?stp=dst-jpg_e35_tt6&_nc_cat=110&ig_cache_key=Mzk3MDM5MzQ4NDg1OTE4MjA5Mw%3D%3D.3-ccb7-5&ccb=7-5&_nc_sid=58cdad&efg=eyJ2ZW5jb2RlX3RhZyI6IkZFRUQueHBpZHMuMTYzOS5zZHIucmVndWxhcl9waG90by5DMyJ9&_nc_ohc=UUhpBq5mo5UQ7kNvwFCGQ0u&_nc_oc=AdoXYiUYH0r1BLQselSLE8j-F04rvFfta3742aevtAxZgQWcTKAft3z_7a1VJLeJMI4&_nc_zt=23&_nc_ht=scontent-lhr11-1.cdninstagram.com&_nc_gid=RC0WT2-YHwf0j4Swz3ILcQ&_nc_ss=7c289&oh=00_AQH_plQUGKWat7vhz0gEYgPHwXODlm8y8f62piPiEvgiWg&oe=6A934CCE,https://www.instagram.com/p/DcZq9ajjowN/
Machadão Atacadista,Hortifruti / Ovos,Tomate Mini Grape Trebeschi 180g,5.98,25/08/2026,https://scontent-yyz1-1.cdninstagram.com/v/t39.30808-6/783502457_1358140693072555_8680596946681981726_n.jpg?stp=dst-jpg_e35_tt6&_nc_cat=100&ig_cache_key=Mzk3MTEzMzM1OTY4MTc2NTMwNg%3D%3D.3-ccb7-5&ccb=7-5&_nc_sid=58cdad&efg=eyJ2ZW5jb2RlX3RhZyI6IkZFRUQueHBpZHMuMTYzOC5zZHIucmVndWxhcl9waG90by5DMyJ9&_nc_ohc=wwJotf6FAMIQ7kNvwElsWLP&_nc_oc=Adp9vONf5je9V1gauaUlywOmzp8f48dzi_I5vXebnv-G0Plfl_vbSR-QTMdv6G19aAU&_nc_zt=23&_nc_ht=scontent-yyz1-1.cdninstagram.com&_nc_gid=S_Ll4J3ZOcYyRMaRJhdBNQ&_nc_ss=72a8c&oh=00_AQFVxgw72cJ_rrX3VHdbxlhFdgai8JhFlbzCCfzZ7qOrtg&oe=6A9331FA,https://www.instagram.com/p/DccTMAriP-6/
Super Compras Supermercado,Hortifruti / Ovos,Mamão kg,5.99,24/08/2026,https://instagram.fktw4-1.fna.fbcdn.net/v/t51.82787-15/778986014_18192356080391764_2727967813090525154_n.jpg?stp=dst-jpg_e35_tt6&_nc_cat=111&ig_cache_key=Mzk3MDM4ODQ5NTE4MTQxNTkzNQ%3D%3D.3-ccb7-5&ccb=7-5&_nc_sid=58cdad&efg=eyJ2ZW5jb2RlX3RhZyI6IkZFRUQueHBpZHMuMTQ0MC5zZHIucmVndWxhcl9waG90by5DMyJ9&_nc_ohc=79VNBzqSEmAQ7kNvwEyiXNo&_nc_oc=AdpBPShaY23u1cyYt0R-BD6dryi5Y1pHCK_AR83onVR45gUOVXfYrtHEBmVu3PCpkXAZKBf_Ebw3A52qhgfwHl49&_nc_zt=23&_nc_ht=instagram.fktw4-1.fna&_nc_gid=-GYRc4icJzdUzmro4oQofQ&_nc_ss=72689&oh=00_AQFdYHe6EOnUX56FeRzJyZ4s7hR1pXxkKnxFl8MhXUGneA&oe=6A933590,https://www.instagram.com/p/DcZp0zjlgX_/
Bom Jesus Primavera do Leste 🛒,Hortifruti / Ovos,Melão Amarelo kg,5.99,24/08/2026,https://scontent-lhr11-1.cdninstagram.com/v/t51.82787-15/783707432_18374239420237813_1111475954040917869_n.jpg?stp=dst-jpg_e35_tt6&_nc_cat=100&ig_cache_key=Mzk3MDc4NzgyNzEwNDYzMDI1Mg%3D%3D.3-ccb7-5&ccb=7-5&_nc_sid=58cdad&efg=eyJ2ZW5jb2RlX3RhZyI6IkNBUk9VU0VMX0lURU0ueHBpZHMuMTA4MC5zZHIucmVndWxhcl9waG90by5DMyJ9&_nc_ohc=VGJMRIpbmeIQ7kNvwGvI5az&_nc_oc=Adp4hRxBr7KK3ZpiQfDR5wWjc2DuxlFyjdVDmsb49QgEtZU55HZK1KCmfEoGkxrRQnE&_nc_zt=23&_nc_ht=scontent-lhr11-1.cdninstagram.com&_nc_gid=NEfc7J6EX-HyPa_-hVhMfg&_nc_ss=72a8c&oh=00_AQGL7M-rRZAWPgf4o7JpcO3_6QiV_JXK-QmNj7bFOuTJ5w&oe=6A93417C,https://www.instagram.com/p/DcbEo2aliuR/
Bom Jesus Primavera do Leste 🛒,Hortifruti / Ovos,Tomate kg,5.99,24/08/2026,https://scontent-lhr11-1.cdninstagram.com/v/t51.82787-15/780551083_18374239432237813_6720893505103105991_n.jpg?stp=dst-jpg_e35_tt6&_nc_cat=106&ig_cache_key=Mzk3MDc4NzgzMjYxOTg0ODE2Mw%3D%3D.3-ccb7-5&ccb=7-5&_nc_sid=58cdad&efg=eyJ2ZW5jb2RlX3RhZyI6IkNBUk9VU0VMX0lURU0ueHBpZHMuMTA4MC5zZHIucmVndWxhcl9waG90by5DMyJ9&_nc_ohc=V1Qe31mAUbwQ7kNvwFQcKsS&_nc_oc=Adp1f-3mcMpfQq0ty-Zusjsn9IA77pmeq831dQuPf4z9UVfINcNxu7ONKWf-LiHNLHc&_nc_zt=23&_nc_ht=scontent-lhr11-1.cdninstagram.com&_nc_gid=NEfc7J6EX-HyPa_-hVhMfg&_nc_ss=72a8c&oh=00_AQE53ozZS8nz_avMCFIEbfRR58rwjhdHh7L7HOXWM6-wyw&oe=6A935584,https://www.instagram.com/p/DcbEo2aliuR/
Bom Jesus Primavera do Leste 🛒,Hortifruti / Ovos,Banana Nanica kg,5.99,24/08/2026,https://scontent-lhr11-1.cdninstagram.com/v/t51.82787-15/780551083_18374239432237813_6720893505103105991_n.jpg?stp=dst-jpg_e35_tt6&_nc_cat=106&ig_cache_key=Mzk3MDc4NzgzMjYxOTg0ODE2Mw%3D%3D.3-ccb7-5&ccb=7-5&_nc_sid=58cdad&efg=eyJ2ZW5jb2RlX3RhZyI6IkNBUk9VU0VMX0lURU0ueHBpZHMuMTA4MC5zZHIucmVndWxhcl9waG90by5DMyJ9&_nc_ohc=V1Qe31mAUbwQ7kNvwFQcKsS&_nc_oc=Adp1f-3mcMpfQq0ty-Zusjsn9IA77pmeq831dQuPf4z9UVfINcNxu7ONKWf-LiHNLHc&_nc_zt=23&_nc_ht=scontent-lhr11-1.cdninstagram.com&_nc_gid=NEfc7J6EX-HyPa_-hVhMfg&_nc_ss=72a8c&oh=00_AQE53ozZS8nz_avMCFIEbfRR58rwjhdHh7L7HOXWM6-wyw&oe=6A935584,https://www.instagram.com/p/DcbEo2aliuR/
Bom Jesus Primavera do Leste 🛒,Hortifruti / Ovos,Batata Doce kg,5.99,24/08/2026,https://scontent-lhr11-1.cdninstagram.com/v/t51.82787-15/780551083_18374239432237813_6720893505103105991_n.jpg?stp=dst-jpg_e35_tt6&_nc_cat=106&ig_cache_key=Mzk3MDc4NzgzMjYxOTg0ODE2Mw%3D%3D.3-ccb7-5&ccb=7-5&_nc_sid=58cdad&efg=eyJ2ZW5jb2RlX3RhZyI6IkNBUk9VU0VMX0lURU0ueHBpZHMuMTA4MC5zZHIucmVndWxhcl9waG90by5DMyJ9&_nc_ohc=V1Qe31mAUbwQ7kNvwFQcKsS&_nc_oc=Adp1f-3mcMpfQq0ty-Zusjsn9IA77pmeq831dQuPf4z9UVfINcNxu7ONKWf-LiHNLHc&_nc_zt=23&_nc_ht=scontent-lhr11-1.cdninstagram.com&_nc_gid=NEfc7J6EX-HyPa_-hVhMfg&_nc_ss=72a8c&oh=00_AQE53ozZS8nz_avMCFIEbfRR58rwjhdHh7L7HOXWM6-wyw&oe=6A935584,https://www.instagram.com/p/DcbEo2aliuR/
Supermercado São Pedro,Hortifruti / Ovos,Melão Amarelo kg,6.19,23/08/2026,https://scontent-lhr11-1.cdninstagram.com/v/t39.30808-6/781977378_1500799415426508_4866536164507670119_n.jpg?stp=dst-jpg_e35_tt6&_nc_cat=110&ig_cache_key=Mzk3MDM5MzQ4NDg1OTE4MjA5Mw%3D%3D.3-ccb7-5&ccb=7-5&_nc_sid=58cdad&efg=eyJ2ZW5jb2RlX3RhZyI6IkZFRUQueHBpZHMuMTYzOS5zZHIucmVndWxhcl9waG90by5DMyJ9&_nc_ohc=UUhpBq5mo5UQ7kNvwFCGQ0u&_nc_oc=AdoXYiUYH0r1BLQselSLE8j-F04rvFfta3742aevtAxZgQWcTKAft3z_7a1VJLeJMI4&_nc_zt=23&_nc_ht=scontent-lhr11-1.cdninstagram.com&_nc_gid=RC0WT2-YHwf0j4Swz3ILcQ&_nc_ss=7c289&oh=00_AQH_plQUGKWat7vhz0gEYgPHwXODlm8y8f62piPiEvgiWg&oe=6A934CCE,https://www.instagram.com/p/DcZq9ajjowN/
Machadão Atacadista,Hortifruti / Ovos,Melão Amarelo kg,6.49,25/08/2026,https://scontent-yyz1-1.cdninstagram.com/v/t39.30808-6/783502457_1358140693072555_8680596946681981726_n.jpg?stp=dst-jpg_e35_tt6&_nc_cat=100&ig_cache_key=Mzk3MTEzMzM1OTY4MTc2NTMwNg%3D%3D.3-ccb7-5&ccb=7-5&_nc_sid=58cdad&efg=eyJ2ZW5jb2RlX3RhZyI6IkZFRUQueHBpZHMuMTYzOC5zZHIucmVndWxhcl9waG90by5DMyJ9&_nc_ohc=wwJotf6FAMIQ7kNvwElsWLP&_nc_oc=Adp9vONf5je9V1gauaUlywOmzp8f48dzi_I5vXebnv-G0Plfl_vbSR-QTMdv6G19aAU&_nc_zt=23&_nc_ht=scontent-yyz1-1.cdninstagram.com&_nc_gid=S_Ll4J3ZOcYyRMaRJhdBNQ&_nc_ss=72a8c&oh=00_AQFVxgw72cJ_rrX3VHdbxlhFdgai8JhFlbzCCfzZ7qOrtg&oe=6A9331FA,https://www.instagram.com/p/DccTMAriP-6/
Supermercado São Pedro,Hortifruti / Ovos,Maçã Fuji kg,6.69,23/08/2026,https://scontent-lhr11-1.cdninstagram.com/v/t39.30808-6/781977378_1500799415426508_4866536164507670119_n.jpg?stp=dst-jpg_e35_tt6&_nc_cat=110&ig_cache_key=Mzk3MDM5MzQ4NDg1OTE4MjA5Mw%3D%3D.3-ccb7-5&ccb=7-5&_nc_sid=58cdad&efg=eyJ2ZW5jb2RlX3RhZyI6IkZFRUQueHBpZHMuMTYzOS5zZHIucmVndWxhcl9waG90by5DMyJ9&_nc_ohc=UUhpBq5mo5UQ7kNvwFCGQ0u&_nc_oc=AdoXYiUYH0r1BLQselSLE8j-F04rvFfta3742aevtAxZgQWcTKAft3z_7a1VJLeJMI4&_nc_zt=23&_nc_ht=scontent-lhr11-1.cdninstagram.com&_nc_gid=RC0WT2-YHwf0j4Swz3ILcQ&_nc_ss=7c289&oh=00_AQH_plQUGKWat7vhz0gEYgPHwXODlm8y8f62piPiEvgiWg&oe=6A934CCE,https://www.instagram.com/p/DcZq9ajjowN/
Super Compras Supermercado,Hortifruti / Ovos,Cenoura kg,6.89,24/08/2026,https://instagram.fktw4-1.fna.fbcdn.net/v/t51.82787-15/778986014_18192356080391764_2727967813090525154_n.jpg?stp=dst-jpg_e35_tt6&_nc_cat=111&ig_cache_key=Mzk3MDM4ODQ5NTE4MTQxNTkzNQ%3D%3D.3-ccb7-5&ccb=7-5&_nc_sid=58cdad&efg=eyJ2ZW5jb2RlX3RhZyI6IkZFRUQueHBpZHMuMTQ0MC5zZHIucmVndWxhcl9waG90by5DMyJ9&_nc_ohc=79VNBzqSEmAQ7kNvwEyiXNo&_nc_oc=AdpBPShaY23u1cyYt0R-BD6dryi5Y1pHCK_AR83onVR45gUOVXfYrtHEBmVu3PCpkXAZKBf_Ebw3A52qhgfwHl49&_nc_zt=23&_nc_ht=instagram.fktw4-1.fna&_nc_gid=-GYRc4icJzdUzmro4oQofQ&_nc_ss=72689&oh=00_AQFdYHe6EOnUX56FeRzJyZ4s7hR1pXxkKnxFl8MhXUGneA&oe=6A933590,https://www.instagram.com/p/DcZp0zjlgX_/
Super Compras Supermercado,Hortifruti / Ovos,Uva Vitória 500g,6.99,24/08/2026,https://instagram.fktw4-1.fna.fbcdn.net/v/t51.82787-15/778986014_18192356080391764_2727967813090525154_n.jpg?stp=dst-jpg_e35_tt6&_nc_cat=111&ig_cache_key=Mzk3MDM4ODQ5NTE4MTQxNTkzNQ%3D%3D.3-ccb7-5&ccb=7-5&_nc_sid=58cdad&efg=eyJ2ZW5jb2RlX3RhZyI6IkZFRUQueHBpZHMuMTQ0MC5zZHIucmVndWxhcl9waG90by5DMyJ9&_nc_ohc=79VNBzqSEmAQ7kNvwEyiXNo&_nc_oc=AdpBPShaY23u1cyYt0R-BD6dryi5Y1pHCK_AR83onVR45gUOVXfYrtHEBmVu3PCpkXAZKBf_Ebw3A52qhgfwHl49&_nc_zt=23&_nc_ht=instagram.fktw4-1.fna&_nc_gid=-GYRc4icJzdUzmro4oQofQ&_nc_ss=72689&oh=00_AQFdYHe6EOnUX56FeRzJyZ4s7hR1pXxkKnxFl8MhXUGneA&oe=6A933590,https://www.instagram.com/p/DcZp0zjlgX_/
Super Compras Supermercado,Hortifruti / Ovos,Melão kg,6.99,24/08/2026,https://instagram.fktw4-1.fna.fbcdn.net/v/t51.82787-15/778986014_18192356080391764_2727967813090525154_n.jpg?stp=dst-jpg_e35_tt6&_nc_cat=111&ig_cache_key=Mzk3MDM4ODQ5NTE4MTQxNTkzNQ%3D%3D.3-ccb7-5&ccb=7-5&_nc_sid=58cdad&efg=eyJ2ZW5jb2RlX3RhZyI6IkZFRUQueHBpZHMuMTQ0MC5zZHIucmVndWxhcl9waG90by5DMyJ9&_nc_ohc=79VNBzqSEmAQ7kNvwEyiXNo&_nc_oc=AdpBPShaY23u1cyYt0R-BD6dryi5Y1pHCK_AR83onVR45gUOVXfYrtHEBmVu3PCpkXAZKBf_Ebw3A52qhgfwHl49&_nc_zt=23&_nc_ht=instagram.fktw4-1.fna&_nc_gid=-GYRc4icJzdUzmro4oQofQ&_nc_ss=72689&oh=00_AQFdYHe6EOnUX56FeRzJyZ4s7hR1pXxkKnxFl8MhXUGneA&oe=6A933590,https://www.instagram.com/p/DcZp0zjlgX_/
Bom Jesus Primavera do Leste 🛒,Hortifruti / Ovos,Mamão Formoso kg,6.99,24/08/2026,https://scontent-lhr11-1.cdninstagram.com/v/t51.82787-15/784817810_18374239453237813_2825750323987932425_n.jpg?stp=dst-jpg_e35_tt6&_nc_cat=111&ig_cache_key=Mzk3MDc4NzgzNDU3MDQ3NjY3NQ%3D%3D.3-ccb7-5&ccb=7-5&_nc_sid=58cdad&efg=eyJ2ZW5jb2RlX3RhZyI6IkNBUk9VU0VMX0lURU0ueHBpZHMuMTA4MC5zZHIucmVndWxhcl9waG90by5DMyJ9&_nc_ohc=8m-UNspcFUYQ7kNvwHXeooJ&_nc_oc=Adqos0Rgzx6KltmM-pMTmE6BlyBg736QCFCa52Fcin3PzISQjQ-Ui3nhy98vdg5jP0s&_nc_zt=23&_nc_ht=scontent-lhr11-1.cdninstagram.com&_nc_gid=NEfc7J6EX-HyPa_-hVhMfg&_nc_ss=72a8c&oh=00_AQGz61e71G7DFLHXJu6X_OWLX3IMezp3JulWU1TF0zFXnQ&oe=6A934509,https://www.instagram.com/p/DcbEo2aliuR/
Machadão Atacadista,Hortifruti / Ovos,Cebola Nacional kg,6.99,25/08/2026,https://scontent-yyz1-1.cdninstagram.com/v/t39.30808-6/783502457_1358140693072555_8680596946681981726_n.jpg?stp=dst-jpg_e35_tt6&_nc_cat=100&ig_cache_key=Mzk3MTEzMzM1OTY4MTc2NTMwNg%3D%3D.3-ccb7-5&ccb=7-5&_nc_sid=58cdad&efg=eyJ2ZW5jb2RlX3RhZyI6IkZFRUQueHBpZHMuMTYzOC5zZHIucmVndWxhcl9waG90by5DMyJ9&_nc_ohc=wwJotf6FAMIQ7kNvwElsWLP&_nc_oc=Adp9vONf5je9V1gauaUlywOmzp8f48dzi_I5vXebnv-G0Plfl_vbSR-QTMdv6G19aAU&_nc_zt=23&_nc_ht=scontent-yyz1-1.cdninstagram.com&_nc_gid=S_Ll4J3ZOcYyRMaRJhdBNQ&_nc_ss=72a8c&oh=00_AQFVxgw72cJ_rrX3VHdbxlhFdgai8JhFlbzCCfzZ7qOrtg&oe=6A9331FA,https://www.instagram.com/p/DccTMAriP-6/
Mercado Talismã,Hortifruti / Ovos,Abacaxi,6.99,23/08/2026,https://instagram.fbri7-1.fna.fbcdn.net/v/t51.82787-15/783255974_18093165728531849_313858570458509058_n.jpg?stp=dst-jpg_e35_tt6&_nc_cat=111&ig_cache_key=Mzk3MDAyODMzNjE3MjA4NzkxNw%3D%3D.3-ccb7-5&ccb=7-5&_nc_sid=58cdad&efg=eyJ2ZW5jb2RlX3RhZyI6IkNBUk9VU0VMX0lURU0ueHBpZHMuMTI1NC5zZHIucmVndWxhcl9waG90by5DMyJ9&_nc_ohc=0vEe14aUYvoQ7kNvwE521SZ&_nc_oc=AdrZbLyVNRZpVPlp28Mi0AqkyaU8P6i1qOyJPc53zr-J9zcVL0UwFuH6jYKfFAigq0M&_nc_zt=23&_nc_ht=instagram.fbri7-1.fna&_nc_gid=DwqtaZnR0C5Og8QCM3YhRQ&_nc_ss=72a8c&oh=00_AQEfUbgm3jj1TR5Y0Ds0Pcv6lhthn1wtSqvB3uSH0gO8tw&oe=6A933A3E,https://www.instagram.com/p/DcYX8qUEXk2/
Mercado Talismã,Hortifruti / Ovos,Uva Vitória,6.99,23/08/2026,https://instagram.fbri7-1.fna.fbcdn.net/v/t51.82787-15/783255974_18093165728531849_313858570458509058_n.jpg?stp=dst-jpg_e35_tt6&_nc_cat=111&ig_cache_key=Mzk3MDAyODMzNjE3MjA4NzkxNw%3D%3D.3-ccb7-5&ccb=7-5&_nc_sid=58cdad&efg=eyJ2ZW5jb2RlX3RhZyI6IkNBUk9VU0VMX0lURU0ueHBpZHMuMTI1NC5zZHIucmVndWxhcl9waG90by5DMyJ9&_nc_ohc=0vEe14aUYvoQ7kNvwE521SZ&_nc_oc=AdrZbLyVNRZpVPlp28Mi0AqkyaU8P6i1qOyJPc53zr-J9zcVL0UwFuH6jYKfFAigq0M&_nc_zt=23&_nc_ht=instagram.fbri7-1.fna&_nc_gid=DwqtaZnR0C5Og8QCM3YhRQ&_nc_ss=72a8c&oh=00_AQEfUbgm3jj1TR5Y0Ds0Pcv6lhthn1wtSqvB3uSH0gO8tw&oe=6A933A3E,https://www.instagram.com/p/DcYX8qUEXk2/
Bom Jesus Primavera do Leste 🛒,Hortifruti / Ovos,Uva Vitória Isís 500g,7.99,24/08/2026,https://scontent-lhr11-1.cdninstagram.com/v/t51.82787-15/780551083_18374239432237813_6720893505103105991_n.jpg?stp=dst-jpg_e35_tt6&_nc_cat=106&ig_cache_key=Mzk3MDc4NzgzMjYxOTg0ODE2Mw%3D%3D.3-ccb7-5&ccb=7-5&_nc_sid=58cdad&efg=eyJ2ZW5jb2RlX3RhZyI6IkNBUk9VU0VMX0lURU0ueHBpZHMuMTA4MC5zZHIucmVndWxhcl9waG90by5DMyJ9&_nc_ohc=V1Qe31mAUbwQ7kNvwFQcKsS&_nc_oc=Adp1f-3mcMpfQq0ty-Zusjsn9IA77pmeq831dQuPf4z9UVfINcNxu7ONKWf-LiHNLHc&_nc_zt=23&_nc_ht=scontent-lhr11-1.cdninstagram.com&_nc_gid=NEfc7J6EX-HyPa_-hVhMfg&_nc_ss=72a8c&oh=00_AQE53ozZS8nz_avMCFIEbfRR58rwjhdHh7L7HOXWM6-wyw&oe=6A935584,https://www.instagram.com/p/DcbEo2aliuR/
Bom Jesus Primavera do Leste 🛒,Hortifruti / Ovos,Maçã Gala kg,7.99,24/08/2026,https://scontent-lhr11-1.cdninstagram.com/v/t51.82787-15/784817810_18374239453237813_2825750323987932425_n.jpg?stp=dst-jpg_e35_tt6&_nc_cat=111&ig_cache_key=Mzk3MDc4NzgzNDU3MDQ3NjY3NQ%3D%3D.3-ccb7-5&ccb=7-5&_nc_sid=58cdad&efg=eyJ2ZW5jb2RlX3RhZyI6IkNBUk9VU0VMX0lURU0ueHBpZHMuMTA4MC5zZHIucmVndWxhcl9waG90by5DMyJ9&_nc_ohc=8m-UNspcFUYQ7kNvwHXeooJ&_nc_oc=Adqos0Rgzx6KltmM-pMTmE6BlyBg736QCFCa52Fcin3PzISQjQ-Ui3nhy98vdg5jP0s&_nc_zt=23&_nc_ht=scontent-lhr11-1.cdninstagram.com&_nc_gid=NEfc7J6EX-HyPa_-hVhMfg&_nc_ss=72a8c&oh=00_AQGz61e71G7DFLHXJu6X_OWLX3IMezp3JulWU1TF0zFXnQ&oe=6A934509,https://www.instagram.com/p/DcbEo2aliuR/
Machadão Atacadista,Hortifruti / Ovos,Manga Tommy kg,8.99,25/08/2026,https://scontent-yyz1-1.cdninstagram.com/v/t39.30808-6/783502457_1358140693072555_8680596946681981726_n.jpg?stp=dst-jpg_e35_tt6&_nc_cat=100&ig_cache_key=Mzk3MTEzMzM1OTY4MTc2NTMwNg%3D%3D.3-ccb7-5&ccb=7-5&_nc_sid=58cdad&efg=eyJ2ZW5jb2RlX3RhZyI6IkZFRUQueHBpZHMuMTYzOC5zZHIucmVndWxhcl9waG90by5DMyJ9&_nc_ohc=wwJotf6FAMIQ7kNvwElsWLP&_nc_oc=Adp9vONf5je9V1gauaUlywOmzp8f48dzi_I5vXebnv-G0Plfl_vbSR-QTMdv6G19aAU&_nc_zt=23&_nc_ht=scontent-yyz1-1.cdninstagram.com&_nc_gid=S_Ll4J3ZOcYyRMaRJhdBNQ&_nc_ss=72a8c&oh=00_AQFVxgw72cJ_rrX3VHdbxlhFdgai8JhFlbzCCfzZ7qOrtg&oe=6A9331FA,https://www.instagram.com/p/DccTMAriP-6/
Machadão Atacadista,Hortifruti / Ovos,Abacaxi Pérola,9.49,25/08/2026,https://scontent-yyz1-1.cdninstagram.com/v/t39.30808-6/783502457_1358140693072555_8680596946681981726_n.jpg?stp=dst-jpg_e35_tt6&_nc_cat=100&ig_cache_key=Mzk3MTEzMzM1OTY4MTc2NTMwNg%3D%3D.3-ccb7-5&ccb=7-5&_nc_sid=58cdad&efg=eyJ2ZW5jb2RlX3RhZyI6IkZFRUQueHBpZHMuMTYzOC5zZHIucmVndWxhcl9waG90by5DMyJ9&_nc_ohc=wwJotf6FAMIQ7kNvwElsWLP&_nc_oc=Adp9vONf5je9V1gauaUlywOmzp8f48dzi_I5vXebnv-G0Plfl_vbSR-QTMdv6G19aAU&_nc_zt=23&_nc_ht=scontent-yyz1-1.cdninstagram.com&_nc_gid=S_Ll4J3ZOcYyRMaRJhdBNQ&_nc_ss=72a8c&oh=00_AQFVxgw72cJ_rrX3VHdbxlhFdgai8JhFlbzCCfzZ7qOrtg&oe=6A9331FA,https://www.instagram.com/p/DccTMAriP-6/
Super Compras Supermercado,Hortifruti / Ovos,Uva Crimson un,9.99,24/08/2026,https://instagram.fktw4-1.fna.fbcdn.net/v/t51.82787-15/778986014_18192356080391764_2727967813090525154_n.jpg?stp=dst-jpg_e35_tt6&_nc_cat=111&ig_cache_key=Mzk3MDM4ODQ5NTE4MTQxNTkzNQ%3D%3D.3-ccb7-5&ccb=7-5&_nc_sid=58cdad&efg=eyJ2ZW5jb2RlX3RhZyI6IkZFRUQueHBpZHMuMTQ0MC5zZHIucmVndWxhcl9waG90by5DMyJ9&_nc_ohc=79VNBzqSEmAQ7kNvwEyiXNo&_nc_oc=AdpBPShaY23u1cyYt0R-BD6dryi5Y1pHCK_AR83onVR45gUOVXfYrtHEBmVu3PCpkXAZKBf_Ebw3A52qhgfwHl49&_nc_zt=23&_nc_ht=instagram.fktw4-1.fna&_nc_gid=-GYRc4icJzdUzmro4oQofQ&_nc_ss=72689&oh=00_AQFdYHe6EOnUX56FeRzJyZ4s7hR1pXxkKnxFl8MhXUGneA&oe=6A933590,https://www.instagram.com/p/DcZp0zjlgX_/
Machadão Atacadista,Hortifruti / Ovos,Maçã Gala kg,11.99,25/08/2026,https://scontent-yyz1-1.cdninstagram.com/v/t39.30808-6/783502457_1358140693072555_8680596946681981726_n.jpg?stp=dst-jpg_e35_tt6&_nc_cat=100&ig_cache_key=Mzk3MTEzMzM1OTY4MTc2NTMwNg%3D%3D.3-ccb7-5&ccb=7-5&_nc_sid=58cdad&efg=eyJ2ZW5jb2RlX3RhZyI6IkZFRUQueHBpZHMuMTYzOC5zZHIucmVndWxhcl9waG90by5DMyJ9&_nc_ohc=wwJotf6FAMIQ7kNvwElsWLP&_nc_oc=Adp9vONf5je9V1gauaUlywOmzp8f48dzi_I5vXebnv-G0Plfl_vbSR-QTMdv6G19aAU&_nc_zt=23&_nc_ht=scontent-yyz1-1.cdninstagram.com&_nc_gid=S_Ll4J3ZOcYyRMaRJhdBNQ&_nc_ss=72a8c&oh=00_AQFVxgw72cJ_rrX3VHdbxlhFdgai8JhFlbzCCfzZ7qOrtg&oe=6A9331FA,https://www.instagram.com/p/DccTMAriP-6/
Super Compras Supermercado,Hortifruti / Ovos,Alho kg,14.99,24/08/2026,https://instagram.fktw4-1.fna.fbcdn.net/v/t51.82787-15/778986014_18192356080391764_2727967813090525154_n.jpg?stp=dst-jpg_e35_tt6&_nc_cat=111&ig_cache_key=Mzk3MDM4ODQ5NTE4MTQxNTkzNQ%3D%3D.3-ccb7-5&ccb=7-5&_nc_sid=58cdad&efg=eyJ2ZW5jb2RlX3RhZyI6IkZFRUQueHBpZHMuMTQ0MC5zZHIucmVndWxhcl9waG90by5DMyJ9&_nc_ohc=79VNBzqSEmAQ7kNvwEyiXNo&_nc_oc=AdpBPShaY23u1cyYt0R-BD6dryi5Y1pHCK_AR83onVR45gUOVXfYrtHEBmVu3PCpkXAZKBf_Ebw3A52qhgfwHl49&_nc_zt=23&_nc_ht=instagram.fktw4-1.fna&_nc_gid=-GYRc4icJzdUzmro4oQofQ&_nc_ss=72689&oh=00_AQFdYHe6EOnUX56FeRzJyZ4s7hR1pXxkKnxFl8MhXUGneA&oe=6A933590,https://www.instagram.com/p/DcZp0zjlgX_/
Machadão Atacadista,Hortifruti / Ovos,Alho kg,21.9,25/08/2026,https://scontent-yyz1-1.cdninstagram.com/v/t39.30808-6/783502457_1358140693072555_8680596946681981726_n.jpg?stp=dst-jpg_e35_tt6&_nc_cat=100&ig_cache_key=Mzk3MTEzMzM1OTY4MTc2NTMwNg%3D%3D.3-ccb7-5&ccb=7-5&_nc_sid=58cdad&efg=eyJ2ZW5jb2RlX3RhZyI6IkZFRUQueHBpZHMuMTYzOC5zZHIucmVndWxhcl9waG90by5DMyJ9&_nc_ohc=wwJotf6FAMIQ7kNvwElsWLP&_nc_oc=Adp9vONf5je9V1gauaUlywOmzp8f48dzi_I5vXebnv-G0Plfl_vbSR-QTMdv6G19aAU&_nc_zt=23&_nc_ht=scontent-yyz1-1.cdninstagram.com&_nc_gid=S_Ll4J3ZOcYyRMaRJhdBNQ&_nc_ss=72a8c&oh=00_AQFVxgw72cJ_rrX3VHdbxlhFdgai8JhFlbzCCfzZ7qOrtg&oe=6A9331FA,https://www.instagram.com/p/DccTMAriP-6/
Machadão Atacadista,Hortifruti / Ovos,Uva Benitaka kg,22.9,25/08/2026,https://scontent-yyz1-1.cdninstagram.com/v/t39.30808-6/783502457_1358140693072555_8680596946681981726_n.jpg?stp=dst-jpg_e35_tt6&_nc_cat=100&ig_cache_key=Mzk3MTEzMzM1OTY4MTc2NTMwNg%3D%3D.3-ccb7-5&ccb=7-5&_nc_sid=58cdad&efg=eyJ2ZW5jb2RlX3RhZyI6IkZFRUQueHBpZHMuMTYzOC5zZHIucmVndWxhcl9waG90by5DMyJ9&_nc_ohc=wwJotf6FAMIQ7kNvwElsWLP&_nc_oc=Adp9vONf5je9V1gauaUlywOmzp8f48dzi_I5vXebnv-G0Plfl_vbSR-QTMdv6G19aAU&_nc_zt=23&_nc_ht=scontent-yyz1-1.cdninstagram.com&_nc_gid=S_Ll4J3ZOcYyRMaRJhdBNQ&_nc_ss=72a8c&oh=00_AQFVxgw72cJ_rrX3VHdbxlhFdgai8JhFlbzCCfzZ7qOrtg&oe=6A9331FA,https://www.instagram.com/p/DccTMAriP-6/
Supermercado Bianchi,Laticínios / Leites e Derivados,Empanado de Frango com Queijo Seara 100g,1.99,21/08/2026,https://instagram.fjal2-1.fna.fbcdn.net/v/t39.30808-6/784063255_1657849239678807_5513880334027503636_n.jpg?stp=dst-jpg_e35_tt6&_nc_cat=101&ig_cache_key=Mzk2ODk0NTQxMjQ4MzY4NTI0Mg%3D%3D.3-ccb7-5&ccb=7-5&_nc_sid=58cdad&efg=eyJ2ZW5jb2RlX3RhZyI6IkNBUk9VU0VMX0lURU0ueHBpZHMuMTYzOC5zZHIucmVndWxhcl9waG90by5DMyJ9&_nc_ohc=Vhjobc6nt_UQ7kNvwFZnvtX&_nc_oc=AdpoM8Aes2TqjbwNPdRPGBqQ6dUnYfzZz28APv7knXkRHJ4uZUh_dk1CjGr-9ddBYWIi54pPTSHKiNri3FvKhNCn&_nc_zt=23&_nc_ht=instagram.fjal2-1.fna&_nc_gid=NvcNX2IA17yahy36SxQO3g&_nc_ss=72a8c&oh=00_AQGP-fDpvpKoPXGOhjFSnM8ysPJHqFjio8exB0zOljyt7g&oe=6A934875,https://www.instagram.com/p/DcUhthogY_o/
Supermercado Tuiuiú,Laticínios / Leites e Derivados,Requeijão Carolina 180g,5.99,20/08/2026,https://scontent-syd2-1.cdninstagram.com/v/t39.30808-6/777548616_1712126797587805_4468367958160197813_n.jpg?stp=dst-jpg_e35_tt6&_nc_cat=108&ig_cache_key=Mzk2Nzg2MzQ3NzY1OTI0NTc5MQ%3D%3D.3-ccb7-5&ccb=7-5&_nc_sid=58cdad&efg=eyJ2ZW5jb2RlX3RhZyI6IkNBUk9VU0VMX0lURU0ueHBpZHMuMTI1NC5zZHIucmVndWxhcl9waG90by5DMyJ9&_nc_ohc=KR6FTgTvensQ7kNvwEFMC6y&_nc_oc=Adp5k0qYRtXxE5pNDGqhsQHVYndXQ_lw1u0WrIiOMww_0wZL4F1MkcJNDkPLvKi_lxh_aupvK2ozU7iqkJDCFPPm&_nc_zt=23&_nc_ht=scontent-syd2-1.cdninstagram.com&_nc_gid=F3yY0pocLVFeiZGf_vXq8w&_nc_ss=72289&oh=00_AQFhfDFY2JpzypNN8mfMCDWQRVDvAuJ5S7DoTLvXru60rw&oe=6A9331D5,https://www.instagram.com/p/DcQrtOmIPUZ/
Super Compras Supermercado,Laticínios / Leites e Derivados,Leite Condensado Piracanjuba 395g,5.99,21/08/2026,https://instagram.fgig29-1.fna.fbcdn.net/v/t51.82787-15/780140079_18192045034391764_7683991793781918786_n.jpg?stp=dst-jpg_e35_tt6&_nc_cat=103&ig_cache_key=Mzk2ODIxODA0ODc2ODI1MjE2NA%3D%3D.3-ccb7-5&ccb=7-5&_nc_sid=58cdad&efg=eyJ2ZW5jb2RlX3RhZyI6IkZFRUQueHBpZHMuMTQ0MC5zZHIucmVndWxhcl9waG90by5DMyJ9&_nc_ohc=Su6wo4o_AAEQ7kNvwEhIKwv&_nc_oc=Adop14jhGwGsK-bp6D3YEHQJ6HwDHtBtexHXhw6HYKAJYDmwZZmTrajCg4EMgL1O7-8&_nc_zt=23&_nc_ht=instagram.fgig29-1.fna&_nc_gid=Ta7xc8L_GEbjc0S-7rvaLA&_nc_ss=72289&oh=00_AQF3vMlvNFUTXZgHuAOtRk290jCsXzLDpnshBiUayp-88Q&oe=6A9356AE,https://www.instagram.com/p/DcR8Up0IBkE/
Supermercado Tuiuiú,Laticínios / Leites e Derivados,Iogurte Carolina 800g,6.49,20/08/2026,https://scontent-syd2-1.cdninstagram.com/v/t39.30808-6/777548616_1712126797587805_4468367958160197813_n.jpg?stp=dst-jpg_e35_tt6&_nc_cat=108&ig_cache_key=Mzk2Nzg2MzQ3NzY1OTI0NTc5MQ%3D%3D.3-ccb7-5&ccb=7-5&_nc_sid=58cdad&efg=eyJ2ZW5jb2RlX3RhZyI6IkNBUk9VU0VMX0lURU0ueHBpZHMuMTI1NC5zZHIucmVndWxhcl9waG90by5DMyJ9&_nc_ohc=KR6FTgTvensQ7kNvwEFMC6y&_nc_oc=Adp5k0qYRtXxE5pNDGqhsQHVYndXQ_lw1u0WrIiOMww_0wZL4F1MkcJNDkPLvKi_lxh_aupvK2ozU7iqkJDCFPPm&_nc_zt=23&_nc_ht=scontent-syd2-1.cdninstagram.com&_nc_gid=F3yY0pocLVFeiZGf_vXq8w&_nc_ss=72289&oh=00_AQFhfDFY2JpzypNN8mfMCDWQRVDvAuJ5S7DoTLvXru60rw&oe=6A9331D5,https://www.instagram.com/p/DcQrtOmIPUZ/
Super Compras Supermercado,Laticínios / Leites e Derivados,Leite Semidesnatado Piracanjuba 1L,6.49,21/08/2026,https://instagram.fgig29-1.fna.fbcdn.net/v/t51.82787-15/780140079_18192045034391764_7683991793781918786_n.jpg?stp=dst-jpg_e35_tt6&_nc_cat=103&ig_cache_key=Mzk2ODIxODA0ODc2ODI1MjE2NA%3D%3D.3-ccb7-5&ccb=7-5&_nc_sid=58cdad&efg=eyJ2ZW5jb2RlX3RhZyI6IkZFRUQueHBpZHMuMTQ0MC5zZHIucmVndWxhcl9waG90by5DMyJ9&_nc_ohc=Su6wo4o_AAEQ7kNvwEhIKwv&_nc_oc=Adop14jhGwGsK-bp6D3YEHQJ6HwDHtBtexHXhw6HYKAJYDmwZZmTrajCg4EMgL1O7-8&_nc_zt=23&_nc_ht=instagram.fgig29-1.fna&_nc_gid=Ta7xc8L_GEbjc0S-7rvaLA&_nc_ss=72289&oh=00_AQF3vMlvNFUTXZgHuAOtRk290jCsXzLDpnshBiUayp-88Q&oe=6A9356AE,https://www.instagram.com/p/DcR8Up0IBkE/
Super Compras Supermercado,Laticínios / Leites e Derivados,Leite Desnatado Piracanjuba 1L,6.49,21/08/2026,https://instagram.fgig29-1.fna.fbcdn.net/v/t51.82787-15/780140079_18192045034391764_7683991793781918786_n.jpg?stp=dst-jpg_e35_tt6&_nc_cat=103&ig_cache_key=Mzk2ODIxODA0ODc2ODI1MjE2NA%3D%3D.3-ccb7-5&ccb=7-5&_nc_sid=58cdad&efg=eyJ2ZW5jb2RlX3RhZyI6IkZFRUQueHBpZHMuMTQ0MC5zZHIucmVndWxhcl9waG90by5DMyJ9&_nc_ohc=Su6wo4o_AAEQ7kNvwEhIKwv&_nc_oc=Adop14jhGwGsK-bp6D3YEHQJ6HwDHtBtexHXhw6HYKAJYDmwZZmTrajCg4EMgL1O7-8&_nc_zt=23&_nc_ht=instagram.fgig29-1.fna&_nc_gid=Ta7xc8L_GEbjc0S-7rvaLA&_nc_ss=72289&oh=00_AQF3vMlvNFUTXZgHuAOtRk290jCsXzLDpnshBiUayp-88Q&oe=6A9356AE,https://www.instagram.com/p/DcR8Up0IBkE/
Super Compras Supermercado,Laticínios / Leites e Derivados,Requeijão Boua 180g,6.99,21/08/2026,https://instagram.fgig29-1.fna.fbcdn.net/v/t51.82787-15/780140079_18192045034391764_7683991793781918786_n.jpg?stp=dst-jpg_e35_tt6&_nc_cat=103&ig_cache_key=Mzk2ODIxODA0ODc2ODI1MjE2NA%3D%3D.3-ccb7-5&ccb=7-5&_nc_sid=58cdad&efg=eyJ2ZW5jb2RlX3RhZyI6IkZFRUQueHBpZHMuMTQ0MC5zZHIucmVndWxhcl9waG90by5DMyJ9&_nc_ohc=Su6wo4o_AAEQ7kNvwEhIKwv&_nc_oc=Adop14jhGwGsK-bp6D3YEHQJ6HwDHtBtexHXhw6HYKAJYDmwZZmTrajCg4EMgL1O7-8&_nc_zt=23&_nc_ht=instagram.fgig29-1.fna&_nc_gid=Ta7xc8L_GEbjc0S-7rvaLA&_nc_ss=72289&oh=00_AQF3vMlvNFUTXZgHuAOtRk290jCsXzLDpnshBiUayp-88Q&oe=6A9356AE,https://www.instagram.com/p/DcR8Up0IBkE/
Supermercado Bianchi,Laticínios / Leites e Derivados,Requeijão Cremoso Catupiry 200g,8.99,21/08/2026,https://instagram.fjal2-1.fna.fbcdn.net/v/t39.30808-6/784063255_1657849239678807_5513880334027503636_n.jpg?stp=dst-jpg_e35_tt6&_nc_cat=101&ig_cache_key=Mzk2ODk0NTQxMjQ4MzY4NTI0Mg%3D%3D.3-ccb7-5&ccb=7-5&_nc_sid=58cdad&efg=eyJ2ZW5jb2RlX3RhZyI6IkNBUk9VU0VMX0lURU0ueHBpZHMuMTYzOC5zZHIucmVndWxhcl9waG90by5DMyJ9&_nc_ohc=Vhjobc6nt_UQ7kNvwFZnvtX&_nc_oc=AdpoM8Aes2TqjbwNPdRPGBqQ6dUnYfzZz28APv7knXkRHJ4uZUh_dk1CjGr-9ddBYWIi54pPTSHKiNri3FvKhNCn&_nc_zt=23&_nc_ht=instagram.fjal2-1.fna&_nc_gid=NvcNX2IA17yahy36SxQO3g&_nc_ss=72a8c&oh=00_AQGP-fDpvpKoPXGOhjFSnM8ysPJHqFjio8exB0zOljyt7g&oe=6A934875,https://www.instagram.com/p/DcUhthogY_o/
Machadão Atacadista,Laticínios / Leites e Derivados,Pastel de Frango e Requeijão,11.9,24/08/2026,https://scontent-yyz1-1.cdninstagram.com/v/t39.30808-6/784435364_1358137346406223_4253853554957008278_n.jpg?stp=dst-jpg_e35_tt6&_nc_cat=111&ig_cache_key=Mzk3MTEzMDgwNjg5NDQzNzE2MQ%3D%3D.3-ccb7-5&ccb=7-5&_nc_sid=58cdad&efg=eyJ2ZW5jb2RlX3RhZyI6IkNBUk9VU0VMX0lURU0ueHBpZHMuMTYzOC5zZHIucmVndWxhcl9waG90by5DMyJ9&_nc_ohc=RTcCS7aEDq0Q7kNvwFXtDqu&_nc_oc=AdrVU_5I7Mj34PrHTX_DUmoUwv7N44EPqBb5BYrmUt3_Z5Un1-DMEOB-c7YdoCyqMuM&_nc_zt=23&_nc_ht=scontent-yyz1-1.cdninstagram.com&_nc_gid=4UUga57sc4C6QWl5iZLhfQ&_nc_ss=72289&oh=00_AQEbP6JI5c62NcTHkerZ98L0sOg1R8ME30dDGi-UXadHGQ&oe=6A9359EC,https://www.instagram.com/p/DccSnEDjaBF/
Supermercado Bianchi,Laticínios / Leites e Derivados,Salgadinho Doritos Queijo Nacho 183g,14.99,20/08/2026,https://instagram.fsyd15-1.fna.fbcdn.net/v/t39.30808-6/783127669_1656952699768461_9196129294490006795_n.jpg?stp=dst-jpg_e35_tt6&_nc_cat=105&ig_cache_key=Mzk2ODIxOTE0MTI4MjUzMzIxNg%3D%3D.3-ccb7-5&ccb=7-5&_nc_sid=58cdad&efg=eyJ2ZW5jb2RlX3RhZyI6IkNBUk9VU0VMX0lURU0ueHBpZHMuMTA4MC5zZHIucmVndWxhcl9waG90by5DMyJ9&_nc_ohc=mrxCcB2Uh1kQ7kNvwGW0teV&_nc_oc=AdrPVrnRTc9aG4Hnq8P-aBn9pQB0dvFVbH7ROyNz0I8dcLIyJ5zTYcefyDprXcnFKFc&_nc_zt=23&_nc_ht=instagram.fsyd15-1.fna&_nc_gid=LoiYda-taTEeT-oXCQhvgg&_nc_ss=72689&oh=00_AQHMOiAtgbcJmOa0I1cJbr86VEeaZ9_0F-Pyp-ooVOyasQ&oe=6A9333BF,https://www.instagram.com/p/DcR8kwqjUQX/
Supermercado Tuiuiú,Laticínios / Leites e Derivados,Leite Ninho 380g,17.99,20/08/2026,https://scontent-syd2-1.cdninstagram.com/v/t39.30808-6/777548616_1712126797587805_4468367958160197813_n.jpg?stp=dst-jpg_e35_tt6&_nc_cat=108&ig_cache_key=Mzk2Nzg2MzQ3NzY1OTI0NTc5MQ%3D%3D.3-ccb7-5&ccb=7-5&_nc_sid=58cdad&efg=eyJ2ZW5jb2RlX3RhZyI6IkNBUk9VU0VMX0lURU0ueHBpZHMuMTI1NC5zZHIucmVndWxhcl9waG90by5DMyJ9&_nc_ohc=KR6FTgTvensQ7kNvwEFMC6y&_nc_oc=Adp5k0qYRtXxE5pNDGqhsQHVYndXQ_lw1u0WrIiOMww_0wZL4F1MkcJNDkPLvKi_lxh_aupvK2ozU7iqkJDCFPPm&_nc_zt=23&_nc_ht=scontent-syd2-1.cdninstagram.com&_nc_gid=F3yY0pocLVFeiZGf_vXq8w&_nc_ss=72289&oh=00_AQFhfDFY2JpzypNN8mfMCDWQRVDvAuJ5S7DoTLvXru60rw&oe=6A9331D5,https://www.instagram.com/p/DcQrtOmIPUZ/
Bom Jesus Primavera do Leste 🛒,Laticínios / Leites e Derivados,Leite em Pó Ninho 380g,19.99,21/08/2026,https://scontent-icn2-1.cdninstagram.com/v/t51.82787-15/779844446_18373759273237813_717042095228036520_n.jpg?stp=dst-jpg_e35_tt6&_nc_cat=101&ig_cache_key=Mzk2ODYwMzg2MjA2MzE4NjIyMQ%3D%3D.3-ccb7-5&ccb=7-5&_nc_sid=58cdad&efg=eyJ2ZW5jb2RlX3RhZyI6IkNBUk9VU0VMX0lURU0ueHBpZHMuMTA4MC5zZHIucmVndWxhcl9waG90by5DMyJ9&_nc_ohc=m8__0j7aHxEQ7kNvwHKRG_v&_nc_oc=AdqHVv_gNO3gdGsw5CmHS3rMjWdD8zLkLs5OZklvJHeD7Ntv9Lbw_rWNmhjjszd5fpM&_nc_zt=23&_nc_ht=scontent-icn2-1.cdninstagram.com&_nc_gid=mgYzv2qK_1weCrj6V3YCEQ&_nc_ss=7c689&oh=00_AQHM_Bw-Hwb2wJshLDBIXCYdSPckqlREnCJDyc5n0eCtkQ&oe=6A9357F0,https://www.instagram.com/p/DcTUD7jlm8n/
Machadão Atacadista,Laticínios / Leites e Derivados,Doce de Leite Fondant Nbonn 900g,21.9,23/08/2026,https://scontent-ams2-1.cdninstagram.com/v/t39.30808-6/778972569_1356238123262812_5423956361795803380_n.jpg?stp=dst-jpg_e35_tt6&_nc_cat=106&ig_cache_key=Mzk3MDQwNjA2NTUzMDUzODgyNA%3D%3D.3-ccb7-5&ccb=7-5&_nc_sid=58cdad&efg=eyJ2ZW5jb2RlX3RhZyI6IkNBUk9VU0VMX0lURU0ueHBpZHMuMTQ0MC5zZHIucmVndWxhcl9waG90by5DMyJ9&_nc_ohc=fuwsMgP1G_oQ7kNvwETUbPu&_nc_oc=AdptkZCIr-pIpFs6tqtv1yGIDpDxpxwr3alkyjhjinJWUUPQUVrIonONim23wKfDdM0&_nc_zt=23&_nc_ht=scontent-ams2-1.cdninstagram.com&_nc_gid=Apty3V3QNLt-BStPKMQfeQ&_nc_ss=72a8c&oh=00_AQFs0fvfaCYeeRwNxKxhEWZKHM8NVKmXN8OOymE5NDcZvQ&oe=6A935480,https://www.instagram.com/p/DcZt02IgXYs/
Machadão Atacadista,Laticínios / Leites e Derivados,Fondant de Leite Nbonn 900g,21.9,23/08/2026,https://scontent-ams2-1.cdninstagram.com/v/t39.30808-6/779292108_1356238126596145_5610087643213965884_n.jpg?stp=dst-jpg_e35_tt6&_nc_cat=109&ig_cache_key=Mzk3MDQwNjA2MzY4NTA0NzI1Ng%3D%3D.3-ccb7-5&ccb=7-5&_nc_sid=58cdad&efg=eyJ2ZW5jb2RlX3RhZyI6IkNBUk9VU0VMX0lURU0ueHBpZHMuMTQ0MC5zZHIucmVndWxhcl9waG90by5DMyJ9&_nc_ohc=YHirvlqGkpEQ7kNvwFc7wcv&_nc_oc=AdqOTkrpFdLEOWnuPszaA_-1KEzuIU51ndnQCy5Gu6aqQhHHhUK82tZPN0Nn3sl1RLo&_nc_zt=23&_nc_ht=scontent-ams2-1.cdninstagram.com&_nc_gid=Apty3V3QNLt-BStPKMQfeQ&_nc_ss=72a8c&oh=00_AQFO5gdPyL9ZA8kt8qWrOPGHEwyXldA9xRPRQOaKZHvVOg&oe=6A9326BE,https://www.instagram.com/p/DcZt02IgXYs/
Supermercado Tuiuiú,Laticínios / Leites e Derivados,Queijo Queijo Mussarela kg,42.99,20/08/2026,https://scontent-syd2-1.cdninstagram.com/v/t39.30808-6/775523840_1712126794254472_8264970676281627936_n.jpg?stp=dst-jpg_e35_tt6&_nc_cat=102&ig_cache_key=Mzk2Nzg2MzQ3ODc3NDkzNTMxNQ%3D%3D.3-ccb7-5&ccb=7-5&_nc_sid=58cdad&efg=eyJ2ZW5jb2RlX3RhZyI6IkNBUk9VU0VMX0lURU0ueHBpZHMuMTI1NC5zZHIucmVndWxhcl9waG90by5DMyJ9&_nc_ohc=M-VlmltmfLAQ7kNvwGhS4vV&_nc_oc=AdoAElzhamFWUTPVpYrqvuOfi59BaPaP2DohKQvLQOfMNJt39flpu3CeTn4uhFmKFNRWj-CZVrKAqlgSOYWJqtsk&_nc_zt=23&_nc_ht=scontent-syd2-1.cdninstagram.com&_nc_gid=F3yY0pocLVFeiZGf_vXq8w&_nc_ss=72289&oh=00_AQFOsCTvbnCiAJLmoan7c-LumaaZmsxyNj7IxS2RuURuUA&oe=6A9323EC,https://www.instagram.com/p/DcQrtOmIPUZ/
Supermercado Tuiuiú,Laticínios / Leites e Derivados,Queijo Queijo Mussarela kg,44.99,20/08/2026,https://scontent-syd2-1.cdninstagram.com/v/t39.30808-6/775523840_1712126794254472_8264970676281627936_n.jpg?stp=dst-jpg_e35_tt6&_nc_cat=102&ig_cache_key=Mzk2Nzg2MzQ3ODc3NDkzNTMxNQ%3D%3D.3-ccb7-5&ccb=7-5&_nc_sid=58cdad&efg=eyJ2ZW5jb2RlX3RhZyI6IkNBUk9VU0VMX0lURU0ueHBpZHMuMTI1NC5zZHIucmVndWxhcl9waG90by5DMyJ9&_nc_ohc=M-VlmltmfLAQ7kNvwGhS4vV&_nc_oc=AdoAElzhamFWUTPVpYrqvuOfi59BaPaP2DohKQvLQOfMNJt39flpu3CeTn4uhFmKFNRWj-CZVrKAqlgSOYWJqtsk&_nc_zt=23&_nc_ht=scontent-syd2-1.cdninstagram.com&_nc_gid=F3yY0pocLVFeiZGf_vXq8w&_nc_ss=72289&oh=00_AQFOsCTvbnCiAJLmoan7c-LumaaZmsxyNj7IxS2RuURuUA&oe=6A9323EC,https://www.instagram.com/p/DcQrtOmIPUZ/
SUPERMERCADO PARANAENSE,Limpeza / Cuidados com a Casa,Detergente Ypê 500ml,2.49,24/08/2026,https://scontent-yyz1-1.cdninstagram.com/v/t51.82787-15/786158033_17906990622496981_4554436689859059284_n.jpg?stp=dst-jpg_e35_tt6&_nc_cat=108&ig_cache_key=Mzk3MDc1Nzk3MTU2NDU0MjYxMQ%3D%3D.3-ccb7-5&ccb=7-5&_nc_sid=58cdad&efg=eyJ2ZW5jb2RlX3RhZyI6IkZFRUQueHBpZHMuMTM1MC5zZHIucmVndWxhcl9waG90by5DMyJ9&_nc_ohc=xzVr4BNBpH0Q7kNvwEZICO5&_nc_oc=AdrnZwNOvcWb-4m7KMkzp_s9JIMfWUwcR01KDgT0wqnPnBUOJ1m2j0IT-Ec0iHkTU_y3m3LrmyED67QDekwCTXu2&_nc_zt=23&_nc_ht=scontent-yyz1-1.cdninstagram.com&_nc_gid=54-XGzFjYj7ZiUExL8X-oQ&_nc_ss=72289&oh=00_AQEq4ldRV7cpGjUuaxxzgLw7Fj_bZmzBSFYg5potoH_Qew&oe=6A934C0B,https://www.instagram.com/p/Dca91ZQJ7qT/
SUPERMERCADO PARANAENSE,Limpeza / Cuidados com a Casa,Água Sanitária Girando Sol 1L,3.99,24/08/2026,https://scontent-yyz1-1.cdninstagram.com/v/t51.82787-15/786158033_17906990622496981_4554436689859059284_n.jpg?stp=dst-jpg_e35_tt6&_nc_cat=108&ig_cache_key=Mzk3MDc1Nzk3MTU2NDU0MjYxMQ%3D%3D.3-ccb7-5&ccb=7-5&_nc_sid=58cdad&efg=eyJ2ZW5jb2RlX3RhZyI6IkZFRUQueHBpZHMuMTM1MC5zZHIucmVndWxhcl9waG90by5DMyJ9&_nc_ohc=xzVr4BNBpH0Q7kNvwEZICO5&_nc_oc=AdrnZwNOvcWb-4m7KMkzp_s9JIMfWUwcR01KDgT0wqnPnBUOJ1m2j0IT-Ec0iHkTU_y3m3LrmyED67QDekwCTXu2&_nc_zt=23&_nc_ht=scontent-yyz1-1.cdninstagram.com&_nc_gid=54-XGzFjYj7ZiUExL8X-oQ&_nc_ss=72289&oh=00_AQEq4ldRV7cpGjUuaxxzgLw7Fj_bZmzBSFYg5potoH_Qew&oe=6A934C0B,https://www.instagram.com/p/Dca91ZQJ7qT/
Supermercado Bianchi,Limpeza / Cuidados com a Casa,Vassoura Multiuso Condor,8.99,24/08/2026,https://scontent-man2-1.cdninstagram.com/v/t39.30808-6/784620919_1660330049430726_7690860967579283241_n.jpg?stp=dst-jpg_e35_tt6&_nc_cat=104&ig_cache_key=Mzk3MDg1ODEzMjQ1NzE4OTE0OA%3D%3D.3-ccb7-5&ccb=7-5&_nc_sid=58cdad&efg=eyJ2ZW5jb2RlX3RhZyI6IkZFRUQueHBpZHMuMTA4MC5zZHIucmVndWxhcl9waG90by5DMyJ9&_nc_ohc=kVs24eXKuXcQ7kNvwFdbcG7&_nc_oc=Adpd6U8S64knccFekGZISfBIFArxa_ShscacZP9GRWwgrturoWuB8BUQPljdsmzjdeA&_nc_zt=23&_nc_ht=scontent-man2-1.cdninstagram.com&_nc_gid=Bq5HOoLsi4HmJa0SpML2vw&_nc_ss=72a8c&oh=00_AQG1bEHnkFyRdQLWLzDjyByHkR84rdwQPSpbyb-5SSOXPA&oe=6A9354E1,https://www.instagram.com/p/DcbUm7WlO8c/
Bom Jesus Primavera do Leste 🛒,Limpeza / Cuidados com a Casa,Desinfetante Uau 2L,9.99,21/08/2026,https://scontent-icn2-1.cdninstagram.com/v/t51.82787-15/778794332_18373759255237813_8826403310576910692_n.jpg?stp=dst-jpg_e35_tt6&_nc_cat=101&ig_cache_key=Mzk2ODYwMzg2MzYxMTAyNjY2MQ%3D%3D.3-ccb7-5&ccb=7-5&_nc_sid=58cdad&efg=eyJ2ZW5jb2RlX3RhZyI6IkNBUk9VU0VMX0lURU0ueHBpZHMuMTA4MC5zZHIucmVndWxhcl9waG90by5DMyJ9&_nc_ohc=DryH40MHA-0Q7kNvwHlOstU&_nc_oc=AdqJ2OUPVovPfynJ37bsL2MvYtb9RgdzTYqoK9zsLWolpMCLq5U4lavGekYj_TTQCn4&_nc_zt=23&_nc_ht=scontent-icn2-1.cdninstagram.com&_nc_gid=mgYzv2qK_1weCrj6V3YCEQ&_nc_ss=7c689&oh=00_AQGZkepon_O7BwGMTYqDFah9olGz8lwMVg0tEWeZ787UTQ&oe=6A93581B,https://www.instagram.com/p/DcTUD7jlm8n/
SUPERMERCADO PARANAENSE,Limpeza / Cuidados com a Casa,Sabão em Barra Ypê 5x160g,12.99,24/08/2026,https://scontent-yyz1-1.cdninstagram.com/v/t51.82787-15/786158033_17906990622496981_4554436689859059284_n.jpg?stp=dst-jpg_e35_tt6&_nc_cat=108&ig_cache_key=Mzk3MDc1Nzk3MTU2NDU0MjYxMQ%3D%3D.3-ccb7-5&ccb=7-5&_nc_sid=58cdad&efg=eyJ2ZW5jb2RlX3RhZyI6IkZFRUQueHBpZHMuMTM1MC5zZHIucmVndWxhcl9waG90by5DMyJ9&_nc_ohc=xzVr4BNBpH0Q7kNvwEZICO5&_nc_oc=AdrnZwNOvcWb-4m7KMkzp_s9JIMfWUwcR01KDgT0wqnPnBUOJ1m2j0IT-Ec0iHkTU_y3m3LrmyED67QDekwCTXu2&_nc_zt=23&_nc_ht=scontent-yyz1-1.cdninstagram.com&_nc_gid=54-XGzFjYj7ZiUExL8X-oQ&_nc_ss=72289&oh=00_AQEq4ldRV7cpGjUuaxxzgLw7Fj_bZmzBSFYg5potoH_Qew&oe=6A934C0B,https://www.instagram.com/p/Dca91ZQJ7qT/
SUPERMERCADO PARANAENSE,Limpeza / Cuidados com a Casa,Lava Roupas Líquido Ypê 1L,12.99,24/08/2026,https://scontent-yyz1-1.cdninstagram.com/v/t51.82787-15/786158033_17906990622496981_4554436689859059284_n.jpg?stp=dst-jpg_e35_tt6&_nc_cat=108&ig_cache_key=Mzk3MDc1Nzk3MTU2NDU0MjYxMQ%3D%3D.3-ccb7-5&ccb=7-5&_nc_sid=58cdad&efg=eyJ2ZW5jb2RlX3RhZyI6IkZFRUQueHBpZHMuMTM1MC5zZHIucmVndWxhcl9waG90by5DMyJ9&_nc_ohc=xzVr4BNBpH0Q7kNvwEZICO5&_nc_oc=AdrnZwNOvcWb-4m7KMkzp_s9JIMfWUwcR01KDgT0wqnPnBUOJ1m2j0IT-Ec0iHkTU_y3m3LrmyED67QDekwCTXu2&_nc_zt=23&_nc_ht=scontent-yyz1-1.cdninstagram.com&_nc_gid=54-XGzFjYj7ZiUExL8X-oQ&_nc_ss=72289&oh=00_AQEq4ldRV7cpGjUuaxxzgLw7Fj_bZmzBSFYg5potoH_Qew&oe=6A934C0B,https://www.instagram.com/p/Dca91ZQJ7qT/
Bom Jesus Primavera do Leste 🛒,Limpeza / Cuidados com a Casa,Amaciante Concentrado Downy 500ml,14.99,21/08/2026,https://scontent-icn2-1.cdninstagram.com/v/t51.82787-15/778794332_18373759255237813_8826403310576910692_n.jpg?stp=dst-jpg_e35_tt6&_nc_cat=101&ig_cache_key=Mzk2ODYwMzg2MzYxMTAyNjY2MQ%3D%3D.3-ccb7-5&ccb=7-5&_nc_sid=58cdad&efg=eyJ2ZW5jb2RlX3RhZyI6IkNBUk9VU0VMX0lURU0ueHBpZHMuMTA4MC5zZHIucmVndWxhcl9waG90by5DMyJ9&_nc_ohc=DryH40MHA-0Q7kNvwHlOstU&_nc_oc=AdqJ2OUPVovPfynJ37bsL2MvYtb9RgdzTYqoK9zsLWolpMCLq5U4lavGekYj_TTQCn4&_nc_zt=23&_nc_ht=scontent-icn2-1.cdninstagram.com&_nc_gid=mgYzv2qK_1weCrj6V3YCEQ&_nc_ss=7c689&oh=00_AQGZkepon_O7BwGMTYqDFah9olGz8lwMVg0tEWeZ787UTQ&oe=6A93581B,https://www.instagram.com/p/DcTUD7jlm8n/
SUPERMERCADO PARANAENSE,Limpeza / Cuidados com a Casa,Amaciante Concentrado Girando Sol 1L,15.99,24/08/2026,https://scontent-yyz1-1.cdninstagram.com/v/t51.82787-15/786158033_17906990622496981_4554436689859059284_n.jpg?stp=dst-jpg_e35_tt6&_nc_cat=108&ig_cache_key=Mzk3MDc1Nzk3MTU2NDU0MjYxMQ%3D%3D.3-ccb7-5&ccb=7-5&_nc_sid=58cdad&efg=eyJ2ZW5jb2RlX3RhZyI6IkZFRUQueHBpZHMuMTM1MC5zZHIucmVndWxhcl9waG90by5DMyJ9&_nc_ohc=xzVr4BNBpH0Q7kNvwEZICO5&_nc_oc=AdrnZwNOvcWb-4m7KMkzp_s9JIMfWUwcR01KDgT0wqnPnBUOJ1m2j0IT-Ec0iHkTU_y3m3LrmyED67QDekwCTXu2&_nc_zt=23&_nc_ht=scontent-yyz1-1.cdninstagram.com&_nc_gid=54-XGzFjYj7ZiUExL8X-oQ&_nc_ss=72289&oh=00_AQEq4ldRV7cpGjUuaxxzgLw7Fj_bZmzBSFYg5potoH_Qew&oe=6A934C0B,https://www.instagram.com/p/Dca91ZQJ7qT/
Machadão Atacadista,Limpeza / Cuidados com a Casa,Amaciante Concentrado Girando Sol 1L,16.9,24/08/2026,https://instagram.fvgo1-1.fna.fbcdn.net/v/t39.30808-6/778957943_1356271786592779_7752166386009606157_n.jpg?stp=dst-jpg_e35_tt6&_nc_cat=104&ig_cache_key=Mzk3MDQwODc0MjgwNjA4NjE5OQ%3D%3D.3-ccb7-5&ccb=7-5&_nc_sid=58cdad&efg=eyJ2ZW5jb2RlX3RhZyI6IkNBUk9VU0VMX0lURU0ueHBpZHMuMTYzOC5zZHIucmVndWxhcl9waG90by5DMyJ9&_nc_ohc=RcYahv8xyOAQ7kNvwFclr7o&_nc_oc=AdpggEwR8aR2JOb_Uf6RYkFmtoApniV71TGIpgpULCqrlomRmUnPZ-PWowY0FcNLrWU&_nc_zt=23&_nc_ht=instagram.fvgo1-1.fna&_nc_gid=2YaBajca_LptN1d4Kr4FBA&_nc_ss=72a8c&oh=00_AQFLQLxB2axgBT5EfrnbfJxzqgj0Mm3bztNyCRQzYIRyLg&oe=6A93426E,https://www.instagram.com/p/DcZubq6D10t/
Machadão Atacadista,Limpeza / Cuidados com a Casa,Água Sanitária Qboa 5L,16.99,23/08/2026,https://scontent-ams2-1.cdninstagram.com/v/t39.30808-6/778958180_1356238129929478_2325913015574542258_n.jpg?stp=dst-jpg_e35_tt6&_nc_cat=102&ig_cache_key=Mzk3MDQwNjA2NTc0MDI2MDU2NA%3D%3D.3-ccb7-5&ccb=7-5&_nc_sid=58cdad&efg=eyJ2ZW5jb2RlX3RhZyI6IkNBUk9VU0VMX0lURU0ueHBpZHMuMTQ0MC5zZHIucmVndWxhcl9waG90by5DMyJ9&_nc_ohc=hBCZnXY1qCMQ7kNvwHL9VCC&_nc_oc=AdocL0KQ0VGSo2iKnroW8_qxt9uwyHILBbGWdHcP70OcG5i1UEeVQKocB0T-VxGc78k&_nc_zt=23&_nc_ht=scontent-ams2-1.cdninstagram.com&_nc_gid=Apty3V3QNLt-BStPKMQfeQ&_nc_ss=72a8c&oh=00_AQHlfE_YXkkSwjb5urycrl-kwe6CuWlAIofJZklMTFsGRQ&oe=6A933F4A,https://www.instagram.com/p/DcZt02IgXYs/
Machadão Atacadista,Limpeza / Cuidados com a Casa,Água Sanitária Qboa 5L,16.99,23/08/2026,https://scontent-ams2-1.cdninstagram.com/v/t39.30808-6/780104401_1356238156596142_1480217435166211985_n.jpg?stp=dst-jpg_e35_tt6&_nc_cat=105&ig_cache_key=Mzk3MDQwNjA2NDA5NjEwMTQ1NQ%3D%3D.3-ccb7-5&ccb=7-5&_nc_sid=58cdad&efg=eyJ2ZW5jb2RlX3RhZyI6IkNBUk9VU0VMX0lURU0ueHBpZHMuMTQ0MC5zZHIucmVndWxhcl9waG90by5DMyJ9&_nc_ohc=lTNObl1cFPcQ7kNvwGDumda&_nc_oc=Ado0Pe3hxU04Vo50Xwn-SqT2I1wl4JLN9Jjbt2J0rXmXn8eG8fTpTj3Dm6-HqrSQ3gM&_nc_zt=23&_nc_ht=scontent-ams2-1.cdninstagram.com&_nc_gid=Apty3V3QNLt-BStPKMQfeQ&_nc_ss=72a8c&oh=00_AQEvt8i4zzPkYD0QkXeciOypu02JUHhqKfPT0aYMmKqEQQ&oe=6A934FD4,https://www.instagram.com/p/DcZt02IgXYs/
Supermercado Bianchi,Limpeza / Cuidados com a Casa,Hidratante Corporal Flor de Ypê 400ml,16.99,24/08/2026,https://scontent-man2-1.cdninstagram.com/v/t39.30808-6/784620919_1660330049430726_7690860967579283241_n.jpg?stp=dst-jpg_e35_tt6&_nc_cat=104&ig_cache_key=Mzk3MDg1ODEzMjQ1NzE4OTE0OA%3D%3D.3-ccb7-5&ccb=7-5&_nc_sid=58cdad&efg=eyJ2ZW5jb2RlX3RhZyI6IkZFRUQueHBpZHMuMTA4MC5zZHIucmVndWxhcl9waG90by5DMyJ9&_nc_ohc=kVs24eXKuXcQ7kNvwFdbcG7&_nc_oc=Adpd6U8S64knccFekGZISfBIFArxa_ShscacZP9GRWwgrturoWuB8BUQPljdsmzjdeA&_nc_zt=23&_nc_ht=scontent-man2-1.cdninstagram.com&_nc_gid=Bq5HOoLsi4HmJa0SpML2vw&_nc_ss=72a8c&oh=00_AQG1bEHnkFyRdQLWLzDjyByHkR84rdwQPSpbyb-5SSOXPA&oe=6A9354E1,https://www.instagram.com/p/DcbUm7WlO8c/
Machadão Atacadista,Limpeza / Cuidados com a Casa,Desinfetante Pinho Sol 1.75L,17.99,24/08/2026,https://instagram.fvgo1-1.fna.fbcdn.net/v/t39.30808-6/778957943_1356271786592779_7752166386009606157_n.jpg?stp=dst-jpg_e35_tt6&_nc_cat=104&ig_cache_key=Mzk3MDQwODc0MjgwNjA4NjE5OQ%3D%3D.3-ccb7-5&ccb=7-5&_nc_sid=58cdad&efg=eyJ2ZW5jb2RlX3RhZyI6IkNBUk9VU0VMX0lURU0ueHBpZHMuMTYzOC5zZHIucmVndWxhcl9waG90by5DMyJ9&_nc_ohc=RcYahv8xyOAQ7kNvwFclr7o&_nc_oc=AdpggEwR8aR2JOb_Uf6RYkFmtoApniV71TGIpgpULCqrlomRmUnPZ-PWowY0FcNLrWU&_nc_zt=23&_nc_ht=instagram.fvgo1-1.fna&_nc_gid=2YaBajca_LptN1d4Kr4FBA&_nc_ss=72a8c&oh=00_AQFLQLxB2axgBT5EfrnbfJxzqgj0Mm3bztNyCRQzYIRyLg&oe=6A93426E,https://www.instagram.com/p/DcZubq6D10t/
Machadão Atacadista,Limpeza / Cuidados com a Casa,Amaciante Ypê 5L,21.9,23/08/2026,https://scontent-ams2-1.cdninstagram.com/v/t39.30808-6/778958180_1356238129929478_2325913015574542258_n.jpg?stp=dst-jpg_e35_tt6&_nc_cat=102&ig_cache_key=Mzk3MDQwNjA2NTc0MDI2MDU2NA%3D%3D.3-ccb7-5&ccb=7-5&_nc_sid=58cdad&efg=eyJ2ZW5jb2RlX3RhZyI6IkNBUk9VU0VMX0lURU0ueHBpZHMuMTQ0MC5zZHIucmVndWxhcl9waG90by5DMyJ9&_nc_ohc=hBCZnXY1qCMQ7kNvwHL9VCC&_nc_oc=AdocL0KQ0VGSo2iKnroW8_qxt9uwyHILBbGWdHcP70OcG5i1UEeVQKocB0T-VxGc78k&_nc_zt=23&_nc_ht=scontent-ams2-1.cdninstagram.com&_nc_gid=Apty3V3QNLt-BStPKMQfeQ&_nc_ss=72a8c&oh=00_AQHlfE_YXkkSwjb5urycrl-kwe6CuWlAIofJZklMTFsGRQ&oe=6A933F4A,https://www.instagram.com/p/DcZt02IgXYs/
Machadão Atacadista,Limpeza / Cuidados com a Casa,Pano Multiuso Microfibra Esfre Bom Bettanin 3un,21.9,23/08/2026,https://scontent-ams2-1.cdninstagram.com/v/t39.30808-6/780104401_1356238156596142_1480217435166211985_n.jpg?stp=dst-jpg_e35_tt6&_nc_cat=105&ig_cache_key=Mzk3MDQwNjA2NDA5NjEwMTQ1NQ%3D%3D.3-ccb7-5&ccb=7-5&_nc_sid=58cdad&efg=eyJ2ZW5jb2RlX3RhZyI6IkNBUk9VU0VMX0lURU0ueHBpZHMuMTQ0MC5zZHIucmVndWxhcl9waG90by5DMyJ9&_nc_ohc=lTNObl1cFPcQ7kNvwGDumda&_nc_oc=Ado0Pe3hxU04Vo50Xwn-SqT2I1wl4JLN9Jjbt2J0rXmXn8eG8fTpTj3Dm6-HqrSQ3gM&_nc_zt=23&_nc_ht=scontent-ams2-1.cdninstagram.com&_nc_gid=Apty3V3QNLt-BStPKMQfeQ&_nc_ss=72a8c&oh=00_AQEvt8i4zzPkYD0QkXeciOypu02JUHhqKfPT0aYMmKqEQQ&oe=6A934FD4,https://www.instagram.com/p/DcZt02IgXYs/
Machadão Atacadista,Limpeza / Cuidados com a Casa,Amaciante de Roupas Ypê 5L,21.9,23/08/2026,https://scontent-ams2-1.cdninstagram.com/v/t39.30808-6/780104401_1356238156596142_1480217435166211985_n.jpg?stp=dst-jpg_e35_tt6&_nc_cat=105&ig_cache_key=Mzk3MDQwNjA2NDA5NjEwMTQ1NQ%3D%3D.3-ccb7-5&ccb=7-5&_nc_sid=58cdad&efg=eyJ2ZW5jb2RlX3RhZyI6IkNBUk9VU0VMX0lURU0ueHBpZHMuMTQ0MC5zZHIucmVndWxhcl9waG90by5DMyJ9&_nc_ohc=lTNObl1cFPcQ7kNvwGDumda&_nc_oc=Ado0Pe3hxU04Vo50Xwn-SqT2I1wl4JLN9Jjbt2J0rXmXn8eG8fTpTj3Dm6-HqrSQ3gM&_nc_zt=23&_nc_ht=scontent-ams2-1.cdninstagram.com&_nc_gid=Apty3V3QNLt-BStPKMQfeQ&_nc_ss=72a8c&oh=00_AQEvt8i4zzPkYD0QkXeciOypu02JUHhqKfPT0aYMmKqEQQ&oe=6A934FD4,https://www.instagram.com/p/DcZt02IgXYs/
Supermercado Bianchi,Limpeza / Cuidados com a Casa,Amaciante de Roupas Ypê 7L,29.99,24/08/2026,https://scontent-man2-1.cdninstagram.com/v/t39.30808-6/784620919_1660330049430726_7690860967579283241_n.jpg?stp=dst-jpg_e35_tt6&_nc_cat=104&ig_cache_key=Mzk3MDg1ODEzMjQ1NzE4OTE0OA%3D%3D.3-ccb7-5&ccb=7-5&_nc_sid=58cdad&efg=eyJ2ZW5jb2RlX3RhZyI6IkZFRUQueHBpZHMuMTA4MC5zZHIucmVndWxhcl9waG90by5DMyJ9&_nc_ohc=kVs24eXKuXcQ7kNvwFdbcG7&_nc_oc=Adpd6U8S64knccFekGZISfBIFArxa_ShscacZP9GRWwgrturoWuB8BUQPljdsmzjdeA&_nc_zt=23&_nc_ht=scontent-man2-1.cdninstagram.com&_nc_gid=Bq5HOoLsi4HmJa0SpML2vw&_nc_ss=72a8c&oh=00_AQG1bEHnkFyRdQLWLzDjyByHkR84rdwQPSpbyb-5SSOXPA&oe=6A9354E1,https://www.instagram.com/p/DcbUm7WlO8c/
SUPERMERCADO PARANAENSE,Limpeza / Lavanderia e Louça,Esponja de Aço Assolan 45g,1.89,24/08/2026,https://scontent-yyz1-1.cdninstagram.com/v/t51.82787-15/786158033_17906990622496981_4554436689859059284_n.jpg?stp=dst-jpg_e35_tt6&_nc_cat=108&ig_cache_key=Mzk3MDc1Nzk3MTU2NDU0MjYxMQ%3D%3D.3-ccb7-5&ccb=7-5&_nc_sid=58cdad&efg=eyJ2ZW5jb2RlX3RhZyI6IkZFRUQueHBpZHMuMTM1MC5zZHIucmVndWxhcl9waG90by5DMyJ9&_nc_ohc=xzVr4BNBpH0Q7kNvwEZICO5&_nc_oc=AdrnZwNOvcWb-4m7KMkzp_s9JIMfWUwcR01KDgT0wqnPnBUOJ1m2j0IT-Ec0iHkTU_y3m3LrmyED67QDekwCTXu2&_nc_zt=23&_nc_ht=scontent-yyz1-1.cdninstagram.com&_nc_gid=54-XGzFjYj7ZiUExL8X-oQ&_nc_ss=72289&oh=00_AQEq4ldRV7cpGjUuaxxzgLw7Fj_bZmzBSFYg5potoH_Qew&oe=6A934C0B,https://www.instagram.com/p/Dca91ZQJ7qT/
Machadão Atacadista,Limpeza / Lavanderia e Louça,Esponja de Aço Bombril 45g,1.99,24/08/2026,https://instagram.fvgo1-1.fna.fbcdn.net/v/t39.30808-6/778957943_1356271786592779_7752166386009606157_n.jpg?stp=dst-jpg_e35_tt6&_nc_cat=104&ig_cache_key=Mzk3MDQwODc0MjgwNjA4NjE5OQ%3D%3D.3-ccb7-5&ccb=7-5&_nc_sid=58cdad&efg=eyJ2ZW5jb2RlX3RhZyI6IkNBUk9VU0VMX0lURU0ueHBpZHMuMTYzOC5zZHIucmVndWxhcl9waG90by5DMyJ9&_nc_ohc=RcYahv8xyOAQ7kNvwFclr7o&_nc_oc=AdpggEwR8aR2JOb_Uf6RYkFmtoApniV71TGIpgpULCqrlomRmUnPZ-PWowY0FcNLrWU&_nc_zt=23&_nc_ht=instagram.fvgo1-1.fna&_nc_gid=2YaBajca_LptN1d4Kr4FBA&_nc_ss=72a8c&oh=00_AQFLQLxB2axgBT5EfrnbfJxzqgj0Mm3bztNyCRQzYIRyLg&oe=6A93426E,https://www.instagram.com/p/DcZubq6D10t/
Supermercado Bianchi,Limpeza / Lavanderia e Louça,Detergente Líquido Minuano 500ml,2.99,24/08/2026,https://scontent-man2-1.cdninstagram.com/v/t39.30808-6/784620919_1660330049430726_7690860967579283241_n.jpg?stp=dst-jpg_e35_tt6&_nc_cat=104&ig_cache_key=Mzk3MDg1ODEzMjQ1NzE4OTE0OA%3D%3D.3-ccb7-5&ccb=7-5&_nc_sid=58cdad&efg=eyJ2ZW5jb2RlX3RhZyI6IkZFRUQueHBpZHMuMTA4MC5zZHIucmVndWxhcl9waG90by5DMyJ9&_nc_ohc=kVs24eXKuXcQ7kNvwFdbcG7&_nc_oc=Adpd6U8S64knccFekGZISfBIFArxa_ShscacZP9GRWwgrturoWuB8BUQPljdsmzjdeA&_nc_zt=23&_nc_ht=scontent-man2-1.cdninstagram.com&_nc_gid=Bq5HOoLsi4HmJa0SpML2vw&_nc_ss=72a8c&oh=00_AQG1bEHnkFyRdQLWLzDjyByHkR84rdwQPSpbyb-5SSOXPA&oe=6A9354E1,https://www.instagram.com/p/DcbUm7WlO8c/
Super Compras Supermercado,Limpeza / Lavanderia e Louça,Lava Roupas em Pó Assim 800g,7.99,20/08/2026,https://instagram.fbjx4-1.fna.fbcdn.net/v/t51.82787-15/775027665_18191945224391764_8081345465351211337_n.jpg?stp=dst-jpg_e35_tt6&_nc_cat=103&ig_cache_key=Mzk2NzQ4OTc2ODM5MzY0MjE0Ng%3D%3D.3-ccb7-5&ccb=7-5&_nc_sid=58cdad&efg=eyJ2ZW5jb2RlX3RhZyI6IkZFRUQueHBpZHMuMTQ0MC5zZHIucmVndWxhcl9waG90by5DMyJ9&_nc_ohc=m58yuTfxv2cQ7kNvwHNySAb&_nc_oc=Adq3kwRxXagI5EEIBF8RfLaecKcvkENGVYUj6cI81yDAOnQXk8mce3NZfDCk6C4fvK1Mk_mFv-GpGKLHI62s1q44&_nc_zt=23&_nc_ht=instagram.fbjx4-1.fna&_nc_gid=IrFucFPhsTDYfOVN_rsnew&_nc_ss=72289&oh=00_AQGQMgjbCCf1kRd4cbRZ-s1dwxD0xMoTxokBtP9kO_mKAw&oe=6A932750,https://www.instagram.com/p/DcPWux3GZCi/
Bom Jesus Primavera do Leste 🛒,Limpeza / Lavanderia e Louça,Detergente em Pó Tixan 800g,11.99,21/08/2026,https://scontent-icn2-1.cdninstagram.com/v/t51.82787-15/778794332_18373759255237813_8826403310576910692_n.jpg?stp=dst-jpg_e35_tt6&_nc_cat=101&ig_cache_key=Mzk2ODYwMzg2MzYxMTAyNjY2MQ%3D%3D.3-ccb7-5&ccb=7-5&_nc_sid=58cdad&efg=eyJ2ZW5jb2RlX3RhZyI6IkNBUk9VU0VMX0lURU0ueHBpZHMuMTA4MC5zZHIucmVndWxhcl9waG90by5DMyJ9&_nc_ohc=DryH40MHA-0Q7kNvwHlOstU&_nc_oc=AdqJ2OUPVovPfynJ37bsL2MvYtb9RgdzTYqoK9zsLWolpMCLq5U4lavGekYj_TTQCn4&_nc_zt=23&_nc_ht=scontent-icn2-1.cdninstagram.com&_nc_gid=mgYzv2qK_1weCrj6V3YCEQ&_nc_ss=7c689&oh=00_AQGZkepon_O7BwGMTYqDFah9olGz8lwMVg0tEWeZ787UTQ&oe=6A93581B,https://www.instagram.com/p/DcTUD7jlm8n/
Supermercado Bianchi,Limpeza / Lavanderia e Louça,Sabão em Pó Omo Lavanda 800g,11.99,20/08/2026,https://instagram.fsyd15-2.fna.fbcdn.net/v/t39.30808-6/783512802_1656952703101794_4280864842838965800_n.jpg?stp=dst-jpg_e35_tt6&_nc_cat=102&ig_cache_key=Mzk2ODIxOTEzOTkwNjg0NTIzNw%3D%3D.3-ccb7-5&ccb=7-5&_nc_sid=58cdad&efg=eyJ2ZW5jb2RlX3RhZyI6IkNBUk9VU0VMX0lURU0ueHBpZHMuMTA4MC5zZHIucmVndWxhcl9waG90by5DMyJ9&_nc_ohc=QzDVoAgqF90Q7kNvwGrOpKu&_nc_oc=Adqng8K8agCHsuj4XoDqgHbb6_NimOD_D6MpgAwaO-uUXynxWr14_qL0viCXkBlYaXo&_nc_zt=23&_nc_ht=instagram.fsyd15-2.fna&_nc_gid=LoiYda-taTEeT-oXCQhvgg&_nc_ss=72689&oh=00_AQHwe0pdhkDJSWcoA6QfU7y4tHqi4_bpPmN-mUZRpacSpg&oe=6A9327EE,https://www.instagram.com/p/DcR8kwqjUQX/
Bom Jesus Primavera do Leste 🛒,Limpeza / Lavanderia e Louça,Lava Roupas Líquido Omo 750ml,16.99,21/08/2026,https://scontent-icn2-1.cdninstagram.com/v/t51.82787-15/778794332_18373759255237813_8826403310576910692_n.jpg?stp=dst-jpg_e35_tt6&_nc_cat=101&ig_cache_key=Mzk2ODYwMzg2MzYxMTAyNjY2MQ%3D%3D.3-ccb7-5&ccb=7-5&_nc_sid=58cdad&efg=eyJ2ZW5jb2RlX3RhZyI6IkNBUk9VU0VMX0lURU0ueHBpZHMuMTA4MC5zZHIucmVndWxhcl9waG90by5DMyJ9&_nc_ohc=DryH40MHA-0Q7kNvwHlOstU&_nc_oc=AdqJ2OUPVovPfynJ37bsL2MvYtb9RgdzTYqoK9zsLWolpMCLq5U4lavGekYj_TTQCn4&_nc_zt=23&_nc_ht=scontent-icn2-1.cdninstagram.com&_nc_gid=mgYzv2qK_1weCrj6V3YCEQ&_nc_ss=7c689&oh=00_AQGZkepon_O7BwGMTYqDFah9olGz8lwMVg0tEWeZ787UTQ&oe=6A93581B,https://www.instagram.com/p/DcTUD7jlm8n/
Supermercado Bianchi,Limpeza / Lavanderia e Louça,Lava Roupas Líquido Omo 1.4L,26.99,24/08/2026,https://scontent-man2-1.cdninstagram.com/v/t39.30808-6/784620919_1660330049430726_7690860967579283241_n.jpg?stp=dst-jpg_e35_tt6&_nc_cat=104&ig_cache_key=Mzk3MDg1ODEzMjQ1NzE4OTE0OA%3D%3D.3-ccb7-5&ccb=7-5&_nc_sid=58cdad&efg=eyJ2ZW5jb2RlX3RhZyI6IkZFRUQueHBpZHMuMTA4MC5zZHIucmVndWxhcl9waG90by5DMyJ9&_nc_ohc=kVs24eXKuXcQ7kNvwFdbcG7&_nc_oc=Adpd6U8S64knccFekGZISfBIFArxa_ShscacZP9GRWwgrturoWuB8BUQPljdsmzjdeA&_nc_zt=23&_nc_ht=scontent-man2-1.cdninstagram.com&_nc_gid=Bq5HOoLsi4HmJa0SpML2vw&_nc_ss=72a8c&oh=00_AQG1bEHnkFyRdQLWLzDjyByHkR84rdwQPSpbyb-5SSOXPA&oe=6A9354E1,https://www.instagram.com/p/DcbUm7WlO8c/
Bom Jesus Primavera do Leste 🛒,Limpeza / Lavanderia e Louça,Detergente em Pó Omo 2.2kg,30.99,21/08/2026,https://scontent-icn2-1.cdninstagram.com/v/t51.82787-15/778794332_18373759255237813_8826403310576910692_n.jpg?stp=dst-jpg_e35_tt6&_nc_cat=101&ig_cache_key=Mzk2ODYwMzg2MzYxMTAyNjY2MQ%3D%3D.3-ccb7-5&ccb=7-5&_nc_sid=58cdad&efg=eyJ2ZW5jb2RlX3RhZyI6IkNBUk9VU0VMX0lURU0ueHBpZHMuMTA4MC5zZHIucmVndWxhcl9waG90by5DMyJ9&_nc_ohc=DryH40MHA-0Q7kNvwHlOstU&_nc_oc=AdqJ2OUPVovPfynJ37bsL2MvYtb9RgdzTYqoK9zsLWolpMCLq5U4lavGekYj_TTQCn4&_nc_zt=23&_nc_ht=scontent-icn2-1.cdninstagram.com&_nc_gid=mgYzv2qK_1weCrj6V3YCEQ&_nc_ss=7c689&oh=00_AQGZkepon_O7BwGMTYqDFah9olGz8lwMVg0tEWeZ787UTQ&oe=6A93581B,https://www.instagram.com/p/DcTUD7jlm8n/
Machadão Atacadista,Limpeza / Lavanderia e Louça,Sabão em Pó Omo Lavagem Perfeita 4kg,59.9,24/08/2026,https://instagram.fvgo1-1.fna.fbcdn.net/v/t39.30808-6/778957943_1356271786592779_7752166386009606157_n.jpg?stp=dst-jpg_e35_tt6&_nc_cat=104&ig_cache_key=Mzk3MDQwODc0MjgwNjA4NjE5OQ%3D%3D.3-ccb7-5&ccb=7-5&_nc_sid=58cdad&efg=eyJ2ZW5jb2RlX3RhZyI6IkNBUk9VU0VMX0lURU0ueHBpZHMuMTYzOC5zZHIucmVndWxhcl9waG90by5DMyJ9&_nc_ohc=RcYahv8xyOAQ7kNvwFclr7o&_nc_oc=AdpggEwR8aR2JOb_Uf6RYkFmtoApniV71TGIpgpULCqrlomRmUnPZ-PWowY0FcNLrWU&_nc_zt=23&_nc_ht=instagram.fvgo1-1.fna&_nc_gid=2YaBajca_LptN1d4Kr4FBA&_nc_ss=72a8c&oh=00_AQFLQLxB2axgBT5EfrnbfJxzqgj0Mm3bztNyCRQzYIRyLg&oe=6A93426E,https://www.instagram.com/p/DcZubq6D10t/
Machadão Atacadista,Limpeza / Lavanderia e Louça,Sabão em Pó Girando Sol 7kg,59.9,23/08/2026,https://scontent-ams2-1.cdninstagram.com/v/t39.30808-6/778958180_1356238129929478_2325913015574542258_n.jpg?stp=dst-jpg_e35_tt6&_nc_cat=102&ig_cache_key=Mzk3MDQwNjA2NTc0MDI2MDU2NA%3D%3D.3-ccb7-5&ccb=7-5&_nc_sid=58cdad&efg=eyJ2ZW5jb2RlX3RhZyI6IkNBUk9VU0VMX0lURU0ueHBpZHMuMTQ0MC5zZHIucmVndWxhcl9waG90by5DMyJ9&_nc_ohc=hBCZnXY1qCMQ7kNvwHL9VCC&_nc_oc=AdocL0KQ0VGSo2iKnroW8_qxt9uwyHILBbGWdHcP70OcG5i1UEeVQKocB0T-VxGc78k&_nc_zt=23&_nc_ht=scontent-ams2-1.cdninstagram.com&_nc_gid=Apty3V3QNLt-BStPKMQfeQ&_nc_ss=72a8c&oh=00_AQHlfE_YXkkSwjb5urycrl-kwe6CuWlAIofJZklMTFsGRQ&oe=6A933F4A,https://www.instagram.com/p/DcZt02IgXYs/
Machadão Atacadista,Limpeza / Lavanderia e Louça,Sabão em Pó Girando Sol 7kg,59.9,23/08/2026,https://scontent-ams2-1.cdninstagram.com/v/t39.30808-6/780104401_1356238156596142_1480217435166211985_n.jpg?stp=dst-jpg_e35_tt6&_nc_cat=105&ig_cache_key=Mzk3MDQwNjA2NDA5NjEwMTQ1NQ%3D%3D.3-ccb7-5&ccb=7-5&_nc_sid=58cdad&efg=eyJ2ZW5jb2RlX3RhZyI6IkNBUk9VU0VMX0lURU0ueHBpZHMuMTQ0MC5zZHIucmVndWxhcl9waG90by5DMyJ9&_nc_ohc=lTNObl1cFPcQ7kNvwGDumda&_nc_oc=Ado0Pe3hxU04Vo50Xwn-SqT2I1wl4JLN9Jjbt2J0rXmXn8eG8fTpTj3Dm6-HqrSQ3gM&_nc_zt=23&_nc_ht=scontent-ams2-1.cdninstagram.com&_nc_gid=Apty3V3QNLt-BStPKMQfeQ&_nc_ss=72a8c&oh=00_AQEvt8i4zzPkYD0QkXeciOypu02JUHhqKfPT0aYMmKqEQQ&oe=6A934FD4,https://www.instagram.com/p/DcZt02IgXYs/
Machadão Atacadista,Limpeza / Lavanderia e Louça,Sabão em Pó Omo 5.6kg,79.98,23/08/2026,https://scontent-ams2-1.cdninstagram.com/v/t39.30808-6/778958180_1356238129929478_2325913015574542258_n.jpg?stp=dst-jpg_e35_tt6&_nc_cat=102&ig_cache_key=Mzk3MDQwNjA2NTc0MDI2MDU2NA%3D%3D.3-ccb7-5&ccb=7-5&_nc_sid=58cdad&efg=eyJ2ZW5jb2RlX3RhZyI6IkNBUk9VU0VMX0lURU0ueHBpZHMuMTQ0MC5zZHIucmVndWxhcl9waG90by5DMyJ9&_nc_ohc=hBCZnXY1qCMQ7kNvwHL9VCC&_nc_oc=AdocL0KQ0VGSo2iKnroW8_qxt9uwyHILBbGWdHcP70OcG5i1UEeVQKocB0T-VxGc78k&_nc_zt=23&_nc_ht=scontent-ams2-1.cdninstagram.com&_nc_gid=Apty3V3QNLt-BStPKMQfeQ&_nc_ss=72a8c&oh=00_AQHlfE_YXkkSwjb5urycrl-kwe6CuWlAIofJZklMTFsGRQ&oe=6A933F4A,https://www.instagram.com/p/DcZt02IgXYs/
Machadão Atacadista,Limpeza / Lavanderia e Louça,Sabão em Pó Omo Lavagem Perfeita 5.6kg,79.98,23/08/2026,https://scontent-ams2-1.cdninstagram.com/v/t39.30808-6/780104401_1356238156596142_1480217435166211985_n.jpg?stp=dst-jpg_e35_tt6&_nc_cat=105&ig_cache_key=Mzk3MDQwNjA2NDA5NjEwMTQ1NQ%3D%3D.3-ccb7-5&ccb=7-5&_nc_sid=58cdad&efg=eyJ2ZW5jb2RlX3RhZyI6IkNBUk9VU0VMX0lURU0ueHBpZHMuMTQ0MC5zZHIucmVndWxhcl9waG90by5DMyJ9&_nc_ohc=lTNObl1cFPcQ7kNvwGDumda&_nc_oc=Ado0Pe3hxU04Vo50Xwn-SqT2I1wl4JLN9Jjbt2J0rXmXn8eG8fTpTj3Dm6-HqrSQ3gM&_nc_zt=23&_nc_ht=scontent-ams2-1.cdninstagram.com&_nc_gid=Apty3V3QNLt-BStPKMQfeQ&_nc_ss=72a8c&oh=00_AQEvt8i4zzPkYD0QkXeciOypu02JUHhqKfPT0aYMmKqEQQ&oe=6A934FD4,https://www.instagram.com/p/DcZt02IgXYs/
Bom Jesus Primavera do Leste 🛒,Mercearia / Arroz,Arroz São João 5kg,16.99,21/08/2026,https://scontent-icn2-1.cdninstagram.com/v/t51.82787-15/779844446_18373759273237813_717042095228036520_n.jpg?stp=dst-jpg_e35_tt6&_nc_cat=101&ig_cache_key=Mzk2ODYwMzg2MjA2MzE4NjIyMQ%3D%3D.3-ccb7-5&ccb=7-5&_nc_sid=58cdad&efg=eyJ2ZW5jb2RlX3RhZyI6IkNBUk9VU0VMX0lURU0ueHBpZHMuMTA4MC5zZHIucmVndWxhcl9waG90by5DMyJ9&_nc_ohc=m8__0j7aHxEQ7kNvwHKRG_v&_nc_oc=AdqHVv_gNO3gdGsw5CmHS3rMjWdD8zLkLs5OZklvJHeD7Ntv9Lbw_rWNmhjjszd5fpM&_nc_zt=23&_nc_ht=scontent-icn2-1.cdninstagram.com&_nc_gid=mgYzv2qK_1weCrj6V3YCEQ&_nc_ss=7c689&oh=00_AQHM_Bw-Hwb2wJshLDBIXCYdSPckqlREnCJDyc5n0eCtkQ&oe=6A9357F0,https://www.instagram.com/p/DcTUD7jlm8n/
Super Compras Supermercado,Mercearia / Arroz,Arroz tipo 1 São João 5kg,18.99,20/08/2026,https://instagram.fbjx4-1.fna.fbcdn.net/v/t51.82787-15/775027665_18191945224391764_8081345465351211337_n.jpg?stp=dst-jpg_e35_tt6&_nc_cat=103&ig_cache_key=Mzk2NzQ4OTc2ODM5MzY0MjE0Ng%3D%3D.3-ccb7-5&ccb=7-5&_nc_sid=58cdad&efg=eyJ2ZW5jb2RlX3RhZyI6IkZFRUQueHBpZHMuMTQ0MC5zZHIucmVndWxhcl9waG90by5DMyJ9&_nc_ohc=m58yuTfxv2cQ7kNvwHNySAb&_nc_oc=Adq3kwRxXagI5EEIBF8RfLaecKcvkENGVYUj6cI81yDAOnQXk8mce3NZfDCk6C4fvK1Mk_mFv-GpGKLHI62s1q44&_nc_zt=23&_nc_ht=instagram.fbjx4-1.fna&_nc_gid=IrFucFPhsTDYfOVN_rsnew&_nc_ss=72289&oh=00_AQGQMgjbCCf1kRd4cbRZ-s1dwxD0xMoTxokBtP9kO_mKAw&oe=6A932750,https://www.instagram.com/p/DcPWux3GZCi/
Machadão Atacadista,Mercearia / Arroz,Arroz tipo 1 Koblenz 5kg,20.9,24/08/2026,https://instagram.fvgo1-1.fna.fbcdn.net/v/t39.30808-6/780076458_1356271723259452_5989685085733377211_n.jpg?stp=dst-jpg_e35_tt6&_nc_cat=105&ig_cache_key=Mzk3MDQwODc0MjIxMDQ3NDY5OA%3D%3D.3-ccb7-5&ccb=7-5&_nc_sid=58cdad&efg=eyJ2ZW5jb2RlX3RhZyI6IkNBUk9VU0VMX0lURU0ueHBpZHMuMTYzOC5zZHIucmVndWxhcl9waG90by5DMyJ9&_nc_ohc=EI5S9KuUQlYQ7kNvwHTeyEC&_nc_oc=Ado76MWL50dyatx5e5JsLvemf2bX8tQ_EKDfqdbtu7ecu0THsxz7L8eARAJWoKeYULk&_nc_zt=23&_nc_ht=instagram.fvgo1-1.fna&_nc_gid=2YaBajca_LptN1d4Kr4FBA&_nc_ss=72a8c&oh=00_AQE-ERlIOED8YQlejQUmbVbTLQIDIxb2ocyP1vuHBDz6-A&oe=6A93284E,https://www.instagram.com/p/DcZubq6D10t/
Super Compras Supermercado,Mercearia / Açúcar,Açúcar Itamarati 2kg,5.49,20/08/2026,https://instagram.fbjx4-1.fna.fbcdn.net/v/t51.82787-15/775027665_18191945224391764_8081345465351211337_n.jpg?stp=dst-jpg_e35_tt6&_nc_cat=103&ig_cache_key=Mzk2NzQ4OTc2ODM5MzY0MjE0Ng%3D%3D.3-ccb7-5&ccb=7-5&_nc_sid=58cdad&efg=eyJ2ZW5jb2RlX3RhZyI6IkZFRUQueHBpZHMuMTQ0MC5zZHIucmVndWxhcl9waG90by5DMyJ9&_nc_ohc=m58yuTfxv2cQ7kNvwHNySAb&_nc_oc=Adq3kwRxXagI5EEIBF8RfLaecKcvkENGVYUj6cI81yDAOnQXk8mce3NZfDCk6C4fvK1Mk_mFv-GpGKLHI62s1q44&_nc_zt=23&_nc_ht=instagram.fbjx4-1.fna&_nc_gid=IrFucFPhsTDYfOVN_rsnew&_nc_ss=72289&oh=00_AQGQMgjbCCf1kRd4cbRZ-s1dwxD0xMoTxokBtP9kO_mKAw&oe=6A932750,https://www.instagram.com/p/DcPWux3GZCi/
Machadão Atacadista,Mercearia / Biscoitos e Doces,Biscoito Sequilhos Porto Alegre 100g,2.49,24/08/2026,https://instagram.fvgo1-1.fna.fbcdn.net/v/t39.30808-6/780076458_1356271723259452_5989685085733377211_n.jpg?stp=dst-jpg_e35_tt6&_nc_cat=105&ig_cache_key=Mzk3MDQwODc0MjIxMDQ3NDY5OA%3D%3D.3-ccb7-5&ccb=7-5&_nc_sid=58cdad&efg=eyJ2ZW5jb2RlX3RhZyI6IkNBUk9VU0VMX0lURU0ueHBpZHMuMTYzOC5zZHIucmVndWxhcl9waG90by5DMyJ9&_nc_ohc=EI5S9KuUQlYQ7kNvwHTeyEC&_nc_oc=Ado76MWL50dyatx5e5JsLvemf2bX8tQ_EKDfqdbtu7ecu0THsxz7L8eARAJWoKeYULk&_nc_zt=23&_nc_ht=instagram.fvgo1-1.fna&_nc_gid=2YaBajca_LptN1d4Kr4FBA&_nc_ss=72a8c&oh=00_AQE-ERlIOED8YQlejQUmbVbTLQIDIxb2ocyP1vuHBDz6-A&oe=6A93284E,https://www.instagram.com/p/DcZubq6D10t/
Supermercado Bianchi,Mercearia / Biscoitos e Doces,Chocolate Wafer Hershey's 120g,3.99,20/08/2026,https://instagram.fsyd15-2.fna.fbcdn.net/v/t39.30808-6/783512802_1656952703101794_4280864842838965800_n.jpg?stp=dst-jpg_e35_tt6&_nc_cat=102&ig_cache_key=Mzk2ODIxOTEzOTkwNjg0NTIzNw%3D%3D.3-ccb7-5&ccb=7-5&_nc_sid=58cdad&efg=eyJ2ZW5jb2RlX3RhZyI6IkNBUk9VU0VMX0lURU0ueHBpZHMuMTA4MC5zZHIucmVndWxhcl9waG90by5DMyJ9&_nc_ohc=QzDVoAgqF90Q7kNvwGrOpKu&_nc_oc=Adqng8K8agCHsuj4XoDqgHbb6_NimOD_D6MpgAwaO-uUXynxWr14_qL0viCXkBlYaXo&_nc_zt=23&_nc_ht=instagram.fsyd15-2.fna&_nc_gid=LoiYda-taTEeT-oXCQhvgg&_nc_ss=72689&oh=00_AQHwe0pdhkDJSWcoA6QfU7y4tHqi4_bpPmN-mUZRpacSpg&oe=6A9327EE,https://www.instagram.com/p/DcR8kwqjUQX/
Bom Jesus Primavera do Leste 🛒,Mercearia / Biscoitos e Doces,Biscoito Rosquinha Adoralle 500g,4.99,21/08/2026,https://scontent-icn2-1.cdninstagram.com/v/t51.82787-15/779844446_18373759273237813_717042095228036520_n.jpg?stp=dst-jpg_e35_tt6&_nc_cat=101&ig_cache_key=Mzk2ODYwMzg2MjA2MzE4NjIyMQ%3D%3D.3-ccb7-5&ccb=7-5&_nc_sid=58cdad&efg=eyJ2ZW5jb2RlX3RhZyI6IkNBUk9VU0VMX0lURU0ueHBpZHMuMTA4MC5zZHIucmVndWxhcl9waG90by5DMyJ9&_nc_ohc=m8__0j7aHxEQ7kNvwHKRG_v&_nc_oc=AdqHVv_gNO3gdGsw5CmHS3rMjWdD8zLkLs5OZklvJHeD7Ntv9Lbw_rWNmhjjszd5fpM&_nc_zt=23&_nc_ht=scontent-icn2-1.cdninstagram.com&_nc_gid=mgYzv2qK_1weCrj6V3YCEQ&_nc_ss=7c689&oh=00_AQHM_Bw-Hwb2wJshLDBIXCYdSPckqlREnCJDyc5n0eCtkQ&oe=6A9357F0,https://www.instagram.com/p/DcTUD7jlm8n/
Machadão Atacadista,Mercearia / Biscoitos e Doces,Chocolate Bis Lacta 100.8g,5.69,24/08/2026,https://instagram.fvgo1-1.fna.fbcdn.net/v/t39.30808-6/780076458_1356271723259452_5989685085733377211_n.jpg?stp=dst-jpg_e35_tt6&_nc_cat=105&ig_cache_key=Mzk3MDQwODc0MjIxMDQ3NDY5OA%3D%3D.3-ccb7-5&ccb=7-5&_nc_sid=58cdad&efg=eyJ2ZW5jb2RlX3RhZyI6IkNBUk9VU0VMX0lURU0ueHBpZHMuMTYzOC5zZHIucmVndWxhcl9waG90by5DMyJ9&_nc_ohc=EI5S9KuUQlYQ7kNvwHTeyEC&_nc_oc=Ado76MWL50dyatx5e5JsLvemf2bX8tQ_EKDfqdbtu7ecu0THsxz7L8eARAJWoKeYULk&_nc_zt=23&_nc_ht=instagram.fvgo1-1.fna&_nc_gid=2YaBajca_LptN1d4Kr4FBA&_nc_ss=72a8c&oh=00_AQE-ERlIOED8YQlejQUmbVbTLQIDIxb2ocyP1vuHBDz6-A&oe=6A93284E,https://www.instagram.com/p/DcZubq6D10t/
Bom Jesus Primavera do Leste 🛒,Mercearia / Café,Café Brasileiro 500g,22.49,21/08/2026,https://scontent-icn2-1.cdninstagram.com/v/t51.82787-15/779844446_18373759273237813_717042095228036520_n.jpg?stp=dst-jpg_e35_tt6&_nc_cat=101&ig_cache_key=Mzk2ODYwMzg2MjA2MzE4NjIyMQ%3D%3D.3-ccb7-5&ccb=7-5&_nc_sid=58cdad&efg=eyJ2ZW5jb2RlX3RhZyI6IkNBUk9VU0VMX0lURU0ueHBpZHMuMTA4MC5zZHIucmVndWxhcl9waG90by5DMyJ9&_nc_ohc=m8__0j7aHxEQ7kNvwHKRG_v&_nc_oc=AdqHVv_gNO3gdGsw5CmHS3rMjWdD8zLkLs5OZklvJHeD7Ntv9Lbw_rWNmhjjszd5fpM&_nc_zt=23&_nc_ht=scontent-icn2-1.cdninstagram.com&_nc_gid=mgYzv2qK_1weCrj6V3YCEQ&_nc_ss=7c689&oh=00_AQHM_Bw-Hwb2wJshLDBIXCYdSPckqlREnCJDyc5n0eCtkQ&oe=6A9357F0,https://www.instagram.com/p/DcTUD7jlm8n/
Machadão Atacadista,Mercearia / Farináceos,Flocos de Milho Sinhá 500g,1.99,24/08/2026,https://instagram.fvgo1-1.fna.fbcdn.net/v/t39.30808-6/780076458_1356271723259452_5989685085733377211_n.jpg?stp=dst-jpg_e35_tt6&_nc_cat=105&ig_cache_key=Mzk3MDQwODc0MjIxMDQ3NDY5OA%3D%3D.3-ccb7-5&ccb=7-5&_nc_sid=58cdad&efg=eyJ2ZW5jb2RlX3RhZyI6IkNBUk9VU0VMX0lURU0ueHBpZHMuMTYzOC5zZHIucmVndWxhcl9waG90by5DMyJ9&_nc_ohc=EI5S9KuUQlYQ7kNvwHTeyEC&_nc_oc=Ado76MWL50dyatx5e5JsLvemf2bX8tQ_EKDfqdbtu7ecu0THsxz7L8eARAJWoKeYULk&_nc_zt=23&_nc_ht=instagram.fvgo1-1.fna&_nc_gid=2YaBajca_LptN1d4Kr4FBA&_nc_ss=72a8c&oh=00_AQE-ERlIOED8YQlejQUmbVbTLQIDIxb2ocyP1vuHBDz6-A&oe=6A93284E,https://www.instagram.com/p/DcZubq6D10t/
Machadão Atacadista,Mercearia / Farináceos,Macarrão Espaguete Vitoriosa 400g,2.49,24/08/2026,https://instagram.fvgo1-1.fna.fbcdn.net/v/t39.30808-6/780076458_1356271723259452_5989685085733377211_n.jpg?stp=dst-jpg_e35_tt6&_nc_cat=105&ig_cache_key=Mzk3MDQwODc0MjIxMDQ3NDY5OA%3D%3D.3-ccb7-5&ccb=7-5&_nc_sid=58cdad&efg=eyJ2ZW5jb2RlX3RhZyI6IkNBUk9VU0VMX0lURU0ueHBpZHMuMTYzOC5zZHIucmVndWxhcl9waG90by5DMyJ9&_nc_ohc=EI5S9KuUQlYQ7kNvwHTeyEC&_nc_oc=Ado76MWL50dyatx5e5JsLvemf2bX8tQ_EKDfqdbtu7ecu0THsxz7L8eARAJWoKeYULk&_nc_zt=23&_nc_ht=instagram.fvgo1-1.fna&_nc_gid=2YaBajca_LptN1d4Kr4FBA&_nc_ss=72a8c&oh=00_AQE-ERlIOED8YQlejQUmbVbTLQIDIxb2ocyP1vuHBDz6-A&oe=6A93284E,https://www.instagram.com/p/DcZubq6D10t/
Bom Jesus Primavera do Leste 🛒,Mercearia / Farináceos,Farinha de Trigo Globo 1kg,3.79,21/08/2026,https://scontent-icn2-1.cdninstagram.com/v/t51.82787-15/779844446_18373759273237813_717042095228036520_n.jpg?stp=dst-jpg_e35_tt6&_nc_cat=101&ig_cache_key=Mzk2ODYwMzg2MjA2MzE4NjIyMQ%3D%3D.3-ccb7-5&ccb=7-5&_nc_sid=58cdad&efg=eyJ2ZW5jb2RlX3RhZyI6IkNBUk9VU0VMX0lURU0ueHBpZHMuMTA4MC5zZHIucmVndWxhcl9waG90by5DMyJ9&_nc_ohc=m8__0j7aHxEQ7kNvwHKRG_v&_nc_oc=AdqHVv_gNO3gdGsw5CmHS3rMjWdD8zLkLs5OZklvJHeD7Ntv9Lbw_rWNmhjjszd5fpM&_nc_zt=23&_nc_ht=scontent-icn2-1.cdninstagram.com&_nc_gid=mgYzv2qK_1weCrj6V3YCEQ&_nc_ss=7c689&oh=00_AQHM_Bw-Hwb2wJshLDBIXCYdSPckqlREnCJDyc5n0eCtkQ&oe=6A9357F0,https://www.instagram.com/p/DcTUD7jlm8n/
Supermercado Tuiuiú,Mercearia / Farináceos,Tapioca Amafil 500g,4.49,20/08/2026,https://scontent-syd2-1.cdninstagram.com/v/t39.30808-6/777548616_1712126797587805_4468367958160197813_n.jpg?stp=dst-jpg_e35_tt6&_nc_cat=108&ig_cache_key=Mzk2Nzg2MzQ3NzY1OTI0NTc5MQ%3D%3D.3-ccb7-5&ccb=7-5&_nc_sid=58cdad&efg=eyJ2ZW5jb2RlX3RhZyI6IkNBUk9VU0VMX0lURU0ueHBpZHMuMTI1NC5zZHIucmVndWxhcl9waG90by5DMyJ9&_nc_ohc=KR6FTgTvensQ7kNvwEFMC6y&_nc_oc=Adp5k0qYRtXxE5pNDGqhsQHVYndXQ_lw1u0WrIiOMww_0wZL4F1MkcJNDkPLvKi_lxh_aupvK2ozU7iqkJDCFPPm&_nc_zt=23&_nc_ht=scontent-syd2-1.cdninstagram.com&_nc_gid=F3yY0pocLVFeiZGf_vXq8w&_nc_ss=72289&oh=00_AQFhfDFY2JpzypNN8mfMCDWQRVDvAuJ5S7DoTLvXru60rw&oe=6A9331D5,https://www.instagram.com/p/DcQrtOmIPUZ/
Machadão Atacadista,Mercearia / Farináceos,Farinha de Trigo Venturelli 1kg,5.29,24/08/2026,https://instagram.fvgo1-1.fna.fbcdn.net/v/t39.30808-6/780076458_1356271723259452_5989685085733377211_n.jpg?stp=dst-jpg_e35_tt6&_nc_cat=105&ig_cache_key=Mzk3MDQwODc0MjIxMDQ3NDY5OA%3D%3D.3-ccb7-5&ccb=7-5&_nc_sid=58cdad&efg=eyJ2ZW5jb2RlX3RhZyI6IkNBUk9VU0VMX0lURU0ueHBpZHMuMTYzOC5zZHIucmVndWxhcl9waG90by5DMyJ9&_nc_ohc=EI5S9KuUQlYQ7kNvwHTeyEC&_nc_oc=Ado76MWL50dyatx5e5JsLvemf2bX8tQ_EKDfqdbtu7ecu0THsxz7L8eARAJWoKeYULk&_nc_zt=23&_nc_ht=instagram.fvgo1-1.fna&_nc_gid=2YaBajca_LptN1d4Kr4FBA&_nc_ss=72a8c&oh=00_AQE-ERlIOED8YQlejQUmbVbTLQIDIxb2ocyP1vuHBDz6-A&oe=6A93284E,https://www.instagram.com/p/DcZubq6D10t/
Machadão Atacadista,Mercearia / Farináceos,Farinha de Milho Biju Pinduca 1kg,7.99,24/08/2026,https://instagram.fvgo1-1.fna.fbcdn.net/v/t39.30808-6/780076458_1356271723259452_5989685085733377211_n.jpg?stp=dst-jpg_e35_tt6&_nc_cat=105&ig_cache_key=Mzk3MDQwODc0MjIxMDQ3NDY5OA%3D%3D.3-ccb7-5&ccb=7-5&_nc_sid=58cdad&efg=eyJ2ZW5jb2RlX3RhZyI6IkNBUk9VU0VMX0lURU0ueHBpZHMuMTYzOC5zZHIucmVndWxhcl9waG90by5DMyJ9&_nc_ohc=EI5S9KuUQlYQ7kNvwHTeyEC&_nc_oc=Ado76MWL50dyatx5e5JsLvemf2bX8tQ_EKDfqdbtu7ecu0THsxz7L8eARAJWoKeYULk&_nc_zt=23&_nc_ht=instagram.fvgo1-1.fna&_nc_gid=2YaBajca_LptN1d4Kr4FBA&_nc_ss=72a8c&oh=00_AQE-ERlIOED8YQlejQUmbVbTLQIDIxb2ocyP1vuHBDz6-A&oe=6A93284E,https://www.instagram.com/p/DcZubq6D10t/
Supermercado Tuiuiú,Mercearia / Farináceos,Farinha de Rosca kg,11.99,20/08/2026,https://scontent-syd2-1.cdninstagram.com/v/t39.30808-6/775523840_1712126794254472_8264970676281627936_n.jpg?stp=dst-jpg_e35_tt6&_nc_cat=102&ig_cache_key=Mzk2Nzg2MzQ3ODc3NDkzNTMxNQ%3D%3D.3-ccb7-5&ccb=7-5&_nc_sid=58cdad&efg=eyJ2ZW5jb2RlX3RhZyI6IkNBUk9VU0VMX0lURU0ueHBpZHMuMTI1NC5zZHIucmVndWxhcl9waG90by5DMyJ9&_nc_ohc=M-VlmltmfLAQ7kNvwGhS4vV&_nc_oc=AdoAElzhamFWUTPVpYrqvuOfi59BaPaP2DohKQvLQOfMNJt39flpu3CeTn4uhFmKFNRWj-CZVrKAqlgSOYWJqtsk&_nc_zt=23&_nc_ht=scontent-syd2-1.cdninstagram.com&_nc_gid=F3yY0pocLVFeiZGf_vXq8w&_nc_ss=72289&oh=00_AQFOsCTvbnCiAJLmoan7c-LumaaZmsxyNj7IxS2RuURuUA&oe=6A9323EC,https://www.instagram.com/p/DcQrtOmIPUZ/
Super Compras Supermercado,Mercearia / Grãos e Conservas,Milho Verde Quero 170g,3.99,21/08/2026,https://instagram.fgig29-1.fna.fbcdn.net/v/t51.82787-15/780140079_18192045034391764_7683991793781918786_n.jpg?stp=dst-jpg_e35_tt6&_nc_cat=103&ig_cache_key=Mzk2ODIxODA0ODc2ODI1MjE2NA%3D%3D.3-ccb7-5&ccb=7-5&_nc_sid=58cdad&efg=eyJ2ZW5jb2RlX3RhZyI6IkZFRUQueHBpZHMuMTQ0MC5zZHIucmVndWxhcl9waG90by5DMyJ9&_nc_ohc=Su6wo4o_AAEQ7kNvwEhIKwv&_nc_oc=Adop14jhGwGsK-bp6D3YEHQJ6HwDHtBtexHXhw6HYKAJYDmwZZmTrajCg4EMgL1O7-8&_nc_zt=23&_nc_ht=instagram.fgig29-1.fna&_nc_gid=Ta7xc8L_GEbjc0S-7rvaLA&_nc_ss=72289&oh=00_AQF3vMlvNFUTXZgHuAOtRk290jCsXzLDpnshBiUayp-88Q&oe=6A9356AE,https://www.instagram.com/p/DcR8Up0IBkE/
Machadão Atacadista,Mercearia / Grãos e Conservas,Feijão Preto Koblenz 1kg,5.99,24/08/2026,https://instagram.fvgo1-1.fna.fbcdn.net/v/t39.30808-6/780076458_1356271723259452_5989685085733377211_n.jpg?stp=dst-jpg_e35_tt6&_nc_cat=105&ig_cache_key=Mzk3MDQwODc0MjIxMDQ3NDY5OA%3D%3D.3-ccb7-5&ccb=7-5&_nc_sid=58cdad&efg=eyJ2ZW5jb2RlX3RhZyI6IkNBUk9VU0VMX0lURU0ueHBpZHMuMTYzOC5zZHIucmVndWxhcl9waG90by5DMyJ9&_nc_ohc=EI5S9KuUQlYQ7kNvwHTeyEC&_nc_oc=Ado76MWL50dyatx5e5JsLvemf2bX8tQ_EKDfqdbtu7ecu0THsxz7L8eARAJWoKeYULk&_nc_zt=23&_nc_ht=instagram.fvgo1-1.fna&_nc_gid=2YaBajca_LptN1d4Kr4FBA&_nc_ss=72a8c&oh=00_AQE-ERlIOED8YQlejQUmbVbTLQIDIxb2ocyP1vuHBDz6-A&oe=6A93284E,https://www.instagram.com/p/DcZubq6D10t/
Super Compras Supermercado,Mercearia / Grãos e Conservas,Feijão Carioca Dona Dê 1kg,6.99,20/08/2026,https://instagram.fbjx4-1.fna.fbcdn.net/v/t51.82787-15/775027665_18191945224391764_8081345465351211337_n.jpg?stp=dst-jpg_e35_tt6&_nc_cat=103&ig_cache_key=Mzk2NzQ4OTc2ODM5MzY0MjE0Ng%3D%3D.3-ccb7-5&ccb=7-5&_nc_sid=58cdad&efg=eyJ2ZW5jb2RlX3RhZyI6IkZFRUQueHBpZHMuMTQ0MC5zZHIucmVndWxhcl9waG90by5DMyJ9&_nc_ohc=m58yuTfxv2cQ7kNvwHNySAb&_nc_oc=Adq3kwRxXagI5EEIBF8RfLaecKcvkENGVYUj6cI81yDAOnQXk8mce3NZfDCk6C4fvK1Mk_mFv-GpGKLHI62s1q44&_nc_zt=23&_nc_ht=instagram.fbjx4-1.fna&_nc_gid=IrFucFPhsTDYfOVN_rsnew&_nc_ss=72289&oh=00_AQGQMgjbCCf1kRd4cbRZ-s1dwxD0xMoTxokBtP9kO_mKAw&oe=6A932750,https://www.instagram.com/p/DcPWux3GZCi/
Bom Jesus Primavera do Leste 🛒,Mercearia / Grãos e Conservas,Feijão Carioca Rei 1kg,6.99,21/08/2026,https://scontent-icn2-1.cdninstagram.com/v/t51.82787-15/779844446_18373759273237813_717042095228036520_n.jpg?stp=dst-jpg_e35_tt6&_nc_cat=101&ig_cache_key=Mzk2ODYwMzg2MjA2MzE4NjIyMQ%3D%3D.3-ccb7-5&ccb=7-5&_nc_sid=58cdad&efg=eyJ2ZW5jb2RlX3RhZyI6IkNBUk9VU0VMX0lURU0ueHBpZHMuMTA4MC5zZHIucmVndWxhcl9waG90by5DMyJ9&_nc_ohc=m8__0j7aHxEQ7kNvwHKRG_v&_nc_oc=AdqHVv_gNO3gdGsw5CmHS3rMjWdD8zLkLs5OZklvJHeD7Ntv9Lbw_rWNmhjjszd5fpM&_nc_zt=23&_nc_ht=scontent-icn2-1.cdninstagram.com&_nc_gid=mgYzv2qK_1weCrj6V3YCEQ&_nc_ss=7c689&oh=00_AQHM_Bw-Hwb2wJshLDBIXCYdSPckqlREnCJDyc5n0eCtkQ&oe=6A9357F0,https://www.instagram.com/p/DcTUD7jlm8n/
Machadão Atacadista,Mercearia / Grãos e Conservas,Palmito Inteiro Imperador 1.8kg,84.9,23/08/2026,https://scontent-ams2-1.cdninstagram.com/v/t39.30808-6/778972569_1356238123262812_5423956361795803380_n.jpg?stp=dst-jpg_e35_tt6&_nc_cat=106&ig_cache_key=Mzk3MDQwNjA2NTUzMDUzODgyNA%3D%3D.3-ccb7-5&ccb=7-5&_nc_sid=58cdad&efg=eyJ2ZW5jb2RlX3RhZyI6IkNBUk9VU0VMX0lURU0ueHBpZHMuMTQ0MC5zZHIucmVndWxhcl9waG90by5DMyJ9&_nc_ohc=fuwsMgP1G_oQ7kNvwETUbPu&_nc_oc=AdptkZCIr-pIpFs6tqtv1yGIDpDxpxwr3alkyjhjinJWUUPQUVrIonONim23wKfDdM0&_nc_zt=23&_nc_ht=scontent-ams2-1.cdninstagram.com&_nc_gid=Apty3V3QNLt-BStPKMQfeQ&_nc_ss=72a8c&oh=00_AQFs0fvfaCYeeRwNxKxhEWZKHM8NVKmXN8OOymE5NDcZvQ&oe=6A935480,https://www.instagram.com/p/DcZt02IgXYs/
Machadão Atacadista,Mercearia / Grãos e Conservas,Palmito Inteiro Imperador 1.8kg,84.9,23/08/2026,https://scontent-ams2-1.cdninstagram.com/v/t39.30808-6/779292108_1356238126596145_5610087643213965884_n.jpg?stp=dst-jpg_e35_tt6&_nc_cat=109&ig_cache_key=Mzk3MDQwNjA2MzY4NTA0NzI1Ng%3D%3D.3-ccb7-5&ccb=7-5&_nc_sid=58cdad&efg=eyJ2ZW5jb2RlX3RhZyI6IkNBUk9VU0VMX0lURU0ueHBpZHMuMTQ0MC5zZHIucmVndWxhcl9waG90by5DMyJ9&_nc_ohc=YHirvlqGkpEQ7kNvwFc7wcv&_nc_oc=AdqOTkrpFdLEOWnuPszaA_-1KEzuIU51ndnQCy5Gu6aqQhHHhUK82tZPN0Nn3sl1RLo&_nc_zt=23&_nc_ht=scontent-ams2-1.cdninstagram.com&_nc_gid=Apty3V3QNLt-BStPKMQfeQ&_nc_ss=72a8c&oh=00_AQFO5gdPyL9ZA8kt8qWrOPGHEwyXldA9xRPRQOaKZHvVOg&oe=6A9326BE,https://www.instagram.com/p/DcZt02IgXYs/
Super Compras Supermercado,Mercearia / Massas,Macarrão Espaguete Galo 500g,3.39,21/08/2026,https://instagram.fgig29-1.fna.fbcdn.net/v/t51.82787-15/780140079_18192045034391764_7683991793781918786_n.jpg?stp=dst-jpg_e35_tt6&_nc_cat=103&ig_cache_key=Mzk2ODIxODA0ODc2ODI1MjE2NA%3D%3D.3-ccb7-5&ccb=7-5&_nc_sid=58cdad&efg=eyJ2ZW5jb2RlX3RhZyI6IkZFRUQueHBpZHMuMTQ0MC5zZHIucmVndWxhcl9waG90by5DMyJ9&_nc_ohc=Su6wo4o_AAEQ7kNvwEhIKwv&_nc_oc=Adop14jhGwGsK-bp6D3YEHQJ6HwDHtBtexHXhw6HYKAJYDmwZZmTrajCg4EMgL1O7-8&_nc_zt=23&_nc_ht=instagram.fgig29-1.fna&_nc_gid=Ta7xc8L_GEbjc0S-7rvaLA&_nc_ss=72289&oh=00_AQF3vMlvNFUTXZgHuAOtRk290jCsXzLDpnshBiUayp-88Q&oe=6A9356AE,https://www.instagram.com/p/DcR8Up0IBkE/
Machadão Atacadista,Mercearia / Massas,Macarrão D'itália 2kg,23.9,23/08/2026,https://scontent-ams2-1.cdninstagram.com/v/t39.30808-6/778972569_1356238123262812_5423956361795803380_n.jpg?stp=dst-jpg_e35_tt6&_nc_cat=106&ig_cache_key=Mzk3MDQwNjA2NTUzMDUzODgyNA%3D%3D.3-ccb7-5&ccb=7-5&_nc_sid=58cdad&efg=eyJ2ZW5jb2RlX3RhZyI6IkNBUk9VU0VMX0lURU0ueHBpZHMuMTQ0MC5zZHIucmVndWxhcl9waG90by5DMyJ9&_nc_ohc=fuwsMgP1G_oQ7kNvwETUbPu&_nc_oc=AdptkZCIr-pIpFs6tqtv1yGIDpDxpxwr3alkyjhjinJWUUPQUVrIonONim23wKfDdM0&_nc_zt=23&_nc_ht=scontent-ams2-1.cdninstagram.com&_nc_gid=Apty3V3QNLt-BStPKMQfeQ&_nc_ss=72a8c&oh=00_AQFs0fvfaCYeeRwNxKxhEWZKHM8NVKmXN8OOymE5NDcZvQ&oe=6A935480,https://www.instagram.com/p/DcZt02IgXYs/
Machadão Atacadista,Mercearia / Massas,Macarrão D'itália 2kg,23.9,23/08/2026,https://scontent-ams2-1.cdninstagram.com/v/t39.30808-6/779292108_1356238126596145_5610087643213965884_n.jpg?stp=dst-jpg_e35_tt6&_nc_cat=109&ig_cache_key=Mzk3MDQwNjA2MzY4NTA0NzI1Ng%3D%3D.3-ccb7-5&ccb=7-5&_nc_sid=58cdad&efg=eyJ2ZW5jb2RlX3RhZyI6IkNBUk9VU0VMX0lURU0ueHBpZHMuMTQ0MC5zZHIucmVndWxhcl9waG90by5DMyJ9&_nc_ohc=YHirvlqGkpEQ7kNvwFc7wcv&_nc_oc=AdqOTkrpFdLEOWnuPszaA_-1KEzuIU51ndnQCy5Gu6aqQhHHhUK82tZPN0Nn3sl1RLo&_nc_zt=23&_nc_ht=scontent-ams2-1.cdninstagram.com&_nc_gid=Apty3V3QNLt-BStPKMQfeQ&_nc_ss=72a8c&oh=00_AQFO5gdPyL9ZA8kt8qWrOPGHEwyXldA9xRPRQOaKZHvVOg&oe=6A9326BE,https://www.instagram.com/p/DcZt02IgXYs/
Machadão Atacadista,Mercearia / Molhos e Condimentos,Extrato de Tomate Olé 260g,2.99,24/08/2026,https://instagram.fvgo1-1.fna.fbcdn.net/v/t39.30808-6/780076458_1356271723259452_5989685085733377211_n.jpg?stp=dst-jpg_e35_tt6&_nc_cat=105&ig_cache_key=Mzk3MDQwODc0MjIxMDQ3NDY5OA%3D%3D.3-ccb7-5&ccb=7-5&_nc_sid=58cdad&efg=eyJ2ZW5jb2RlX3RhZyI6IkNBUk9VU0VMX0lURU0ueHBpZHMuMTYzOC5zZHIucmVndWxhcl9waG90by5DMyJ9&_nc_ohc=EI5S9KuUQlYQ7kNvwHTeyEC&_nc_oc=Ado76MWL50dyatx5e5JsLvemf2bX8tQ_EKDfqdbtu7ecu0THsxz7L8eARAJWoKeYULk&_nc_zt=23&_nc_ht=instagram.fvgo1-1.fna&_nc_gid=2YaBajca_LptN1d4Kr4FBA&_nc_ss=72a8c&oh=00_AQE-ERlIOED8YQlejQUmbVbTLQIDIxb2ocyP1vuHBDz6-A&oe=6A93284E,https://www.instagram.com/p/DcZubq6D10t/
Machadão Atacadista,Mercearia / Molhos e Condimentos,Molho de Pimenta Dusul 900ml,6.49,23/08/2026,https://scontent-ams2-1.cdninstagram.com/v/t39.30808-6/778972569_1356238123262812_5423956361795803380_n.jpg?stp=dst-jpg_e35_tt6&_nc_cat=106&ig_cache_key=Mzk3MDQwNjA2NTUzMDUzODgyNA%3D%3D.3-ccb7-5&ccb=7-5&_nc_sid=58cdad&efg=eyJ2ZW5jb2RlX3RhZyI6IkNBUk9VU0VMX0lURU0ueHBpZHMuMTQ0MC5zZHIucmVndWxhcl9waG90by5DMyJ9&_nc_ohc=fuwsMgP1G_oQ7kNvwETUbPu&_nc_oc=AdptkZCIr-pIpFs6tqtv1yGIDpDxpxwr3alkyjhjinJWUUPQUVrIonONim23wKfDdM0&_nc_zt=23&_nc_ht=scontent-ams2-1.cdninstagram.com&_nc_gid=Apty3V3QNLt-BStPKMQfeQ&_nc_ss=72a8c&oh=00_AQFs0fvfaCYeeRwNxKxhEWZKHM8NVKmXN8OOymE5NDcZvQ&oe=6A935480,https://www.instagram.com/p/DcZt02IgXYs/
Machadão Atacadista,Mercearia / Molhos e Condimentos,Molho de Pimenta Dusul 900ml,6.49,23/08/2026,https://scontent-ams2-1.cdninstagram.com/v/t39.30808-6/779292108_1356238126596145_5610087643213965884_n.jpg?stp=dst-jpg_e35_tt6&_nc_cat=109&ig_cache_key=Mzk3MDQwNjA2MzY4NTA0NzI1Ng%3D%3D.3-ccb7-5&ccb=7-5&_nc_sid=58cdad&efg=eyJ2ZW5jb2RlX3RhZyI6IkNBUk9VU0VMX0lURU0ueHBpZHMuMTQ0MC5zZHIucmVndWxhcl9waG90by5DMyJ9&_nc_ohc=YHirvlqGkpEQ7kNvwFc7wcv&_nc_oc=AdqOTkrpFdLEOWnuPszaA_-1KEzuIU51ndnQCy5Gu6aqQhHHhUK82tZPN0Nn3sl1RLo&_nc_zt=23&_nc_ht=scontent-ams2-1.cdninstagram.com&_nc_gid=Apty3V3QNLt-BStPKMQfeQ&_nc_ss=72a8c&oh=00_AQFO5gdPyL9ZA8kt8qWrOPGHEwyXldA9xRPRQOaKZHvVOg&oe=6A9326BE,https://www.instagram.com/p/DcZt02IgXYs/
Machadão Atacadista,Mercearia / Molhos e Condimentos,Maionese D'ajuda 3kg,32.9,23/08/2026,https://scontent-ams2-1.cdninstagram.com/v/t39.30808-6/778972569_1356238123262812_5423956361795803380_n.jpg?stp=dst-jpg_e35_tt6&_nc_cat=106&ig_cache_key=Mzk3MDQwNjA2NTUzMDUzODgyNA%3D%3D.3-ccb7-5&ccb=7-5&_nc_sid=58cdad&efg=eyJ2ZW5jb2RlX3RhZyI6IkNBUk9VU0VMX0lURU0ueHBpZHMuMTQ0MC5zZHIucmVndWxhcl9waG90by5DMyJ9&_nc_ohc=fuwsMgP1G_oQ7kNvwETUbPu&_nc_oc=AdptkZCIr-pIpFs6tqtv1yGIDpDxpxwr3alkyjhjinJWUUPQUVrIonONim23wKfDdM0&_nc_zt=23&_nc_ht=scontent-ams2-1.cdninstagram.com&_nc_gid=Apty3V3QNLt-BStPKMQfeQ&_nc_ss=72a8c&oh=00_AQFs0fvfaCYeeRwNxKxhEWZKHM8NVKmXN8OOymE5NDcZvQ&oe=6A935480,https://www.instagram.com/p/DcZt02IgXYs/
Machadão Atacadista,Mercearia / Molhos e Condimentos,Maionese D'ajuda 3kg,32.9,23/08/2026,https://scontent-ams2-1.cdninstagram.com/v/t39.30808-6/779292108_1356238126596145_5610087643213965884_n.jpg?stp=dst-jpg_e35_tt6&_nc_cat=109&ig_cache_key=Mzk3MDQwNjA2MzY4NTA0NzI1Ng%3D%3D.3-ccb7-5&ccb=7-5&_nc_sid=58cdad&efg=eyJ2ZW5jb2RlX3RhZyI6IkNBUk9VU0VMX0lURU0ueHBpZHMuMTQ0MC5zZHIucmVndWxhcl9waG90by5DMyJ9&_nc_ohc=YHirvlqGkpEQ7kNvwFc7wcv&_nc_oc=AdqOTkrpFdLEOWnuPszaA_-1KEzuIU51ndnQCy5Gu6aqQhHHhUK82tZPN0Nn3sl1RLo&_nc_zt=23&_nc_ht=scontent-ams2-1.cdninstagram.com&_nc_gid=Apty3V3QNLt-BStPKMQfeQ&_nc_ss=72a8c&oh=00_AQFO5gdPyL9ZA8kt8qWrOPGHEwyXldA9xRPRQOaKZHvVOg&oe=6A9326BE,https://www.instagram.com/p/DcZt02IgXYs/
Bom Jesus Primavera do Leste 🛒,Mercearia / Óleos e Azeites,Batata Monalisa kg,3.99,24/08/2026,https://scontent-lhr11-1.cdninstagram.com/v/t51.82787-15/780551083_18374239432237813_6720893505103105991_n.jpg?stp=dst-jpg_e35_tt6&_nc_cat=106&ig_cache_key=Mzk3MDc4NzgzMjYxOTg0ODE2Mw%3D%3D.3-ccb7-5&ccb=7-5&_nc_sid=58cdad&efg=eyJ2ZW5jb2RlX3RhZyI6IkNBUk9VU0VMX0lURU0ueHBpZHMuMTA4MC5zZHIucmVndWxhcl9waG90by5DMyJ9&_nc_ohc=V1Qe31mAUbwQ7kNvwFQcKsS&_nc_oc=Adp1f-3mcMpfQq0ty-Zusjsn9IA77pmeq831dQuPf4z9UVfINcNxu7ONKWf-LiHNLHc&_nc_zt=23&_nc_ht=scontent-lhr11-1.cdninstagram.com&_nc_gid=NEfc7J6EX-HyPa_-hVhMfg&_nc_ss=72a8c&oh=00_AQE53ozZS8nz_avMCFIEbfRR58rwjhdHh7L7HOXWM6-wyw&oe=6A935584,https://www.instagram.com/p/DcbEo2aliuR/
Supermercado Bianchi,Mercearia / Óleos e Azeites,Azeite de Oliva Extra Virgem Borges 500ml,27.99,20/08/2026,https://instagram.fsyd15-1.fna.fbcdn.net/v/t39.30808-6/783127669_1656952699768461_9196129294490006795_n.jpg?stp=dst-jpg_e35_tt6&_nc_cat=105&ig_cache_key=Mzk2ODIxOTE0MTI4MjUzMzIxNg%3D%3D.3-ccb7-5&ccb=7-5&_nc_sid=58cdad&efg=eyJ2ZW5jb2RlX3RhZyI6IkNBUk9VU0VMX0lURU0ueHBpZHMuMTA4MC5zZHIucmVndWxhcl9waG90by5DMyJ9&_nc_ohc=mrxCcB2Uh1kQ7kNvwGW0teV&_nc_oc=AdrPVrnRTc9aG4Hnq8P-aBn9pQB0dvFVbH7ROyNz0I8dcLIyJ5zTYcefyDprXcnFKFc&_nc_zt=23&_nc_ht=instagram.fsyd15-1.fna&_nc_gid=LoiYda-taTEeT-oXCQhvgg&_nc_ss=72689&oh=00_AQHMOiAtgbcJmOa0I1cJbr86VEeaZ9_0F-Pyp-ooVOyasQ&oe=6A9333BF,https://www.instagram.com/p/DcR8kwqjUQX/
Machadão Atacadista,Mercearia / Óleos e Azeites,Azeite de Oliva Extra Virgem Condesa Antunes 500ml,36.9,24/08/2026,https://instagram.fvgo1-1.fna.fbcdn.net/v/t39.30808-6/780076458_1356271723259452_5989685085733377211_n.jpg?stp=dst-jpg_e35_tt6&_nc_cat=105&ig_cache_key=Mzk3MDQwODc0MjIxMDQ3NDY5OA%3D%3D.3-ccb7-5&ccb=7-5&_nc_sid=58cdad&efg=eyJ2ZW5jb2RlX3RhZyI6IkNBUk9VU0VMX0lURU0ueHBpZHMuMTYzOC5zZHIucmVndWxhcl9waG90by5DMyJ9&_nc_ohc=EI5S9KuUQlYQ7kNvwHTeyEC&_nc_oc=Ado76MWL50dyatx5e5JsLvemf2bX8tQ_EKDfqdbtu7ecu0THsxz7L8eARAJWoKeYULk&_nc_zt=23&_nc_ht=instagram.fvgo1-1.fna&_nc_gid=2YaBajca_LptN1d4Kr4FBA&_nc_ss=72a8c&oh=00_AQE-ERlIOED8YQlejQUmbVbTLQIDIxb2ocyP1vuHBDz6-A&oe=6A93284E,https://www.instagram.com/p/DcZubq6D10t/
Mercado Talismã,Outros,Abóbora Cabotiá kg,2.49,24/08/2026,https://instagram.fyxd4-1.fna.fbcdn.net/v/t51.82787-15/785748666_18093283496531849_4493238562004923215_n.jpg?stp=dst-jpg_e35_tt6&_nc_cat=103&ig_cache_key=Mzk3MDc3NzUxNDQyMjczODE2MQ%3D%3D.3-ccb7-5&ccb=7-5&_nc_sid=58cdad&efg=eyJ2ZW5jb2RlX3RhZyI6IkNBUk9VU0VMX0lURU0ueHBpZHMuMTI1NC5zZHIucmVndWxhcl9waG90by5DMyJ9&_nc_ohc=uv8eqfbw-RUQ7kNvwHiXxEI&_nc_oc=AdqCTM7wNOiETisvEqcMreAFEyJNNFrL8SA3MyQf5I-ZNlpE9Fuv1pCkWweYyxdP-uH-Gr0ccCSCUGxtFMw4RnQm&_nc_zt=23&_nc_ht=instagram.fyxd4-1.fna&_nc_gid=T-z5bvwFELXK1EgWMBPJ0Q&_nc_ss=72689&oh=00_AQE6YmBaigEp2IXWAByuIPE8GVKnm2uxF_15HebRZFXJUA&oe=6A9349E7,https://www.instagram.com/p/DcbCSf6Efnj/
Super Compras Supermercado,Outros,Abóbora Cabotia kg,2.99,24/08/2026,https://instagram.fktw4-1.fna.fbcdn.net/v/t51.82787-15/778986014_18192356080391764_2727967813090525154_n.jpg?stp=dst-jpg_e35_tt6&_nc_cat=111&ig_cache_key=Mzk3MDM4ODQ5NTE4MTQxNTkzNQ%3D%3D.3-ccb7-5&ccb=7-5&_nc_sid=58cdad&efg=eyJ2ZW5jb2RlX3RhZyI6IkZFRUQueHBpZHMuMTQ0MC5zZHIucmVndWxhcl9waG90by5DMyJ9&_nc_ohc=79VNBzqSEmAQ7kNvwEyiXNo&_nc_oc=AdpBPShaY23u1cyYt0R-BD6dryi5Y1pHCK_AR83onVR45gUOVXfYrtHEBmVu3PCpkXAZKBf_Ebw3A52qhgfwHl49&_nc_zt=23&_nc_ht=instagram.fktw4-1.fna&_nc_gid=-GYRc4icJzdUzmro4oQofQ&_nc_ss=72689&oh=00_AQFdYHe6EOnUX56FeRzJyZ4s7hR1pXxkKnxFl8MhXUGneA&oe=6A933590,https://www.instagram.com/p/DcZp0zjlgX_/
Super Compras Supermercado,Outros,Esfirra Aberta,2.99,20/08/2026,https://instagram.fbjx4-1.fna.fbcdn.net/v/t51.82787-15/775027665_18191945224391764_8081345465351211337_n.jpg?stp=dst-jpg_e35_tt6&_nc_cat=103&ig_cache_key=Mzk2NzQ4OTc2ODM5MzY0MjE0Ng%3D%3D.3-ccb7-5&ccb=7-5&_nc_sid=58cdad&efg=eyJ2ZW5jb2RlX3RhZyI6IkZFRUQueHBpZHMuMTQ0MC5zZHIucmVndWxhcl9waG90by5DMyJ9&_nc_ohc=m58yuTfxv2cQ7kNvwHNySAb&_nc_oc=Adq3kwRxXagI5EEIBF8RfLaecKcvkENGVYUj6cI81yDAOnQXk8mce3NZfDCk6C4fvK1Mk_mFv-GpGKLHI62s1q44&_nc_zt=23&_nc_ht=instagram.fbjx4-1.fna&_nc_gid=IrFucFPhsTDYfOVN_rsnew&_nc_ss=72289&oh=00_AQGQMgjbCCf1kRd4cbRZ-s1dwxD0xMoTxokBtP9kO_mKAw&oe=6A932750,https://www.instagram.com/p/DcPWux3GZCi/
Bom Jesus Primavera do Leste 🛒,Outros,Água Mineral Ouro Fino 500ml,2.99,22/08/2026,https://instagram.fedi1-1.fna.fbcdn.net/v/t51.82787-15/781162059_18373952632237813_4532706053079983862_n.jpg?stp=dst-jpg_e15_tt6&_nc_cat=101&ig_cache_key=Mzk2OTQ0MzcyNDUxNzY0ODEyMTE4MzczOTUyNjI5MjM3ODEz.3-ccb7-5&ccb=7-5&_nc_sid=58cdad&efg=eyJ2ZW5jb2RlX3RhZyI6IkNMSVBTLnhwaWRzLjcyMC5zZHIudmlkZW9fZGVmYXVsdF9jb3Zlcl9mcmFtZS5DMyJ9&_nc_ohc=xshLq_1UYukQ7kNvwFw_VrI&_nc_oc=Adp2kbkRO7AM5wsjfAL2UJVqDsMfTYG6XYaJckrBiBITff7iRR6qv6K16zJsd9mnYpD1OSksNxWa-yfoyDdimksl&_nc_zt=23&_nc_ht=instagram.fedi1-1.fna&_nc_gid=8W3jN1T432Hf5Te-dElYiw&_nc_ss=72a8c&oh=00_AQF5tLPTWQmjPA87uoiLLWrPTwAI-6pmwn24SQZk3dMPWQ&oe=6A9353BB,https://www.instagram.com/p/DcWTAlTxyb5/
Bom Jesus Primavera do Leste 🛒,Outros,Água Mineral Brusque 500ml,2.99,22/08/2026,https://instagram.fedi1-1.fna.fbcdn.net/v/t51.82787-15/781162059_18373952632237813_4532706053079983862_n.jpg?stp=dst-jpg_e15_tt6&_nc_cat=101&ig_cache_key=Mzk2OTQ0MzcyNDUxNzY0ODEyMTE4MzczOTUyNjI5MjM3ODEz.3-ccb7-5&ccb=7-5&_nc_sid=58cdad&efg=eyJ2ZW5jb2RlX3RhZyI6IkNMSVBTLnhwaWRzLjcyMC5zZHIudmlkZW9fZGVmYXVsdF9jb3Zlcl9mcmFtZS5DMyJ9&_nc_ohc=xshLq_1UYukQ7kNvwFw_VrI&_nc_oc=Adp2kbkRO7AM5wsjfAL2UJVqDsMfTYG6XYaJckrBiBITff7iRR6qv6K16zJsd9mnYpD1OSksNxWa-yfoyDdimksl&_nc_zt=23&_nc_ht=instagram.fedi1-1.fna&_nc_gid=8W3jN1T432Hf5Te-dElYiw&_nc_ss=72a8c&oh=00_AQF5tLPTWQmjPA87uoiLLWrPTwAI-6pmwn24SQZk3dMPWQ&oe=6A9353BB,https://www.instagram.com/p/DcWTAlTxyb5/
Supermercado São Pedro,Outros,Batatinha kg,3.69,23/08/2026,https://scontent-lhr11-1.cdninstagram.com/v/t39.30808-6/781977378_1500799415426508_4866536164507670119_n.jpg?stp=dst-jpg_e35_tt6&_nc_cat=110&ig_cache_key=Mzk3MDM5MzQ4NDg1OTE4MjA5Mw%3D%3D.3-ccb7-5&ccb=7-5&_nc_sid=58cdad&efg=eyJ2ZW5jb2RlX3RhZyI6IkZFRUQueHBpZHMuMTYzOS5zZHIucmVndWxhcl9waG90by5DMyJ9&_nc_ohc=UUhpBq5mo5UQ7kNvwFCGQ0u&_nc_oc=AdoXYiUYH0r1BLQselSLE8j-F04rvFfta3742aevtAxZgQWcTKAft3z_7a1VJLeJMI4&_nc_zt=23&_nc_ht=scontent-lhr11-1.cdninstagram.com&_nc_gid=RC0WT2-YHwf0j4Swz3ILcQ&_nc_ss=7c289&oh=00_AQH_plQUGKWat7vhz0gEYgPHwXODlm8y8f62piPiEvgiWg&oe=6A934CCE,https://www.instagram.com/p/DcZq9ajjowN/
Machadão Atacadista,Outros,Abóbora Cabotia kg,3.69,25/08/2026,https://scontent-yyz1-1.cdninstagram.com/v/t39.30808-6/783502457_1358140693072555_8680596946681981726_n.jpg?stp=dst-jpg_e35_tt6&_nc_cat=100&ig_cache_key=Mzk3MTEzMzM1OTY4MTc2NTMwNg%3D%3D.3-ccb7-5&ccb=7-5&_nc_sid=58cdad&efg=eyJ2ZW5jb2RlX3RhZyI6IkZFRUQueHBpZHMuMTYzOC5zZHIucmVndWxhcl9waG90by5DMyJ9&_nc_ohc=wwJotf6FAMIQ7kNvwElsWLP&_nc_oc=Adp9vONf5je9V1gauaUlywOmzp8f48dzi_I5vXebnv-G0Plfl_vbSR-QTMdv6G19aAU&_nc_zt=23&_nc_ht=scontent-yyz1-1.cdninstagram.com&_nc_gid=S_Ll4J3ZOcYyRMaRJhdBNQ&_nc_ss=72a8c&oh=00_AQFVxgw72cJ_rrX3VHdbxlhFdgai8JhFlbzCCfzZ7qOrtg&oe=6A9331FA,https://www.instagram.com/p/DccTMAriP-6/
Supermercado São Pedro,Outros,Beterraba kg,3.99,23/08/2026,https://scontent-lhr11-1.cdninstagram.com/v/t39.30808-6/781977378_1500799415426508_4866536164507670119_n.jpg?stp=dst-jpg_e35_tt6&_nc_cat=110&ig_cache_key=Mzk3MDM5MzQ4NDg1OTE4MjA5Mw%3D%3D.3-ccb7-5&ccb=7-5&_nc_sid=58cdad&efg=eyJ2ZW5jb2RlX3RhZyI6IkZFRUQueHBpZHMuMTYzOS5zZHIucmVndWxhcl9waG90by5DMyJ9&_nc_ohc=UUhpBq5mo5UQ7kNvwFCGQ0u&_nc_oc=AdoXYiUYH0r1BLQselSLE8j-F04rvFfta3742aevtAxZgQWcTKAft3z_7a1VJLeJMI4&_nc_zt=23&_nc_ht=scontent-lhr11-1.cdninstagram.com&_nc_gid=RC0WT2-YHwf0j4Swz3ILcQ&_nc_ss=7c289&oh=00_AQH_plQUGKWat7vhz0gEYgPHwXODlm8y8f62piPiEvgiWg&oe=6A934CCE,https://www.instagram.com/p/DcZq9ajjowN/
Bom Jesus Primavera do Leste 🛒,Outros,Abóbora Kabotiã kg,3.99,24/08/2026,https://scontent-lhr11-1.cdninstagram.com/v/t51.82787-15/784817810_18374239453237813_2825750323987932425_n.jpg?stp=dst-jpg_e35_tt6&_nc_cat=111&ig_cache_key=Mzk3MDc4NzgzNDU3MDQ3NjY3NQ%3D%3D.3-ccb7-5&ccb=7-5&_nc_sid=58cdad&efg=eyJ2ZW5jb2RlX3RhZyI6IkNBUk9VU0VMX0lURU0ueHBpZHMuMTA4MC5zZHIucmVndWxhcl9waG90by5DMyJ9&_nc_ohc=8m-UNspcFUYQ7kNvwHXeooJ&_nc_oc=Adqos0Rgzx6KltmM-pMTmE6BlyBg736QCFCa52Fcin3PzISQjQ-Ui3nhy98vdg5jP0s&_nc_zt=23&_nc_ht=scontent-lhr11-1.cdninstagram.com&_nc_gid=NEfc7J6EX-HyPa_-hVhMfg&_nc_ss=72a8c&oh=00_AQGz61e71G7DFLHXJu6X_OWLX3IMezp3JulWU1TF0zFXnQ&oe=6A934509,https://www.instagram.com/p/DcbEo2aliuR/
Machadão Atacadista,Outros,Fósforo Paraná 3x100,3.99,23/08/2026,https://scontent-ams2-1.cdninstagram.com/v/t39.30808-6/778958180_1356238129929478_2325913015574542258_n.jpg?stp=dst-jpg_e35_tt6&_nc_cat=102&ig_cache_key=Mzk3MDQwNjA2NTc0MDI2MDU2NA%3D%3D.3-ccb7-5&ccb=7-5&_nc_sid=58cdad&efg=eyJ2ZW5jb2RlX3RhZyI6IkNBUk9VU0VMX0lURU0ueHBpZHMuMTQ0MC5zZHIucmVndWxhcl9waG90by5DMyJ9&_nc_ohc=hBCZnXY1qCMQ7kNvwHL9VCC&_nc_oc=AdocL0KQ0VGSo2iKnroW8_qxt9uwyHILBbGWdHcP70OcG5i1UEeVQKocB0T-VxGc78k&_nc_zt=23&_nc_ht=scontent-ams2-1.cdninstagram.com&_nc_gid=Apty3V3QNLt-BStPKMQfeQ&_nc_ss=72a8c&oh=00_AQHlfE_YXkkSwjb5urycrl-kwe6CuWlAIofJZklMTFsGRQ&oe=6A933F4A,https://www.instagram.com/p/DcZt02IgXYs/
Machadão Atacadista,Outros,Fósforo Paraná Longo Família 3x100un,3.99,23/08/2026,https://scontent-ams2-1.cdninstagram.com/v/t39.30808-6/780104401_1356238156596142_1480217435166211985_n.jpg?stp=dst-jpg_e35_tt6&_nc_cat=105&ig_cache_key=Mzk3MDQwNjA2NDA5NjEwMTQ1NQ%3D%3D.3-ccb7-5&ccb=7-5&_nc_sid=58cdad&efg=eyJ2ZW5jb2RlX3RhZyI6IkNBUk9VU0VMX0lURU0ueHBpZHMuMTQ0MC5zZHIucmVndWxhcl9waG90by5DMyJ9&_nc_ohc=lTNObl1cFPcQ7kNvwGDumda&_nc_oc=Ado0Pe3hxU04Vo50Xwn-SqT2I1wl4JLN9Jjbt2J0rXmXn8eG8fTpTj3Dm6-HqrSQ3gM&_nc_zt=23&_nc_ht=scontent-ams2-1.cdninstagram.com&_nc_gid=Apty3V3QNLt-BStPKMQfeQ&_nc_ss=72a8c&oh=00_AQEvt8i4zzPkYD0QkXeciOypu02JUHhqKfPT0aYMmKqEQQ&oe=6A934FD4,https://www.instagram.com/p/DcZt02IgXYs/
Supermercado São Pedro,Outros,Repolho Verde kg,4.39,23/08/2026,https://scontent-lhr11-1.cdninstagram.com/v/t39.30808-6/781977378_1500799415426508_4866536164507670119_n.jpg?stp=dst-jpg_e35_tt6&_nc_cat=110&ig_cache_key=Mzk3MDM5MzQ4NDg1OTE4MjA5Mw%3D%3D.3-ccb7-5&ccb=7-5&_nc_sid=58cdad&efg=eyJ2ZW5jb2RlX3RhZyI6IkZFRUQueHBpZHMuMTYzOS5zZHIucmVndWxhcl9waG90by5DMyJ9&_nc_ohc=UUhpBq5mo5UQ7kNvwFCGQ0u&_nc_oc=AdoXYiUYH0r1BLQselSLE8j-F04rvFfta3742aevtAxZgQWcTKAft3z_7a1VJLeJMI4&_nc_zt=23&_nc_ht=scontent-lhr11-1.cdninstagram.com&_nc_gid=RC0WT2-YHwf0j4Swz3ILcQ&_nc_ss=7c289&oh=00_AQH_plQUGKWat7vhz0gEYgPHwXODlm8y8f62piPiEvgiWg&oe=6A934CCE,https://www.instagram.com/p/DcZq9ajjowN/
Supermercado Tuiuiú,Outros,Mandioca kg,4.49,24/08/2026,https://scontent-icn2-1.cdninstagram.com/v/t51.82787-15/784426343_18580975111067900_205538007721909221_n.jpg?stp=dst-jpg_e35_tt6&_nc_cat=106&ig_cache_key=Mzk3MDc5NjI2NjQwNTU1MjkxMg%3D%3D.3-ccb7-5&ccb=7-5&_nc_sid=58cdad&efg=eyJ2ZW5jb2RlX3RhZyI6IkNBUk9VU0VMX0lURU0ueHBpZHMuMTA4MC5zZHIucmVndWxhcl9waG90by5DMyJ9&_nc_ohc=oWX99iJ5blYQ7kNvwGaKrOe&_nc_oc=AdoG2RIVlGR8vGuSx8x3fceAdJKQ5n0An5mGHUgS5nNHII3Oi4Mkw19Snk205nwwQYs&_nc_zt=23&_nc_ht=scontent-icn2-1.cdninstagram.com&_nc_gid=GKWI6IT2Qrj9_lnOoEGBcQ&_nc_ss=72289&oh=00_AQE-DacA5fGwIcsf6ET4uIDKGcgQek8eRiQGMZ4guO2rGQ&oe=6A932DBA,https://www.instagram.com/p/DcbGjHNlQSs/
Machadão Atacadista,Outros,Toalha de Papel Maxim 120 Toalhas,4.49,24/08/2026,https://instagram.fvgo1-1.fna.fbcdn.net/v/t39.30808-6/778957943_1356271786592779_7752166386009606157_n.jpg?stp=dst-jpg_e35_tt6&_nc_cat=104&ig_cache_key=Mzk3MDQwODc0MjgwNjA4NjE5OQ%3D%3D.3-ccb7-5&ccb=7-5&_nc_sid=58cdad&efg=eyJ2ZW5jb2RlX3RhZyI6IkNBUk9VU0VMX0lURU0ueHBpZHMuMTYzOC5zZHIucmVndWxhcl9waG90by5DMyJ9&_nc_ohc=RcYahv8xyOAQ7kNvwFclr7o&_nc_oc=AdpggEwR8aR2JOb_Uf6RYkFmtoApniV71TGIpgpULCqrlomRmUnPZ-PWowY0FcNLrWU&_nc_zt=23&_nc_ht=instagram.fvgo1-1.fna&_nc_gid=2YaBajca_LptN1d4Kr4FBA&_nc_ss=72a8c&oh=00_AQFLQLxB2axgBT5EfrnbfJxzqgj0Mm3bztNyCRQzYIRyLg&oe=6A93426E,https://www.instagram.com/p/DcZubq6D10t/
Machadão Atacadista,Outros,Tâmara Natural Sky Light 200g,4.98,25/08/2026,https://scontent-yyz1-1.cdninstagram.com/v/t39.30808-6/783502457_1358140693072555_8680596946681981726_n.jpg?stp=dst-jpg_e35_tt6&_nc_cat=100&ig_cache_key=Mzk3MTEzMzM1OTY4MTc2NTMwNg%3D%3D.3-ccb7-5&ccb=7-5&_nc_sid=58cdad&efg=eyJ2ZW5jb2RlX3RhZyI6IkZFRUQueHBpZHMuMTYzOC5zZHIucmVndWxhcl9waG90by5DMyJ9&_nc_ohc=wwJotf6FAMIQ7kNvwElsWLP&_nc_oc=Adp9vONf5je9V1gauaUlywOmzp8f48dzi_I5vXebnv-G0Plfl_vbSR-QTMdv6G19aAU&_nc_zt=23&_nc_ht=scontent-yyz1-1.cdninstagram.com&_nc_gid=S_Ll4J3ZOcYyRMaRJhdBNQ&_nc_ss=72a8c&oh=00_AQFVxgw72cJ_rrX3VHdbxlhFdgai8JhFlbzCCfzZ7qOrtg&oe=6A9331FA,https://www.instagram.com/p/DccTMAriP-6/
Super Compras Supermercado,Outros,Ponkan kg,4.99,24/08/2026,https://instagram.fktw4-1.fna.fbcdn.net/v/t51.82787-15/778986014_18192356080391764_2727967813090525154_n.jpg?stp=dst-jpg_e35_tt6&_nc_cat=111&ig_cache_key=Mzk3MDM4ODQ5NTE4MTQxNTkzNQ%3D%3D.3-ccb7-5&ccb=7-5&_nc_sid=58cdad&efg=eyJ2ZW5jb2RlX3RhZyI6IkZFRUQueHBpZHMuMTQ0MC5zZHIucmVndWxhcl9waG90by5DMyJ9&_nc_ohc=79VNBzqSEmAQ7kNvwEyiXNo&_nc_oc=AdpBPShaY23u1cyYt0R-BD6dryi5Y1pHCK_AR83onVR45gUOVXfYrtHEBmVu3PCpkXAZKBf_Ebw3A52qhgfwHl49&_nc_zt=23&_nc_ht=instagram.fktw4-1.fna&_nc_gid=-GYRc4icJzdUzmro4oQofQ&_nc_ss=72689&oh=00_AQFdYHe6EOnUX56FeRzJyZ4s7hR1pXxkKnxFl8MhXUGneA&oe=6A933590,https://www.instagram.com/p/DcZp0zjlgX_/
Machadão Atacadista,Outros,Pepino Japonês kg,4.99,25/08/2026,https://scontent-yyz1-1.cdninstagram.com/v/t39.30808-6/783502457_1358140693072555_8680596946681981726_n.jpg?stp=dst-jpg_e35_tt6&_nc_cat=100&ig_cache_key=Mzk3MTEzMzM1OTY4MTc2NTMwNg%3D%3D.3-ccb7-5&ccb=7-5&_nc_sid=58cdad&efg=eyJ2ZW5jb2RlX3RhZyI6IkZFRUQueHBpZHMuMTYzOC5zZHIucmVndWxhcl9waG90by5DMyJ9&_nc_ohc=wwJotf6FAMIQ7kNvwElsWLP&_nc_oc=Adp9vONf5je9V1gauaUlywOmzp8f48dzi_I5vXebnv-G0Plfl_vbSR-QTMdv6G19aAU&_nc_zt=23&_nc_ht=scontent-yyz1-1.cdninstagram.com&_nc_gid=S_Ll4J3ZOcYyRMaRJhdBNQ&_nc_ss=72a8c&oh=00_AQFVxgw72cJ_rrX3VHdbxlhFdgai8JhFlbzCCfzZ7qOrtg&oe=6A9331FA,https://www.instagram.com/p/DccTMAriP-6/
Mercado Talismã,Outros,Mandioca kg,4.99,24/08/2026,https://instagram.fyxd4-1.fna.fbcdn.net/v/t51.82787-15/784981092_18093283481531849_7946010799392771074_n.jpg?stp=dst-jpg_e35_tt6&_nc_cat=111&ig_cache_key=Mzk3MDc3NzUwOTU4MjQyNTYwNQ%3D%3D.3-ccb7-5&ccb=7-5&_nc_sid=58cdad&efg=eyJ2ZW5jb2RlX3RhZyI6IkNBUk9VU0VMX0lURU0ueHBpZHMuMTI1NC5zZHIucmVndWxhcl9waG90by5DMyJ9&_nc_ohc=3GifiJ5m9Q8Q7kNvwGdcI0d&_nc_oc=Ado-8GII9nZU0n1RsGHYKzN22xNW-9BUjx87lXC5KHGjagKsiT2RC2xfM3VroakZnZcGT43fwRh10JZuVJyznS-r&_nc_zt=23&_nc_ht=instagram.fyxd4-1.fna&_nc_gid=T-z5bvwFELXK1EgWMBPJ0Q&_nc_ss=72689&oh=00_AQGV18slPy2jqDc1WZ6dL2inSOKi4o17IKhkU95RDA9Otg&oe=6A93588A,https://www.instagram.com/p/DcbCSf6Efnj/
Supermercado Tuiuiú,Outros,Língua Bovina kg,5.49,24/08/2026,https://scontent-icn2-1.cdninstagram.com/v/t51.82787-15/784394222_18580975084067900_4872012785985614414_n.jpg?stp=dst-jpg_e35_tt6&_nc_cat=108&ig_cache_key=Mzk3MDc5NjIzNjQ5OTkyMTAzOA%3D%3D.3-ccb7-5&ccb=7-5&_nc_sid=58cdad&efg=eyJ2ZW5jb2RlX3RhZyI6IkNBUk9VU0VMX0lURU0ueHBpZHMuMTA4MC5zZHIucmVndWxhcl9waG90by5DMyJ9&_nc_ohc=g6fH4a3YGPAQ7kNvwH5lBne&_nc_oc=AdpQ_M7xoFPRo-VkbWhv8jHV2DqjmJ4cE_hJoAob2kVOydoxEGjjqfuUNxYTls8ippA&_nc_zt=23&_nc_ht=scontent-icn2-1.cdninstagram.com&_nc_gid=GKWI6IT2Qrj9_lnOoEGBcQ&_nc_ss=72289&oh=00_AQERMa9p5EWIArPY5mA2x9EEji-OFmT-rcI30j8yhqWQTw&oe=6A9331C3,https://www.instagram.com/p/DcbGjHNlQSs/
Bom Jesus Primavera do Leste 🛒,Outros,Repolho Verde kg,5.99,24/08/2026,https://scontent-lhr11-1.cdninstagram.com/v/t51.82787-15/784817810_18374239453237813_2825750323987932425_n.jpg?stp=dst-jpg_e35_tt6&_nc_cat=111&ig_cache_key=Mzk3MDc4NzgzNDU3MDQ3NjY3NQ%3D%3D.3-ccb7-5&ccb=7-5&_nc_sid=58cdad&efg=eyJ2ZW5jb2RlX3RhZyI6IkNBUk9VU0VMX0lURU0ueHBpZHMuMTA4MC5zZHIucmVndWxhcl9waG90by5DMyJ9&_nc_ohc=8m-UNspcFUYQ7kNvwHXeooJ&_nc_oc=Adqos0Rgzx6KltmM-pMTmE6BlyBg736QCFCa52Fcin3PzISQjQ-Ui3nhy98vdg5jP0s&_nc_zt=23&_nc_ht=scontent-lhr11-1.cdninstagram.com&_nc_gid=NEfc7J6EX-HyPa_-hVhMfg&_nc_ss=72a8c&oh=00_AQGz61e71G7DFLHXJu6X_OWLX3IMezp3JulWU1TF0zFXnQ&oe=6A934509,https://www.instagram.com/p/DcbEo2aliuR/
Machadão Atacadista,Outros,Repolho Verde kg,5.99,25/08/2026,https://scontent-yyz1-1.cdninstagram.com/v/t39.30808-6/783502457_1358140693072555_8680596946681981726_n.jpg?stp=dst-jpg_e35_tt6&_nc_cat=100&ig_cache_key=Mzk3MTEzMzM1OTY4MTc2NTMwNg%3D%3D.3-ccb7-5&ccb=7-5&_nc_sid=58cdad&efg=eyJ2ZW5jb2RlX3RhZyI6IkZFRUQueHBpZHMuMTYzOC5zZHIucmVndWxhcl9waG90by5DMyJ9&_nc_ohc=wwJotf6FAMIQ7kNvwElsWLP&_nc_oc=Adp9vONf5je9V1gauaUlywOmzp8f48dzi_I5vXebnv-G0Plfl_vbSR-QTMdv6G19aAU&_nc_zt=23&_nc_ht=scontent-yyz1-1.cdninstagram.com&_nc_gid=S_Ll4J3ZOcYyRMaRJhdBNQ&_nc_ss=72a8c&oh=00_AQFVxgw72cJ_rrX3VHdbxlhFdgai8JhFlbzCCfzZ7qOrtg&oe=6A9331FA,https://www.instagram.com/p/DccTMAriP-6/
Super Compras Supermercado,Outros,Mexerica kg,6.99,24/08/2026,https://instagram.fktw4-1.fna.fbcdn.net/v/t51.82787-15/778986014_18192356080391764_2727967813090525154_n.jpg?stp=dst-jpg_e35_tt6&_nc_cat=111&ig_cache_key=Mzk3MDM4ODQ5NTE4MTQxNTkzNQ%3D%3D.3-ccb7-5&ccb=7-5&_nc_sid=58cdad&efg=eyJ2ZW5jb2RlX3RhZyI6IkZFRUQueHBpZHMuMTQ0MC5zZHIucmVndWxhcl9waG90by5DMyJ9&_nc_ohc=79VNBzqSEmAQ7kNvwEyiXNo&_nc_oc=AdpBPShaY23u1cyYt0R-BD6dryi5Y1pHCK_AR83onVR45gUOVXfYrtHEBmVu3PCpkXAZKBf_Ebw3A52qhgfwHl49&_nc_zt=23&_nc_ht=instagram.fktw4-1.fna&_nc_gid=-GYRc4icJzdUzmro4oQofQ&_nc_ss=72689&oh=00_AQFdYHe6EOnUX56FeRzJyZ4s7hR1pXxkKnxFl8MhXUGneA&oe=6A933590,https://www.instagram.com/p/DcZp0zjlgX_/
Supermercado Tuiuiú,Outros,Margarina Delícia 500g,7.49,20/08/2026,https://scontent-syd2-1.cdninstagram.com/v/t39.30808-6/777548616_1712126797587805_4468367958160197813_n.jpg?stp=dst-jpg_e35_tt6&_nc_cat=108&ig_cache_key=Mzk2Nzg2MzQ3NzY1OTI0NTc5MQ%3D%3D.3-ccb7-5&ccb=7-5&_nc_sid=58cdad&efg=eyJ2ZW5jb2RlX3RhZyI6IkNBUk9VU0VMX0lURU0ueHBpZHMuMTI1NC5zZHIucmVndWxhcl9waG90by5DMyJ9&_nc_ohc=KR6FTgTvensQ7kNvwEFMC6y&_nc_oc=Adp5k0qYRtXxE5pNDGqhsQHVYndXQ_lw1u0WrIiOMww_0wZL4F1MkcJNDkPLvKi_lxh_aupvK2ozU7iqkJDCFPPm&_nc_zt=23&_nc_ht=scontent-syd2-1.cdninstagram.com&_nc_gid=F3yY0pocLVFeiZGf_vXq8w&_nc_ss=72289&oh=00_AQFhfDFY2JpzypNN8mfMCDWQRVDvAuJ5S7DoTLvXru60rw&oe=6A9331D5,https://www.instagram.com/p/DcQrtOmIPUZ/
Supermercado Tuiuiú,Outros,Sucrilhos Kelloggs 240g,7.89,20/08/2026,https://scontent-syd2-1.cdninstagram.com/v/t39.30808-6/777548616_1712126797587805_4468367958160197813_n.jpg?stp=dst-jpg_e35_tt6&_nc_cat=108&ig_cache_key=Mzk2Nzg2MzQ3NzY1OTI0NTc5MQ%3D%3D.3-ccb7-5&ccb=7-5&_nc_sid=58cdad&efg=eyJ2ZW5jb2RlX3RhZyI6IkNBUk9VU0VMX0lURU0ueHBpZHMuMTI1NC5zZHIucmVndWxhcl9waG90by5DMyJ9&_nc_ohc=KR6FTgTvensQ7kNvwEFMC6y&_nc_oc=Adp5k0qYRtXxE5pNDGqhsQHVYndXQ_lw1u0WrIiOMww_0wZL4F1MkcJNDkPLvKi_lxh_aupvK2ozU7iqkJDCFPPm&_nc_zt=23&_nc_ht=scontent-syd2-1.cdninstagram.com&_nc_gid=F3yY0pocLVFeiZGf_vXq8w&_nc_ss=72289&oh=00_AQFhfDFY2JpzypNN8mfMCDWQRVDvAuJ5S7DoTLvXru60rw&oe=6A9331D5,https://www.instagram.com/p/DcQrtOmIPUZ/
Mercado Talismã,Outros,Mocotó Bovino kg,8.49,24/08/2026,https://instagram.fyxd4-1.fna.fbcdn.net/v/t51.82787-15/784981092_18093283481531849_7946010799392771074_n.jpg?stp=dst-jpg_e35_tt6&_nc_cat=111&ig_cache_key=Mzk3MDc3NzUwOTU4MjQyNTYwNQ%3D%3D.3-ccb7-5&ccb=7-5&_nc_sid=58cdad&efg=eyJ2ZW5jb2RlX3RhZyI6IkNBUk9VU0VMX0lURU0ueHBpZHMuMTI1NC5zZHIucmVndWxhcl9waG90by5DMyJ9&_nc_ohc=3GifiJ5m9Q8Q7kNvwGdcI0d&_nc_oc=Ado-8GII9nZU0n1RsGHYKzN22xNW-9BUjx87lXC5KHGjagKsiT2RC2xfM3VroakZnZcGT43fwRh10JZuVJyznS-r&_nc_zt=23&_nc_ht=instagram.fyxd4-1.fna&_nc_gid=T-z5bvwFELXK1EgWMBPJ0Q&_nc_ss=72689&oh=00_AQGV18slPy2jqDc1WZ6dL2inSOKi4o17IKhkU95RDA9Otg&oe=6A93588A,https://www.instagram.com/p/DcbCSf6Efnj/
Machadão Atacadista,Outros,Margarina Qualy 500g,8.79,24/08/2026,https://instagram.fvgo1-1.fna.fbcdn.net/v/t39.30808-6/780076458_1356271723259452_5989685085733377211_n.jpg?stp=dst-jpg_e35_tt6&_nc_cat=105&ig_cache_key=Mzk3MDQwODc0MjIxMDQ3NDY5OA%3D%3D.3-ccb7-5&ccb=7-5&_nc_sid=58cdad&efg=eyJ2ZW5jb2RlX3RhZyI6IkNBUk9VU0VMX0lURU0ueHBpZHMuMTYzOC5zZHIucmVndWxhcl9waG90by5DMyJ9&_nc_ohc=EI5S9KuUQlYQ7kNvwHTeyEC&_nc_oc=Ado76MWL50dyatx5e5JsLvemf2bX8tQ_EKDfqdbtu7ecu0THsxz7L8eARAJWoKeYULk&_nc_zt=23&_nc_ht=instagram.fvgo1-1.fna&_nc_gid=2YaBajca_LptN1d4Kr4FBA&_nc_ss=72a8c&oh=00_AQE-ERlIOED8YQlejQUmbVbTLQIDIxb2ocyP1vuHBDz6-A&oe=6A93284E,https://www.instagram.com/p/DcZubq6D10t/
Supermercado Tuiuiú,Outros,Pé Suíno kg,8.99,24/08/2026,https://scontent-icn2-1.cdninstagram.com/v/t51.82787-15/784426343_18580975111067900_205538007721909221_n.jpg?stp=dst-jpg_e35_tt6&_nc_cat=106&ig_cache_key=Mzk3MDc5NjI2NjQwNTU1MjkxMg%3D%3D.3-ccb7-5&ccb=7-5&_nc_sid=58cdad&efg=eyJ2ZW5jb2RlX3RhZyI6IkNBUk9VU0VMX0lURU0ueHBpZHMuMTA4MC5zZHIucmVndWxhcl9waG90by5DMyJ9&_nc_ohc=oWX99iJ5blYQ7kNvwGaKrOe&_nc_oc=AdoG2RIVlGR8vGuSx8x3fceAdJKQ5n0An5mGHUgS5nNHII3Oi4Mkw19Snk205nwwQYs&_nc_zt=23&_nc_ht=scontent-icn2-1.cdninstagram.com&_nc_gid=GKWI6IT2Qrj9_lnOoEGBcQ&_nc_ss=72289&oh=00_AQE-DacA5fGwIcsf6ET4uIDKGcgQek8eRiQGMZ4guO2rGQ&oe=6A932DBA,https://www.instagram.com/p/DcbGjHNlQSs/
Supermercado Tuiuiú,Outros,Bucho Bovino kg,8.99,24/08/2026,https://scontent-icn2-1.cdninstagram.com/v/t51.82787-15/784394222_18580975084067900_4872012785985614414_n.jpg?stp=dst-jpg_e35_tt6&_nc_cat=108&ig_cache_key=Mzk3MDc5NjIzNjQ5OTkyMTAzOA%3D%3D.3-ccb7-5&ccb=7-5&_nc_sid=58cdad&efg=eyJ2ZW5jb2RlX3RhZyI6IkNBUk9VU0VMX0lURU0ueHBpZHMuMTA4MC5zZHIucmVndWxhcl9waG90by5DMyJ9&_nc_ohc=g6fH4a3YGPAQ7kNvwH5lBne&_nc_oc=AdpQ_M7xoFPRo-VkbWhv8jHV2DqjmJ4cE_hJoAob2kVOydoxEGjjqfuUNxYTls8ippA&_nc_zt=23&_nc_ht=scontent-icn2-1.cdninstagram.com&_nc_gid=GKWI6IT2Qrj9_lnOoEGBcQ&_nc_ss=72289&oh=00_AQERMa9p5EWIArPY5mA2x9EEji-OFmT-rcI30j8yhqWQTw&oe=6A9331C3,https://www.instagram.com/p/DcbGjHNlQSs/
Supermercado Tuiuiú,Outros,Mocotó Bovino kg,8.99,24/08/2026,https://scontent-icn2-1.cdninstagram.com/v/t51.82787-15/784394222_18580975084067900_4872012785985614414_n.jpg?stp=dst-jpg_e35_tt6&_nc_cat=108&ig_cache_key=Mzk3MDc5NjIzNjQ5OTkyMTAzOA%3D%3D.3-ccb7-5&ccb=7-5&_nc_sid=58cdad&efg=eyJ2ZW5jb2RlX3RhZyI6IkNBUk9VU0VMX0lURU0ueHBpZHMuMTA4MC5zZHIucmVndWxhcl9waG90by5DMyJ9&_nc_ohc=g6fH4a3YGPAQ7kNvwH5lBne&_nc_oc=AdpQ_M7xoFPRo-VkbWhv8jHV2DqjmJ4cE_hJoAob2kVOydoxEGjjqfuUNxYTls8ippA&_nc_zt=23&_nc_ht=scontent-icn2-1.cdninstagram.com&_nc_gid=GKWI6IT2Qrj9_lnOoEGBcQ&_nc_ss=72289&oh=00_AQERMa9p5EWIArPY5mA2x9EEji-OFmT-rcI30j8yhqWQTw&oe=6A9331C3,https://www.instagram.com/p/DcbGjHNlQSs/
Supermercado São Pedro,Outros,Mocotó kg,8.99,24/08/2026,https://scontent-mad2-1.cdninstagram.com/v/t51.82787-15/779866028_18195137623382122_1225681475285530325_n.jpg?stp=dst-jpg_e35_tt6&_nc_cat=104&ig_cache_key=Mzk3MDg5NTAzMjEwMDYxNzYxMA%3D%3D.3-ccb7-5&ccb=7-5&_nc_sid=58cdad&efg=eyJ2ZW5jb2RlX3RhZyI6IkZFRUQueHBpZHMuMzI0OC5zZHIucmVndWxhcl9waG90by5DMyJ9&_nc_ohc=27_NHNZ1YPEQ7kNvwGI2SAs&_nc_oc=AdpiaMcWDefUwe-5Ne8xkg2Hy2KnKgaQsIG3eeTK55u-1fiorwpLhShlaoMvQSdKWIQ&_nc_zt=23&_nc_ht=scontent-mad2-1.cdninstagram.com&_nc_gid=PIEwP_FvNjZSEYmPKTnRXg&_nc_ss=72a8c&oh=00_AQGYVhQEP5EtwrDSsNmYCIrkHFE9TxO5FJ8__cMoTI5BWA&oe=6A9323E1,https://www.instagram.com/p/Dcbc_40uH2K/
Machadão Atacadista,Outros,Mexerica Carioca kg,8.99,25/08/2026,https://scontent-yyz1-1.cdninstagram.com/v/t39.30808-6/783502457_1358140693072555_8680596946681981726_n.jpg?stp=dst-jpg_e35_tt6&_nc_cat=100&ig_cache_key=Mzk3MTEzMzM1OTY4MTc2NTMwNg%3D%3D.3-ccb7-5&ccb=7-5&_nc_sid=58cdad&efg=eyJ2ZW5jb2RlX3RhZyI6IkZFRUQueHBpZHMuMTYzOC5zZHIucmVndWxhcl9waG90by5DMyJ9&_nc_ohc=wwJotf6FAMIQ7kNvwElsWLP&_nc_oc=Adp9vONf5je9V1gauaUlywOmzp8f48dzi_I5vXebnv-G0Plfl_vbSR-QTMdv6G19aAU&_nc_zt=23&_nc_ht=scontent-yyz1-1.cdninstagram.com&_nc_gid=S_Ll4J3ZOcYyRMaRJhdBNQ&_nc_ss=72a8c&oh=00_AQFVxgw72cJ_rrX3VHdbxlhFdgai8JhFlbzCCfzZ7qOrtg&oe=6A9331FA,https://www.instagram.com/p/DccTMAriP-6/
Mercado Talismã,Outros,Bucho Bovino kg,8.99,24/08/2026,https://instagram.fyxd4-1.fna.fbcdn.net/v/t51.82787-15/784981092_18093283481531849_7946010799392771074_n.jpg?stp=dst-jpg_e35_tt6&_nc_cat=111&ig_cache_key=Mzk3MDc3NzUwOTU4MjQyNTYwNQ%3D%3D.3-ccb7-5&ccb=7-5&_nc_sid=58cdad&efg=eyJ2ZW5jb2RlX3RhZyI6IkNBUk9VU0VMX0lURU0ueHBpZHMuMTI1NC5zZHIucmVndWxhcl9waG90by5DMyJ9&_nc_ohc=3GifiJ5m9Q8Q7kNvwGdcI0d&_nc_oc=Ado-8GII9nZU0n1RsGHYKzN22xNW-9BUjx87lXC5KHGjagKsiT2RC2xfM3VroakZnZcGT43fwRh10JZuVJyznS-r&_nc_zt=23&_nc_ht=instagram.fyxd4-1.fna&_nc_gid=T-z5bvwFELXK1EgWMBPJ0Q&_nc_ss=72689&oh=00_AQGV18slPy2jqDc1WZ6dL2inSOKi4o17IKhkU95RDA9Otg&oe=6A93588A,https://www.instagram.com/p/DcbCSf6Efnj/
Supermercado Bianchi,Outros,Margarina Qualy 500g,8.99,21/08/2026,https://instagram.fjal2-1.fna.fbcdn.net/v/t39.30808-6/784063255_1657849239678807_5513880334027503636_n.jpg?stp=dst-jpg_e35_tt6&_nc_cat=101&ig_cache_key=Mzk2ODk0NTQxMjQ4MzY4NTI0Mg%3D%3D.3-ccb7-5&ccb=7-5&_nc_sid=58cdad&efg=eyJ2ZW5jb2RlX3RhZyI6IkNBUk9VU0VMX0lURU0ueHBpZHMuMTYzOC5zZHIucmVndWxhcl9waG90by5DMyJ9&_nc_ohc=Vhjobc6nt_UQ7kNvwFZnvtX&_nc_oc=AdpoM8Aes2TqjbwNPdRPGBqQ6dUnYfzZz28APv7knXkRHJ4uZUh_dk1CjGr-9ddBYWIi54pPTSHKiNri3FvKhNCn&_nc_zt=23&_nc_ht=instagram.fjal2-1.fna&_nc_gid=NvcNX2IA17yahy36SxQO3g&_nc_ss=72a8c&oh=00_AQGP-fDpvpKoPXGOhjFSnM8ysPJHqFjio8exB0zOljyt7g&oe=6A934875,https://www.instagram.com/p/DcUhthogY_o/
Supermercado Tuiuiú,Outros,Fígado Bovino kg,9.99,24/08/2026,https://scontent-icn2-1.cdninstagram.com/v/t51.82787-15/784394222_18580975084067900_4872012785985614414_n.jpg?stp=dst-jpg_e35_tt6&_nc_cat=108&ig_cache_key=Mzk3MDc5NjIzNjQ5OTkyMTAzOA%3D%3D.3-ccb7-5&ccb=7-5&_nc_sid=58cdad&efg=eyJ2ZW5jb2RlX3RhZyI6IkNBUk9VU0VMX0lURU0ueHBpZHMuMTA4MC5zZHIucmVndWxhcl9waG90by5DMyJ9&_nc_ohc=g6fH4a3YGPAQ7kNvwH5lBne&_nc_oc=AdpQ_M7xoFPRo-VkbWhv8jHV2DqjmJ4cE_hJoAob2kVOydoxEGjjqfuUNxYTls8ippA&_nc_zt=23&_nc_ht=scontent-icn2-1.cdninstagram.com&_nc_gid=GKWI6IT2Qrj9_lnOoEGBcQ&_nc_ss=72289&oh=00_AQERMa9p5EWIArPY5mA2x9EEji-OFmT-rcI30j8yhqWQTw&oe=6A9331C3,https://www.instagram.com/p/DcbGjHNlQSs/
Supermercado São Pedro,Outros,Bucho Bovino kg,9.99,24/08/2026,https://scontent-mad2-1.cdninstagram.com/v/t51.82787-15/779866028_18195137623382122_1225681475285530325_n.jpg?stp=dst-jpg_e35_tt6&_nc_cat=104&ig_cache_key=Mzk3MDg5NTAzMjEwMDYxNzYxMA%3D%3D.3-ccb7-5&ccb=7-5&_nc_sid=58cdad&efg=eyJ2ZW5jb2RlX3RhZyI6IkZFRUQueHBpZHMuMzI0OC5zZHIucmVndWxhcl9waG90by5DMyJ9&_nc_ohc=27_NHNZ1YPEQ7kNvwGI2SAs&_nc_oc=AdpiaMcWDefUwe-5Ne8xkg2Hy2KnKgaQsIG3eeTK55u-1fiorwpLhShlaoMvQSdKWIQ&_nc_zt=23&_nc_ht=scontent-mad2-1.cdninstagram.com&_nc_gid=PIEwP_FvNjZSEYmPKTnRXg&_nc_ss=72a8c&oh=00_AQGYVhQEP5EtwrDSsNmYCIrkHFE9TxO5FJ8__cMoTI5BWA&oe=6A9323E1,https://www.instagram.com/p/Dcbc_40uH2K/
Supermercado São Pedro,Outros,Fígado Bovino kg,9.99,24/08/2026,https://scontent-mad2-1.cdninstagram.com/v/t51.82787-15/779866028_18195137623382122_1225681475285530325_n.jpg?stp=dst-jpg_e35_tt6&_nc_cat=104&ig_cache_key=Mzk3MDg5NTAzMjEwMDYxNzYxMA%3D%3D.3-ccb7-5&ccb=7-5&_nc_sid=58cdad&efg=eyJ2ZW5jb2RlX3RhZyI6IkZFRUQueHBpZHMuMzI0OC5zZHIucmVndWxhcl9waG90by5DMyJ9&_nc_ohc=27_NHNZ1YPEQ7kNvwGI2SAs&_nc_oc=AdpiaMcWDefUwe-5Ne8xkg2Hy2KnKgaQsIG3eeTK55u-1fiorwpLhShlaoMvQSdKWIQ&_nc_zt=23&_nc_ht=scontent-mad2-1.cdninstagram.com&_nc_gid=PIEwP_FvNjZSEYmPKTnRXg&_nc_ss=72a8c&oh=00_AQGYVhQEP5EtwrDSsNmYCIrkHFE9TxO5FJ8__cMoTI5BWA&oe=6A9323E1,https://www.instagram.com/p/Dcbc_40uH2K/
Mercado Talismã,Outros,Pé Suíno kg,9.99,24/08/2026,https://instagram.fyxd4-1.fna.fbcdn.net/v/t51.82787-15/784981092_18093283481531849_7946010799392771074_n.jpg?stp=dst-jpg_e35_tt6&_nc_cat=111&ig_cache_key=Mzk3MDc3NzUwOTU4MjQyNTYwNQ%3D%3D.3-ccb7-5&ccb=7-5&_nc_sid=58cdad&efg=eyJ2ZW5jb2RlX3RhZyI6IkNBUk9VU0VMX0lURU0ueHBpZHMuMTI1NC5zZHIucmVndWxhcl9waG90by5DMyJ9&_nc_ohc=3GifiJ5m9Q8Q7kNvwGdcI0d&_nc_oc=Ado-8GII9nZU0n1RsGHYKzN22xNW-9BUjx87lXC5KHGjagKsiT2RC2xfM3VroakZnZcGT43fwRh10JZuVJyznS-r&_nc_zt=23&_nc_ht=instagram.fyxd4-1.fna&_nc_gid=T-z5bvwFELXK1EgWMBPJ0Q&_nc_ss=72689&oh=00_AQGV18slPy2jqDc1WZ6dL2inSOKi4o17IKhkU95RDA9Otg&oe=6A93588A,https://www.instagram.com/p/DcbCSf6Efnj/
Machadão Atacadista,Outros,Pimentão Verde kg,10.99,25/08/2026,https://scontent-yyz1-1.cdninstagram.com/v/t39.30808-6/783502457_1358140693072555_8680596946681981726_n.jpg?stp=dst-jpg_e35_tt6&_nc_cat=100&ig_cache_key=Mzk3MTEzMzM1OTY4MTc2NTMwNg%3D%3D.3-ccb7-5&ccb=7-5&_nc_sid=58cdad&efg=eyJ2ZW5jb2RlX3RhZyI6IkZFRUQueHBpZHMuMTYzOC5zZHIucmVndWxhcl9waG90by5DMyJ9&_nc_ohc=wwJotf6FAMIQ7kNvwElsWLP&_nc_oc=Adp9vONf5je9V1gauaUlywOmzp8f48dzi_I5vXebnv-G0Plfl_vbSR-QTMdv6G19aAU&_nc_zt=23&_nc_ht=scontent-yyz1-1.cdninstagram.com&_nc_gid=S_Ll4J3ZOcYyRMaRJhdBNQ&_nc_ss=72a8c&oh=00_AQFVxgw72cJ_rrX3VHdbxlhFdgai8JhFlbzCCfzZ7qOrtg&oe=6A9331FA,https://www.instagram.com/p/DccTMAriP-6/
Mercado Talismã,Outros,Fígado Bovino kg,10.99,24/08/2026,https://instagram.fyxd4-1.fna.fbcdn.net/v/t51.82787-15/784981092_18093283481531849_7946010799392771074_n.jpg?stp=dst-jpg_e35_tt6&_nc_cat=111&ig_cache_key=Mzk3MDc3NzUwOTU4MjQyNTYwNQ%3D%3D.3-ccb7-5&ccb=7-5&_nc_sid=58cdad&efg=eyJ2ZW5jb2RlX3RhZyI6IkNBUk9VU0VMX0lURU0ueHBpZHMuMTI1NC5zZHIucmVndWxhcl9waG90by5DMyJ9&_nc_ohc=3GifiJ5m9Q8Q7kNvwGdcI0d&_nc_oc=Ado-8GII9nZU0n1RsGHYKzN22xNW-9BUjx87lXC5KHGjagKsiT2RC2xfM3VroakZnZcGT43fwRh10JZuVJyznS-r&_nc_zt=23&_nc_ht=instagram.fyxd4-1.fna&_nc_gid=T-z5bvwFELXK1EgWMBPJ0Q&_nc_ss=72689&oh=00_AQGV18slPy2jqDc1WZ6dL2inSOKi4o17IKhkU95RDA9Otg&oe=6A93588A,https://www.instagram.com/p/DcbCSf6Efnj/
Bom Jesus Primavera do Leste 🛒,Outros,Mocotó Bovino kg,12.99,19/08/2026,https://instagram.fhuy2-1.fna.fbcdn.net/v/t51.82787-15/777447580_18373520875237813_4940623986181555568_n.jpg?stp=dst-jpg_e15_tt6&_nc_cat=102&ig_cache_key=Mzk2NzM5MjE0MDk4NzU2MzAyODE4MzczNTIwODcyMjM3ODEz.3-ccb7-5&ccb=7-5&_nc_sid=58cdad&efg=eyJ2ZW5jb2RlX3RhZyI6IkNMSVBTLnhwaWRzLjcyMC5zZHIudmlkZW9fZGVmYXVsdF9jb3Zlcl9mcmFtZS5DMyJ9&_nc_ohc=1LuH2KlEOIUQ7kNvwH_1il8&_nc_oc=AdoLfVI7y7OQpCI-D00a5fuctoDtvQdBvLvOhbdJqttsQWA-aHeOR_ek9JIgjskzKX4&_nc_zt=23&_nc_ht=instagram.fhuy2-1.fna&_nc_gid=i-uebbNKyqFSmwJ4nWp-Hw&_nc_ss=72a8c&oh=00_AQHlGWxWYl0pxRnZKxVKGPQ6iVH8eRNB2UNZ3Bo6Tx3a6A&oe=6A935A43,https://www.instagram.com/p/DcPAiHQPXwU/
Machadão Atacadista,Outros,Colorau Apti 1.01kg,12.99,23/08/2026,https://scontent-ams2-1.cdninstagram.com/v/t39.30808-6/778972569_1356238123262812_5423956361795803380_n.jpg?stp=dst-jpg_e35_tt6&_nc_cat=106&ig_cache_key=Mzk3MDQwNjA2NTUzMDUzODgyNA%3D%3D.3-ccb7-5&ccb=7-5&_nc_sid=58cdad&efg=eyJ2ZW5jb2RlX3RhZyI6IkNBUk9VU0VMX0lURU0ueHBpZHMuMTQ0MC5zZHIucmVndWxhcl9waG90by5DMyJ9&_nc_ohc=fuwsMgP1G_oQ7kNvwETUbPu&_nc_oc=AdptkZCIr-pIpFs6tqtv1yGIDpDxpxwr3alkyjhjinJWUUPQUVrIonONim23wKfDdM0&_nc_zt=23&_nc_ht=scontent-ams2-1.cdninstagram.com&_nc_gid=Apty3V3QNLt-BStPKMQfeQ&_nc_ss=72a8c&oh=00_AQFs0fvfaCYeeRwNxKxhEWZKHM8NVKmXN8OOymE5NDcZvQ&oe=6A935480,https://www.instagram.com/p/DcZt02IgXYs/
Machadão Atacadista,Outros,Colorau Apti 1.01kg,12.99,23/08/2026,https://scontent-ams2-1.cdninstagram.com/v/t39.30808-6/779292108_1356238126596145_5610087643213965884_n.jpg?stp=dst-jpg_e35_tt6&_nc_cat=109&ig_cache_key=Mzk3MDQwNjA2MzY4NTA0NzI1Ng%3D%3D.3-ccb7-5&ccb=7-5&_nc_sid=58cdad&efg=eyJ2ZW5jb2RlX3RhZyI6IkNBUk9VU0VMX0lURU0ueHBpZHMuMTQ0MC5zZHIucmVndWxhcl9waG90by5DMyJ9&_nc_ohc=YHirvlqGkpEQ7kNvwFc7wcv&_nc_oc=AdqOTkrpFdLEOWnuPszaA_-1KEzuIU51ndnQCy5Gu6aqQhHHhUK82tZPN0Nn3sl1RLo&_nc_zt=23&_nc_ht=scontent-ams2-1.cdninstagram.com&_nc_gid=Apty3V3QNLt-BStPKMQfeQ&_nc_ss=72a8c&oh=00_AQFO5gdPyL9ZA8kt8qWrOPGHEwyXldA9xRPRQOaKZHvVOg&oe=6A9326BE,https://www.instagram.com/p/DcZt02IgXYs/
Supermercado São Pedro,Outros,Moela Perdigão 1kg,13.99,24/08/2026,https://scontent-mad2-1.cdninstagram.com/v/t51.82787-15/779866028_18195137623382122_1225681475285530325_n.jpg?stp=dst-jpg_e35_tt6&_nc_cat=104&ig_cache_key=Mzk3MDg5NTAzMjEwMDYxNzYxMA%3D%3D.3-ccb7-5&ccb=7-5&_nc_sid=58cdad&efg=eyJ2ZW5jb2RlX3RhZyI6IkZFRUQueHBpZHMuMzI0OC5zZHIucmVndWxhcl9waG90by5DMyJ9&_nc_ohc=27_NHNZ1YPEQ7kNvwGI2SAs&_nc_oc=AdpiaMcWDefUwe-5Ne8xkg2Hy2KnKgaQsIG3eeTK55u-1fiorwpLhShlaoMvQSdKWIQ&_nc_zt=23&_nc_ht=scontent-mad2-1.cdninstagram.com&_nc_gid=PIEwP_FvNjZSEYmPKTnRXg&_nc_ss=72a8c&oh=00_AQGYVhQEP5EtwrDSsNmYCIrkHFE9TxO5FJ8__cMoTI5BWA&oe=6A9323E1,https://www.instagram.com/p/Dcbc_40uH2K/
Supermercado Bianchi,Outros,Difusor de Aromas Coala 100ml,13.99,24/08/2026,https://scontent-man2-1.cdninstagram.com/v/t39.30808-6/784620919_1660330049430726_7690860967579283241_n.jpg?stp=dst-jpg_e35_tt6&_nc_cat=104&ig_cache_key=Mzk3MDg1ODEzMjQ1NzE4OTE0OA%3D%3D.3-ccb7-5&ccb=7-5&_nc_sid=58cdad&efg=eyJ2ZW5jb2RlX3RhZyI6IkZFRUQueHBpZHMuMTA4MC5zZHIucmVndWxhcl9waG90by5DMyJ9&_nc_ohc=kVs24eXKuXcQ7kNvwFdbcG7&_nc_oc=Adpd6U8S64knccFekGZISfBIFArxa_ShscacZP9GRWwgrturoWuB8BUQPljdsmzjdeA&_nc_zt=23&_nc_ht=scontent-man2-1.cdninstagram.com&_nc_gid=Bq5HOoLsi4HmJa0SpML2vw&_nc_ss=72a8c&oh=00_AQG1bEHnkFyRdQLWLzDjyByHkR84rdwQPSpbyb-5SSOXPA&oe=6A9354E1,https://www.instagram.com/p/DcbUm7WlO8c/
Bom Jesus Primavera do Leste 🛒,Outros,Amendoim Mape 1kg,14.99,24/08/2026,https://scontent-lhr11-1.cdninstagram.com/v/t51.82787-15/784817810_18374239453237813_2825750323987932425_n.jpg?stp=dst-jpg_e35_tt6&_nc_cat=111&ig_cache_key=Mzk3MDc4NzgzNDU3MDQ3NjY3NQ%3D%3D.3-ccb7-5&ccb=7-5&_nc_sid=58cdad&efg=eyJ2ZW5jb2RlX3RhZyI6IkNBUk9VU0VMX0lURU0ueHBpZHMuMTA4MC5zZHIucmVndWxhcl9waG90by5DMyJ9&_nc_ohc=8m-UNspcFUYQ7kNvwHXeooJ&_nc_oc=Adqos0Rgzx6KltmM-pMTmE6BlyBg736QCFCa52Fcin3PzISQjQ-Ui3nhy98vdg5jP0s&_nc_zt=23&_nc_ht=scontent-lhr11-1.cdninstagram.com&_nc_gid=NEfc7J6EX-HyPa_-hVhMfg&_nc_ss=72a8c&oh=00_AQGz61e71G7DFLHXJu6X_OWLX3IMezp3JulWU1TF0zFXnQ&oe=6A934509,https://www.instagram.com/p/DcbEo2aliuR/
Machadão Atacadista,Outros,Toalha de Papel Mili Gran Chef 360 Folhas,14.99,23/08/2026,https://scontent-ams2-1.cdninstagram.com/v/t39.30808-6/778958180_1356238129929478_2325913015574542258_n.jpg?stp=dst-jpg_e35_tt6&_nc_cat=102&ig_cache_key=Mzk3MDQwNjA2NTc0MDI2MDU2NA%3D%3D.3-ccb7-5&ccb=7-5&_nc_sid=58cdad&efg=eyJ2ZW5jb2RlX3RhZyI6IkNBUk9VU0VMX0lURU0ueHBpZHMuMTQ0MC5zZHIucmVndWxhcl9waG90by5DMyJ9&_nc_ohc=hBCZnXY1qCMQ7kNvwHL9VCC&_nc_oc=AdocL0KQ0VGSo2iKnroW8_qxt9uwyHILBbGWdHcP70OcG5i1UEeVQKocB0T-VxGc78k&_nc_zt=23&_nc_ht=scontent-ams2-1.cdninstagram.com&_nc_gid=Apty3V3QNLt-BStPKMQfeQ&_nc_ss=72a8c&oh=00_AQHlfE_YXkkSwjb5urycrl-kwe6CuWlAIofJZklMTFsGRQ&oe=6A933F4A,https://www.instagram.com/p/DcZt02IgXYs/
Machadão Atacadista,Outros,Toalha de Papel Mili Gran Chef 360 Folhas,14.99,23/08/2026,https://scontent-ams2-1.cdninstagram.com/v/t39.30808-6/780104401_1356238156596142_1480217435166211985_n.jpg?stp=dst-jpg_e35_tt6&_nc_cat=105&ig_cache_key=Mzk3MDQwNjA2NDA5NjEwMTQ1NQ%3D%3D.3-ccb7-5&ccb=7-5&_nc_sid=58cdad&efg=eyJ2ZW5jb2RlX3RhZyI6IkNBUk9VU0VMX0lURU0ueHBpZHMuMTQ0MC5zZHIucmVndWxhcl9waG90by5DMyJ9&_nc_ohc=lTNObl1cFPcQ7kNvwGDumda&_nc_oc=Ado0Pe3hxU04Vo50Xwn-SqT2I1wl4JLN9Jjbt2J0rXmXn8eG8fTpTj3Dm6-HqrSQ3gM&_nc_zt=23&_nc_ht=scontent-ams2-1.cdninstagram.com&_nc_gid=Apty3V3QNLt-BStPKMQfeQ&_nc_ss=72a8c&oh=00_AQEvt8i4zzPkYD0QkXeciOypu02JUHhqKfPT0aYMmKqEQQ&oe=6A934FD4,https://www.instagram.com/p/DcZt02IgXYs/
Supermercado Bianchi,Outros,Bombons Sortidos Lacta Favoritos 250 6g,14.99,20/08/2026,https://instagram.fsyd15-2.fna.fbcdn.net/v/t39.30808-6/783512802_1656952703101794_4280864842838965800_n.jpg?stp=dst-jpg_e35_tt6&_nc_cat=102&ig_cache_key=Mzk2ODIxOTEzOTkwNjg0NTIzNw%3D%3D.3-ccb7-5&ccb=7-5&_nc_sid=58cdad&efg=eyJ2ZW5jb2RlX3RhZyI6IkNBUk9VU0VMX0lURU0ueHBpZHMuMTA4MC5zZHIucmVndWxhcl9waG90by5DMyJ9&_nc_ohc=QzDVoAgqF90Q7kNvwGrOpKu&_nc_oc=Adqng8K8agCHsuj4XoDqgHbb6_NimOD_D6MpgAwaO-uUXynxWr14_qL0viCXkBlYaXo&_nc_zt=23&_nc_ht=instagram.fsyd15-2.fna&_nc_gid=LoiYda-taTEeT-oXCQhvgg&_nc_ss=72689&oh=00_AQHwe0pdhkDJSWcoA6QfU7y4tHqi4_bpPmN-mUZRpacSpg&oe=6A9327EE,https://www.instagram.com/p/DcR8kwqjUQX/
Machadão Atacadista,Outros,Saco Para Lixo Brilhus 100L,15.9,23/08/2026,https://scontent-ams2-1.cdninstagram.com/v/t39.30808-6/778958180_1356238129929478_2325913015574542258_n.jpg?stp=dst-jpg_e35_tt6&_nc_cat=102&ig_cache_key=Mzk3MDQwNjA2NTc0MDI2MDU2NA%3D%3D.3-ccb7-5&ccb=7-5&_nc_sid=58cdad&efg=eyJ2ZW5jb2RlX3RhZyI6IkNBUk9VU0VMX0lURU0ueHBpZHMuMTQ0MC5zZHIucmVndWxhcl9waG90by5DMyJ9&_nc_ohc=hBCZnXY1qCMQ7kNvwHL9VCC&_nc_oc=AdocL0KQ0VGSo2iKnroW8_qxt9uwyHILBbGWdHcP70OcG5i1UEeVQKocB0T-VxGc78k&_nc_zt=23&_nc_ht=scontent-ams2-1.cdninstagram.com&_nc_gid=Apty3V3QNLt-BStPKMQfeQ&_nc_ss=72a8c&oh=00_AQHlfE_YXkkSwjb5urycrl-kwe6CuWlAIofJZklMTFsGRQ&oe=6A933F4A,https://www.instagram.com/p/DcZt02IgXYs/
Machadão Atacadista,Outros,Saco Para Lixo Brilhus 100L,15.9,23/08/2026,https://scontent-ams2-1.cdninstagram.com/v/t39.30808-6/780104401_1356238156596142_1480217435166211985_n.jpg?stp=dst-jpg_e35_tt6&_nc_cat=105&ig_cache_key=Mzk3MDQwNjA2NDA5NjEwMTQ1NQ%3D%3D.3-ccb7-5&ccb=7-5&_nc_sid=58cdad&efg=eyJ2ZW5jb2RlX3RhZyI6IkNBUk9VU0VMX0lURU0ueHBpZHMuMTQ0MC5zZHIucmVndWxhcl9waG90by5DMyJ9&_nc_ohc=lTNObl1cFPcQ7kNvwGDumda&_nc_oc=Ado0Pe3hxU04Vo50Xwn-SqT2I1wl4JLN9Jjbt2J0rXmXn8eG8fTpTj3Dm6-HqrSQ3gM&_nc_zt=23&_nc_ht=scontent-ams2-1.cdninstagram.com&_nc_gid=Apty3V3QNLt-BStPKMQfeQ&_nc_ss=72a8c&oh=00_AQEvt8i4zzPkYD0QkXeciOypu02JUHhqKfPT0aYMmKqEQQ&oe=6A934FD4,https://www.instagram.com/p/DcZt02IgXYs/
Supermercado Bianchi,Outros,Margarina Delícia 1kg,15.99,20/08/2026,https://instagram.fsyd15-2.fna.fbcdn.net/v/t39.30808-6/783512802_1656952703101794_4280864842838965800_n.jpg?stp=dst-jpg_e35_tt6&_nc_cat=102&ig_cache_key=Mzk2ODIxOTEzOTkwNjg0NTIzNw%3D%3D.3-ccb7-5&ccb=7-5&_nc_sid=58cdad&efg=eyJ2ZW5jb2RlX3RhZyI6IkNBUk9VU0VMX0lURU0ueHBpZHMuMTA4MC5zZHIucmVndWxhcl9waG90by5DMyJ9&_nc_ohc=QzDVoAgqF90Q7kNvwGrOpKu&_nc_oc=Adqng8K8agCHsuj4XoDqgHbb6_NimOD_D6MpgAwaO-uUXynxWr14_qL0viCXkBlYaXo&_nc_zt=23&_nc_ht=instagram.fsyd15-2.fna&_nc_gid=LoiYda-taTEeT-oXCQhvgg&_nc_ss=72689&oh=00_AQHwe0pdhkDJSWcoA6QfU7y4tHqi4_bpPmN-mUZRpacSpg&oe=6A9327EE,https://www.instagram.com/p/DcR8kwqjUQX/
Machadão Atacadista,Outros,Polpa de Acerola Ricaeli 1.02kg,17.9,23/08/2026,https://scontent-ams2-1.cdninstagram.com/v/t39.30808-6/778972569_1356238123262812_5423956361795803380_n.jpg?stp=dst-jpg_e35_tt6&_nc_cat=106&ig_cache_key=Mzk3MDQwNjA2NTUzMDUzODgyNA%3D%3D.3-ccb7-5&ccb=7-5&_nc_sid=58cdad&efg=eyJ2ZW5jb2RlX3RhZyI6IkNBUk9VU0VMX0lURU0ueHBpZHMuMTQ0MC5zZHIucmVndWxhcl9waG90by5DMyJ9&_nc_ohc=fuwsMgP1G_oQ7kNvwETUbPu&_nc_oc=AdptkZCIr-pIpFs6tqtv1yGIDpDxpxwr3alkyjhjinJWUUPQUVrIonONim23wKfDdM0&_nc_zt=23&_nc_ht=scontent-ams2-1.cdninstagram.com&_nc_gid=Apty3V3QNLt-BStPKMQfeQ&_nc_ss=72a8c&oh=00_AQFs0fvfaCYeeRwNxKxhEWZKHM8NVKmXN8OOymE5NDcZvQ&oe=6A935480,https://www.instagram.com/p/DcZt02IgXYs/
Machadão Atacadista,Outros,Catchup D'ajuda 192x7g,17.9,23/08/2026,https://scontent-ams2-1.cdninstagram.com/v/t39.30808-6/778972569_1356238123262812_5423956361795803380_n.jpg?stp=dst-jpg_e35_tt6&_nc_cat=106&ig_cache_key=Mzk3MDQwNjA2NTUzMDUzODgyNA%3D%3D.3-ccb7-5&ccb=7-5&_nc_sid=58cdad&efg=eyJ2ZW5jb2RlX3RhZyI6IkNBUk9VU0VMX0lURU0ueHBpZHMuMTQ0MC5zZHIucmVndWxhcl9waG90by5DMyJ9&_nc_ohc=fuwsMgP1G_oQ7kNvwETUbPu&_nc_oc=AdptkZCIr-pIpFs6tqtv1yGIDpDxpxwr3alkyjhjinJWUUPQUVrIonONim23wKfDdM0&_nc_zt=23&_nc_ht=scontent-ams2-1.cdninstagram.com&_nc_gid=Apty3V3QNLt-BStPKMQfeQ&_nc_ss=72a8c&oh=00_AQFs0fvfaCYeeRwNxKxhEWZKHM8NVKmXN8OOymE5NDcZvQ&oe=6A935480,https://www.instagram.com/p/DcZt02IgXYs/
Machadão Atacadista,Outros,Polpa de Acerola Ricaeli 1.02kg,17.9,23/08/2026,https://scontent-ams2-1.cdninstagram.com/v/t39.30808-6/779292108_1356238126596145_5610087643213965884_n.jpg?stp=dst-jpg_e35_tt6&_nc_cat=109&ig_cache_key=Mzk3MDQwNjA2MzY4NTA0NzI1Ng%3D%3D.3-ccb7-5&ccb=7-5&_nc_sid=58cdad&efg=eyJ2ZW5jb2RlX3RhZyI6IkNBUk9VU0VMX0lURU0ueHBpZHMuMTQ0MC5zZHIucmVndWxhcl9waG90by5DMyJ9&_nc_ohc=YHirvlqGkpEQ7kNvwFc7wcv&_nc_oc=AdqOTkrpFdLEOWnuPszaA_-1KEzuIU51ndnQCy5Gu6aqQhHHhUK82tZPN0Nn3sl1RLo&_nc_zt=23&_nc_ht=scontent-ams2-1.cdninstagram.com&_nc_gid=Apty3V3QNLt-BStPKMQfeQ&_nc_ss=72a8c&oh=00_AQFO5gdPyL9ZA8kt8qWrOPGHEwyXldA9xRPRQOaKZHvVOg&oe=6A9326BE,https://www.instagram.com/p/DcZt02IgXYs/
Machadão Atacadista,Outros,Catchup D'ajuda 192x7g,17.9,23/08/2026,https://scontent-ams2-1.cdninstagram.com/v/t39.30808-6/779292108_1356238126596145_5610087643213965884_n.jpg?stp=dst-jpg_e35_tt6&_nc_cat=109&ig_cache_key=Mzk3MDQwNjA2MzY4NTA0NzI1Ng%3D%3D.3-ccb7-5&ccb=7-5&_nc_sid=58cdad&efg=eyJ2ZW5jb2RlX3RhZyI6IkNBUk9VU0VMX0lURU0ueHBpZHMuMTQ0MC5zZHIucmVndWxhcl9waG90by5DMyJ9&_nc_ohc=YHirvlqGkpEQ7kNvwFc7wcv&_nc_oc=AdqOTkrpFdLEOWnuPszaA_-1KEzuIU51ndnQCy5Gu6aqQhHHhUK82tZPN0Nn3sl1RLo&_nc_zt=23&_nc_ht=scontent-ams2-1.cdninstagram.com&_nc_gid=Apty3V3QNLt-BStPKMQfeQ&_nc_ss=72a8c&oh=00_AQFO5gdPyL9ZA8kt8qWrOPGHEwyXldA9xRPRQOaKZHvVOg&oe=6A9326BE,https://www.instagram.com/p/DcZt02IgXYs/
DIÁRIO MT | Marketing e informação,Outros,Tigela de Vidro,18.9,24/08/2026,https://scontent-dfw5-2.cdninstagram.com/v/t51.82787-15/784426430_18112754675080502_5523164937015931681_n.jpg?stp=dst-jpg_e15_tt6&_nc_cat=100&ig_cache_key=Mzk3MTAyNzkwODk4MjQxNTExMzE4MTEyNzU0NjY5MDgwNTAy.3-ccb7-5&ccb=7-5&_nc_sid=58cdad&efg=eyJ2ZW5jb2RlX3RhZyI6IkNMSVBTLnhwaWRzLjcyMC5zZHIudmlkZW9fZGVmYXVsdF9jb3Zlcl9mcmFtZS5DMyJ9&_nc_ohc=T8Y6S1wr0AwQ7kNvwHQc8Ye&_nc_oc=Ado8EycmAQ1U-Urs2_sx1VnHYEa4Iex9rT4l_KPc8ieWsL4uEFyjtPe-uJL-d26-tE0&_nc_zt=23&_nc_ht=scontent-dfw5-2.cdninstagram.com&_nc_gid=PGGdYKuq5oelhYx2ry7SYw&_nc_ss=72a8c&oh=00_AQHNOAPsoKKsSaFCCzInedi6I43EVlVEo-OtzB5T87T0lQ&oe=6A93516B,https://www.instagram.com/p/Dcb7NgEDx8J/
Mercado Talismã,Outros,Ossobuco kg,19.99,24/08/2026,https://instagram.fyxd4-1.fna.fbcdn.net/v/t51.82787-15/784981092_18093283481531849_7946010799392771074_n.jpg?stp=dst-jpg_e35_tt6&_nc_cat=111&ig_cache_key=Mzk3MDc3NzUwOTU4MjQyNTYwNQ%3D%3D.3-ccb7-5&ccb=7-5&_nc_sid=58cdad&efg=eyJ2ZW5jb2RlX3RhZyI6IkNBUk9VU0VMX0lURU0ueHBpZHMuMTI1NC5zZHIucmVndWxhcl9waG90by5DMyJ9&_nc_ohc=3GifiJ5m9Q8Q7kNvwGdcI0d&_nc_oc=Ado-8GII9nZU0n1RsGHYKzN22xNW-9BUjx87lXC5KHGjagKsiT2RC2xfM3VroakZnZcGT43fwRh10JZuVJyznS-r&_nc_zt=23&_nc_ht=instagram.fyxd4-1.fna&_nc_gid=T-z5bvwFELXK1EgWMBPJ0Q&_nc_ss=72689&oh=00_AQGV18slPy2jqDc1WZ6dL2inSOKi4o17IKhkU95RDA9Otg&oe=6A93588A,https://www.instagram.com/p/DcbCSf6Efnj/
Machadão Atacadista,Outros,Vassoura Bettanin Varre Max,21.9,24/08/2026,https://instagram.fvgo1-1.fna.fbcdn.net/v/t39.30808-6/778957943_1356271786592779_7752166386009606157_n.jpg?stp=dst-jpg_e35_tt6&_nc_cat=104&ig_cache_key=Mzk3MDQwODc0MjgwNjA4NjE5OQ%3D%3D.3-ccb7-5&ccb=7-5&_nc_sid=58cdad&efg=eyJ2ZW5jb2RlX3RhZyI6IkNBUk9VU0VMX0lURU0ueHBpZHMuMTYzOC5zZHIucmVndWxhcl9waG90by5DMyJ9&_nc_ohc=RcYahv8xyOAQ7kNvwFclr7o&_nc_oc=AdpggEwR8aR2JOb_Uf6RYkFmtoApniV71TGIpgpULCqrlomRmUnPZ-PWowY0FcNLrWU&_nc_zt=23&_nc_ht=instagram.fvgo1-1.fna&_nc_gid=2YaBajca_LptN1d4Kr4FBA&_nc_ss=72a8c&oh=00_AQFLQLxB2axgBT5EfrnbfJxzqgj0Mm3bztNyCRQzYIRyLg&oe=6A93426E,https://www.instagram.com/p/DcZubq6D10t/
Machadão Atacadista,Outros,Caixa Organizadora Pleion Bioprática com Tampa 11L,21.9,24/08/2026,https://instagram.fvgo1-1.fna.fbcdn.net/v/t39.30808-6/778957943_1356271786592779_7752166386009606157_n.jpg?stp=dst-jpg_e35_tt6&_nc_cat=104&ig_cache_key=Mzk3MDQwODc0MjgwNjA4NjE5OQ%3D%3D.3-ccb7-5&ccb=7-5&_nc_sid=58cdad&efg=eyJ2ZW5jb2RlX3RhZyI6IkNBUk9VU0VMX0lURU0ueHBpZHMuMTYzOC5zZHIucmVndWxhcl9waG90by5DMyJ9&_nc_ohc=RcYahv8xyOAQ7kNvwFclr7o&_nc_oc=AdpggEwR8aR2JOb_Uf6RYkFmtoApniV71TGIpgpULCqrlomRmUnPZ-PWowY0FcNLrWU&_nc_zt=23&_nc_ht=instagram.fvgo1-1.fna&_nc_gid=2YaBajca_LptN1d4Kr4FBA&_nc_ss=72a8c&oh=00_AQFLQLxB2axgBT5EfrnbfJxzqgj0Mm3bztNyCRQzYIRyLg&oe=6A93426E,https://www.instagram.com/p/DcZubq6D10t/
DIÁRIO MT | Marketing e informação,Outros,Tigela de Vidro,23.9,24/08/2026,https://scontent-dfw5-2.cdninstagram.com/v/t51.82787-15/784426430_18112754675080502_5523164937015931681_n.jpg?stp=dst-jpg_e15_tt6&_nc_cat=100&ig_cache_key=Mzk3MTAyNzkwODk4MjQxNTExMzE4MTEyNzU0NjY5MDgwNTAy.3-ccb7-5&ccb=7-5&_nc_sid=58cdad&efg=eyJ2ZW5jb2RlX3RhZyI6IkNMSVBTLnhwaWRzLjcyMC5zZHIudmlkZW9fZGVmYXVsdF9jb3Zlcl9mcmFtZS5DMyJ9&_nc_ohc=T8Y6S1wr0AwQ7kNvwHQc8Ye&_nc_oc=Ado8EycmAQ1U-Urs2_sx1VnHYEa4Iex9rT4l_KPc8ieWsL4uEFyjtPe-uJL-d26-tE0&_nc_zt=23&_nc_ht=scontent-dfw5-2.cdninstagram.com&_nc_gid=PGGdYKuq5oelhYx2ry7SYw&_nc_ss=72a8c&oh=00_AQHNOAPsoKKsSaFCCzInedi6I43EVlVEo-OtzB5T87T0lQ&oe=6A93516B,https://www.instagram.com/p/Dcb7NgEDx8J/
Supermercado Bianchi,Outros,Creme Facial Nivea 100g,23.99,24/08/2026,https://scontent-man2-1.cdninstagram.com/v/t39.30808-6/784620919_1660330049430726_7690860967579283241_n.jpg?stp=dst-jpg_e35_tt6&_nc_cat=104&ig_cache_key=Mzk3MDg1ODEzMjQ1NzE4OTE0OA%3D%3D.3-ccb7-5&ccb=7-5&_nc_sid=58cdad&efg=eyJ2ZW5jb2RlX3RhZyI6IkZFRUQueHBpZHMuMTA4MC5zZHIucmVndWxhcl9waG90by5DMyJ9&_nc_ohc=kVs24eXKuXcQ7kNvwFdbcG7&_nc_oc=Adpd6U8S64knccFekGZISfBIFArxa_ShscacZP9GRWwgrturoWuB8BUQPljdsmzjdeA&_nc_zt=23&_nc_ht=scontent-man2-1.cdninstagram.com&_nc_gid=Bq5HOoLsi4HmJa0SpML2vw&_nc_ss=72a8c&oh=00_AQG1bEHnkFyRdQLWLzDjyByHkR84rdwQPSpbyb-5SSOXPA&oe=6A9354E1,https://www.instagram.com/p/DcbUm7WlO8c/
Machadão Atacadista,Outros,Frigideira Tramontina Alumínio Turim 16cm,24.9,24/08/2026,https://instagram.fvgo1-1.fna.fbcdn.net/v/t39.30808-6/778957943_1356271786592779_7752166386009606157_n.jpg?stp=dst-jpg_e35_tt6&_nc_cat=104&ig_cache_key=Mzk3MDQwODc0MjgwNjA4NjE5OQ%3D%3D.3-ccb7-5&ccb=7-5&_nc_sid=58cdad&efg=eyJ2ZW5jb2RlX3RhZyI6IkNBUk9VU0VMX0lURU0ueHBpZHMuMTYzOC5zZHIucmVndWxhcl9waG90by5DMyJ9&_nc_ohc=RcYahv8xyOAQ7kNvwFclr7o&_nc_oc=AdpggEwR8aR2JOb_Uf6RYkFmtoApniV71TGIpgpULCqrlomRmUnPZ-PWowY0FcNLrWU&_nc_zt=23&_nc_ht=instagram.fvgo1-1.fna&_nc_gid=2YaBajca_LptN1d4Kr4FBA&_nc_ss=72a8c&oh=00_AQFLQLxB2axgBT5EfrnbfJxzqgj0Mm3bztNyCRQzYIRyLg&oe=6A93426E,https://www.instagram.com/p/DcZubq6D10t/
Machadão Atacadista,Outros,Pé de Moleque Nutri Bonn 2kg,24.99,23/08/2026,https://scontent-ams2-1.cdninstagram.com/v/t39.30808-6/778972569_1356238123262812_5423956361795803380_n.jpg?stp=dst-jpg_e35_tt6&_nc_cat=106&ig_cache_key=Mzk3MDQwNjA2NTUzMDUzODgyNA%3D%3D.3-ccb7-5&ccb=7-5&_nc_sid=58cdad&efg=eyJ2ZW5jb2RlX3RhZyI6IkNBUk9VU0VMX0lURU0ueHBpZHMuMTQ0MC5zZHIucmVndWxhcl9waG90by5DMyJ9&_nc_ohc=fuwsMgP1G_oQ7kNvwETUbPu&_nc_oc=AdptkZCIr-pIpFs6tqtv1yGIDpDxpxwr3alkyjhjinJWUUPQUVrIonONim23wKfDdM0&_nc_zt=23&_nc_ht=scontent-ams2-1.cdninstagram.com&_nc_gid=Apty3V3QNLt-BStPKMQfeQ&_nc_ss=72a8c&oh=00_AQFs0fvfaCYeeRwNxKxhEWZKHM8NVKmXN8OOymE5NDcZvQ&oe=6A935480,https://www.instagram.com/p/DcZt02IgXYs/
Machadão Atacadista,Outros,Pé de Moleque Nutri Bonn 2kg,24.99,23/08/2026,https://scontent-ams2-1.cdninstagram.com/v/t39.30808-6/779292108_1356238126596145_5610087643213965884_n.jpg?stp=dst-jpg_e35_tt6&_nc_cat=109&ig_cache_key=Mzk3MDQwNjA2MzY4NTA0NzI1Ng%3D%3D.3-ccb7-5&ccb=7-5&_nc_sid=58cdad&efg=eyJ2ZW5jb2RlX3RhZyI6IkNBUk9VU0VMX0lURU0ueHBpZHMuMTQ0MC5zZHIucmVndWxhcl9waG90by5DMyJ9&_nc_ohc=YHirvlqGkpEQ7kNvwFc7wcv&_nc_oc=AdqOTkrpFdLEOWnuPszaA_-1KEzuIU51ndnQCy5Gu6aqQhHHhUK82tZPN0Nn3sl1RLo&_nc_zt=23&_nc_ht=scontent-ams2-1.cdninstagram.com&_nc_gid=Apty3V3QNLt-BStPKMQfeQ&_nc_ss=72a8c&oh=00_AQFO5gdPyL9ZA8kt8qWrOPGHEwyXldA9xRPRQOaKZHvVOg&oe=6A9326BE,https://www.instagram.com/p/DcZt02IgXYs/
Supermercado Bianchi,Outros,Soda Caústica Sodabel 1kg,24.99,24/08/2026,https://scontent-man2-1.cdninstagram.com/v/t39.30808-6/784620919_1660330049430726_7690860967579283241_n.jpg?stp=dst-jpg_e35_tt6&_nc_cat=104&ig_cache_key=Mzk3MDg1ODEzMjQ1NzE4OTE0OA%3D%3D.3-ccb7-5&ccb=7-5&_nc_sid=58cdad&efg=eyJ2ZW5jb2RlX3RhZyI6IkZFRUQueHBpZHMuMTA4MC5zZHIucmVndWxhcl9waG90by5DMyJ9&_nc_ohc=kVs24eXKuXcQ7kNvwFdbcG7&_nc_oc=Adpd6U8S64knccFekGZISfBIFArxa_ShscacZP9GRWwgrturoWuB8BUQPljdsmzjdeA&_nc_zt=23&_nc_ht=scontent-man2-1.cdninstagram.com&_nc_gid=Bq5HOoLsi4HmJa0SpML2vw&_nc_ss=72a8c&oh=00_AQG1bEHnkFyRdQLWLzDjyByHkR84rdwQPSpbyb-5SSOXPA&oe=6A9354E1,https://www.instagram.com/p/DcbUm7WlO8c/
Machadão Atacadista,Outros,Rodo Bettanin Push Médio,26.9,24/08/2026,https://instagram.fvgo1-1.fna.fbcdn.net/v/t39.30808-6/778957943_1356271786592779_7752166386009606157_n.jpg?stp=dst-jpg_e35_tt6&_nc_cat=104&ig_cache_key=Mzk3MDQwODc0MjgwNjA4NjE5OQ%3D%3D.3-ccb7-5&ccb=7-5&_nc_sid=58cdad&efg=eyJ2ZW5jb2RlX3RhZyI6IkNBUk9VU0VMX0lURU0ueHBpZHMuMTYzOC5zZHIucmVndWxhcl9waG90by5DMyJ9&_nc_ohc=RcYahv8xyOAQ7kNvwFclr7o&_nc_oc=AdpggEwR8aR2JOb_Uf6RYkFmtoApniV71TGIpgpULCqrlomRmUnPZ-PWowY0FcNLrWU&_nc_zt=23&_nc_ht=instagram.fvgo1-1.fna&_nc_gid=2YaBajca_LptN1d4Kr4FBA&_nc_ss=72a8c&oh=00_AQFLQLxB2axgBT5EfrnbfJxzqgj0Mm3bztNyCRQzYIRyLg&oe=6A93426E,https://www.instagram.com/p/DcZubq6D10t/
Supermercado Tuiuiú,Outros,Rabada Bovina kg,27.99,24/08/2026,https://scontent-icn2-1.cdninstagram.com/v/t51.82787-15/784394222_18580975084067900_4872012785985614414_n.jpg?stp=dst-jpg_e35_tt6&_nc_cat=108&ig_cache_key=Mzk3MDc5NjIzNjQ5OTkyMTAzOA%3D%3D.3-ccb7-5&ccb=7-5&_nc_sid=58cdad&efg=eyJ2ZW5jb2RlX3RhZyI6IkNBUk9VU0VMX0lURU0ueHBpZHMuMTA4MC5zZHIucmVndWxhcl9waG90by5DMyJ9&_nc_ohc=g6fH4a3YGPAQ7kNvwH5lBne&_nc_oc=AdpQ_M7xoFPRo-VkbWhv8jHV2DqjmJ4cE_hJoAob2kVOydoxEGjjqfuUNxYTls8ippA&_nc_zt=23&_nc_ht=scontent-icn2-1.cdninstagram.com&_nc_gid=GKWI6IT2Qrj9_lnOoEGBcQ&_nc_ss=72289&oh=00_AQERMa9p5EWIArPY5mA2x9EEji-OFmT-rcI30j8yhqWQTw&oe=6A9331C3,https://www.instagram.com/p/DcbGjHNlQSs/
Machadão Atacadista,Outros,Escumadeira Brinox 11.5x50.5cm,27.99,23/08/2026,https://scontent-ams2-1.cdninstagram.com/v/t39.30808-6/778958180_1356238129929478_2325913015574542258_n.jpg?stp=dst-jpg_e35_tt6&_nc_cat=102&ig_cache_key=Mzk3MDQwNjA2NTc0MDI2MDU2NA%3D%3D.3-ccb7-5&ccb=7-5&_nc_sid=58cdad&efg=eyJ2ZW5jb2RlX3RhZyI6IkNBUk9VU0VMX0lURU0ueHBpZHMuMTQ0MC5zZHIucmVndWxhcl9waG90by5DMyJ9&_nc_ohc=hBCZnXY1qCMQ7kNvwHL9VCC&_nc_oc=AdocL0KQ0VGSo2iKnroW8_qxt9uwyHILBbGWdHcP70OcG5i1UEeVQKocB0T-VxGc78k&_nc_zt=23&_nc_ht=scontent-ams2-1.cdninstagram.com&_nc_gid=Apty3V3QNLt-BStPKMQfeQ&_nc_ss=72a8c&oh=00_AQHlfE_YXkkSwjb5urycrl-kwe6CuWlAIofJZklMTFsGRQ&oe=6A933F4A,https://www.instagram.com/p/DcZt02IgXYs/
Machadão Atacadista,Outros,Escumadeira Brinox Pro 11.5x50.5cm,27.99,23/08/2026,https://scontent-ams2-1.cdninstagram.com/v/t39.30808-6/780104401_1356238156596142_1480217435166211985_n.jpg?stp=dst-jpg_e35_tt6&_nc_cat=105&ig_cache_key=Mzk3MDQwNjA2NDA5NjEwMTQ1NQ%3D%3D.3-ccb7-5&ccb=7-5&_nc_sid=58cdad&efg=eyJ2ZW5jb2RlX3RhZyI6IkNBUk9VU0VMX0lURU0ueHBpZHMuMTQ0MC5zZHIucmVndWxhcl9waG90by5DMyJ9&_nc_ohc=lTNObl1cFPcQ7kNvwGDumda&_nc_oc=Ado0Pe3hxU04Vo50Xwn-SqT2I1wl4JLN9Jjbt2J0rXmXn8eG8fTpTj3Dm6-HqrSQ3gM&_nc_zt=23&_nc_ht=scontent-ams2-1.cdninstagram.com&_nc_gid=Apty3V3QNLt-BStPKMQfeQ&_nc_ss=72a8c&oh=00_AQEvt8i4zzPkYD0QkXeciOypu02JUHhqKfPT0aYMmKqEQQ&oe=6A934FD4,https://www.instagram.com/p/DcZt02IgXYs/
DIÁRIO MT | Marketing e informação,Outros,Tigela de Vidro,29.9,24/08/2026,https://scontent-dfw5-2.cdninstagram.com/v/t51.82787-15/784426430_18112754675080502_5523164937015931681_n.jpg?stp=dst-jpg_e15_tt6&_nc_cat=100&ig_cache_key=Mzk3MTAyNzkwODk4MjQxNTExMzE4MTEyNzU0NjY5MDgwNTAy.3-ccb7-5&ccb=7-5&_nc_sid=58cdad&efg=eyJ2ZW5jb2RlX3RhZyI6IkNMSVBTLnhwaWRzLjcyMC5zZHIudmlkZW9fZGVmYXVsdF9jb3Zlcl9mcmFtZS5DMyJ9&_nc_ohc=T8Y6S1wr0AwQ7kNvwHQc8Ye&_nc_oc=Ado8EycmAQ1U-Urs2_sx1VnHYEa4Iex9rT4l_KPc8ieWsL4uEFyjtPe-uJL-d26-tE0&_nc_zt=23&_nc_ht=scontent-dfw5-2.cdninstagram.com&_nc_gid=PGGdYKuq5oelhYx2ry7SYw&_nc_ss=72a8c&oh=00_AQHNOAPsoKKsSaFCCzInedi6I43EVlVEo-OtzB5T87T0lQ&oe=6A93516B,https://www.instagram.com/p/Dcb7NgEDx8J/
Supermercado Tuiuiú,Outros,Salgadinho Frito kg,29.99,20/08/2026,https://scontent-syd2-1.cdninstagram.com/v/t39.30808-6/775523840_1712126794254472_8264970676281627936_n.jpg?stp=dst-jpg_e35_tt6&_nc_cat=102&ig_cache_key=Mzk2Nzg2MzQ3ODc3NDkzNTMxNQ%3D%3D.3-ccb7-5&ccb=7-5&_nc_sid=58cdad&efg=eyJ2ZW5jb2RlX3RhZyI6IkNBUk9VU0VMX0lURU0ueHBpZHMuMTI1NC5zZHIucmVndWxhcl9waG90by5DMyJ9&_nc_ohc=M-VlmltmfLAQ7kNvwGhS4vV&_nc_oc=AdoAElzhamFWUTPVpYrqvuOfi59BaPaP2DohKQvLQOfMNJt39flpu3CeTn4uhFmKFNRWj-CZVrKAqlgSOYWJqtsk&_nc_zt=23&_nc_ht=scontent-syd2-1.cdninstagram.com&_nc_gid=F3yY0pocLVFeiZGf_vXq8w&_nc_ss=72289&oh=00_AQFOsCTvbnCiAJLmoan7c-LumaaZmsxyNj7IxS2RuURuUA&oe=6A9323EC,https://www.instagram.com/p/DcQrtOmIPUZ/
SUPERMERCADO PARANAENSE,Outros,Creme de Pentear Salon Line 1kg,29.99,24/08/2026,https://scontent-yyz1-1.cdninstagram.com/v/t51.82787-15/786158033_17906990622496981_4554436689859059284_n.jpg?stp=dst-jpg_e35_tt6&_nc_cat=108&ig_cache_key=Mzk3MDc1Nzk3MTU2NDU0MjYxMQ%3D%3D.3-ccb7-5&ccb=7-5&_nc_sid=58cdad&efg=eyJ2ZW5jb2RlX3RhZyI6IkZFRUQueHBpZHMuMTM1MC5zZHIucmVndWxhcl9waG90by5DMyJ9&_nc_ohc=xzVr4BNBpH0Q7kNvwEZICO5&_nc_oc=AdrnZwNOvcWb-4m7KMkzp_s9JIMfWUwcR01KDgT0wqnPnBUOJ1m2j0IT-Ec0iHkTU_y3m3LrmyED67QDekwCTXu2&_nc_zt=23&_nc_ht=scontent-yyz1-1.cdninstagram.com&_nc_gid=54-XGzFjYj7ZiUExL8X-oQ&_nc_ss=72289&oh=00_AQEq4ldRV7cpGjUuaxxzgLw7Fj_bZmzBSFYg5potoH_Qew&oe=6A934C0B,https://www.instagram.com/p/Dca91ZQJ7qT/
SUPERMERCADO PARANAENSE,Outros,Ponta de Peito Bovino kg,31.99,21/08/2026,https://scontent-ber1-1.cdninstagram.com/v/t51.82787-15/782639788_17906516796496981_1020296803527373493_n.jpg?stp=dst-jpg_e35_tt6&_nc_cat=106&ig_cache_key=Mzk2ODI0NTY3NDgyMDQ2MDk5NA%3D%3D.3-ccb7-5&ccb=7-5&_nc_sid=58cdad&efg=eyJ2ZW5jb2RlX3RhZyI6IkZFRUQueHBpZHMuMTM1MC5zZHIucmVndWxhcl9waG90by5DMyJ9&_nc_ohc=gbll6KSmx0QQ7kNvwF4nclA&_nc_oc=Adq7921HdQfCt-sH9Er55ek1Dt_wQtkZ2ghl6Ae8c3_XPvrckHtm5C8OdLuTNBDF_8Q&_nc_zt=23&_nc_ht=scontent-ber1-1.cdninstagram.com&_nc_gid=-7wpgcZWKRWnwaeI9FRp4w&_nc_ss=7ca8c&oh=00_AQHIA7lVJRy_nw0kyT2UqDN67NHh6IneVxOdOJcWmAPMFA&oe=6A933CCD,https://www.instagram.com/p/DcSCmqlJ2HC/
Machadão Atacadista,Outros,Picadinho de Carne Mach Foods,32.9,24/08/2026,https://scontent-yyz1-1.cdninstagram.com/v/t39.30808-6/783609477_1358137313072893_1947060668427409111_n.jpg?stp=dst-jpg_e35_tt6&_nc_cat=100&ig_cache_key=Mzk3MTEzMDgwNTU2MDYyODM3Mw%3D%3D.3-ccb7-5&ccb=7-5&_nc_sid=58cdad&efg=eyJ2ZW5jb2RlX3RhZyI6IkNBUk9VU0VMX0lURU0ueHBpZHMuMTYzOC5zZHIucmVndWxhcl9waG90by5DMyJ9&_nc_ohc=sgl3ype8pFgQ7kNvwEMNxci&_nc_oc=Adq-qXXAD8CqxcpXgg2P5PT0i5GD1NitaMWW8WUrFHc2lMaOEG4TSjaUB7Ym4rDdI04&_nc_zt=23&_nc_ht=scontent-yyz1-1.cdninstagram.com&_nc_gid=4UUga57sc4C6QWl5iZLhfQ&_nc_ss=72289&oh=00_AQEBReJTIhpD7gy0TRBrOrc_8KYkeRGQLdReJ-bJrTiZMg&oe=6A933B0A,https://www.instagram.com/p/DccSnEDjaBF/
DIÁRIO MT | Marketing e informação,Outros,Vaso Plástico,34.9,24/08/2026,https://scontent-dfw5-2.cdninstagram.com/v/t51.82787-15/784426430_18112754675080502_5523164937015931681_n.jpg?stp=dst-jpg_e15_tt6&_nc_cat=100&ig_cache_key=Mzk3MTAyNzkwODk4MjQxNTExMzE4MTEyNzU0NjY5MDgwNTAy.3-ccb7-5&ccb=7-5&_nc_sid=58cdad&efg=eyJ2ZW5jb2RlX3RhZyI6IkNMSVBTLnhwaWRzLjcyMC5zZHIudmlkZW9fZGVmYXVsdF9jb3Zlcl9mcmFtZS5DMyJ9&_nc_ohc=T8Y6S1wr0AwQ7kNvwHQc8Ye&_nc_oc=Ado8EycmAQ1U-Urs2_sx1VnHYEa4Iex9rT4l_KPc8ieWsL4uEFyjtPe-uJL-d26-tE0&_nc_zt=23&_nc_ht=scontent-dfw5-2.cdninstagram.com&_nc_gid=PGGdYKuq5oelhYx2ry7SYw&_nc_ss=72a8c&oh=00_AQHNOAPsoKKsSaFCCzInedi6I43EVlVEo-OtzB5T87T0lQ&oe=6A93516B,https://www.instagram.com/p/Dcb7NgEDx8J/
Super Compras Supermercado,Outros,Ponta de Peito Bovina kg,34.99,22/08/2026,https://scontent-nrt1-1.cdninstagram.com/v/t51.82787-15/781425562_18192143110391764_1116124836587707156_n.jpg?stp=dst-jpg_e35_tt6&_nc_cat=103&ig_cache_key=Mzk2ODk1MTQ4MDU4NDU2NzM5OQ%3D%3D.3-ccb7-5&ccb=7-5&_nc_sid=58cdad&efg=eyJ2ZW5jb2RlX3RhZyI6IkZFRUQueHBpZHMuMTQ0MC5zZHIucmVndWxhcl9waG90by5DMyJ9&_nc_ohc=FnigSYXdvhUQ7kNvwGRkcAG&_nc_oc=AdonCCxXHqGTg_PWXyB1JgNdcqEH_vwJJWL680R28EmNOK2bM5C2WZM7cy119AH_gLdlXnMljHveyI95cRbzLUPs&_nc_zt=23&_nc_ht=scontent-nrt1-1.cdninstagram.com&_nc_gid=Zy6soJZ4nQgZ51IpDvUjQQ&_nc_ss=72689&oh=00_AQE0ZBvL8gk1k0OD2tKfuVSe0Dd82iIDS1jZDljIS0bHaQ&oe=6A932EE0,https://www.instagram.com/p/DcUjFfbAPpn/
DIÁRIO MT | Marketing e informação,Outros,Tigela de Vidro Marinex,42.9,24/08/2026,https://scontent-dfw5-2.cdninstagram.com/v/t51.82787-15/784426430_18112754675080502_5523164937015931681_n.jpg?stp=dst-jpg_e15_tt6&_nc_cat=100&ig_cache_key=Mzk3MTAyNzkwODk4MjQxNTExMzE4MTEyNzU0NjY5MDgwNTAy.3-ccb7-5&ccb=7-5&_nc_sid=58cdad&efg=eyJ2ZW5jb2RlX3RhZyI6IkNMSVBTLnhwaWRzLjcyMC5zZHIudmlkZW9fZGVmYXVsdF9jb3Zlcl9mcmFtZS5DMyJ9&_nc_ohc=T8Y6S1wr0AwQ7kNvwHQc8Ye&_nc_oc=Ado8EycmAQ1U-Urs2_sx1VnHYEa4Iex9rT4l_KPc8ieWsL4uEFyjtPe-uJL-d26-tE0&_nc_zt=23&_nc_ht=scontent-dfw5-2.cdninstagram.com&_nc_gid=PGGdYKuq5oelhYx2ry7SYw&_nc_ss=72a8c&oh=00_AQHNOAPsoKKsSaFCCzInedi6I43EVlVEo-OtzB5T87T0lQ&oe=6A93516B,https://www.instagram.com/p/Dcb7NgEDx8J/
Bom Jesus Primavera do Leste 🛒,Outros,Assadeira Marinex 3.5L,44.9,21/08/2026,https://scontent-icn2-1.cdninstagram.com/v/t51.82787-15/779844446_18373759273237813_717042095228036520_n.jpg?stp=dst-jpg_e35_tt6&_nc_cat=101&ig_cache_key=Mzk2ODYwMzg2MjA2MzE4NjIyMQ%3D%3D.3-ccb7-5&ccb=7-5&_nc_sid=58cdad&efg=eyJ2ZW5jb2RlX3RhZyI6IkNBUk9VU0VMX0lURU0ueHBpZHMuMTA4MC5zZHIucmVndWxhcl9waG90by5DMyJ9&_nc_ohc=m8__0j7aHxEQ7kNvwHKRG_v&_nc_oc=AdqHVv_gNO3gdGsw5CmHS3rMjWdD8zLkLs5OZklvJHeD7Ntv9Lbw_rWNmhjjszd5fpM&_nc_zt=23&_nc_ht=scontent-icn2-1.cdninstagram.com&_nc_gid=mgYzv2qK_1weCrj6V3YCEQ&_nc_ss=7c689&oh=00_AQHM_Bw-Hwb2wJshLDBIXCYdSPckqlREnCJDyc5n0eCtkQ&oe=6A9357F0,https://www.instagram.com/p/DcTUD7jlm8n/
DIÁRIO MT | Marketing e informação,Outros,Tigela de Vidro,49.9,24/08/2026,https://scontent-dfw5-2.cdninstagram.com/v/t51.82787-15/784426430_18112754675080502_5523164937015931681_n.jpg?stp=dst-jpg_e15_tt6&_nc_cat=100&ig_cache_key=Mzk3MTAyNzkwODk4MjQxNTExMzE4MTEyNzU0NjY5MDgwNTAy.3-ccb7-5&ccb=7-5&_nc_sid=58cdad&efg=eyJ2ZW5jb2RlX3RhZyI6IkNMSVBTLnhwaWRzLjcyMC5zZHIudmlkZW9fZGVmYXVsdF9jb3Zlcl9mcmFtZS5DMyJ9&_nc_ohc=T8Y6S1wr0AwQ7kNvwHQc8Ye&_nc_oc=Ado8EycmAQ1U-Urs2_sx1VnHYEa4Iex9rT4l_KPc8ieWsL4uEFyjtPe-uJL-d26-tE0&_nc_zt=23&_nc_ht=scontent-dfw5-2.cdninstagram.com&_nc_gid=PGGdYKuq5oelhYx2ry7SYw&_nc_ss=72a8c&oh=00_AQHNOAPsoKKsSaFCCzInedi6I43EVlVEo-OtzB5T87T0lQ&oe=6A93516B,https://www.instagram.com/p/Dcb7NgEDx8J/
Machadão Atacadista,Outros,Marmitex de Alumínio Wyda Nº9 100un,69.9,24/08/2026,https://instagram.fvgo1-1.fna.fbcdn.net/v/t39.30808-6/778957943_1356271786592779_7752166386009606157_n.jpg?stp=dst-jpg_e35_tt6&_nc_cat=104&ig_cache_key=Mzk3MDQwODc0MjgwNjA4NjE5OQ%3D%3D.3-ccb7-5&ccb=7-5&_nc_sid=58cdad&efg=eyJ2ZW5jb2RlX3RhZyI6IkNBUk9VU0VMX0lURU0ueHBpZHMuMTYzOC5zZHIucmVndWxhcl9waG90by5DMyJ9&_nc_ohc=RcYahv8xyOAQ7kNvwFclr7o&_nc_oc=AdpggEwR8aR2JOb_Uf6RYkFmtoApniV71TGIpgpULCqrlomRmUnPZ-PWowY0FcNLrWU&_nc_zt=23&_nc_ht=instagram.fvgo1-1.fna&_nc_gid=2YaBajca_LptN1d4Kr4FBA&_nc_ss=72a8c&oh=00_AQFLQLxB2axgBT5EfrnbfJxzqgj0Mm3bztNyCRQzYIRyLg&oe=6A93426E,https://www.instagram.com/p/DcZubq6D10t/
DIÁRIO MT | Marketing e informação,Outros,Assadeira de Vidro Marinex,69.9,24/08/2026,https://scontent-dfw5-2.cdninstagram.com/v/t51.82787-15/784426430_18112754675080502_5523164937015931681_n.jpg?stp=dst-jpg_e15_tt6&_nc_cat=100&ig_cache_key=Mzk3MTAyNzkwODk4MjQxNTExMzE4MTEyNzU0NjY5MDgwNTAy.3-ccb7-5&ccb=7-5&_nc_sid=58cdad&efg=eyJ2ZW5jb2RlX3RhZyI6IkNMSVBTLnhwaWRzLjcyMC5zZHIudmlkZW9fZGVmYXVsdF9jb3Zlcl9mcmFtZS5DMyJ9&_nc_ohc=T8Y6S1wr0AwQ7kNvwHQc8Ye&_nc_oc=Ado8EycmAQ1U-Urs2_sx1VnHYEa4Iex9rT4l_KPc8ieWsL4uEFyjtPe-uJL-d26-tE0&_nc_zt=23&_nc_ht=scontent-dfw5-2.cdninstagram.com&_nc_gid=PGGdYKuq5oelhYx2ry7SYw&_nc_ss=72a8c&oh=00_AQHNOAPsoKKsSaFCCzInedi6I43EVlVEo-OtzB5T87T0lQ&oe=6A93516B,https://www.instagram.com/p/Dcb7NgEDx8J/
Supermercado Bianchi,Outros,Caixa Térmica Mor 18L,69.9,21/08/2026,https://instagram.fjal2-1.fna.fbcdn.net/v/t39.30808-6/782170702_1657849206345477_5831566733473110975_n.jpg?stp=dst-jpg_e35_tt6&_nc_cat=100&ig_cache_key=Mzk2ODk0NTQxMzExMjgxNzUxNQ%3D%3D.3-ccb7-5&ccb=7-5&_nc_sid=58cdad&efg=eyJ2ZW5jb2RlX3RhZyI6IkNBUk9VU0VMX0lURU0ueHBpZHMuMTYzOC5zZHIucmVndWxhcl9waG90by5DMyJ9&_nc_ohc=nPR0J7MpbqkQ7kNvwGTufPc&_nc_oc=AdrAnofScMGb7JEy3acLCjyQ8V_EYDdJrcrNUmu0PZ-Jzn2cfdSSNstL_TJXGBzUoA6T3OKZFwcdPAs4-xwl7CKu&_nc_zt=23&_nc_ht=instagram.fjal2-1.fna&_nc_gid=NvcNX2IA17yahy36SxQO3g&_nc_ss=72a8c&oh=00_AQEnMbAF_4-1Bgtm-jMT5QqOJC0j1s5xGTZsLfyRKtQHzA&oe=6A932677,https://www.instagram.com/p/DcUhthogY_o/
Machadão Atacadista,Outros,Filme PVC Braspratick 28cmx300mt,74.9,23/08/2026,https://scontent-ams2-1.cdninstagram.com/v/t39.30808-6/778958180_1356238129929478_2325913015574542258_n.jpg?stp=dst-jpg_e35_tt6&_nc_cat=102&ig_cache_key=Mzk3MDQwNjA2NTc0MDI2MDU2NA%3D%3D.3-ccb7-5&ccb=7-5&_nc_sid=58cdad&efg=eyJ2ZW5jb2RlX3RhZyI6IkNBUk9VU0VMX0lURU0ueHBpZHMuMTQ0MC5zZHIucmVndWxhcl9waG90by5DMyJ9&_nc_ohc=hBCZnXY1qCMQ7kNvwHL9VCC&_nc_oc=AdocL0KQ0VGSo2iKnroW8_qxt9uwyHILBbGWdHcP70OcG5i1UEeVQKocB0T-VxGc78k&_nc_zt=23&_nc_ht=scontent-ams2-1.cdninstagram.com&_nc_gid=Apty3V3QNLt-BStPKMQfeQ&_nc_ss=72a8c&oh=00_AQHlfE_YXkkSwjb5urycrl-kwe6CuWlAIofJZklMTFsGRQ&oe=6A933F4A,https://www.instagram.com/p/DcZt02IgXYs/
Machadão Atacadista,Outros,Filme PVC Braspratick 28cmx300m,74.9,23/08/2026,https://scontent-ams2-1.cdninstagram.com/v/t39.30808-6/780104401_1356238156596142_1480217435166211985_n.jpg?stp=dst-jpg_e35_tt6&_nc_cat=105&ig_cache_key=Mzk3MDQwNjA2NDA5NjEwMTQ1NQ%3D%3D.3-ccb7-5&ccb=7-5&_nc_sid=58cdad&efg=eyJ2ZW5jb2RlX3RhZyI6IkNBUk9VU0VMX0lURU0ueHBpZHMuMTQ0MC5zZHIucmVndWxhcl9waG90by5DMyJ9&_nc_ohc=lTNObl1cFPcQ7kNvwGDumda&_nc_oc=Ado0Pe3hxU04Vo50Xwn-SqT2I1wl4JLN9Jjbt2J0rXmXn8eG8fTpTj3Dm6-HqrSQ3gM&_nc_zt=23&_nc_ht=scontent-ams2-1.cdninstagram.com&_nc_gid=Apty3V3QNLt-BStPKMQfeQ&_nc_ss=72a8c&oh=00_AQEvt8i4zzPkYD0QkXeciOypu02JUHhqKfPT0aYMmKqEQQ&oe=6A934FD4,https://www.instagram.com/p/DcZt02IgXYs/
DIÁRIO MT | Marketing e informação,Outros,Conjunto de Assadeiras de Vidro Marinex,82.9,24/08/2026,https://scontent-dfw5-2.cdninstagram.com/v/t51.82787-15/784426430_18112754675080502_5523164937015931681_n.jpg?stp=dst-jpg_e15_tt6&_nc_cat=100&ig_cache_key=Mzk3MTAyNzkwODk4MjQxNTExMzE4MTEyNzU0NjY5MDgwNTAy.3-ccb7-5&ccb=7-5&_nc_sid=58cdad&efg=eyJ2ZW5jb2RlX3RhZyI6IkNMSVBTLnhwaWRzLjcyMC5zZHIudmlkZW9fZGVmYXVsdF9jb3Zlcl9mcmFtZS5DMyJ9&_nc_ohc=T8Y6S1wr0AwQ7kNvwHQc8Ye&_nc_oc=Ado8EycmAQ1U-Urs2_sx1VnHYEa4Iex9rT4l_KPc8ieWsL4uEFyjtPe-uJL-d26-tE0&_nc_zt=23&_nc_ht=scontent-dfw5-2.cdninstagram.com&_nc_gid=PGGdYKuq5oelhYx2ry7SYw&_nc_ss=72a8c&oh=00_AQHNOAPsoKKsSaFCCzInedi6I43EVlVEo-OtzB5T87T0lQ&oe=6A93516B,https://www.instagram.com/p/Dcb7NgEDx8J/
Machadão Atacadista,Outros,Margarina Coamo 14.5kg,129.9,23/08/2026,https://scontent-ams2-1.cdninstagram.com/v/t39.30808-6/778972569_1356238123262812_5423956361795803380_n.jpg?stp=dst-jpg_e35_tt6&_nc_cat=106&ig_cache_key=Mzk3MDQwNjA2NTUzMDUzODgyNA%3D%3D.3-ccb7-5&ccb=7-5&_nc_sid=58cdad&efg=eyJ2ZW5jb2RlX3RhZyI6IkNBUk9VU0VMX0lURU0ueHBpZHMuMTQ0MC5zZHIucmVndWxhcl9waG90by5DMyJ9&_nc_ohc=fuwsMgP1G_oQ7kNvwETUbPu&_nc_oc=AdptkZCIr-pIpFs6tqtv1yGIDpDxpxwr3alkyjhjinJWUUPQUVrIonONim23wKfDdM0&_nc_zt=23&_nc_ht=scontent-ams2-1.cdninstagram.com&_nc_gid=Apty3V3QNLt-BStPKMQfeQ&_nc_ss=72a8c&oh=00_AQFs0fvfaCYeeRwNxKxhEWZKHM8NVKmXN8OOymE5NDcZvQ&oe=6A935480,https://www.instagram.com/p/DcZt02IgXYs/
Machadão Atacadista,Outros,Margarina Coamo 14.5kg,129.9,23/08/2026,https://scontent-ams2-1.cdninstagram.com/v/t39.30808-6/779292108_1356238126596145_5610087643213965884_n.jpg?stp=dst-jpg_e35_tt6&_nc_cat=109&ig_cache_key=Mzk3MDQwNjA2MzY4NTA0NzI1Ng%3D%3D.3-ccb7-5&ccb=7-5&_nc_sid=58cdad&efg=eyJ2ZW5jb2RlX3RhZyI6IkNBUk9VU0VMX0lURU0ueHBpZHMuMTQ0MC5zZHIucmVndWxhcl9waG90by5DMyJ9&_nc_ohc=YHirvlqGkpEQ7kNvwFc7wcv&_nc_oc=AdqOTkrpFdLEOWnuPszaA_-1KEzuIU51ndnQCy5Gu6aqQhHHhUK82tZPN0Nn3sl1RLo&_nc_zt=23&_nc_ht=scontent-ams2-1.cdninstagram.com&_nc_gid=Apty3V3QNLt-BStPKMQfeQ&_nc_ss=72a8c&oh=00_AQFO5gdPyL9ZA8kt8qWrOPGHEwyXldA9xRPRQOaKZHvVOg&oe=6A9326BE,https://www.instagram.com/p/DcZt02IgXYs/
Supermercado Bianchi,Padaria / Congelados,Pão de Queijo Mc 1kg,14.99,21/08/2026,https://instagram.fjal2-1.fna.fbcdn.net/v/t39.30808-6/784063255_1657849239678807_5513880334027503636_n.jpg?stp=dst-jpg_e35_tt6&_nc_cat=101&ig_cache_key=Mzk2ODk0NTQxMjQ4MzY4NTI0Mg%3D%3D.3-ccb7-5&ccb=7-5&_nc_sid=58cdad&efg=eyJ2ZW5jb2RlX3RhZyI6IkNBUk9VU0VMX0lURU0ueHBpZHMuMTYzOC5zZHIucmVndWxhcl9waG90by5DMyJ9&_nc_ohc=Vhjobc6nt_UQ7kNvwFZnvtX&_nc_oc=AdpoM8Aes2TqjbwNPdRPGBqQ6dUnYfzZz28APv7knXkRHJ4uZUh_dk1CjGr-9ddBYWIi54pPTSHKiNri3FvKhNCn&_nc_zt=23&_nc_ht=instagram.fjal2-1.fna&_nc_gid=NvcNX2IA17yahy36SxQO3g&_nc_ss=72a8c&oh=00_AQGP-fDpvpKoPXGOhjFSnM8ysPJHqFjio8exB0zOljyt7g&oe=6A934875,https://www.instagram.com/p/DcUhthogY_o/
Supermercado Tuiuiú,Padaria / Congelados,Pão de Queijo kg,18.99,20/08/2026,https://scontent-syd2-1.cdninstagram.com/v/t39.30808-6/775523840_1712126794254472_8264970676281627936_n.jpg?stp=dst-jpg_e35_tt6&_nc_cat=102&ig_cache_key=Mzk2Nzg2MzQ3ODc3NDkzNTMxNQ%3D%3D.3-ccb7-5&ccb=7-5&_nc_sid=58cdad&efg=eyJ2ZW5jb2RlX3RhZyI6IkNBUk9VU0VMX0lURU0ueHBpZHMuMTI1NC5zZHIucmVndWxhcl9waG90by5DMyJ9&_nc_ohc=M-VlmltmfLAQ7kNvwGhS4vV&_nc_oc=AdoAElzhamFWUTPVpYrqvuOfi59BaPaP2DohKQvLQOfMNJt39flpu3CeTn4uhFmKFNRWj-CZVrKAqlgSOYWJqtsk&_nc_zt=23&_nc_ht=scontent-syd2-1.cdninstagram.com&_nc_gid=F3yY0pocLVFeiZGf_vXq8w&_nc_ss=72289&oh=00_AQFOsCTvbnCiAJLmoan7c-LumaaZmsxyNj7IxS2RuURuUA&oe=6A9323EC,https://www.instagram.com/p/DcQrtOmIPUZ/
Bom Jesus Primavera do Leste 🛒,Padaria / Pães,Pão de Forma Visconti 400g,6.49,21/08/2026,https://scontent-icn2-1.cdninstagram.com/v/t51.82787-15/779844446_18373759273237813_717042095228036520_n.jpg?stp=dst-jpg_e35_tt6&_nc_cat=101&ig_cache_key=Mzk2ODYwMzg2MjA2MzE4NjIyMQ%3D%3D.3-ccb7-5&ccb=7-5&_nc_sid=58cdad&efg=eyJ2ZW5jb2RlX3RhZyI6IkNBUk9VU0VMX0lURU0ueHBpZHMuMTA4MC5zZHIucmVndWxhcl9waG90by5DMyJ9&_nc_ohc=m8__0j7aHxEQ7kNvwHKRG_v&_nc_oc=AdqHVv_gNO3gdGsw5CmHS3rMjWdD8zLkLs5OZklvJHeD7Ntv9Lbw_rWNmhjjszd5fpM&_nc_zt=23&_nc_ht=scontent-icn2-1.cdninstagram.com&_nc_gid=mgYzv2qK_1weCrj6V3YCEQ&_nc_ss=7c689&oh=00_AQHM_Bw-Hwb2wJshLDBIXCYdSPckqlREnCJDyc5n0eCtkQ&oe=6A9357F0,https://www.instagram.com/p/DcTUD7jlm8n/
Supermercado Tuiuiú,Padaria / Pães,Pão Francês kg,9.99,20/08/2026,https://scontent-syd2-1.cdninstagram.com/v/t39.30808-6/775523840_1712126794254472_8264970676281627936_n.jpg?stp=dst-jpg_e35_tt6&_nc_cat=102&ig_cache_key=Mzk2Nzg2MzQ3ODc3NDkzNTMxNQ%3D%3D.3-ccb7-5&ccb=7-5&_nc_sid=58cdad&efg=eyJ2ZW5jb2RlX3RhZyI6IkNBUk9VU0VMX0lURU0ueHBpZHMuMTI1NC5zZHIucmVndWxhcl9waG90by5DMyJ9&_nc_ohc=M-VlmltmfLAQ7kNvwGhS4vV&_nc_oc=AdoAElzhamFWUTPVpYrqvuOfi59BaPaP2DohKQvLQOfMNJt39flpu3CeTn4uhFmKFNRWj-CZVrKAqlgSOYWJqtsk&_nc_zt=23&_nc_ht=scontent-syd2-1.cdninstagram.com&_nc_gid=F3yY0pocLVFeiZGf_vXq8w&_nc_ss=72289&oh=00_AQFOsCTvbnCiAJLmoan7c-LumaaZmsxyNj7IxS2RuURuUA&oe=6A9323EC,https://www.instagram.com/p/DcQrtOmIPUZ/
Super Compras Supermercado,Padaria / Pães,Pão de Alho Boua 300g,10.99,21/08/2026,https://instagram.fgig29-1.fna.fbcdn.net/v/t51.82787-15/780140079_18192045034391764_7683991793781918786_n.jpg?stp=dst-jpg_e35_tt6&_nc_cat=103&ig_cache_key=Mzk2ODIxODA0ODc2ODI1MjE2NA%3D%3D.3-ccb7-5&ccb=7-5&_nc_sid=58cdad&efg=eyJ2ZW5jb2RlX3RhZyI6IkZFRUQueHBpZHMuMTQ0MC5zZHIucmVndWxhcl9waG90by5DMyJ9&_nc_ohc=Su6wo4o_AAEQ7kNvwEhIKwv&_nc_oc=Adop14jhGwGsK-bp6D3YEHQJ6HwDHtBtexHXhw6HYKAJYDmwZZmTrajCg4EMgL1O7-8&_nc_zt=23&_nc_ht=instagram.fgig29-1.fna&_nc_gid=Ta7xc8L_GEbjc0S-7rvaLA&_nc_ss=72289&oh=00_AQF3vMlvNFUTXZgHuAOtRk290jCsXzLDpnshBiUayp-88Q&oe=6A9356AE,https://www.instagram.com/p/DcR8Up0IBkE/
Supermercado Tuiuiú,Pet Shop,Coração Bovino kg,7.99,24/08/2026,https://scontent-icn2-1.cdninstagram.com/v/t51.82787-15/784394222_18580975084067900_4872012785985614414_n.jpg?stp=dst-jpg_e35_tt6&_nc_cat=108&ig_cache_key=Mzk3MDc5NjIzNjQ5OTkyMTAzOA%3D%3D.3-ccb7-5&ccb=7-5&_nc_sid=58cdad&efg=eyJ2ZW5jb2RlX3RhZyI6IkNBUk9VU0VMX0lURU0ueHBpZHMuMTA4MC5zZHIucmVndWxhcl9waG90by5DMyJ9&_nc_ohc=g6fH4a3YGPAQ7kNvwH5lBne&_nc_oc=AdpQ_M7xoFPRo-VkbWhv8jHV2DqjmJ4cE_hJoAob2kVOydoxEGjjqfuUNxYTls8ippA&_nc_zt=23&_nc_ht=scontent-icn2-1.cdninstagram.com&_nc_gid=GKWI6IT2Qrj9_lnOoEGBcQ&_nc_ss=72289&oh=00_AQERMa9p5EWIArPY5mA2x9EEji-OFmT-rcI30j8yhqWQTw&oe=6A9331C3,https://www.instagram.com/p/DcbGjHNlQSs/
Machadão Atacadista,Pet Shop,Ração Para Cães Adultos Dog Delícia 7kg,38.9,24/08/2026,https://instagram.fvgo1-1.fna.fbcdn.net/v/t39.30808-6/778957943_1356271786592779_7752166386009606157_n.jpg?stp=dst-jpg_e35_tt6&_nc_cat=104&ig_cache_key=Mzk3MDQwODc0MjgwNjA4NjE5OQ%3D%3D.3-ccb7-5&ccb=7-5&_nc_sid=58cdad&efg=eyJ2ZW5jb2RlX3RhZyI6IkNBUk9VU0VMX0lURU0ueHBpZHMuMTYzOC5zZHIucmVndWxhcl9waG90by5DMyJ9&_nc_ohc=RcYahv8xyOAQ7kNvwFclr7o&_nc_oc=AdpggEwR8aR2JOb_Uf6RYkFmtoApniV71TGIpgpULCqrlomRmUnPZ-PWowY0FcNLrWU&_nc_zt=23&_nc_ht=instagram.fvgo1-1.fna&_nc_gid=2YaBajca_LptN1d4Kr4FBA&_nc_ss=72a8c&oh=00_AQFLQLxB2axgBT5EfrnbfJxzqgj0Mm3bztNyCRQzYIRyLg&oe=6A93426E,https://www.instagram.com/p/DcZubq6D10t/
Bom Jesus Primavera do Leste 🛒,Pet Shop,Ração Para Cão Thor Adulto 7kg,64.9,21/08/2026,https://scontent-icn2-1.cdninstagram.com/v/t51.82787-15/779844446_18373759273237813_717042095228036520_n.jpg?stp=dst-jpg_e35_tt6&_nc_cat=101&ig_cache_key=Mzk2ODYwMzg2MjA2MzE4NjIyMQ%3D%3D.3-ccb7-5&ccb=7-5&_nc_sid=58cdad&efg=eyJ2ZW5jb2RlX3RhZyI6IkNBUk9VU0VMX0lURU0ueHBpZHMuMTA4MC5zZHIucmVndWxhcl9waG90by5DMyJ9&_nc_ohc=m8__0j7aHxEQ7kNvwHKRG_v&_nc_oc=AdqHVv_gNO3gdGsw5CmHS3rMjWdD8zLkLs5OZklvJHeD7Ntv9Lbw_rWNmhjjszd5fpM&_nc_zt=23&_nc_ht=scontent-icn2-1.cdninstagram.com&_nc_gid=mgYzv2qK_1weCrj6V3YCEQ&_nc_ss=7c689&oh=00_AQHM_Bw-Hwb2wJshLDBIXCYdSPckqlREnCJDyc5n0eCtkQ&oe=6A9357F0,https://www.instagram.com/p/DcTUD7jlm8n/
