supermercado,categoria,item,valor,data_postagem,link,post_url
Bom Jesus Primavera do Leste 🛒,Bazar / Eletro,Copo Americano 190ml,1.49,31/08/2026,https://instagram.fper10-1.fna.fbcdn.net/v/t51.82787-15/790710770_18375397150237813_205032870738913895_n.jpg?stp=dst-jpg_e35_tt6&_nc_cat=109&ig_cache_key=Mzk3NjAxNjAxODA0MzIzNjczOQ%3D%3D.3-ccb7-5&ccb=7-5&_nc_sid=58cdad&efg=eyJ2ZW5jb2RlX3RhZyI6IkNBUk9VU0VMX0lURU0ueHBpZHMuMTA4MC5zZHIucmVndWxhcl9waG90by5DMyJ9&_nc_ohc=bEKxbBy2AZwQ7kNvwHO8Sld&_nc_oc=AdpiWw3afCzauTgOnr7CZqo6RrjWO7xzvi9wQyJB7smgHhRnAUcnufRIyV2PS38CSm8&_nc_ad=z-m&_nc_cid=0&_nc_zt=23&_nc_ht=instagram.fper10-1.fna&_nc_gid=f_Ac6QzwHuXD4P1h-TVMjQ&_nc_ss=7a22e&oh=00_AQKcIGxVKzoKCZsljPzfJbsKz-cmAUsbz6pdsoYWkgRUuA&oe=6A9CA6D6,https://www.instagram.com/p/DctpboPFJpU/
Bom Jesus Primavera do Leste 🛒,Bazar / Eletro,Copo Drink Aruba Cinza 475ml,7.49,28/08/2026,https://instagram.fagu3-1.fna.fbcdn.net/v/t51.82787-15/788860531_18374942995237813_624644092953609674_n.jpg?stp=dst-jpg_e35_tt6&_nc_cat=106&ig_cache_key=Mzk3Mzk3Nzc4MjEzMTM5MTcwNQ%3D%3D.3-ccb7-5&ccb=7-5&_nc_sid=58cdad&efg=eyJ2ZW5jb2RlX3RhZyI6IkNBUk9VU0VMX0lURU0ueHBpZHMuMTA4MC5zZHIucmVndWxhcl9waG90by5DMyJ9&_nc_ohc=mOHmscgEnGsQ7kNvwG0PQUn&_nc_oc=AdrnTvsOFFkNfnHfY75s1obDc4syPIbh38dwbw0-nRxvMcu5mBgdahDwtxkyaB2nM6O9DyZF_Ce2RoL-nnEYXLth&_nc_ad=z-m&_nc_cid=0&_nc_zt=23&_nc_ht=instagram.fagu3-1.fna&_nc_gid=ub-F7Ju1QestHX_RMmDV3g&_nc_ss=7a22e&oh=00_AQLUCXvuPQW3Nq0qTBAt7t_Gwg-0uCGi7p0Nzj_WftC11w&oe=6A9CB28B,https://www.instagram.com/p/DcmZ8cDD400/
Machadão Atacadista,Bazar / Eletro,Lâmpada Led Kian 30w,8.99,01/09/2026,https://instagram.fpll8-2.fna.fbcdn.net/v/t39.30808-6/788717108_1363962009157090_7645430109379984108_n.jpg?stp=dst-jpg_e35_tt6&_nc_cat=110&_nc_map=urlgen_bucketless&ig_cache_key=Mzk3NjIxNDMzMjA1Njc3MzMzMA%3D%3D.3-ccb7-5&ccb=7-5&_nc_sid=58cdad&efg=eyJ2ZW5jb2RlX3RhZyI6IkNBUk9VU0VMX0lURU0ueHBpZHMuMTYzOC5zZHIucmVndWxhcl9waG90by5DMyJ9&_nc_ohc=nXwqXMc37ZkQ7kNvwGVtGCO&_nc_oc=Adp7sfzCL-HUqgN8ZdvBh4rs5GY5ekMPP5vmR5OBqPXil3Pgd9fgZExeFNnR9hplXn3EvPl2-4HEP6XcATezetTB&_nc_ad=z-m&_nc_cid=0&_nc_zt=23&_nc_ht=instagram.fpll8-2.fna&_nc_gid=-TX4tDFJTAdeRK5XHn8t2g&_nc_ss=7a22e&oh=00_AQLR5HcCVU9xXTpmdmaRsvdUl9qkP5z4W1uTaAIOWPzu5A&oe=6A9CA2D3,https://www.instagram.com/p/DcuWeMKD352/
Machadão Atacadista,Bazar / Eletro,Lâmpada Led Kian 30w,8.99,01/09/2026,https://instagram.fpll8-1.fna.fbcdn.net/v/t39.30808-6/788880664_1363962219157069_5966186908781895719_n.jpg?stp=dst-jpg_e35_tt6&_nc_cat=108&_nc_map=urlgen_bucketless&ig_cache_key=Mzk3NjIxNDMzMDk4MzA0NjUzNQ%3D%3D.3-ccb7-5&ccb=7-5&_nc_sid=58cdad&efg=eyJ2ZW5jb2RlX3RhZyI6IkNBUk9VU0VMX0lURU0ueHBpZHMuMTYzOC5zZHIucmVndWxhcl9waG90by5DMyJ9&_nc_ohc=72ND--9jcv0Q7kNvwF0do42&_nc_oc=AdokRmfQYpSec-2ucIKH9kkeydArBu8cMnaC6TebBY3z2_slG7lJHFk5WYLBT4SZMOrknVFv7HLZQgBv_NkX-P-r&_nc_ad=z-m&_nc_cid=0&_nc_zt=23&_nc_ht=instagram.fpll8-1.fna&_nc_gid=-TX4tDFJTAdeRK5XHn8t2g&_nc_ss=7a22e&oh=00_AQL22D_4fOEr93A62UmNnlDk4uo-vqACz7jfEudhOafeFA&oe=6A9CA88C,https://www.instagram.com/p/DcuWeMKD352/
Machadão Atacadista,Bazar / Eletro,Conjunto de Potes Sanremo 3un,15.99,01/09/2026,https://instagram.fpll8-2.fna.fbcdn.net/v/t39.30808-6/788717108_1363962009157090_7645430109379984108_n.jpg?stp=dst-jpg_e35_tt6&_nc_cat=110&_nc_map=urlgen_bucketless&ig_cache_key=Mzk3NjIxNDMzMjA1Njc3MzMzMA%3D%3D.3-ccb7-5&ccb=7-5&_nc_sid=58cdad&efg=eyJ2ZW5jb2RlX3RhZyI6IkNBUk9VU0VMX0lURU0ueHBpZHMuMTYzOC5zZHIucmVndWxhcl9waG90by5DMyJ9&_nc_ohc=nXwqXMc37ZkQ7kNvwGVtGCO&_nc_oc=Adp7sfzCL-HUqgN8ZdvBh4rs5GY5ekMPP5vmR5OBqPXil3Pgd9fgZExeFNnR9hplXn3EvPl2-4HEP6XcATezetTB&_nc_ad=z-m&_nc_cid=0&_nc_zt=23&_nc_ht=instagram.fpll8-2.fna&_nc_gid=-TX4tDFJTAdeRK5XHn8t2g&_nc_ss=7a22e&oh=00_AQLR5HcCVU9xXTpmdmaRsvdUl9qkP5z4W1uTaAIOWPzu5A&oe=6A9CA2D3,https://www.instagram.com/p/DcuWeMKD352/
Machadão Atacadista,Bazar / Eletro,Conjunto de Potes Sanremo 3un,15.99,01/09/2026,https://instagram.fpll8-1.fna.fbcdn.net/v/t39.30808-6/788880664_1363962219157069_5966186908781895719_n.jpg?stp=dst-jpg_e35_tt6&_nc_cat=108&_nc_map=urlgen_bucketless&ig_cache_key=Mzk3NjIxNDMzMDk4MzA0NjUzNQ%3D%3D.3-ccb7-5&ccb=7-5&_nc_sid=58cdad&efg=eyJ2ZW5jb2RlX3RhZyI6IkNBUk9VU0VMX0lURU0ueHBpZHMuMTYzOC5zZHIucmVndWxhcl9waG90by5DMyJ9&_nc_ohc=72ND--9jcv0Q7kNvwF0do42&_nc_oc=AdokRmfQYpSec-2ucIKH9kkeydArBu8cMnaC6TebBY3z2_slG7lJHFk5WYLBT4SZMOrknVFv7HLZQgBv_NkX-P-r&_nc_ad=z-m&_nc_cid=0&_nc_zt=23&_nc_ht=instagram.fpll8-1.fna&_nc_gid=-TX4tDFJTAdeRK5XHn8t2g&_nc_ss=7a22e&oh=00_AQL22D_4fOEr93A62UmNnlDk4uo-vqACz7jfEudhOafeFA&oe=6A9CA88C,https://www.instagram.com/p/DcuWeMKD352/
Super Compras Supermercado,Bazar / Eletro,Churrasqueira,599.99,29/08/2026,https://instagram.fmel14-1.fna.fbcdn.net/v/t51.82787-15/789652349_18192946324391764_294674980305459178_n.jpg?stp=dst-jpg_e15_tt6&_nc_cat=104&ig_cache_key=Mzk3NDQxNzU0MDcwNDUzNTg2NDE4MTkyOTQ2MzE4MzkxNzY0.3-ccb7-5&ccb=7-5&_nc_sid=58cdad&efg=eyJ2ZW5jb2RlX3RhZyI6IkNMSVBTLnhwaWRzLjk2MC5zZHIudmlkZW9fZGVmYXVsdF9jb3Zlcl9mcmFtZS5DMyJ9&_nc_ohc=Q9m0XXAZKRkQ7kNvwHa2WHh&_nc_oc=AdqqfARrHzqSuY5JC0EzYTL3JmD5QCFQCx68AuGqp5HrOgdY9jwW9yO3V7KgJENUVbg&_nc_ad=z-m&_nc_cid=0&_nc_zt=23&_nc_ht=instagram.fmel14-1.fna&_nc_gid=YqvMEWoWOsFcIU_KBd2EyA&_nc_ss=7a22e&oh=00_AQIe65LCxj11FOgWvXzkMwYQ5ioqiIvPb21JA9zFTnIYiQ&oe=6A9CC1DD,https://www.instagram.com/p/Dcn97ImxoU4/
Supermercado São Pedro,Bebidas / Alcoólicos Diversos,Milho Verde Fugini 170g,3.29,31/08/2026,https://scontent-ams2-1.cdninstagram.com/v/t39.30808-6/790341028_1508698111303305_6101754768913825516_n.jpg?stp=c0.0.1638.2048a_dst-jpg_e35_s1638x2048_tt6&_nc_cat=107&ig_cache_key=Mzk3NjE3NTA3NTg4NzQ4NDk5OQ%3D%3D.3-ccb7-5&ccb=7-5&_nc_sid=58cdad&efg=eyJ2ZW5jb2RlX3RhZyI6IkNBUk9VU0VMX0lURU0ueHBpZHMuMTYzOS5zZHIucmVndWxhcl9waG90by5DMyJ9&_nc_ohc=_1XwT5vLY4AQ7kNvwHKEz55&_nc_oc=Adqg5tBFfclFERhJFJbjOJm0oGg4YzR8WbUFIsLeQK-ahjCo0rYsScXgmbbDRpSjnk0&_nc_ad=z-m&_nc_cid=0&_nc_zt=23&_nc_ht=scontent-ams2-1.cdninstagram.com&_nc_gid=Xge3-AgsJ78GQKpYxVY_lQ&_nc_ss=7a22e&oh=00_AQKXL2-oKmbRxlKMZdJZpNxkSAGu6i1Z_8Eo2z4fJvzj_A&oe=6A9CA427,https://www.instagram.com/p/DcuNi7YiX2_/
Machadão Atacadista,Bebidas / Alcoólicos Diversos,Vodka Kislla 900ml,11.9,01/09/2026,https://instagram.fpll8-1.fna.fbcdn.net/v/t39.30808-6/788766900_1363961989157092_7149980708576029676_n.jpg?stp=dst-jpg_e35_tt6&_nc_cat=105&_nc_map=urlgen_bucketless&ig_cache_key=Mzk3NjIxNDMzMjMyNTE5OTQzMw%3D%3D.3-ccb7-5&ccb=7-5&_nc_sid=58cdad&efg=eyJ2ZW5jb2RlX3RhZyI6IkNBUk9VU0VMX0lURU0ueHBpZHMuMTYzOC5zZHIucmVndWxhcl9waG90by5DMyJ9&_nc_ohc=2I1wZ8IpqpUQ7kNvwFAgb26&_nc_oc=AdptEXpzzvKedyOm0IUpup4aKTMN92VEbvGRKA1BQWFQpIbfA4AnOMdezqbxL5iUM5sqq0855oYZTILhNI3FLOd9&_nc_ad=z-m&_nc_cid=0&_nc_zt=23&_nc_ht=instagram.fpll8-1.fna&_nc_gid=-TX4tDFJTAdeRK5XHn8t2g&_nc_ss=7a22e&oh=00_AQL4oPpPpXHmUGCJDgCXWpuhnYQzo2USkXGxU2RSNdNmDA&oe=6A9CACD0,https://www.instagram.com/p/DcuWeMKD352/
Machadão Atacadista,Bebidas / Alcoólicos Diversos,Vodka Kislla 900ml,11.9,01/09/2026,https://instagram.fpll8-1.fna.fbcdn.net/v/t39.30808-6/790209214_1363962295823728_6184311664090934208_n.jpg?stp=dst-jpg_e35_tt6&_nc_cat=101&_nc_map=urlgen_bucketless&ig_cache_key=Mzk3NjIxNDMzMTA5MjA0NzE3Mg%3D%3D.3-ccb7-5&ccb=7-5&_nc_sid=58cdad&efg=eyJ2ZW5jb2RlX3RhZyI6IkNBUk9VU0VMX0lURU0ueHBpZHMuMTYzOC5zZHIucmVndWxhcl9waG90by5DMyJ9&_nc_ohc=6eOf0AaqPwYQ7kNvwGdrNBZ&_nc_oc=AdrkMFMywyb9xxhGsxNzUydNzBp5WuMm_tp9Q9arUp4u5wRasbwXJXeOCdibD8xtZu5fEQKYFg0j9ixZYO0h6cDW&_nc_ad=z-m&_nc_cid=0&_nc_zt=23&_nc_ht=instagram.fpll8-1.fna&_nc_gid=-TX4tDFJTAdeRK5XHn8t2g&_nc_ss=7a22e&oh=00_AQK2ptsEy7z8d84W23PKqjoR4vKT_L03OqtRuC3I1SiyZA&oe=6A9CB5AE,https://www.instagram.com/p/DcuWeMKD352/
Supermercado São Pedro,Bebidas / Alcoólicos Diversos,Espumante Aurora Moscatel Branco 750ml,42.99,31/08/2026,https://scontent-ams2-1.cdninstagram.com/v/t39.30808-6/790651262_1508698107969972_5998080027560533600_n.jpg?stp=c0.0.1638.2048a_dst-jpg_e35_s1638x2048_tt6&_nc_cat=100&ig_cache_key=Mzk3NjE3NTA3NTkzNzgyODUwNQ%3D%3D.3-ccb7-5&ccb=7-5&_nc_sid=58cdad&efg=eyJ2ZW5jb2RlX3RhZyI6IkNBUk9VU0VMX0lURU0ueHBpZHMuMTYzOS5zZHIucmVndWxhcl9waG90by5DMyJ9&_nc_ohc=26iGgEP8IggQ7kNvwFi3myb&_nc_oc=AdpFahHbRQ4ATBgLiBsv1yqm2KpYrJO7OeVAESWood1qaoyXygmJTerG7hds6O7FpeY&_nc_ad=z-m&_nc_cid=0&_nc_zt=23&_nc_ht=scontent-ams2-1.cdninstagram.com&_nc_gid=Xge3-AgsJ78GQKpYxVY_lQ&_nc_ss=7a22e&oh=00_AQJ4Jf8Stxw3-ypban37smuLiMaJKt50CRqjhY5F4xChGA&oe=6A9CC889,https://www.instagram.com/p/DcuNi7YiX2_/
Bom Jesus Primavera do Leste 🛒,Bebidas / Alcoólicos Diversos,Whisky White Horse 1L,84.9,28/08/2026,https://instagram.fagu3-1.fna.fbcdn.net/v/t51.82787-15/788139857_18374943016237813_6095318216715939563_n.jpg?stp=dst-jpg_e35_tt6&_nc_cat=107&ig_cache_key=Mzk3Mzk3Nzc4MDcyMjI3NDY1Mg%3D%3D.3-ccb7-5&ccb=7-5&_nc_sid=58cdad&efg=eyJ2ZW5jb2RlX3RhZyI6IkNBUk9VU0VMX0lURU0ueHBpZHMuMTA4MC5zZHIucmVndWxhcl9waG90by5DMyJ9&_nc_ohc=xX3unEg9a08Q7kNvwGOEBKm&_nc_oc=Ado24mnGdNuQv2SIzLDfjY6XCYYEsNiM4rzrQdRtfWRTB8lb07qGDm6kHAdE6C_GVYrrbY0t6e50c1CUE8B7f9po&_nc_ad=z-m&_nc_cid=0&_nc_zt=23&_nc_ht=instagram.fagu3-1.fna&_nc_gid=ub-F7Ju1QestHX_RMmDV3g&_nc_ss=7a22e&oh=00_AQIFwtbmqdV6HlbS9jF1C5LBnR30cy1yTOmT2MS5A1inGg&oe=6A9CB070,https://www.instagram.com/p/DcmZ8cDD400/
Bom Jesus Primavera do Leste 🛒,Bebidas / Alcoólicos Diversos,Whisky Johnnie Walker Red Label 1L,89.9,31/08/2026,https://instagram.fper10-1.fna.fbcdn.net/v/t51.82787-15/790710770_18375397150237813_205032870738913895_n.jpg?stp=dst-jpg_e35_tt6&_nc_cat=109&ig_cache_key=Mzk3NjAxNjAxODA0MzIzNjczOQ%3D%3D.3-ccb7-5&ccb=7-5&_nc_sid=58cdad&efg=eyJ2ZW5jb2RlX3RhZyI6IkNBUk9VU0VMX0lURU0ueHBpZHMuMTA4MC5zZHIucmVndWxhcl9waG90by5DMyJ9&_nc_ohc=bEKxbBy2AZwQ7kNvwHO8Sld&_nc_oc=AdpiWw3afCzauTgOnr7CZqo6RrjWO7xzvi9wQyJB7smgHhRnAUcnufRIyV2PS38CSm8&_nc_ad=z-m&_nc_cid=0&_nc_zt=23&_nc_ht=instagram.fper10-1.fna&_nc_gid=f_Ac6QzwHuXD4P1h-TVMjQ&_nc_ss=7a22e&oh=00_AQKcIGxVKzoKCZsljPzfJbsKz-cmAUsbz6pdsoYWkgRUuA&oe=6A9CA6D6,https://www.instagram.com/p/DctpboPFJpU/
Bom Jesus Primavera do Leste 🛒,Bebidas / Alcoólicos Diversos,Whisky Old Parr 12 Anos 1L,179.9,28/08/2026,https://instagram.fagu3-1.fna.fbcdn.net/v/t51.82787-15/788139857_18374943016237813_6095318216715939563_n.jpg?stp=dst-jpg_e35_tt6&_nc_cat=107&ig_cache_key=Mzk3Mzk3Nzc4MDcyMjI3NDY1Mg%3D%3D.3-ccb7-5&ccb=7-5&_nc_sid=58cdad&efg=eyJ2ZW5jb2RlX3RhZyI6IkNBUk9VU0VMX0lURU0ueHBpZHMuMTA4MC5zZHIucmVndWxhcl9waG90by5DMyJ9&_nc_ohc=xX3unEg9a08Q7kNvwGOEBKm&_nc_oc=Ado24mnGdNuQv2SIzLDfjY6XCYYEsNiM4rzrQdRtfWRTB8lb07qGDm6kHAdE6C_GVYrrbY0t6e50c1CUE8B7f9po&_nc_ad=z-m&_nc_cid=0&_nc_zt=23&_nc_ht=instagram.fagu3-1.fna&_nc_gid=ub-F7Ju1QestHX_RMmDV3g&_nc_ss=7a22e&oh=00_AQIFwtbmqdV6HlbS9jF1C5LBnR30cy1yTOmT2MS5A1inGg&oe=6A9CB070,https://www.instagram.com/p/DcmZ8cDD400/
Supermercado São Pedro,Bebidas / Cervejas,Achocolatado Pirakids 200ml,1.49,31/08/2026,https://scontent-ams2-1.cdninstagram.com/v/t39.30808-6/790341028_1508698111303305_6101754768913825516_n.jpg?stp=c0.0.1638.2048a_dst-jpg_e35_s1638x2048_tt6&_nc_cat=107&ig_cache_key=Mzk3NjE3NTA3NTg4NzQ4NDk5OQ%3D%3D.3-ccb7-5&ccb=7-5&_nc_sid=58cdad&efg=eyJ2ZW5jb2RlX3RhZyI6IkNBUk9VU0VMX0lURU0ueHBpZHMuMTYzOS5zZHIucmVndWxhcl9waG90by5DMyJ9&_nc_ohc=_1XwT5vLY4AQ7kNvwHKEz55&_nc_oc=Adqg5tBFfclFERhJFJbjOJm0oGg4YzR8WbUFIsLeQK-ahjCo0rYsScXgmbbDRpSjnk0&_nc_ad=z-m&_nc_cid=0&_nc_zt=23&_nc_ht=scontent-ams2-1.cdninstagram.com&_nc_gid=Xge3-AgsJ78GQKpYxVY_lQ&_nc_ss=7a22e&oh=00_AQKXL2-oKmbRxlKMZdJZpNxkSAGu6i1Z_8Eo2z4fJvzj_A&oe=6A9CA427,https://www.instagram.com/p/DcuNi7YiX2_/
Super Compras Supermercado,Bebidas / Cervejas,Cerveja Skol 300ml,2.49,29/08/2026,https://scontent-lax3-2.cdninstagram.com/v/t51.82787-15/787666404_18192892456391764_5631571009347207340_n.jpg?stp=dst-jpg_e35_tt6&_nc_cat=107&ig_cache_key=Mzk3NDAxMjM2OTYxNzUwODE0Ng%3D%3D.3-ccb7-5&ccb=7-5&_nc_sid=58cdad&efg=eyJ2ZW5jb2RlX3RhZyI6IkNBUk9VU0VMX0lURU0ueHBpZHMuMTQ0MC5zZHIucmVndWxhcl9waG90by5DMiJ9&_nc_ohc=Y87jpNzsTLYQ7kNvwF2geSX&_nc_oc=AdqZD0FF6uQKcKmwvMgdUCJYwy4dY7Wr5PoUlwYEztiFCWzJg7dVbjbg6fe2-xtUTGYJgHcjndv-HGxLo3MUXkUD&_nc_ad=z-m&_nc_cid=0&_nc_zt=23&_nc_ht=scontent-lax3-2.cdninstagram.com&_nc_gid=m4a1im7Fihg2Q49M_7HU5Q&_nc_ss=7a22e&oh=00_AQIeHRWhg0DLaTlbVJCNCKbOcXIXMyM6e-rrp8aqs4hd9A&oe=6A9CBD1A,https://www.instagram.com/p/DcmhzwZjQj_/
Supermercado São Pedro,Bebidas / Cervejas,Cerveja Original 300ml,2.69,28/08/2026,https://scontent-waw2-2.cdninstagram.com/v/t51.82787-15/787853786_18195711469382122_4084613579796731411_n.jpg?stp=dst-jpg_e35_tt6&_nc_cat=101&ig_cache_key=Mzk3MzY3MjU2ODk4MzkzOTE2MQ%3D%3D.3-ccb7-5&ccb=7-5&_nc_sid=58cdad&efg=eyJ2ZW5jb2RlX3RhZyI6IkNBUk9VU0VMX0lURU0ueHBpZHMuMTA4MS5zZHIucmVndWxhcl9waG90by5DMyJ9&_nc_ohc=YRh7I8l8B0QQ7kNvwEmvTd-&_nc_oc=AdotRJyD39EaxILsMKm2BdgcxtSKvBYXY6qKKrokVsv-Z_ErGu_C3mcsZuTGuMrhksvkFRAegaGhi5k7DLM7Bxag&_nc_ad=z-m&_nc_cid=0&_nc_zt=23&_nc_ht=scontent-waw2-2.cdninstagram.com&_nc_gid=DMKRO3jGuwK0c-WkMOZ7ag&_nc_ss=7a22e&oh=00_AQLVJyGKczp4n9AWxGikJdR1iiBGca5N0k2os6-ccozdpA&oe=6A9CA307,https://www.instagram.com/p/DclUqI1G7TG/
Bom Jesus Primavera do Leste 🛒,Bebidas / Cervejas,Cerveja Corona 269ml,4.29,28/08/2026,https://instagram.fagu3-1.fna.fbcdn.net/v/t51.82787-15/788139857_18374943016237813_6095318216715939563_n.jpg?stp=dst-jpg_e35_tt6&_nc_cat=107&ig_cache_key=Mzk3Mzk3Nzc4MDcyMjI3NDY1Mg%3D%3D.3-ccb7-5&ccb=7-5&_nc_sid=58cdad&efg=eyJ2ZW5jb2RlX3RhZyI6IkNBUk9VU0VMX0lURU0ueHBpZHMuMTA4MC5zZHIucmVndWxhcl9waG90by5DMyJ9&_nc_ohc=xX3unEg9a08Q7kNvwGOEBKm&_nc_oc=Ado24mnGdNuQv2SIzLDfjY6XCYYEsNiM4rzrQdRtfWRTB8lb07qGDm6kHAdE6C_GVYrrbY0t6e50c1CUE8B7f9po&_nc_ad=z-m&_nc_cid=0&_nc_zt=23&_nc_ht=instagram.fagu3-1.fna&_nc_gid=ub-F7Ju1QestHX_RMmDV3g&_nc_ss=7a22e&oh=00_AQIFwtbmqdV6HlbS9jF1C5LBnR30cy1yTOmT2MS5A1inGg&oe=6A9CB070,https://www.instagram.com/p/DcmZ8cDD400/
Supermercado São Pedro,Bebidas / Cervejas,Cerveja Amstel Ultra 275ml,5.19,31/08/2026,https://scontent-ams2-1.cdninstagram.com/v/t39.30808-6/790756054_1508698114636638_6053247548143654318_n.jpg?stp=c0.0.1638.2048a_dst-jpg_e35_s1638x2048_tt6&_nc_cat=109&ig_cache_key=Mzk3NjE3NTA3NTM3NTgzNTQzMQ%3D%3D.3-ccb7-5&ccb=7-5&_nc_sid=58cdad&efg=eyJ2ZW5jb2RlX3RhZyI6IkNBUk9VU0VMX0lURU0ueHBpZHMuMTYzOS5zZHIucmVndWxhcl9waG90by5DMyJ9&_nc_ohc=3goE1b12H3oQ7kNvwFuGbmD&_nc_oc=Adr1AnQJwG05aa7zvQC5WuMmPFqmKrYLuKZSyKGQlW1Mp-FUjGjNFKBzLb0zNOLSYyk&_nc_ad=z-m&_nc_cid=0&_nc_zt=23&_nc_ht=scontent-ams2-1.cdninstagram.com&_nc_gid=Xge3-AgsJ78GQKpYxVY_lQ&_nc_ss=7a22e&oh=00_AQJknncAqLSUQTyHDrpZa1b12mo0_s3smQdYU5DWC9SZmw&oe=6A9CAC39,https://www.instagram.com/p/DcuNi7YiX2_/
Bom Jesus Primavera do Leste 🛒,Bebidas / Cervejas,Cerveja Corona 330ml,6.99,31/08/2026,https://instagram.fper10-1.fna.fbcdn.net/v/t51.82787-15/790710770_18375397150237813_205032870738913895_n.jpg?stp=dst-jpg_e35_tt6&_nc_cat=109&ig_cache_key=Mzk3NjAxNjAxODA0MzIzNjczOQ%3D%3D.3-ccb7-5&ccb=7-5&_nc_sid=58cdad&efg=eyJ2ZW5jb2RlX3RhZyI6IkNBUk9VU0VMX0lURU0ueHBpZHMuMTA4MC5zZHIucmVndWxhcl9waG90by5DMyJ9&_nc_ohc=bEKxbBy2AZwQ7kNvwHO8Sld&_nc_oc=AdpiWw3afCzauTgOnr7CZqo6RrjWO7xzvi9wQyJB7smgHhRnAUcnufRIyV2PS38CSm8&_nc_ad=z-m&_nc_cid=0&_nc_zt=23&_nc_ht=instagram.fper10-1.fna&_nc_gid=f_Ac6QzwHuXD4P1h-TVMjQ&_nc_ss=7a22e&oh=00_AQKcIGxVKzoKCZsljPzfJbsKz-cmAUsbz6pdsoYWkgRUuA&oe=6A9CA6D6,https://www.instagram.com/p/DctpboPFJpU/
Supermercado São Pedro,Bebidas / Cervejas,Achocolatado Toddy 300g,7.99,31/08/2026,https://scontent-ams2-1.cdninstagram.com/v/t39.30808-6/790341028_1508698111303305_6101754768913825516_n.jpg?stp=c0.0.1638.2048a_dst-jpg_e35_s1638x2048_tt6&_nc_cat=107&ig_cache_key=Mzk3NjE3NTA3NTg4NzQ4NDk5OQ%3D%3D.3-ccb7-5&ccb=7-5&_nc_sid=58cdad&efg=eyJ2ZW5jb2RlX3RhZyI6IkNBUk9VU0VMX0lURU0ueHBpZHMuMTYzOS5zZHIucmVndWxhcl9waG90by5DMyJ9&_nc_ohc=_1XwT5vLY4AQ7kNvwHKEz55&_nc_oc=Adqg5tBFfclFERhJFJbjOJm0oGg4YzR8WbUFIsLeQK-ahjCo0rYsScXgmbbDRpSjnk0&_nc_ad=z-m&_nc_cid=0&_nc_zt=23&_nc_ht=scontent-ams2-1.cdninstagram.com&_nc_gid=Xge3-AgsJ78GQKpYxVY_lQ&_nc_ss=7a22e&oh=00_AQKXL2-oKmbRxlKMZdJZpNxkSAGu6i1Z_8Eo2z4fJvzj_A&oe=6A9CA427,https://www.instagram.com/p/DcuNi7YiX2_/
Bom Jesus Primavera do Leste 🛒,Bebidas / Cervejas,Achocolatado em Pó Chocolatto 350g,8.49,31/08/2026,https://instagram.fper10-1.fna.fbcdn.net/v/t51.82787-15/789523666_18375397165237813_3042595625651888809_n.jpg?stp=dst-jpg_e35_tt6&_nc_cat=104&ig_cache_key=Mzk3NjAxNjAxNjcwNjA3NTE0OA%3D%3D.3-ccb7-5&ccb=7-5&_nc_sid=58cdad&efg=eyJ2ZW5jb2RlX3RhZyI6IkNBUk9VU0VMX0lURU0ueHBpZHMuMTA4MC5zZHIucmVndWxhcl9waG90by5DMyJ9&_nc_ohc=3X_gJLPLoscQ7kNvwEekRKh&_nc_oc=AdoXZnx3DhmM6RaXFFkolnKpMt0aCggOvmJOP-urdIrnN44TjQ7ZEpow4kwQJhG5XOA&_nc_ad=z-m&_nc_cid=0&_nc_zt=23&_nc_ht=instagram.fper10-1.fna&_nc_gid=f_Ac6QzwHuXD4P1h-TVMjQ&_nc_ss=7a22e&oh=00_AQJGnj5Z7t09OoD4B9o74OPUo48dMxB6Ie7qx2KvgqowJw&oe=6A9C9751,https://www.instagram.com/p/DctpboPFJpU/
Machadão Atacadista,Bebidas / Cervejas,Achocolatado em Pó Toddy 750g,14.99,01/09/2026,https://instagram.fpll8-1.fna.fbcdn.net/v/t39.30808-6/788766900_1363961989157092_7149980708576029676_n.jpg?stp=dst-jpg_e35_tt6&_nc_cat=105&_nc_map=urlgen_bucketless&ig_cache_key=Mzk3NjIxNDMzMjMyNTE5OTQzMw%3D%3D.3-ccb7-5&ccb=7-5&_nc_sid=58cdad&efg=eyJ2ZW5jb2RlX3RhZyI6IkNBUk9VU0VMX0lURU0ueHBpZHMuMTYzOC5zZHIucmVndWxhcl9waG90by5DMyJ9&_nc_ohc=2I1wZ8IpqpUQ7kNvwFAgb26&_nc_oc=AdptEXpzzvKedyOm0IUpup4aKTMN92VEbvGRKA1BQWFQpIbfA4AnOMdezqbxL5iUM5sqq0855oYZTILhNI3FLOd9&_nc_ad=z-m&_nc_cid=0&_nc_zt=23&_nc_ht=instagram.fpll8-1.fna&_nc_gid=-TX4tDFJTAdeRK5XHn8t2g&_nc_ss=7a22e&oh=00_AQL4oPpPpXHmUGCJDgCXWpuhnYQzo2USkXGxU2RSNdNmDA&oe=6A9CACD0,https://www.instagram.com/p/DcuWeMKD352/
Machadão Atacadista,Bebidas / Cervejas,Achocolatado em Pó Toddy 750g,14.99,01/09/2026,https://instagram.fpll8-1.fna.fbcdn.net/v/t39.30808-6/790209214_1363962295823728_6184311664090934208_n.jpg?stp=dst-jpg_e35_tt6&_nc_cat=101&_nc_map=urlgen_bucketless&ig_cache_key=Mzk3NjIxNDMzMTA5MjA0NzE3Mg%3D%3D.3-ccb7-5&ccb=7-5&_nc_sid=58cdad&efg=eyJ2ZW5jb2RlX3RhZyI6IkNBUk9VU0VMX0lURU0ueHBpZHMuMTYzOC5zZHIucmVndWxhcl9waG90by5DMyJ9&_nc_ohc=6eOf0AaqPwYQ7kNvwGdrNBZ&_nc_oc=AdrkMFMywyb9xxhGsxNzUydNzBp5WuMm_tp9Q9arUp4u5wRasbwXJXeOCdibD8xtZu5fEQKYFg0j9ixZYO0h6cDW&_nc_ad=z-m&_nc_cid=0&_nc_zt=23&_nc_ht=instagram.fpll8-1.fna&_nc_gid=-TX4tDFJTAdeRK5XHn8t2g&_nc_ss=7a22e&oh=00_AQK2ptsEy7z8d84W23PKqjoR4vKT_L03OqtRuC3I1SiyZA&oe=6A9CB5AE,https://www.instagram.com/p/DcuWeMKD352/
Bom Jesus Primavera do Leste 🛒,Bebidas / Cervejas,Achocolatado em Pó Toddy Kit 2 Unidades 370g,15.99,28/08/2026,https://instagram.fagu3-1.fna.fbcdn.net/v/t51.82787-15/788139857_18374943016237813_6095318216715939563_n.jpg?stp=dst-jpg_e35_tt6&_nc_cat=107&ig_cache_key=Mzk3Mzk3Nzc4MDcyMjI3NDY1Mg%3D%3D.3-ccb7-5&ccb=7-5&_nc_sid=58cdad&efg=eyJ2ZW5jb2RlX3RhZyI6IkNBUk9VU0VMX0lURU0ueHBpZHMuMTA4MC5zZHIucmVndWxhcl9waG90by5DMyJ9&_nc_ohc=xX3unEg9a08Q7kNvwGOEBKm&_nc_oc=Ado24mnGdNuQv2SIzLDfjY6XCYYEsNiM4rzrQdRtfWRTB8lb07qGDm6kHAdE6C_GVYrrbY0t6e50c1CUE8B7f9po&_nc_ad=z-m&_nc_cid=0&_nc_zt=23&_nc_ht=instagram.fagu3-1.fna&_nc_gid=ub-F7Ju1QestHX_RMmDV3g&_nc_ss=7a22e&oh=00_AQIFwtbmqdV6HlbS9jF1C5LBnR30cy1yTOmT2MS5A1inGg&oe=6A9CB070,https://www.instagram.com/p/DcmZ8cDD400/
Super Compras Supermercado,Bebidas / Cervejas,Cerveja Spaten 8 Latas 269ml,29.52,29/08/2026,https://scontent-lax3-2.cdninstagram.com/v/t51.82787-15/787666404_18192892456391764_5631571009347207340_n.jpg?stp=dst-jpg_e35_tt6&_nc_cat=107&ig_cache_key=Mzk3NDAxMjM2OTYxNzUwODE0Ng%3D%3D.3-ccb7-5&ccb=7-5&_nc_sid=58cdad&efg=eyJ2ZW5jb2RlX3RhZyI6IkNBUk9VU0VMX0lURU0ueHBpZHMuMTQ0MC5zZHIucmVndWxhcl9waG90by5DMiJ9&_nc_ohc=Y87jpNzsTLYQ7kNvwF2geSX&_nc_oc=AdqZD0FF6uQKcKmwvMgdUCJYwy4dY7Wr5PoUlwYEztiFCWzJg7dVbjbg6fe2-xtUTGYJgHcjndv-HGxLo3MUXkUD&_nc_ad=z-m&_nc_cid=0&_nc_zt=23&_nc_ht=scontent-lax3-2.cdninstagram.com&_nc_gid=m4a1im7Fihg2Q49M_7HU5Q&_nc_ss=7a22e&oh=00_AQIeHRWhg0DLaTlbVJCNCKbOcXIXMyM6e-rrp8aqs4hd9A&oe=6A9CBD1A,https://www.instagram.com/p/DcmhzwZjQj_/
Super Compras Supermercado,Bebidas / Cervejas,Cerveja Corona 8 Latas 269ml,35.32,29/08/2026,https://scontent-lax3-2.cdninstagram.com/v/t51.82787-15/787666404_18192892456391764_5631571009347207340_n.jpg?stp=dst-jpg_e35_tt6&_nc_cat=107&ig_cache_key=Mzk3NDAxMjM2OTYxNzUwODE0Ng%3D%3D.3-ccb7-5&ccb=7-5&_nc_sid=58cdad&efg=eyJ2ZW5jb2RlX3RhZyI6IkNBUk9VU0VMX0lURU0ueHBpZHMuMTQ0MC5zZHIucmVndWxhcl9waG90by5DMiJ9&_nc_ohc=Y87jpNzsTLYQ7kNvwF2geSX&_nc_oc=AdqZD0FF6uQKcKmwvMgdUCJYwy4dY7Wr5PoUlwYEztiFCWzJg7dVbjbg6fe2-xtUTGYJgHcjndv-HGxLo3MUXkUD&_nc_ad=z-m&_nc_cid=0&_nc_zt=23&_nc_ht=scontent-lax3-2.cdninstagram.com&_nc_gid=m4a1im7Fihg2Q49M_7HU5Q&_nc_ss=7a22e&oh=00_AQIeHRWhg0DLaTlbVJCNCKbOcXIXMyM6e-rrp8aqs4hd9A&oe=6A9CBD1A,https://www.instagram.com/p/DcmhzwZjQj_/
Supermercado São Pedro,Bebidas / Cervejas,Cerveja Heineken 8x269ml,35.92,31/08/2026,https://scontent-ams2-1.cdninstagram.com/v/t39.30808-6/790756054_1508698114636638_6053247548143654318_n.jpg?stp=c0.0.1638.2048a_dst-jpg_e35_s1638x2048_tt6&_nc_cat=109&ig_cache_key=Mzk3NjE3NTA3NTM3NTgzNTQzMQ%3D%3D.3-ccb7-5&ccb=7-5&_nc_sid=58cdad&efg=eyJ2ZW5jb2RlX3RhZyI6IkNBUk9VU0VMX0lURU0ueHBpZHMuMTYzOS5zZHIucmVndWxhcl9waG90by5DMyJ9&_nc_ohc=3goE1b12H3oQ7kNvwFuGbmD&_nc_oc=Adr1AnQJwG05aa7zvQC5WuMmPFqmKrYLuKZSyKGQlW1Mp-FUjGjNFKBzLb0zNOLSYyk&_nc_ad=z-m&_nc_cid=0&_nc_zt=23&_nc_ht=scontent-ams2-1.cdninstagram.com&_nc_gid=Xge3-AgsJ78GQKpYxVY_lQ&_nc_ss=7a22e&oh=00_AQJknncAqLSUQTyHDrpZa1b12mo0_s3smQdYU5DWC9SZmw&oe=6A9CAC39,https://www.instagram.com/p/DcuNi7YiX2_/
Supermercado São Pedro,Bebidas / Cervejas,Cerveja Heineken 8x269ml,35.99,28/08/2026,https://scontent-waw2-2.cdninstagram.com/v/t51.82787-15/787853786_18195711469382122_4084613579796731411_n.jpg?stp=dst-jpg_e35_tt6&_nc_cat=101&ig_cache_key=Mzk3MzY3MjU2ODk4MzkzOTE2MQ%3D%3D.3-ccb7-5&ccb=7-5&_nc_sid=58cdad&efg=eyJ2ZW5jb2RlX3RhZyI6IkNBUk9VU0VMX0lURU0ueHBpZHMuMTA4MS5zZHIucmVndWxhcl9waG90by5DMyJ9&_nc_ohc=YRh7I8l8B0QQ7kNvwEmvTd-&_nc_oc=AdotRJyD39EaxILsMKm2BdgcxtSKvBYXY6qKKrokVsv-Z_ErGu_C3mcsZuTGuMrhksvkFRAegaGhi5k7DLM7Bxag&_nc_ad=z-m&_nc_cid=0&_nc_zt=23&_nc_ht=scontent-waw2-2.cdninstagram.com&_nc_gid=DMKRO3jGuwK0c-WkMOZ7ag&_nc_ss=7a22e&oh=00_AQLVJyGKczp4n9AWxGikJdR1iiBGca5N0k2os6-ccozdpA&oe=6A9CA307,https://www.instagram.com/p/DclUqI1G7TG/
Supermercado São Pedro,Bebidas / Cervejas,Cerveja Brahma 15x269ml,41.85,31/08/2026,https://scontent-ams2-1.cdninstagram.com/v/t39.30808-6/790756054_1508698114636638_6053247548143654318_n.jpg?stp=c0.0.1638.2048a_dst-jpg_e35_s1638x2048_tt6&_nc_cat=109&ig_cache_key=Mzk3NjE3NTA3NTM3NTgzNTQzMQ%3D%3D.3-ccb7-5&ccb=7-5&_nc_sid=58cdad&efg=eyJ2ZW5jb2RlX3RhZyI6IkNBUk9VU0VMX0lURU0ueHBpZHMuMTYzOS5zZHIucmVndWxhcl9waG90by5DMyJ9&_nc_ohc=3goE1b12H3oQ7kNvwFuGbmD&_nc_oc=Adr1AnQJwG05aa7zvQC5WuMmPFqmKrYLuKZSyKGQlW1Mp-FUjGjNFKBzLb0zNOLSYyk&_nc_ad=z-m&_nc_cid=0&_nc_zt=23&_nc_ht=scontent-ams2-1.cdninstagram.com&_nc_gid=Xge3-AgsJ78GQKpYxVY_lQ&_nc_ss=7a22e&oh=00_AQJknncAqLSUQTyHDrpZa1b12mo0_s3smQdYU5DWC9SZmw&oe=6A9CAC39,https://www.instagram.com/p/DcuNi7YiX2_/
Bom Jesus Primavera do Leste 🛒,Bebidas / Cervejas,Cerveja Brahma Multipack 15 Latas 269ml,41.85,31/08/2026,https://instagram.fper10-1.fna.fbcdn.net/v/t51.82787-15/790710770_18375397150237813_205032870738913895_n.jpg?stp=dst-jpg_e35_tt6&_nc_cat=109&ig_cache_key=Mzk3NjAxNjAxODA0MzIzNjczOQ%3D%3D.3-ccb7-5&ccb=7-5&_nc_sid=58cdad&efg=eyJ2ZW5jb2RlX3RhZyI6IkNBUk9VU0VMX0lURU0ueHBpZHMuMTA4MC5zZHIucmVndWxhcl9waG90by5DMyJ9&_nc_ohc=bEKxbBy2AZwQ7kNvwHO8Sld&_nc_oc=AdpiWw3afCzauTgOnr7CZqo6RrjWO7xzvi9wQyJB7smgHhRnAUcnufRIyV2PS38CSm8&_nc_ad=z-m&_nc_cid=0&_nc_zt=23&_nc_ht=instagram.fper10-1.fna&_nc_gid=f_Ac6QzwHuXD4P1h-TVMjQ&_nc_ss=7a22e&oh=00_AQKcIGxVKzoKCZsljPzfJbsKz-cmAUsbz6pdsoYWkgRUuA&oe=6A9CA6D6,https://www.instagram.com/p/DctpboPFJpU/
Supermercado Tuiuiú,Bebidas / Cervejas,Cerveja Skol 15x269ml,43.35,29/08/2026,https://scontent-waw2-2.cdninstagram.com/v/t51.82787-15/788550438_18582509053067900_6263948761205084851_n.jpg?stp=dst-jpg_e35_tt6&_nc_cat=100&ig_cache_key=Mzk3NDc1NDg5NDQxOTI5Mzg5Nw%3D%3D.3-ccb7-5&ccb=7-5&_nc_sid=58cdad&efg=eyJ2ZW5jb2RlX3RhZyI6IkNBUk9VU0VMX0lURU0ueHBpZHMuMTA4MC5zZHIucmVndWxhcl9waG90by5DMyJ9&_nc_ohc=jNbyy_j-UyYQ7kNvwGbvaIj&_nc_oc=AdqCy6u1SchhuOXv_dCCYElzKwsikYxBmB_V84eVcT29D6F6Y9C0M5rkbtw_FqjlgSk&_nc_ad=z-m&_nc_cid=0&_nc_zt=23&_nc_ht=scontent-waw2-2.cdninstagram.com&_nc_gid=tZ2ZfigFTOvq294WhlGkpw&_nc_ss=7a22e&oh=00_AQJpuppOdXmJ-lSEwzVyL37I6yb8vfx82RpwsifhahyYCQ&oe=6A9C9B08,https://www.instagram.com/p/DcpKopsjwHG/
Supermercado Tuiuiú,Bebidas / Cervejas,Cerveja Brahma 15x269ml,43.35,29/08/2026,https://scontent-waw2-2.cdninstagram.com/v/t51.82787-15/788550438_18582509053067900_6263948761205084851_n.jpg?stp=dst-jpg_e35_tt6&_nc_cat=100&ig_cache_key=Mzk3NDc1NDg5NDQxOTI5Mzg5Nw%3D%3D.3-ccb7-5&ccb=7-5&_nc_sid=58cdad&efg=eyJ2ZW5jb2RlX3RhZyI6IkNBUk9VU0VMX0lURU0ueHBpZHMuMTA4MC5zZHIucmVndWxhcl9waG90by5DMyJ9&_nc_ohc=jNbyy_j-UyYQ7kNvwGbvaIj&_nc_oc=AdqCy6u1SchhuOXv_dCCYElzKwsikYxBmB_V84eVcT29D6F6Y9C0M5rkbtw_FqjlgSk&_nc_ad=z-m&_nc_cid=0&_nc_zt=23&_nc_ht=scontent-waw2-2.cdninstagram.com&_nc_gid=tZ2ZfigFTOvq294WhlGkpw&_nc_ss=7a22e&oh=00_AQJpuppOdXmJ-lSEwzVyL37I6yb8vfx82RpwsifhahyYCQ&oe=6A9C9B08,https://www.instagram.com/p/DcpKopsjwHG/
Supermercado São Pedro,Bebidas / Cervejas,Cerveja Budweiser 15x269ml,43.35,31/08/2026,https://scontent-ams2-1.cdninstagram.com/v/t39.30808-6/790756054_1508698114636638_6053247548143654318_n.jpg?stp=c0.0.1638.2048a_dst-jpg_e35_s1638x2048_tt6&_nc_cat=109&ig_cache_key=Mzk3NjE3NTA3NTM3NTgzNTQzMQ%3D%3D.3-ccb7-5&ccb=7-5&_nc_sid=58cdad&efg=eyJ2ZW5jb2RlX3RhZyI6IkNBUk9VU0VMX0lURU0ueHBpZHMuMTYzOS5zZHIucmVndWxhcl9waG90by5DMyJ9&_nc_ohc=3goE1b12H3oQ7kNvwFuGbmD&_nc_oc=Adr1AnQJwG05aa7zvQC5WuMmPFqmKrYLuKZSyKGQlW1Mp-FUjGjNFKBzLb0zNOLSYyk&_nc_ad=z-m&_nc_cid=0&_nc_zt=23&_nc_ht=scontent-ams2-1.cdninstagram.com&_nc_gid=Xge3-AgsJ78GQKpYxVY_lQ&_nc_ss=7a22e&oh=00_AQJknncAqLSUQTyHDrpZa1b12mo0_s3smQdYU5DWC9SZmw&oe=6A9CAC39,https://www.instagram.com/p/DcuNi7YiX2_/
Bom Jesus Primavera do Leste 🛒,Bebidas / Cervejas,Cerveja Skol Multipack 15 Latas 269ml,43.35,28/08/2026,https://instagram.fagu3-1.fna.fbcdn.net/v/t51.82787-15/788139857_18374943016237813_6095318216715939563_n.jpg?stp=dst-jpg_e35_tt6&_nc_cat=107&ig_cache_key=Mzk3Mzk3Nzc4MDcyMjI3NDY1Mg%3D%3D.3-ccb7-5&ccb=7-5&_nc_sid=58cdad&efg=eyJ2ZW5jb2RlX3RhZyI6IkNBUk9VU0VMX0lURU0ueHBpZHMuMTA4MC5zZHIucmVndWxhcl9waG90by5DMyJ9&_nc_ohc=xX3unEg9a08Q7kNvwGOEBKm&_nc_oc=Ado24mnGdNuQv2SIzLDfjY6XCYYEsNiM4rzrQdRtfWRTB8lb07qGDm6kHAdE6C_GVYrrbY0t6e50c1CUE8B7f9po&_nc_ad=z-m&_nc_cid=0&_nc_zt=23&_nc_ht=instagram.fagu3-1.fna&_nc_gid=ub-F7Ju1QestHX_RMmDV3g&_nc_ss=7a22e&oh=00_AQIFwtbmqdV6HlbS9jF1C5LBnR30cy1yTOmT2MS5A1inGg&oe=6A9CB070,https://www.instagram.com/p/DcmZ8cDD400/
Super Compras Supermercado,Bebidas / Cervejas,Cerveja Skol 15x269ml,43.85,29/08/2026,https://scontent-lax3-1.cdninstagram.com/v/t51.82787-15/787743920_18192892438391764_3005082908538598587_n.jpg?stp=dst-jpg_e35_tt6&_nc_cat=110&ig_cache_key=Mzk3NDAxMjMzNjQ5MTI3ODEzMg%3D%3D.3-ccb7-5&ccb=7-5&_nc_sid=58cdad&efg=eyJ2ZW5jb2RlX3RhZyI6IkNBUk9VU0VMX0lURU0ueHBpZHMuMTQ0MC5zZHIucmVndWxhcl9waG90by5DMyJ9&_nc_ohc=sDvW_231DL8Q7kNvwGGakWE&_nc_oc=Adq7A-4KTVEtQ04E13KtUfJct4vofja_tdIFFbViufNdxWCWb3gzTEncbugvkyoq4SxBSo4U8Qk0YFN8J84-PfID&_nc_ad=z-m&_nc_cid=0&_nc_zt=23&_nc_ht=scontent-lax3-1.cdninstagram.com&_nc_gid=m4a1im7Fihg2Q49M_7HU5Q&_nc_ss=7a22e&oh=00_AQJgyhM_fFqO3PmtY_y0T8oDIfVqlwQ-mpeCirnfT9cgpQ&oe=6A9CC1BB,https://www.instagram.com/p/DcmhzwZjQj_/
Super Compras Supermercado,Bebidas / Cervejas,Cerveja Original 15 Latas 269ml,50.85,29/08/2026,https://scontent-lax3-2.cdninstagram.com/v/t51.82787-15/787666404_18192892456391764_5631571009347207340_n.jpg?stp=dst-jpg_e35_tt6&_nc_cat=107&ig_cache_key=Mzk3NDAxMjM2OTYxNzUwODE0Ng%3D%3D.3-ccb7-5&ccb=7-5&_nc_sid=58cdad&efg=eyJ2ZW5jb2RlX3RhZyI6IkNBUk9VU0VMX0lURU0ueHBpZHMuMTQ0MC5zZHIucmVndWxhcl9waG90by5DMiJ9&_nc_ohc=Y87jpNzsTLYQ7kNvwF2geSX&_nc_oc=AdqZD0FF6uQKcKmwvMgdUCJYwy4dY7Wr5PoUlwYEztiFCWzJg7dVbjbg6fe2-xtUTGYJgHcjndv-HGxLo3MUXkUD&_nc_ad=z-m&_nc_cid=0&_nc_zt=23&_nc_ht=scontent-lax3-2.cdninstagram.com&_nc_gid=m4a1im7Fihg2Q49M_7HU5Q&_nc_ss=7a22e&oh=00_AQIeHRWhg0DLaTlbVJCNCKbOcXIXMyM6e-rrp8aqs4hd9A&oe=6A9CBD1A,https://www.instagram.com/p/DcmhzwZjQj_/
Bom Jesus Primavera do Leste 🛒,Bebidas / Cervejas,Cerveja Original Multipack 15 Latas 269ml,50.85,28/08/2026,https://instagram.fagu3-1.fna.fbcdn.net/v/t51.82787-15/788139857_18374943016237813_6095318216715939563_n.jpg?stp=dst-jpg_e35_tt6&_nc_cat=107&ig_cache_key=Mzk3Mzk3Nzc4MDcyMjI3NDY1Mg%3D%3D.3-ccb7-5&ccb=7-5&_nc_sid=58cdad&efg=eyJ2ZW5jb2RlX3RhZyI6IkNBUk9VU0VMX0lURU0ueHBpZHMuMTA4MC5zZHIucmVndWxhcl9waG90by5DMyJ9&_nc_ohc=xX3unEg9a08Q7kNvwGOEBKm&_nc_oc=Ado24mnGdNuQv2SIzLDfjY6XCYYEsNiM4rzrQdRtfWRTB8lb07qGDm6kHAdE6C_GVYrrbY0t6e50c1CUE8B7f9po&_nc_ad=z-m&_nc_cid=0&_nc_zt=23&_nc_ht=instagram.fagu3-1.fna&_nc_gid=ub-F7Ju1QestHX_RMmDV3g&_nc_ss=7a22e&oh=00_AQIFwtbmqdV6HlbS9jF1C5LBnR30cy1yTOmT2MS5A1inGg&oe=6A9CB070,https://www.instagram.com/p/DcmZ8cDD400/
Supermercado São Pedro,Bebidas / Cervejas,Cerveja Heineken 5L,99.99,28/08/2026,https://scontent-waw2-2.cdninstagram.com/v/t51.82787-15/787853786_18195711469382122_4084613579796731411_n.jpg?stp=dst-jpg_e35_tt6&_nc_cat=101&ig_cache_key=Mzk3MzY3MjU2ODk4MzkzOTE2MQ%3D%3D.3-ccb7-5&ccb=7-5&_nc_sid=58cdad&efg=eyJ2ZW5jb2RlX3RhZyI6IkNBUk9VU0VMX0lURU0ueHBpZHMuMTA4MS5zZHIucmVndWxhcl9waG90by5DMyJ9&_nc_ohc=YRh7I8l8B0QQ7kNvwEmvTd-&_nc_oc=AdotRJyD39EaxILsMKm2BdgcxtSKvBYXY6qKKrokVsv-Z_ErGu_C3mcsZuTGuMrhksvkFRAegaGhi5k7DLM7Bxag&_nc_ad=z-m&_nc_cid=0&_nc_zt=23&_nc_ht=scontent-waw2-2.cdninstagram.com&_nc_gid=DMKRO3jGuwK0c-WkMOZ7ag&_nc_ss=7a22e&oh=00_AQLVJyGKczp4n9AWxGikJdR1iiBGca5N0k2os6-ccozdpA&oe=6A9CA307,https://www.instagram.com/p/DclUqI1G7TG/
Bom Jesus Primavera do Leste 🛒,Bebidas / Refrigerantes,Refrigerante Sukita 2L,6.29,28/08/2026,https://instagram.fagu3-1.fna.fbcdn.net/v/t51.82787-15/787872858_18374942953237813_1004834205349504739_n.jpg?stp=dst-jpg_e35_tt6&_nc_cat=106&ig_cache_key=Mzk3Mzk3Nzc3ODU0OTU0Mzg5NA%3D%3D.3-ccb7-5&ccb=7-5&_nc_sid=58cdad&efg=eyJ2ZW5jb2RlX3RhZyI6IkNBUk9VU0VMX0lURU0ueHBpZHMuMTA4MC5zZHIucmVndWxhcl9waG90by5DMyJ9&_nc_ohc=Pb6Zx53nLEQQ7kNvwFZt0vM&_nc_oc=Adq8NwWkchz3rJoNiFPsn2e9wqZoj_5MxI2lY4jhrJY6n4jA0qG8AE7S0vTns34epcJLT9PeDlyPyOx23HyAQGFo&_nc_ad=z-m&_nc_cid=0&_nc_zt=23&_nc_ht=instagram.fagu3-1.fna&_nc_gid=ub-F7Ju1QestHX_RMmDV3g&_nc_ss=7a22e&oh=00_AQLMYVB2ImQ-CYuKpYy-2qA486Gi9cgj5uZ4HP1M29twqQ&oe=6A9CCE00,https://www.instagram.com/p/DcmZ8cDD400/
Supermercado Tuiuiú,Bebidas / Refrigerantes,Coca Cola 2.5L,10.99,29/08/2026,https://scontent-waw2-2.cdninstagram.com/v/t51.82787-15/788550438_18582509053067900_6263948761205084851_n.jpg?stp=dst-jpg_e35_tt6&_nc_cat=100&ig_cache_key=Mzk3NDc1NDg5NDQxOTI5Mzg5Nw%3D%3D.3-ccb7-5&ccb=7-5&_nc_sid=58cdad&efg=eyJ2ZW5jb2RlX3RhZyI6IkNBUk9VU0VMX0lURU0ueHBpZHMuMTA4MC5zZHIucmVndWxhcl9waG90by5DMyJ9&_nc_ohc=jNbyy_j-UyYQ7kNvwGbvaIj&_nc_oc=AdqCy6u1SchhuOXv_dCCYElzKwsikYxBmB_V84eVcT29D6F6Y9C0M5rkbtw_FqjlgSk&_nc_ad=z-m&_nc_cid=0&_nc_zt=23&_nc_ht=scontent-waw2-2.cdninstagram.com&_nc_gid=tZ2ZfigFTOvq294WhlGkpw&_nc_ss=7a22e&oh=00_AQJpuppOdXmJ-lSEwzVyL37I6yb8vfx82RpwsifhahyYCQ&oe=6A9C9B08,https://www.instagram.com/p/DcpKopsjwHG/
Supermercado São Pedro,Bebidas / Refrigerantes,Refrigerante Coca Cola 2.5L,11.29,31/08/2026,https://scontent-ams2-1.cdninstagram.com/v/t39.30808-6/790756054_1508698114636638_6053247548143654318_n.jpg?stp=c0.0.1638.2048a_dst-jpg_e35_s1638x2048_tt6&_nc_cat=109&ig_cache_key=Mzk3NjE3NTA3NTM3NTgzNTQzMQ%3D%3D.3-ccb7-5&ccb=7-5&_nc_sid=58cdad&efg=eyJ2ZW5jb2RlX3RhZyI6IkNBUk9VU0VMX0lURU0ueHBpZHMuMTYzOS5zZHIucmVndWxhcl9waG90by5DMyJ9&_nc_ohc=3goE1b12H3oQ7kNvwFuGbmD&_nc_oc=Adr1AnQJwG05aa7zvQC5WuMmPFqmKrYLuKZSyKGQlW1Mp-FUjGjNFKBzLb0zNOLSYyk&_nc_ad=z-m&_nc_cid=0&_nc_zt=23&_nc_ht=scontent-ams2-1.cdninstagram.com&_nc_gid=Xge3-AgsJ78GQKpYxVY_lQ&_nc_ss=7a22e&oh=00_AQJknncAqLSUQTyHDrpZa1b12mo0_s3smQdYU5DWC9SZmw&oe=6A9CAC39,https://www.instagram.com/p/DcuNi7YiX2_/
Machadão Atacadista,Bebidas / Sucos e Diversos,Bebida Láctea Tirol Showkinho Chocolate 200ml,0.99,01/09/2026,https://instagram.fpll8-1.fna.fbcdn.net/v/t39.30808-6/788766900_1363961989157092_7149980708576029676_n.jpg?stp=dst-jpg_e35_tt6&_nc_cat=105&_nc_map=urlgen_bucketless&ig_cache_key=Mzk3NjIxNDMzMjMyNTE5OTQzMw%3D%3D.3-ccb7-5&ccb=7-5&_nc_sid=58cdad&efg=eyJ2ZW5jb2RlX3RhZyI6IkNBUk9VU0VMX0lURU0ueHBpZHMuMTYzOC5zZHIucmVndWxhcl9waG90by5DMyJ9&_nc_ohc=2I1wZ8IpqpUQ7kNvwFAgb26&_nc_oc=AdptEXpzzvKedyOm0IUpup4aKTMN92VEbvGRKA1BQWFQpIbfA4AnOMdezqbxL5iUM5sqq0855oYZTILhNI3FLOd9&_nc_ad=z-m&_nc_cid=0&_nc_zt=23&_nc_ht=instagram.fpll8-1.fna&_nc_gid=-TX4tDFJTAdeRK5XHn8t2g&_nc_ss=7a22e&oh=00_AQL4oPpPpXHmUGCJDgCXWpuhnYQzo2USkXGxU2RSNdNmDA&oe=6A9CACD0,https://www.instagram.com/p/DcuWeMKD352/
Machadão Atacadista,Bebidas / Sucos e Diversos,Bebida Láctea Showkinho Tirol 200ml,0.99,01/09/2026,https://instagram.fpll8-1.fna.fbcdn.net/v/t39.30808-6/790209214_1363962295823728_6184311664090934208_n.jpg?stp=dst-jpg_e35_tt6&_nc_cat=101&_nc_map=urlgen_bucketless&ig_cache_key=Mzk3NjIxNDMzMTA5MjA0NzE3Mg%3D%3D.3-ccb7-5&ccb=7-5&_nc_sid=58cdad&efg=eyJ2ZW5jb2RlX3RhZyI6IkNBUk9VU0VMX0lURU0ueHBpZHMuMTYzOC5zZHIucmVndWxhcl9waG90by5DMyJ9&_nc_ohc=6eOf0AaqPwYQ7kNvwGdrNBZ&_nc_oc=AdrkMFMywyb9xxhGsxNzUydNzBp5WuMm_tp9Q9arUp4u5wRasbwXJXeOCdibD8xtZu5fEQKYFg0j9ixZYO0h6cDW&_nc_ad=z-m&_nc_cid=0&_nc_zt=23&_nc_ht=instagram.fpll8-1.fna&_nc_gid=-TX4tDFJTAdeRK5XHn8t2g&_nc_ss=7a22e&oh=00_AQK2ptsEy7z8d84W23PKqjoR4vKT_L03OqtRuC3I1SiyZA&oe=6A9CB5AE,https://www.instagram.com/p/DcuWeMKD352/
Bom Jesus Primavera do Leste 🛒,Bebidas / Sucos e Diversos,Refresco em Pó Tang 18g,1.19,31/08/2026,https://instagram.fper10-1.fna.fbcdn.net/v/t51.82787-15/790710770_18375397150237813_205032870738913895_n.jpg?stp=dst-jpg_e35_tt6&_nc_cat=109&ig_cache_key=Mzk3NjAxNjAxODA0MzIzNjczOQ%3D%3D.3-ccb7-5&ccb=7-5&_nc_sid=58cdad&efg=eyJ2ZW5jb2RlX3RhZyI6IkNBUk9VU0VMX0lURU0ueHBpZHMuMTA4MC5zZHIucmVndWxhcl9waG90by5DMyJ9&_nc_ohc=bEKxbBy2AZwQ7kNvwHO8Sld&_nc_oc=AdpiWw3afCzauTgOnr7CZqo6RrjWO7xzvi9wQyJB7smgHhRnAUcnufRIyV2PS38CSm8&_nc_ad=z-m&_nc_cid=0&_nc_zt=23&_nc_ht=instagram.fper10-1.fna&_nc_gid=f_Ac6QzwHuXD4P1h-TVMjQ&_nc_ss=7a22e&oh=00_AQKcIGxVKzoKCZsljPzfJbsKz-cmAUsbz6pdsoYWkgRUuA&oe=6A9CA6D6,https://www.instagram.com/p/DctpboPFJpU/
Supermercado São Pedro,Bebidas / Sucos e Diversos,Suco Kapo 200ml,2.39,31/08/2026,https://scontent-ams2-1.cdninstagram.com/v/t39.30808-6/790756054_1508698114636638_6053247548143654318_n.jpg?stp=c0.0.1638.2048a_dst-jpg_e35_s1638x2048_tt6&_nc_cat=109&ig_cache_key=Mzk3NjE3NTA3NTM3NTgzNTQzMQ%3D%3D.3-ccb7-5&ccb=7-5&_nc_sid=58cdad&efg=eyJ2ZW5jb2RlX3RhZyI6IkNBUk9VU0VMX0lURU0ueHBpZHMuMTYzOS5zZHIucmVndWxhcl9waG90by5DMyJ9&_nc_ohc=3goE1b12H3oQ7kNvwFuGbmD&_nc_oc=Adr1AnQJwG05aa7zvQC5WuMmPFqmKrYLuKZSyKGQlW1Mp-FUjGjNFKBzLb0zNOLSYyk&_nc_ad=z-m&_nc_cid=0&_nc_zt=23&_nc_ht=scontent-ams2-1.cdninstagram.com&_nc_gid=Xge3-AgsJ78GQKpYxVY_lQ&_nc_ss=7a22e&oh=00_AQJknncAqLSUQTyHDrpZa1b12mo0_s3smQdYU5DWC9SZmw&oe=6A9CAC39,https://www.instagram.com/p/DcuNi7YiX2_/
Bom Jesus Primavera do Leste 🛒,Bebidas / Sucos e Diversos,Leite Fermentado Chamyto 450g,7.99,31/08/2026,https://instagram.fper10-2.fna.fbcdn.net/v/t51.82787-15/790024829_18375397153237813_1948289794463955166_n.jpg?stp=dst-jpg_e35_tt6&_nc_cat=101&ig_cache_key=Mzk3NjAxNjAxNDQwMTk2MTI2NA%3D%3D.3-ccb7-5&ccb=7-5&_nc_sid=58cdad&efg=eyJ2ZW5jb2RlX3RhZyI6IkNBUk9VU0VMX0lURU0ueHBpZHMuMTA4MC5zZHIucmVndWxhcl9waG90by5DMyJ9&_nc_ohc=jFcUhcd3ey4Q7kNvwE3hxyN&_nc_oc=AdpHLNwAhSAuy0JuMhBgUYyPQrQb9vHTlhOBCE4vAUlcw5b2c1ggi8AVU_aK1cBTvkk&_nc_ad=z-m&_nc_cid=0&_nc_zt=23&_nc_ht=instagram.fper10-2.fna&_nc_gid=f_Ac6QzwHuXD4P1h-TVMjQ&_nc_ss=7a22e&oh=00_AQKZrSxDcZhfURGq6VEeim2vq4IWAu3C1myQPZZVH6BNCA&oe=6A9CA904,https://www.instagram.com/p/DctpboPFJpU/
Supermercado São Pedro,Bebidas / Sucos e Diversos,Energético Red Bull 250ml,8.99,31/08/2026,https://scontent-ams2-1.cdninstagram.com/v/t39.30808-6/790756054_1508698114636638_6053247548143654318_n.jpg?stp=c0.0.1638.2048a_dst-jpg_e35_s1638x2048_tt6&_nc_cat=109&ig_cache_key=Mzk3NjE3NTA3NTM3NTgzNTQzMQ%3D%3D.3-ccb7-5&ccb=7-5&_nc_sid=58cdad&efg=eyJ2ZW5jb2RlX3RhZyI6IkNBUk9VU0VMX0lURU0ueHBpZHMuMTYzOS5zZHIucmVndWxhcl9waG90by5DMyJ9&_nc_ohc=3goE1b12H3oQ7kNvwFuGbmD&_nc_oc=Adr1AnQJwG05aa7zvQC5WuMmPFqmKrYLuKZSyKGQlW1Mp-FUjGjNFKBzLb0zNOLSYyk&_nc_ad=z-m&_nc_cid=0&_nc_zt=23&_nc_ht=scontent-ams2-1.cdninstagram.com&_nc_gid=Xge3-AgsJ78GQKpYxVY_lQ&_nc_ss=7a22e&oh=00_AQJknncAqLSUQTyHDrpZa1b12mo0_s3smQdYU5DWC9SZmw&oe=6A9CAC39,https://www.instagram.com/p/DcuNi7YiX2_/
Bom Jesus Primavera do Leste 🛒,Bebidas / Sucos e Diversos,Salsicha Seara kg,9.99,28/08/2026,https://instagram.fagu3-1.fna.fbcdn.net/v/t51.82787-15/786853630_18374942971237813_3112147777905981087_n.jpg?stp=dst-jpg_e35_tt6&_nc_cat=107&ig_cache_key=Mzk3Mzk3Nzc3OTE1MzU1MzcyNQ%3D%3D.3-ccb7-5&ccb=7-5&_nc_sid=58cdad&efg=eyJ2ZW5jb2RlX3RhZyI6IkNBUk9VU0VMX0lURU0ueHBpZHMuMTA4MC5zZHIucmVndWxhcl9waG90by5DMyJ9&_nc_ohc=ekdg7i9GxycQ7kNvwG-jRqs&_nc_oc=AdqbjQUatHi_6_SUYVdiOps_-C9VZ9NERdvas8U9_3XkdO7TMRP_rTwkZMIpBu4tpoXTgNyeLFFKE9XJ0-yYtIB5&_nc_ad=z-m&_nc_cid=0&_nc_zt=23&_nc_ht=instagram.fagu3-1.fna&_nc_gid=ub-F7Ju1QestHX_RMmDV3g&_nc_ss=7a22e&oh=00_AQKX6Psx2g27TPip7q0CLixd4taD6vSF_HNFOW6wBVo-OA&oe=6A9CBBE4,https://www.instagram.com/p/DcmZ8cDD400/
Bom Jesus Primavera do Leste 🛒,Bebidas / Sucos e Diversos,Salsicha Hot Dog Seara kg,9.99,31/08/2026,https://instagram.fper10-1.fna.fbcdn.net/v/t51.82787-15/789425401_18375397132237813_3283979444182116387_n.jpg?stp=dst-jpg_e35_tt6&_nc_cat=109&ig_cache_key=Mzk3NjAxNjAxMTkzNTgyMDU5Mg%3D%3D.3-ccb7-5&ccb=7-5&_nc_sid=58cdad&efg=eyJ2ZW5jb2RlX3RhZyI6IkNBUk9VU0VMX0lURU0ueHBpZHMuMTA4MC5zZHIucmVndWxhcl9waG90by5DMyJ9&_nc_ohc=Qo8g-Wo6lO8Q7kNvwEwrYYG&_nc_oc=AdroGpwslZJFleBfWoEg3Lhcff_tzkhIeVm5zfVxnE9385kh73-QCjuZoyHFllS3Yzw&_nc_ad=z-m&_nc_cid=0&_nc_zt=23&_nc_ht=instagram.fper10-1.fna&_nc_gid=f_Ac6QzwHuXD4P1h-TVMjQ&_nc_ss=7a22e&oh=00_AQIRLI9s0IMTyRAvAvemUDnVyYiujPMif1yEOQiVJkJbSw&oe=6A9CB3EA,https://www.instagram.com/p/DctpboPFJpU/
Supermercado São Pedro,Bebidas / Sucos e Diversos,Salsicha Seara kg,10.49,31/08/2026,https://instagram.fgru4-1.fna.fbcdn.net/v/t51.82787-15/791942671_18196080940382122_5769268194854024718_n.jpg?stp=dst-jpg_e35_tt6&_nc_cat=107&ig_cache_key=Mzk3NTg1NzQ5MjM5MDM2NzAzMQ%3D%3D.3-ccb7-5&ccb=7-5&_nc_sid=58cdad&efg=eyJ2ZW5jb2RlX3RhZyI6IkZFRUQueHBpZHMuMzI0OC5zZHIucmVndWxhcl9waG90by5DMyJ9&_nc_ohc=FI0IN0j_ruIQ7kNvwFMwK0c&_nc_oc=Adp7EUwxBUkyJTVoTV_34CkvViUEfP6Wb05uWtuMMIUMopHuWHmzA07zP0uKLelXT20&_nc_ad=z-m&_nc_cid=0&_nc_zt=23&_nc_ht=instagram.fgru4-1.fna&_nc_gid=uGUL6BXvsCHqKlYGbIeScg&_nc_ss=7a22e&oh=00_AQJgvotqcJGcITPLqqN8ypjhAl3iHLEFvS5Ht8OuPU9UeQ&oe=6A9CC4BA,https://www.instagram.com/p/DctFVMHgM83/
Bom Jesus Primavera do Leste 🛒,Bebidas / Sucos e Diversos,Kit Copo Aurora 6 Unidades,12.9,31/08/2026,https://instagram.fper10-1.fna.fbcdn.net/v/t51.82787-15/789523666_18375397165237813_3042595625651888809_n.jpg?stp=dst-jpg_e35_tt6&_nc_cat=104&ig_cache_key=Mzk3NjAxNjAxNjcwNjA3NTE0OA%3D%3D.3-ccb7-5&ccb=7-5&_nc_sid=58cdad&efg=eyJ2ZW5jb2RlX3RhZyI6IkNBUk9VU0VMX0lURU0ueHBpZHMuMTA4MC5zZHIucmVndWxhcl9waG90by5DMyJ9&_nc_ohc=3X_gJLPLoscQ7kNvwEekRKh&_nc_oc=AdoXZnx3DhmM6RaXFFkolnKpMt0aCggOvmJOP-urdIrnN44TjQ7ZEpow4kwQJhG5XOA&_nc_ad=z-m&_nc_cid=0&_nc_zt=23&_nc_ht=instagram.fper10-1.fna&_nc_gid=f_Ac6QzwHuXD4P1h-TVMjQ&_nc_ss=7a22e&oh=00_AQJGnj5Z7t09OoD4B9o74OPUo48dMxB6Ie7qx2KvgqowJw&oe=6A9C9751,https://www.instagram.com/p/DctpboPFJpU/
Machadão Atacadista,Bebidas / Sucos e Diversos,Suco de Uva Integral Aurora 1.5L,13.9,01/09/2026,https://instagram.fpll8-1.fna.fbcdn.net/v/t39.30808-6/788766900_1363961989157092_7149980708576029676_n.jpg?stp=dst-jpg_e35_tt6&_nc_cat=105&_nc_map=urlgen_bucketless&ig_cache_key=Mzk3NjIxNDMzMjMyNTE5OTQzMw%3D%3D.3-ccb7-5&ccb=7-5&_nc_sid=58cdad&efg=eyJ2ZW5jb2RlX3RhZyI6IkNBUk9VU0VMX0lURU0ueHBpZHMuMTYzOC5zZHIucmVndWxhcl9waG90by5DMyJ9&_nc_ohc=2I1wZ8IpqpUQ7kNvwFAgb26&_nc_oc=AdptEXpzzvKedyOm0IUpup4aKTMN92VEbvGRKA1BQWFQpIbfA4AnOMdezqbxL5iUM5sqq0855oYZTILhNI3FLOd9&_nc_ad=z-m&_nc_cid=0&_nc_zt=23&_nc_ht=instagram.fpll8-1.fna&_nc_gid=-TX4tDFJTAdeRK5XHn8t2g&_nc_ss=7a22e&oh=00_AQL4oPpPpXHmUGCJDgCXWpuhnYQzo2USkXGxU2RSNdNmDA&oe=6A9CACD0,https://www.instagram.com/p/DcuWeMKD352/
Machadão Atacadista,Bebidas / Sucos e Diversos,Suco de Uva Integral Aurora 1.5L,13.9,01/09/2026,https://instagram.fpll8-1.fna.fbcdn.net/v/t39.30808-6/790209214_1363962295823728_6184311664090934208_n.jpg?stp=dst-jpg_e35_tt6&_nc_cat=101&_nc_map=urlgen_bucketless&ig_cache_key=Mzk3NjIxNDMzMTA5MjA0NzE3Mg%3D%3D.3-ccb7-5&ccb=7-5&_nc_sid=58cdad&efg=eyJ2ZW5jb2RlX3RhZyI6IkNBUk9VU0VMX0lURU0ueHBpZHMuMTYzOC5zZHIucmVndWxhcl9waG90by5DMyJ9&_nc_ohc=6eOf0AaqPwYQ7kNvwGdrNBZ&_nc_oc=AdrkMFMywyb9xxhGsxNzUydNzBp5WuMm_tp9Q9arUp4u5wRasbwXJXeOCdibD8xtZu5fEQKYFg0j9ixZYO0h6cDW&_nc_ad=z-m&_nc_cid=0&_nc_zt=23&_nc_ht=instagram.fpll8-1.fna&_nc_gid=-TX4tDFJTAdeRK5XHn8t2g&_nc_ss=7a22e&oh=00_AQK2ptsEy7z8d84W23PKqjoR4vKT_L03OqtRuC3I1SiyZA&oe=6A9CB5AE,https://www.instagram.com/p/DcuWeMKD352/
Bom Jesus Primavera do Leste 🛒,Bebidas / Sucos e Diversos,Papel Higiênico Mili Folha Dupla 30m 12 Unidades,14.99,31/08/2026,https://instagram.fper10-1.fna.fbcdn.net/v/t51.82787-15/790710770_18375397150237813_205032870738913895_n.jpg?stp=dst-jpg_e35_tt6&_nc_cat=109&ig_cache_key=Mzk3NjAxNjAxODA0MzIzNjczOQ%3D%3D.3-ccb7-5&ccb=7-5&_nc_sid=58cdad&efg=eyJ2ZW5jb2RlX3RhZyI6IkNBUk9VU0VMX0lURU0ueHBpZHMuMTA4MC5zZHIucmVndWxhcl9waG90by5DMyJ9&_nc_ohc=bEKxbBy2AZwQ7kNvwHO8Sld&_nc_oc=AdpiWw3afCzauTgOnr7CZqo6RrjWO7xzvi9wQyJB7smgHhRnAUcnufRIyV2PS38CSm8&_nc_ad=z-m&_nc_cid=0&_nc_zt=23&_nc_ht=instagram.fper10-1.fna&_nc_gid=f_Ac6QzwHuXD4P1h-TVMjQ&_nc_ss=7a22e&oh=00_AQKcIGxVKzoKCZsljPzfJbsKz-cmAUsbz6pdsoYWkgRUuA&oe=6A9CA6D6,https://www.instagram.com/p/DctpboPFJpU/
Bom Jesus Primavera do Leste 🛒,Bebidas / Sucos e Diversos,Papel Higiênico Mili Folha Dupla 30m 12 Unidades,15.99,28/08/2026,https://instagram.fagu3-1.fna.fbcdn.net/v/t51.82787-15/788860531_18374942995237813_624644092953609674_n.jpg?stp=dst-jpg_e35_tt6&_nc_cat=106&ig_cache_key=Mzk3Mzk3Nzc4MjEzMTM5MTcwNQ%3D%3D.3-ccb7-5&ccb=7-5&_nc_sid=58cdad&efg=eyJ2ZW5jb2RlX3RhZyI6IkNBUk9VU0VMX0lURU0ueHBpZHMuMTA4MC5zZHIucmVndWxhcl9waG90by5DMyJ9&_nc_ohc=mOHmscgEnGsQ7kNvwG0PQUn&_nc_oc=AdrnTvsOFFkNfnHfY75s1obDc4syPIbh38dwbw0-nRxvMcu5mBgdahDwtxkyaB2nM6O9DyZF_Ce2RoL-nnEYXLth&_nc_ad=z-m&_nc_cid=0&_nc_zt=23&_nc_ht=instagram.fagu3-1.fna&_nc_gid=ub-F7Ju1QestHX_RMmDV3g&_nc_ss=7a22e&oh=00_AQLUCXvuPQW3Nq0qTBAt7t_Gwg-0uCGi7p0Nzj_WftC11w&oe=6A9CB28B,https://www.instagram.com/p/DcmZ8cDD400/
Supermercado São Pedro,Bebidas / Sucos e Diversos,Suco de Uva Garibaldi 1.5L,16.99,31/08/2026,https://scontent-ams2-1.cdninstagram.com/v/t39.30808-6/790756054_1508698114636638_6053247548143654318_n.jpg?stp=c0.0.1638.2048a_dst-jpg_e35_s1638x2048_tt6&_nc_cat=109&ig_cache_key=Mzk3NjE3NTA3NTM3NTgzNTQzMQ%3D%3D.3-ccb7-5&ccb=7-5&_nc_sid=58cdad&efg=eyJ2ZW5jb2RlX3RhZyI6IkNBUk9VU0VMX0lURU0ueHBpZHMuMTYzOS5zZHIucmVndWxhcl9waG90by5DMyJ9&_nc_ohc=3goE1b12H3oQ7kNvwFuGbmD&_nc_oc=Adr1AnQJwG05aa7zvQC5WuMmPFqmKrYLuKZSyKGQlW1Mp-FUjGjNFKBzLb0zNOLSYyk&_nc_ad=z-m&_nc_cid=0&_nc_zt=23&_nc_ht=scontent-ams2-1.cdninstagram.com&_nc_gid=Xge3-AgsJ78GQKpYxVY_lQ&_nc_ss=7a22e&oh=00_AQJknncAqLSUQTyHDrpZa1b12mo0_s3smQdYU5DWC9SZmw&oe=6A9CAC39,https://www.instagram.com/p/DcuNi7YiX2_/
Bom Jesus Primavera do Leste 🛒,Bebidas / Sucos e Diversos,Whisky Buchanan's 12 Anos 1L,189.9,28/08/2026,https://instagram.fagu3-1.fna.fbcdn.net/v/t51.82787-15/788139857_18374943016237813_6095318216715939563_n.jpg?stp=dst-jpg_e35_tt6&_nc_cat=107&ig_cache_key=Mzk3Mzk3Nzc4MDcyMjI3NDY1Mg%3D%3D.3-ccb7-5&ccb=7-5&_nc_sid=58cdad&efg=eyJ2ZW5jb2RlX3RhZyI6IkNBUk9VU0VMX0lURU0ueHBpZHMuMTA4MC5zZHIucmVndWxhcl9waG90by5DMyJ9&_nc_ohc=xX3unEg9a08Q7kNvwGOEBKm&_nc_oc=Ado24mnGdNuQv2SIzLDfjY6XCYYEsNiM4rzrQdRtfWRTB8lb07qGDm6kHAdE6C_GVYrrbY0t6e50c1CUE8B7f9po&_nc_ad=z-m&_nc_cid=0&_nc_zt=23&_nc_ht=instagram.fagu3-1.fna&_nc_gid=ub-F7Ju1QestHX_RMmDV3g&_nc_ss=7a22e&oh=00_AQIFwtbmqdV6HlbS9jF1C5LBnR30cy1yTOmT2MS5A1inGg&oe=6A9CB070,https://www.instagram.com/p/DcmZ8cDD400/
Supermercado Tuiuiú,Carnes / Aves,Dorso de Frango kg,4.99,31/08/2026,https://instagram.fbjx1-3.fna.fbcdn.net/v/t51.82787-15/790590392_18582933505067900_2201772778734952147_n.jpg?stp=dst-jpg_e35_tt6&_nc_cat=103&ig_cache_key=Mzk3NTg0NzA1MzA0NTM0MDc5MQ%3D%3D.3-ccb7-5&ccb=7-5&_nc_sid=58cdad&efg=eyJ2ZW5jb2RlX3RhZyI6IkNBUk9VU0VMX0lURU0ueHBpZHMuMTA4MC5zZHIucmVndWxhcl9waG90by5DMyJ9&_nc_ohc=xipPFTIHiTUQ7kNvwGKZJII&_nc_oc=AdqrCbkrXnAK8JCWaE7vFyAgvYt6LovDP-L74_euQ_0w3_bRQS9zoIFmtpWjGGnij50&_nc_ad=z-m&_nc_cid=0&_nc_zt=23&_nc_ht=instagram.fbjx1-3.fna&_nc_gid=u9jY4YB921ueeDNuf3xpXg&_nc_ss=7a22e&oh=00_AQK0q62GWMW9RyXLIQ5YTtoMlBxNF-TbAnLtRoY-MaQkjQ&oe=6A9CBE02,https://www.instagram.com/p/DctC9pmj6oW/
Bom Jesus Primavera do Leste 🛒,Carnes / Aves,Limpador Perfumado Casa & Perfume 500ml,4.99,31/08/2026,https://instagram.fper10-1.fna.fbcdn.net/v/t51.82787-15/788877619_18375397174237813_953017416961948990_n.jpg?stp=dst-jpg_e35_tt6&_nc_cat=109&ig_cache_key=Mzk3NjAxNjAxOTgyOTU0MTUxNA%3D%3D.3-ccb7-5&ccb=7-5&_nc_sid=58cdad&efg=eyJ2ZW5jb2RlX3RhZyI6IkNBUk9VU0VMX0lURU0ueHBpZHMuMTA4MC5zZHIucmVndWxhcl9waG90by5DMyJ9&_nc_ohc=N5VPEzPgA_YQ7kNvwHRJF1f&_nc_oc=Adq7-ko9rQHLeEUdsmTT2RZ-TBHUsB1f-dWVKJdtu-acW7oBlFOMP93pK6kEysB0q9Y&_nc_ad=z-m&_nc_cid=0&_nc_zt=23&_nc_ht=instagram.fper10-1.fna&_nc_gid=f_Ac6QzwHuXD4P1h-TVMjQ&_nc_ss=7a22e&oh=00_AQJyrxV3nBcd4tTD6GCT5L06M6Lj-1wDYzbMgzZfRCEfsg&oe=6A9C99FA,https://www.instagram.com/p/DctpboPFJpU/
Supermercado Tuiuiú,Carnes / Aves,Pescoço de Frango kg,5.99,31/08/2026,https://instagram.fbjx1-3.fna.fbcdn.net/v/t51.82787-15/790590392_18582933505067900_2201772778734952147_n.jpg?stp=dst-jpg_e35_tt6&_nc_cat=103&ig_cache_key=Mzk3NTg0NzA1MzA0NTM0MDc5MQ%3D%3D.3-ccb7-5&ccb=7-5&_nc_sid=58cdad&efg=eyJ2ZW5jb2RlX3RhZyI6IkNBUk9VU0VMX0lURU0ueHBpZHMuMTA4MC5zZHIucmVndWxhcl9waG90by5DMyJ9&_nc_ohc=xipPFTIHiTUQ7kNvwGKZJII&_nc_oc=AdqrCbkrXnAK8JCWaE7vFyAgvYt6LovDP-L74_euQ_0w3_bRQS9zoIFmtpWjGGnij50&_nc_ad=z-m&_nc_cid=0&_nc_zt=23&_nc_ht=instagram.fbjx1-3.fna&_nc_gid=u9jY4YB921ueeDNuf3xpXg&_nc_ss=7a22e&oh=00_AQK0q62GWMW9RyXLIQ5YTtoMlBxNF-TbAnLtRoY-MaQkjQ&oe=6A9CBE02,https://www.instagram.com/p/DctC9pmj6oW/
Supermercado Tuiuiú,Carnes / Aves,Pé de Frango kg,5.99,31/08/2026,https://instagram.fbjx1-3.fna.fbcdn.net/v/t51.82787-15/790590392_18582933505067900_2201772778734952147_n.jpg?stp=dst-jpg_e35_tt6&_nc_cat=103&ig_cache_key=Mzk3NTg0NzA1MzA0NTM0MDc5MQ%3D%3D.3-ccb7-5&ccb=7-5&_nc_sid=58cdad&efg=eyJ2ZW5jb2RlX3RhZyI6IkNBUk9VU0VMX0lURU0ueHBpZHMuMTA4MC5zZHIucmVndWxhcl9waG90by5DMyJ9&_nc_ohc=xipPFTIHiTUQ7kNvwGKZJII&_nc_oc=AdqrCbkrXnAK8JCWaE7vFyAgvYt6LovDP-L74_euQ_0w3_bRQS9zoIFmtpWjGGnij50&_nc_ad=z-m&_nc_cid=0&_nc_zt=23&_nc_ht=instagram.fbjx1-3.fna&_nc_gid=u9jY4YB921ueeDNuf3xpXg&_nc_ss=7a22e&oh=00_AQK0q62GWMW9RyXLIQ5YTtoMlBxNF-TbAnLtRoY-MaQkjQ&oe=6A9CBE02,https://www.instagram.com/p/DctC9pmj6oW/
Supermercado São Pedro,Carnes / Aves,Coxas e Sobrecoxas de Frango kg,8.29,31/08/2026,https://scontent-ams2-1.cdninstagram.com/v/t39.30808-6/790310368_1508698117969971_69530791300054474_n.jpg?stp=c0.0.1638.2047a_dst-jpg_e35_s1638x2047_tt6&_nc_cat=102&ig_cache_key=Mzk3NjE3NTA3NzMxMzU4MjExNA%3D%3D.3-ccb7-5&ccb=7-5&_nc_sid=58cdad&efg=eyJ2ZW5jb2RlX3RhZyI6IkNBUk9VU0VMX0lURU0ueHBpZHMuMTYzOC5zZHIucmVndWxhcl9waG90by5DMyJ9&_nc_ohc=uD9JaANzDd0Q7kNvwH535Ek&_nc_oc=AdprH4neidouuwsJ_1qpmFfrpVbcOcik7xk0TXKCERxxoY78EK1TcA99K8RizzfECOo&_nc_ad=z-m&_nc_cid=0&_nc_zt=23&_nc_ht=scontent-ams2-1.cdninstagram.com&_nc_gid=Xge3-AgsJ78GQKpYxVY_lQ&_nc_ss=7a22e&oh=00_AQLyxdP99X1LwDUKlEg0XOKW49YjRLzzhit7vnib_Xlk7w&oe=6A9CC4DA,https://www.instagram.com/p/DcuNi7YiX2_/
Supermercado Tuiuiú,Carnes / Aves,Fígado de Frango kg,8.99,31/08/2026,https://instagram.fbjx1-3.fna.fbcdn.net/v/t51.82787-15/790590392_18582933505067900_2201772778734952147_n.jpg?stp=dst-jpg_e35_tt6&_nc_cat=103&ig_cache_key=Mzk3NTg0NzA1MzA0NTM0MDc5MQ%3D%3D.3-ccb7-5&ccb=7-5&_nc_sid=58cdad&efg=eyJ2ZW5jb2RlX3RhZyI6IkNBUk9VU0VMX0lURU0ueHBpZHMuMTA4MC5zZHIucmVndWxhcl9waG90by5DMyJ9&_nc_ohc=xipPFTIHiTUQ7kNvwGKZJII&_nc_oc=AdqrCbkrXnAK8JCWaE7vFyAgvYt6LovDP-L74_euQ_0w3_bRQS9zoIFmtpWjGGnij50&_nc_ad=z-m&_nc_cid=0&_nc_zt=23&_nc_ht=instagram.fbjx1-3.fna&_nc_gid=u9jY4YB921ueeDNuf3xpXg&_nc_ss=7a22e&oh=00_AQK0q62GWMW9RyXLIQ5YTtoMlBxNF-TbAnLtRoY-MaQkjQ&oe=6A9CBE02,https://www.instagram.com/p/DctC9pmj6oW/
Bom Jesus Primavera do Leste 🛒,Carnes / Aves,Frango A Passarinho Bello 800g,8.99,28/08/2026,https://instagram.fagu3-1.fna.fbcdn.net/v/t51.82787-15/786853630_18374942971237813_3112147777905981087_n.jpg?stp=dst-jpg_e35_tt6&_nc_cat=107&ig_cache_key=Mzk3Mzk3Nzc3OTE1MzU1MzcyNQ%3D%3D.3-ccb7-5&ccb=7-5&_nc_sid=58cdad&efg=eyJ2ZW5jb2RlX3RhZyI6IkNBUk9VU0VMX0lURU0ueHBpZHMuMTA4MC5zZHIucmVndWxhcl9waG90by5DMyJ9&_nc_ohc=ekdg7i9GxycQ7kNvwG-jRqs&_nc_oc=AdqbjQUatHi_6_SUYVdiOps_-C9VZ9NERdvas8U9_3XkdO7TMRP_rTwkZMIpBu4tpoXTgNyeLFFKE9XJ0-yYtIB5&_nc_ad=z-m&_nc_cid=0&_nc_zt=23&_nc_ht=instagram.fagu3-1.fna&_nc_gid=ub-F7Ju1QestHX_RMmDV3g&_nc_ss=7a22e&oh=00_AQKX6Psx2g27TPip7q0CLixd4taD6vSF_HNFOW6wBVo-OA&oe=6A9CBBE4,https://www.instagram.com/p/DcmZ8cDD400/
Bom Jesus Primavera do Leste 🛒,Carnes / Aves,Frango A Passarinho Bello 800g,8.99,31/08/2026,https://instagram.fper10-1.fna.fbcdn.net/v/t51.82787-15/789425401_18375397132237813_3283979444182116387_n.jpg?stp=dst-jpg_e35_tt6&_nc_cat=109&ig_cache_key=Mzk3NjAxNjAxMTkzNTgyMDU5Mg%3D%3D.3-ccb7-5&ccb=7-5&_nc_sid=58cdad&efg=eyJ2ZW5jb2RlX3RhZyI6IkNBUk9VU0VMX0lURU0ueHBpZHMuMTA4MC5zZHIucmVndWxhcl9waG90by5DMyJ9&_nc_ohc=Qo8g-Wo6lO8Q7kNvwEwrYYG&_nc_oc=AdroGpwslZJFleBfWoEg3Lhcff_tzkhIeVm5zfVxnE9385kh73-QCjuZoyHFllS3Yzw&_nc_ad=z-m&_nc_cid=0&_nc_zt=23&_nc_ht=instagram.fper10-1.fna&_nc_gid=f_Ac6QzwHuXD4P1h-TVMjQ&_nc_ss=7a22e&oh=00_AQIRLI9s0IMTyRAvAvemUDnVyYiujPMif1yEOQiVJkJbSw&oe=6A9CB3EA,https://www.instagram.com/p/DctpboPFJpU/
Bom Jesus Primavera do Leste 🛒,Carnes / Aves,Frango Inteiro Seara kg,9.69,28/08/2026,https://instagram.fagu3-1.fna.fbcdn.net/v/t51.82787-15/786853630_18374942971237813_3112147777905981087_n.jpg?stp=dst-jpg_e35_tt6&_nc_cat=107&ig_cache_key=Mzk3Mzk3Nzc3OTE1MzU1MzcyNQ%3D%3D.3-ccb7-5&ccb=7-5&_nc_sid=58cdad&efg=eyJ2ZW5jb2RlX3RhZyI6IkNBUk9VU0VMX0lURU0ueHBpZHMuMTA4MC5zZHIucmVndWxhcl9waG90by5DMyJ9&_nc_ohc=ekdg7i9GxycQ7kNvwG-jRqs&_nc_oc=AdqbjQUatHi_6_SUYVdiOps_-C9VZ9NERdvas8U9_3XkdO7TMRP_rTwkZMIpBu4tpoXTgNyeLFFKE9XJ0-yYtIB5&_nc_ad=z-m&_nc_cid=0&_nc_zt=23&_nc_ht=instagram.fagu3-1.fna&_nc_gid=ub-F7Ju1QestHX_RMmDV3g&_nc_ss=7a22e&oh=00_AQKX6Psx2g27TPip7q0CLixd4taD6vSF_HNFOW6wBVo-OA&oe=6A9CBBE4,https://www.instagram.com/p/DcmZ8cDD400/
Bom Jesus Primavera do Leste 🛒,Carnes / Aves,Frango Inteiro Seara kg,9.69,31/08/2026,https://instagram.fper10-1.fna.fbcdn.net/v/t51.82787-15/789425401_18375397132237813_3283979444182116387_n.jpg?stp=dst-jpg_e35_tt6&_nc_cat=109&ig_cache_key=Mzk3NjAxNjAxMTkzNTgyMDU5Mg%3D%3D.3-ccb7-5&ccb=7-5&_nc_sid=58cdad&efg=eyJ2ZW5jb2RlX3RhZyI6IkNBUk9VU0VMX0lURU0ueHBpZHMuMTA4MC5zZHIucmVndWxhcl9waG90by5DMyJ9&_nc_ohc=Qo8g-Wo6lO8Q7kNvwEwrYYG&_nc_oc=AdroGpwslZJFleBfWoEg3Lhcff_tzkhIeVm5zfVxnE9385kh73-QCjuZoyHFllS3Yzw&_nc_ad=z-m&_nc_cid=0&_nc_zt=23&_nc_ht=instagram.fper10-1.fna&_nc_gid=f_Ac6QzwHuXD4P1h-TVMjQ&_nc_ss=7a22e&oh=00_AQIRLI9s0IMTyRAvAvemUDnVyYiujPMif1yEOQiVJkJbSw&oe=6A9CB3EA,https://www.instagram.com/p/DctpboPFJpU/
Supermercado Tuiuiú,Carnes / Aves,Frango Inteiro Seara kg,9.99,31/08/2026,https://instagram.fbjx1-3.fna.fbcdn.net/v/t51.82787-15/790590392_18582933505067900_2201772778734952147_n.jpg?stp=dst-jpg_e35_tt6&_nc_cat=103&ig_cache_key=Mzk3NTg0NzA1MzA0NTM0MDc5MQ%3D%3D.3-ccb7-5&ccb=7-5&_nc_sid=58cdad&efg=eyJ2ZW5jb2RlX3RhZyI6IkNBUk9VU0VMX0lURU0ueHBpZHMuMTA4MC5zZHIucmVndWxhcl9waG90by5DMyJ9&_nc_ohc=xipPFTIHiTUQ7kNvwGKZJII&_nc_oc=AdqrCbkrXnAK8JCWaE7vFyAgvYt6LovDP-L74_euQ_0w3_bRQS9zoIFmtpWjGGnij50&_nc_ad=z-m&_nc_cid=0&_nc_zt=23&_nc_ht=instagram.fbjx1-3.fna&_nc_gid=u9jY4YB921ueeDNuf3xpXg&_nc_ss=7a22e&oh=00_AQK0q62GWMW9RyXLIQ5YTtoMlBxNF-TbAnLtRoY-MaQkjQ&oe=6A9CBE02,https://www.instagram.com/p/DctC9pmj6oW/
Bom Jesus Primavera do Leste 🛒,Carnes / Aves,Coxinha da Asa Bello 800g,10.99,28/08/2026,https://instagram.fagu3-1.fna.fbcdn.net/v/t51.82787-15/786853630_18374942971237813_3112147777905981087_n.jpg?stp=dst-jpg_e35_tt6&_nc_cat=107&ig_cache_key=Mzk3Mzk3Nzc3OTE1MzU1MzcyNQ%3D%3D.3-ccb7-5&ccb=7-5&_nc_sid=58cdad&efg=eyJ2ZW5jb2RlX3RhZyI6IkNBUk9VU0VMX0lURU0ueHBpZHMuMTA4MC5zZHIucmVndWxhcl9waG90by5DMyJ9&_nc_ohc=ekdg7i9GxycQ7kNvwG-jRqs&_nc_oc=AdqbjQUatHi_6_SUYVdiOps_-C9VZ9NERdvas8U9_3XkdO7TMRP_rTwkZMIpBu4tpoXTgNyeLFFKE9XJ0-yYtIB5&_nc_ad=z-m&_nc_cid=0&_nc_zt=23&_nc_ht=instagram.fagu3-1.fna&_nc_gid=ub-F7Ju1QestHX_RMmDV3g&_nc_ss=7a22e&oh=00_AQKX6Psx2g27TPip7q0CLixd4taD6vSF_HNFOW6wBVo-OA&oe=6A9CBBE4,https://www.instagram.com/p/DcmZ8cDD400/
Bom Jesus Primavera do Leste 🛒,Carnes / Aves,Coxinha da Asa Bello 800g,10.99,31/08/2026,https://instagram.fper10-1.fna.fbcdn.net/v/t51.82787-15/789425401_18375397132237813_3283979444182116387_n.jpg?stp=dst-jpg_e35_tt6&_nc_cat=109&ig_cache_key=Mzk3NjAxNjAxMTkzNTgyMDU5Mg%3D%3D.3-ccb7-5&ccb=7-5&_nc_sid=58cdad&efg=eyJ2ZW5jb2RlX3RhZyI6IkNBUk9VU0VMX0lURU0ueHBpZHMuMTA4MC5zZHIucmVndWxhcl9waG90by5DMyJ9&_nc_ohc=Qo8g-Wo6lO8Q7kNvwEwrYYG&_nc_oc=AdroGpwslZJFleBfWoEg3Lhcff_tzkhIeVm5zfVxnE9385kh73-QCjuZoyHFllS3Yzw&_nc_ad=z-m&_nc_cid=0&_nc_zt=23&_nc_ht=instagram.fper10-1.fna&_nc_gid=f_Ac6QzwHuXD4P1h-TVMjQ&_nc_ss=7a22e&oh=00_AQIRLI9s0IMTyRAvAvemUDnVyYiujPMif1yEOQiVJkJbSw&oe=6A9CB3EA,https://www.instagram.com/p/DctpboPFJpU/
Supermercado Tuiuiú,Carnes / Aves,Coxinha da Asa kg,11.99,29/08/2026,https://scontent-waw2-2.cdninstagram.com/v/t51.82787-15/791045407_18582509014067900_6295115100514269558_n.jpg?stp=dst-jpg_e35_tt6&_nc_cat=101&ig_cache_key=Mzk3NDc1NDgyNzQxMDc1ODQzMA%3D%3D.3-ccb7-5&ccb=7-5&_nc_sid=58cdad&efg=eyJ2ZW5jb2RlX3RhZyI6IkNBUk9VU0VMX0lURU0ueHBpZHMuMTA4MC5zZHIucmVndWxhcl9waG90by5DMyJ9&_nc_ohc=4s6XsQUyXIQQ7kNvwG9cmIy&_nc_oc=Adqxy2NrxLGwx4jpX1AqdSdBya7ekQxEp4N788TK13Hki_0D_EyOUKLMNyjJERQBI48&_nc_ad=z-m&_nc_cid=0&_nc_zt=23&_nc_ht=scontent-waw2-2.cdninstagram.com&_nc_gid=tZ2ZfigFTOvq294WhlGkpw&_nc_ss=7a22e&oh=00_AQJAzLI143bikstxA9olIv6buctMWi76v6VeCoCIka-Hag&oe=6A9CC03F,https://www.instagram.com/p/DcpKopsjwHG/
Supermercado São Pedro,Carnes / Aves,Coxinha da Asa Seara 1kg,12.99,31/08/2026,https://scontent-ams2-1.cdninstagram.com/v/t39.30808-6/790651262_1508698107969972_5998080027560533600_n.jpg?stp=c0.0.1638.2048a_dst-jpg_e35_s1638x2048_tt6&_nc_cat=100&ig_cache_key=Mzk3NjE3NTA3NTkzNzgyODUwNQ%3D%3D.3-ccb7-5&ccb=7-5&_nc_sid=58cdad&efg=eyJ2ZW5jb2RlX3RhZyI6IkNBUk9VU0VMX0lURU0ueHBpZHMuMTYzOS5zZHIucmVndWxhcl9waG90by5DMyJ9&_nc_ohc=26iGgEP8IggQ7kNvwFi3myb&_nc_oc=AdpFahHbRQ4ATBgLiBsv1yqm2KpYrJO7OeVAESWood1qaoyXygmJTerG7hds6O7FpeY&_nc_ad=z-m&_nc_cid=0&_nc_zt=23&_nc_ht=scontent-ams2-1.cdninstagram.com&_nc_gid=Xge3-AgsJ78GQKpYxVY_lQ&_nc_ss=7a22e&oh=00_AQJ4Jf8Stxw3-ypban37smuLiMaJKt50CRqjhY5F4xChGA&oe=6A9CC889,https://www.instagram.com/p/DcuNi7YiX2_/
Super Compras Supermercado,Carnes / Aves,Filé de Sassami de Frango kg,15.99,29/08/2026,https://scontent-lax3-2.cdninstagram.com/v/t51.82787-15/787666404_18192892456391764_5631571009347207340_n.jpg?stp=dst-jpg_e35_tt6&_nc_cat=107&ig_cache_key=Mzk3NDAxMjM2OTYxNzUwODE0Ng%3D%3D.3-ccb7-5&ccb=7-5&_nc_sid=58cdad&efg=eyJ2ZW5jb2RlX3RhZyI6IkNBUk9VU0VMX0lURU0ueHBpZHMuMTQ0MC5zZHIucmVndWxhcl9waG90by5DMiJ9&_nc_ohc=Y87jpNzsTLYQ7kNvwF2geSX&_nc_oc=AdqZD0FF6uQKcKmwvMgdUCJYwy4dY7Wr5PoUlwYEztiFCWzJg7dVbjbg6fe2-xtUTGYJgHcjndv-HGxLo3MUXkUD&_nc_ad=z-m&_nc_cid=0&_nc_zt=23&_nc_ht=scontent-lax3-2.cdninstagram.com&_nc_gid=m4a1im7Fihg2Q49M_7HU5Q&_nc_ss=7a22e&oh=00_AQIeHRWhg0DLaTlbVJCNCKbOcXIXMyM6e-rrp8aqs4hd9A&oe=6A9CBD1A,https://www.instagram.com/p/DcmhzwZjQj_/
Supermercado São Pedro,Carnes / Aves,Filé de Peito de Frango kg,16.49,31/08/2026,https://instagram.fgru4-1.fna.fbcdn.net/v/t51.82787-15/791942671_18196080940382122_5769268194854024718_n.jpg?stp=dst-jpg_e35_tt6&_nc_cat=107&ig_cache_key=Mzk3NTg1NzQ5MjM5MDM2NzAzMQ%3D%3D.3-ccb7-5&ccb=7-5&_nc_sid=58cdad&efg=eyJ2ZW5jb2RlX3RhZyI6IkZFRUQueHBpZHMuMzI0OC5zZHIucmVndWxhcl9waG90by5DMyJ9&_nc_ohc=FI0IN0j_ruIQ7kNvwFMwK0c&_nc_oc=Adp7EUwxBUkyJTVoTV_34CkvViUEfP6Wb05uWtuMMIUMopHuWHmzA07zP0uKLelXT20&_nc_ad=z-m&_nc_cid=0&_nc_zt=23&_nc_ht=instagram.fgru4-1.fna&_nc_gid=uGUL6BXvsCHqKlYGbIeScg&_nc_ss=7a22e&oh=00_AQJgvotqcJGcITPLqqN8ypjhAl3iHLEFvS5Ht8OuPU9UeQ&oe=6A9CC4BA,https://www.instagram.com/p/DctFVMHgM83/
Supermercado São Pedro,Carnes / Aves,Filé de Peito de Frango Sadia 1kg,17.49,31/08/2026,https://scontent-ams2-1.cdninstagram.com/v/t39.30808-6/790310368_1508698117969971_69530791300054474_n.jpg?stp=c0.0.1638.2047a_dst-jpg_e35_s1638x2047_tt6&_nc_cat=102&ig_cache_key=Mzk3NjE3NTA3NzMxMzU4MjExNA%3D%3D.3-ccb7-5&ccb=7-5&_nc_sid=58cdad&efg=eyJ2ZW5jb2RlX3RhZyI6IkNBUk9VU0VMX0lURU0ueHBpZHMuMTYzOC5zZHIucmVndWxhcl9waG90by5DMyJ9&_nc_ohc=uD9JaANzDd0Q7kNvwH535Ek&_nc_oc=AdprH4neidouuwsJ_1qpmFfrpVbcOcik7xk0TXKCERxxoY78EK1TcA99K8RizzfECOo&_nc_ad=z-m&_nc_cid=0&_nc_zt=23&_nc_ht=scontent-ams2-1.cdninstagram.com&_nc_gid=Xge3-AgsJ78GQKpYxVY_lQ&_nc_ss=7a22e&oh=00_AQLyxdP99X1LwDUKlEg0XOKW49YjRLzzhit7vnib_Xlk7w&oe=6A9CC4DA,https://www.instagram.com/p/DcuNi7YiX2_/
Machadão Atacadista,Carnes / Aves,Filezinho de Peito de Frango Sadia 1kg,17.49,01/09/2026,https://instagram.fpll8-1.fna.fbcdn.net/v/t39.30808-6/788766900_1363961989157092_7149980708576029676_n.jpg?stp=dst-jpg_e35_tt6&_nc_cat=105&_nc_map=urlgen_bucketless&ig_cache_key=Mzk3NjIxNDMzMjMyNTE5OTQzMw%3D%3D.3-ccb7-5&ccb=7-5&_nc_sid=58cdad&efg=eyJ2ZW5jb2RlX3RhZyI6IkNBUk9VU0VMX0lURU0ueHBpZHMuMTYzOC5zZHIucmVndWxhcl9waG90by5DMyJ9&_nc_ohc=2I1wZ8IpqpUQ7kNvwFAgb26&_nc_oc=AdptEXpzzvKedyOm0IUpup4aKTMN92VEbvGRKA1BQWFQpIbfA4AnOMdezqbxL5iUM5sqq0855oYZTILhNI3FLOd9&_nc_ad=z-m&_nc_cid=0&_nc_zt=23&_nc_ht=instagram.fpll8-1.fna&_nc_gid=-TX4tDFJTAdeRK5XHn8t2g&_nc_ss=7a22e&oh=00_AQL4oPpPpXHmUGCJDgCXWpuhnYQzo2USkXGxU2RSNdNmDA&oe=6A9CACD0,https://www.instagram.com/p/DcuWeMKD352/
Machadão Atacadista,Carnes / Aves,Filezinho de Peito de Frango Sadia 1kg,17.49,01/09/2026,https://instagram.fpll8-1.fna.fbcdn.net/v/t39.30808-6/790209214_1363962295823728_6184311664090934208_n.jpg?stp=dst-jpg_e35_tt6&_nc_cat=101&_nc_map=urlgen_bucketless&ig_cache_key=Mzk3NjIxNDMzMTA5MjA0NzE3Mg%3D%3D.3-ccb7-5&ccb=7-5&_nc_sid=58cdad&efg=eyJ2ZW5jb2RlX3RhZyI6IkNBUk9VU0VMX0lURU0ueHBpZHMuMTYzOC5zZHIucmVndWxhcl9waG90by5DMyJ9&_nc_ohc=6eOf0AaqPwYQ7kNvwGdrNBZ&_nc_oc=AdrkMFMywyb9xxhGsxNzUydNzBp5WuMm_tp9Q9arUp4u5wRasbwXJXeOCdibD8xtZu5fEQKYFg0j9ixZYO0h6cDW&_nc_ad=z-m&_nc_cid=0&_nc_zt=23&_nc_ht=instagram.fpll8-1.fna&_nc_gid=-TX4tDFJTAdeRK5XHn8t2g&_nc_ss=7a22e&oh=00_AQK2ptsEy7z8d84W23PKqjoR4vKT_L03OqtRuC3I1SiyZA&oe=6A9CB5AE,https://www.instagram.com/p/DcuWeMKD352/
Supermercado São Pedro,Carnes / Aves,Meio das Asas de Frango kg,24.99,31/08/2026,https://instagram.fgru4-1.fna.fbcdn.net/v/t51.82787-15/791942671_18196080940382122_5769268194854024718_n.jpg?stp=dst-jpg_e35_tt6&_nc_cat=107&ig_cache_key=Mzk3NTg1NzQ5MjM5MDM2NzAzMQ%3D%3D.3-ccb7-5&ccb=7-5&_nc_sid=58cdad&efg=eyJ2ZW5jb2RlX3RhZyI6IkZFRUQueHBpZHMuMzI0OC5zZHIucmVndWxhcl9waG90by5DMyJ9&_nc_ohc=FI0IN0j_ruIQ7kNvwFMwK0c&_nc_oc=Adp7EUwxBUkyJTVoTV_34CkvViUEfP6Wb05uWtuMMIUMopHuWHmzA07zP0uKLelXT20&_nc_ad=z-m&_nc_cid=0&_nc_zt=23&_nc_ht=instagram.fgru4-1.fna&_nc_gid=uGUL6BXvsCHqKlYGbIeScg&_nc_ss=7a22e&oh=00_AQJgvotqcJGcITPLqqN8ypjhAl3iHLEFvS5Ht8OuPU9UeQ&oe=6A9CC4BA,https://www.instagram.com/p/DctFVMHgM83/
Supermercado Tuiuiú,Carnes / Bovina,Recorte Bovino kg,9.99,31/08/2026,https://instagram.fbjx1-1.fna.fbcdn.net/v/t51.82787-15/789925865_18582933439067900_5352302008089866172_n.jpg?stp=dst-jpg_e35_tt6&_nc_cat=106&ig_cache_key=Mzk3NTg0NzAyMjI0MjEyOTQ1Ng%3D%3D.3-ccb7-5&ccb=7-5&_nc_sid=58cdad&efg=eyJ2ZW5jb2RlX3RhZyI6IkNBUk9VU0VMX0lURU0ueHBpZHMuMTA4MC5zZHIucmVndWxhcl9waG90by5DMyJ9&_nc_ohc=n9EbT9YTGVQQ7kNvwGPnM8q&_nc_oc=AdpN-F1CmEX-eEDoSr6u6Fi_cs-B2cMG-cvMrP12uNCQrjjpxmM8nK0INT9K46LcVSI&_nc_ad=z-m&_nc_cid=0&_nc_zt=23&_nc_ht=instagram.fbjx1-1.fna&_nc_gid=u9jY4YB921ueeDNuf3xpXg&_nc_ss=7a22e&oh=00_AQIKITddk5Lymtrwc1iSG3zS-IcdwyAvvBy2KwrcithWgg&oe=6A9CCD9E,https://www.instagram.com/p/DctC9pmj6oW/
Super Compras Supermercado,Carnes / Bovina,Paleta Suína kg,9.99,29/08/2026,https://scontent-lax3-2.cdninstagram.com/v/t51.82787-15/787666404_18192892456391764_5631571009347207340_n.jpg?stp=dst-jpg_e35_tt6&_nc_cat=107&ig_cache_key=Mzk3NDAxMjM2OTYxNzUwODE0Ng%3D%3D.3-ccb7-5&ccb=7-5&_nc_sid=58cdad&efg=eyJ2ZW5jb2RlX3RhZyI6IkNBUk9VU0VMX0lURU0ueHBpZHMuMTQ0MC5zZHIucmVndWxhcl9waG90by5DMiJ9&_nc_ohc=Y87jpNzsTLYQ7kNvwF2geSX&_nc_oc=AdqZD0FF6uQKcKmwvMgdUCJYwy4dY7Wr5PoUlwYEztiFCWzJg7dVbjbg6fe2-xtUTGYJgHcjndv-HGxLo3MUXkUD&_nc_ad=z-m&_nc_cid=0&_nc_zt=23&_nc_ht=scontent-lax3-2.cdninstagram.com&_nc_gid=m4a1im7Fihg2Q49M_7HU5Q&_nc_ss=7a22e&oh=00_AQIeHRWhg0DLaTlbVJCNCKbOcXIXMyM6e-rrp8aqs4hd9A&oe=6A9CBD1A,https://www.instagram.com/p/DcmhzwZjQj_/
Bom Jesus Primavera do Leste 🛒,Carnes / Bovina,Bisteca Suína Excelência kg,12.99,28/08/2026,https://instagram.fagu3-1.fna.fbcdn.net/v/t51.82787-15/786853630_18374942971237813_3112147777905981087_n.jpg?stp=dst-jpg_e35_tt6&_nc_cat=107&ig_cache_key=Mzk3Mzk3Nzc3OTE1MzU1MzcyNQ%3D%3D.3-ccb7-5&ccb=7-5&_nc_sid=58cdad&efg=eyJ2ZW5jb2RlX3RhZyI6IkNBUk9VU0VMX0lURU0ueHBpZHMuMTA4MC5zZHIucmVndWxhcl9waG90by5DMyJ9&_nc_ohc=ekdg7i9GxycQ7kNvwG-jRqs&_nc_oc=AdqbjQUatHi_6_SUYVdiOps_-C9VZ9NERdvas8U9_3XkdO7TMRP_rTwkZMIpBu4tpoXTgNyeLFFKE9XJ0-yYtIB5&_nc_ad=z-m&_nc_cid=0&_nc_zt=23&_nc_ht=instagram.fagu3-1.fna&_nc_gid=ub-F7Ju1QestHX_RMmDV3g&_nc_ss=7a22e&oh=00_AQKX6Psx2g27TPip7q0CLixd4taD6vSF_HNFOW6wBVo-OA&oe=6A9CBBE4,https://www.instagram.com/p/DcmZ8cDD400/
Bom Jesus Primavera do Leste 🛒,Carnes / Bovina,Bisteca Suína Excelência kg,12.99,31/08/2026,https://instagram.fper10-1.fna.fbcdn.net/v/t51.82787-15/789425401_18375397132237813_3283979444182116387_n.jpg?stp=dst-jpg_e35_tt6&_nc_cat=109&ig_cache_key=Mzk3NjAxNjAxMTkzNTgyMDU5Mg%3D%3D.3-ccb7-5&ccb=7-5&_nc_sid=58cdad&efg=eyJ2ZW5jb2RlX3RhZyI6IkNBUk9VU0VMX0lURU0ueHBpZHMuMTA4MC5zZHIucmVndWxhcl9waG90by5DMyJ9&_nc_ohc=Qo8g-Wo6lO8Q7kNvwEwrYYG&_nc_oc=AdroGpwslZJFleBfWoEg3Lhcff_tzkhIeVm5zfVxnE9385kh73-QCjuZoyHFllS3Yzw&_nc_ad=z-m&_nc_cid=0&_nc_zt=23&_nc_ht=instagram.fper10-1.fna&_nc_gid=f_Ac6QzwHuXD4P1h-TVMjQ&_nc_ss=7a22e&oh=00_AQIRLI9s0IMTyRAvAvemUDnVyYiujPMif1yEOQiVJkJbSw&oe=6A9CB3EA,https://www.instagram.com/p/DctpboPFJpU/
Supermercado São Pedro,Carnes / Bovina,Bisteca Suína kg,13.99,31/08/2026,https://scontent-ams2-1.cdninstagram.com/v/t39.30808-6/790310368_1508698117969971_69530791300054474_n.jpg?stp=c0.0.1638.2047a_dst-jpg_e35_s1638x2047_tt6&_nc_cat=102&ig_cache_key=Mzk3NjE3NTA3NzMxMzU4MjExNA%3D%3D.3-ccb7-5&ccb=7-5&_nc_sid=58cdad&efg=eyJ2ZW5jb2RlX3RhZyI6IkNBUk9VU0VMX0lURU0ueHBpZHMuMTYzOC5zZHIucmVndWxhcl9waG90by5DMyJ9&_nc_ohc=uD9JaANzDd0Q7kNvwH535Ek&_nc_oc=AdprH4neidouuwsJ_1qpmFfrpVbcOcik7xk0TXKCERxxoY78EK1TcA99K8RizzfECOo&_nc_ad=z-m&_nc_cid=0&_nc_zt=23&_nc_ht=scontent-ams2-1.cdninstagram.com&_nc_gid=Xge3-AgsJ78GQKpYxVY_lQ&_nc_ss=7a22e&oh=00_AQLyxdP99X1LwDUKlEg0XOKW49YjRLzzhit7vnib_Xlk7w&oe=6A9CC4DA,https://www.instagram.com/p/DcuNi7YiX2_/
Super Compras Supermercado,Carnes / Bovina,Costela Suína kg,17.99,29/08/2026,https://scontent-lax3-2.cdninstagram.com/v/t51.82787-15/787666404_18192892456391764_5631571009347207340_n.jpg?stp=dst-jpg_e35_tt6&_nc_cat=107&ig_cache_key=Mzk3NDAxMjM2OTYxNzUwODE0Ng%3D%3D.3-ccb7-5&ccb=7-5&_nc_sid=58cdad&efg=eyJ2ZW5jb2RlX3RhZyI6IkNBUk9VU0VMX0lURU0ueHBpZHMuMTQ0MC5zZHIucmVndWxhcl9waG90by5DMiJ9&_nc_ohc=Y87jpNzsTLYQ7kNvwF2geSX&_nc_oc=AdqZD0FF6uQKcKmwvMgdUCJYwy4dY7Wr5PoUlwYEztiFCWzJg7dVbjbg6fe2-xtUTGYJgHcjndv-HGxLo3MUXkUD&_nc_ad=z-m&_nc_cid=0&_nc_zt=23&_nc_ht=scontent-lax3-2.cdninstagram.com&_nc_gid=m4a1im7Fihg2Q49M_7HU5Q&_nc_ss=7a22e&oh=00_AQIeHRWhg0DLaTlbVJCNCKbOcXIXMyM6e-rrp8aqs4hd9A&oe=6A9CBD1A,https://www.instagram.com/p/DcmhzwZjQj_/
Bom Jesus Primavera do Leste 🛒,Carnes / Bovina,Costela Suína Excelência kg,17.99,28/08/2026,https://instagram.fagu3-1.fna.fbcdn.net/v/t51.82787-15/786853630_18374942971237813_3112147777905981087_n.jpg?stp=dst-jpg_e35_tt6&_nc_cat=107&ig_cache_key=Mzk3Mzk3Nzc3OTE1MzU1MzcyNQ%3D%3D.3-ccb7-5&ccb=7-5&_nc_sid=58cdad&efg=eyJ2ZW5jb2RlX3RhZyI6IkNBUk9VU0VMX0lURU0ueHBpZHMuMTA4MC5zZHIucmVndWxhcl9waG90by5DMyJ9&_nc_ohc=ekdg7i9GxycQ7kNvwG-jRqs&_nc_oc=AdqbjQUatHi_6_SUYVdiOps_-C9VZ9NERdvas8U9_3XkdO7TMRP_rTwkZMIpBu4tpoXTgNyeLFFKE9XJ0-yYtIB5&_nc_ad=z-m&_nc_cid=0&_nc_zt=23&_nc_ht=instagram.fagu3-1.fna&_nc_gid=ub-F7Ju1QestHX_RMmDV3g&_nc_ss=7a22e&oh=00_AQKX6Psx2g27TPip7q0CLixd4taD6vSF_HNFOW6wBVo-OA&oe=6A9CBBE4,https://www.instagram.com/p/DcmZ8cDD400/
Bom Jesus Primavera do Leste 🛒,Carnes / Bovina,Costela Suína Excelência kg,17.99,31/08/2026,https://instagram.fper10-1.fna.fbcdn.net/v/t51.82787-15/789425401_18375397132237813_3283979444182116387_n.jpg?stp=dst-jpg_e35_tt6&_nc_cat=109&ig_cache_key=Mzk3NjAxNjAxMTkzNTgyMDU5Mg%3D%3D.3-ccb7-5&ccb=7-5&_nc_sid=58cdad&efg=eyJ2ZW5jb2RlX3RhZyI6IkNBUk9VU0VMX0lURU0ueHBpZHMuMTA4MC5zZHIucmVndWxhcl9waG90by5DMyJ9&_nc_ohc=Qo8g-Wo6lO8Q7kNvwEwrYYG&_nc_oc=AdroGpwslZJFleBfWoEg3Lhcff_tzkhIeVm5zfVxnE9385kh73-QCjuZoyHFllS3Yzw&_nc_ad=z-m&_nc_cid=0&_nc_zt=23&_nc_ht=instagram.fper10-1.fna&_nc_gid=f_Ac6QzwHuXD4P1h-TVMjQ&_nc_ss=7a22e&oh=00_AQIRLI9s0IMTyRAvAvemUDnVyYiujPMif1yEOQiVJkJbSw&oe=6A9CB3EA,https://www.instagram.com/p/DctpboPFJpU/
Supermercado Tuiuiú,Carnes / Bovina,Costela Fina kg,18.99,29/08/2026,https://scontent-waw2-2.cdninstagram.com/v/t51.82787-15/791045407_18582509014067900_6295115100514269558_n.jpg?stp=dst-jpg_e35_tt6&_nc_cat=101&ig_cache_key=Mzk3NDc1NDgyNzQxMDc1ODQzMA%3D%3D.3-ccb7-5&ccb=7-5&_nc_sid=58cdad&efg=eyJ2ZW5jb2RlX3RhZyI6IkNBUk9VU0VMX0lURU0ueHBpZHMuMTA4MC5zZHIucmVndWxhcl9waG90by5DMyJ9&_nc_ohc=4s6XsQUyXIQQ7kNvwG9cmIy&_nc_oc=Adqxy2NrxLGwx4jpX1AqdSdBya7ekQxEp4N788TK13Hki_0D_EyOUKLMNyjJERQBI48&_nc_ad=z-m&_nc_cid=0&_nc_zt=23&_nc_ht=scontent-waw2-2.cdninstagram.com&_nc_gid=tZ2ZfigFTOvq294WhlGkpw&_nc_ss=7a22e&oh=00_AQJAzLI143bikstxA9olIv6buctMWi76v6VeCoCIka-Hag&oe=6A9CC03F,https://www.instagram.com/p/DcpKopsjwHG/
Supermercado Tuiuiú,Carnes / Bovina,Costela Grossa kg,18.99,29/08/2026,https://scontent-waw2-2.cdninstagram.com/v/t51.82787-15/791045407_18582509014067900_6295115100514269558_n.jpg?stp=dst-jpg_e35_tt6&_nc_cat=101&ig_cache_key=Mzk3NDc1NDgyNzQxMDc1ODQzMA%3D%3D.3-ccb7-5&ccb=7-5&_nc_sid=58cdad&efg=eyJ2ZW5jb2RlX3RhZyI6IkNBUk9VU0VMX0lURU0ueHBpZHMuMTA4MC5zZHIucmVndWxhcl9waG90by5DMyJ9&_nc_ohc=4s6XsQUyXIQQ7kNvwG9cmIy&_nc_oc=Adqxy2NrxLGwx4jpX1AqdSdBya7ekQxEp4N788TK13Hki_0D_EyOUKLMNyjJERQBI48&_nc_ad=z-m&_nc_cid=0&_nc_zt=23&_nc_ht=scontent-waw2-2.cdninstagram.com&_nc_gid=tZ2ZfigFTOvq294WhlGkpw&_nc_ss=7a22e&oh=00_AQJAzLI143bikstxA9olIv6buctMWi76v6VeCoCIka-Hag&oe=6A9CC03F,https://www.instagram.com/p/DcpKopsjwHG/
Super Compras Supermercado,Carnes / Bovina,Costela Bovina kg,21.99,29/08/2026,https://scontent-lax3-1.cdninstagram.com/v/t51.82787-15/787743920_18192892438391764_3005082908538598587_n.jpg?stp=dst-jpg_e35_tt6&_nc_cat=110&ig_cache_key=Mzk3NDAxMjMzNjQ5MTI3ODEzMg%3D%3D.3-ccb7-5&ccb=7-5&_nc_sid=58cdad&efg=eyJ2ZW5jb2RlX3RhZyI6IkNBUk9VU0VMX0lURU0ueHBpZHMuMTQ0MC5zZHIucmVndWxhcl9waG90by5DMyJ9&_nc_ohc=sDvW_231DL8Q7kNvwGGakWE&_nc_oc=Adq7A-4KTVEtQ04E13KtUfJct4vofja_tdIFFbViufNdxWCWb3gzTEncbugvkyoq4SxBSo4U8Qk0YFN8J84-PfID&_nc_ad=z-m&_nc_cid=0&_nc_zt=23&_nc_ht=scontent-lax3-1.cdninstagram.com&_nc_gid=m4a1im7Fihg2Q49M_7HU5Q&_nc_ss=7a22e&oh=00_AQJgyhM_fFqO3PmtY_y0T8oDIfVqlwQ-mpeCirnfT9cgpQ&oe=6A9CC1BB,https://www.instagram.com/p/DcmhzwZjQj_/
Supermercado São Pedro,Carnes / Bovina,Costela Suína kg,22.99,28/08/2026,https://scontent-waw2-2.cdninstagram.com/v/t51.82787-15/787853786_18195711469382122_4084613579796731411_n.jpg?stp=dst-jpg_e35_tt6&_nc_cat=101&ig_cache_key=Mzk3MzY3MjU2ODk4MzkzOTE2MQ%3D%3D.3-ccb7-5&ccb=7-5&_nc_sid=58cdad&efg=eyJ2ZW5jb2RlX3RhZyI6IkNBUk9VU0VMX0lURU0ueHBpZHMuMTA4MS5zZHIucmVndWxhcl9waG90by5DMyJ9&_nc_ohc=YRh7I8l8B0QQ7kNvwEmvTd-&_nc_oc=AdotRJyD39EaxILsMKm2BdgcxtSKvBYXY6qKKrokVsv-Z_ErGu_C3mcsZuTGuMrhksvkFRAegaGhi5k7DLM7Bxag&_nc_ad=z-m&_nc_cid=0&_nc_zt=23&_nc_ht=scontent-waw2-2.cdninstagram.com&_nc_gid=DMKRO3jGuwK0c-WkMOZ7ag&_nc_ss=7a22e&oh=00_AQLVJyGKczp4n9AWxGikJdR1iiBGca5N0k2os6-ccozdpA&oe=6A9CA307,https://www.instagram.com/p/DclUqI1G7TG/
Supermercado Tuiuiú,Carnes / Bovina,Corte Grill Bovina kg,29.99,29/08/2026,https://scontent-waw2-1.cdninstagram.com/v/t51.82787-15/788493790_18582509032067900_5908567126790300069_n.jpg?stp=dst-jpg_e35_tt6&_nc_cat=109&ig_cache_key=Mzk3NDc1NDg1NzkyNzkxMjQwMQ%3D%3D.3-ccb7-5&ccb=7-5&_nc_sid=58cdad&efg=eyJ2ZW5jb2RlX3RhZyI6IkNBUk9VU0VMX0lURU0ueHBpZHMuMTA4MC5zZHIucmVndWxhcl9waG90by5DMyJ9&_nc_ohc=ZEEw91mmol0Q7kNvwFhP8ed&_nc_oc=AdprloLP0NjS7fiMqLwhsYvHYAPDapoqqR-LMynXKOK9DAhXS_5YuhtlqSP87Lbzya0&_nc_ad=z-m&_nc_cid=0&_nc_zt=23&_nc_ht=scontent-waw2-1.cdninstagram.com&_nc_gid=tZ2ZfigFTOvq294WhlGkpw&_nc_ss=7a22e&oh=00_AQJbSI3UBiLawOjuAhIDaXuDmKZpzZ2wBt41k1XqEd1FcQ&oe=6A9CAAF5,https://www.instagram.com/p/DcpKopsjwHG/
Supermercado São Pedro,Carnes / Bovina,Costela Bovina kg,29.99,28/08/2026,https://scontent-waw2-2.cdninstagram.com/v/t51.82787-15/787853786_18195711469382122_4084613579796731411_n.jpg?stp=dst-jpg_e35_tt6&_nc_cat=101&ig_cache_key=Mzk3MzY3MjU2ODk4MzkzOTE2MQ%3D%3D.3-ccb7-5&ccb=7-5&_nc_sid=58cdad&efg=eyJ2ZW5jb2RlX3RhZyI6IkNBUk9VU0VMX0lURU0ueHBpZHMuMTA4MS5zZHIucmVndWxhcl9waG90by5DMyJ9&_nc_ohc=YRh7I8l8B0QQ7kNvwEmvTd-&_nc_oc=AdotRJyD39EaxILsMKm2BdgcxtSKvBYXY6qKKrokVsv-Z_ErGu_C3mcsZuTGuMrhksvkFRAegaGhi5k7DLM7Bxag&_nc_ad=z-m&_nc_cid=0&_nc_zt=23&_nc_ht=scontent-waw2-2.cdninstagram.com&_nc_gid=DMKRO3jGuwK0c-WkMOZ7ag&_nc_ss=7a22e&oh=00_AQLVJyGKczp4n9AWxGikJdR1iiBGca5N0k2os6-ccozdpA&oe=6A9CA307,https://www.instagram.com/p/DclUqI1G7TG/
Bom Jesus Primavera do Leste 🛒,Carnes / Bovina,Capa de Contra Filé Sulbeef kg,32.99,31/08/2026,https://instagram.fper10-1.fna.fbcdn.net/v/t51.82787-15/789425401_18375397132237813_3283979444182116387_n.jpg?stp=dst-jpg_e35_tt6&_nc_cat=109&ig_cache_key=Mzk3NjAxNjAxMTkzNTgyMDU5Mg%3D%3D.3-ccb7-5&ccb=7-5&_nc_sid=58cdad&efg=eyJ2ZW5jb2RlX3RhZyI6IkNBUk9VU0VMX0lURU0ueHBpZHMuMTA4MC5zZHIucmVndWxhcl9waG90by5DMyJ9&_nc_ohc=Qo8g-Wo6lO8Q7kNvwEwrYYG&_nc_oc=AdroGpwslZJFleBfWoEg3Lhcff_tzkhIeVm5zfVxnE9385kh73-QCjuZoyHFllS3Yzw&_nc_ad=z-m&_nc_cid=0&_nc_zt=23&_nc_ht=instagram.fper10-1.fna&_nc_gid=f_Ac6QzwHuXD4P1h-TVMjQ&_nc_ss=7a22e&oh=00_AQIRLI9s0IMTyRAvAvemUDnVyYiujPMif1yEOQiVJkJbSw&oe=6A9CB3EA,https://www.instagram.com/p/DctpboPFJpU/
Supermercado São Pedro,Carnes / Bovina,Bisteca Mineira Bovina kg,34.99,28/08/2026,https://scontent-waw2-2.cdninstagram.com/v/t51.82787-15/787853786_18195711469382122_4084613579796731411_n.jpg?stp=dst-jpg_e35_tt6&_nc_cat=101&ig_cache_key=Mzk3MzY3MjU2ODk4MzkzOTE2MQ%3D%3D.3-ccb7-5&ccb=7-5&_nc_sid=58cdad&efg=eyJ2ZW5jb2RlX3RhZyI6IkNBUk9VU0VMX0lURU0ueHBpZHMuMTA4MS5zZHIucmVndWxhcl9waG90by5DMyJ9&_nc_ohc=YRh7I8l8B0QQ7kNvwEmvTd-&_nc_oc=AdotRJyD39EaxILsMKm2BdgcxtSKvBYXY6qKKrokVsv-Z_ErGu_C3mcsZuTGuMrhksvkFRAegaGhi5k7DLM7Bxag&_nc_ad=z-m&_nc_cid=0&_nc_zt=23&_nc_ht=scontent-waw2-2.cdninstagram.com&_nc_gid=DMKRO3jGuwK0c-WkMOZ7ag&_nc_ss=7a22e&oh=00_AQLVJyGKczp4n9AWxGikJdR1iiBGca5N0k2os6-ccozdpA&oe=6A9CA307,https://www.instagram.com/p/DclUqI1G7TG/
Super Compras Supermercado,Carnes / Bovina,Capa de Contra Filé Bovina kg,34.99,29/08/2026,https://scontent-lax3-1.cdninstagram.com/v/t51.82787-15/787743920_18192892438391764_3005082908538598587_n.jpg?stp=dst-jpg_e35_tt6&_nc_cat=110&ig_cache_key=Mzk3NDAxMjMzNjQ5MTI3ODEzMg%3D%3D.3-ccb7-5&ccb=7-5&_nc_sid=58cdad&efg=eyJ2ZW5jb2RlX3RhZyI6IkNBUk9VU0VMX0lURU0ueHBpZHMuMTQ0MC5zZHIucmVndWxhcl9waG90by5DMyJ9&_nc_ohc=sDvW_231DL8Q7kNvwGGakWE&_nc_oc=Adq7A-4KTVEtQ04E13KtUfJct4vofja_tdIFFbViufNdxWCWb3gzTEncbugvkyoq4SxBSo4U8Qk0YFN8J84-PfID&_nc_ad=z-m&_nc_cid=0&_nc_zt=23&_nc_ht=scontent-lax3-1.cdninstagram.com&_nc_gid=m4a1im7Fihg2Q49M_7HU5Q&_nc_ss=7a22e&oh=00_AQJgyhM_fFqO3PmtY_y0T8oDIfVqlwQ-mpeCirnfT9cgpQ&oe=6A9CC1BB,https://www.instagram.com/p/DcmhzwZjQj_/
Supermercado Tuiuiú,Carnes / Bovina,Coxão Duro Bovina kg,36.99,29/08/2026,https://scontent-waw2-1.cdninstagram.com/v/t51.82787-15/788493790_18582509032067900_5908567126790300069_n.jpg?stp=dst-jpg_e35_tt6&_nc_cat=109&ig_cache_key=Mzk3NDc1NDg1NzkyNzkxMjQwMQ%3D%3D.3-ccb7-5&ccb=7-5&_nc_sid=58cdad&efg=eyJ2ZW5jb2RlX3RhZyI6IkNBUk9VU0VMX0lURU0ueHBpZHMuMTA4MC5zZHIucmVndWxhcl9waG90by5DMyJ9&_nc_ohc=ZEEw91mmol0Q7kNvwFhP8ed&_nc_oc=AdprloLP0NjS7fiMqLwhsYvHYAPDapoqqR-LMynXKOK9DAhXS_5YuhtlqSP87Lbzya0&_nc_ad=z-m&_nc_cid=0&_nc_zt=23&_nc_ht=scontent-waw2-1.cdninstagram.com&_nc_gid=tZ2ZfigFTOvq294WhlGkpw&_nc_ss=7a22e&oh=00_AQJbSI3UBiLawOjuAhIDaXuDmKZpzZ2wBt41k1XqEd1FcQ&oe=6A9CAAF5,https://www.instagram.com/p/DcpKopsjwHG/
Supermercado São Pedro,Carnes / Bovina,Corte Bovino Grill kg,36.99,28/08/2026,https://scontent-waw2-2.cdninstagram.com/v/t51.82787-15/787853786_18195711469382122_4084613579796731411_n.jpg?stp=dst-jpg_e35_tt6&_nc_cat=101&ig_cache_key=Mzk3MzY3MjU2ODk4MzkzOTE2MQ%3D%3D.3-ccb7-5&ccb=7-5&_nc_sid=58cdad&efg=eyJ2ZW5jb2RlX3RhZyI6IkNBUk9VU0VMX0lURU0ueHBpZHMuMTA4MS5zZHIucmVndWxhcl9waG90by5DMyJ9&_nc_ohc=YRh7I8l8B0QQ7kNvwEmvTd-&_nc_oc=AdotRJyD39EaxILsMKm2BdgcxtSKvBYXY6qKKrokVsv-Z_ErGu_C3mcsZuTGuMrhksvkFRAegaGhi5k7DLM7Bxag&_nc_ad=z-m&_nc_cid=0&_nc_zt=23&_nc_ht=scontent-waw2-2.cdninstagram.com&_nc_gid=DMKRO3jGuwK0c-WkMOZ7ag&_nc_ss=7a22e&oh=00_AQLVJyGKczp4n9AWxGikJdR1iiBGca5N0k2os6-ccozdpA&oe=6A9CA307,https://www.instagram.com/p/DclUqI1G7TG/
Super Compras Supermercado,Carnes / Bovina,Bananinha Bovina kg,39.99,29/08/2026,https://scontent-lax3-1.cdninstagram.com/v/t51.82787-15/787743920_18192892438391764_3005082908538598587_n.jpg?stp=dst-jpg_e35_tt6&_nc_cat=110&ig_cache_key=Mzk3NDAxMjMzNjQ5MTI3ODEzMg%3D%3D.3-ccb7-5&ccb=7-5&_nc_sid=58cdad&efg=eyJ2ZW5jb2RlX3RhZyI6IkNBUk9VU0VMX0lURU0ueHBpZHMuMTQ0MC5zZHIucmVndWxhcl9waG90by5DMyJ9&_nc_ohc=sDvW_231DL8Q7kNvwGGakWE&_nc_oc=Adq7A-4KTVEtQ04E13KtUfJct4vofja_tdIFFbViufNdxWCWb3gzTEncbugvkyoq4SxBSo4U8Qk0YFN8J84-PfID&_nc_ad=z-m&_nc_cid=0&_nc_zt=23&_nc_ht=scontent-lax3-1.cdninstagram.com&_nc_gid=m4a1im7Fihg2Q49M_7HU5Q&_nc_ss=7a22e&oh=00_AQJgyhM_fFqO3PmtY_y0T8oDIfVqlwQ-mpeCirnfT9cgpQ&oe=6A9CC1BB,https://www.instagram.com/p/DcmhzwZjQj_/
Supermercado Tuiuiú,Carnes / Bovina,Contra Filé Bovina kg,44.99,29/08/2026,https://scontent-waw2-1.cdninstagram.com/v/t51.82787-15/788493790_18582509032067900_5908567126790300069_n.jpg?stp=dst-jpg_e35_tt6&_nc_cat=109&ig_cache_key=Mzk3NDc1NDg1NzkyNzkxMjQwMQ%3D%3D.3-ccb7-5&ccb=7-5&_nc_sid=58cdad&efg=eyJ2ZW5jb2RlX3RhZyI6IkNBUk9VU0VMX0lURU0ueHBpZHMuMTA4MC5zZHIucmVndWxhcl9waG90by5DMyJ9&_nc_ohc=ZEEw91mmol0Q7kNvwFhP8ed&_nc_oc=AdprloLP0NjS7fiMqLwhsYvHYAPDapoqqR-LMynXKOK9DAhXS_5YuhtlqSP87Lbzya0&_nc_ad=z-m&_nc_cid=0&_nc_zt=23&_nc_ht=scontent-waw2-1.cdninstagram.com&_nc_gid=tZ2ZfigFTOvq294WhlGkpw&_nc_ss=7a22e&oh=00_AQJbSI3UBiLawOjuAhIDaXuDmKZpzZ2wBt41k1XqEd1FcQ&oe=6A9CAAF5,https://www.instagram.com/p/DcpKopsjwHG/
Supermercado Tuiuiú,Carnes / Bovina,Alcatra Bovina kg,47.99,29/08/2026,https://scontent-waw2-1.cdninstagram.com/v/t51.82787-15/788493790_18582509032067900_5908567126790300069_n.jpg?stp=dst-jpg_e35_tt6&_nc_cat=109&ig_cache_key=Mzk3NDc1NDg1NzkyNzkxMjQwMQ%3D%3D.3-ccb7-5&ccb=7-5&_nc_sid=58cdad&efg=eyJ2ZW5jb2RlX3RhZyI6IkNBUk9VU0VMX0lURU0ueHBpZHMuMTA4MC5zZHIucmVndWxhcl9waG90by5DMyJ9&_nc_ohc=ZEEw91mmol0Q7kNvwFhP8ed&_nc_oc=AdprloLP0NjS7fiMqLwhsYvHYAPDapoqqR-LMynXKOK9DAhXS_5YuhtlqSP87Lbzya0&_nc_ad=z-m&_nc_cid=0&_nc_zt=23&_nc_ht=scontent-waw2-1.cdninstagram.com&_nc_gid=tZ2ZfigFTOvq294WhlGkpw&_nc_ss=7a22e&oh=00_AQJbSI3UBiLawOjuAhIDaXuDmKZpzZ2wBt41k1XqEd1FcQ&oe=6A9CAAF5,https://www.instagram.com/p/DcpKopsjwHG/
Super Compras Supermercado,Carnes / Bovina,Miolo da Alcatra Bovina kg,48.99,29/08/2026,https://scontent-lax3-1.cdninstagram.com/v/t51.82787-15/787743920_18192892438391764_3005082908538598587_n.jpg?stp=dst-jpg_e35_tt6&_nc_cat=110&ig_cache_key=Mzk3NDAxMjMzNjQ5MTI3ODEzMg%3D%3D.3-ccb7-5&ccb=7-5&_nc_sid=58cdad&efg=eyJ2ZW5jb2RlX3RhZyI6IkNBUk9VU0VMX0lURU0ueHBpZHMuMTQ0MC5zZHIucmVndWxhcl9waG90by5DMyJ9&_nc_ohc=sDvW_231DL8Q7kNvwGGakWE&_nc_oc=Adq7A-4KTVEtQ04E13KtUfJct4vofja_tdIFFbViufNdxWCWb3gzTEncbugvkyoq4SxBSo4U8Qk0YFN8J84-PfID&_nc_ad=z-m&_nc_cid=0&_nc_zt=23&_nc_ht=scontent-lax3-1.cdninstagram.com&_nc_gid=m4a1im7Fihg2Q49M_7HU5Q&_nc_ss=7a22e&oh=00_AQJgyhM_fFqO3PmtY_y0T8oDIfVqlwQ-mpeCirnfT9cgpQ&oe=6A9CC1BB,https://www.instagram.com/p/DcmhzwZjQj_/
Super Compras Supermercado,Carnes / Suína e Embutidos,Pernil Suíno kg,9.99,29/08/2026,https://scontent-lax3-2.cdninstagram.com/v/t51.82787-15/787666404_18192892456391764_5631571009347207340_n.jpg?stp=dst-jpg_e35_tt6&_nc_cat=107&ig_cache_key=Mzk3NDAxMjM2OTYxNzUwODE0Ng%3D%3D.3-ccb7-5&ccb=7-5&_nc_sid=58cdad&efg=eyJ2ZW5jb2RlX3RhZyI6IkNBUk9VU0VMX0lURU0ueHBpZHMuMTQ0MC5zZHIucmVndWxhcl9waG90by5DMiJ9&_nc_ohc=Y87jpNzsTLYQ7kNvwF2geSX&_nc_oc=AdqZD0FF6uQKcKmwvMgdUCJYwy4dY7Wr5PoUlwYEztiFCWzJg7dVbjbg6fe2-xtUTGYJgHcjndv-HGxLo3MUXkUD&_nc_ad=z-m&_nc_cid=0&_nc_zt=23&_nc_ht=scontent-lax3-2.cdninstagram.com&_nc_gid=m4a1im7Fihg2Q49M_7HU5Q&_nc_ss=7a22e&oh=00_AQIeHRWhg0DLaTlbVJCNCKbOcXIXMyM6e-rrp8aqs4hd9A&oe=6A9CBD1A,https://www.instagram.com/p/DcmhzwZjQj_/
Bom Jesus Primavera do Leste 🛒,Carnes / Suína e Embutidos,Pernil Suíno Ochove kg,9.99,28/08/2026,https://instagram.fagu3-1.fna.fbcdn.net/v/t51.82787-15/786853630_18374942971237813_3112147777905981087_n.jpg?stp=dst-jpg_e35_tt6&_nc_cat=107&ig_cache_key=Mzk3Mzk3Nzc3OTE1MzU1MzcyNQ%3D%3D.3-ccb7-5&ccb=7-5&_nc_sid=58cdad&efg=eyJ2ZW5jb2RlX3RhZyI6IkNBUk9VU0VMX0lURU0ueHBpZHMuMTA4MC5zZHIucmVndWxhcl9waG90by5DMyJ9&_nc_ohc=ekdg7i9GxycQ7kNvwG-jRqs&_nc_oc=AdqbjQUatHi_6_SUYVdiOps_-C9VZ9NERdvas8U9_3XkdO7TMRP_rTwkZMIpBu4tpoXTgNyeLFFKE9XJ0-yYtIB5&_nc_ad=z-m&_nc_cid=0&_nc_zt=23&_nc_ht=instagram.fagu3-1.fna&_nc_gid=ub-F7Ju1QestHX_RMmDV3g&_nc_ss=7a22e&oh=00_AQKX6Psx2g27TPip7q0CLixd4taD6vSF_HNFOW6wBVo-OA&oe=6A9CBBE4,https://www.instagram.com/p/DcmZ8cDD400/
Bom Jesus Primavera do Leste 🛒,Carnes / Suína e Embutidos,Pernil Suíno Ochove kg,9.99,31/08/2026,https://instagram.fper10-1.fna.fbcdn.net/v/t51.82787-15/789425401_18375397132237813_3283979444182116387_n.jpg?stp=dst-jpg_e35_tt6&_nc_cat=109&ig_cache_key=Mzk3NjAxNjAxMTkzNTgyMDU5Mg%3D%3D.3-ccb7-5&ccb=7-5&_nc_sid=58cdad&efg=eyJ2ZW5jb2RlX3RhZyI6IkNBUk9VU0VMX0lURU0ueHBpZHMuMTA4MC5zZHIucmVndWxhcl9waG90by5DMyJ9&_nc_ohc=Qo8g-Wo6lO8Q7kNvwEwrYYG&_nc_oc=AdroGpwslZJFleBfWoEg3Lhcff_tzkhIeVm5zfVxnE9385kh73-QCjuZoyHFllS3Yzw&_nc_ad=z-m&_nc_cid=0&_nc_zt=23&_nc_ht=instagram.fper10-1.fna&_nc_gid=f_Ac6QzwHuXD4P1h-TVMjQ&_nc_ss=7a22e&oh=00_AQIRLI9s0IMTyRAvAvemUDnVyYiujPMif1yEOQiVJkJbSw&oe=6A9CB3EA,https://www.instagram.com/p/DctpboPFJpU/
Bom Jesus Primavera do Leste 🛒,Carnes / Suína e Embutidos,Mortadela Confiança 1kg,10.99,31/08/2026,https://instagram.fper10-2.fna.fbcdn.net/v/t51.82787-15/790024829_18375397153237813_1948289794463955166_n.jpg?stp=dst-jpg_e35_tt6&_nc_cat=101&ig_cache_key=Mzk3NjAxNjAxNDQwMTk2MTI2NA%3D%3D.3-ccb7-5&ccb=7-5&_nc_sid=58cdad&efg=eyJ2ZW5jb2RlX3RhZyI6IkNBUk9VU0VMX0lURU0ueHBpZHMuMTA4MC5zZHIucmVndWxhcl9waG90by5DMyJ9&_nc_ohc=jFcUhcd3ey4Q7kNvwE3hxyN&_nc_oc=AdpHLNwAhSAuy0JuMhBgUYyPQrQb9vHTlhOBCE4vAUlcw5b2c1ggi8AVU_aK1cBTvkk&_nc_ad=z-m&_nc_cid=0&_nc_zt=23&_nc_ht=instagram.fper10-2.fna&_nc_gid=f_Ac6QzwHuXD4P1h-TVMjQ&_nc_ss=7a22e&oh=00_AQKZrSxDcZhfURGq6VEeim2vq4IWAu3C1myQPZZVH6BNCA&oe=6A9CA904,https://www.instagram.com/p/DctpboPFJpU/
Bom Jesus Primavera do Leste 🛒,Carnes / Suína e Embutidos,Linguiça Calabresa Excelência 400g,10.99,31/08/2026,https://instagram.fper10-2.fna.fbcdn.net/v/t51.82787-15/790024829_18375397153237813_1948289794463955166_n.jpg?stp=dst-jpg_e35_tt6&_nc_cat=101&ig_cache_key=Mzk3NjAxNjAxNDQwMTk2MTI2NA%3D%3D.3-ccb7-5&ccb=7-5&_nc_sid=58cdad&efg=eyJ2ZW5jb2RlX3RhZyI6IkNBUk9VU0VMX0lURU0ueHBpZHMuMTA4MC5zZHIucmVndWxhcl9waG90by5DMyJ9&_nc_ohc=jFcUhcd3ey4Q7kNvwE3hxyN&_nc_oc=AdpHLNwAhSAuy0JuMhBgUYyPQrQb9vHTlhOBCE4vAUlcw5b2c1ggi8AVU_aK1cBTvkk&_nc_ad=z-m&_nc_cid=0&_nc_zt=23&_nc_ht=instagram.fper10-2.fna&_nc_gid=f_Ac6QzwHuXD4P1h-TVMjQ&_nc_ss=7a22e&oh=00_AQKZrSxDcZhfURGq6VEeim2vq4IWAu3C1myQPZZVH6BNCA&oe=6A9CA904,https://www.instagram.com/p/DctpboPFJpU/
Bom Jesus Primavera do Leste 🛒,Carnes / Suína e Embutidos,Linguiça Toscana Excelência 600g,12.99,31/08/2026,https://instagram.fper10-2.fna.fbcdn.net/v/t51.82787-15/790024829_18375397153237813_1948289794463955166_n.jpg?stp=dst-jpg_e35_tt6&_nc_cat=101&ig_cache_key=Mzk3NjAxNjAxNDQwMTk2MTI2NA%3D%3D.3-ccb7-5&ccb=7-5&_nc_sid=58cdad&efg=eyJ2ZW5jb2RlX3RhZyI6IkNBUk9VU0VMX0lURU0ueHBpZHMuMTA4MC5zZHIucmVndWxhcl9waG90by5DMyJ9&_nc_ohc=jFcUhcd3ey4Q7kNvwE3hxyN&_nc_oc=AdpHLNwAhSAuy0JuMhBgUYyPQrQb9vHTlhOBCE4vAUlcw5b2c1ggi8AVU_aK1cBTvkk&_nc_ad=z-m&_nc_cid=0&_nc_zt=23&_nc_ht=instagram.fper10-2.fna&_nc_gid=f_Ac6QzwHuXD4P1h-TVMjQ&_nc_ss=7a22e&oh=00_AQKZrSxDcZhfURGq6VEeim2vq4IWAu3C1myQPZZVH6BNCA&oe=6A9CA904,https://www.instagram.com/p/DctpboPFJpU/
Supermercado Tuiuiú,Carnes / Suína e Embutidos,Lombo Suíno kg,14.99,29/08/2026,https://scontent-waw2-2.cdninstagram.com/v/t51.82787-15/791045407_18582509014067900_6295115100514269558_n.jpg?stp=dst-jpg_e35_tt6&_nc_cat=101&ig_cache_key=Mzk3NDc1NDgyNzQxMDc1ODQzMA%3D%3D.3-ccb7-5&ccb=7-5&_nc_sid=58cdad&efg=eyJ2ZW5jb2RlX3RhZyI6IkNBUk9VU0VMX0lURU0ueHBpZHMuMTA4MC5zZHIucmVndWxhcl9waG90by5DMyJ9&_nc_ohc=4s6XsQUyXIQQ7kNvwG9cmIy&_nc_oc=Adqxy2NrxLGwx4jpX1AqdSdBya7ekQxEp4N788TK13Hki_0D_EyOUKLMNyjJERQBI48&_nc_ad=z-m&_nc_cid=0&_nc_zt=23&_nc_ht=scontent-waw2-2.cdninstagram.com&_nc_gid=tZ2ZfigFTOvq294WhlGkpw&_nc_ss=7a22e&oh=00_AQJAzLI143bikstxA9olIv6buctMWi76v6VeCoCIka-Hag&oe=6A9CC03F,https://www.instagram.com/p/DcpKopsjwHG/
Supermercado Tuiuiú,Carnes / Suína e Embutidos,Linguiça Toscana kg,14.99,29/08/2026,https://scontent-waw2-2.cdninstagram.com/v/t51.82787-15/791045407_18582509014067900_6295115100514269558_n.jpg?stp=dst-jpg_e35_tt6&_nc_cat=101&ig_cache_key=Mzk3NDc1NDgyNzQxMDc1ODQzMA%3D%3D.3-ccb7-5&ccb=7-5&_nc_sid=58cdad&efg=eyJ2ZW5jb2RlX3RhZyI6IkNBUk9VU0VMX0lURU0ueHBpZHMuMTA4MC5zZHIucmVndWxhcl9waG90by5DMyJ9&_nc_ohc=4s6XsQUyXIQQ7kNvwG9cmIy&_nc_oc=Adqxy2NrxLGwx4jpX1AqdSdBya7ekQxEp4N788TK13Hki_0D_EyOUKLMNyjJERQBI48&_nc_ad=z-m&_nc_cid=0&_nc_zt=23&_nc_ht=scontent-waw2-2.cdninstagram.com&_nc_gid=tZ2ZfigFTOvq294WhlGkpw&_nc_ss=7a22e&oh=00_AQJAzLI143bikstxA9olIv6buctMWi76v6VeCoCIka-Hag&oe=6A9CC03F,https://www.instagram.com/p/DcpKopsjwHG/
Super Compras Supermercado,Carnes / Suína e Embutidos,Linguiça Perdigão kg,15.99,29/08/2026,https://scontent-lax3-1.cdninstagram.com/v/t51.82787-15/787743920_18192892438391764_3005082908538598587_n.jpg?stp=dst-jpg_e35_tt6&_nc_cat=110&ig_cache_key=Mzk3NDAxMjMzNjQ5MTI3ODEzMg%3D%3D.3-ccb7-5&ccb=7-5&_nc_sid=58cdad&efg=eyJ2ZW5jb2RlX3RhZyI6IkNBUk9VU0VMX0lURU0ueHBpZHMuMTQ0MC5zZHIucmVndWxhcl9waG90by5DMyJ9&_nc_ohc=sDvW_231DL8Q7kNvwGGakWE&_nc_oc=Adq7A-4KTVEtQ04E13KtUfJct4vofja_tdIFFbViufNdxWCWb3gzTEncbugvkyoq4SxBSo4U8Qk0YFN8J84-PfID&_nc_ad=z-m&_nc_cid=0&_nc_zt=23&_nc_ht=scontent-lax3-1.cdninstagram.com&_nc_gid=m4a1im7Fihg2Q49M_7HU5Q&_nc_ss=7a22e&oh=00_AQJgyhM_fFqO3PmtY_y0T8oDIfVqlwQ-mpeCirnfT9cgpQ&oe=6A9CC1BB,https://www.instagram.com/p/DcmhzwZjQj_/
Bom Jesus Primavera do Leste 🛒,Carnes / Suína e Embutidos,Linguiça Toscana Excelência kg,15.99,28/08/2026,https://instagram.fagu3-1.fna.fbcdn.net/v/t51.82787-15/786853630_18374942971237813_3112147777905981087_n.jpg?stp=dst-jpg_e35_tt6&_nc_cat=107&ig_cache_key=Mzk3Mzk3Nzc3OTE1MzU1MzcyNQ%3D%3D.3-ccb7-5&ccb=7-5&_nc_sid=58cdad&efg=eyJ2ZW5jb2RlX3RhZyI6IkNBUk9VU0VMX0lURU0ueHBpZHMuMTA4MC5zZHIucmVndWxhcl9waG90by5DMyJ9&_nc_ohc=ekdg7i9GxycQ7kNvwG-jRqs&_nc_oc=AdqbjQUatHi_6_SUYVdiOps_-C9VZ9NERdvas8U9_3XkdO7TMRP_rTwkZMIpBu4tpoXTgNyeLFFKE9XJ0-yYtIB5&_nc_ad=z-m&_nc_cid=0&_nc_zt=23&_nc_ht=instagram.fagu3-1.fna&_nc_gid=ub-F7Ju1QestHX_RMmDV3g&_nc_ss=7a22e&oh=00_AQKX6Psx2g27TPip7q0CLixd4taD6vSF_HNFOW6wBVo-OA&oe=6A9CBBE4,https://www.instagram.com/p/DcmZ8cDD400/
Bom Jesus Primavera do Leste 🛒,Carnes / Suína e Embutidos,Linguiça Toscana Excelência kg,15.99,31/08/2026,https://instagram.fper10-1.fna.fbcdn.net/v/t51.82787-15/789425401_18375397132237813_3283979444182116387_n.jpg?stp=dst-jpg_e35_tt6&_nc_cat=109&ig_cache_key=Mzk3NjAxNjAxMTkzNTgyMDU5Mg%3D%3D.3-ccb7-5&ccb=7-5&_nc_sid=58cdad&efg=eyJ2ZW5jb2RlX3RhZyI6IkNBUk9VU0VMX0lURU0ueHBpZHMuMTA4MC5zZHIucmVndWxhcl9waG90by5DMyJ9&_nc_ohc=Qo8g-Wo6lO8Q7kNvwEwrYYG&_nc_oc=AdroGpwslZJFleBfWoEg3Lhcff_tzkhIeVm5zfVxnE9385kh73-QCjuZoyHFllS3Yzw&_nc_ad=z-m&_nc_cid=0&_nc_zt=23&_nc_ht=instagram.fper10-1.fna&_nc_gid=f_Ac6QzwHuXD4P1h-TVMjQ&_nc_ss=7a22e&oh=00_AQIRLI9s0IMTyRAvAvemUDnVyYiujPMif1yEOQiVJkJbSw&oe=6A9CB3EA,https://www.instagram.com/p/DctpboPFJpU/
Supermercado São Pedro,Carnes / Suína e Embutidos,Linguiça Calabresa kg,19.99,31/08/2026,https://scontent-ams2-1.cdninstagram.com/v/t39.30808-6/790310368_1508698117969971_69530791300054474_n.jpg?stp=c0.0.1638.2047a_dst-jpg_e35_s1638x2047_tt6&_nc_cat=102&ig_cache_key=Mzk3NjE3NTA3NzMxMzU4MjExNA%3D%3D.3-ccb7-5&ccb=7-5&_nc_sid=58cdad&efg=eyJ2ZW5jb2RlX3RhZyI6IkNBUk9VU0VMX0lURU0ueHBpZHMuMTYzOC5zZHIucmVndWxhcl9waG90by5DMyJ9&_nc_ohc=uD9JaANzDd0Q7kNvwH535Ek&_nc_oc=AdprH4neidouuwsJ_1qpmFfrpVbcOcik7xk0TXKCERxxoY78EK1TcA99K8RizzfECOo&_nc_ad=z-m&_nc_cid=0&_nc_zt=23&_nc_ht=scontent-ams2-1.cdninstagram.com&_nc_gid=Xge3-AgsJ78GQKpYxVY_lQ&_nc_ss=7a22e&oh=00_AQLyxdP99X1LwDUKlEg0XOKW49YjRLzzhit7vnib_Xlk7w&oe=6A9CC4DA,https://www.instagram.com/p/DcuNi7YiX2_/
Bom Jesus Primavera do Leste 🛒,Carnes / Suína e Embutidos,Linguiça Calabresa Excelência kg,19.99,28/08/2026,https://instagram.fagu3-1.fna.fbcdn.net/v/t51.82787-15/786853630_18374942971237813_3112147777905981087_n.jpg?stp=dst-jpg_e35_tt6&_nc_cat=107&ig_cache_key=Mzk3Mzk3Nzc3OTE1MzU1MzcyNQ%3D%3D.3-ccb7-5&ccb=7-5&_nc_sid=58cdad&efg=eyJ2ZW5jb2RlX3RhZyI6IkNBUk9VU0VMX0lURU0ueHBpZHMuMTA4MC5zZHIucmVndWxhcl9waG90by5DMyJ9&_nc_ohc=ekdg7i9GxycQ7kNvwG-jRqs&_nc_oc=AdqbjQUatHi_6_SUYVdiOps_-C9VZ9NERdvas8U9_3XkdO7TMRP_rTwkZMIpBu4tpoXTgNyeLFFKE9XJ0-yYtIB5&_nc_ad=z-m&_nc_cid=0&_nc_zt=23&_nc_ht=instagram.fagu3-1.fna&_nc_gid=ub-F7Ju1QestHX_RMmDV3g&_nc_ss=7a22e&oh=00_AQKX6Psx2g27TPip7q0CLixd4taD6vSF_HNFOW6wBVo-OA&oe=6A9CBBE4,https://www.instagram.com/p/DcmZ8cDD400/
Bom Jesus Primavera do Leste 🛒,Carnes / Suína e Embutidos,Presunto Cozido Excelência kg,22.99,28/08/2026,https://instagram.fagu3-1.fna.fbcdn.net/v/t51.82787-15/788139857_18374943016237813_6095318216715939563_n.jpg?stp=dst-jpg_e35_tt6&_nc_cat=107&ig_cache_key=Mzk3Mzk3Nzc4MDcyMjI3NDY1Mg%3D%3D.3-ccb7-5&ccb=7-5&_nc_sid=58cdad&efg=eyJ2ZW5jb2RlX3RhZyI6IkNBUk9VU0VMX0lURU0ueHBpZHMuMTA4MC5zZHIucmVndWxhcl9waG90by5DMyJ9&_nc_ohc=xX3unEg9a08Q7kNvwGOEBKm&_nc_oc=Ado24mnGdNuQv2SIzLDfjY6XCYYEsNiM4rzrQdRtfWRTB8lb07qGDm6kHAdE6C_GVYrrbY0t6e50c1CUE8B7f9po&_nc_ad=z-m&_nc_cid=0&_nc_zt=23&_nc_ht=instagram.fagu3-1.fna&_nc_gid=ub-F7Ju1QestHX_RMmDV3g&_nc_ss=7a22e&oh=00_AQIFwtbmqdV6HlbS9jF1C5LBnR30cy1yTOmT2MS5A1inGg&oe=6A9CB070,https://www.instagram.com/p/DcmZ8cDD400/
Bom Jesus Primavera do Leste 🛒,Carnes / Suína e Embutidos,Presunto Cozido Excelência kg,22.99,31/08/2026,https://instagram.fper10-2.fna.fbcdn.net/v/t51.82787-15/790024829_18375397153237813_1948289794463955166_n.jpg?stp=dst-jpg_e35_tt6&_nc_cat=101&ig_cache_key=Mzk3NjAxNjAxNDQwMTk2MTI2NA%3D%3D.3-ccb7-5&ccb=7-5&_nc_sid=58cdad&efg=eyJ2ZW5jb2RlX3RhZyI6IkNBUk9VU0VMX0lURU0ueHBpZHMuMTA4MC5zZHIucmVndWxhcl9waG90by5DMyJ9&_nc_ohc=jFcUhcd3ey4Q7kNvwE3hxyN&_nc_oc=AdpHLNwAhSAuy0JuMhBgUYyPQrQb9vHTlhOBCE4vAUlcw5b2c1ggi8AVU_aK1cBTvkk&_nc_ad=z-m&_nc_cid=0&_nc_zt=23&_nc_ht=instagram.fper10-2.fna&_nc_gid=f_Ac6QzwHuXD4P1h-TVMjQ&_nc_ss=7a22e&oh=00_AQKZrSxDcZhfURGq6VEeim2vq4IWAu3C1myQPZZVH6BNCA&oe=6A9CA904,https://www.instagram.com/p/DctpboPFJpU/
Supermercado São Pedro,Carnes / Suína e Embutidos,Presunto Excelência kg,24.99,28/08/2026,https://scontent-waw2-1.cdninstagram.com/v/t51.82787-15/785599572_18195711460382122_5575322653184498920_n.jpg?stp=dst-jpg_e35_tt6&_nc_cat=109&ig_cache_key=Mzk3MzY3MjU2OTQ3ODkxNjI0Mw%3D%3D.3-ccb7-5&ccb=7-5&_nc_sid=58cdad&efg=eyJ2ZW5jb2RlX3RhZyI6IkNBUk9VU0VMX0lURU0ueHBpZHMuMTA4MS5zZHIucmVndWxhcl9waG90by5DMyJ9&_nc_ohc=GqsGB5UTShAQ7kNvwFPOwP3&_nc_oc=AdpzBt_LblKn3EUN1yxLP1c2j5kKp-CJDSm9Rz8mlKgc99GVluW-1zvOVU2SUFfw_hcHtZGeepBzEvgb38Z8QD29&_nc_ad=z-m&_nc_cid=0&_nc_zt=23&_nc_ht=scontent-waw2-1.cdninstagram.com&_nc_gid=DMKRO3jGuwK0c-WkMOZ7ag&_nc_ss=7a22e&oh=00_AQJZrmqgxQRxmq7za3NpYTPGtcV43nmNCpR0m9Z2DfhfnA&oe=6A9CC052,https://www.instagram.com/p/DclUqI1G7TG/
Bom Jesus Primavera do Leste 🛒,Carnes / Suína e Embutidos,Mortadela Seara Defumada kg,26.99,28/08/2026,https://instagram.fagu3-1.fna.fbcdn.net/v/t51.82787-15/788139857_18374943016237813_6095318216715939563_n.jpg?stp=dst-jpg_e35_tt6&_nc_cat=107&ig_cache_key=Mzk3Mzk3Nzc4MDcyMjI3NDY1Mg%3D%3D.3-ccb7-5&ccb=7-5&_nc_sid=58cdad&efg=eyJ2ZW5jb2RlX3RhZyI6IkNBUk9VU0VMX0lURU0ueHBpZHMuMTA4MC5zZHIucmVndWxhcl9waG90by5DMyJ9&_nc_ohc=xX3unEg9a08Q7kNvwGOEBKm&_nc_oc=Ado24mnGdNuQv2SIzLDfjY6XCYYEsNiM4rzrQdRtfWRTB8lb07qGDm6kHAdE6C_GVYrrbY0t6e50c1CUE8B7f9po&_nc_ad=z-m&_nc_cid=0&_nc_zt=23&_nc_ht=instagram.fagu3-1.fna&_nc_gid=ub-F7Ju1QestHX_RMmDV3g&_nc_ss=7a22e&oh=00_AQIFwtbmqdV6HlbS9jF1C5LBnR30cy1yTOmT2MS5A1inGg&oe=6A9CB070,https://www.instagram.com/p/DcmZ8cDD400/
Bom Jesus Primavera do Leste 🛒,Carnes / Suína e Embutidos,Bacon Manta Seara kg,29.99,31/08/2026,https://instagram.fper10-2.fna.fbcdn.net/v/t51.82787-15/790024829_18375397153237813_1948289794463955166_n.jpg?stp=dst-jpg_e35_tt6&_nc_cat=101&ig_cache_key=Mzk3NjAxNjAxNDQwMTk2MTI2NA%3D%3D.3-ccb7-5&ccb=7-5&_nc_sid=58cdad&efg=eyJ2ZW5jb2RlX3RhZyI6IkNBUk9VU0VMX0lURU0ueHBpZHMuMTA4MC5zZHIucmVndWxhcl9waG90by5DMyJ9&_nc_ohc=jFcUhcd3ey4Q7kNvwE3hxyN&_nc_oc=AdpHLNwAhSAuy0JuMhBgUYyPQrQb9vHTlhOBCE4vAUlcw5b2c1ggi8AVU_aK1cBTvkk&_nc_ad=z-m&_nc_cid=0&_nc_zt=23&_nc_ht=instagram.fper10-2.fna&_nc_gid=f_Ac6QzwHuXD4P1h-TVMjQ&_nc_ss=7a22e&oh=00_AQKZrSxDcZhfURGq6VEeim2vq4IWAu3C1myQPZZVH6BNCA&oe=6A9CA904,https://www.instagram.com/p/DctpboPFJpU/
Machadão Atacadista,Congelados e Sobremesas,Açaí Ricaeli 200g,6.99,01/09/2026,https://instagram.fpll8-1.fna.fbcdn.net/v/t39.30808-6/788766900_1363961989157092_7149980708576029676_n.jpg?stp=dst-jpg_e35_tt6&_nc_cat=105&_nc_map=urlgen_bucketless&ig_cache_key=Mzk3NjIxNDMzMjMyNTE5OTQzMw%3D%3D.3-ccb7-5&ccb=7-5&_nc_sid=58cdad&efg=eyJ2ZW5jb2RlX3RhZyI6IkNBUk9VU0VMX0lURU0ueHBpZHMuMTYzOC5zZHIucmVndWxhcl9waG90by5DMyJ9&_nc_ohc=2I1wZ8IpqpUQ7kNvwFAgb26&_nc_oc=AdptEXpzzvKedyOm0IUpup4aKTMN92VEbvGRKA1BQWFQpIbfA4AnOMdezqbxL5iUM5sqq0855oYZTILhNI3FLOd9&_nc_ad=z-m&_nc_cid=0&_nc_zt=23&_nc_ht=instagram.fpll8-1.fna&_nc_gid=-TX4tDFJTAdeRK5XHn8t2g&_nc_ss=7a22e&oh=00_AQL4oPpPpXHmUGCJDgCXWpuhnYQzo2USkXGxU2RSNdNmDA&oe=6A9CACD0,https://www.instagram.com/p/DcuWeMKD352/
Machadão Atacadista,Congelados e Sobremesas,Açaí Ricaeli 200g,6.99,01/09/2026,https://instagram.fpll8-1.fna.fbcdn.net/v/t39.30808-6/790209214_1363962295823728_6184311664090934208_n.jpg?stp=dst-jpg_e35_tt6&_nc_cat=101&_nc_map=urlgen_bucketless&ig_cache_key=Mzk3NjIxNDMzMTA5MjA0NzE3Mg%3D%3D.3-ccb7-5&ccb=7-5&_nc_sid=58cdad&efg=eyJ2ZW5jb2RlX3RhZyI6IkNBUk9VU0VMX0lURU0ueHBpZHMuMTYzOC5zZHIucmVndWxhcl9waG90by5DMyJ9&_nc_ohc=6eOf0AaqPwYQ7kNvwGdrNBZ&_nc_oc=AdrkMFMywyb9xxhGsxNzUydNzBp5WuMm_tp9Q9arUp4u5wRasbwXJXeOCdibD8xtZu5fEQKYFg0j9ixZYO0h6cDW&_nc_ad=z-m&_nc_cid=0&_nc_zt=23&_nc_ht=instagram.fpll8-1.fna&_nc_gid=-TX4tDFJTAdeRK5XHn8t2g&_nc_ss=7a22e&oh=00_AQK2ptsEy7z8d84W23PKqjoR4vKT_L03OqtRuC3I1SiyZA&oe=6A9CB5AE,https://www.instagram.com/p/DcuWeMKD352/
Super Compras Supermercado,Congelados e Sobremesas,Pizza Super Compras,14.99,28/08/2026,https://instagram.fpll8-2.fna.fbcdn.net/v/t51.82787-15/781804833_18192777268391764_1137004139144970890_n.jpg?stp=dst-jpg_e35_tt6&_nc_cat=111&_nc_map=urlgen_bucketless&ig_cache_key=Mzk3MzI5MzA5NzQ3NjE0OTUwNg%3D%3D.3-ccb7-5&ccb=7-5&_nc_sid=58cdad&efg=eyJ2ZW5jb2RlX3RhZyI6IkZFRUQueHBpZHMuMTQ0MC5zZHIucmVndWxhcl9waG90by5DMyJ9&_nc_ohc=xJdCm3CT7B8Q7kNvwEgy6nK&_nc_oc=AdqappxHoc5IMXvQUbzwsPxVJJaZoSlo44c_sdTYV2xbGG7w3ikVGwwlrCq2Zxr1jjk&_nc_ad=z-m&_nc_cid=1155&_nc_zt=23&_nc_ht=instagram.fpll8-2.fna&_nc_gid=fjxUCZCzOwTQ7CyLszkakw&_nc_ss=7a22e&oh=00_AQK-DvbdFngWWR-BOtKRFuNPTRZXw49u96OLqchDveSHgw&oe=6A9CA2B9,https://www.instagram.com/p/Dcj-QVPk9EC/
Super Compras Supermercado,Congelados e Sobremesas,Batata Palito Sadia 2kg,26.99,29/08/2026,https://scontent-lax3-2.cdninstagram.com/v/t51.82787-15/787666404_18192892456391764_5631571009347207340_n.jpg?stp=dst-jpg_e35_tt6&_nc_cat=107&ig_cache_key=Mzk3NDAxMjM2OTYxNzUwODE0Ng%3D%3D.3-ccb7-5&ccb=7-5&_nc_sid=58cdad&efg=eyJ2ZW5jb2RlX3RhZyI6IkNBUk9VU0VMX0lURU0ueHBpZHMuMTQ0MC5zZHIucmVndWxhcl9waG90by5DMiJ9&_nc_ohc=Y87jpNzsTLYQ7kNvwF2geSX&_nc_oc=AdqZD0FF6uQKcKmwvMgdUCJYwy4dY7Wr5PoUlwYEztiFCWzJg7dVbjbg6fe2-xtUTGYJgHcjndv-HGxLo3MUXkUD&_nc_ad=z-m&_nc_cid=0&_nc_zt=23&_nc_ht=scontent-lax3-2.cdninstagram.com&_nc_gid=m4a1im7Fihg2Q49M_7HU5Q&_nc_ss=7a22e&oh=00_AQIeHRWhg0DLaTlbVJCNCKbOcXIXMyM6e-rrp8aqs4hd9A&oe=6A9CBD1A,https://www.instagram.com/p/DcmhzwZjQj_/
Machadão Atacadista,Congelados e Sobremesas,Caixa Para Pizza Stamp Octogonal Nº35 25un,29.9,01/09/2026,https://instagram.fpll8-2.fna.fbcdn.net/v/t39.30808-6/788717108_1363962009157090_7645430109379984108_n.jpg?stp=dst-jpg_e35_tt6&_nc_cat=110&_nc_map=urlgen_bucketless&ig_cache_key=Mzk3NjIxNDMzMjA1Njc3MzMzMA%3D%3D.3-ccb7-5&ccb=7-5&_nc_sid=58cdad&efg=eyJ2ZW5jb2RlX3RhZyI6IkNBUk9VU0VMX0lURU0ueHBpZHMuMTYzOC5zZHIucmVndWxhcl9waG90by5DMyJ9&_nc_ohc=nXwqXMc37ZkQ7kNvwGVtGCO&_nc_oc=Adp7sfzCL-HUqgN8ZdvBh4rs5GY5ekMPP5vmR5OBqPXil3Pgd9fgZExeFNnR9hplXn3EvPl2-4HEP6XcATezetTB&_nc_ad=z-m&_nc_cid=0&_nc_zt=23&_nc_ht=instagram.fpll8-2.fna&_nc_gid=-TX4tDFJTAdeRK5XHn8t2g&_nc_ss=7a22e&oh=00_AQLR5HcCVU9xXTpmdmaRsvdUl9qkP5z4W1uTaAIOWPzu5A&oe=6A9CA2D3,https://www.instagram.com/p/DcuWeMKD352/
Machadão Atacadista,Congelados e Sobremesas,Caixa Para Pizza Stamp Octogonal Nº35 25un,29.9,01/09/2026,https://instagram.fpll8-1.fna.fbcdn.net/v/t39.30808-6/788880664_1363962219157069_5966186908781895719_n.jpg?stp=dst-jpg_e35_tt6&_nc_cat=108&_nc_map=urlgen_bucketless&ig_cache_key=Mzk3NjIxNDMzMDk4MzA0NjUzNQ%3D%3D.3-ccb7-5&ccb=7-5&_nc_sid=58cdad&efg=eyJ2ZW5jb2RlX3RhZyI6IkNBUk9VU0VMX0lURU0ueHBpZHMuMTYzOC5zZHIucmVndWxhcl9waG90by5DMyJ9&_nc_ohc=72ND--9jcv0Q7kNvwF0do42&_nc_oc=AdokRmfQYpSec-2ucIKH9kkeydArBu8cMnaC6TebBY3z2_slG7lJHFk5WYLBT4SZMOrknVFv7HLZQgBv_NkX-P-r&_nc_ad=z-m&_nc_cid=0&_nc_zt=23&_nc_ht=instagram.fpll8-1.fna&_nc_gid=-TX4tDFJTAdeRK5XHn8t2g&_nc_ss=7a22e&oh=00_AQL22D_4fOEr93A62UmNnlDk4uo-vqACz7jfEudhOafeFA&oe=6A9CA88C,https://www.instagram.com/p/DcuWeMKD352/
Bom Jesus Primavera do Leste 🛒,Congelados e Sobremesas,Açaí Movida 1.5L,32.99,28/08/2026,https://instagram.fagu3-1.fna.fbcdn.net/v/t51.82787-15/786853630_18374942971237813_3112147777905981087_n.jpg?stp=dst-jpg_e35_tt6&_nc_cat=107&ig_cache_key=Mzk3Mzk3Nzc3OTE1MzU1MzcyNQ%3D%3D.3-ccb7-5&ccb=7-5&_nc_sid=58cdad&efg=eyJ2ZW5jb2RlX3RhZyI6IkNBUk9VU0VMX0lURU0ueHBpZHMuMTA4MC5zZHIucmVndWxhcl9waG90by5DMyJ9&_nc_ohc=ekdg7i9GxycQ7kNvwG-jRqs&_nc_oc=AdqbjQUatHi_6_SUYVdiOps_-C9VZ9NERdvas8U9_3XkdO7TMRP_rTwkZMIpBu4tpoXTgNyeLFFKE9XJ0-yYtIB5&_nc_ad=z-m&_nc_cid=0&_nc_zt=23&_nc_ht=instagram.fagu3-1.fna&_nc_gid=ub-F7Ju1QestHX_RMmDV3g&_nc_ss=7a22e&oh=00_AQKX6Psx2g27TPip7q0CLixd4taD6vSF_HNFOW6wBVo-OA&oe=6A9CBBE4,https://www.instagram.com/p/DcmZ8cDD400/
Bom Jesus Primavera do Leste 🛒,Congelados e Sobremesas,Açaí Movida 1.5L,32.99,31/08/2026,https://instagram.fper10-2.fna.fbcdn.net/v/t51.82787-15/790024829_18375397153237813_1948289794463955166_n.jpg?stp=dst-jpg_e35_tt6&_nc_cat=101&ig_cache_key=Mzk3NjAxNjAxNDQwMTk2MTI2NA%3D%3D.3-ccb7-5&ccb=7-5&_nc_sid=58cdad&efg=eyJ2ZW5jb2RlX3RhZyI6IkNBUk9VU0VMX0lURU0ueHBpZHMuMTA4MC5zZHIucmVndWxhcl9waG90by5DMyJ9&_nc_ohc=jFcUhcd3ey4Q7kNvwE3hxyN&_nc_oc=AdpHLNwAhSAuy0JuMhBgUYyPQrQb9vHTlhOBCE4vAUlcw5b2c1ggi8AVU_aK1cBTvkk&_nc_ad=z-m&_nc_cid=0&_nc_zt=23&_nc_ht=instagram.fper10-2.fna&_nc_gid=f_Ac6QzwHuXD4P1h-TVMjQ&_nc_ss=7a22e&oh=00_AQKZrSxDcZhfURGq6VEeim2vq4IWAu3C1myQPZZVH6BNCA&oe=6A9CA904,https://www.instagram.com/p/DctpboPFJpU/
Bom Jesus Primavera do Leste 🛒,Higiene / Cuidados Pessoais,Sabonete em Barra Nivea 85g,2.19,28/08/2026,https://instagram.fagu3-1.fna.fbcdn.net/v/t51.82787-15/788860531_18374942995237813_624644092953609674_n.jpg?stp=dst-jpg_e35_tt6&_nc_cat=106&ig_cache_key=Mzk3Mzk3Nzc4MjEzMTM5MTcwNQ%3D%3D.3-ccb7-5&ccb=7-5&_nc_sid=58cdad&efg=eyJ2ZW5jb2RlX3RhZyI6IkNBUk9VU0VMX0lURU0ueHBpZHMuMTA4MC5zZHIucmVndWxhcl9waG90by5DMyJ9&_nc_ohc=mOHmscgEnGsQ7kNvwG0PQUn&_nc_oc=AdrnTvsOFFkNfnHfY75s1obDc4syPIbh38dwbw0-nRxvMcu5mBgdahDwtxkyaB2nM6O9DyZF_Ce2RoL-nnEYXLth&_nc_ad=z-m&_nc_cid=0&_nc_zt=23&_nc_ht=instagram.fagu3-1.fna&_nc_gid=ub-F7Ju1QestHX_RMmDV3g&_nc_ss=7a22e&oh=00_AQLUCXvuPQW3Nq0qTBAt7t_Gwg-0uCGi7p0Nzj_WftC11w&oe=6A9CB28B,https://www.instagram.com/p/DcmZ8cDD400/
Bom Jesus Primavera do Leste 🛒,Higiene / Cuidados Pessoais,Sabonete em Barra Palmolive 85g,2.19,31/08/2026,https://instagram.fper10-1.fna.fbcdn.net/v/t51.82787-15/790710770_18375397150237813_205032870738913895_n.jpg?stp=dst-jpg_e35_tt6&_nc_cat=109&ig_cache_key=Mzk3NjAxNjAxODA0MzIzNjczOQ%3D%3D.3-ccb7-5&ccb=7-5&_nc_sid=58cdad&efg=eyJ2ZW5jb2RlX3RhZyI6IkNBUk9VU0VMX0lURU0ueHBpZHMuMTA4MC5zZHIucmVndWxhcl9waG90by5DMyJ9&_nc_ohc=bEKxbBy2AZwQ7kNvwHO8Sld&_nc_oc=AdpiWw3afCzauTgOnr7CZqo6RrjWO7xzvi9wQyJB7smgHhRnAUcnufRIyV2PS38CSm8&_nc_ad=z-m&_nc_cid=0&_nc_zt=23&_nc_ht=instagram.fper10-1.fna&_nc_gid=f_Ac6QzwHuXD4P1h-TVMjQ&_nc_ss=7a22e&oh=00_AQKcIGxVKzoKCZsljPzfJbsKz-cmAUsbz6pdsoYWkgRUuA&oe=6A9CA6D6,https://www.instagram.com/p/DctpboPFJpU/
Machadão Atacadista,Higiene / Cuidados Pessoais,Sabonete Palmolive 150g,3.49,01/09/2026,https://instagram.fpll8-2.fna.fbcdn.net/v/t39.30808-6/788717108_1363962009157090_7645430109379984108_n.jpg?stp=dst-jpg_e35_tt6&_nc_cat=110&_nc_map=urlgen_bucketless&ig_cache_key=Mzk3NjIxNDMzMjA1Njc3MzMzMA%3D%3D.3-ccb7-5&ccb=7-5&_nc_sid=58cdad&efg=eyJ2ZW5jb2RlX3RhZyI6IkNBUk9VU0VMX0lURU0ueHBpZHMuMTYzOC5zZHIucmVndWxhcl9waG90by5DMyJ9&_nc_ohc=nXwqXMc37ZkQ7kNvwGVtGCO&_nc_oc=Adp7sfzCL-HUqgN8ZdvBh4rs5GY5ekMPP5vmR5OBqPXil3Pgd9fgZExeFNnR9hplXn3EvPl2-4HEP6XcATezetTB&_nc_ad=z-m&_nc_cid=0&_nc_zt=23&_nc_ht=instagram.fpll8-2.fna&_nc_gid=-TX4tDFJTAdeRK5XHn8t2g&_nc_ss=7a22e&oh=00_AQLR5HcCVU9xXTpmdmaRsvdUl9qkP5z4W1uTaAIOWPzu5A&oe=6A9CA2D3,https://www.instagram.com/p/DcuWeMKD352/
Machadão Atacadista,Higiene / Cuidados Pessoais,Sabonete Palmolive 150g,3.49,01/09/2026,https://instagram.fpll8-1.fna.fbcdn.net/v/t39.30808-6/788880664_1363962219157069_5966186908781895719_n.jpg?stp=dst-jpg_e35_tt6&_nc_cat=108&_nc_map=urlgen_bucketless&ig_cache_key=Mzk3NjIxNDMzMDk4MzA0NjUzNQ%3D%3D.3-ccb7-5&ccb=7-5&_nc_sid=58cdad&efg=eyJ2ZW5jb2RlX3RhZyI6IkNBUk9VU0VMX0lURU0ueHBpZHMuMTYzOC5zZHIucmVndWxhcl9waG90by5DMyJ9&_nc_ohc=72ND--9jcv0Q7kNvwF0do42&_nc_oc=AdokRmfQYpSec-2ucIKH9kkeydArBu8cMnaC6TebBY3z2_slG7lJHFk5WYLBT4SZMOrknVFv7HLZQgBv_NkX-P-r&_nc_ad=z-m&_nc_cid=0&_nc_zt=23&_nc_ht=instagram.fpll8-1.fna&_nc_gid=-TX4tDFJTAdeRK5XHn8t2g&_nc_ss=7a22e&oh=00_AQL22D_4fOEr93A62UmNnlDk4uo-vqACz7jfEudhOafeFA&oe=6A9CA88C,https://www.instagram.com/p/DcuWeMKD352/
Supermercado São Pedro,Higiene / Cuidados Pessoais,Sabonete Protex 85g,3.89,31/08/2026,https://scontent-ams2-1.cdninstagram.com/v/t39.30808-6/790341028_1508698111303305_6101754768913825516_n.jpg?stp=c0.0.1638.2048a_dst-jpg_e35_s1638x2048_tt6&_nc_cat=107&ig_cache_key=Mzk3NjE3NTA3NTg4NzQ4NDk5OQ%3D%3D.3-ccb7-5&ccb=7-5&_nc_sid=58cdad&efg=eyJ2ZW5jb2RlX3RhZyI6IkNBUk9VU0VMX0lURU0ueHBpZHMuMTYzOS5zZHIucmVndWxhcl9waG90by5DMyJ9&_nc_ohc=_1XwT5vLY4AQ7kNvwHKEz55&_nc_oc=Adqg5tBFfclFERhJFJbjOJm0oGg4YzR8WbUFIsLeQK-ahjCo0rYsScXgmbbDRpSjnk0&_nc_ad=z-m&_nc_cid=0&_nc_zt=23&_nc_ht=scontent-ams2-1.cdninstagram.com&_nc_gid=Xge3-AgsJ78GQKpYxVY_lQ&_nc_ss=7a22e&oh=00_AQKXL2-oKmbRxlKMZdJZpNxkSAGu6i1Z_8Eo2z4fJvzj_A&oe=6A9CA427,https://www.instagram.com/p/DcuNi7YiX2_/
Bom Jesus Primavera do Leste 🛒,Higiene / Cuidados Pessoais,Creme Dental Sorriso Dentes Brancos 120g,4.79,31/08/2026,https://instagram.fper10-1.fna.fbcdn.net/v/t51.82787-15/790710770_18375397150237813_205032870738913895_n.jpg?stp=dst-jpg_e35_tt6&_nc_cat=109&ig_cache_key=Mzk3NjAxNjAxODA0MzIzNjczOQ%3D%3D.3-ccb7-5&ccb=7-5&_nc_sid=58cdad&efg=eyJ2ZW5jb2RlX3RhZyI6IkNBUk9VU0VMX0lURU0ueHBpZHMuMTA4MC5zZHIucmVndWxhcl9waG90by5DMyJ9&_nc_ohc=bEKxbBy2AZwQ7kNvwHO8Sld&_nc_oc=AdpiWw3afCzauTgOnr7CZqo6RrjWO7xzvi9wQyJB7smgHhRnAUcnufRIyV2PS38CSm8&_nc_ad=z-m&_nc_cid=0&_nc_zt=23&_nc_ht=instagram.fper10-1.fna&_nc_gid=f_Ac6QzwHuXD4P1h-TVMjQ&_nc_ss=7a22e&oh=00_AQKcIGxVKzoKCZsljPzfJbsKz-cmAUsbz6pdsoYWkgRUuA&oe=6A9CA6D6,https://www.instagram.com/p/DctpboPFJpU/
Machadão Atacadista,Higiene / Cuidados Pessoais,Creme Dental Closeup 90g,4.99,01/09/2026,https://instagram.fpll8-2.fna.fbcdn.net/v/t39.30808-6/788717108_1363962009157090_7645430109379984108_n.jpg?stp=dst-jpg_e35_tt6&_nc_cat=110&_nc_map=urlgen_bucketless&ig_cache_key=Mzk3NjIxNDMzMjA1Njc3MzMzMA%3D%3D.3-ccb7-5&ccb=7-5&_nc_sid=58cdad&efg=eyJ2ZW5jb2RlX3RhZyI6IkNBUk9VU0VMX0lURU0ueHBpZHMuMTYzOC5zZHIucmVndWxhcl9waG90by5DMyJ9&_nc_ohc=nXwqXMc37ZkQ7kNvwGVtGCO&_nc_oc=Adp7sfzCL-HUqgN8ZdvBh4rs5GY5ekMPP5vmR5OBqPXil3Pgd9fgZExeFNnR9hplXn3EvPl2-4HEP6XcATezetTB&_nc_ad=z-m&_nc_cid=0&_nc_zt=23&_nc_ht=instagram.fpll8-2.fna&_nc_gid=-TX4tDFJTAdeRK5XHn8t2g&_nc_ss=7a22e&oh=00_AQLR5HcCVU9xXTpmdmaRsvdUl9qkP5z4W1uTaAIOWPzu5A&oe=6A9CA2D3,https://www.instagram.com/p/DcuWeMKD352/
Machadão Atacadista,Higiene / Cuidados Pessoais,Creme Dental Closeup Gel 90g,4.99,01/09/2026,https://instagram.fpll8-1.fna.fbcdn.net/v/t39.30808-6/788880664_1363962219157069_5966186908781895719_n.jpg?stp=dst-jpg_e35_tt6&_nc_cat=108&_nc_map=urlgen_bucketless&ig_cache_key=Mzk3NjIxNDMzMDk4MzA0NjUzNQ%3D%3D.3-ccb7-5&ccb=7-5&_nc_sid=58cdad&efg=eyJ2ZW5jb2RlX3RhZyI6IkNBUk9VU0VMX0lURU0ueHBpZHMuMTYzOC5zZHIucmVndWxhcl9waG90by5DMyJ9&_nc_ohc=72ND--9jcv0Q7kNvwF0do42&_nc_oc=AdokRmfQYpSec-2ucIKH9kkeydArBu8cMnaC6TebBY3z2_slG7lJHFk5WYLBT4SZMOrknVFv7HLZQgBv_NkX-P-r&_nc_ad=z-m&_nc_cid=0&_nc_zt=23&_nc_ht=instagram.fpll8-1.fna&_nc_gid=-TX4tDFJTAdeRK5XHn8t2g&_nc_ss=7a22e&oh=00_AQL22D_4fOEr93A62UmNnlDk4uo-vqACz7jfEudhOafeFA&oe=6A9CA88C,https://www.instagram.com/p/DcuWeMKD352/
Machadão Atacadista,Higiene / Cuidados Pessoais,Desodorante em Creme Herbíssimo 55g,6.29,01/09/2026,https://instagram.fpll8-2.fna.fbcdn.net/v/t39.30808-6/788717108_1363962009157090_7645430109379984108_n.jpg?stp=dst-jpg_e35_tt6&_nc_cat=110&_nc_map=urlgen_bucketless&ig_cache_key=Mzk3NjIxNDMzMjA1Njc3MzMzMA%3D%3D.3-ccb7-5&ccb=7-5&_nc_sid=58cdad&efg=eyJ2ZW5jb2RlX3RhZyI6IkNBUk9VU0VMX0lURU0ueHBpZHMuMTYzOC5zZHIucmVndWxhcl9waG90by5DMyJ9&_nc_ohc=nXwqXMc37ZkQ7kNvwGVtGCO&_nc_oc=Adp7sfzCL-HUqgN8ZdvBh4rs5GY5ekMPP5vmR5OBqPXil3Pgd9fgZExeFNnR9hplXn3EvPl2-4HEP6XcATezetTB&_nc_ad=z-m&_nc_cid=0&_nc_zt=23&_nc_ht=instagram.fpll8-2.fna&_nc_gid=-TX4tDFJTAdeRK5XHn8t2g&_nc_ss=7a22e&oh=00_AQLR5HcCVU9xXTpmdmaRsvdUl9qkP5z4W1uTaAIOWPzu5A&oe=6A9CA2D3,https://www.instagram.com/p/DcuWeMKD352/
Machadão Atacadista,Higiene / Cuidados Pessoais,Desodorante em Creme Herbíssimo 55g,6.29,01/09/2026,https://instagram.fpll8-1.fna.fbcdn.net/v/t39.30808-6/788880664_1363962219157069_5966186908781895719_n.jpg?stp=dst-jpg_e35_tt6&_nc_cat=108&_nc_map=urlgen_bucketless&ig_cache_key=Mzk3NjIxNDMzMDk4MzA0NjUzNQ%3D%3D.3-ccb7-5&ccb=7-5&_nc_sid=58cdad&efg=eyJ2ZW5jb2RlX3RhZyI6IkNBUk9VU0VMX0lURU0ueHBpZHMuMTYzOC5zZHIucmVndWxhcl9waG90by5DMyJ9&_nc_ohc=72ND--9jcv0Q7kNvwF0do42&_nc_oc=AdokRmfQYpSec-2ucIKH9kkeydArBu8cMnaC6TebBY3z2_slG7lJHFk5WYLBT4SZMOrknVFv7HLZQgBv_NkX-P-r&_nc_ad=z-m&_nc_cid=0&_nc_zt=23&_nc_ht=instagram.fpll8-1.fna&_nc_gid=-TX4tDFJTAdeRK5XHn8t2g&_nc_ss=7a22e&oh=00_AQL22D_4fOEr93A62UmNnlDk4uo-vqACz7jfEudhOafeFA&oe=6A9CA88C,https://www.instagram.com/p/DcuWeMKD352/
Bom Jesus Primavera do Leste 🛒,Higiene / Cuidados Pessoais,Shampoo Darling 350ml,6.99,31/08/2026,https://instagram.fper10-1.fna.fbcdn.net/v/t51.82787-15/790710770_18375397150237813_205032870738913895_n.jpg?stp=dst-jpg_e35_tt6&_nc_cat=109&ig_cache_key=Mzk3NjAxNjAxODA0MzIzNjczOQ%3D%3D.3-ccb7-5&ccb=7-5&_nc_sid=58cdad&efg=eyJ2ZW5jb2RlX3RhZyI6IkNBUk9VU0VMX0lURU0ueHBpZHMuMTA4MC5zZHIucmVndWxhcl9waG90by5DMyJ9&_nc_ohc=bEKxbBy2AZwQ7kNvwHO8Sld&_nc_oc=AdpiWw3afCzauTgOnr7CZqo6RrjWO7xzvi9wQyJB7smgHhRnAUcnufRIyV2PS38CSm8&_nc_ad=z-m&_nc_cid=0&_nc_zt=23&_nc_ht=instagram.fper10-1.fna&_nc_gid=f_Ac6QzwHuXD4P1h-TVMjQ&_nc_ss=7a22e&oh=00_AQKcIGxVKzoKCZsljPzfJbsKz-cmAUsbz6pdsoYWkgRUuA&oe=6A9CA6D6,https://www.instagram.com/p/DctpboPFJpU/
Supermercado São Pedro,Higiene / Cuidados Pessoais,Shampoo Darling 350ml,7.49,31/08/2026,https://scontent-ams2-1.cdninstagram.com/v/t39.30808-6/790341028_1508698111303305_6101754768913825516_n.jpg?stp=c0.0.1638.2048a_dst-jpg_e35_s1638x2048_tt6&_nc_cat=107&ig_cache_key=Mzk3NjE3NTA3NTg4NzQ4NDk5OQ%3D%3D.3-ccb7-5&ccb=7-5&_nc_sid=58cdad&efg=eyJ2ZW5jb2RlX3RhZyI6IkNBUk9VU0VMX0lURU0ueHBpZHMuMTYzOS5zZHIucmVndWxhcl9waG90by5DMyJ9&_nc_ohc=_1XwT5vLY4AQ7kNvwHKEz55&_nc_oc=Adqg5tBFfclFERhJFJbjOJm0oGg4YzR8WbUFIsLeQK-ahjCo0rYsScXgmbbDRpSjnk0&_nc_ad=z-m&_nc_cid=0&_nc_zt=23&_nc_ht=scontent-ams2-1.cdninstagram.com&_nc_gid=Xge3-AgsJ78GQKpYxVY_lQ&_nc_ss=7a22e&oh=00_AQKXL2-oKmbRxlKMZdJZpNxkSAGu6i1Z_8Eo2z4fJvzj_A&oe=6A9CA427,https://www.instagram.com/p/DcuNi7YiX2_/
Bom Jesus Primavera do Leste 🛒,Higiene / Cuidados Pessoais,Desodorante Aerosol Monange Ou Bozzano 150ml,8.99,31/08/2026,https://instagram.fper10-1.fna.fbcdn.net/v/t51.82787-15/788877619_18375397174237813_953017416961948990_n.jpg?stp=dst-jpg_e35_tt6&_nc_cat=109&ig_cache_key=Mzk3NjAxNjAxOTgyOTU0MTUxNA%3D%3D.3-ccb7-5&ccb=7-5&_nc_sid=58cdad&efg=eyJ2ZW5jb2RlX3RhZyI6IkNBUk9VU0VMX0lURU0ueHBpZHMuMTA4MC5zZHIucmVndWxhcl9waG90by5DMyJ9&_nc_ohc=N5VPEzPgA_YQ7kNvwHRJF1f&_nc_oc=Adq7-ko9rQHLeEUdsmTT2RZ-TBHUsB1f-dWVKJdtu-acW7oBlFOMP93pK6kEysB0q9Y&_nc_ad=z-m&_nc_cid=0&_nc_zt=23&_nc_ht=instagram.fper10-1.fna&_nc_gid=f_Ac6QzwHuXD4P1h-TVMjQ&_nc_ss=7a22e&oh=00_AQJyrxV3nBcd4tTD6GCT5L06M6Lj-1wDYzbMgzZfRCEfsg&oe=6A9C99FA,https://www.instagram.com/p/DctpboPFJpU/
Bom Jesus Primavera do Leste 🛒,Higiene / Cuidados Pessoais,Absorvente Intimus Leve 16 Pague 14,9.99,31/08/2026,https://instagram.fper10-1.fna.fbcdn.net/v/t51.82787-15/788877619_18375397174237813_953017416961948990_n.jpg?stp=dst-jpg_e35_tt6&_nc_cat=109&ig_cache_key=Mzk3NjAxNjAxOTgyOTU0MTUxNA%3D%3D.3-ccb7-5&ccb=7-5&_nc_sid=58cdad&efg=eyJ2ZW5jb2RlX3RhZyI6IkNBUk9VU0VMX0lURU0ueHBpZHMuMTA4MC5zZHIucmVndWxhcl9waG90by5DMyJ9&_nc_ohc=N5VPEzPgA_YQ7kNvwHRJF1f&_nc_oc=Adq7-ko9rQHLeEUdsmTT2RZ-TBHUsB1f-dWVKJdtu-acW7oBlFOMP93pK6kEysB0q9Y&_nc_ad=z-m&_nc_cid=0&_nc_zt=23&_nc_ht=instagram.fper10-1.fna&_nc_gid=f_Ac6QzwHuXD4P1h-TVMjQ&_nc_ss=7a22e&oh=00_AQJyrxV3nBcd4tTD6GCT5L06M6Lj-1wDYzbMgzZfRCEfsg&oe=6A9C99FA,https://www.instagram.com/p/DctpboPFJpU/
Supermercado São Pedro,Higiene / Cuidados Pessoais,Creme Dental Colgate 90g,11.99,31/08/2026,https://scontent-ams2-1.cdninstagram.com/v/t39.30808-6/790341028_1508698111303305_6101754768913825516_n.jpg?stp=c0.0.1638.2048a_dst-jpg_e35_s1638x2048_tt6&_nc_cat=107&ig_cache_key=Mzk3NjE3NTA3NTg4NzQ4NDk5OQ%3D%3D.3-ccb7-5&ccb=7-5&_nc_sid=58cdad&efg=eyJ2ZW5jb2RlX3RhZyI6IkNBUk9VU0VMX0lURU0ueHBpZHMuMTYzOS5zZHIucmVndWxhcl9waG90by5DMyJ9&_nc_ohc=_1XwT5vLY4AQ7kNvwHKEz55&_nc_oc=Adqg5tBFfclFERhJFJbjOJm0oGg4YzR8WbUFIsLeQK-ahjCo0rYsScXgmbbDRpSjnk0&_nc_ad=z-m&_nc_cid=0&_nc_zt=23&_nc_ht=scontent-ams2-1.cdninstagram.com&_nc_gid=Xge3-AgsJ78GQKpYxVY_lQ&_nc_ss=7a22e&oh=00_AQKXL2-oKmbRxlKMZdJZpNxkSAGu6i1Z_8Eo2z4fJvzj_A&oe=6A9CA427,https://www.instagram.com/p/DcuNi7YiX2_/
Supermercado São Pedro,Higiene / Cuidados Pessoais,Desodorante Aerossol Nivea 150ml,13.49,31/08/2026,https://scontent-ams2-1.cdninstagram.com/v/t39.30808-6/790341028_1508698111303305_6101754768913825516_n.jpg?stp=c0.0.1638.2048a_dst-jpg_e35_s1638x2048_tt6&_nc_cat=107&ig_cache_key=Mzk3NjE3NTA3NTg4NzQ4NDk5OQ%3D%3D.3-ccb7-5&ccb=7-5&_nc_sid=58cdad&efg=eyJ2ZW5jb2RlX3RhZyI6IkNBUk9VU0VMX0lURU0ueHBpZHMuMTYzOS5zZHIucmVndWxhcl9waG90by5DMyJ9&_nc_ohc=_1XwT5vLY4AQ7kNvwHKEz55&_nc_oc=Adqg5tBFfclFERhJFJbjOJm0oGg4YzR8WbUFIsLeQK-ahjCo0rYsScXgmbbDRpSjnk0&_nc_ad=z-m&_nc_cid=0&_nc_zt=23&_nc_ht=scontent-ams2-1.cdninstagram.com&_nc_gid=Xge3-AgsJ78GQKpYxVY_lQ&_nc_ss=7a22e&oh=00_AQKXL2-oKmbRxlKMZdJZpNxkSAGu6i1Z_8Eo2z4fJvzj_A&oe=6A9CA427,https://www.instagram.com/p/DcuNi7YiX2_/
Machadão Atacadista,Higiene / Cuidados Pessoais,Escova Dental Colgate Classic Clean 4un,15.99,01/09/2026,https://instagram.fpll8-2.fna.fbcdn.net/v/t39.30808-6/788717108_1363962009157090_7645430109379984108_n.jpg?stp=dst-jpg_e35_tt6&_nc_cat=110&_nc_map=urlgen_bucketless&ig_cache_key=Mzk3NjIxNDMzMjA1Njc3MzMzMA%3D%3D.3-ccb7-5&ccb=7-5&_nc_sid=58cdad&efg=eyJ2ZW5jb2RlX3RhZyI6IkNBUk9VU0VMX0lURU0ueHBpZHMuMTYzOC5zZHIucmVndWxhcl9waG90by5DMyJ9&_nc_ohc=nXwqXMc37ZkQ7kNvwGVtGCO&_nc_oc=Adp7sfzCL-HUqgN8ZdvBh4rs5GY5ekMPP5vmR5OBqPXil3Pgd9fgZExeFNnR9hplXn3EvPl2-4HEP6XcATezetTB&_nc_ad=z-m&_nc_cid=0&_nc_zt=23&_nc_ht=instagram.fpll8-2.fna&_nc_gid=-TX4tDFJTAdeRK5XHn8t2g&_nc_ss=7a22e&oh=00_AQLR5HcCVU9xXTpmdmaRsvdUl9qkP5z4W1uTaAIOWPzu5A&oe=6A9CA2D3,https://www.instagram.com/p/DcuWeMKD352/
Machadão Atacadista,Higiene / Cuidados Pessoais,Desodorante Rexona Aerossol 200ml,15.99,01/09/2026,https://instagram.fpll8-2.fna.fbcdn.net/v/t39.30808-6/788717108_1363962009157090_7645430109379984108_n.jpg?stp=dst-jpg_e35_tt6&_nc_cat=110&_nc_map=urlgen_bucketless&ig_cache_key=Mzk3NjIxNDMzMjA1Njc3MzMzMA%3D%3D.3-ccb7-5&ccb=7-5&_nc_sid=58cdad&efg=eyJ2ZW5jb2RlX3RhZyI6IkNBUk9VU0VMX0lURU0ueHBpZHMuMTYzOC5zZHIucmVndWxhcl9waG90by5DMyJ9&_nc_ohc=nXwqXMc37ZkQ7kNvwGVtGCO&_nc_oc=Adp7sfzCL-HUqgN8ZdvBh4rs5GY5ekMPP5vmR5OBqPXil3Pgd9fgZExeFNnR9hplXn3EvPl2-4HEP6XcATezetTB&_nc_ad=z-m&_nc_cid=0&_nc_zt=23&_nc_ht=instagram.fpll8-2.fna&_nc_gid=-TX4tDFJTAdeRK5XHn8t2g&_nc_ss=7a22e&oh=00_AQLR5HcCVU9xXTpmdmaRsvdUl9qkP5z4W1uTaAIOWPzu5A&oe=6A9CA2D3,https://www.instagram.com/p/DcuWeMKD352/
Machadão Atacadista,Higiene / Cuidados Pessoais,Escova Dental Colgate Classic Clean 4un,15.99,01/09/2026,https://instagram.fpll8-1.fna.fbcdn.net/v/t39.30808-6/788880664_1363962219157069_5966186908781895719_n.jpg?stp=dst-jpg_e35_tt6&_nc_cat=108&_nc_map=urlgen_bucketless&ig_cache_key=Mzk3NjIxNDMzMDk4MzA0NjUzNQ%3D%3D.3-ccb7-5&ccb=7-5&_nc_sid=58cdad&efg=eyJ2ZW5jb2RlX3RhZyI6IkNBUk9VU0VMX0lURU0ueHBpZHMuMTYzOC5zZHIucmVndWxhcl9waG90by5DMyJ9&_nc_ohc=72ND--9jcv0Q7kNvwF0do42&_nc_oc=AdokRmfQYpSec-2ucIKH9kkeydArBu8cMnaC6TebBY3z2_slG7lJHFk5WYLBT4SZMOrknVFv7HLZQgBv_NkX-P-r&_nc_ad=z-m&_nc_cid=0&_nc_zt=23&_nc_ht=instagram.fpll8-1.fna&_nc_gid=-TX4tDFJTAdeRK5XHn8t2g&_nc_ss=7a22e&oh=00_AQL22D_4fOEr93A62UmNnlDk4uo-vqACz7jfEudhOafeFA&oe=6A9CA88C,https://www.instagram.com/p/DcuWeMKD352/
Machadão Atacadista,Higiene / Cuidados Pessoais,Desodorante Aerosol Rexona 200ml,15.99,01/09/2026,https://instagram.fpll8-1.fna.fbcdn.net/v/t39.30808-6/788880664_1363962219157069_5966186908781895719_n.jpg?stp=dst-jpg_e35_tt6&_nc_cat=108&_nc_map=urlgen_bucketless&ig_cache_key=Mzk3NjIxNDMzMDk4MzA0NjUzNQ%3D%3D.3-ccb7-5&ccb=7-5&_nc_sid=58cdad&efg=eyJ2ZW5jb2RlX3RhZyI6IkNBUk9VU0VMX0lURU0ueHBpZHMuMTYzOC5zZHIucmVndWxhcl9waG90by5DMyJ9&_nc_ohc=72ND--9jcv0Q7kNvwF0do42&_nc_oc=AdokRmfQYpSec-2ucIKH9kkeydArBu8cMnaC6TebBY3z2_slG7lJHFk5WYLBT4SZMOrknVFv7HLZQgBv_NkX-P-r&_nc_ad=z-m&_nc_cid=0&_nc_zt=23&_nc_ht=instagram.fpll8-1.fna&_nc_gid=-TX4tDFJTAdeRK5XHn8t2g&_nc_ss=7a22e&oh=00_AQL22D_4fOEr93A62UmNnlDk4uo-vqACz7jfEudhOafeFA&oe=6A9CA88C,https://www.instagram.com/p/DcuWeMKD352/
Machadão Atacadista,Higiene / Cuidados Pessoais,Absorvente Mili Dia e Noite 32un,16.99,01/09/2026,https://instagram.fpll8-2.fna.fbcdn.net/v/t39.30808-6/788717108_1363962009157090_7645430109379984108_n.jpg?stp=dst-jpg_e35_tt6&_nc_cat=110&_nc_map=urlgen_bucketless&ig_cache_key=Mzk3NjIxNDMzMjA1Njc3MzMzMA%3D%3D.3-ccb7-5&ccb=7-5&_nc_sid=58cdad&efg=eyJ2ZW5jb2RlX3RhZyI6IkNBUk9VU0VMX0lURU0ueHBpZHMuMTYzOC5zZHIucmVndWxhcl9waG90by5DMyJ9&_nc_ohc=nXwqXMc37ZkQ7kNvwGVtGCO&_nc_oc=Adp7sfzCL-HUqgN8ZdvBh4rs5GY5ekMPP5vmR5OBqPXil3Pgd9fgZExeFNnR9hplXn3EvPl2-4HEP6XcATezetTB&_nc_ad=z-m&_nc_cid=0&_nc_zt=23&_nc_ht=instagram.fpll8-2.fna&_nc_gid=-TX4tDFJTAdeRK5XHn8t2g&_nc_ss=7a22e&oh=00_AQLR5HcCVU9xXTpmdmaRsvdUl9qkP5z4W1uTaAIOWPzu5A&oe=6A9CA2D3,https://www.instagram.com/p/DcuWeMKD352/
Machadão Atacadista,Higiene / Cuidados Pessoais,Absorvente Mili Dia e Noite 32un,16.99,01/09/2026,https://instagram.fpll8-1.fna.fbcdn.net/v/t39.30808-6/788880664_1363962219157069_5966186908781895719_n.jpg?stp=dst-jpg_e35_tt6&_nc_cat=108&_nc_map=urlgen_bucketless&ig_cache_key=Mzk3NjIxNDMzMDk4MzA0NjUzNQ%3D%3D.3-ccb7-5&ccb=7-5&_nc_sid=58cdad&efg=eyJ2ZW5jb2RlX3RhZyI6IkNBUk9VU0VMX0lURU0ueHBpZHMuMTYzOC5zZHIucmVndWxhcl9waG90by5DMyJ9&_nc_ohc=72ND--9jcv0Q7kNvwF0do42&_nc_oc=AdokRmfQYpSec-2ucIKH9kkeydArBu8cMnaC6TebBY3z2_slG7lJHFk5WYLBT4SZMOrknVFv7HLZQgBv_NkX-P-r&_nc_ad=z-m&_nc_cid=0&_nc_zt=23&_nc_ht=instagram.fpll8-1.fna&_nc_gid=-TX4tDFJTAdeRK5XHn8t2g&_nc_ss=7a22e&oh=00_AQL22D_4fOEr93A62UmNnlDk4uo-vqACz7jfEudhOafeFA&oe=6A9CA88C,https://www.instagram.com/p/DcuWeMKD352/
Bom Jesus Primavera do Leste 🛒,Higiene / Cuidados Pessoais,Kit Shampoo Elseve 370ml e Condicionador 175ml,24.99,31/08/2026,https://instagram.fper10-1.fna.fbcdn.net/v/t51.82787-15/790710770_18375397150237813_205032870738913895_n.jpg?stp=dst-jpg_e35_tt6&_nc_cat=109&ig_cache_key=Mzk3NjAxNjAxODA0MzIzNjczOQ%3D%3D.3-ccb7-5&ccb=7-5&_nc_sid=58cdad&efg=eyJ2ZW5jb2RlX3RhZyI6IkNBUk9VU0VMX0lURU0ueHBpZHMuMTA4MC5zZHIucmVndWxhcl9waG90by5DMyJ9&_nc_ohc=bEKxbBy2AZwQ7kNvwHO8Sld&_nc_oc=AdpiWw3afCzauTgOnr7CZqo6RrjWO7xzvi9wQyJB7smgHhRnAUcnufRIyV2PS38CSm8&_nc_ad=z-m&_nc_cid=0&_nc_zt=23&_nc_ht=instagram.fper10-1.fna&_nc_gid=f_Ac6QzwHuXD4P1h-TVMjQ&_nc_ss=7a22e&oh=00_AQKcIGxVKzoKCZsljPzfJbsKz-cmAUsbz6pdsoYWkgRUuA&oe=6A9CA6D6,https://www.instagram.com/p/DctpboPFJpU/
Bom Jesus Primavera do Leste 🛒,Higiene / Cuidados Pessoais,Kit Shampoo Elseve 375ml + Condicionador 175ml,27.99,28/08/2026,https://instagram.fagu3-1.fna.fbcdn.net/v/t51.82787-15/788860531_18374942995237813_624644092953609674_n.jpg?stp=dst-jpg_e35_tt6&_nc_cat=106&ig_cache_key=Mzk3Mzk3Nzc4MjEzMTM5MTcwNQ%3D%3D.3-ccb7-5&ccb=7-5&_nc_sid=58cdad&efg=eyJ2ZW5jb2RlX3RhZyI6IkNBUk9VU0VMX0lURU0ueHBpZHMuMTA4MC5zZHIucmVndWxhcl9waG90by5DMyJ9&_nc_ohc=mOHmscgEnGsQ7kNvwG0PQUn&_nc_oc=AdrnTvsOFFkNfnHfY75s1obDc4syPIbh38dwbw0-nRxvMcu5mBgdahDwtxkyaB2nM6O9DyZF_Ce2RoL-nnEYXLth&_nc_ad=z-m&_nc_cid=0&_nc_zt=23&_nc_ht=instagram.fagu3-1.fna&_nc_gid=ub-F7Ju1QestHX_RMmDV3g&_nc_ss=7a22e&oh=00_AQLUCXvuPQW3Nq0qTBAt7t_Gwg-0uCGi7p0Nzj_WftC11w&oe=6A9CB28B,https://www.instagram.com/p/DcmZ8cDD400/
Bom Jesus Primavera do Leste 🛒,Higiene / Cuidados Pessoais,Fralda Huggies Tripla Proteção Mega,34.99,31/08/2026,https://instagram.fper10-1.fna.fbcdn.net/v/t51.82787-15/790710770_18375397150237813_205032870738913895_n.jpg?stp=dst-jpg_e35_tt6&_nc_cat=109&ig_cache_key=Mzk3NjAxNjAxODA0MzIzNjczOQ%3D%3D.3-ccb7-5&ccb=7-5&_nc_sid=58cdad&efg=eyJ2ZW5jb2RlX3RhZyI6IkNBUk9VU0VMX0lURU0ueHBpZHMuMTA4MC5zZHIucmVndWxhcl9waG90by5DMyJ9&_nc_ohc=bEKxbBy2AZwQ7kNvwHO8Sld&_nc_oc=AdpiWw3afCzauTgOnr7CZqo6RrjWO7xzvi9wQyJB7smgHhRnAUcnufRIyV2PS38CSm8&_nc_ad=z-m&_nc_cid=0&_nc_zt=23&_nc_ht=instagram.fper10-1.fna&_nc_gid=f_Ac6QzwHuXD4P1h-TVMjQ&_nc_ss=7a22e&oh=00_AQKcIGxVKzoKCZsljPzfJbsKz-cmAUsbz6pdsoYWkgRUuA&oe=6A9CA6D6,https://www.instagram.com/p/DctpboPFJpU/
Bom Jesus Primavera do Leste 🛒,Higiene / Cuidados Pessoais,Fralda Huggies Tripla Proteção Mega,36.99,28/08/2026,https://instagram.fagu3-1.fna.fbcdn.net/v/t51.82787-15/788860531_18374942995237813_624644092953609674_n.jpg?stp=dst-jpg_e35_tt6&_nc_cat=106&ig_cache_key=Mzk3Mzk3Nzc4MjEzMTM5MTcwNQ%3D%3D.3-ccb7-5&ccb=7-5&_nc_sid=58cdad&efg=eyJ2ZW5jb2RlX3RhZyI6IkNBUk9VU0VMX0lURU0ueHBpZHMuMTA4MC5zZHIucmVndWxhcl9waG90by5DMyJ9&_nc_ohc=mOHmscgEnGsQ7kNvwG0PQUn&_nc_oc=AdrnTvsOFFkNfnHfY75s1obDc4syPIbh38dwbw0-nRxvMcu5mBgdahDwtxkyaB2nM6O9DyZF_Ce2RoL-nnEYXLth&_nc_ad=z-m&_nc_cid=0&_nc_zt=23&_nc_ht=instagram.fagu3-1.fna&_nc_gid=ub-F7Ju1QestHX_RMmDV3g&_nc_ss=7a22e&oh=00_AQLUCXvuPQW3Nq0qTBAt7t_Gwg-0uCGi7p0Nzj_WftC11w&oe=6A9CB28B,https://www.instagram.com/p/DcmZ8cDD400/
Machadão Atacadista,Higiene / Cuidados Pessoais,Fralda Descartável Huggies Supreme Mega,52.99,01/09/2026,https://instagram.fpll8-2.fna.fbcdn.net/v/t39.30808-6/788717108_1363962009157090_7645430109379984108_n.jpg?stp=dst-jpg_e35_tt6&_nc_cat=110&_nc_map=urlgen_bucketless&ig_cache_key=Mzk3NjIxNDMzMjA1Njc3MzMzMA%3D%3D.3-ccb7-5&ccb=7-5&_nc_sid=58cdad&efg=eyJ2ZW5jb2RlX3RhZyI6IkNBUk9VU0VMX0lURU0ueHBpZHMuMTYzOC5zZHIucmVndWxhcl9waG90by5DMyJ9&_nc_ohc=nXwqXMc37ZkQ7kNvwGVtGCO&_nc_oc=Adp7sfzCL-HUqgN8ZdvBh4rs5GY5ekMPP5vmR5OBqPXil3Pgd9fgZExeFNnR9hplXn3EvPl2-4HEP6XcATezetTB&_nc_ad=z-m&_nc_cid=0&_nc_zt=23&_nc_ht=instagram.fpll8-2.fna&_nc_gid=-TX4tDFJTAdeRK5XHn8t2g&_nc_ss=7a22e&oh=00_AQLR5HcCVU9xXTpmdmaRsvdUl9qkP5z4W1uTaAIOWPzu5A&oe=6A9CA2D3,https://www.instagram.com/p/DcuWeMKD352/
Machadão Atacadista,Higiene / Cuidados Pessoais,Fralda Descartável Huggies Supreme Mega,52.99,01/09/2026,https://instagram.fpll8-1.fna.fbcdn.net/v/t39.30808-6/788880664_1363962219157069_5966186908781895719_n.jpg?stp=dst-jpg_e35_tt6&_nc_cat=108&_nc_map=urlgen_bucketless&ig_cache_key=Mzk3NjIxNDMzMDk4MzA0NjUzNQ%3D%3D.3-ccb7-5&ccb=7-5&_nc_sid=58cdad&efg=eyJ2ZW5jb2RlX3RhZyI6IkNBUk9VU0VMX0lURU0ueHBpZHMuMTYzOC5zZHIucmVndWxhcl9waG90by5DMyJ9&_nc_ohc=72ND--9jcv0Q7kNvwF0do42&_nc_oc=AdokRmfQYpSec-2ucIKH9kkeydArBu8cMnaC6TebBY3z2_slG7lJHFk5WYLBT4SZMOrknVFv7HLZQgBv_NkX-P-r&_nc_ad=z-m&_nc_cid=0&_nc_zt=23&_nc_ht=instagram.fpll8-1.fna&_nc_gid=-TX4tDFJTAdeRK5XHn8t2g&_nc_ss=7a22e&oh=00_AQL22D_4fOEr93A62UmNnlDk4uo-vqACz7jfEudhOafeFA&oe=6A9CA88C,https://www.instagram.com/p/DcuWeMKD352/
Supermercado São Pedro,Higiene / Papelaria,Papel Higiênico Mili Folha Dupla 12 Rolos,16.99,31/08/2026,https://scontent-ams2-1.cdninstagram.com/v/t39.30808-6/790651262_1508698107969972_5998080027560533600_n.jpg?stp=c0.0.1638.2048a_dst-jpg_e35_s1638x2048_tt6&_nc_cat=100&ig_cache_key=Mzk3NjE3NTA3NTkzNzgyODUwNQ%3D%3D.3-ccb7-5&ccb=7-5&_nc_sid=58cdad&efg=eyJ2ZW5jb2RlX3RhZyI6IkNBUk9VU0VMX0lURU0ueHBpZHMuMTYzOS5zZHIucmVndWxhcl9waG90by5DMyJ9&_nc_ohc=26iGgEP8IggQ7kNvwFi3myb&_nc_oc=AdpFahHbRQ4ATBgLiBsv1yqm2KpYrJO7OeVAESWood1qaoyXygmJTerG7hds6O7FpeY&_nc_ad=z-m&_nc_cid=0&_nc_zt=23&_nc_ht=scontent-ams2-1.cdninstagram.com&_nc_gid=Xge3-AgsJ78GQKpYxVY_lQ&_nc_ss=7a22e&oh=00_AQJ4Jf8Stxw3-ypban37smuLiMaJKt50CRqjhY5F4xChGA&oe=6A9CC889,https://www.instagram.com/p/DcuNi7YiX2_/
Machadão Atacadista,Higiene / Papelaria,Papel Higiênico Mili Folha Tripla 12un,16.99,01/09/2026,https://instagram.fpll8-2.fna.fbcdn.net/v/t39.30808-6/788717108_1363962009157090_7645430109379984108_n.jpg?stp=dst-jpg_e35_tt6&_nc_cat=110&_nc_map=urlgen_bucketless&ig_cache_key=Mzk3NjIxNDMzMjA1Njc3MzMzMA%3D%3D.3-ccb7-5&ccb=7-5&_nc_sid=58cdad&efg=eyJ2ZW5jb2RlX3RhZyI6IkNBUk9VU0VMX0lURU0ueHBpZHMuMTYzOC5zZHIucmVndWxhcl9waG90by5DMyJ9&_nc_ohc=nXwqXMc37ZkQ7kNvwGVtGCO&_nc_oc=Adp7sfzCL-HUqgN8ZdvBh4rs5GY5ekMPP5vmR5OBqPXil3Pgd9fgZExeFNnR9hplXn3EvPl2-4HEP6XcATezetTB&_nc_ad=z-m&_nc_cid=0&_nc_zt=23&_nc_ht=instagram.fpll8-2.fna&_nc_gid=-TX4tDFJTAdeRK5XHn8t2g&_nc_ss=7a22e&oh=00_AQLR5HcCVU9xXTpmdmaRsvdUl9qkP5z4W1uTaAIOWPzu5A&oe=6A9CA2D3,https://www.instagram.com/p/DcuWeMKD352/
Machadão Atacadista,Higiene / Papelaria,Papel Higiênico Mili Folha Tripla 12un,16.99,01/09/2026,https://instagram.fpll8-1.fna.fbcdn.net/v/t39.30808-6/788880664_1363962219157069_5966186908781895719_n.jpg?stp=dst-jpg_e35_tt6&_nc_cat=108&_nc_map=urlgen_bucketless&ig_cache_key=Mzk3NjIxNDMzMDk4MzA0NjUzNQ%3D%3D.3-ccb7-5&ccb=7-5&_nc_sid=58cdad&efg=eyJ2ZW5jb2RlX3RhZyI6IkNBUk9VU0VMX0lURU0ueHBpZHMuMTYzOC5zZHIucmVndWxhcl9waG90by5DMyJ9&_nc_ohc=72ND--9jcv0Q7kNvwF0do42&_nc_oc=AdokRmfQYpSec-2ucIKH9kkeydArBu8cMnaC6TebBY3z2_slG7lJHFk5WYLBT4SZMOrknVFv7HLZQgBv_NkX-P-r&_nc_ad=z-m&_nc_cid=0&_nc_zt=23&_nc_ht=instagram.fpll8-1.fna&_nc_gid=-TX4tDFJTAdeRK5XHn8t2g&_nc_ss=7a22e&oh=00_AQL22D_4fOEr93A62UmNnlDk4uo-vqACz7jfEudhOafeFA&oe=6A9CA88C,https://www.instagram.com/p/DcuWeMKD352/
Supermercado Tuiuiú,Hortifruti / Ovos,Laranja kg,1.99,01/09/2026,https://scontent-mxp1-1.cdninstagram.com/v/t51.82787-15/789667226_18583192900067900_6097504742774463082_n.jpg?stp=dst-jpg_e35_tt6&_nc_cat=106&ig_cache_key=Mzk3NjUzMTU4NDEzNTc5MjY4Nw%3D%3D.3-ccb7-5&ccb=7-5&_nc_sid=58cdad&efg=eyJ2ZW5jb2RlX3RhZyI6IkNBUk9VU0VMX0lURU0ueHBpZHMuMTA4MC5zZHIucmVndWxhcl9waG90by5DMyJ9&_nc_ohc=G0RtKYwckdoQ7kNvwEtrYDW&_nc_oc=AdpJ5mihBoc6wmq5TyfJ7-AdraZYhfe56Du_nWTpfSQxd4b5McG_ZmnJkHV0079DpoA&_nc_ad=z-m&_nc_cid=0&_nc_zt=23&_nc_ht=scontent-mxp1-1.cdninstagram.com&_nc_gid=n47BvRMT9yrgjou27QmK5w&_nc_ss=7a22e&oh=00_AQLBKe5r7X_q-ArRpo6nfafdLN7SwJTdGXcrSJR9VOXkig&oe=6A9CBBDA,https://www.instagram.com/p/Dcvem7jDB5G/
Supermercado Tuiuiú,Hortifruti / Ovos,Melancia kg,2.29,01/09/2026,https://scontent-mxp1-1.cdninstagram.com/v/t51.82787-15/789667226_18583192900067900_6097504742774463082_n.jpg?stp=dst-jpg_e35_tt6&_nc_cat=106&ig_cache_key=Mzk3NjUzMTU4NDEzNTc5MjY4Nw%3D%3D.3-ccb7-5&ccb=7-5&_nc_sid=58cdad&efg=eyJ2ZW5jb2RlX3RhZyI6IkNBUk9VU0VMX0lURU0ueHBpZHMuMTA4MC5zZHIucmVndWxhcl9waG90by5DMyJ9&_nc_ohc=G0RtKYwckdoQ7kNvwEtrYDW&_nc_oc=AdpJ5mihBoc6wmq5TyfJ7-AdraZYhfe56Du_nWTpfSQxd4b5McG_ZmnJkHV0079DpoA&_nc_ad=z-m&_nc_cid=0&_nc_zt=23&_nc_ht=scontent-mxp1-1.cdninstagram.com&_nc_gid=n47BvRMT9yrgjou27QmK5w&_nc_ss=7a22e&oh=00_AQLBKe5r7X_q-ArRpo6nfafdLN7SwJTdGXcrSJR9VOXkig&oe=6A9CBBDA,https://www.instagram.com/p/Dcvem7jDB5G/
Bom Jesus Primavera do Leste 🛒,Hortifruti / Ovos,Alho Nacional 100g,2.49,31/08/2026,https://scontent-cdg6-1.cdninstagram.com/v/t51.82787-15/789959440_18375342295237813_1330432405373791908_n.jpg?stp=dst-jpg_e35_tt6&_nc_cat=106&ig_cache_key=Mzk3NTgyNzIxNzYyMjY1MTcwMQ%3D%3D.3-ccb7-5&ccb=7-5&_nc_sid=58cdad&efg=eyJ2ZW5jb2RlX3RhZyI6IkNBUk9VU0VMX0lURU0ueHBpZHMuMTA4MC5zZHIucmVndWxhcl9waG90by5DMyJ9&_nc_ohc=jvVGAyriU-QQ7kNvwEAnWqg&_nc_oc=Adqo57eCLcisXYCi0DySspnQLiiRWVefKrKVwZXsjmTQJxNjd7vWExwpyZG4ROUHuY2vUhwt86vhBTVBxwyN7pMM&_nc_ad=z-m&_nc_cid=0&_nc_zt=23&_nc_ht=scontent-cdg6-1.cdninstagram.com&_nc_gid=Pdh95l9V6cMlrK8l5N8A2g&_nc_ss=7a22e&oh=00_AQKoE1wLamQ1nZC7HsoxTeYyJ6w4wrS6uMxH-Uxj8IlUxA&oe=6A9CC61F,https://www.instagram.com/p/Dcs-drSFpzk/
Supermercado São Pedro,Hortifruti / Ovos,Laranja un,2.89,30/08/2026,https://instagram.fgig19-1.fna.fbcdn.net/v/t39.30808-6/785363261_1506829171490199_3564182439088120420_n.jpg?stp=dst-jpg_e35_tt6&_nc_cat=103&ig_cache_key=Mzk3NTM5MTQwMjA4NzE3ODI1NA%3D%3D.3-ccb7-5&ccb=7-5&_nc_sid=58cdad&efg=eyJ2ZW5jb2RlX3RhZyI6IkZFRUQueHBpZHMuMTYzOS5zZHIucmVndWxhcl9waG90by5DMyJ9&_nc_ohc=fLo7cmtpSBUQ7kNvwF7Sdf8&_nc_oc=AdpMIZItCtIolLDvtR_AoeiXqWK8G9_QQrfAzmz1oKur6xf4GdLwI7weFGuMH-KIimo&_nc_ad=z-m&_nc_cid=0&_nc_zt=23&_nc_ht=instagram.fgig19-1.fna&_nc_gid=-OQakASSBm6mU9OOKmQ_zQ&_nc_ss=7a22e&oh=00_AQIqcY16WrK9yer5y-JOvEs-a4fmDN9k-b-iz8Z_CFtmXw&oe=6A9CB03F,https://www.instagram.com/p/DcrbWrsjGAO/
Super Compras Supermercado,Hortifruti / Ovos,Laranja kg,2.89,31/08/2026,https://instagram.fccm4-1.fna.fbcdn.net/v/t51.82787-15/790058600_18193115956391764_8827572755741076576_n.jpg?stp=dst-jpg_e35_tt6&_nc_cat=104&ig_cache_key=Mzk3NTQ2MjIwNjUyNzY2NTkwOQ%3D%3D.3-ccb7-5&ccb=7-5&_nc_sid=58cdad&efg=eyJ2ZW5jb2RlX3RhZyI6IkNBUk9VU0VMX0lURU0ueHBpZHMuMTQ0MC5zZHIucmVndWxhcl9waG90by5DMyJ9&_nc_ohc=lYb2blGkLh4Q7kNvwErRgtU&_nc_oc=AdoEONC1y7eFVI7hT32UOltFM9xEQLy-Yn1QHtItYkIJ_8cd1x2rPUvDKzfW3e8RQcU&_nc_ad=z-m&_nc_cid=0&_nc_zt=23&_nc_ht=instagram.fccm4-1.fna&_nc_gid=FneyDljf1jsbRdbE-7Sb-g&_nc_ss=7a22e&oh=00_AQJQQP8phYIWUXtEdBKVa2zU9ScP8kToE1FU8U70jzTxeA&oe=6A9CBBF6,https://www.instagram.com/p/DcrreFFEorJ/
Super Compras Supermercado,Hortifruti / Ovos,Melancia kg,2.99,31/08/2026,https://instagram.fccm4-1.fna.fbcdn.net/v/t51.82787-15/790058600_18193115956391764_8827572755741076576_n.jpg?stp=dst-jpg_e35_tt6&_nc_cat=104&ig_cache_key=Mzk3NTQ2MjIwNjUyNzY2NTkwOQ%3D%3D.3-ccb7-5&ccb=7-5&_nc_sid=58cdad&efg=eyJ2ZW5jb2RlX3RhZyI6IkNBUk9VU0VMX0lURU0ueHBpZHMuMTQ0MC5zZHIucmVndWxhcl9waG90by5DMyJ9&_nc_ohc=lYb2blGkLh4Q7kNvwErRgtU&_nc_oc=AdoEONC1y7eFVI7hT32UOltFM9xEQLy-Yn1QHtItYkIJ_8cd1x2rPUvDKzfW3e8RQcU&_nc_ad=z-m&_nc_cid=0&_nc_zt=23&_nc_ht=instagram.fccm4-1.fna&_nc_gid=FneyDljf1jsbRdbE-7Sb-g&_nc_ss=7a22e&oh=00_AQJQQP8phYIWUXtEdBKVa2zU9ScP8kToE1FU8U70jzTxeA&oe=6A9CBBF6,https://www.instagram.com/p/DcrreFFEorJ/
Bom Jesus Primavera do Leste 🛒,Hortifruti / Ovos,Laranja Nacional kg,2.99,31/08/2026,https://scontent-cdg6-1.cdninstagram.com/v/t51.82787-15/790113394_18375342289237813_7246427130316640513_n.jpg?stp=dst-jpg_e35_tt6&_nc_cat=106&ig_cache_key=Mzk3NTgyNzIxNzI3MDIwNjY3Mg%3D%3D.3-ccb7-5&ccb=7-5&_nc_sid=58cdad&efg=eyJ2ZW5jb2RlX3RhZyI6IkNBUk9VU0VMX0lURU0ueHBpZHMuMTA4MC5zZHIucmVndWxhcl9waG90by5DMyJ9&_nc_ohc=S_BEWTxSEHYQ7kNvwE5N7r4&_nc_oc=Ado2w8lXMsiNQnI0DUCprVI0IcCqiAWB6PQCdCwk195f7V7lD8pQ7Xv8JPGh1ErP2efJ5I7iX787zTaZC_Wwhnww&_nc_ad=z-m&_nc_cid=0&_nc_zt=23&_nc_ht=scontent-cdg6-1.cdninstagram.com&_nc_gid=Pdh95l9V6cMlrK8l5N8A2g&_nc_ss=7a22e&oh=00_AQKa_e9B2fcouHSk9yjG9ed0KeAUyr4N1VIAkRp73gGizw&oe=6A9CB9CF,https://www.instagram.com/p/Dcs-drSFpzk/
Supermercado Tuiuiú,Hortifruti / Ovos,Batata Doce kg,3.19,01/09/2026,https://scontent-mxp2-1.cdninstagram.com/v/t51.82787-15/788641009_18583192810067900_64976442278323975_n.jpg?stp=dst-jpg_e35_tt6&_nc_cat=104&ig_cache_key=Mzk3NjUzMTUyOTk5NjUzNDU5OA%3D%3D.3-ccb7-5&ccb=7-5&_nc_sid=58cdad&efg=eyJ2ZW5jb2RlX3RhZyI6IkNBUk9VU0VMX0lURU0ueHBpZHMuMTA4MC5zZHIucmVndWxhcl9waG90by5DMyJ9&_nc_ohc=rT7tCsNjR3EQ7kNvwEVwMPb&_nc_oc=AdrjOqXtp5tz5Shnvv5HsDp9Ww66wMeAoqFwdKaNtCRDEGAsD81ezTBfoYnviNx2554&_nc_ad=z-m&_nc_cid=0&_nc_zt=23&_nc_ht=scontent-mxp2-1.cdninstagram.com&_nc_gid=n47BvRMT9yrgjou27QmK5w&_nc_ss=7a22e&oh=00_AQJPWDA-MVMR9CjPpba8JJq_scBlmCYhgd7HHZkpJj_lqg&oe=6A9CC2D4,https://www.instagram.com/p/Dcvem7jDB5G/
Supermercado Tuiuiú,Hortifruti / Ovos,Banana Nanica kg,3.49,01/09/2026,https://scontent-mxp2-1.cdninstagram.com/v/t51.82787-15/790268612_18583192837067900_6717221135567122469_n.jpg?stp=dst-jpg_e35_tt6&_nc_cat=110&ig_cache_key=Mzk3NjUzMTU1ODU1MDU3MTI1Mw%3D%3D.3-ccb7-5&ccb=7-5&_nc_sid=58cdad&efg=eyJ2ZW5jb2RlX3RhZyI6IkNBUk9VU0VMX0lURU0ueHBpZHMuMTA4MC5zZHIucmVndWxhcl9waG90by5DMiJ9&_nc_ohc=6dsUA1tXRiwQ7kNvwGN_EDV&_nc_oc=AdoDCAKaeHPa9nTX-h5Z4_xtvvZa_eLMnfTJ4VX6zkgw4pcOP5LJ48VMvQ-MQYvyXB0&_nc_ad=z-m&_nc_cid=0&_nc_zt=23&_nc_ht=scontent-mxp2-1.cdninstagram.com&_nc_gid=n47BvRMT9yrgjou27QmK5w&_nc_ss=7a22e&oh=00_AQL3bKQFotJXpR2Y6vqFMdXAmfpAdu2GHryPPNMK_Bf0NQ&oe=6A9CA4B6,https://www.instagram.com/p/Dcvem7jDB5G/
Supermercado São Pedro,Hortifruti / Ovos,Banana Nanica kg,3.79,30/08/2026,https://instagram.fgig19-1.fna.fbcdn.net/v/t39.30808-6/785363261_1506829171490199_3564182439088120420_n.jpg?stp=dst-jpg_e35_tt6&_nc_cat=103&ig_cache_key=Mzk3NTM5MTQwMjA4NzE3ODI1NA%3D%3D.3-ccb7-5&ccb=7-5&_nc_sid=58cdad&efg=eyJ2ZW5jb2RlX3RhZyI6IkZFRUQueHBpZHMuMTYzOS5zZHIucmVndWxhcl9waG90by5DMyJ9&_nc_ohc=fLo7cmtpSBUQ7kNvwF7Sdf8&_nc_oc=AdpMIZItCtIolLDvtR_AoeiXqWK8G9_QQrfAzmz1oKur6xf4GdLwI7weFGuMH-KIimo&_nc_ad=z-m&_nc_cid=0&_nc_zt=23&_nc_ht=instagram.fgig19-1.fna&_nc_gid=-OQakASSBm6mU9OOKmQ_zQ&_nc_ss=7a22e&oh=00_AQIqcY16WrK9yer5y-JOvEs-a4fmDN9k-b-iz8Z_CFtmXw&oe=6A9CB03F,https://www.instagram.com/p/DcrbWrsjGAO/
Supermercado Tuiuiú,Hortifruti / Ovos,Batata kg,3.89,01/09/2026,https://scontent-mxp2-1.cdninstagram.com/v/t51.82787-15/788641009_18583192810067900_64976442278323975_n.jpg?stp=dst-jpg_e35_tt6&_nc_cat=104&ig_cache_key=Mzk3NjUzMTUyOTk5NjUzNDU5OA%3D%3D.3-ccb7-5&ccb=7-5&_nc_sid=58cdad&efg=eyJ2ZW5jb2RlX3RhZyI6IkNBUk9VU0VMX0lURU0ueHBpZHMuMTA4MC5zZHIucmVndWxhcl9waG90by5DMyJ9&_nc_ohc=rT7tCsNjR3EQ7kNvwEVwMPb&_nc_oc=AdrjOqXtp5tz5Shnvv5HsDp9Ww66wMeAoqFwdKaNtCRDEGAsD81ezTBfoYnviNx2554&_nc_ad=z-m&_nc_cid=0&_nc_zt=23&_nc_ht=scontent-mxp2-1.cdninstagram.com&_nc_gid=n47BvRMT9yrgjou27QmK5w&_nc_ss=7a22e&oh=00_AQJPWDA-MVMR9CjPpba8JJq_scBlmCYhgd7HHZkpJj_lqg&oe=6A9CC2D4,https://www.instagram.com/p/Dcvem7jDB5G/
Supermercado Tuiuiú,Hortifruti / Ovos,Mamão Formosa kg,3.99,01/09/2026,https://instagram.faju8-1.fna.fbcdn.net/v/t51.82787-15/792157881_18583231936067900_538538836680436786_n.jpg?stp=dst-jpg_e35_tt6&_nc_cat=107&ig_cache_key=Mzk3NjYyMDY2OTY1OTg1NDQzMw%3D%3D.3-ccb7-5&ccb=7-5&_nc_sid=58cdad&efg=eyJ2ZW5jb2RlX3RhZyI6IkZFRUQueHBpZHMuMTA4MC5zZHIucmVndWxhcl9waG90by5DMyJ9&_nc_ohc=tgM85Jq0Pq4Q7kNvwEAWEkb&_nc_oc=AdpWOVylDdEjaMP9fJvAM57QXHPmpDsScrrJqwCqYGX87jqtk56kBX-fnvv3l_UVOI8&_nc_ad=z-m&_nc_cid=0&_nc_zt=23&_nc_ht=instagram.faju8-1.fna&_nc_gid=Q-3ZvKTa2wuV92MIR7qVzQ&_nc_ss=7a22e&oh=00_AQJG_RoHwxihJklVtdyiNXp-hnsVVsh4NZ5j6-MKfXQWnA&oe=6A9C99DD,https://www.instagram.com/p/Dcvy24VjTZh/
Supermercado São Pedro,Hortifruti / Ovos,Cebola kg,3.99,30/08/2026,https://instagram.fgig19-1.fna.fbcdn.net/v/t39.30808-6/785363261_1506829171490199_3564182439088120420_n.jpg?stp=dst-jpg_e35_tt6&_nc_cat=103&ig_cache_key=Mzk3NTM5MTQwMjA4NzE3ODI1NA%3D%3D.3-ccb7-5&ccb=7-5&_nc_sid=58cdad&efg=eyJ2ZW5jb2RlX3RhZyI6IkZFRUQueHBpZHMuMTYzOS5zZHIucmVndWxhcl9waG90by5DMyJ9&_nc_ohc=fLo7cmtpSBUQ7kNvwF7Sdf8&_nc_oc=AdpMIZItCtIolLDvtR_AoeiXqWK8G9_QQrfAzmz1oKur6xf4GdLwI7weFGuMH-KIimo&_nc_ad=z-m&_nc_cid=0&_nc_zt=23&_nc_ht=instagram.fgig19-1.fna&_nc_gid=-OQakASSBm6mU9OOKmQ_zQ&_nc_ss=7a22e&oh=00_AQIqcY16WrK9yer5y-JOvEs-a4fmDN9k-b-iz8Z_CFtmXw&oe=6A9CB03F,https://www.instagram.com/p/DcrbWrsjGAO/
Supermercado São Pedro,Hortifruti / Ovos,Cebola kg,3.99,28/08/2026,https://scontent-waw2-1.cdninstagram.com/v/t51.82787-15/785599572_18195711460382122_5575322653184498920_n.jpg?stp=dst-jpg_e35_tt6&_nc_cat=109&ig_cache_key=Mzk3MzY3MjU2OTQ3ODkxNjI0Mw%3D%3D.3-ccb7-5&ccb=7-5&_nc_sid=58cdad&efg=eyJ2ZW5jb2RlX3RhZyI6IkNBUk9VU0VMX0lURU0ueHBpZHMuMTA4MS5zZHIucmVndWxhcl9waG90by5DMyJ9&_nc_ohc=GqsGB5UTShAQ7kNvwFPOwP3&_nc_oc=AdpzBt_LblKn3EUN1yxLP1c2j5kKp-CJDSm9Rz8mlKgc99GVluW-1zvOVU2SUFfw_hcHtZGeepBzEvgb38Z8QD29&_nc_ad=z-m&_nc_cid=0&_nc_zt=23&_nc_ht=scontent-waw2-1.cdninstagram.com&_nc_gid=DMKRO3jGuwK0c-WkMOZ7ag&_nc_ss=7a22e&oh=00_AQJZrmqgxQRxmq7za3NpYTPGtcV43nmNCpR0m9Z2DfhfnA&oe=6A9CC052,https://www.instagram.com/p/DclUqI1G7TG/
Super Compras Supermercado,Hortifruti / Ovos,Banana Nanica kg,3.99,31/08/2026,https://instagram.fccm4-1.fna.fbcdn.net/v/t51.82787-15/791974186_18193115938391764_5859732845031236442_n.jpg?stp=dst-jpg_e35_tt6&_nc_cat=105&ig_cache_key=Mzk3NTQ2MjE2MTk0MjIyOTY3Mg%3D%3D.3-ccb7-5&ccb=7-5&_nc_sid=58cdad&efg=eyJ2ZW5jb2RlX3RhZyI6IkNBUk9VU0VMX0lURU0ueHBpZHMuMTQ0MC5zZHIucmVndWxhcl9waG90by5DMyJ9&_nc_ohc=nzcZ4VRfyfMQ7kNvwFVWJWT&_nc_oc=AdpBydi9lhJa2RBTmkazpLl6P442CVf66UkIGQY8yEuhDrJy_zgzeE8PDqGbKa2rpl8&_nc_ad=z-m&_nc_cid=0&_nc_zt=23&_nc_ht=instagram.fccm4-1.fna&_nc_gid=FneyDljf1jsbRdbE-7Sb-g&_nc_ss=7a22e&oh=00_AQInwrCpZsJ4bBuZnWIbTAVAeMYiAKBbjdBLUwleRPJq7Q&oe=6A9CC1F6,https://www.instagram.com/p/DcrreFFEorJ/
Supermercado Tuiuiú,Hortifruti / Ovos,Banana Maçã kg,4.19,01/09/2026,https://scontent-mxp2-1.cdninstagram.com/v/t51.82787-15/790268612_18583192837067900_6717221135567122469_n.jpg?stp=dst-jpg_e35_tt6&_nc_cat=110&ig_cache_key=Mzk3NjUzMTU1ODU1MDU3MTI1Mw%3D%3D.3-ccb7-5&ccb=7-5&_nc_sid=58cdad&efg=eyJ2ZW5jb2RlX3RhZyI6IkNBUk9VU0VMX0lURU0ueHBpZHMuMTA4MC5zZHIucmVndWxhcl9waG90by5DMiJ9&_nc_ohc=6dsUA1tXRiwQ7kNvwGN_EDV&_nc_oc=AdoDCAKaeHPa9nTX-h5Z4_xtvvZa_eLMnfTJ4VX6zkgw4pcOP5LJ48VMvQ-MQYvyXB0&_nc_ad=z-m&_nc_cid=0&_nc_zt=23&_nc_ht=scontent-mxp2-1.cdninstagram.com&_nc_gid=n47BvRMT9yrgjou27QmK5w&_nc_ss=7a22e&oh=00_AQL3bKQFotJXpR2Y6vqFMdXAmfpAdu2GHryPPNMK_Bf0NQ&oe=6A9CA4B6,https://www.instagram.com/p/Dcvem7jDB5G/
Supermercado Tuiuiú,Hortifruti / Ovos,Maçã kg,4.49,01/09/2026,https://scontent-mxp2-1.cdninstagram.com/v/t51.82787-15/790268612_18583192837067900_6717221135567122469_n.jpg?stp=dst-jpg_e35_tt6&_nc_cat=110&ig_cache_key=Mzk3NjUzMTU1ODU1MDU3MTI1Mw%3D%3D.3-ccb7-5&ccb=7-5&_nc_sid=58cdad&efg=eyJ2ZW5jb2RlX3RhZyI6IkNBUk9VU0VMX0lURU0ueHBpZHMuMTA4MC5zZHIucmVndWxhcl9waG90by5DMiJ9&_nc_ohc=6dsUA1tXRiwQ7kNvwGN_EDV&_nc_oc=AdoDCAKaeHPa9nTX-h5Z4_xtvvZa_eLMnfTJ4VX6zkgw4pcOP5LJ48VMvQ-MQYvyXB0&_nc_ad=z-m&_nc_cid=0&_nc_zt=23&_nc_ht=scontent-mxp2-1.cdninstagram.com&_nc_gid=n47BvRMT9yrgjou27QmK5w&_nc_ss=7a22e&oh=00_AQL3bKQFotJXpR2Y6vqFMdXAmfpAdu2GHryPPNMK_Bf0NQ&oe=6A9CA4B6,https://www.instagram.com/p/Dcvem7jDB5G/
Supermercado Tuiuiú,Hortifruti / Ovos,Cebola kg,4.69,01/09/2026,https://scontent-mxp2-1.cdninstagram.com/v/t51.82787-15/788641009_18583192810067900_64976442278323975_n.jpg?stp=dst-jpg_e35_tt6&_nc_cat=104&ig_cache_key=Mzk3NjUzMTUyOTk5NjUzNDU5OA%3D%3D.3-ccb7-5&ccb=7-5&_nc_sid=58cdad&efg=eyJ2ZW5jb2RlX3RhZyI6IkNBUk9VU0VMX0lURU0ueHBpZHMuMTA4MC5zZHIucmVndWxhcl9waG90by5DMyJ9&_nc_ohc=rT7tCsNjR3EQ7kNvwEVwMPb&_nc_oc=AdrjOqXtp5tz5Shnvv5HsDp9Ww66wMeAoqFwdKaNtCRDEGAsD81ezTBfoYnviNx2554&_nc_ad=z-m&_nc_cid=0&_nc_zt=23&_nc_ht=scontent-mxp2-1.cdninstagram.com&_nc_gid=n47BvRMT9yrgjou27QmK5w&_nc_ss=7a22e&oh=00_AQJPWDA-MVMR9CjPpba8JJq_scBlmCYhgd7HHZkpJj_lqg&oe=6A9CC2D4,https://www.instagram.com/p/Dcvem7jDB5G/
Super Compras Supermercado,Hortifruti / Ovos,Batata kg,4.89,31/08/2026,https://instagram.fccm4-1.fna.fbcdn.net/v/t51.82787-15/790058600_18193115956391764_8827572755741076576_n.jpg?stp=dst-jpg_e35_tt6&_nc_cat=104&ig_cache_key=Mzk3NTQ2MjIwNjUyNzY2NTkwOQ%3D%3D.3-ccb7-5&ccb=7-5&_nc_sid=58cdad&efg=eyJ2ZW5jb2RlX3RhZyI6IkNBUk9VU0VMX0lURU0ueHBpZHMuMTQ0MC5zZHIucmVndWxhcl9waG90by5DMyJ9&_nc_ohc=lYb2blGkLh4Q7kNvwErRgtU&_nc_oc=AdoEONC1y7eFVI7hT32UOltFM9xEQLy-Yn1QHtItYkIJ_8cd1x2rPUvDKzfW3e8RQcU&_nc_ad=z-m&_nc_cid=0&_nc_zt=23&_nc_ht=instagram.fccm4-1.fna&_nc_gid=FneyDljf1jsbRdbE-7Sb-g&_nc_ss=7a22e&oh=00_AQJQQP8phYIWUXtEdBKVa2zU9ScP8kToE1FU8U70jzTxeA&oe=6A9CBBF6,https://www.instagram.com/p/DcrreFFEorJ/
Supermercado Tuiuiú,Hortifruti / Ovos,Melão kg,4.99,01/09/2026,https://scontent-mxp1-1.cdninstagram.com/v/t51.82787-15/789667226_18583192900067900_6097504742774463082_n.jpg?stp=dst-jpg_e35_tt6&_nc_cat=106&ig_cache_key=Mzk3NjUzMTU4NDEzNTc5MjY4Nw%3D%3D.3-ccb7-5&ccb=7-5&_nc_sid=58cdad&efg=eyJ2ZW5jb2RlX3RhZyI6IkNBUk9VU0VMX0lURU0ueHBpZHMuMTA4MC5zZHIucmVndWxhcl9waG90by5DMyJ9&_nc_ohc=G0RtKYwckdoQ7kNvwEtrYDW&_nc_oc=AdpJ5mihBoc6wmq5TyfJ7-AdraZYhfe56Du_nWTpfSQxd4b5McG_ZmnJkHV0079DpoA&_nc_ad=z-m&_nc_cid=0&_nc_zt=23&_nc_ht=scontent-mxp1-1.cdninstagram.com&_nc_gid=n47BvRMT9yrgjou27QmK5w&_nc_ss=7a22e&oh=00_AQLBKe5r7X_q-ArRpo6nfafdLN7SwJTdGXcrSJR9VOXkig&oe=6A9CBBDA,https://www.instagram.com/p/Dcvem7jDB5G/
Super Compras Supermercado,Hortifruti / Ovos,Abacate kg,4.99,31/08/2026,https://instagram.fccm4-1.fna.fbcdn.net/v/t51.82787-15/790058600_18193115956391764_8827572755741076576_n.jpg?stp=dst-jpg_e35_tt6&_nc_cat=104&ig_cache_key=Mzk3NTQ2MjIwNjUyNzY2NTkwOQ%3D%3D.3-ccb7-5&ccb=7-5&_nc_sid=58cdad&efg=eyJ2ZW5jb2RlX3RhZyI6IkNBUk9VU0VMX0lURU0ueHBpZHMuMTQ0MC5zZHIucmVndWxhcl9waG90by5DMyJ9&_nc_ohc=lYb2blGkLh4Q7kNvwErRgtU&_nc_oc=AdoEONC1y7eFVI7hT32UOltFM9xEQLy-Yn1QHtItYkIJ_8cd1x2rPUvDKzfW3e8RQcU&_nc_ad=z-m&_nc_cid=0&_nc_zt=23&_nc_ht=instagram.fccm4-1.fna&_nc_gid=FneyDljf1jsbRdbE-7Sb-g&_nc_ss=7a22e&oh=00_AQJQQP8phYIWUXtEdBKVa2zU9ScP8kToE1FU8U70jzTxeA&oe=6A9CBBF6,https://www.instagram.com/p/DcrreFFEorJ/
Bom Jesus Primavera do Leste 🛒,Hortifruti / Ovos,Abacate kg,4.99,31/08/2026,https://scontent-cdg6-1.cdninstagram.com/v/t51.82787-15/790113394_18375342289237813_7246427130316640513_n.jpg?stp=dst-jpg_e35_tt6&_nc_cat=106&ig_cache_key=Mzk3NTgyNzIxNzI3MDIwNjY3Mg%3D%3D.3-ccb7-5&ccb=7-5&_nc_sid=58cdad&efg=eyJ2ZW5jb2RlX3RhZyI6IkNBUk9VU0VMX0lURU0ueHBpZHMuMTA4MC5zZHIucmVndWxhcl9waG90by5DMyJ9&_nc_ohc=S_BEWTxSEHYQ7kNvwE5N7r4&_nc_oc=Ado2w8lXMsiNQnI0DUCprVI0IcCqiAWB6PQCdCwk195f7V7lD8pQ7Xv8JPGh1ErP2efJ5I7iX787zTaZC_Wwhnww&_nc_ad=z-m&_nc_cid=0&_nc_zt=23&_nc_ht=scontent-cdg6-1.cdninstagram.com&_nc_gid=Pdh95l9V6cMlrK8l5N8A2g&_nc_ss=7a22e&oh=00_AQKa_e9B2fcouHSk9yjG9ed0KeAUyr4N1VIAkRp73gGizw&oe=6A9CB9CF,https://www.instagram.com/p/Dcs-drSFpzk/
Bom Jesus Primavera do Leste 🛒,Hortifruti / Ovos,Banana Nanica kg,4.99,31/08/2026,https://scontent-cdg6-1.cdninstagram.com/v/t51.82787-15/790113394_18375342289237813_7246427130316640513_n.jpg?stp=dst-jpg_e35_tt6&_nc_cat=106&ig_cache_key=Mzk3NTgyNzIxNzI3MDIwNjY3Mg%3D%3D.3-ccb7-5&ccb=7-5&_nc_sid=58cdad&efg=eyJ2ZW5jb2RlX3RhZyI6IkNBUk9VU0VMX0lURU0ueHBpZHMuMTA4MC5zZHIucmVndWxhcl9waG90by5DMyJ9&_nc_ohc=S_BEWTxSEHYQ7kNvwE5N7r4&_nc_oc=Ado2w8lXMsiNQnI0DUCprVI0IcCqiAWB6PQCdCwk195f7V7lD8pQ7Xv8JPGh1ErP2efJ5I7iX787zTaZC_Wwhnww&_nc_ad=z-m&_nc_cid=0&_nc_zt=23&_nc_ht=scontent-cdg6-1.cdninstagram.com&_nc_gid=Pdh95l9V6cMlrK8l5N8A2g&_nc_ss=7a22e&oh=00_AQKa_e9B2fcouHSk9yjG9ed0KeAUyr4N1VIAkRp73gGizw&oe=6A9CB9CF,https://www.instagram.com/p/Dcs-drSFpzk/
Bom Jesus Primavera do Leste 🛒,Hortifruti / Ovos,Batata Doce kg,4.99,31/08/2026,https://scontent-cdg6-1.cdninstagram.com/v/t51.82787-15/789959440_18375342295237813_1330432405373791908_n.jpg?stp=dst-jpg_e35_tt6&_nc_cat=106&ig_cache_key=Mzk3NTgyNzIxNzYyMjY1MTcwMQ%3D%3D.3-ccb7-5&ccb=7-5&_nc_sid=58cdad&efg=eyJ2ZW5jb2RlX3RhZyI6IkNBUk9VU0VMX0lURU0ueHBpZHMuMTA4MC5zZHIucmVndWxhcl9waG90by5DMyJ9&_nc_ohc=jvVGAyriU-QQ7kNvwEAnWqg&_nc_oc=Adqo57eCLcisXYCi0DySspnQLiiRWVefKrKVwZXsjmTQJxNjd7vWExwpyZG4ROUHuY2vUhwt86vhBTVBxwyN7pMM&_nc_ad=z-m&_nc_cid=0&_nc_zt=23&_nc_ht=scontent-cdg6-1.cdninstagram.com&_nc_gid=Pdh95l9V6cMlrK8l5N8A2g&_nc_ss=7a22e&oh=00_AQKoE1wLamQ1nZC7HsoxTeYyJ6w4wrS6uMxH-Uxj8IlUxA&oe=6A9CC61F,https://www.instagram.com/p/Dcs-drSFpzk/
Supermercado São Pedro,Hortifruti / Ovos,Tomate kg,5.39,28/08/2026,https://scontent-waw2-1.cdninstagram.com/v/t51.82787-15/785599572_18195711460382122_5575322653184498920_n.jpg?stp=dst-jpg_e35_tt6&_nc_cat=109&ig_cache_key=Mzk3MzY3MjU2OTQ3ODkxNjI0Mw%3D%3D.3-ccb7-5&ccb=7-5&_nc_sid=58cdad&efg=eyJ2ZW5jb2RlX3RhZyI6IkNBUk9VU0VMX0lURU0ueHBpZHMuMTA4MS5zZHIucmVndWxhcl9waG90by5DMyJ9&_nc_ohc=GqsGB5UTShAQ7kNvwFPOwP3&_nc_oc=AdpzBt_LblKn3EUN1yxLP1c2j5kKp-CJDSm9Rz8mlKgc99GVluW-1zvOVU2SUFfw_hcHtZGeepBzEvgb38Z8QD29&_nc_ad=z-m&_nc_cid=0&_nc_zt=23&_nc_ht=scontent-waw2-1.cdninstagram.com&_nc_gid=DMKRO3jGuwK0c-WkMOZ7ag&_nc_ss=7a22e&oh=00_AQJZrmqgxQRxmq7za3NpYTPGtcV43nmNCpR0m9Z2DfhfnA&oe=6A9CC052,https://www.instagram.com/p/DclUqI1G7TG/
Supermercado Bianchi,Hortifruti / Ovos,Laranja Bahia kg,5.49,26/08/2026,https://instagram.fbio6-1.fna.fbcdn.net/v/t39.30808-6/786837521_1662081042588960_3965018194828731335_n.jpg?stp=dst-jpg_e35_tt6&_nc_cat=101&ig_cache_key=Mzk3MjE4NDYwMTEyMTM3OTg4Mw%3D%3D.3-ccb7-5&ccb=7-5&_nc_sid=58cdad&efg=eyJ2ZW5jb2RlX3RhZyI6IkNBUk9VU0VMX0lURU0ueHBpZHMuMTA4MC5zZHIucmVndWxhcl9waG90by5DMiJ9&_nc_ohc=wfH97uW_aZ4Q7kNvwFayI6O&_nc_oc=Adpe38Vommjmf_NQdDguD5XdKpxykXO1PleyQ6yLiBebf3Z4AKA2ZgFTr0KCZShmg_4&_nc_ad=z-m&_nc_cid=0&_nc_zt=23&_nc_ht=instagram.fbio6-1.fna&_nc_gid=BAK0hd1MHZNWYZsTFJVrGg&_nc_ss=7a22e&oh=00_AQLNOlgzhJRg6myjupFObJeVXvBcVGDL26EJOtFpVyujOg&oe=6A9CB460,https://www.instagram.com/p/DcgCN3fnYCP/
Supermercado São Pedro,Hortifruti / Ovos,Uva Vitória kg,5.59,30/08/2026,https://instagram.fgig19-1.fna.fbcdn.net/v/t39.30808-6/785363261_1506829171490199_3564182439088120420_n.jpg?stp=dst-jpg_e35_tt6&_nc_cat=103&ig_cache_key=Mzk3NTM5MTQwMjA4NzE3ODI1NA%3D%3D.3-ccb7-5&ccb=7-5&_nc_sid=58cdad&efg=eyJ2ZW5jb2RlX3RhZyI6IkZFRUQueHBpZHMuMTYzOS5zZHIucmVndWxhcl9waG90by5DMyJ9&_nc_ohc=fLo7cmtpSBUQ7kNvwF7Sdf8&_nc_oc=AdpMIZItCtIolLDvtR_AoeiXqWK8G9_QQrfAzmz1oKur6xf4GdLwI7weFGuMH-KIimo&_nc_ad=z-m&_nc_cid=0&_nc_zt=23&_nc_ht=instagram.fgig19-1.fna&_nc_gid=-OQakASSBm6mU9OOKmQ_zQ&_nc_ss=7a22e&oh=00_AQIqcY16WrK9yer5y-JOvEs-a4fmDN9k-b-iz8Z_CFtmXw&oe=6A9CB03F,https://www.instagram.com/p/DcrbWrsjGAO/
Supermercado Tuiuiú,Hortifruti / Ovos,Banana Terra kg,5.89,01/09/2026,https://scontent-mxp2-1.cdninstagram.com/v/t51.82787-15/788641009_18583192810067900_64976442278323975_n.jpg?stp=dst-jpg_e35_tt6&_nc_cat=104&ig_cache_key=Mzk3NjUzMTUyOTk5NjUzNDU5OA%3D%3D.3-ccb7-5&ccb=7-5&_nc_sid=58cdad&efg=eyJ2ZW5jb2RlX3RhZyI6IkNBUk9VU0VMX0lURU0ueHBpZHMuMTA4MC5zZHIucmVndWxhcl9waG90by5DMyJ9&_nc_ohc=rT7tCsNjR3EQ7kNvwEVwMPb&_nc_oc=AdrjOqXtp5tz5Shnvv5HsDp9Ww66wMeAoqFwdKaNtCRDEGAsD81ezTBfoYnviNx2554&_nc_ad=z-m&_nc_cid=0&_nc_zt=23&_nc_ht=scontent-mxp2-1.cdninstagram.com&_nc_gid=n47BvRMT9yrgjou27QmK5w&_nc_ss=7a22e&oh=00_AQJPWDA-MVMR9CjPpba8JJq_scBlmCYhgd7HHZkpJj_lqg&oe=6A9CC2D4,https://www.instagram.com/p/Dcvem7jDB5G/
Super Compras Supermercado,Hortifruti / Ovos,Cenoura kg,5.89,31/08/2026,https://instagram.fccm4-1.fna.fbcdn.net/v/t51.82787-15/790058600_18193115956391764_8827572755741076576_n.jpg?stp=dst-jpg_e35_tt6&_nc_cat=104&ig_cache_key=Mzk3NTQ2MjIwNjUyNzY2NTkwOQ%3D%3D.3-ccb7-5&ccb=7-5&_nc_sid=58cdad&efg=eyJ2ZW5jb2RlX3RhZyI6IkNBUk9VU0VMX0lURU0ueHBpZHMuMTQ0MC5zZHIucmVndWxhcl9waG90by5DMyJ9&_nc_ohc=lYb2blGkLh4Q7kNvwErRgtU&_nc_oc=AdoEONC1y7eFVI7hT32UOltFM9xEQLy-Yn1QHtItYkIJ_8cd1x2rPUvDKzfW3e8RQcU&_nc_ad=z-m&_nc_cid=0&_nc_zt=23&_nc_ht=instagram.fccm4-1.fna&_nc_gid=FneyDljf1jsbRdbE-7Sb-g&_nc_ss=7a22e&oh=00_AQJQQP8phYIWUXtEdBKVa2zU9ScP8kToE1FU8U70jzTxeA&oe=6A9CBBF6,https://www.instagram.com/p/DcrreFFEorJ/
Super Compras Supermercado,Hortifruti / Ovos,Mamão kg,5.99,31/08/2026,https://instagram.fccm4-1.fna.fbcdn.net/v/t51.82787-15/791974186_18193115938391764_5859732845031236442_n.jpg?stp=dst-jpg_e35_tt6&_nc_cat=105&ig_cache_key=Mzk3NTQ2MjE2MTk0MjIyOTY3Mg%3D%3D.3-ccb7-5&ccb=7-5&_nc_sid=58cdad&efg=eyJ2ZW5jb2RlX3RhZyI6IkNBUk9VU0VMX0lURU0ueHBpZHMuMTQ0MC5zZHIucmVndWxhcl9waG90by5DMyJ9&_nc_ohc=nzcZ4VRfyfMQ7kNvwFVWJWT&_nc_oc=AdpBydi9lhJa2RBTmkazpLl6P442CVf66UkIGQY8yEuhDrJy_zgzeE8PDqGbKa2rpl8&_nc_ad=z-m&_nc_cid=0&_nc_zt=23&_nc_ht=instagram.fccm4-1.fna&_nc_gid=FneyDljf1jsbRdbE-7Sb-g&_nc_ss=7a22e&oh=00_AQInwrCpZsJ4bBuZnWIbTAVAeMYiAKBbjdBLUwleRPJq7Q&oe=6A9CC1F6,https://www.instagram.com/p/DcrreFFEorJ/
Super Compras Supermercado,Hortifruti / Ovos,Maçã Nacional kg,5.99,31/08/2026,https://instagram.fccm4-1.fna.fbcdn.net/v/t51.82787-15/791974186_18193115938391764_5859732845031236442_n.jpg?stp=dst-jpg_e35_tt6&_nc_cat=105&ig_cache_key=Mzk3NTQ2MjE2MTk0MjIyOTY3Mg%3D%3D.3-ccb7-5&ccb=7-5&_nc_sid=58cdad&efg=eyJ2ZW5jb2RlX3RhZyI6IkNBUk9VU0VMX0lURU0ueHBpZHMuMTQ0MC5zZHIucmVndWxhcl9waG90by5DMyJ9&_nc_ohc=nzcZ4VRfyfMQ7kNvwFVWJWT&_nc_oc=AdpBydi9lhJa2RBTmkazpLl6P442CVf66UkIGQY8yEuhDrJy_zgzeE8PDqGbKa2rpl8&_nc_ad=z-m&_nc_cid=0&_nc_zt=23&_nc_ht=instagram.fccm4-1.fna&_nc_gid=FneyDljf1jsbRdbE-7Sb-g&_nc_ss=7a22e&oh=00_AQInwrCpZsJ4bBuZnWIbTAVAeMYiAKBbjdBLUwleRPJq7Q&oe=6A9CC1F6,https://www.instagram.com/p/DcrreFFEorJ/
Bom Jesus Primavera do Leste 🛒,Hortifruti / Ovos,Cenoura kg,5.99,31/08/2026,https://scontent-cdg6-1.cdninstagram.com/v/t51.82787-15/789347696_18375342277237813_6064801299202853606_n.jpg?stp=dst-jpg_e35_tt6&_nc_cat=107&ig_cache_key=Mzk3NTgyNzIxNjQ0NzcwODI2Nw%3D%3D.3-ccb7-5&ccb=7-5&_nc_sid=58cdad&efg=eyJ2ZW5jb2RlX3RhZyI6IkNBUk9VU0VMX0lURU0ueHBpZHMuMTA4MC5zZHIucmVndWxhcl9waG90by5DMyJ9&_nc_ohc=c74JiQWLpb8Q7kNvwEJjORK&_nc_oc=AdqPJlKXsfgQvIZdO24kTiZEpV_HXcT04chQWdpC8CsVpIzj1UCLi5TxG55RKHst09a39-ThkuJLIKC1xKA75sw2&_nc_ad=z-m&_nc_cid=0&_nc_zt=23&_nc_ht=scontent-cdg6-1.cdninstagram.com&_nc_gid=Pdh95l9V6cMlrK8l5N8A2g&_nc_ss=7a22e&oh=00_AQL9-EdLdcEGIDZa-RsR83ujRHFx8RecKkIjOVrHfKRqoA&oe=6A9CA39E,https://www.instagram.com/p/Dcs-drSFpzk/
Bom Jesus Primavera do Leste 🛒,Hortifruti / Ovos,Cebola Nacional kg,5.99,31/08/2026,https://scontent-cdg6-1.cdninstagram.com/v/t51.82787-15/789959440_18375342295237813_1330432405373791908_n.jpg?stp=dst-jpg_e35_tt6&_nc_cat=106&ig_cache_key=Mzk3NTgyNzIxNzYyMjY1MTcwMQ%3D%3D.3-ccb7-5&ccb=7-5&_nc_sid=58cdad&efg=eyJ2ZW5jb2RlX3RhZyI6IkNBUk9VU0VMX0lURU0ueHBpZHMuMTA4MC5zZHIucmVndWxhcl9waG90by5DMyJ9&_nc_ohc=jvVGAyriU-QQ7kNvwEAnWqg&_nc_oc=Adqo57eCLcisXYCi0DySspnQLiiRWVefKrKVwZXsjmTQJxNjd7vWExwpyZG4ROUHuY2vUhwt86vhBTVBxwyN7pMM&_nc_ad=z-m&_nc_cid=0&_nc_zt=23&_nc_ht=scontent-cdg6-1.cdninstagram.com&_nc_gid=Pdh95l9V6cMlrK8l5N8A2g&_nc_ss=7a22e&oh=00_AQKoE1wLamQ1nZC7HsoxTeYyJ6w4wrS6uMxH-Uxj8IlUxA&oe=6A9CC61F,https://www.instagram.com/p/Dcs-drSFpzk/
Supermercado Bianchi,Hortifruti / Ovos,Melão Amarelo kg,5.99,26/08/2026,https://instagram.fbio6-1.fna.fbcdn.net/v/t39.30808-6/786837521_1662081042588960_3965018194828731335_n.jpg?stp=dst-jpg_e35_tt6&_nc_cat=101&ig_cache_key=Mzk3MjE4NDYwMTEyMTM3OTg4Mw%3D%3D.3-ccb7-5&ccb=7-5&_nc_sid=58cdad&efg=eyJ2ZW5jb2RlX3RhZyI6IkNBUk9VU0VMX0lURU0ueHBpZHMuMTA4MC5zZHIucmVndWxhcl9waG90by5DMiJ9&_nc_ohc=wfH97uW_aZ4Q7kNvwFayI6O&_nc_oc=Adpe38Vommjmf_NQdDguD5XdKpxykXO1PleyQ6yLiBebf3Z4AKA2ZgFTr0KCZShmg_4&_nc_ad=z-m&_nc_cid=0&_nc_zt=23&_nc_ht=instagram.fbio6-1.fna&_nc_gid=BAK0hd1MHZNWYZsTFJVrGg&_nc_ss=7a22e&oh=00_AQLNOlgzhJRg6myjupFObJeVXvBcVGDL26EJOtFpVyujOg&oe=6A9CB460,https://www.instagram.com/p/DcgCN3fnYCP/
Supermercado Tuiuiú,Hortifruti / Ovos,Uva Vitória,6.49,01/09/2026,https://scontent-mxp2-1.cdninstagram.com/v/t51.82787-15/790268612_18583192837067900_6717221135567122469_n.jpg?stp=dst-jpg_e35_tt6&_nc_cat=110&ig_cache_key=Mzk3NjUzMTU1ODU1MDU3MTI1Mw%3D%3D.3-ccb7-5&ccb=7-5&_nc_sid=58cdad&efg=eyJ2ZW5jb2RlX3RhZyI6IkNBUk9VU0VMX0lURU0ueHBpZHMuMTA4MC5zZHIucmVndWxhcl9waG90by5DMiJ9&_nc_ohc=6dsUA1tXRiwQ7kNvwGN_EDV&_nc_oc=AdoDCAKaeHPa9nTX-h5Z4_xtvvZa_eLMnfTJ4VX6zkgw4pcOP5LJ48VMvQ-MQYvyXB0&_nc_ad=z-m&_nc_cid=0&_nc_zt=23&_nc_ht=scontent-mxp2-1.cdninstagram.com&_nc_gid=n47BvRMT9yrgjou27QmK5w&_nc_ss=7a22e&oh=00_AQL3bKQFotJXpR2Y6vqFMdXAmfpAdu2GHryPPNMK_Bf0NQ&oe=6A9CA4B6,https://www.instagram.com/p/Dcvem7jDB5G/
Super Compras Supermercado,Hortifruti / Ovos,Melão kg,6.89,31/08/2026,https://instagram.fccm4-1.fna.fbcdn.net/v/t51.82787-15/790058600_18193115956391764_8827572755741076576_n.jpg?stp=dst-jpg_e35_tt6&_nc_cat=104&ig_cache_key=Mzk3NTQ2MjIwNjUyNzY2NTkwOQ%3D%3D.3-ccb7-5&ccb=7-5&_nc_sid=58cdad&efg=eyJ2ZW5jb2RlX3RhZyI6IkNBUk9VU0VMX0lURU0ueHBpZHMuMTQ0MC5zZHIucmVndWxhcl9waG90by5DMyJ9&_nc_ohc=lYb2blGkLh4Q7kNvwErRgtU&_nc_oc=AdoEONC1y7eFVI7hT32UOltFM9xEQLy-Yn1QHtItYkIJ_8cd1x2rPUvDKzfW3e8RQcU&_nc_ad=z-m&_nc_cid=0&_nc_zt=23&_nc_ht=instagram.fccm4-1.fna&_nc_gid=FneyDljf1jsbRdbE-7Sb-g&_nc_ss=7a22e&oh=00_AQJQQP8phYIWUXtEdBKVa2zU9ScP8kToE1FU8U70jzTxeA&oe=6A9CBBF6,https://www.instagram.com/p/DcrreFFEorJ/
Supermercado Tuiuiú,Hortifruti / Ovos,Abacaxi,6.99,01/09/2026,https://scontent-mxp1-1.cdninstagram.com/v/t51.82787-15/789667226_18583192900067900_6097504742774463082_n.jpg?stp=dst-jpg_e35_tt6&_nc_cat=106&ig_cache_key=Mzk3NjUzMTU4NDEzNTc5MjY4Nw%3D%3D.3-ccb7-5&ccb=7-5&_nc_sid=58cdad&efg=eyJ2ZW5jb2RlX3RhZyI6IkNBUk9VU0VMX0lURU0ueHBpZHMuMTA4MC5zZHIucmVndWxhcl9waG90by5DMyJ9&_nc_ohc=G0RtKYwckdoQ7kNvwEtrYDW&_nc_oc=AdpJ5mihBoc6wmq5TyfJ7-AdraZYhfe56Du_nWTpfSQxd4b5McG_ZmnJkHV0079DpoA&_nc_ad=z-m&_nc_cid=0&_nc_zt=23&_nc_ht=scontent-mxp1-1.cdninstagram.com&_nc_gid=n47BvRMT9yrgjou27QmK5w&_nc_ss=7a22e&oh=00_AQLBKe5r7X_q-ArRpo6nfafdLN7SwJTdGXcrSJR9VOXkig&oe=6A9CBBDA,https://www.instagram.com/p/Dcvem7jDB5G/
Bom Jesus Primavera do Leste 🛒,Hortifruti / Ovos,Mamão Formoso kg,6.99,31/08/2026,https://scontent-cdg6-1.cdninstagram.com/v/t51.82787-15/790113394_18375342289237813_7246427130316640513_n.jpg?stp=dst-jpg_e35_tt6&_nc_cat=106&ig_cache_key=Mzk3NTgyNzIxNzI3MDIwNjY3Mg%3D%3D.3-ccb7-5&ccb=7-5&_nc_sid=58cdad&efg=eyJ2ZW5jb2RlX3RhZyI6IkNBUk9VU0VMX0lURU0ueHBpZHMuMTA4MC5zZHIucmVndWxhcl9waG90by5DMyJ9&_nc_ohc=S_BEWTxSEHYQ7kNvwE5N7r4&_nc_oc=Ado2w8lXMsiNQnI0DUCprVI0IcCqiAWB6PQCdCwk195f7V7lD8pQ7Xv8JPGh1ErP2efJ5I7iX787zTaZC_Wwhnww&_nc_ad=z-m&_nc_cid=0&_nc_zt=23&_nc_ht=scontent-cdg6-1.cdninstagram.com&_nc_gid=Pdh95l9V6cMlrK8l5N8A2g&_nc_ss=7a22e&oh=00_AQKa_e9B2fcouHSk9yjG9ed0KeAUyr4N1VIAkRp73gGizw&oe=6A9CB9CF,https://www.instagram.com/p/Dcs-drSFpzk/
Supermercado Bianchi,Hortifruti / Ovos,Mamão Formosa kg,6.99,26/08/2026,https://instagram.fbio6-1.fna.fbcdn.net/v/t39.30808-6/786837521_1662081042588960_3965018194828731335_n.jpg?stp=dst-jpg_e35_tt6&_nc_cat=101&ig_cache_key=Mzk3MjE4NDYwMTEyMTM3OTg4Mw%3D%3D.3-ccb7-5&ccb=7-5&_nc_sid=58cdad&efg=eyJ2ZW5jb2RlX3RhZyI6IkNBUk9VU0VMX0lURU0ueHBpZHMuMTA4MC5zZHIucmVndWxhcl9waG90by5DMiJ9&_nc_ohc=wfH97uW_aZ4Q7kNvwFayI6O&_nc_oc=Adpe38Vommjmf_NQdDguD5XdKpxykXO1PleyQ6yLiBebf3Z4AKA2ZgFTr0KCZShmg_4&_nc_ad=z-m&_nc_cid=0&_nc_zt=23&_nc_ht=instagram.fbio6-1.fna&_nc_gid=BAK0hd1MHZNWYZsTFJVrGg&_nc_ss=7a22e&oh=00_AQLNOlgzhJRg6myjupFObJeVXvBcVGDL26EJOtFpVyujOg&oe=6A9CB460,https://www.instagram.com/p/DcgCN3fnYCP/
Supermercado Tuiuiú,Hortifruti / Ovos,Manga kg,7.29,01/09/2026,https://scontent-mxp2-1.cdninstagram.com/v/t51.82787-15/790268612_18583192837067900_6717221135567122469_n.jpg?stp=dst-jpg_e35_tt6&_nc_cat=110&ig_cache_key=Mzk3NjUzMTU1ODU1MDU3MTI1Mw%3D%3D.3-ccb7-5&ccb=7-5&_nc_sid=58cdad&efg=eyJ2ZW5jb2RlX3RhZyI6IkNBUk9VU0VMX0lURU0ueHBpZHMuMTA4MC5zZHIucmVndWxhcl9waG90by5DMiJ9&_nc_ohc=6dsUA1tXRiwQ7kNvwGN_EDV&_nc_oc=AdoDCAKaeHPa9nTX-h5Z4_xtvvZa_eLMnfTJ4VX6zkgw4pcOP5LJ48VMvQ-MQYvyXB0&_nc_ad=z-m&_nc_cid=0&_nc_zt=23&_nc_ht=scontent-mxp2-1.cdninstagram.com&_nc_gid=n47BvRMT9yrgjou27QmK5w&_nc_ss=7a22e&oh=00_AQL3bKQFotJXpR2Y6vqFMdXAmfpAdu2GHryPPNMK_Bf0NQ&oe=6A9CA4B6,https://www.instagram.com/p/Dcvem7jDB5G/
Supermercado Tuiuiú,Hortifruti / Ovos,Ovos Branco 20un,7.99,01/09/2026,https://scontent-mxp2-1.cdninstagram.com/v/t51.82787-15/788641009_18583192810067900_64976442278323975_n.jpg?stp=dst-jpg_e35_tt6&_nc_cat=104&ig_cache_key=Mzk3NjUzMTUyOTk5NjUzNDU5OA%3D%3D.3-ccb7-5&ccb=7-5&_nc_sid=58cdad&efg=eyJ2ZW5jb2RlX3RhZyI6IkNBUk9VU0VMX0lURU0ueHBpZHMuMTA4MC5zZHIucmVndWxhcl9waG90by5DMyJ9&_nc_ohc=rT7tCsNjR3EQ7kNvwEVwMPb&_nc_oc=AdrjOqXtp5tz5Shnvv5HsDp9Ww66wMeAoqFwdKaNtCRDEGAsD81ezTBfoYnviNx2554&_nc_ad=z-m&_nc_cid=0&_nc_zt=23&_nc_ht=scontent-mxp2-1.cdninstagram.com&_nc_gid=n47BvRMT9yrgjou27QmK5w&_nc_ss=7a22e&oh=00_AQJPWDA-MVMR9CjPpba8JJq_scBlmCYhgd7HHZkpJj_lqg&oe=6A9CC2D4,https://www.instagram.com/p/Dcvem7jDB5G/
Super Compras Supermercado,Hortifruti / Ovos,Tomate kg,7.99,31/08/2026,https://instagram.fccm4-1.fna.fbcdn.net/v/t51.82787-15/791974186_18193115938391764_5859732845031236442_n.jpg?stp=dst-jpg_e35_tt6&_nc_cat=105&ig_cache_key=Mzk3NTQ2MjE2MTk0MjIyOTY3Mg%3D%3D.3-ccb7-5&ccb=7-5&_nc_sid=58cdad&efg=eyJ2ZW5jb2RlX3RhZyI6IkNBUk9VU0VMX0lURU0ueHBpZHMuMTQ0MC5zZHIucmVndWxhcl9waG90by5DMyJ9&_nc_ohc=nzcZ4VRfyfMQ7kNvwFVWJWT&_nc_oc=AdpBydi9lhJa2RBTmkazpLl6P442CVf66UkIGQY8yEuhDrJy_zgzeE8PDqGbKa2rpl8&_nc_ad=z-m&_nc_cid=0&_nc_zt=23&_nc_ht=instagram.fccm4-1.fna&_nc_gid=FneyDljf1jsbRdbE-7Sb-g&_nc_ss=7a22e&oh=00_AQInwrCpZsJ4bBuZnWIbTAVAeMYiAKBbjdBLUwleRPJq7Q&oe=6A9CC1F6,https://www.instagram.com/p/DcrreFFEorJ/
Supermercado Bianchi,Hortifruti / Ovos,Uva Vitória 500g,7.99,26/08/2026,https://instagram.fbio6-1.fna.fbcdn.net/v/t39.30808-6/786837521_1662081042588960_3965018194828731335_n.jpg?stp=dst-jpg_e35_tt6&_nc_cat=101&ig_cache_key=Mzk3MjE4NDYwMTEyMTM3OTg4Mw%3D%3D.3-ccb7-5&ccb=7-5&_nc_sid=58cdad&efg=eyJ2ZW5jb2RlX3RhZyI6IkNBUk9VU0VMX0lURU0ueHBpZHMuMTA4MC5zZHIucmVndWxhcl9waG90by5DMiJ9&_nc_ohc=wfH97uW_aZ4Q7kNvwFayI6O&_nc_oc=Adpe38Vommjmf_NQdDguD5XdKpxykXO1PleyQ6yLiBebf3Z4AKA2ZgFTr0KCZShmg_4&_nc_ad=z-m&_nc_cid=0&_nc_zt=23&_nc_ht=instagram.fbio6-1.fna&_nc_gid=BAK0hd1MHZNWYZsTFJVrGg&_nc_ss=7a22e&oh=00_AQLNOlgzhJRg6myjupFObJeVXvBcVGDL26EJOtFpVyujOg&oe=6A9CB460,https://www.instagram.com/p/DcgCN3fnYCP/
Supermercado São Pedro,Hortifruti / Ovos,Maçã Fuji un,8.29,30/08/2026,https://instagram.fgig19-1.fna.fbcdn.net/v/t39.30808-6/785363261_1506829171490199_3564182439088120420_n.jpg?stp=dst-jpg_e35_tt6&_nc_cat=103&ig_cache_key=Mzk3NTM5MTQwMjA4NzE3ODI1NA%3D%3D.3-ccb7-5&ccb=7-5&_nc_sid=58cdad&efg=eyJ2ZW5jb2RlX3RhZyI6IkZFRUQueHBpZHMuMTYzOS5zZHIucmVndWxhcl9waG90by5DMyJ9&_nc_ohc=fLo7cmtpSBUQ7kNvwF7Sdf8&_nc_oc=AdpMIZItCtIolLDvtR_AoeiXqWK8G9_QQrfAzmz1oKur6xf4GdLwI7weFGuMH-KIimo&_nc_ad=z-m&_nc_cid=0&_nc_zt=23&_nc_ht=instagram.fgig19-1.fna&_nc_gid=-OQakASSBm6mU9OOKmQ_zQ&_nc_ss=7a22e&oh=00_AQIqcY16WrK9yer5y-JOvEs-a4fmDN9k-b-iz8Z_CFtmXw&oe=6A9CB03F,https://www.instagram.com/p/DcrbWrsjGAO/
Bom Jesus Primavera do Leste 🛒,Hortifruti / Ovos,Tomate kg,8.99,31/08/2026,https://scontent-cdg6-1.cdninstagram.com/v/t51.82787-15/790113394_18375342289237813_7246427130316640513_n.jpg?stp=dst-jpg_e35_tt6&_nc_cat=106&ig_cache_key=Mzk3NTgyNzIxNzI3MDIwNjY3Mg%3D%3D.3-ccb7-5&ccb=7-5&_nc_sid=58cdad&efg=eyJ2ZW5jb2RlX3RhZyI6IkNBUk9VU0VMX0lURU0ueHBpZHMuMTA4MC5zZHIucmVndWxhcl9waG90by5DMyJ9&_nc_ohc=S_BEWTxSEHYQ7kNvwE5N7r4&_nc_oc=Ado2w8lXMsiNQnI0DUCprVI0IcCqiAWB6PQCdCwk195f7V7lD8pQ7Xv8JPGh1ErP2efJ5I7iX787zTaZC_Wwhnww&_nc_ad=z-m&_nc_cid=0&_nc_zt=23&_nc_ht=scontent-cdg6-1.cdninstagram.com&_nc_gid=Pdh95l9V6cMlrK8l5N8A2g&_nc_ss=7a22e&oh=00_AQKa_e9B2fcouHSk9yjG9ed0KeAUyr4N1VIAkRp73gGizw&oe=6A9CB9CF,https://www.instagram.com/p/Dcs-drSFpzk/
Bom Jesus Primavera do Leste 🛒,Hortifruti / Ovos,Uva Vitória Isis 500g,8.99,31/08/2026,https://scontent-cdg6-1.cdninstagram.com/v/t51.82787-15/790113394_18375342289237813_7246427130316640513_n.jpg?stp=dst-jpg_e35_tt6&_nc_cat=106&ig_cache_key=Mzk3NTgyNzIxNzI3MDIwNjY3Mg%3D%3D.3-ccb7-5&ccb=7-5&_nc_sid=58cdad&efg=eyJ2ZW5jb2RlX3RhZyI6IkNBUk9VU0VMX0lURU0ueHBpZHMuMTA4MC5zZHIucmVndWxhcl9waG90by5DMyJ9&_nc_ohc=S_BEWTxSEHYQ7kNvwE5N7r4&_nc_oc=Ado2w8lXMsiNQnI0DUCprVI0IcCqiAWB6PQCdCwk195f7V7lD8pQ7Xv8JPGh1ErP2efJ5I7iX787zTaZC_Wwhnww&_nc_ad=z-m&_nc_cid=0&_nc_zt=23&_nc_ht=scontent-cdg6-1.cdninstagram.com&_nc_gid=Pdh95l9V6cMlrK8l5N8A2g&_nc_ss=7a22e&oh=00_AQKa_e9B2fcouHSk9yjG9ed0KeAUyr4N1VIAkRp73gGizw&oe=6A9CB9CF,https://www.instagram.com/p/Dcs-drSFpzk/
Supermercado Bianchi,Hortifruti / Ovos,Maçã Fuji kg,8.99,26/08/2026,https://instagram.fbio6-1.fna.fbcdn.net/v/t39.30808-6/786837521_1662081042588960_3965018194828731335_n.jpg?stp=dst-jpg_e35_tt6&_nc_cat=101&ig_cache_key=Mzk3MjE4NDYwMTEyMTM3OTg4Mw%3D%3D.3-ccb7-5&ccb=7-5&_nc_sid=58cdad&efg=eyJ2ZW5jb2RlX3RhZyI6IkNBUk9VU0VMX0lURU0ueHBpZHMuMTA4MC5zZHIucmVndWxhcl9waG90by5DMiJ9&_nc_ohc=wfH97uW_aZ4Q7kNvwFayI6O&_nc_oc=Adpe38Vommjmf_NQdDguD5XdKpxykXO1PleyQ6yLiBebf3Z4AKA2ZgFTr0KCZShmg_4&_nc_ad=z-m&_nc_cid=0&_nc_zt=23&_nc_ht=instagram.fbio6-1.fna&_nc_gid=BAK0hd1MHZNWYZsTFJVrGg&_nc_ss=7a22e&oh=00_AQLNOlgzhJRg6myjupFObJeVXvBcVGDL26EJOtFpVyujOg&oe=6A9CB460,https://www.instagram.com/p/DcgCN3fnYCP/
Supermercado Tuiuiú,Hortifruti / Ovos,Uva Thompson,9.49,01/09/2026,https://scontent-mxp2-1.cdninstagram.com/v/t51.82787-15/790268612_18583192837067900_6717221135567122469_n.jpg?stp=dst-jpg_e35_tt6&_nc_cat=110&ig_cache_key=Mzk3NjUzMTU1ODU1MDU3MTI1Mw%3D%3D.3-ccb7-5&ccb=7-5&_nc_sid=58cdad&efg=eyJ2ZW5jb2RlX3RhZyI6IkNBUk9VU0VMX0lURU0ueHBpZHMuMTA4MC5zZHIucmVndWxhcl9waG90by5DMiJ9&_nc_ohc=6dsUA1tXRiwQ7kNvwGN_EDV&_nc_oc=AdoDCAKaeHPa9nTX-h5Z4_xtvvZa_eLMnfTJ4VX6zkgw4pcOP5LJ48VMvQ-MQYvyXB0&_nc_ad=z-m&_nc_cid=0&_nc_zt=23&_nc_ht=scontent-mxp2-1.cdninstagram.com&_nc_gid=n47BvRMT9yrgjou27QmK5w&_nc_ss=7a22e&oh=00_AQL3bKQFotJXpR2Y6vqFMdXAmfpAdu2GHryPPNMK_Bf0NQ&oe=6A9CA4B6,https://www.instagram.com/p/Dcvem7jDB5G/
Supermercado São Pedro,Hortifruti / Ovos,Ovos Mantiqueira 20un,10.79,30/08/2026,https://instagram.fgig19-1.fna.fbcdn.net/v/t39.30808-6/785363261_1506829171490199_3564182439088120420_n.jpg?stp=dst-jpg_e35_tt6&_nc_cat=103&ig_cache_key=Mzk3NTM5MTQwMjA4NzE3ODI1NA%3D%3D.3-ccb7-5&ccb=7-5&_nc_sid=58cdad&efg=eyJ2ZW5jb2RlX3RhZyI6IkZFRUQueHBpZHMuMTYzOS5zZHIucmVndWxhcl9waG90by5DMyJ9&_nc_ohc=fLo7cmtpSBUQ7kNvwF7Sdf8&_nc_oc=AdpMIZItCtIolLDvtR_AoeiXqWK8G9_QQrfAzmz1oKur6xf4GdLwI7weFGuMH-KIimo&_nc_ad=z-m&_nc_cid=0&_nc_zt=23&_nc_ht=instagram.fgig19-1.fna&_nc_gid=-OQakASSBm6mU9OOKmQ_zQ&_nc_ss=7a22e&oh=00_AQIqcY16WrK9yer5y-JOvEs-a4fmDN9k-b-iz8Z_CFtmXw&oe=6A9CB03F,https://www.instagram.com/p/DcrbWrsjGAO/
Bom Jesus Primavera do Leste 🛒,Hortifruti / Ovos,Ovo Mantiqueira 20un,12.99,31/08/2026,https://scontent-cdg6-1.cdninstagram.com/v/t51.82787-15/790113394_18375342289237813_7246427130316640513_n.jpg?stp=dst-jpg_e35_tt6&_nc_cat=106&ig_cache_key=Mzk3NTgyNzIxNzI3MDIwNjY3Mg%3D%3D.3-ccb7-5&ccb=7-5&_nc_sid=58cdad&efg=eyJ2ZW5jb2RlX3RhZyI6IkNBUk9VU0VMX0lURU0ueHBpZHMuMTA4MC5zZHIucmVndWxhcl9waG90by5DMyJ9&_nc_ohc=S_BEWTxSEHYQ7kNvwE5N7r4&_nc_oc=Ado2w8lXMsiNQnI0DUCprVI0IcCqiAWB6PQCdCwk195f7V7lD8pQ7Xv8JPGh1ErP2efJ5I7iX787zTaZC_Wwhnww&_nc_ad=z-m&_nc_cid=0&_nc_zt=23&_nc_ht=scontent-cdg6-1.cdninstagram.com&_nc_gid=Pdh95l9V6cMlrK8l5N8A2g&_nc_ss=7a22e&oh=00_AQKa_e9B2fcouHSk9yjG9ed0KeAUyr4N1VIAkRp73gGizw&oe=6A9CB9CF,https://www.instagram.com/p/Dcs-drSFpzk/
Super Compras Supermercado,Hortifruti / Ovos,Alho kg,14.99,29/08/2026,https://scontent-lax3-1.cdninstagram.com/v/t51.82787-15/787743920_18192892438391764_3005082908538598587_n.jpg?stp=dst-jpg_e35_tt6&_nc_cat=110&ig_cache_key=Mzk3NDAxMjMzNjQ5MTI3ODEzMg%3D%3D.3-ccb7-5&ccb=7-5&_nc_sid=58cdad&efg=eyJ2ZW5jb2RlX3RhZyI6IkNBUk9VU0VMX0lURU0ueHBpZHMuMTQ0MC5zZHIucmVndWxhcl9waG90by5DMyJ9&_nc_ohc=sDvW_231DL8Q7kNvwGGakWE&_nc_oc=Adq7A-4KTVEtQ04E13KtUfJct4vofja_tdIFFbViufNdxWCWb3gzTEncbugvkyoq4SxBSo4U8Qk0YFN8J84-PfID&_nc_ad=z-m&_nc_cid=0&_nc_zt=23&_nc_ht=scontent-lax3-1.cdninstagram.com&_nc_gid=m4a1im7Fihg2Q49M_7HU5Q&_nc_ss=7a22e&oh=00_AQJgyhM_fFqO3PmtY_y0T8oDIfVqlwQ-mpeCirnfT9cgpQ&oe=6A9CC1BB,https://www.instagram.com/p/DcmhzwZjQj_/
Super Compras Supermercado,Hortifruti / Ovos,Ovos Brancos Mantiqueira 30un,14.99,31/08/2026,https://instagram.fccm4-1.fna.fbcdn.net/v/t51.82787-15/790058600_18193115956391764_8827572755741076576_n.jpg?stp=dst-jpg_e35_tt6&_nc_cat=104&ig_cache_key=Mzk3NTQ2MjIwNjUyNzY2NTkwOQ%3D%3D.3-ccb7-5&ccb=7-5&_nc_sid=58cdad&efg=eyJ2ZW5jb2RlX3RhZyI6IkNBUk9VU0VMX0lURU0ueHBpZHMuMTQ0MC5zZHIucmVndWxhcl9waG90by5DMyJ9&_nc_ohc=lYb2blGkLh4Q7kNvwErRgtU&_nc_oc=AdoEONC1y7eFVI7hT32UOltFM9xEQLy-Yn1QHtItYkIJ_8cd1x2rPUvDKzfW3e8RQcU&_nc_ad=z-m&_nc_cid=0&_nc_zt=23&_nc_ht=instagram.fccm4-1.fna&_nc_gid=FneyDljf1jsbRdbE-7Sb-g&_nc_ss=7a22e&oh=00_AQJQQP8phYIWUXtEdBKVa2zU9ScP8kToE1FU8U70jzTxeA&oe=6A9CBBF6,https://www.instagram.com/p/DcrreFFEorJ/
Supermercado São Pedro,Hortifruti / Ovos,Ovos de Codorna Pinduca 300g,19.99,31/08/2026,https://scontent-ams2-1.cdninstagram.com/v/t39.30808-6/790341028_1508698111303305_6101754768913825516_n.jpg?stp=c0.0.1638.2048a_dst-jpg_e35_s1638x2048_tt6&_nc_cat=107&ig_cache_key=Mzk3NjE3NTA3NTg4NzQ4NDk5OQ%3D%3D.3-ccb7-5&ccb=7-5&_nc_sid=58cdad&efg=eyJ2ZW5jb2RlX3RhZyI6IkNBUk9VU0VMX0lURU0ueHBpZHMuMTYzOS5zZHIucmVndWxhcl9waG90by5DMyJ9&_nc_ohc=_1XwT5vLY4AQ7kNvwHKEz55&_nc_oc=Adqg5tBFfclFERhJFJbjOJm0oGg4YzR8WbUFIsLeQK-ahjCo0rYsScXgmbbDRpSjnk0&_nc_ad=z-m&_nc_cid=0&_nc_zt=23&_nc_ht=scontent-ams2-1.cdninstagram.com&_nc_gid=Xge3-AgsJ78GQKpYxVY_lQ&_nc_ss=7a22e&oh=00_AQKXL2-oKmbRxlKMZdJZpNxkSAGu6i1Z_8Eo2z4fJvzj_A&oe=6A9CA427,https://www.instagram.com/p/DcuNi7YiX2_/
Machadão Atacadista,Hortifruti / Ovos,Batata Easychef 2kg,20.9,01/09/2026,https://instagram.fpll8-1.fna.fbcdn.net/v/t39.30808-6/788766900_1363961989157092_7149980708576029676_n.jpg?stp=dst-jpg_e35_tt6&_nc_cat=105&_nc_map=urlgen_bucketless&ig_cache_key=Mzk3NjIxNDMzMjMyNTE5OTQzMw%3D%3D.3-ccb7-5&ccb=7-5&_nc_sid=58cdad&efg=eyJ2ZW5jb2RlX3RhZyI6IkNBUk9VU0VMX0lURU0ueHBpZHMuMTYzOC5zZHIucmVndWxhcl9waG90by5DMyJ9&_nc_ohc=2I1wZ8IpqpUQ7kNvwFAgb26&_nc_oc=AdptEXpzzvKedyOm0IUpup4aKTMN92VEbvGRKA1BQWFQpIbfA4AnOMdezqbxL5iUM5sqq0855oYZTILhNI3FLOd9&_nc_ad=z-m&_nc_cid=0&_nc_zt=23&_nc_ht=instagram.fpll8-1.fna&_nc_gid=-TX4tDFJTAdeRK5XHn8t2g&_nc_ss=7a22e&oh=00_AQL4oPpPpXHmUGCJDgCXWpuhnYQzo2USkXGxU2RSNdNmDA&oe=6A9CACD0,https://www.instagram.com/p/DcuWeMKD352/
Machadão Atacadista,Hortifruti / Ovos,Batata Easychef 2kg,20.9,01/09/2026,https://instagram.fpll8-1.fna.fbcdn.net/v/t39.30808-6/790209214_1363962295823728_6184311664090934208_n.jpg?stp=dst-jpg_e35_tt6&_nc_cat=101&_nc_map=urlgen_bucketless&ig_cache_key=Mzk3NjIxNDMzMTA5MjA0NzE3Mg%3D%3D.3-ccb7-5&ccb=7-5&_nc_sid=58cdad&efg=eyJ2ZW5jb2RlX3RhZyI6IkNBUk9VU0VMX0lURU0ueHBpZHMuMTYzOC5zZHIucmVndWxhcl9waG90by5DMyJ9&_nc_ohc=6eOf0AaqPwYQ7kNvwGdrNBZ&_nc_oc=AdrkMFMywyb9xxhGsxNzUydNzBp5WuMm_tp9Q9arUp4u5wRasbwXJXeOCdibD8xtZu5fEQKYFg0j9ixZYO0h6cDW&_nc_ad=z-m&_nc_cid=0&_nc_zt=23&_nc_ht=instagram.fpll8-1.fna&_nc_gid=-TX4tDFJTAdeRK5XHn8t2g&_nc_ss=7a22e&oh=00_AQK2ptsEy7z8d84W23PKqjoR4vKT_L03OqtRuC3I1SiyZA&oe=6A9CB5AE,https://www.instagram.com/p/DcuWeMKD352/
Machadão Atacadista,Hortifruti / Ovos,Batata Palha Boa 800g,21.99,01/09/2026,https://instagram.fpll8-1.fna.fbcdn.net/v/t39.30808-6/788766900_1363961989157092_7149980708576029676_n.jpg?stp=dst-jpg_e35_tt6&_nc_cat=105&_nc_map=urlgen_bucketless&ig_cache_key=Mzk3NjIxNDMzMjMyNTE5OTQzMw%3D%3D.3-ccb7-5&ccb=7-5&_nc_sid=58cdad&efg=eyJ2ZW5jb2RlX3RhZyI6IkNBUk9VU0VMX0lURU0ueHBpZHMuMTYzOC5zZHIucmVndWxhcl9waG90by5DMyJ9&_nc_ohc=2I1wZ8IpqpUQ7kNvwFAgb26&_nc_oc=AdptEXpzzvKedyOm0IUpup4aKTMN92VEbvGRKA1BQWFQpIbfA4AnOMdezqbxL5iUM5sqq0855oYZTILhNI3FLOd9&_nc_ad=z-m&_nc_cid=0&_nc_zt=23&_nc_ht=instagram.fpll8-1.fna&_nc_gid=-TX4tDFJTAdeRK5XHn8t2g&_nc_ss=7a22e&oh=00_AQL4oPpPpXHmUGCJDgCXWpuhnYQzo2USkXGxU2RSNdNmDA&oe=6A9CACD0,https://www.instagram.com/p/DcuWeMKD352/
Machadão Atacadista,Hortifruti / Ovos,Batata Palha Boa 800g,21.99,01/09/2026,https://instagram.fpll8-1.fna.fbcdn.net/v/t39.30808-6/790209214_1363962295823728_6184311664090934208_n.jpg?stp=dst-jpg_e35_tt6&_nc_cat=101&_nc_map=urlgen_bucketless&ig_cache_key=Mzk3NjIxNDMzMTA5MjA0NzE3Mg%3D%3D.3-ccb7-5&ccb=7-5&_nc_sid=58cdad&efg=eyJ2ZW5jb2RlX3RhZyI6IkNBUk9VU0VMX0lURU0ueHBpZHMuMTYzOC5zZHIucmVndWxhcl9waG90by5DMyJ9&_nc_ohc=6eOf0AaqPwYQ7kNvwGdrNBZ&_nc_oc=AdrkMFMywyb9xxhGsxNzUydNzBp5WuMm_tp9Q9arUp4u5wRasbwXJXeOCdibD8xtZu5fEQKYFg0j9ixZYO0h6cDW&_nc_ad=z-m&_nc_cid=0&_nc_zt=23&_nc_ht=instagram.fpll8-1.fna&_nc_gid=-TX4tDFJTAdeRK5XHn8t2g&_nc_ss=7a22e&oh=00_AQK2ptsEy7z8d84W23PKqjoR4vKT_L03OqtRuC3I1SiyZA&oe=6A9CB5AE,https://www.instagram.com/p/DcuWeMKD352/
Supermercado São Pedro,Hortifruti / Ovos,Batata Sadia 2kg,27.49,28/08/2026,https://scontent-waw2-1.cdninstagram.com/v/t51.82787-15/785599572_18195711460382122_5575322653184498920_n.jpg?stp=dst-jpg_e35_tt6&_nc_cat=109&ig_cache_key=Mzk3MzY3MjU2OTQ3ODkxNjI0Mw%3D%3D.3-ccb7-5&ccb=7-5&_nc_sid=58cdad&efg=eyJ2ZW5jb2RlX3RhZyI6IkNBUk9VU0VMX0lURU0ueHBpZHMuMTA4MS5zZHIucmVndWxhcl9waG90by5DMyJ9&_nc_ohc=GqsGB5UTShAQ7kNvwFPOwP3&_nc_oc=AdpzBt_LblKn3EUN1yxLP1c2j5kKp-CJDSm9Rz8mlKgc99GVluW-1zvOVU2SUFfw_hcHtZGeepBzEvgb38Z8QD29&_nc_ad=z-m&_nc_cid=0&_nc_zt=23&_nc_ht=scontent-waw2-1.cdninstagram.com&_nc_gid=DMKRO3jGuwK0c-WkMOZ7ag&_nc_ss=7a22e&oh=00_AQJZrmqgxQRxmq7za3NpYTPGtcV43nmNCpR0m9Z2DfhfnA&oe=6A9CC052,https://www.instagram.com/p/DclUqI1G7TG/
Bom Jesus Primavera do Leste 🛒,Laticínios / Leites e Derivados,Creme de Leite Piracanjuba 200g,2.89,31/08/2026,https://instagram.fper10-1.fna.fbcdn.net/v/t51.82787-15/789523666_18375397165237813_3042595625651888809_n.jpg?stp=dst-jpg_e35_tt6&_nc_cat=104&ig_cache_key=Mzk3NjAxNjAxNjcwNjA3NTE0OA%3D%3D.3-ccb7-5&ccb=7-5&_nc_sid=58cdad&efg=eyJ2ZW5jb2RlX3RhZyI6IkNBUk9VU0VMX0lURU0ueHBpZHMuMTA4MC5zZHIucmVndWxhcl9waG90by5DMyJ9&_nc_ohc=3X_gJLPLoscQ7kNvwEekRKh&_nc_oc=AdoXZnx3DhmM6RaXFFkolnKpMt0aCggOvmJOP-urdIrnN44TjQ7ZEpow4kwQJhG5XOA&_nc_ad=z-m&_nc_cid=0&_nc_zt=23&_nc_ht=instagram.fper10-1.fna&_nc_gid=f_Ac6QzwHuXD4P1h-TVMjQ&_nc_ss=7a22e&oh=00_AQJGnj5Z7t09OoD4B9o74OPUo48dMxB6Ie7qx2KvgqowJw&oe=6A9C9751,https://www.instagram.com/p/DctpboPFJpU/
Bom Jesus Primavera do Leste 🛒,Laticínios / Leites e Derivados,Iogurte Grego Vigor 90g,3.99,31/08/2026,https://instagram.fper10-2.fna.fbcdn.net/v/t51.82787-15/790024829_18375397153237813_1948289794463955166_n.jpg?stp=dst-jpg_e35_tt6&_nc_cat=101&ig_cache_key=Mzk3NjAxNjAxNDQwMTk2MTI2NA%3D%3D.3-ccb7-5&ccb=7-5&_nc_sid=58cdad&efg=eyJ2ZW5jb2RlX3RhZyI6IkNBUk9VU0VMX0lURU0ueHBpZHMuMTA4MC5zZHIucmVndWxhcl9waG90by5DMyJ9&_nc_ohc=jFcUhcd3ey4Q7kNvwE3hxyN&_nc_oc=AdpHLNwAhSAuy0JuMhBgUYyPQrQb9vHTlhOBCE4vAUlcw5b2c1ggi8AVU_aK1cBTvkk&_nc_ad=z-m&_nc_cid=0&_nc_zt=23&_nc_ht=instagram.fper10-2.fna&_nc_gid=f_Ac6QzwHuXD4P1h-TVMjQ&_nc_ss=7a22e&oh=00_AQKZrSxDcZhfURGq6VEeim2vq4IWAu3C1myQPZZVH6BNCA&oe=6A9CA904,https://www.instagram.com/p/DctpboPFJpU/
Bom Jesus Primavera do Leste 🛒,Laticínios / Leites e Derivados,Iogurte Frutilac 480g,4.99,31/08/2026,https://instagram.fper10-2.fna.fbcdn.net/v/t51.82787-15/790024829_18375397153237813_1948289794463955166_n.jpg?stp=dst-jpg_e35_tt6&_nc_cat=101&ig_cache_key=Mzk3NjAxNjAxNDQwMTk2MTI2NA%3D%3D.3-ccb7-5&ccb=7-5&_nc_sid=58cdad&efg=eyJ2ZW5jb2RlX3RhZyI6IkNBUk9VU0VMX0lURU0ueHBpZHMuMTA4MC5zZHIucmVndWxhcl9waG90by5DMyJ9&_nc_ohc=jFcUhcd3ey4Q7kNvwE3hxyN&_nc_oc=AdpHLNwAhSAuy0JuMhBgUYyPQrQb9vHTlhOBCE4vAUlcw5b2c1ggi8AVU_aK1cBTvkk&_nc_ad=z-m&_nc_cid=0&_nc_zt=23&_nc_ht=instagram.fper10-2.fna&_nc_gid=f_Ac6QzwHuXD4P1h-TVMjQ&_nc_ss=7a22e&oh=00_AQKZrSxDcZhfURGq6VEeim2vq4IWAu3C1myQPZZVH6BNCA&oe=6A9CA904,https://www.instagram.com/p/DctpboPFJpU/
Bom Jesus Primavera do Leste 🛒,Laticínios / Leites e Derivados,Leite Condensado Italac 395g,5.69,28/08/2026,https://instagram.fagu3-1.fna.fbcdn.net/v/t51.82787-15/788139857_18374943016237813_6095318216715939563_n.jpg?stp=dst-jpg_e35_tt6&_nc_cat=107&ig_cache_key=Mzk3Mzk3Nzc4MDcyMjI3NDY1Mg%3D%3D.3-ccb7-5&ccb=7-5&_nc_sid=58cdad&efg=eyJ2ZW5jb2RlX3RhZyI6IkNBUk9VU0VMX0lURU0ueHBpZHMuMTA4MC5zZHIucmVndWxhcl9waG90by5DMyJ9&_nc_ohc=xX3unEg9a08Q7kNvwGOEBKm&_nc_oc=Ado24mnGdNuQv2SIzLDfjY6XCYYEsNiM4rzrQdRtfWRTB8lb07qGDm6kHAdE6C_GVYrrbY0t6e50c1CUE8B7f9po&_nc_ad=z-m&_nc_cid=0&_nc_zt=23&_nc_ht=instagram.fagu3-1.fna&_nc_gid=ub-F7Ju1QestHX_RMmDV3g&_nc_ss=7a22e&oh=00_AQIFwtbmqdV6HlbS9jF1C5LBnR30cy1yTOmT2MS5A1inGg&oe=6A9CB070,https://www.instagram.com/p/DcmZ8cDD400/
Machadão Atacadista,Laticínios / Leites e Derivados,Doce de Leite Triângulo Mineiro 400g,5.79,01/09/2026,https://instagram.fpll8-1.fna.fbcdn.net/v/t39.30808-6/788766900_1363961989157092_7149980708576029676_n.jpg?stp=dst-jpg_e35_tt6&_nc_cat=105&_nc_map=urlgen_bucketless&ig_cache_key=Mzk3NjIxNDMzMjMyNTE5OTQzMw%3D%3D.3-ccb7-5&ccb=7-5&_nc_sid=58cdad&efg=eyJ2ZW5jb2RlX3RhZyI6IkNBUk9VU0VMX0lURU0ueHBpZHMuMTYzOC5zZHIucmVndWxhcl9waG90by5DMyJ9&_nc_ohc=2I1wZ8IpqpUQ7kNvwFAgb26&_nc_oc=AdptEXpzzvKedyOm0IUpup4aKTMN92VEbvGRKA1BQWFQpIbfA4AnOMdezqbxL5iUM5sqq0855oYZTILhNI3FLOd9&_nc_ad=z-m&_nc_cid=0&_nc_zt=23&_nc_ht=instagram.fpll8-1.fna&_nc_gid=-TX4tDFJTAdeRK5XHn8t2g&_nc_ss=7a22e&oh=00_AQL4oPpPpXHmUGCJDgCXWpuhnYQzo2USkXGxU2RSNdNmDA&oe=6A9CACD0,https://www.instagram.com/p/DcuWeMKD352/
Machadão Atacadista,Laticínios / Leites e Derivados,Doce de Leite Triângulo Mineiro 400g,5.79,01/09/2026,https://instagram.fpll8-1.fna.fbcdn.net/v/t39.30808-6/790209214_1363962295823728_6184311664090934208_n.jpg?stp=dst-jpg_e35_tt6&_nc_cat=101&_nc_map=urlgen_bucketless&ig_cache_key=Mzk3NjIxNDMzMTA5MjA0NzE3Mg%3D%3D.3-ccb7-5&ccb=7-5&_nc_sid=58cdad&efg=eyJ2ZW5jb2RlX3RhZyI6IkNBUk9VU0VMX0lURU0ueHBpZHMuMTYzOC5zZHIucmVndWxhcl9waG90by5DMyJ9&_nc_ohc=6eOf0AaqPwYQ7kNvwGdrNBZ&_nc_oc=AdrkMFMywyb9xxhGsxNzUydNzBp5WuMm_tp9Q9arUp4u5wRasbwXJXeOCdibD8xtZu5fEQKYFg0j9ixZYO0h6cDW&_nc_ad=z-m&_nc_cid=0&_nc_zt=23&_nc_ht=instagram.fpll8-1.fna&_nc_gid=-TX4tDFJTAdeRK5XHn8t2g&_nc_ss=7a22e&oh=00_AQK2ptsEy7z8d84W23PKqjoR4vKT_L03OqtRuC3I1SiyZA&oe=6A9CB5AE,https://www.instagram.com/p/DcuWeMKD352/
Bom Jesus Primavera do Leste 🛒,Laticínios / Leites e Derivados,Leite Italac 1L,5.99,31/08/2026,https://instagram.fper10-1.fna.fbcdn.net/v/t51.82787-15/789425401_18375397132237813_3283979444182116387_n.jpg?stp=dst-jpg_e35_tt6&_nc_cat=109&ig_cache_key=Mzk3NjAxNjAxMTkzNTgyMDU5Mg%3D%3D.3-ccb7-5&ccb=7-5&_nc_sid=58cdad&efg=eyJ2ZW5jb2RlX3RhZyI6IkNBUk9VU0VMX0lURU0ueHBpZHMuMTA4MC5zZHIucmVndWxhcl9waG90by5DMyJ9&_nc_ohc=Qo8g-Wo6lO8Q7kNvwEwrYYG&_nc_oc=AdroGpwslZJFleBfWoEg3Lhcff_tzkhIeVm5zfVxnE9385kh73-QCjuZoyHFllS3Yzw&_nc_ad=z-m&_nc_cid=0&_nc_zt=23&_nc_ht=instagram.fper10-1.fna&_nc_gid=f_Ac6QzwHuXD4P1h-TVMjQ&_nc_ss=7a22e&oh=00_AQIRLI9s0IMTyRAvAvemUDnVyYiujPMif1yEOQiVJkJbSw&oe=6A9CB3EA,https://www.instagram.com/p/DctpboPFJpU/
Bom Jesus Primavera do Leste 🛒,Laticínios / Leites e Derivados,Prato Duralex Astral Fundo,6.49,31/08/2026,https://instagram.fper10-1.fna.fbcdn.net/v/t51.82787-15/790710770_18375397150237813_205032870738913895_n.jpg?stp=dst-jpg_e35_tt6&_nc_cat=109&ig_cache_key=Mzk3NjAxNjAxODA0MzIzNjczOQ%3D%3D.3-ccb7-5&ccb=7-5&_nc_sid=58cdad&efg=eyJ2ZW5jb2RlX3RhZyI6IkNBUk9VU0VMX0lURU0ueHBpZHMuMTA4MC5zZHIucmVndWxhcl9waG90by5DMyJ9&_nc_ohc=bEKxbBy2AZwQ7kNvwHO8Sld&_nc_oc=AdpiWw3afCzauTgOnr7CZqo6RrjWO7xzvi9wQyJB7smgHhRnAUcnufRIyV2PS38CSm8&_nc_ad=z-m&_nc_cid=0&_nc_zt=23&_nc_ht=instagram.fper10-1.fna&_nc_gid=f_Ac6QzwHuXD4P1h-TVMjQ&_nc_ss=7a22e&oh=00_AQKcIGxVKzoKCZsljPzfJbsKz-cmAUsbz6pdsoYWkgRUuA&oe=6A9CA6D6,https://www.instagram.com/p/DctpboPFJpU/
Supermercado São Pedro,Laticínios / Leites e Derivados,Leite Condensado Piracanjuba 395g,6.69,31/08/2026,https://scontent-ams2-1.cdninstagram.com/v/t39.30808-6/790651262_1508698107969972_5998080027560533600_n.jpg?stp=c0.0.1638.2048a_dst-jpg_e35_s1638x2048_tt6&_nc_cat=100&ig_cache_key=Mzk3NjE3NTA3NTkzNzgyODUwNQ%3D%3D.3-ccb7-5&ccb=7-5&_nc_sid=58cdad&efg=eyJ2ZW5jb2RlX3RhZyI6IkNBUk9VU0VMX0lURU0ueHBpZHMuMTYzOS5zZHIucmVndWxhcl9waG90by5DMyJ9&_nc_ohc=26iGgEP8IggQ7kNvwFi3myb&_nc_oc=AdpFahHbRQ4ATBgLiBsv1yqm2KpYrJO7OeVAESWood1qaoyXygmJTerG7hds6O7FpeY&_nc_ad=z-m&_nc_cid=0&_nc_zt=23&_nc_ht=scontent-ams2-1.cdninstagram.com&_nc_gid=Xge3-AgsJ78GQKpYxVY_lQ&_nc_ss=7a22e&oh=00_AQJ4Jf8Stxw3-ypban37smuLiMaJKt50CRqjhY5F4xChGA&oe=6A9CC889,https://www.instagram.com/p/DcuNi7YiX2_/
Bom Jesus Primavera do Leste 🛒,Laticínios / Leites e Derivados,Leite Condensado Piracanjuba 395g,6.99,31/08/2026,https://instagram.fper10-1.fna.fbcdn.net/v/t51.82787-15/789425401_18375397132237813_3283979444182116387_n.jpg?stp=dst-jpg_e35_tt6&_nc_cat=109&ig_cache_key=Mzk3NjAxNjAxMTkzNTgyMDU5Mg%3D%3D.3-ccb7-5&ccb=7-5&_nc_sid=58cdad&efg=eyJ2ZW5jb2RlX3RhZyI6IkNBUk9VU0VMX0lURU0ueHBpZHMuMTA4MC5zZHIucmVndWxhcl9waG90by5DMyJ9&_nc_ohc=Qo8g-Wo6lO8Q7kNvwEwrYYG&_nc_oc=AdroGpwslZJFleBfWoEg3Lhcff_tzkhIeVm5zfVxnE9385kh73-QCjuZoyHFllS3Yzw&_nc_ad=z-m&_nc_cid=0&_nc_zt=23&_nc_ht=instagram.fper10-1.fna&_nc_gid=f_Ac6QzwHuXD4P1h-TVMjQ&_nc_ss=7a22e&oh=00_AQIRLI9s0IMTyRAvAvemUDnVyYiujPMif1yEOQiVJkJbSw&oe=6A9CB3EA,https://www.instagram.com/p/DctpboPFJpU/
Bom Jesus Primavera do Leste 🛒,Laticínios / Leites e Derivados,Iogurte Petit Goininho Morango 320g,7.49,28/08/2026,https://instagram.fagu3-1.fna.fbcdn.net/v/t51.82787-15/786853630_18374942971237813_3112147777905981087_n.jpg?stp=dst-jpg_e35_tt6&_nc_cat=107&ig_cache_key=Mzk3Mzk3Nzc3OTE1MzU1MzcyNQ%3D%3D.3-ccb7-5&ccb=7-5&_nc_sid=58cdad&efg=eyJ2ZW5jb2RlX3RhZyI6IkNBUk9VU0VMX0lURU0ueHBpZHMuMTA4MC5zZHIucmVndWxhcl9waG90by5DMyJ9&_nc_ohc=ekdg7i9GxycQ7kNvwG-jRqs&_nc_oc=AdqbjQUatHi_6_SUYVdiOps_-C9VZ9NERdvas8U9_3XkdO7TMRP_rTwkZMIpBu4tpoXTgNyeLFFKE9XJ0-yYtIB5&_nc_ad=z-m&_nc_cid=0&_nc_zt=23&_nc_ht=instagram.fagu3-1.fna&_nc_gid=ub-F7Ju1QestHX_RMmDV3g&_nc_ss=7a22e&oh=00_AQKX6Psx2g27TPip7q0CLixd4taD6vSF_HNFOW6wBVo-OA&oe=6A9CBBE4,https://www.instagram.com/p/DcmZ8cDD400/
Bom Jesus Primavera do Leste 🛒,Laticínios / Leites e Derivados,Queijo Queijo Mussarela Imbaúba 150g,7.99,31/08/2026,https://instagram.fper10-1.fna.fbcdn.net/v/t51.82787-15/789425401_18375397132237813_3283979444182116387_n.jpg?stp=dst-jpg_e35_tt6&_nc_cat=109&ig_cache_key=Mzk3NjAxNjAxMTkzNTgyMDU5Mg%3D%3D.3-ccb7-5&ccb=7-5&_nc_sid=58cdad&efg=eyJ2ZW5jb2RlX3RhZyI6IkNBUk9VU0VMX0lURU0ueHBpZHMuMTA4MC5zZHIucmVndWxhcl9waG90by5DMyJ9&_nc_ohc=Qo8g-Wo6lO8Q7kNvwEwrYYG&_nc_oc=AdroGpwslZJFleBfWoEg3Lhcff_tzkhIeVm5zfVxnE9385kh73-QCjuZoyHFllS3Yzw&_nc_ad=z-m&_nc_cid=0&_nc_zt=23&_nc_ht=instagram.fper10-1.fna&_nc_gid=f_Ac6QzwHuXD4P1h-TVMjQ&_nc_ss=7a22e&oh=00_AQIRLI9s0IMTyRAvAvemUDnVyYiujPMif1yEOQiVJkJbSw&oe=6A9CB3EA,https://www.instagram.com/p/DctpboPFJpU/
Bom Jesus Primavera do Leste 🛒,Laticínios / Leites e Derivados,Requeijão Catupiry 200g,8.99,28/08/2026,https://instagram.fagu3-1.fna.fbcdn.net/v/t51.82787-15/786853630_18374942971237813_3112147777905981087_n.jpg?stp=dst-jpg_e35_tt6&_nc_cat=107&ig_cache_key=Mzk3Mzk3Nzc3OTE1MzU1MzcyNQ%3D%3D.3-ccb7-5&ccb=7-5&_nc_sid=58cdad&efg=eyJ2ZW5jb2RlX3RhZyI6IkNBUk9VU0VMX0lURU0ueHBpZHMuMTA4MC5zZHIucmVndWxhcl9waG90by5DMyJ9&_nc_ohc=ekdg7i9GxycQ7kNvwG-jRqs&_nc_oc=AdqbjQUatHi_6_SUYVdiOps_-C9VZ9NERdvas8U9_3XkdO7TMRP_rTwkZMIpBu4tpoXTgNyeLFFKE9XJ0-yYtIB5&_nc_ad=z-m&_nc_cid=0&_nc_zt=23&_nc_ht=instagram.fagu3-1.fna&_nc_gid=ub-F7Ju1QestHX_RMmDV3g&_nc_ss=7a22e&oh=00_AQKX6Psx2g27TPip7q0CLixd4taD6vSF_HNFOW6wBVo-OA&oe=6A9CBBE4,https://www.instagram.com/p/DcmZ8cDD400/
Bom Jesus Primavera do Leste 🛒,Laticínios / Leites e Derivados,Requeijão Catupiry 200g,8.99,31/08/2026,https://instagram.fper10-2.fna.fbcdn.net/v/t51.82787-15/790024829_18375397153237813_1948289794463955166_n.jpg?stp=dst-jpg_e35_tt6&_nc_cat=101&ig_cache_key=Mzk3NjAxNjAxNDQwMTk2MTI2NA%3D%3D.3-ccb7-5&ccb=7-5&_nc_sid=58cdad&efg=eyJ2ZW5jb2RlX3RhZyI6IkNBUk9VU0VMX0lURU0ueHBpZHMuMTA4MC5zZHIucmVndWxhcl9waG90by5DMyJ9&_nc_ohc=jFcUhcd3ey4Q7kNvwE3hxyN&_nc_oc=AdpHLNwAhSAuy0JuMhBgUYyPQrQb9vHTlhOBCE4vAUlcw5b2c1ggi8AVU_aK1cBTvkk&_nc_ad=z-m&_nc_cid=0&_nc_zt=23&_nc_ht=instagram.fper10-2.fna&_nc_gid=f_Ac6QzwHuXD4P1h-TVMjQ&_nc_ss=7a22e&oh=00_AQKZrSxDcZhfURGq6VEeim2vq4IWAu3C1myQPZZVH6BNCA&oe=6A9CA904,https://www.instagram.com/p/DctpboPFJpU/
Bom Jesus Primavera do Leste 🛒,Laticínios / Leites e Derivados,Iogurte Goininho 1.1kg,10.99,28/08/2026,https://instagram.fagu3-1.fna.fbcdn.net/v/t51.82787-15/786853630_18374942971237813_3112147777905981087_n.jpg?stp=dst-jpg_e35_tt6&_nc_cat=107&ig_cache_key=Mzk3Mzk3Nzc3OTE1MzU1MzcyNQ%3D%3D.3-ccb7-5&ccb=7-5&_nc_sid=58cdad&efg=eyJ2ZW5jb2RlX3RhZyI6IkNBUk9VU0VMX0lURU0ueHBpZHMuMTA4MC5zZHIucmVndWxhcl9waG90by5DMyJ9&_nc_ohc=ekdg7i9GxycQ7kNvwG-jRqs&_nc_oc=AdqbjQUatHi_6_SUYVdiOps_-C9VZ9NERdvas8U9_3XkdO7TMRP_rTwkZMIpBu4tpoXTgNyeLFFKE9XJ0-yYtIB5&_nc_ad=z-m&_nc_cid=0&_nc_zt=23&_nc_ht=instagram.fagu3-1.fna&_nc_gid=ub-F7Ju1QestHX_RMmDV3g&_nc_ss=7a22e&oh=00_AQKX6Psx2g27TPip7q0CLixd4taD6vSF_HNFOW6wBVo-OA&oe=6A9CBBE4,https://www.instagram.com/p/DcmZ8cDD400/
Bom Jesus Primavera do Leste 🛒,Laticínios / Leites e Derivados,Doce de Leite Comajul 400g,10.99,28/08/2026,https://instagram.fagu3-1.fna.fbcdn.net/v/t51.82787-15/788139857_18374943016237813_6095318216715939563_n.jpg?stp=dst-jpg_e35_tt6&_nc_cat=107&ig_cache_key=Mzk3Mzk3Nzc4MDcyMjI3NDY1Mg%3D%3D.3-ccb7-5&ccb=7-5&_nc_sid=58cdad&efg=eyJ2ZW5jb2RlX3RhZyI6IkNBUk9VU0VMX0lURU0ueHBpZHMuMTA4MC5zZHIucmVndWxhcl9waG90by5DMyJ9&_nc_ohc=xX3unEg9a08Q7kNvwGOEBKm&_nc_oc=Ado24mnGdNuQv2SIzLDfjY6XCYYEsNiM4rzrQdRtfWRTB8lb07qGDm6kHAdE6C_GVYrrbY0t6e50c1CUE8B7f9po&_nc_ad=z-m&_nc_cid=0&_nc_zt=23&_nc_ht=instagram.fagu3-1.fna&_nc_gid=ub-F7Ju1QestHX_RMmDV3g&_nc_ss=7a22e&oh=00_AQIFwtbmqdV6HlbS9jF1C5LBnR30cy1yTOmT2MS5A1inGg&oe=6A9CB070,https://www.instagram.com/p/DcmZ8cDD400/
Machadão Atacadista,Laticínios / Leites e Derivados,Leite Fermentado Activia 800g,14.99,01/09/2026,https://instagram.fpll8-1.fna.fbcdn.net/v/t39.30808-6/788766900_1363961989157092_7149980708576029676_n.jpg?stp=dst-jpg_e35_tt6&_nc_cat=105&_nc_map=urlgen_bucketless&ig_cache_key=Mzk3NjIxNDMzMjMyNTE5OTQzMw%3D%3D.3-ccb7-5&ccb=7-5&_nc_sid=58cdad&efg=eyJ2ZW5jb2RlX3RhZyI6IkNBUk9VU0VMX0lURU0ueHBpZHMuMTYzOC5zZHIucmVndWxhcl9waG90by5DMyJ9&_nc_ohc=2I1wZ8IpqpUQ7kNvwFAgb26&_nc_oc=AdptEXpzzvKedyOm0IUpup4aKTMN92VEbvGRKA1BQWFQpIbfA4AnOMdezqbxL5iUM5sqq0855oYZTILhNI3FLOd9&_nc_ad=z-m&_nc_cid=0&_nc_zt=23&_nc_ht=instagram.fpll8-1.fna&_nc_gid=-TX4tDFJTAdeRK5XHn8t2g&_nc_ss=7a22e&oh=00_AQL4oPpPpXHmUGCJDgCXWpuhnYQzo2USkXGxU2RSNdNmDA&oe=6A9CACD0,https://www.instagram.com/p/DcuWeMKD352/
Machadão Atacadista,Laticínios / Leites e Derivados,Leite Fermentado Activia 800g,14.99,01/09/2026,https://instagram.fpll8-1.fna.fbcdn.net/v/t39.30808-6/790209214_1363962295823728_6184311664090934208_n.jpg?stp=dst-jpg_e35_tt6&_nc_cat=101&_nc_map=urlgen_bucketless&ig_cache_key=Mzk3NjIxNDMzMTA5MjA0NzE3Mg%3D%3D.3-ccb7-5&ccb=7-5&_nc_sid=58cdad&efg=eyJ2ZW5jb2RlX3RhZyI6IkNBUk9VU0VMX0lURU0ueHBpZHMuMTYzOC5zZHIucmVndWxhcl9waG90by5DMyJ9&_nc_ohc=6eOf0AaqPwYQ7kNvwGdrNBZ&_nc_oc=AdrkMFMywyb9xxhGsxNzUydNzBp5WuMm_tp9Q9arUp4u5wRasbwXJXeOCdibD8xtZu5fEQKYFg0j9ixZYO0h6cDW&_nc_ad=z-m&_nc_cid=0&_nc_zt=23&_nc_ht=instagram.fpll8-1.fna&_nc_gid=-TX4tDFJTAdeRK5XHn8t2g&_nc_ss=7a22e&oh=00_AQK2ptsEy7z8d84W23PKqjoR4vKT_L03OqtRuC3I1SiyZA&oe=6A9CB5AE,https://www.instagram.com/p/DcuWeMKD352/
Supermercado São Pedro,Laticínios / Leites e Derivados,Leite Ninho 380g,18.99,31/08/2026,https://scontent-ams2-1.cdninstagram.com/v/t39.30808-6/790310368_1508698117969971_69530791300054474_n.jpg?stp=c0.0.1638.2047a_dst-jpg_e35_s1638x2047_tt6&_nc_cat=102&ig_cache_key=Mzk3NjE3NTA3NzMxMzU4MjExNA%3D%3D.3-ccb7-5&ccb=7-5&_nc_sid=58cdad&efg=eyJ2ZW5jb2RlX3RhZyI6IkNBUk9VU0VMX0lURU0ueHBpZHMuMTYzOC5zZHIucmVndWxhcl9waG90by5DMyJ9&_nc_ohc=uD9JaANzDd0Q7kNvwH535Ek&_nc_oc=AdprH4neidouuwsJ_1qpmFfrpVbcOcik7xk0TXKCERxxoY78EK1TcA99K8RizzfECOo&_nc_ad=z-m&_nc_cid=0&_nc_zt=23&_nc_ht=scontent-ams2-1.cdninstagram.com&_nc_gid=Xge3-AgsJ78GQKpYxVY_lQ&_nc_ss=7a22e&oh=00_AQLyxdP99X1LwDUKlEg0XOKW49YjRLzzhit7vnib_Xlk7w&oe=6A9CC4DA,https://www.instagram.com/p/DcuNi7YiX2_/
Bom Jesus Primavera do Leste 🛒,Laticínios / Leites e Derivados,Leite em Pó Ninho 380g,19.99,28/08/2026,https://instagram.fagu3-1.fna.fbcdn.net/v/t51.82787-15/788139857_18374943016237813_6095318216715939563_n.jpg?stp=dst-jpg_e35_tt6&_nc_cat=107&ig_cache_key=Mzk3Mzk3Nzc4MDcyMjI3NDY1Mg%3D%3D.3-ccb7-5&ccb=7-5&_nc_sid=58cdad&efg=eyJ2ZW5jb2RlX3RhZyI6IkNBUk9VU0VMX0lURU0ueHBpZHMuMTA4MC5zZHIucmVndWxhcl9waG90by5DMyJ9&_nc_ohc=xX3unEg9a08Q7kNvwGOEBKm&_nc_oc=Ado24mnGdNuQv2SIzLDfjY6XCYYEsNiM4rzrQdRtfWRTB8lb07qGDm6kHAdE6C_GVYrrbY0t6e50c1CUE8B7f9po&_nc_ad=z-m&_nc_cid=0&_nc_zt=23&_nc_ht=instagram.fagu3-1.fna&_nc_gid=ub-F7Ju1QestHX_RMmDV3g&_nc_ss=7a22e&oh=00_AQIFwtbmqdV6HlbS9jF1C5LBnR30cy1yTOmT2MS5A1inGg&oe=6A9CB070,https://www.instagram.com/p/DcmZ8cDD400/
Bom Jesus Primavera do Leste 🛒,Laticínios / Leites e Derivados,Queijo Queijo Mussarela Casterleite kg,45.99,28/08/2026,https://instagram.fagu3-1.fna.fbcdn.net/v/t51.82787-15/788139857_18374943016237813_6095318216715939563_n.jpg?stp=dst-jpg_e35_tt6&_nc_cat=107&ig_cache_key=Mzk3Mzk3Nzc4MDcyMjI3NDY1Mg%3D%3D.3-ccb7-5&ccb=7-5&_nc_sid=58cdad&efg=eyJ2ZW5jb2RlX3RhZyI6IkNBUk9VU0VMX0lURU0ueHBpZHMuMTA4MC5zZHIucmVndWxhcl9waG90by5DMyJ9&_nc_ohc=xX3unEg9a08Q7kNvwGOEBKm&_nc_oc=Ado24mnGdNuQv2SIzLDfjY6XCYYEsNiM4rzrQdRtfWRTB8lb07qGDm6kHAdE6C_GVYrrbY0t6e50c1CUE8B7f9po&_nc_ad=z-m&_nc_cid=0&_nc_zt=23&_nc_ht=instagram.fagu3-1.fna&_nc_gid=ub-F7Ju1QestHX_RMmDV3g&_nc_ss=7a22e&oh=00_AQIFwtbmqdV6HlbS9jF1C5LBnR30cy1yTOmT2MS5A1inGg&oe=6A9CB070,https://www.instagram.com/p/DcmZ8cDD400/
Bom Jesus Primavera do Leste 🛒,Laticínios / Leites e Derivados,Queijo Queijo Mussarela Casterleite kg,45.99,31/08/2026,https://instagram.fper10-1.fna.fbcdn.net/v/t51.82787-15/789425401_18375397132237813_3283979444182116387_n.jpg?stp=dst-jpg_e35_tt6&_nc_cat=109&ig_cache_key=Mzk3NjAxNjAxMTkzNTgyMDU5Mg%3D%3D.3-ccb7-5&ccb=7-5&_nc_sid=58cdad&efg=eyJ2ZW5jb2RlX3RhZyI6IkNBUk9VU0VMX0lURU0ueHBpZHMuMTA4MC5zZHIucmVndWxhcl9waG90by5DMyJ9&_nc_ohc=Qo8g-Wo6lO8Q7kNvwEwrYYG&_nc_oc=AdroGpwslZJFleBfWoEg3Lhcff_tzkhIeVm5zfVxnE9385kh73-QCjuZoyHFllS3Yzw&_nc_ad=z-m&_nc_cid=0&_nc_zt=23&_nc_ht=instagram.fper10-1.fna&_nc_gid=f_Ac6QzwHuXD4P1h-TVMjQ&_nc_ss=7a22e&oh=00_AQIRLI9s0IMTyRAvAvemUDnVyYiujPMif1yEOQiVJkJbSw&oe=6A9CB3EA,https://www.instagram.com/p/DctpboPFJpU/
Supermercado São Pedro,Laticínios / Leites e Derivados,Queijo Queijo Mussarela Lactvit kg,46.99,28/08/2026,https://scontent-waw2-1.cdninstagram.com/v/t51.82787-15/785599572_18195711460382122_5575322653184498920_n.jpg?stp=dst-jpg_e35_tt6&_nc_cat=109&ig_cache_key=Mzk3MzY3MjU2OTQ3ODkxNjI0Mw%3D%3D.3-ccb7-5&ccb=7-5&_nc_sid=58cdad&efg=eyJ2ZW5jb2RlX3RhZyI6IkNBUk9VU0VMX0lURU0ueHBpZHMuMTA4MS5zZHIucmVndWxhcl9waG90by5DMyJ9&_nc_ohc=GqsGB5UTShAQ7kNvwFPOwP3&_nc_oc=AdpzBt_LblKn3EUN1yxLP1c2j5kKp-CJDSm9Rz8mlKgc99GVluW-1zvOVU2SUFfw_hcHtZGeepBzEvgb38Z8QD29&_nc_ad=z-m&_nc_cid=0&_nc_zt=23&_nc_ht=scontent-waw2-1.cdninstagram.com&_nc_gid=DMKRO3jGuwK0c-WkMOZ7ag&_nc_ss=7a22e&oh=00_AQJZrmqgxQRxmq7za3NpYTPGtcV43nmNCpR0m9Z2DfhfnA&oe=6A9CC052,https://www.instagram.com/p/DclUqI1G7TG/
Bom Jesus Primavera do Leste 🛒,Limpeza / Cuidados com a Casa,Detergente Líquido Ypê 500ml,2.49,28/08/2026,https://instagram.fagu3-1.fna.fbcdn.net/v/t51.82787-15/786121630_18374942941237813_4377572295512190675_n.jpg?stp=dst-jpg_e35_tt6&_nc_cat=103&ig_cache_key=Mzk3Mzk3Nzc3NDI1NDQ2NDc1MQ%3D%3D.3-ccb7-5&ccb=7-5&_nc_sid=58cdad&efg=eyJ2ZW5jb2RlX3RhZyI6IkNBUk9VU0VMX0lURU0ueHBpZHMuMTA4MC5zZHIucmVndWxhcl9waG90by5DMyJ9&_nc_ohc=5BeqK52yeS8Q7kNvwFMJT4h&_nc_oc=Adr3IQ86hkGGGSgPGwElhnjIw4fB4X2rprRmEHlTx5054HahfZVcJae-1j0R9cFy9oFdFIn4p-xUAPTN64i9hMj9&_nc_ad=z-m&_nc_cid=0&_nc_zt=23&_nc_ht=instagram.fagu3-1.fna&_nc_gid=ub-F7Ju1QestHX_RMmDV3g&_nc_ss=7a22e&oh=00_AQLXuEg_TiPi3Tzh20ZU7NBY3tGVQ0qK-gKSGjnVNhfLsQ&oe=6A9CBA45,https://www.instagram.com/p/DcmZ8cDD400/
Machadão Atacadista,Limpeza / Cuidados com a Casa,Limpador Multiuso Veja 500ml,4.19,01/09/2026,https://instagram.fpll8-2.fna.fbcdn.net/v/t39.30808-6/788717108_1363962009157090_7645430109379984108_n.jpg?stp=dst-jpg_e35_tt6&_nc_cat=110&_nc_map=urlgen_bucketless&ig_cache_key=Mzk3NjIxNDMzMjA1Njc3MzMzMA%3D%3D.3-ccb7-5&ccb=7-5&_nc_sid=58cdad&efg=eyJ2ZW5jb2RlX3RhZyI6IkNBUk9VU0VMX0lURU0ueHBpZHMuMTYzOC5zZHIucmVndWxhcl9waG90by5DMyJ9&_nc_ohc=nXwqXMc37ZkQ7kNvwGVtGCO&_nc_oc=Adp7sfzCL-HUqgN8ZdvBh4rs5GY5ekMPP5vmR5OBqPXil3Pgd9fgZExeFNnR9hplXn3EvPl2-4HEP6XcATezetTB&_nc_ad=z-m&_nc_cid=0&_nc_zt=23&_nc_ht=instagram.fpll8-2.fna&_nc_gid=-TX4tDFJTAdeRK5XHn8t2g&_nc_ss=7a22e&oh=00_AQLR5HcCVU9xXTpmdmaRsvdUl9qkP5z4W1uTaAIOWPzu5A&oe=6A9CA2D3,https://www.instagram.com/p/DcuWeMKD352/
Machadão Atacadista,Limpeza / Cuidados com a Casa,Limpador Multiuso Veja 500ml,4.19,01/09/2026,https://instagram.fpll8-1.fna.fbcdn.net/v/t39.30808-6/788880664_1363962219157069_5966186908781895719_n.jpg?stp=dst-jpg_e35_tt6&_nc_cat=108&_nc_map=urlgen_bucketless&ig_cache_key=Mzk3NjIxNDMzMDk4MzA0NjUzNQ%3D%3D.3-ccb7-5&ccb=7-5&_nc_sid=58cdad&efg=eyJ2ZW5jb2RlX3RhZyI6IkNBUk9VU0VMX0lURU0ueHBpZHMuMTYzOC5zZHIucmVndWxhcl9waG90by5DMyJ9&_nc_ohc=72ND--9jcv0Q7kNvwF0do42&_nc_oc=AdokRmfQYpSec-2ucIKH9kkeydArBu8cMnaC6TebBY3z2_slG7lJHFk5WYLBT4SZMOrknVFv7HLZQgBv_NkX-P-r&_nc_ad=z-m&_nc_cid=0&_nc_zt=23&_nc_ht=instagram.fpll8-1.fna&_nc_gid=-TX4tDFJTAdeRK5XHn8t2g&_nc_ss=7a22e&oh=00_AQL22D_4fOEr93A62UmNnlDk4uo-vqACz7jfEudhOafeFA&oe=6A9CA88C,https://www.instagram.com/p/DcuWeMKD352/
Machadão Atacadista,Limpeza / Cuidados com a Casa,Esponja Multiuso Bettanin Esfrebom 4un,5.98,01/09/2026,https://instagram.fpll8-2.fna.fbcdn.net/v/t39.30808-6/788717108_1363962009157090_7645430109379984108_n.jpg?stp=dst-jpg_e35_tt6&_nc_cat=110&_nc_map=urlgen_bucketless&ig_cache_key=Mzk3NjIxNDMzMjA1Njc3MzMzMA%3D%3D.3-ccb7-5&ccb=7-5&_nc_sid=58cdad&efg=eyJ2ZW5jb2RlX3RhZyI6IkNBUk9VU0VMX0lURU0ueHBpZHMuMTYzOC5zZHIucmVndWxhcl9waG90by5DMyJ9&_nc_ohc=nXwqXMc37ZkQ7kNvwGVtGCO&_nc_oc=Adp7sfzCL-HUqgN8ZdvBh4rs5GY5ekMPP5vmR5OBqPXil3Pgd9fgZExeFNnR9hplXn3EvPl2-4HEP6XcATezetTB&_nc_ad=z-m&_nc_cid=0&_nc_zt=23&_nc_ht=instagram.fpll8-2.fna&_nc_gid=-TX4tDFJTAdeRK5XHn8t2g&_nc_ss=7a22e&oh=00_AQLR5HcCVU9xXTpmdmaRsvdUl9qkP5z4W1uTaAIOWPzu5A&oe=6A9CA2D3,https://www.instagram.com/p/DcuWeMKD352/
Machadão Atacadista,Limpeza / Cuidados com a Casa,Esponja Multiuso Esfrebom Bettanin 4un,5.98,01/09/2026,https://instagram.fpll8-1.fna.fbcdn.net/v/t39.30808-6/788880664_1363962219157069_5966186908781895719_n.jpg?stp=dst-jpg_e35_tt6&_nc_cat=108&_nc_map=urlgen_bucketless&ig_cache_key=Mzk3NjIxNDMzMDk4MzA0NjUzNQ%3D%3D.3-ccb7-5&ccb=7-5&_nc_sid=58cdad&efg=eyJ2ZW5jb2RlX3RhZyI6IkNBUk9VU0VMX0lURU0ueHBpZHMuMTYzOC5zZHIucmVndWxhcl9waG90by5DMyJ9&_nc_ohc=72ND--9jcv0Q7kNvwF0do42&_nc_oc=AdokRmfQYpSec-2ucIKH9kkeydArBu8cMnaC6TebBY3z2_slG7lJHFk5WYLBT4SZMOrknVFv7HLZQgBv_NkX-P-r&_nc_ad=z-m&_nc_cid=0&_nc_zt=23&_nc_ht=instagram.fpll8-1.fna&_nc_gid=-TX4tDFJTAdeRK5XHn8t2g&_nc_ss=7a22e&oh=00_AQL22D_4fOEr93A62UmNnlDk4uo-vqACz7jfEudhOafeFA&oe=6A9CA88C,https://www.instagram.com/p/DcuWeMKD352/
Bom Jesus Primavera do Leste 🛒,Limpeza / Cuidados com a Casa,Desinfetante Remmus 2L,6.49,31/08/2026,https://instagram.fper10-1.fna.fbcdn.net/v/t51.82787-15/788877619_18375397174237813_953017416961948990_n.jpg?stp=dst-jpg_e35_tt6&_nc_cat=109&ig_cache_key=Mzk3NjAxNjAxOTgyOTU0MTUxNA%3D%3D.3-ccb7-5&ccb=7-5&_nc_sid=58cdad&efg=eyJ2ZW5jb2RlX3RhZyI6IkNBUk9VU0VMX0lURU0ueHBpZHMuMTA4MC5zZHIucmVndWxhcl9waG90by5DMyJ9&_nc_ohc=N5VPEzPgA_YQ7kNvwHRJF1f&_nc_oc=Adq7-ko9rQHLeEUdsmTT2RZ-TBHUsB1f-dWVKJdtu-acW7oBlFOMP93pK6kEysB0q9Y&_nc_ad=z-m&_nc_cid=0&_nc_zt=23&_nc_ht=instagram.fper10-1.fna&_nc_gid=f_Ac6QzwHuXD4P1h-TVMjQ&_nc_ss=7a22e&oh=00_AQJyrxV3nBcd4tTD6GCT5L06M6Lj-1wDYzbMgzZfRCEfsg&oe=6A9C99FA,https://www.instagram.com/p/DctpboPFJpU/
Machadão Atacadista,Limpeza / Cuidados com a Casa,Limpador Perfumado Suavelar Concentrado 140ml,6.98,01/09/2026,https://instagram.fpll8-2.fna.fbcdn.net/v/t39.30808-6/788717108_1363962009157090_7645430109379984108_n.jpg?stp=dst-jpg_e35_tt6&_nc_cat=110&_nc_map=urlgen_bucketless&ig_cache_key=Mzk3NjIxNDMzMjA1Njc3MzMzMA%3D%3D.3-ccb7-5&ccb=7-5&_nc_sid=58cdad&efg=eyJ2ZW5jb2RlX3RhZyI6IkNBUk9VU0VMX0lURU0ueHBpZHMuMTYzOC5zZHIucmVndWxhcl9waG90by5DMyJ9&_nc_ohc=nXwqXMc37ZkQ7kNvwGVtGCO&_nc_oc=Adp7sfzCL-HUqgN8ZdvBh4rs5GY5ekMPP5vmR5OBqPXil3Pgd9fgZExeFNnR9hplXn3EvPl2-4HEP6XcATezetTB&_nc_ad=z-m&_nc_cid=0&_nc_zt=23&_nc_ht=instagram.fpll8-2.fna&_nc_gid=-TX4tDFJTAdeRK5XHn8t2g&_nc_ss=7a22e&oh=00_AQLR5HcCVU9xXTpmdmaRsvdUl9qkP5z4W1uTaAIOWPzu5A&oe=6A9CA2D3,https://www.instagram.com/p/DcuWeMKD352/
Machadão Atacadista,Limpeza / Cuidados com a Casa,Limpador Perfumado Suavelar Concentrado 140ml,6.98,01/09/2026,https://instagram.fpll8-1.fna.fbcdn.net/v/t39.30808-6/788880664_1363962219157069_5966186908781895719_n.jpg?stp=dst-jpg_e35_tt6&_nc_cat=108&_nc_map=urlgen_bucketless&ig_cache_key=Mzk3NjIxNDMzMDk4MzA0NjUzNQ%3D%3D.3-ccb7-5&ccb=7-5&_nc_sid=58cdad&efg=eyJ2ZW5jb2RlX3RhZyI6IkNBUk9VU0VMX0lURU0ueHBpZHMuMTYzOC5zZHIucmVndWxhcl9waG90by5DMyJ9&_nc_ohc=72ND--9jcv0Q7kNvwF0do42&_nc_oc=AdokRmfQYpSec-2ucIKH9kkeydArBu8cMnaC6TebBY3z2_slG7lJHFk5WYLBT4SZMOrknVFv7HLZQgBv_NkX-P-r&_nc_ad=z-m&_nc_cid=0&_nc_zt=23&_nc_ht=instagram.fpll8-1.fna&_nc_gid=-TX4tDFJTAdeRK5XHn8t2g&_nc_ss=7a22e&oh=00_AQL22D_4fOEr93A62UmNnlDk4uo-vqACz7jfEudhOafeFA&oe=6A9CA88C,https://www.instagram.com/p/DcuWeMKD352/
Supermercado São Pedro,Limpeza / Cuidados com a Casa,Água Sanitária Girando Sol 2L,7.99,31/08/2026,https://scontent-ams2-1.cdninstagram.com/v/t39.30808-6/790651262_1508698107969972_5998080027560533600_n.jpg?stp=c0.0.1638.2048a_dst-jpg_e35_s1638x2048_tt6&_nc_cat=100&ig_cache_key=Mzk3NjE3NTA3NTkzNzgyODUwNQ%3D%3D.3-ccb7-5&ccb=7-5&_nc_sid=58cdad&efg=eyJ2ZW5jb2RlX3RhZyI6IkNBUk9VU0VMX0lURU0ueHBpZHMuMTYzOS5zZHIucmVndWxhcl9waG90by5DMyJ9&_nc_ohc=26iGgEP8IggQ7kNvwFi3myb&_nc_oc=AdpFahHbRQ4ATBgLiBsv1yqm2KpYrJO7OeVAESWood1qaoyXygmJTerG7hds6O7FpeY&_nc_ad=z-m&_nc_cid=0&_nc_zt=23&_nc_ht=scontent-ams2-1.cdninstagram.com&_nc_gid=Xge3-AgsJ78GQKpYxVY_lQ&_nc_ss=7a22e&oh=00_AQJ4Jf8Stxw3-ypban37smuLiMaJKt50CRqjhY5F4xChGA&oe=6A9CC889,https://www.instagram.com/p/DcuNi7YiX2_/
Machadão Atacadista,Limpeza / Cuidados com a Casa,Amaciante Concentrado Girando Sol 500ml,8.79,01/09/2026,https://instagram.fpll8-2.fna.fbcdn.net/v/t39.30808-6/788717108_1363962009157090_7645430109379984108_n.jpg?stp=dst-jpg_e35_tt6&_nc_cat=110&_nc_map=urlgen_bucketless&ig_cache_key=Mzk3NjIxNDMzMjA1Njc3MzMzMA%3D%3D.3-ccb7-5&ccb=7-5&_nc_sid=58cdad&efg=eyJ2ZW5jb2RlX3RhZyI6IkNBUk9VU0VMX0lURU0ueHBpZHMuMTYzOC5zZHIucmVndWxhcl9waG90by5DMyJ9&_nc_ohc=nXwqXMc37ZkQ7kNvwGVtGCO&_nc_oc=Adp7sfzCL-HUqgN8ZdvBh4rs5GY5ekMPP5vmR5OBqPXil3Pgd9fgZExeFNnR9hplXn3EvPl2-4HEP6XcATezetTB&_nc_ad=z-m&_nc_cid=0&_nc_zt=23&_nc_ht=instagram.fpll8-2.fna&_nc_gid=-TX4tDFJTAdeRK5XHn8t2g&_nc_ss=7a22e&oh=00_AQLR5HcCVU9xXTpmdmaRsvdUl9qkP5z4W1uTaAIOWPzu5A&oe=6A9CA2D3,https://www.instagram.com/p/DcuWeMKD352/
Machadão Atacadista,Limpeza / Cuidados com a Casa,Amaciante Concentrado Girando Sol 500ml,8.79,01/09/2026,https://instagram.fpll8-1.fna.fbcdn.net/v/t39.30808-6/788880664_1363962219157069_5966186908781895719_n.jpg?stp=dst-jpg_e35_tt6&_nc_cat=108&_nc_map=urlgen_bucketless&ig_cache_key=Mzk3NjIxNDMzMDk4MzA0NjUzNQ%3D%3D.3-ccb7-5&ccb=7-5&_nc_sid=58cdad&efg=eyJ2ZW5jb2RlX3RhZyI6IkNBUk9VU0VMX0lURU0ueHBpZHMuMTYzOC5zZHIucmVndWxhcl9waG90by5DMyJ9&_nc_ohc=72ND--9jcv0Q7kNvwF0do42&_nc_oc=AdokRmfQYpSec-2ucIKH9kkeydArBu8cMnaC6TebBY3z2_slG7lJHFk5WYLBT4SZMOrknVFv7HLZQgBv_NkX-P-r&_nc_ad=z-m&_nc_cid=0&_nc_zt=23&_nc_ht=instagram.fpll8-1.fna&_nc_gid=-TX4tDFJTAdeRK5XHn8t2g&_nc_ss=7a22e&oh=00_AQL22D_4fOEr93A62UmNnlDk4uo-vqACz7jfEudhOafeFA&oe=6A9CA88C,https://www.instagram.com/p/DcuWeMKD352/
Supermercado São Pedro,Limpeza / Cuidados com a Casa,Amaciante Ypê 2L,10.29,31/08/2026,https://scontent-ams2-1.cdninstagram.com/v/t39.30808-6/790651262_1508698107969972_5998080027560533600_n.jpg?stp=c0.0.1638.2048a_dst-jpg_e35_s1638x2048_tt6&_nc_cat=100&ig_cache_key=Mzk3NjE3NTA3NTkzNzgyODUwNQ%3D%3D.3-ccb7-5&ccb=7-5&_nc_sid=58cdad&efg=eyJ2ZW5jb2RlX3RhZyI6IkNBUk9VU0VMX0lURU0ueHBpZHMuMTYzOS5zZHIucmVndWxhcl9waG90by5DMyJ9&_nc_ohc=26iGgEP8IggQ7kNvwFi3myb&_nc_oc=AdpFahHbRQ4ATBgLiBsv1yqm2KpYrJO7OeVAESWood1qaoyXygmJTerG7hds6O7FpeY&_nc_ad=z-m&_nc_cid=0&_nc_zt=23&_nc_ht=scontent-ams2-1.cdninstagram.com&_nc_gid=Xge3-AgsJ78GQKpYxVY_lQ&_nc_ss=7a22e&oh=00_AQJ4Jf8Stxw3-ypban37smuLiMaJKt50CRqjhY5F4xChGA&oe=6A9CC889,https://www.instagram.com/p/DcuNi7YiX2_/
Supermercado São Pedro,Limpeza / Cuidados com a Casa,Desinfetante Ypê 2L,10.99,31/08/2026,https://scontent-ams2-1.cdninstagram.com/v/t39.30808-6/790651262_1508698107969972_5998080027560533600_n.jpg?stp=c0.0.1638.2048a_dst-jpg_e35_s1638x2048_tt6&_nc_cat=100&ig_cache_key=Mzk3NjE3NTA3NTkzNzgyODUwNQ%3D%3D.3-ccb7-5&ccb=7-5&_nc_sid=58cdad&efg=eyJ2ZW5jb2RlX3RhZyI6IkNBUk9VU0VMX0lURU0ueHBpZHMuMTYzOS5zZHIucmVndWxhcl9waG90by5DMyJ9&_nc_ohc=26iGgEP8IggQ7kNvwFi3myb&_nc_oc=AdpFahHbRQ4ATBgLiBsv1yqm2KpYrJO7OeVAESWood1qaoyXygmJTerG7hds6O7FpeY&_nc_ad=z-m&_nc_cid=0&_nc_zt=23&_nc_ht=scontent-ams2-1.cdninstagram.com&_nc_gid=Xge3-AgsJ78GQKpYxVY_lQ&_nc_ss=7a22e&oh=00_AQJ4Jf8Stxw3-ypban37smuLiMaJKt50CRqjhY5F4xChGA&oe=6A9CC889,https://www.instagram.com/p/DcuNi7YiX2_/
Bom Jesus Primavera do Leste 🛒,Limpeza / Cuidados com a Casa,Amaciante Ypê 2L,10.99,31/08/2026,https://instagram.fper10-1.fna.fbcdn.net/v/t51.82787-15/788877619_18375397174237813_953017416961948990_n.jpg?stp=dst-jpg_e35_tt6&_nc_cat=109&ig_cache_key=Mzk3NjAxNjAxOTgyOTU0MTUxNA%3D%3D.3-ccb7-5&ccb=7-5&_nc_sid=58cdad&efg=eyJ2ZW5jb2RlX3RhZyI6IkNBUk9VU0VMX0lURU0ueHBpZHMuMTA4MC5zZHIucmVndWxhcl9waG90by5DMyJ9&_nc_ohc=N5VPEzPgA_YQ7kNvwHRJF1f&_nc_oc=Adq7-ko9rQHLeEUdsmTT2RZ-TBHUsB1f-dWVKJdtu-acW7oBlFOMP93pK6kEysB0q9Y&_nc_ad=z-m&_nc_cid=0&_nc_zt=23&_nc_ht=instagram.fper10-1.fna&_nc_gid=f_Ac6QzwHuXD4P1h-TVMjQ&_nc_ss=7a22e&oh=00_AQJyrxV3nBcd4tTD6GCT5L06M6Lj-1wDYzbMgzZfRCEfsg&oe=6A9C99FA,https://www.instagram.com/p/DctpboPFJpU/
Machadão Atacadista,Limpeza / Cuidados com a Casa,Inseticida Proinset 600ml,10.99,01/09/2026,https://instagram.fpll8-2.fna.fbcdn.net/v/t39.30808-6/788717108_1363962009157090_7645430109379984108_n.jpg?stp=dst-jpg_e35_tt6&_nc_cat=110&_nc_map=urlgen_bucketless&ig_cache_key=Mzk3NjIxNDMzMjA1Njc3MzMzMA%3D%3D.3-ccb7-5&ccb=7-5&_nc_sid=58cdad&efg=eyJ2ZW5jb2RlX3RhZyI6IkNBUk9VU0VMX0lURU0ueHBpZHMuMTYzOC5zZHIucmVndWxhcl9waG90by5DMyJ9&_nc_ohc=nXwqXMc37ZkQ7kNvwGVtGCO&_nc_oc=Adp7sfzCL-HUqgN8ZdvBh4rs5GY5ekMPP5vmR5OBqPXil3Pgd9fgZExeFNnR9hplXn3EvPl2-4HEP6XcATezetTB&_nc_ad=z-m&_nc_cid=0&_nc_zt=23&_nc_ht=instagram.fpll8-2.fna&_nc_gid=-TX4tDFJTAdeRK5XHn8t2g&_nc_ss=7a22e&oh=00_AQLR5HcCVU9xXTpmdmaRsvdUl9qkP5z4W1uTaAIOWPzu5A&oe=6A9CA2D3,https://www.instagram.com/p/DcuWeMKD352/
Machadão Atacadista,Limpeza / Cuidados com a Casa,Inseticida Proinset 600ml,10.99,01/09/2026,https://instagram.fpll8-1.fna.fbcdn.net/v/t39.30808-6/788880664_1363962219157069_5966186908781895719_n.jpg?stp=dst-jpg_e35_tt6&_nc_cat=108&_nc_map=urlgen_bucketless&ig_cache_key=Mzk3NjIxNDMzMDk4MzA0NjUzNQ%3D%3D.3-ccb7-5&ccb=7-5&_nc_sid=58cdad&efg=eyJ2ZW5jb2RlX3RhZyI6IkNBUk9VU0VMX0lURU0ueHBpZHMuMTYzOC5zZHIucmVndWxhcl9waG90by5DMyJ9&_nc_ohc=72ND--9jcv0Q7kNvwF0do42&_nc_oc=AdokRmfQYpSec-2ucIKH9kkeydArBu8cMnaC6TebBY3z2_slG7lJHFk5WYLBT4SZMOrknVFv7HLZQgBv_NkX-P-r&_nc_ad=z-m&_nc_cid=0&_nc_zt=23&_nc_ht=instagram.fpll8-1.fna&_nc_gid=-TX4tDFJTAdeRK5XHn8t2g&_nc_ss=7a22e&oh=00_AQL22D_4fOEr93A62UmNnlDk4uo-vqACz7jfEudhOafeFA&oe=6A9CA88C,https://www.instagram.com/p/DcuWeMKD352/
Bom Jesus Primavera do Leste 🛒,Limpeza / Cuidados com a Casa,Água Sanitária Ypê 2L,11.49,31/08/2026,https://instagram.fper10-1.fna.fbcdn.net/v/t51.82787-15/788877619_18375397174237813_953017416961948990_n.jpg?stp=dst-jpg_e35_tt6&_nc_cat=109&ig_cache_key=Mzk3NjAxNjAxOTgyOTU0MTUxNA%3D%3D.3-ccb7-5&ccb=7-5&_nc_sid=58cdad&efg=eyJ2ZW5jb2RlX3RhZyI6IkNBUk9VU0VMX0lURU0ueHBpZHMuMTA4MC5zZHIucmVndWxhcl9waG90by5DMyJ9&_nc_ohc=N5VPEzPgA_YQ7kNvwHRJF1f&_nc_oc=Adq7-ko9rQHLeEUdsmTT2RZ-TBHUsB1f-dWVKJdtu-acW7oBlFOMP93pK6kEysB0q9Y&_nc_ad=z-m&_nc_cid=0&_nc_zt=23&_nc_ht=instagram.fper10-1.fna&_nc_gid=f_Ac6QzwHuXD4P1h-TVMjQ&_nc_ss=7a22e&oh=00_AQJyrxV3nBcd4tTD6GCT5L06M6Lj-1wDYzbMgzZfRCEfsg&oe=6A9C99FA,https://www.instagram.com/p/DctpboPFJpU/
Bom Jesus Primavera do Leste 🛒,Limpeza / Cuidados com a Casa,Desinfetante Pinho Bril 1L,11.99,28/08/2026,https://instagram.fagu3-1.fna.fbcdn.net/v/t51.82787-15/788860531_18374942995237813_624644092953609674_n.jpg?stp=dst-jpg_e35_tt6&_nc_cat=106&ig_cache_key=Mzk3Mzk3Nzc4MjEzMTM5MTcwNQ%3D%3D.3-ccb7-5&ccb=7-5&_nc_sid=58cdad&efg=eyJ2ZW5jb2RlX3RhZyI6IkNBUk9VU0VMX0lURU0ueHBpZHMuMTA4MC5zZHIucmVndWxhcl9waG90by5DMyJ9&_nc_ohc=mOHmscgEnGsQ7kNvwG0PQUn&_nc_oc=AdrnTvsOFFkNfnHfY75s1obDc4syPIbh38dwbw0-nRxvMcu5mBgdahDwtxkyaB2nM6O9DyZF_Ce2RoL-nnEYXLth&_nc_ad=z-m&_nc_cid=0&_nc_zt=23&_nc_ht=instagram.fagu3-1.fna&_nc_gid=ub-F7Ju1QestHX_RMmDV3g&_nc_ss=7a22e&oh=00_AQLUCXvuPQW3Nq0qTBAt7t_Gwg-0uCGi7p0Nzj_WftC11w&oe=6A9CB28B,https://www.instagram.com/p/DcmZ8cDD400/
Bom Jesus Primavera do Leste 🛒,Limpeza / Cuidados com a Casa,Detergente em Pó Tixan Ypê 800g,12.99,28/08/2026,https://instagram.fagu3-1.fna.fbcdn.net/v/t51.82787-15/788860531_18374942995237813_624644092953609674_n.jpg?stp=dst-jpg_e35_tt6&_nc_cat=106&ig_cache_key=Mzk3Mzk3Nzc4MjEzMTM5MTcwNQ%3D%3D.3-ccb7-5&ccb=7-5&_nc_sid=58cdad&efg=eyJ2ZW5jb2RlX3RhZyI6IkNBUk9VU0VMX0lURU0ueHBpZHMuMTA4MC5zZHIucmVndWxhcl9waG90by5DMyJ9&_nc_ohc=mOHmscgEnGsQ7kNvwG0PQUn&_nc_oc=AdrnTvsOFFkNfnHfY75s1obDc4syPIbh38dwbw0-nRxvMcu5mBgdahDwtxkyaB2nM6O9DyZF_Ce2RoL-nnEYXLth&_nc_ad=z-m&_nc_cid=0&_nc_zt=23&_nc_ht=instagram.fagu3-1.fna&_nc_gid=ub-F7Ju1QestHX_RMmDV3g&_nc_ss=7a22e&oh=00_AQLUCXvuPQW3Nq0qTBAt7t_Gwg-0uCGi7p0Nzj_WftC11w&oe=6A9CB28B,https://www.instagram.com/p/DcmZ8cDD400/
Bom Jesus Primavera do Leste 🛒,Limpeza / Cuidados com a Casa,Desinfetante Pinho Sol 1L,13.49,31/08/2026,https://instagram.fper10-1.fna.fbcdn.net/v/t51.82787-15/788877619_18375397174237813_953017416961948990_n.jpg?stp=dst-jpg_e35_tt6&_nc_cat=109&ig_cache_key=Mzk3NjAxNjAxOTgyOTU0MTUxNA%3D%3D.3-ccb7-5&ccb=7-5&_nc_sid=58cdad&efg=eyJ2ZW5jb2RlX3RhZyI6IkNBUk9VU0VMX0lURU0ueHBpZHMuMTA4MC5zZHIucmVndWxhcl9waG90by5DMyJ9&_nc_ohc=N5VPEzPgA_YQ7kNvwHRJF1f&_nc_oc=Adq7-ko9rQHLeEUdsmTT2RZ-TBHUsB1f-dWVKJdtu-acW7oBlFOMP93pK6kEysB0q9Y&_nc_ad=z-m&_nc_cid=0&_nc_zt=23&_nc_ht=instagram.fper10-1.fna&_nc_gid=f_Ac6QzwHuXD4P1h-TVMjQ&_nc_ss=7a22e&oh=00_AQJyrxV3nBcd4tTD6GCT5L06M6Lj-1wDYzbMgzZfRCEfsg&oe=6A9C99FA,https://www.instagram.com/p/DctpboPFJpU/
Bom Jesus Primavera do Leste 🛒,Limpeza / Cuidados com a Casa,Detergente em Pó Tixan Ypê 800g,13.99,31/08/2026,https://instagram.fper10-1.fna.fbcdn.net/v/t51.82787-15/788877619_18375397174237813_953017416961948990_n.jpg?stp=dst-jpg_e35_tt6&_nc_cat=109&ig_cache_key=Mzk3NjAxNjAxOTgyOTU0MTUxNA%3D%3D.3-ccb7-5&ccb=7-5&_nc_sid=58cdad&efg=eyJ2ZW5jb2RlX3RhZyI6IkNBUk9VU0VMX0lURU0ueHBpZHMuMTA4MC5zZHIucmVndWxhcl9waG90by5DMyJ9&_nc_ohc=N5VPEzPgA_YQ7kNvwHRJF1f&_nc_oc=Adq7-ko9rQHLeEUdsmTT2RZ-TBHUsB1f-dWVKJdtu-acW7oBlFOMP93pK6kEysB0q9Y&_nc_ad=z-m&_nc_cid=0&_nc_zt=23&_nc_ht=instagram.fper10-1.fna&_nc_gid=f_Ac6QzwHuXD4P1h-TVMjQ&_nc_ss=7a22e&oh=00_AQJyrxV3nBcd4tTD6GCT5L06M6Lj-1wDYzbMgzZfRCEfsg&oe=6A9C99FA,https://www.instagram.com/p/DctpboPFJpU/
Bom Jesus Primavera do Leste 🛒,Limpeza / Cuidados com a Casa,Amaciante Concentrado Downy 500ml,14.99,31/08/2026,https://instagram.fper10-1.fna.fbcdn.net/v/t51.82787-15/788877619_18375397174237813_953017416961948990_n.jpg?stp=dst-jpg_e35_tt6&_nc_cat=109&ig_cache_key=Mzk3NjAxNjAxOTgyOTU0MTUxNA%3D%3D.3-ccb7-5&ccb=7-5&_nc_sid=58cdad&efg=eyJ2ZW5jb2RlX3RhZyI6IkNBUk9VU0VMX0lURU0ueHBpZHMuMTA4MC5zZHIucmVndWxhcl9waG90by5DMyJ9&_nc_ohc=N5VPEzPgA_YQ7kNvwHRJF1f&_nc_oc=Adq7-ko9rQHLeEUdsmTT2RZ-TBHUsB1f-dWVKJdtu-acW7oBlFOMP93pK6kEysB0q9Y&_nc_ad=z-m&_nc_cid=0&_nc_zt=23&_nc_ht=instagram.fper10-1.fna&_nc_gid=f_Ac6QzwHuXD4P1h-TVMjQ&_nc_ss=7a22e&oh=00_AQJyrxV3nBcd4tTD6GCT5L06M6Lj-1wDYzbMgzZfRCEfsg&oe=6A9C99FA,https://www.instagram.com/p/DctpboPFJpU/
Bom Jesus Primavera do Leste 🛒,Limpeza / Cuidados com a Casa,Inseticida Aerosol Raid 420ml,17.99,28/08/2026,https://instagram.fagu3-1.fna.fbcdn.net/v/t51.82787-15/788860531_18374942995237813_624644092953609674_n.jpg?stp=dst-jpg_e35_tt6&_nc_cat=106&ig_cache_key=Mzk3Mzk3Nzc4MjEzMTM5MTcwNQ%3D%3D.3-ccb7-5&ccb=7-5&_nc_sid=58cdad&efg=eyJ2ZW5jb2RlX3RhZyI6IkNBUk9VU0VMX0lURU0ueHBpZHMuMTA4MC5zZHIucmVndWxhcl9waG90by5DMyJ9&_nc_ohc=mOHmscgEnGsQ7kNvwG0PQUn&_nc_oc=AdrnTvsOFFkNfnHfY75s1obDc4syPIbh38dwbw0-nRxvMcu5mBgdahDwtxkyaB2nM6O9DyZF_Ce2RoL-nnEYXLth&_nc_ad=z-m&_nc_cid=0&_nc_zt=23&_nc_ht=instagram.fagu3-1.fna&_nc_gid=ub-F7Ju1QestHX_RMmDV3g&_nc_ss=7a22e&oh=00_AQLUCXvuPQW3Nq0qTBAt7t_Gwg-0uCGi7p0Nzj_WftC11w&oe=6A9CB28B,https://www.instagram.com/p/DcmZ8cDD400/
Machadão Atacadista,Limpeza / Cuidados com a Casa,Amaciante Concentrado Comfort 1L,18.9,01/09/2026,https://instagram.fpll8-2.fna.fbcdn.net/v/t39.30808-6/788717108_1363962009157090_7645430109379984108_n.jpg?stp=dst-jpg_e35_tt6&_nc_cat=110&_nc_map=urlgen_bucketless&ig_cache_key=Mzk3NjIxNDMzMjA1Njc3MzMzMA%3D%3D.3-ccb7-5&ccb=7-5&_nc_sid=58cdad&efg=eyJ2ZW5jb2RlX3RhZyI6IkNBUk9VU0VMX0lURU0ueHBpZHMuMTYzOC5zZHIucmVndWxhcl9waG90by5DMyJ9&_nc_ohc=nXwqXMc37ZkQ7kNvwGVtGCO&_nc_oc=Adp7sfzCL-HUqgN8ZdvBh4rs5GY5ekMPP5vmR5OBqPXil3Pgd9fgZExeFNnR9hplXn3EvPl2-4HEP6XcATezetTB&_nc_ad=z-m&_nc_cid=0&_nc_zt=23&_nc_ht=instagram.fpll8-2.fna&_nc_gid=-TX4tDFJTAdeRK5XHn8t2g&_nc_ss=7a22e&oh=00_AQLR5HcCVU9xXTpmdmaRsvdUl9qkP5z4W1uTaAIOWPzu5A&oe=6A9CA2D3,https://www.instagram.com/p/DcuWeMKD352/
Machadão Atacadista,Limpeza / Cuidados com a Casa,Amaciante Concentrado Comfort 1L,18.9,01/09/2026,https://instagram.fpll8-1.fna.fbcdn.net/v/t39.30808-6/788880664_1363962219157069_5966186908781895719_n.jpg?stp=dst-jpg_e35_tt6&_nc_cat=108&_nc_map=urlgen_bucketless&ig_cache_key=Mzk3NjIxNDMzMDk4MzA0NjUzNQ%3D%3D.3-ccb7-5&ccb=7-5&_nc_sid=58cdad&efg=eyJ2ZW5jb2RlX3RhZyI6IkNBUk9VU0VMX0lURU0ueHBpZHMuMTYzOC5zZHIucmVndWxhcl9waG90by5DMyJ9&_nc_ohc=72ND--9jcv0Q7kNvwF0do42&_nc_oc=AdokRmfQYpSec-2ucIKH9kkeydArBu8cMnaC6TebBY3z2_slG7lJHFk5WYLBT4SZMOrknVFv7HLZQgBv_NkX-P-r&_nc_ad=z-m&_nc_cid=0&_nc_zt=23&_nc_ht=instagram.fpll8-1.fna&_nc_gid=-TX4tDFJTAdeRK5XHn8t2g&_nc_ss=7a22e&oh=00_AQL22D_4fOEr93A62UmNnlDk4uo-vqACz7jfEudhOafeFA&oe=6A9CA88C,https://www.instagram.com/p/DcuWeMKD352/
Bom Jesus Primavera do Leste 🛒,Limpeza / Cuidados com a Casa,Água Sanitária Ypê 5L,19.99,28/08/2026,https://instagram.fagu3-1.fna.fbcdn.net/v/t51.82787-15/788860531_18374942995237813_624644092953609674_n.jpg?stp=dst-jpg_e35_tt6&_nc_cat=106&ig_cache_key=Mzk3Mzk3Nzc4MjEzMTM5MTcwNQ%3D%3D.3-ccb7-5&ccb=7-5&_nc_sid=58cdad&efg=eyJ2ZW5jb2RlX3RhZyI6IkNBUk9VU0VMX0lURU0ueHBpZHMuMTA4MC5zZHIucmVndWxhcl9waG90by5DMyJ9&_nc_ohc=mOHmscgEnGsQ7kNvwG0PQUn&_nc_oc=AdrnTvsOFFkNfnHfY75s1obDc4syPIbh38dwbw0-nRxvMcu5mBgdahDwtxkyaB2nM6O9DyZF_Ce2RoL-nnEYXLth&_nc_ad=z-m&_nc_cid=0&_nc_zt=23&_nc_ht=instagram.fagu3-1.fna&_nc_gid=ub-F7Ju1QestHX_RMmDV3g&_nc_ss=7a22e&oh=00_AQLUCXvuPQW3Nq0qTBAt7t_Gwg-0uCGi7p0Nzj_WftC11w&oe=6A9CB28B,https://www.instagram.com/p/DcmZ8cDD400/
Bom Jesus Primavera do Leste 🛒,Limpeza / Cuidados com a Casa,Detergente em Pó Tixan Ypê 2.4kg,28.99,28/08/2026,https://instagram.fagu3-1.fna.fbcdn.net/v/t51.82787-15/788860531_18374942995237813_624644092953609674_n.jpg?stp=dst-jpg_e35_tt6&_nc_cat=106&ig_cache_key=Mzk3Mzk3Nzc4MjEzMTM5MTcwNQ%3D%3D.3-ccb7-5&ccb=7-5&_nc_sid=58cdad&efg=eyJ2ZW5jb2RlX3RhZyI6IkNBUk9VU0VMX0lURU0ueHBpZHMuMTA4MC5zZHIucmVndWxhcl9waG90by5DMyJ9&_nc_ohc=mOHmscgEnGsQ7kNvwG0PQUn&_nc_oc=AdrnTvsOFFkNfnHfY75s1obDc4syPIbh38dwbw0-nRxvMcu5mBgdahDwtxkyaB2nM6O9DyZF_Ce2RoL-nnEYXLth&_nc_ad=z-m&_nc_cid=0&_nc_zt=23&_nc_ht=instagram.fagu3-1.fna&_nc_gid=ub-F7Ju1QestHX_RMmDV3g&_nc_ss=7a22e&oh=00_AQLUCXvuPQW3Nq0qTBAt7t_Gwg-0uCGi7p0Nzj_WftC11w&oe=6A9CB28B,https://www.instagram.com/p/DcmZ8cDD400/
Machadão Atacadista,Limpeza / Cuidados com a Casa,Sabão em Pó Tixan Ypê 8kg,79.9,01/09/2026,https://instagram.fpll8-2.fna.fbcdn.net/v/t39.30808-6/788717108_1363962009157090_7645430109379984108_n.jpg?stp=dst-jpg_e35_tt6&_nc_cat=110&_nc_map=urlgen_bucketless&ig_cache_key=Mzk3NjIxNDMzMjA1Njc3MzMzMA%3D%3D.3-ccb7-5&ccb=7-5&_nc_sid=58cdad&efg=eyJ2ZW5jb2RlX3RhZyI6IkNBUk9VU0VMX0lURU0ueHBpZHMuMTYzOC5zZHIucmVndWxhcl9waG90by5DMyJ9&_nc_ohc=nXwqXMc37ZkQ7kNvwGVtGCO&_nc_oc=Adp7sfzCL-HUqgN8ZdvBh4rs5GY5ekMPP5vmR5OBqPXil3Pgd9fgZExeFNnR9hplXn3EvPl2-4HEP6XcATezetTB&_nc_ad=z-m&_nc_cid=0&_nc_zt=23&_nc_ht=instagram.fpll8-2.fna&_nc_gid=-TX4tDFJTAdeRK5XHn8t2g&_nc_ss=7a22e&oh=00_AQLR5HcCVU9xXTpmdmaRsvdUl9qkP5z4W1uTaAIOWPzu5A&oe=6A9CA2D3,https://www.instagram.com/p/DcuWeMKD352/
Machadão Atacadista,Limpeza / Cuidados com a Casa,Lava Roupas em Pó Tixan Ypê 8kg,79.9,01/09/2026,https://instagram.fpll8-1.fna.fbcdn.net/v/t39.30808-6/788880664_1363962219157069_5966186908781895719_n.jpg?stp=dst-jpg_e35_tt6&_nc_cat=108&_nc_map=urlgen_bucketless&ig_cache_key=Mzk3NjIxNDMzMDk4MzA0NjUzNQ%3D%3D.3-ccb7-5&ccb=7-5&_nc_sid=58cdad&efg=eyJ2ZW5jb2RlX3RhZyI6IkNBUk9VU0VMX0lURU0ueHBpZHMuMTYzOC5zZHIucmVndWxhcl9waG90by5DMyJ9&_nc_ohc=72ND--9jcv0Q7kNvwF0do42&_nc_oc=AdokRmfQYpSec-2ucIKH9kkeydArBu8cMnaC6TebBY3z2_slG7lJHFk5WYLBT4SZMOrknVFv7HLZQgBv_NkX-P-r&_nc_ad=z-m&_nc_cid=0&_nc_zt=23&_nc_ht=instagram.fpll8-1.fna&_nc_gid=-TX4tDFJTAdeRK5XHn8t2g&_nc_ss=7a22e&oh=00_AQL22D_4fOEr93A62UmNnlDk4uo-vqACz7jfEudhOafeFA&oe=6A9CA88C,https://www.instagram.com/p/DcuWeMKD352/
Bom Jesus Primavera do Leste 🛒,Limpeza / Lavanderia e Louça,Detergente Líquido Brisa 500ml,1.99,31/08/2026,https://instagram.fper10-1.fna.fbcdn.net/v/t51.82787-15/788877619_18375397174237813_953017416961948990_n.jpg?stp=dst-jpg_e35_tt6&_nc_cat=109&ig_cache_key=Mzk3NjAxNjAxOTgyOTU0MTUxNA%3D%3D.3-ccb7-5&ccb=7-5&_nc_sid=58cdad&efg=eyJ2ZW5jb2RlX3RhZyI6IkNBUk9VU0VMX0lURU0ueHBpZHMuMTA4MC5zZHIucmVndWxhcl9waG90by5DMyJ9&_nc_ohc=N5VPEzPgA_YQ7kNvwHRJF1f&_nc_oc=Adq7-ko9rQHLeEUdsmTT2RZ-TBHUsB1f-dWVKJdtu-acW7oBlFOMP93pK6kEysB0q9Y&_nc_ad=z-m&_nc_cid=0&_nc_zt=23&_nc_ht=instagram.fper10-1.fna&_nc_gid=f_Ac6QzwHuXD4P1h-TVMjQ&_nc_ss=7a22e&oh=00_AQJyrxV3nBcd4tTD6GCT5L06M6Lj-1wDYzbMgzZfRCEfsg&oe=6A9C99FA,https://www.instagram.com/p/DctpboPFJpU/
Bom Jesus Primavera do Leste 🛒,Limpeza / Lavanderia e Louça,Esponja de Limpeza Condor Leve 4 Pague 3,3.99,31/08/2026,https://instagram.fper10-1.fna.fbcdn.net/v/t51.82787-15/788877619_18375397174237813_953017416961948990_n.jpg?stp=dst-jpg_e35_tt6&_nc_cat=109&ig_cache_key=Mzk3NjAxNjAxOTgyOTU0MTUxNA%3D%3D.3-ccb7-5&ccb=7-5&_nc_sid=58cdad&efg=eyJ2ZW5jb2RlX3RhZyI6IkNBUk9VU0VMX0lURU0ueHBpZHMuMTA4MC5zZHIucmVndWxhcl9waG90by5DMyJ9&_nc_ohc=N5VPEzPgA_YQ7kNvwHRJF1f&_nc_oc=Adq7-ko9rQHLeEUdsmTT2RZ-TBHUsB1f-dWVKJdtu-acW7oBlFOMP93pK6kEysB0q9Y&_nc_ad=z-m&_nc_cid=0&_nc_zt=23&_nc_ht=instagram.fper10-1.fna&_nc_gid=f_Ac6QzwHuXD4P1h-TVMjQ&_nc_ss=7a22e&oh=00_AQJyrxV3nBcd4tTD6GCT5L06M6Lj-1wDYzbMgzZfRCEfsg&oe=6A9C99FA,https://www.instagram.com/p/DctpboPFJpU/
Supermercado São Pedro,Limpeza / Lavanderia e Louça,Sabão em Pó Brilhante 800g,10.99,31/08/2026,https://scontent-ams2-1.cdninstagram.com/v/t39.30808-6/790651262_1508698107969972_5998080027560533600_n.jpg?stp=c0.0.1638.2048a_dst-jpg_e35_s1638x2048_tt6&_nc_cat=100&ig_cache_key=Mzk3NjE3NTA3NTkzNzgyODUwNQ%3D%3D.3-ccb7-5&ccb=7-5&_nc_sid=58cdad&efg=eyJ2ZW5jb2RlX3RhZyI6IkNBUk9VU0VMX0lURU0ueHBpZHMuMTYzOS5zZHIucmVndWxhcl9waG90by5DMyJ9&_nc_ohc=26iGgEP8IggQ7kNvwFi3myb&_nc_oc=AdpFahHbRQ4ATBgLiBsv1yqm2KpYrJO7OeVAESWood1qaoyXygmJTerG7hds6O7FpeY&_nc_ad=z-m&_nc_cid=0&_nc_zt=23&_nc_ht=scontent-ams2-1.cdninstagram.com&_nc_gid=Xge3-AgsJ78GQKpYxVY_lQ&_nc_ss=7a22e&oh=00_AQJ4Jf8Stxw3-ypban37smuLiMaJKt50CRqjhY5F4xChGA&oe=6A9CC889,https://www.instagram.com/p/DcuNi7YiX2_/
Machadão Atacadista,Limpeza / Lavanderia e Louça,Sabão em Pó Brilhante 800g,11.98,01/09/2026,https://instagram.fpll8-2.fna.fbcdn.net/v/t39.30808-6/788717108_1363962009157090_7645430109379984108_n.jpg?stp=dst-jpg_e35_tt6&_nc_cat=110&_nc_map=urlgen_bucketless&ig_cache_key=Mzk3NjIxNDMzMjA1Njc3MzMzMA%3D%3D.3-ccb7-5&ccb=7-5&_nc_sid=58cdad&efg=eyJ2ZW5jb2RlX3RhZyI6IkNBUk9VU0VMX0lURU0ueHBpZHMuMTYzOC5zZHIucmVndWxhcl9waG90by5DMyJ9&_nc_ohc=nXwqXMc37ZkQ7kNvwGVtGCO&_nc_oc=Adp7sfzCL-HUqgN8ZdvBh4rs5GY5ekMPP5vmR5OBqPXil3Pgd9fgZExeFNnR9hplXn3EvPl2-4HEP6XcATezetTB&_nc_ad=z-m&_nc_cid=0&_nc_zt=23&_nc_ht=instagram.fpll8-2.fna&_nc_gid=-TX4tDFJTAdeRK5XHn8t2g&_nc_ss=7a22e&oh=00_AQLR5HcCVU9xXTpmdmaRsvdUl9qkP5z4W1uTaAIOWPzu5A&oe=6A9CA2D3,https://www.instagram.com/p/DcuWeMKD352/
Machadão Atacadista,Limpeza / Lavanderia e Louça,Lava Roupas em Pó Brilhante 800g,11.98,01/09/2026,https://instagram.fpll8-1.fna.fbcdn.net/v/t39.30808-6/788880664_1363962219157069_5966186908781895719_n.jpg?stp=dst-jpg_e35_tt6&_nc_cat=108&_nc_map=urlgen_bucketless&ig_cache_key=Mzk3NjIxNDMzMDk4MzA0NjUzNQ%3D%3D.3-ccb7-5&ccb=7-5&_nc_sid=58cdad&efg=eyJ2ZW5jb2RlX3RhZyI6IkNBUk9VU0VMX0lURU0ueHBpZHMuMTYzOC5zZHIucmVndWxhcl9waG90by5DMyJ9&_nc_ohc=72ND--9jcv0Q7kNvwF0do42&_nc_oc=AdokRmfQYpSec-2ucIKH9kkeydArBu8cMnaC6TebBY3z2_slG7lJHFk5WYLBT4SZMOrknVFv7HLZQgBv_NkX-P-r&_nc_ad=z-m&_nc_cid=0&_nc_zt=23&_nc_ht=instagram.fpll8-1.fna&_nc_gid=-TX4tDFJTAdeRK5XHn8t2g&_nc_ss=7a22e&oh=00_AQL22D_4fOEr93A62UmNnlDk4uo-vqACz7jfEudhOafeFA&oe=6A9CA88C,https://www.instagram.com/p/DcuWeMKD352/
Super Compras Supermercado,Limpeza / Lavanderia e Louça,Lava Roupas em Pó Ace 4kg,26.99,31/08/2026,https://instagram.fccm4-1.fna.fbcdn.net/v/t51.82787-15/791974186_18193115938391764_5859732845031236442_n.jpg?stp=dst-jpg_e35_tt6&_nc_cat=105&ig_cache_key=Mzk3NTQ2MjE2MTk0MjIyOTY3Mg%3D%3D.3-ccb7-5&ccb=7-5&_nc_sid=58cdad&efg=eyJ2ZW5jb2RlX3RhZyI6IkNBUk9VU0VMX0lURU0ueHBpZHMuMTQ0MC5zZHIucmVndWxhcl9waG90by5DMyJ9&_nc_ohc=nzcZ4VRfyfMQ7kNvwFVWJWT&_nc_oc=AdpBydi9lhJa2RBTmkazpLl6P442CVf66UkIGQY8yEuhDrJy_zgzeE8PDqGbKa2rpl8&_nc_ad=z-m&_nc_cid=0&_nc_zt=23&_nc_ht=instagram.fccm4-1.fna&_nc_gid=FneyDljf1jsbRdbE-7Sb-g&_nc_ss=7a22e&oh=00_AQInwrCpZsJ4bBuZnWIbTAVAeMYiAKBbjdBLUwleRPJq7Q&oe=6A9CC1F6,https://www.instagram.com/p/DcrreFFEorJ/
Bom Jesus Primavera do Leste 🛒,Limpeza / Lavanderia e Louça,Detergente em Pó Omo 2.2kg,30.99,31/08/2026,https://instagram.fper10-1.fna.fbcdn.net/v/t51.82787-15/788877619_18375397174237813_953017416961948990_n.jpg?stp=dst-jpg_e35_tt6&_nc_cat=109&ig_cache_key=Mzk3NjAxNjAxOTgyOTU0MTUxNA%3D%3D.3-ccb7-5&ccb=7-5&_nc_sid=58cdad&efg=eyJ2ZW5jb2RlX3RhZyI6IkNBUk9VU0VMX0lURU0ueHBpZHMuMTA4MC5zZHIucmVndWxhcl9waG90by5DMyJ9&_nc_ohc=N5VPEzPgA_YQ7kNvwHRJF1f&_nc_oc=Adq7-ko9rQHLeEUdsmTT2RZ-TBHUsB1f-dWVKJdtu-acW7oBlFOMP93pK6kEysB0q9Y&_nc_ad=z-m&_nc_cid=0&_nc_zt=23&_nc_ht=instagram.fper10-1.fna&_nc_gid=f_Ac6QzwHuXD4P1h-TVMjQ&_nc_ss=7a22e&oh=00_AQJyrxV3nBcd4tTD6GCT5L06M6Lj-1wDYzbMgzZfRCEfsg&oe=6A9C99FA,https://www.instagram.com/p/DctpboPFJpU/
Bom Jesus Primavera do Leste 🛒,Mercearia / Arroz,Arroz São João 5kg,16.99,28/08/2026,https://instagram.fagu3-1.fna.fbcdn.net/v/t51.82787-15/788139857_18374943016237813_6095318216715939563_n.jpg?stp=dst-jpg_e35_tt6&_nc_cat=107&ig_cache_key=Mzk3Mzk3Nzc4MDcyMjI3NDY1Mg%3D%3D.3-ccb7-5&ccb=7-5&_nc_sid=58cdad&efg=eyJ2ZW5jb2RlX3RhZyI6IkNBUk9VU0VMX0lURU0ueHBpZHMuMTA4MC5zZHIucmVndWxhcl9waG90by5DMyJ9&_nc_ohc=xX3unEg9a08Q7kNvwGOEBKm&_nc_oc=Ado24mnGdNuQv2SIzLDfjY6XCYYEsNiM4rzrQdRtfWRTB8lb07qGDm6kHAdE6C_GVYrrbY0t6e50c1CUE8B7f9po&_nc_ad=z-m&_nc_cid=0&_nc_zt=23&_nc_ht=instagram.fagu3-1.fna&_nc_gid=ub-F7Ju1QestHX_RMmDV3g&_nc_ss=7a22e&oh=00_AQIFwtbmqdV6HlbS9jF1C5LBnR30cy1yTOmT2MS5A1inGg&oe=6A9CB070,https://www.instagram.com/p/DcmZ8cDD400/
Bom Jesus Primavera do Leste 🛒,Mercearia / Arroz,Arroz São João 5kg,17.99,31/08/2026,https://instagram.fper10-1.fna.fbcdn.net/v/t51.82787-15/789425401_18375397132237813_3283979444182116387_n.jpg?stp=dst-jpg_e35_tt6&_nc_cat=109&ig_cache_key=Mzk3NjAxNjAxMTkzNTgyMDU5Mg%3D%3D.3-ccb7-5&ccb=7-5&_nc_sid=58cdad&efg=eyJ2ZW5jb2RlX3RhZyI6IkNBUk9VU0VMX0lURU0ueHBpZHMuMTA4MC5zZHIucmVndWxhcl9waG90by5DMyJ9&_nc_ohc=Qo8g-Wo6lO8Q7kNvwEwrYYG&_nc_oc=AdroGpwslZJFleBfWoEg3Lhcff_tzkhIeVm5zfVxnE9385kh73-QCjuZoyHFllS3Yzw&_nc_ad=z-m&_nc_cid=0&_nc_zt=23&_nc_ht=instagram.fper10-1.fna&_nc_gid=f_Ac6QzwHuXD4P1h-TVMjQ&_nc_ss=7a22e&oh=00_AQIRLI9s0IMTyRAvAvemUDnVyYiujPMif1yEOQiVJkJbSw&oe=6A9CB3EA,https://www.instagram.com/p/DctpboPFJpU/
Machadão Atacadista,Mercearia / Arroz,Arroz tipo 1 Koblenz 5kg,20.9,01/09/2026,https://instagram.fpll8-1.fna.fbcdn.net/v/t39.30808-6/788766900_1363961989157092_7149980708576029676_n.jpg?stp=dst-jpg_e35_tt6&_nc_cat=105&_nc_map=urlgen_bucketless&ig_cache_key=Mzk3NjIxNDMzMjMyNTE5OTQzMw%3D%3D.3-ccb7-5&ccb=7-5&_nc_sid=58cdad&efg=eyJ2ZW5jb2RlX3RhZyI6IkNBUk9VU0VMX0lURU0ueHBpZHMuMTYzOC5zZHIucmVndWxhcl9waG90by5DMyJ9&_nc_ohc=2I1wZ8IpqpUQ7kNvwFAgb26&_nc_oc=AdptEXpzzvKedyOm0IUpup4aKTMN92VEbvGRKA1BQWFQpIbfA4AnOMdezqbxL5iUM5sqq0855oYZTILhNI3FLOd9&_nc_ad=z-m&_nc_cid=0&_nc_zt=23&_nc_ht=instagram.fpll8-1.fna&_nc_gid=-TX4tDFJTAdeRK5XHn8t2g&_nc_ss=7a22e&oh=00_AQL4oPpPpXHmUGCJDgCXWpuhnYQzo2USkXGxU2RSNdNmDA&oe=6A9CACD0,https://www.instagram.com/p/DcuWeMKD352/
Machadão Atacadista,Mercearia / Arroz,Arroz tipo 1 Koblenz 5kg,20.9,01/09/2026,https://instagram.fpll8-1.fna.fbcdn.net/v/t39.30808-6/790209214_1363962295823728_6184311664090934208_n.jpg?stp=dst-jpg_e35_tt6&_nc_cat=101&_nc_map=urlgen_bucketless&ig_cache_key=Mzk3NjIxNDMzMTA5MjA0NzE3Mg%3D%3D.3-ccb7-5&ccb=7-5&_nc_sid=58cdad&efg=eyJ2ZW5jb2RlX3RhZyI6IkNBUk9VU0VMX0lURU0ueHBpZHMuMTYzOC5zZHIucmVndWxhcl9waG90by5DMyJ9&_nc_ohc=6eOf0AaqPwYQ7kNvwGdrNBZ&_nc_oc=AdrkMFMywyb9xxhGsxNzUydNzBp5WuMm_tp9Q9arUp4u5wRasbwXJXeOCdibD8xtZu5fEQKYFg0j9ixZYO0h6cDW&_nc_ad=z-m&_nc_cid=0&_nc_zt=23&_nc_ht=instagram.fpll8-1.fna&_nc_gid=-TX4tDFJTAdeRK5XHn8t2g&_nc_ss=7a22e&oh=00_AQK2ptsEy7z8d84W23PKqjoR4vKT_L03OqtRuC3I1SiyZA&oe=6A9CB5AE,https://www.instagram.com/p/DcuWeMKD352/
Supermercado São Pedro,Mercearia / Arroz,Arroz Kumbuca 5kg,21.89,31/08/2026,https://scontent-ams2-1.cdninstagram.com/v/t39.30808-6/790341028_1508698111303305_6101754768913825516_n.jpg?stp=c0.0.1638.2048a_dst-jpg_e35_s1638x2048_tt6&_nc_cat=107&ig_cache_key=Mzk3NjE3NTA3NTg4NzQ4NDk5OQ%3D%3D.3-ccb7-5&ccb=7-5&_nc_sid=58cdad&efg=eyJ2ZW5jb2RlX3RhZyI6IkNBUk9VU0VMX0lURU0ueHBpZHMuMTYzOS5zZHIucmVndWxhcl9waG90by5DMyJ9&_nc_ohc=_1XwT5vLY4AQ7kNvwHKEz55&_nc_oc=Adqg5tBFfclFERhJFJbjOJm0oGg4YzR8WbUFIsLeQK-ahjCo0rYsScXgmbbDRpSjnk0&_nc_ad=z-m&_nc_cid=0&_nc_zt=23&_nc_ht=scontent-ams2-1.cdninstagram.com&_nc_gid=Xge3-AgsJ78GQKpYxVY_lQ&_nc_ss=7a22e&oh=00_AQKXL2-oKmbRxlKMZdJZpNxkSAGu6i1Z_8Eo2z4fJvzj_A&oe=6A9CA427,https://www.instagram.com/p/DcuNi7YiX2_/
Super Compras Supermercado,Mercearia / Arroz,Arroz tipo 1 Kumbuca 5kg,21.99,29/08/2026,https://scontent-lax3-1.cdninstagram.com/v/t51.82787-15/787743920_18192892438391764_3005082908538598587_n.jpg?stp=dst-jpg_e35_tt6&_nc_cat=110&ig_cache_key=Mzk3NDAxMjMzNjQ5MTI3ODEzMg%3D%3D.3-ccb7-5&ccb=7-5&_nc_sid=58cdad&efg=eyJ2ZW5jb2RlX3RhZyI6IkNBUk9VU0VMX0lURU0ueHBpZHMuMTQ0MC5zZHIucmVndWxhcl9waG90by5DMyJ9&_nc_ohc=sDvW_231DL8Q7kNvwGGakWE&_nc_oc=Adq7A-4KTVEtQ04E13KtUfJct4vofja_tdIFFbViufNdxWCWb3gzTEncbugvkyoq4SxBSo4U8Qk0YFN8J84-PfID&_nc_ad=z-m&_nc_cid=0&_nc_zt=23&_nc_ht=scontent-lax3-1.cdninstagram.com&_nc_gid=m4a1im7Fihg2Q49M_7HU5Q&_nc_ss=7a22e&oh=00_AQJgyhM_fFqO3PmtY_y0T8oDIfVqlwQ-mpeCirnfT9cgpQ&oe=6A9CC1BB,https://www.instagram.com/p/DcmhzwZjQj_/
Bom Jesus Primavera do Leste 🛒,Mercearia / Açúcar,Açúcar Barralcool 2kg,4.89,28/08/2026,https://instagram.fagu3-1.fna.fbcdn.net/v/t51.82787-15/786342905_18374942944237813_9171546184561105620_n.jpg?stp=dst-jpg_e35_tt6&_nc_cat=111&ig_cache_key=Mzk3Mzk3Nzc3NzA4MTU2NjM1Ng%3D%3D.3-ccb7-5&ccb=7-5&_nc_sid=58cdad&efg=eyJ2ZW5jb2RlX3RhZyI6IkNBUk9VU0VMX0lURU0ueHBpZHMuMTA4MC5zZHIucmVndWxhcl9waG90by5DMyJ9&_nc_ohc=mA-M1AzSXEAQ7kNvwEYa65N&_nc_oc=Adov-4ECP-OYOSRzk60_mGt_JMDRkcWKVSXTQ6bfL1SHr9p3p8rGiSjRetLp820sv7ntat37aAm_zzBlBanv5w2G&_nc_ad=z-m&_nc_cid=0&_nc_zt=23&_nc_ht=instagram.fagu3-1.fna&_nc_gid=ub-F7Ju1QestHX_RMmDV3g&_nc_ss=7a22e&oh=00_AQJ3r8BFzgZLFUudt9XBHiVb9re9pLVhMrdX4XbG2iMAtw&oe=6A9CC218,https://www.instagram.com/p/DcmZ8cDD400/
Supermercado São Pedro,Mercearia / Açúcar,Açúcar Cristal Itamarati 2kg,4.99,31/08/2026,https://scontent-ams2-1.cdninstagram.com/v/t39.30808-6/790651262_1508698107969972_5998080027560533600_n.jpg?stp=c0.0.1638.2048a_dst-jpg_e35_s1638x2048_tt6&_nc_cat=100&ig_cache_key=Mzk3NjE3NTA3NTkzNzgyODUwNQ%3D%3D.3-ccb7-5&ccb=7-5&_nc_sid=58cdad&efg=eyJ2ZW5jb2RlX3RhZyI6IkNBUk9VU0VMX0lURU0ueHBpZHMuMTYzOS5zZHIucmVndWxhcl9waG90by5DMyJ9&_nc_ohc=26iGgEP8IggQ7kNvwFi3myb&_nc_oc=AdpFahHbRQ4ATBgLiBsv1yqm2KpYrJO7OeVAESWood1qaoyXygmJTerG7hds6O7FpeY&_nc_ad=z-m&_nc_cid=0&_nc_zt=23&_nc_ht=scontent-ams2-1.cdninstagram.com&_nc_gid=Xge3-AgsJ78GQKpYxVY_lQ&_nc_ss=7a22e&oh=00_AQJ4Jf8Stxw3-ypban37smuLiMaJKt50CRqjhY5F4xChGA&oe=6A9CC889,https://www.instagram.com/p/DcuNi7YiX2_/
Bom Jesus Primavera do Leste 🛒,Mercearia / Açúcar,Açúcar Cristal Barralcool 2kg,4.99,31/08/2026,https://instagram.fper10-1.fna.fbcdn.net/v/t51.82787-15/789425401_18375397132237813_3283979444182116387_n.jpg?stp=dst-jpg_e35_tt6&_nc_cat=109&ig_cache_key=Mzk3NjAxNjAxMTkzNTgyMDU5Mg%3D%3D.3-ccb7-5&ccb=7-5&_nc_sid=58cdad&efg=eyJ2ZW5jb2RlX3RhZyI6IkNBUk9VU0VMX0lURU0ueHBpZHMuMTA4MC5zZHIucmVndWxhcl9waG90by5DMyJ9&_nc_ohc=Qo8g-Wo6lO8Q7kNvwEwrYYG&_nc_oc=AdroGpwslZJFleBfWoEg3Lhcff_tzkhIeVm5zfVxnE9385kh73-QCjuZoyHFllS3Yzw&_nc_ad=z-m&_nc_cid=0&_nc_zt=23&_nc_ht=instagram.fper10-1.fna&_nc_gid=f_Ac6QzwHuXD4P1h-TVMjQ&_nc_ss=7a22e&oh=00_AQIRLI9s0IMTyRAvAvemUDnVyYiujPMif1yEOQiVJkJbSw&oe=6A9CB3EA,https://www.instagram.com/p/DctpboPFJpU/
Bom Jesus Primavera do Leste 🛒,Mercearia / Biscoitos e Doces,Biscoito Wafer Minueto 73g,1.59,31/08/2026,https://instagram.fper10-1.fna.fbcdn.net/v/t51.82787-15/789523666_18375397165237813_3042595625651888809_n.jpg?stp=dst-jpg_e35_tt6&_nc_cat=104&ig_cache_key=Mzk3NjAxNjAxNjcwNjA3NTE0OA%3D%3D.3-ccb7-5&ccb=7-5&_nc_sid=58cdad&efg=eyJ2ZW5jb2RlX3RhZyI6IkNBUk9VU0VMX0lURU0ueHBpZHMuMTA4MC5zZHIucmVndWxhcl9waG90by5DMyJ9&_nc_ohc=3X_gJLPLoscQ7kNvwEekRKh&_nc_oc=AdoXZnx3DhmM6RaXFFkolnKpMt0aCggOvmJOP-urdIrnN44TjQ7ZEpow4kwQJhG5XOA&_nc_ad=z-m&_nc_cid=0&_nc_zt=23&_nc_ht=instagram.fper10-1.fna&_nc_gid=f_Ac6QzwHuXD4P1h-TVMjQ&_nc_ss=7a22e&oh=00_AQJGnj5Z7t09OoD4B9o74OPUo48dMxB6Ie7qx2KvgqowJw&oe=6A9C9751,https://www.instagram.com/p/DctpboPFJpU/
Bom Jesus Primavera do Leste 🛒,Mercearia / Biscoitos e Doces,Biscoito Cream Cracker Rancheiro 300g,4.99,31/08/2026,https://instagram.fper10-1.fna.fbcdn.net/v/t51.82787-15/789523666_18375397165237813_3042595625651888809_n.jpg?stp=dst-jpg_e35_tt6&_nc_cat=104&ig_cache_key=Mzk3NjAxNjAxNjcwNjA3NTE0OA%3D%3D.3-ccb7-5&ccb=7-5&_nc_sid=58cdad&efg=eyJ2ZW5jb2RlX3RhZyI6IkNBUk9VU0VMX0lURU0ueHBpZHMuMTA4MC5zZHIucmVndWxhcl9waG90by5DMyJ9&_nc_ohc=3X_gJLPLoscQ7kNvwEekRKh&_nc_oc=AdoXZnx3DhmM6RaXFFkolnKpMt0aCggOvmJOP-urdIrnN44TjQ7ZEpow4kwQJhG5XOA&_nc_ad=z-m&_nc_cid=0&_nc_zt=23&_nc_ht=instagram.fper10-1.fna&_nc_gid=f_Ac6QzwHuXD4P1h-TVMjQ&_nc_ss=7a22e&oh=00_AQJGnj5Z7t09OoD4B9o74OPUo48dMxB6Ie7qx2KvgqowJw&oe=6A9C9751,https://www.instagram.com/p/DctpboPFJpU/
Bom Jesus Primavera do Leste 🛒,Mercearia / Biscoitos e Doces,Biscoito Rosquinha Coco Adorelle 500g,4.99,31/08/2026,https://instagram.fper10-2.fna.fbcdn.net/v/t51.82787-15/790024829_18375397153237813_1948289794463955166_n.jpg?stp=dst-jpg_e35_tt6&_nc_cat=101&ig_cache_key=Mzk3NjAxNjAxNDQwMTk2MTI2NA%3D%3D.3-ccb7-5&ccb=7-5&_nc_sid=58cdad&efg=eyJ2ZW5jb2RlX3RhZyI6IkNBUk9VU0VMX0lURU0ueHBpZHMuMTA4MC5zZHIucmVndWxhcl9waG90by5DMyJ9&_nc_ohc=jFcUhcd3ey4Q7kNvwE3hxyN&_nc_oc=AdpHLNwAhSAuy0JuMhBgUYyPQrQb9vHTlhOBCE4vAUlcw5b2c1ggi8AVU_aK1cBTvkk&_nc_ad=z-m&_nc_cid=0&_nc_zt=23&_nc_ht=instagram.fper10-2.fna&_nc_gid=f_Ac6QzwHuXD4P1h-TVMjQ&_nc_ss=7a22e&oh=00_AQKZrSxDcZhfURGq6VEeim2vq4IWAu3C1myQPZZVH6BNCA&oe=6A9CA904,https://www.instagram.com/p/DctpboPFJpU/
Machadão Atacadista,Mercearia / Biscoitos e Doces,Biscoito Rosquinha de Coco Marilan 500g,4.99,01/09/2026,https://instagram.fpll8-1.fna.fbcdn.net/v/t39.30808-6/788766900_1363961989157092_7149980708576029676_n.jpg?stp=dst-jpg_e35_tt6&_nc_cat=105&_nc_map=urlgen_bucketless&ig_cache_key=Mzk3NjIxNDMzMjMyNTE5OTQzMw%3D%3D.3-ccb7-5&ccb=7-5&_nc_sid=58cdad&efg=eyJ2ZW5jb2RlX3RhZyI6IkNBUk9VU0VMX0lURU0ueHBpZHMuMTYzOC5zZHIucmVndWxhcl9waG90by5DMyJ9&_nc_ohc=2I1wZ8IpqpUQ7kNvwFAgb26&_nc_oc=AdptEXpzzvKedyOm0IUpup4aKTMN92VEbvGRKA1BQWFQpIbfA4AnOMdezqbxL5iUM5sqq0855oYZTILhNI3FLOd9&_nc_ad=z-m&_nc_cid=0&_nc_zt=23&_nc_ht=instagram.fpll8-1.fna&_nc_gid=-TX4tDFJTAdeRK5XHn8t2g&_nc_ss=7a22e&oh=00_AQL4oPpPpXHmUGCJDgCXWpuhnYQzo2USkXGxU2RSNdNmDA&oe=6A9CACD0,https://www.instagram.com/p/DcuWeMKD352/
Machadão Atacadista,Mercearia / Biscoitos e Doces,Biscoito Rosquinha de Coco Marilan 500g,4.99,01/09/2026,https://instagram.fpll8-1.fna.fbcdn.net/v/t39.30808-6/790209214_1363962295823728_6184311664090934208_n.jpg?stp=dst-jpg_e35_tt6&_nc_cat=101&_nc_map=urlgen_bucketless&ig_cache_key=Mzk3NjIxNDMzMTA5MjA0NzE3Mg%3D%3D.3-ccb7-5&ccb=7-5&_nc_sid=58cdad&efg=eyJ2ZW5jb2RlX3RhZyI6IkNBUk9VU0VMX0lURU0ueHBpZHMuMTYzOC5zZHIucmVndWxhcl9waG90by5DMyJ9&_nc_ohc=6eOf0AaqPwYQ7kNvwGdrNBZ&_nc_oc=AdrkMFMywyb9xxhGsxNzUydNzBp5WuMm_tp9Q9arUp4u5wRasbwXJXeOCdibD8xtZu5fEQKYFg0j9ixZYO0h6cDW&_nc_ad=z-m&_nc_cid=0&_nc_zt=23&_nc_ht=instagram.fpll8-1.fna&_nc_gid=-TX4tDFJTAdeRK5XHn8t2g&_nc_ss=7a22e&oh=00_AQK2ptsEy7z8d84W23PKqjoR4vKT_L03OqtRuC3I1SiyZA&oe=6A9CB5AE,https://www.instagram.com/p/DcuWeMKD352/
Machadão Atacadista,Mercearia / Biscoitos e Doces,Biscoito Oreo Lacta 144g,5.99,01/09/2026,https://instagram.fpll8-1.fna.fbcdn.net/v/t39.30808-6/788766900_1363961989157092_7149980708576029676_n.jpg?stp=dst-jpg_e35_tt6&_nc_cat=105&_nc_map=urlgen_bucketless&ig_cache_key=Mzk3NjIxNDMzMjMyNTE5OTQzMw%3D%3D.3-ccb7-5&ccb=7-5&_nc_sid=58cdad&efg=eyJ2ZW5jb2RlX3RhZyI6IkNBUk9VU0VMX0lURU0ueHBpZHMuMTYzOC5zZHIucmVndWxhcl9waG90by5DMyJ9&_nc_ohc=2I1wZ8IpqpUQ7kNvwFAgb26&_nc_oc=AdptEXpzzvKedyOm0IUpup4aKTMN92VEbvGRKA1BQWFQpIbfA4AnOMdezqbxL5iUM5sqq0855oYZTILhNI3FLOd9&_nc_ad=z-m&_nc_cid=0&_nc_zt=23&_nc_ht=instagram.fpll8-1.fna&_nc_gid=-TX4tDFJTAdeRK5XHn8t2g&_nc_ss=7a22e&oh=00_AQL4oPpPpXHmUGCJDgCXWpuhnYQzo2USkXGxU2RSNdNmDA&oe=6A9CACD0,https://www.instagram.com/p/DcuWeMKD352/
Machadão Atacadista,Mercearia / Biscoitos e Doces,Biscoito Oreo 144g,5.99,01/09/2026,https://instagram.fpll8-1.fna.fbcdn.net/v/t39.30808-6/790209214_1363962295823728_6184311664090934208_n.jpg?stp=dst-jpg_e35_tt6&_nc_cat=101&_nc_map=urlgen_bucketless&ig_cache_key=Mzk3NjIxNDMzMTA5MjA0NzE3Mg%3D%3D.3-ccb7-5&ccb=7-5&_nc_sid=58cdad&efg=eyJ2ZW5jb2RlX3RhZyI6IkNBUk9VU0VMX0lURU0ueHBpZHMuMTYzOC5zZHIucmVndWxhcl9waG90by5DMyJ9&_nc_ohc=6eOf0AaqPwYQ7kNvwGdrNBZ&_nc_oc=AdrkMFMywyb9xxhGsxNzUydNzBp5WuMm_tp9Q9arUp4u5wRasbwXJXeOCdibD8xtZu5fEQKYFg0j9ixZYO0h6cDW&_nc_ad=z-m&_nc_cid=0&_nc_zt=23&_nc_ht=instagram.fpll8-1.fna&_nc_gid=-TX4tDFJTAdeRK5XHn8t2g&_nc_ss=7a22e&oh=00_AQK2ptsEy7z8d84W23PKqjoR4vKT_L03OqtRuC3I1SiyZA&oe=6A9CB5AE,https://www.instagram.com/p/DcuWeMKD352/
Supermercado São Pedro,Mercearia / Biscoitos e Doces,Rosquinhas de Coco Mabel 600g,7.49,31/08/2026,https://scontent-ams2-1.cdninstagram.com/v/t39.30808-6/790341028_1508698111303305_6101754768913825516_n.jpg?stp=c0.0.1638.2048a_dst-jpg_e35_s1638x2048_tt6&_nc_cat=107&ig_cache_key=Mzk3NjE3NTA3NTg4NzQ4NDk5OQ%3D%3D.3-ccb7-5&ccb=7-5&_nc_sid=58cdad&efg=eyJ2ZW5jb2RlX3RhZyI6IkNBUk9VU0VMX0lURU0ueHBpZHMuMTYzOS5zZHIucmVndWxhcl9waG90by5DMyJ9&_nc_ohc=_1XwT5vLY4AQ7kNvwHKEz55&_nc_oc=Adqg5tBFfclFERhJFJbjOJm0oGg4YzR8WbUFIsLeQK-ahjCo0rYsScXgmbbDRpSjnk0&_nc_ad=z-m&_nc_cid=0&_nc_zt=23&_nc_ht=scontent-ams2-1.cdninstagram.com&_nc_gid=Xge3-AgsJ78GQKpYxVY_lQ&_nc_ss=7a22e&oh=00_AQKXL2-oKmbRxlKMZdJZpNxkSAGu6i1Z_8Eo2z4fJvzj_A&oe=6A9CA427,https://www.instagram.com/p/DcuNi7YiX2_/
Super Compras Supermercado,Mercearia / Café,Café Quitada 250g,15.99,31/08/2026,https://instagram.fccm4-1.fna.fbcdn.net/v/t51.82787-15/791974186_18193115938391764_5859732845031236442_n.jpg?stp=dst-jpg_e35_tt6&_nc_cat=105&ig_cache_key=Mzk3NTQ2MjE2MTk0MjIyOTY3Mg%3D%3D.3-ccb7-5&ccb=7-5&_nc_sid=58cdad&efg=eyJ2ZW5jb2RlX3RhZyI6IkNBUk9VU0VMX0lURU0ueHBpZHMuMTQ0MC5zZHIucmVndWxhcl9waG90by5DMyJ9&_nc_ohc=nzcZ4VRfyfMQ7kNvwFVWJWT&_nc_oc=AdpBydi9lhJa2RBTmkazpLl6P442CVf66UkIGQY8yEuhDrJy_zgzeE8PDqGbKa2rpl8&_nc_ad=z-m&_nc_cid=0&_nc_zt=23&_nc_ht=instagram.fccm4-1.fna&_nc_gid=FneyDljf1jsbRdbE-7Sb-g&_nc_ss=7a22e&oh=00_AQInwrCpZsJ4bBuZnWIbTAVAeMYiAKBbjdBLUwleRPJq7Q&oe=6A9CC1F6,https://www.instagram.com/p/DcrreFFEorJ/
Machadão Atacadista,Mercearia / Café,Café Torrado e Moído Brasileiro 500g,20.9,01/09/2026,https://instagram.fpll8-1.fna.fbcdn.net/v/t39.30808-6/788766900_1363961989157092_7149980708576029676_n.jpg?stp=dst-jpg_e35_tt6&_nc_cat=105&_nc_map=urlgen_bucketless&ig_cache_key=Mzk3NjIxNDMzMjMyNTE5OTQzMw%3D%3D.3-ccb7-5&ccb=7-5&_nc_sid=58cdad&efg=eyJ2ZW5jb2RlX3RhZyI6IkNBUk9VU0VMX0lURU0ueHBpZHMuMTYzOC5zZHIucmVndWxhcl9waG90by5DMyJ9&_nc_ohc=2I1wZ8IpqpUQ7kNvwFAgb26&_nc_oc=AdptEXpzzvKedyOm0IUpup4aKTMN92VEbvGRKA1BQWFQpIbfA4AnOMdezqbxL5iUM5sqq0855oYZTILhNI3FLOd9&_nc_ad=z-m&_nc_cid=0&_nc_zt=23&_nc_ht=instagram.fpll8-1.fna&_nc_gid=-TX4tDFJTAdeRK5XHn8t2g&_nc_ss=7a22e&oh=00_AQL4oPpPpXHmUGCJDgCXWpuhnYQzo2USkXGxU2RSNdNmDA&oe=6A9CACD0,https://www.instagram.com/p/DcuWeMKD352/
Machadão Atacadista,Mercearia / Café,Café Brasileiro 500g,20.9,01/09/2026,https://instagram.fpll8-1.fna.fbcdn.net/v/t39.30808-6/790209214_1363962295823728_6184311664090934208_n.jpg?stp=dst-jpg_e35_tt6&_nc_cat=101&_nc_map=urlgen_bucketless&ig_cache_key=Mzk3NjIxNDMzMTA5MjA0NzE3Mg%3D%3D.3-ccb7-5&ccb=7-5&_nc_sid=58cdad&efg=eyJ2ZW5jb2RlX3RhZyI6IkNBUk9VU0VMX0lURU0ueHBpZHMuMTYzOC5zZHIucmVndWxhcl9waG90by5DMyJ9&_nc_ohc=6eOf0AaqPwYQ7kNvwGdrNBZ&_nc_oc=AdrkMFMywyb9xxhGsxNzUydNzBp5WuMm_tp9Q9arUp4u5wRasbwXJXeOCdibD8xtZu5fEQKYFg0j9ixZYO0h6cDW&_nc_ad=z-m&_nc_cid=0&_nc_zt=23&_nc_ht=instagram.fpll8-1.fna&_nc_gid=-TX4tDFJTAdeRK5XHn8t2g&_nc_ss=7a22e&oh=00_AQK2ptsEy7z8d84W23PKqjoR4vKT_L03OqtRuC3I1SiyZA&oe=6A9CB5AE,https://www.instagram.com/p/DcuWeMKD352/
Supermercado São Pedro,Mercearia / Café,Café Pilão 500g,23.49,31/08/2026,https://scontent-ams2-1.cdninstagram.com/v/t39.30808-6/790310368_1508698117969971_69530791300054474_n.jpg?stp=c0.0.1638.2047a_dst-jpg_e35_s1638x2047_tt6&_nc_cat=102&ig_cache_key=Mzk3NjE3NTA3NzMxMzU4MjExNA%3D%3D.3-ccb7-5&ccb=7-5&_nc_sid=58cdad&efg=eyJ2ZW5jb2RlX3RhZyI6IkNBUk9VU0VMX0lURU0ueHBpZHMuMTYzOC5zZHIucmVndWxhcl9waG90by5DMyJ9&_nc_ohc=uD9JaANzDd0Q7kNvwH535Ek&_nc_oc=AdprH4neidouuwsJ_1qpmFfrpVbcOcik7xk0TXKCERxxoY78EK1TcA99K8RizzfECOo&_nc_ad=z-m&_nc_cid=0&_nc_zt=23&_nc_ht=scontent-ams2-1.cdninstagram.com&_nc_gid=Xge3-AgsJ78GQKpYxVY_lQ&_nc_ss=7a22e&oh=00_AQLyxdP99X1LwDUKlEg0XOKW49YjRLzzhit7vnib_Xlk7w&oe=6A9CC4DA,https://www.instagram.com/p/DcuNi7YiX2_/
Bom Jesus Primavera do Leste 🛒,Mercearia / Café,Café 3 Corações 500g,24.9,31/08/2026,https://instagram.fper10-1.fna.fbcdn.net/v/t51.82787-15/789523666_18375397165237813_3042595625651888809_n.jpg?stp=dst-jpg_e35_tt6&_nc_cat=104&ig_cache_key=Mzk3NjAxNjAxNjcwNjA3NTE0OA%3D%3D.3-ccb7-5&ccb=7-5&_nc_sid=58cdad&efg=eyJ2ZW5jb2RlX3RhZyI6IkNBUk9VU0VMX0lURU0ueHBpZHMuMTA4MC5zZHIucmVndWxhcl9waG90by5DMyJ9&_nc_ohc=3X_gJLPLoscQ7kNvwEekRKh&_nc_oc=AdoXZnx3DhmM6RaXFFkolnKpMt0aCggOvmJOP-urdIrnN44TjQ7ZEpow4kwQJhG5XOA&_nc_ad=z-m&_nc_cid=0&_nc_zt=23&_nc_ht=instagram.fper10-1.fna&_nc_gid=f_Ac6QzwHuXD4P1h-TVMjQ&_nc_ss=7a22e&oh=00_AQJGnj5Z7t09OoD4B9o74OPUo48dMxB6Ie7qx2KvgqowJw&oe=6A9C9751,https://www.instagram.com/p/DctpboPFJpU/
Bom Jesus Primavera do Leste 🛒,Mercearia / Farináceos,Farinha de Trigo Globo 1kg,3.99,31/08/2026,https://instagram.fper10-1.fna.fbcdn.net/v/t51.82787-15/789523666_18375397165237813_3042595625651888809_n.jpg?stp=dst-jpg_e35_tt6&_nc_cat=104&ig_cache_key=Mzk3NjAxNjAxNjcwNjA3NTE0OA%3D%3D.3-ccb7-5&ccb=7-5&_nc_sid=58cdad&efg=eyJ2ZW5jb2RlX3RhZyI6IkNBUk9VU0VMX0lURU0ueHBpZHMuMTA4MC5zZHIucmVndWxhcl9waG90by5DMyJ9&_nc_ohc=3X_gJLPLoscQ7kNvwEekRKh&_nc_oc=AdoXZnx3DhmM6RaXFFkolnKpMt0aCggOvmJOP-urdIrnN44TjQ7ZEpow4kwQJhG5XOA&_nc_ad=z-m&_nc_cid=0&_nc_zt=23&_nc_ht=instagram.fper10-1.fna&_nc_gid=f_Ac6QzwHuXD4P1h-TVMjQ&_nc_ss=7a22e&oh=00_AQJGnj5Z7t09OoD4B9o74OPUo48dMxB6Ie7qx2KvgqowJw&oe=6A9C9751,https://www.instagram.com/p/DctpboPFJpU/
Bom Jesus Primavera do Leste 🛒,Mercearia / Farináceos,Massa Para Tapioca Mika 500g,6.19,31/08/2026,https://instagram.fper10-1.fna.fbcdn.net/v/t51.82787-15/789523666_18375397165237813_3042595625651888809_n.jpg?stp=dst-jpg_e35_tt6&_nc_cat=104&ig_cache_key=Mzk3NjAxNjAxNjcwNjA3NTE0OA%3D%3D.3-ccb7-5&ccb=7-5&_nc_sid=58cdad&efg=eyJ2ZW5jb2RlX3RhZyI6IkNBUk9VU0VMX0lURU0ueHBpZHMuMTA4MC5zZHIucmVndWxhcl9waG90by5DMyJ9&_nc_ohc=3X_gJLPLoscQ7kNvwEekRKh&_nc_oc=AdoXZnx3DhmM6RaXFFkolnKpMt0aCggOvmJOP-urdIrnN44TjQ7ZEpow4kwQJhG5XOA&_nc_ad=z-m&_nc_cid=0&_nc_zt=23&_nc_ht=instagram.fper10-1.fna&_nc_gid=f_Ac6QzwHuXD4P1h-TVMjQ&_nc_ss=7a22e&oh=00_AQJGnj5Z7t09OoD4B9o74OPUo48dMxB6Ie7qx2KvgqowJw&oe=6A9C9751,https://www.instagram.com/p/DctpboPFJpU/
Supermercado São Pedro,Mercearia / Farináceos,Biscoito Maizena Triunfo 345g,6.29,31/08/2026,https://scontent-ams2-1.cdninstagram.com/v/t39.30808-6/790341028_1508698111303305_6101754768913825516_n.jpg?stp=c0.0.1638.2048a_dst-jpg_e35_s1638x2048_tt6&_nc_cat=107&ig_cache_key=Mzk3NjE3NTA3NTg4NzQ4NDk5OQ%3D%3D.3-ccb7-5&ccb=7-5&_nc_sid=58cdad&efg=eyJ2ZW5jb2RlX3RhZyI6IkNBUk9VU0VMX0lURU0ueHBpZHMuMTYzOS5zZHIucmVndWxhcl9waG90by5DMyJ9&_nc_ohc=_1XwT5vLY4AQ7kNvwHKEz55&_nc_oc=Adqg5tBFfclFERhJFJbjOJm0oGg4YzR8WbUFIsLeQK-ahjCo0rYsScXgmbbDRpSjnk0&_nc_ad=z-m&_nc_cid=0&_nc_zt=23&_nc_ht=scontent-ams2-1.cdninstagram.com&_nc_gid=Xge3-AgsJ78GQKpYxVY_lQ&_nc_ss=7a22e&oh=00_AQKXL2-oKmbRxlKMZdJZpNxkSAGu6i1Z_8Eo2z4fJvzj_A&oe=6A9CA427,https://www.instagram.com/p/DcuNi7YiX2_/
Supermercado São Pedro,Mercearia / Grãos e Conservas,Azeitonas Rivoli 100g,5.69,31/08/2026,https://scontent-ams2-1.cdninstagram.com/v/t39.30808-6/790341028_1508698111303305_6101754768913825516_n.jpg?stp=c0.0.1638.2048a_dst-jpg_e35_s1638x2048_tt6&_nc_cat=107&ig_cache_key=Mzk3NjE3NTA3NTg4NzQ4NDk5OQ%3D%3D.3-ccb7-5&ccb=7-5&_nc_sid=58cdad&efg=eyJ2ZW5jb2RlX3RhZyI6IkNBUk9VU0VMX0lURU0ueHBpZHMuMTYzOS5zZHIucmVndWxhcl9waG90by5DMyJ9&_nc_ohc=_1XwT5vLY4AQ7kNvwHKEz55&_nc_oc=Adqg5tBFfclFERhJFJbjOJm0oGg4YzR8WbUFIsLeQK-ahjCo0rYsScXgmbbDRpSjnk0&_nc_ad=z-m&_nc_cid=0&_nc_zt=23&_nc_ht=scontent-ams2-1.cdninstagram.com&_nc_gid=Xge3-AgsJ78GQKpYxVY_lQ&_nc_ss=7a22e&oh=00_AQKXL2-oKmbRxlKMZdJZpNxkSAGu6i1Z_8Eo2z4fJvzj_A&oe=6A9CA427,https://www.instagram.com/p/DcuNi7YiX2_/
Bom Jesus Primavera do Leste 🛒,Mercearia / Grãos e Conservas,Feijão Carioca Dona Dê 1kg,6.79,28/08/2026,https://instagram.fagu3-1.fna.fbcdn.net/v/t51.82787-15/788139857_18374943016237813_6095318216715939563_n.jpg?stp=dst-jpg_e35_tt6&_nc_cat=107&ig_cache_key=Mzk3Mzk3Nzc4MDcyMjI3NDY1Mg%3D%3D.3-ccb7-5&ccb=7-5&_nc_sid=58cdad&efg=eyJ2ZW5jb2RlX3RhZyI6IkNBUk9VU0VMX0lURU0ueHBpZHMuMTA4MC5zZHIucmVndWxhcl9waG90by5DMyJ9&_nc_ohc=xX3unEg9a08Q7kNvwGOEBKm&_nc_oc=Ado24mnGdNuQv2SIzLDfjY6XCYYEsNiM4rzrQdRtfWRTB8lb07qGDm6kHAdE6C_GVYrrbY0t6e50c1CUE8B7f9po&_nc_ad=z-m&_nc_cid=0&_nc_zt=23&_nc_ht=instagram.fagu3-1.fna&_nc_gid=ub-F7Ju1QestHX_RMmDV3g&_nc_ss=7a22e&oh=00_AQIFwtbmqdV6HlbS9jF1C5LBnR30cy1yTOmT2MS5A1inGg&oe=6A9CB070,https://www.instagram.com/p/DcmZ8cDD400/
Bom Jesus Primavera do Leste 🛒,Mercearia / Grãos e Conservas,Feijão Carioca Dona Dê 1kg,6.79,31/08/2026,https://instagram.fper10-1.fna.fbcdn.net/v/t51.82787-15/789425401_18375397132237813_3283979444182116387_n.jpg?stp=dst-jpg_e35_tt6&_nc_cat=109&ig_cache_key=Mzk3NjAxNjAxMTkzNTgyMDU5Mg%3D%3D.3-ccb7-5&ccb=7-5&_nc_sid=58cdad&efg=eyJ2ZW5jb2RlX3RhZyI6IkNBUk9VU0VMX0lURU0ueHBpZHMuMTA4MC5zZHIucmVndWxhcl9waG90by5DMyJ9&_nc_ohc=Qo8g-Wo6lO8Q7kNvwEwrYYG&_nc_oc=AdroGpwslZJFleBfWoEg3Lhcff_tzkhIeVm5zfVxnE9385kh73-QCjuZoyHFllS3Yzw&_nc_ad=z-m&_nc_cid=0&_nc_zt=23&_nc_ht=instagram.fper10-1.fna&_nc_gid=f_Ac6QzwHuXD4P1h-TVMjQ&_nc_ss=7a22e&oh=00_AQIRLI9s0IMTyRAvAvemUDnVyYiujPMif1yEOQiVJkJbSw&oe=6A9CB3EA,https://www.instagram.com/p/DctpboPFJpU/
Machadão Atacadista,Mercearia / Massas,Macarrão de Sêmola Todeschini 500g,2.89,01/09/2026,https://instagram.fpll8-1.fna.fbcdn.net/v/t39.30808-6/788766900_1363961989157092_7149980708576029676_n.jpg?stp=dst-jpg_e35_tt6&_nc_cat=105&_nc_map=urlgen_bucketless&ig_cache_key=Mzk3NjIxNDMzMjMyNTE5OTQzMw%3D%3D.3-ccb7-5&ccb=7-5&_nc_sid=58cdad&efg=eyJ2ZW5jb2RlX3RhZyI6IkNBUk9VU0VMX0lURU0ueHBpZHMuMTYzOC5zZHIucmVndWxhcl9waG90by5DMyJ9&_nc_ohc=2I1wZ8IpqpUQ7kNvwFAgb26&_nc_oc=AdptEXpzzvKedyOm0IUpup4aKTMN92VEbvGRKA1BQWFQpIbfA4AnOMdezqbxL5iUM5sqq0855oYZTILhNI3FLOd9&_nc_ad=z-m&_nc_cid=0&_nc_zt=23&_nc_ht=instagram.fpll8-1.fna&_nc_gid=-TX4tDFJTAdeRK5XHn8t2g&_nc_ss=7a22e&oh=00_AQL4oPpPpXHmUGCJDgCXWpuhnYQzo2USkXGxU2RSNdNmDA&oe=6A9CACD0,https://www.instagram.com/p/DcuWeMKD352/
Machadão Atacadista,Mercearia / Massas,Macarrão de Sêmola Todeschini 500g,2.89,01/09/2026,https://instagram.fpll8-1.fna.fbcdn.net/v/t39.30808-6/790209214_1363962295823728_6184311664090934208_n.jpg?stp=dst-jpg_e35_tt6&_nc_cat=101&_nc_map=urlgen_bucketless&ig_cache_key=Mzk3NjIxNDMzMTA5MjA0NzE3Mg%3D%3D.3-ccb7-5&ccb=7-5&_nc_sid=58cdad&efg=eyJ2ZW5jb2RlX3RhZyI6IkNBUk9VU0VMX0lURU0ueHBpZHMuMTYzOC5zZHIucmVndWxhcl9waG90by5DMyJ9&_nc_ohc=6eOf0AaqPwYQ7kNvwGdrNBZ&_nc_oc=AdrkMFMywyb9xxhGsxNzUydNzBp5WuMm_tp9Q9arUp4u5wRasbwXJXeOCdibD8xtZu5fEQKYFg0j9ixZYO0h6cDW&_nc_ad=z-m&_nc_cid=0&_nc_zt=23&_nc_ht=instagram.fpll8-1.fna&_nc_gid=-TX4tDFJTAdeRK5XHn8t2g&_nc_ss=7a22e&oh=00_AQK2ptsEy7z8d84W23PKqjoR4vKT_L03OqtRuC3I1SiyZA&oe=6A9CB5AE,https://www.instagram.com/p/DcuWeMKD352/
Supermercado São Pedro,Mercearia / Massas,Macarrão Todeschini 500g,3.49,31/08/2026,https://scontent-ams2-1.cdninstagram.com/v/t39.30808-6/790310368_1508698117969971_69530791300054474_n.jpg?stp=c0.0.1638.2047a_dst-jpg_e35_s1638x2047_tt6&_nc_cat=102&ig_cache_key=Mzk3NjE3NTA3NzMxMzU4MjExNA%3D%3D.3-ccb7-5&ccb=7-5&_nc_sid=58cdad&efg=eyJ2ZW5jb2RlX3RhZyI6IkNBUk9VU0VMX0lURU0ueHBpZHMuMTYzOC5zZHIucmVndWxhcl9waG90by5DMyJ9&_nc_ohc=uD9JaANzDd0Q7kNvwH535Ek&_nc_oc=AdprH4neidouuwsJ_1qpmFfrpVbcOcik7xk0TXKCERxxoY78EK1TcA99K8RizzfECOo&_nc_ad=z-m&_nc_cid=0&_nc_zt=23&_nc_ht=scontent-ams2-1.cdninstagram.com&_nc_gid=Xge3-AgsJ78GQKpYxVY_lQ&_nc_ss=7a22e&oh=00_AQLyxdP99X1LwDUKlEg0XOKW49YjRLzzhit7vnib_Xlk7w&oe=6A9CC4DA,https://www.instagram.com/p/DcuNi7YiX2_/
Bom Jesus Primavera do Leste 🛒,Mercearia / Massas,Macarrão Dallas 500g,3.49,31/08/2026,https://instagram.fper10-1.fna.fbcdn.net/v/t51.82787-15/789523666_18375397165237813_3042595625651888809_n.jpg?stp=dst-jpg_e35_tt6&_nc_cat=104&ig_cache_key=Mzk3NjAxNjAxNjcwNjA3NTE0OA%3D%3D.3-ccb7-5&ccb=7-5&_nc_sid=58cdad&efg=eyJ2ZW5jb2RlX3RhZyI6IkNBUk9VU0VMX0lURU0ueHBpZHMuMTA4MC5zZHIucmVndWxhcl9waG90by5DMyJ9&_nc_ohc=3X_gJLPLoscQ7kNvwEekRKh&_nc_oc=AdoXZnx3DhmM6RaXFFkolnKpMt0aCggOvmJOP-urdIrnN44TjQ7ZEpow4kwQJhG5XOA&_nc_ad=z-m&_nc_cid=0&_nc_zt=23&_nc_ht=instagram.fper10-1.fna&_nc_gid=f_Ac6QzwHuXD4P1h-TVMjQ&_nc_ss=7a22e&oh=00_AQJGnj5Z7t09OoD4B9o74OPUo48dMxB6Ie7qx2KvgqowJw&oe=6A9C9751,https://www.instagram.com/p/DctpboPFJpU/
Bom Jesus Primavera do Leste 🛒,Mercearia / Massas,Massa Para Pastel Mezzani 500g,9.99,31/08/2026,https://instagram.fper10-2.fna.fbcdn.net/v/t51.82787-15/790024829_18375397153237813_1948289794463955166_n.jpg?stp=dst-jpg_e35_tt6&_nc_cat=101&ig_cache_key=Mzk3NjAxNjAxNDQwMTk2MTI2NA%3D%3D.3-ccb7-5&ccb=7-5&_nc_sid=58cdad&efg=eyJ2ZW5jb2RlX3RhZyI6IkNBUk9VU0VMX0lURU0ueHBpZHMuMTA4MC5zZHIucmVndWxhcl9waG90by5DMyJ9&_nc_ohc=jFcUhcd3ey4Q7kNvwE3hxyN&_nc_oc=AdpHLNwAhSAuy0JuMhBgUYyPQrQb9vHTlhOBCE4vAUlcw5b2c1ggi8AVU_aK1cBTvkk&_nc_ad=z-m&_nc_cid=0&_nc_zt=23&_nc_ht=instagram.fper10-2.fna&_nc_gid=f_Ac6QzwHuXD4P1h-TVMjQ&_nc_ss=7a22e&oh=00_AQKZrSxDcZhfURGq6VEeim2vq4IWAu3C1myQPZZVH6BNCA&oe=6A9CA904,https://www.instagram.com/p/DctpboPFJpU/
Supermercado São Pedro,Mercearia / Molhos e Condimentos,Molho de Tomate Sofruta 300g,1.29,31/08/2026,https://scontent-ams2-1.cdninstagram.com/v/t39.30808-6/790341028_1508698111303305_6101754768913825516_n.jpg?stp=c0.0.1638.2048a_dst-jpg_e35_s1638x2048_tt6&_nc_cat=107&ig_cache_key=Mzk3NjE3NTA3NTg4NzQ4NDk5OQ%3D%3D.3-ccb7-5&ccb=7-5&_nc_sid=58cdad&efg=eyJ2ZW5jb2RlX3RhZyI6IkNBUk9VU0VMX0lURU0ueHBpZHMuMTYzOS5zZHIucmVndWxhcl9waG90by5DMyJ9&_nc_ohc=_1XwT5vLY4AQ7kNvwHKEz55&_nc_oc=Adqg5tBFfclFERhJFJbjOJm0oGg4YzR8WbUFIsLeQK-ahjCo0rYsScXgmbbDRpSjnk0&_nc_ad=z-m&_nc_cid=0&_nc_zt=23&_nc_ht=scontent-ams2-1.cdninstagram.com&_nc_gid=Xge3-AgsJ78GQKpYxVY_lQ&_nc_ss=7a22e&oh=00_AQKXL2-oKmbRxlKMZdJZpNxkSAGu6i1Z_8Eo2z4fJvzj_A&oe=6A9CA427,https://www.instagram.com/p/DcuNi7YiX2_/
Machadão Atacadista,Mercearia / Molhos e Condimentos,Extrato de Tomate Elefante 300g,6.99,01/09/2026,https://instagram.fpll8-1.fna.fbcdn.net/v/t39.30808-6/788766900_1363961989157092_7149980708576029676_n.jpg?stp=dst-jpg_e35_tt6&_nc_cat=105&_nc_map=urlgen_bucketless&ig_cache_key=Mzk3NjIxNDMzMjMyNTE5OTQzMw%3D%3D.3-ccb7-5&ccb=7-5&_nc_sid=58cdad&efg=eyJ2ZW5jb2RlX3RhZyI6IkNBUk9VU0VMX0lURU0ueHBpZHMuMTYzOC5zZHIucmVndWxhcl9waG90by5DMyJ9&_nc_ohc=2I1wZ8IpqpUQ7kNvwFAgb26&_nc_oc=AdptEXpzzvKedyOm0IUpup4aKTMN92VEbvGRKA1BQWFQpIbfA4AnOMdezqbxL5iUM5sqq0855oYZTILhNI3FLOd9&_nc_ad=z-m&_nc_cid=0&_nc_zt=23&_nc_ht=instagram.fpll8-1.fna&_nc_gid=-TX4tDFJTAdeRK5XHn8t2g&_nc_ss=7a22e&oh=00_AQL4oPpPpXHmUGCJDgCXWpuhnYQzo2USkXGxU2RSNdNmDA&oe=6A9CACD0,https://www.instagram.com/p/DcuWeMKD352/
Machadão Atacadista,Mercearia / Molhos e Condimentos,Extrato de Tomate Elefante 300g,6.99,01/09/2026,https://instagram.fpll8-1.fna.fbcdn.net/v/t39.30808-6/790209214_1363962295823728_6184311664090934208_n.jpg?stp=dst-jpg_e35_tt6&_nc_cat=101&_nc_map=urlgen_bucketless&ig_cache_key=Mzk3NjIxNDMzMTA5MjA0NzE3Mg%3D%3D.3-ccb7-5&ccb=7-5&_nc_sid=58cdad&efg=eyJ2ZW5jb2RlX3RhZyI6IkNBUk9VU0VMX0lURU0ueHBpZHMuMTYzOC5zZHIucmVndWxhcl9waG90by5DMyJ9&_nc_ohc=6eOf0AaqPwYQ7kNvwGdrNBZ&_nc_oc=AdrkMFMywyb9xxhGsxNzUydNzBp5WuMm_tp9Q9arUp4u5wRasbwXJXeOCdibD8xtZu5fEQKYFg0j9ixZYO0h6cDW&_nc_ad=z-m&_nc_cid=0&_nc_zt=23&_nc_ht=instagram.fpll8-1.fna&_nc_gid=-TX4tDFJTAdeRK5XHn8t2g&_nc_ss=7a22e&oh=00_AQK2ptsEy7z8d84W23PKqjoR4vKT_L03OqtRuC3I1SiyZA&oe=6A9CB5AE,https://www.instagram.com/p/DcuWeMKD352/
Bom Jesus Primavera do Leste 🛒,Mercearia / Molhos e Condimentos,Maionese Heinz 390g,12.99,31/08/2026,https://instagram.fper10-1.fna.fbcdn.net/v/t51.82787-15/789523666_18375397165237813_3042595625651888809_n.jpg?stp=dst-jpg_e35_tt6&_nc_cat=104&ig_cache_key=Mzk3NjAxNjAxNjcwNjA3NTE0OA%3D%3D.3-ccb7-5&ccb=7-5&_nc_sid=58cdad&efg=eyJ2ZW5jb2RlX3RhZyI6IkNBUk9VU0VMX0lURU0ueHBpZHMuMTA4MC5zZHIucmVndWxhcl9waG90by5DMyJ9&_nc_ohc=3X_gJLPLoscQ7kNvwEekRKh&_nc_oc=AdoXZnx3DhmM6RaXFFkolnKpMt0aCggOvmJOP-urdIrnN44TjQ7ZEpow4kwQJhG5XOA&_nc_ad=z-m&_nc_cid=0&_nc_zt=23&_nc_ht=instagram.fper10-1.fna&_nc_gid=f_Ac6QzwHuXD4P1h-TVMjQ&_nc_ss=7a22e&oh=00_AQJGnj5Z7t09OoD4B9o74OPUo48dMxB6Ie7qx2KvgqowJw&oe=6A9C9751,https://www.instagram.com/p/DctpboPFJpU/
Bom Jesus Primavera do Leste 🛒,Mercearia / Molhos e Condimentos,Ketchup Heinz 397g,12.99,31/08/2026,https://instagram.fper10-1.fna.fbcdn.net/v/t51.82787-15/789523666_18375397165237813_3042595625651888809_n.jpg?stp=dst-jpg_e35_tt6&_nc_cat=104&ig_cache_key=Mzk3NjAxNjAxNjcwNjA3NTE0OA%3D%3D.3-ccb7-5&ccb=7-5&_nc_sid=58cdad&efg=eyJ2ZW5jb2RlX3RhZyI6IkNBUk9VU0VMX0lURU0ueHBpZHMuMTA4MC5zZHIucmVndWxhcl9waG90by5DMyJ9&_nc_ohc=3X_gJLPLoscQ7kNvwEekRKh&_nc_oc=AdoXZnx3DhmM6RaXFFkolnKpMt0aCggOvmJOP-urdIrnN44TjQ7ZEpow4kwQJhG5XOA&_nc_ad=z-m&_nc_cid=0&_nc_zt=23&_nc_ht=instagram.fper10-1.fna&_nc_gid=f_Ac6QzwHuXD4P1h-TVMjQ&_nc_ss=7a22e&oh=00_AQJGnj5Z7t09OoD4B9o74OPUo48dMxB6Ie7qx2KvgqowJw&oe=6A9C9751,https://www.instagram.com/p/DctpboPFJpU/
Bom Jesus Primavera do Leste 🛒,Mercearia / Óleos e Azeites,Batata Monalisa kg,4.99,31/08/2026,https://scontent-cdg6-1.cdninstagram.com/v/t51.82787-15/790113394_18375342289237813_7246427130316640513_n.jpg?stp=dst-jpg_e35_tt6&_nc_cat=106&ig_cache_key=Mzk3NTgyNzIxNzI3MDIwNjY3Mg%3D%3D.3-ccb7-5&ccb=7-5&_nc_sid=58cdad&efg=eyJ2ZW5jb2RlX3RhZyI6IkNBUk9VU0VMX0lURU0ueHBpZHMuMTA4MC5zZHIucmVndWxhcl9waG90by5DMyJ9&_nc_ohc=S_BEWTxSEHYQ7kNvwE5N7r4&_nc_oc=Ado2w8lXMsiNQnI0DUCprVI0IcCqiAWB6PQCdCwk195f7V7lD8pQ7Xv8JPGh1ErP2efJ5I7iX787zTaZC_Wwhnww&_nc_ad=z-m&_nc_cid=0&_nc_zt=23&_nc_ht=scontent-cdg6-1.cdninstagram.com&_nc_gid=Pdh95l9V6cMlrK8l5N8A2g&_nc_ss=7a22e&oh=00_AQKa_e9B2fcouHSk9yjG9ed0KeAUyr4N1VIAkRp73gGizw&oe=6A9CB9CF,https://www.instagram.com/p/Dcs-drSFpzk/
Supermercado São Pedro,Outros,Água Mineral Puríssima com Gás 500ml,1.99,31/08/2026,https://scontent-ams2-1.cdninstagram.com/v/t39.30808-6/790651262_1508698107969972_5998080027560533600_n.jpg?stp=c0.0.1638.2048a_dst-jpg_e35_s1638x2048_tt6&_nc_cat=100&ig_cache_key=Mzk3NjE3NTA3NTkzNzgyODUwNQ%3D%3D.3-ccb7-5&ccb=7-5&_nc_sid=58cdad&efg=eyJ2ZW5jb2RlX3RhZyI6IkNBUk9VU0VMX0lURU0ueHBpZHMuMTYzOS5zZHIucmVndWxhcl9waG90by5DMyJ9&_nc_ohc=26iGgEP8IggQ7kNvwFi3myb&_nc_oc=AdpFahHbRQ4ATBgLiBsv1yqm2KpYrJO7OeVAESWood1qaoyXygmJTerG7hds6O7FpeY&_nc_ad=z-m&_nc_cid=0&_nc_zt=23&_nc_ht=scontent-ams2-1.cdninstagram.com&_nc_gid=Xge3-AgsJ78GQKpYxVY_lQ&_nc_ss=7a22e&oh=00_AQJ4Jf8Stxw3-ypban37smuLiMaJKt50CRqjhY5F4xChGA&oe=6A9CC889,https://www.instagram.com/p/DcuNi7YiX2_/
Machadão Atacadista,Outros,Hastes Flexíveis Topz 75un,1.99,01/09/2026,https://instagram.fpll8-2.fna.fbcdn.net/v/t39.30808-6/788717108_1363962009157090_7645430109379984108_n.jpg?stp=dst-jpg_e35_tt6&_nc_cat=110&_nc_map=urlgen_bucketless&ig_cache_key=Mzk3NjIxNDMzMjA1Njc3MzMzMA%3D%3D.3-ccb7-5&ccb=7-5&_nc_sid=58cdad&efg=eyJ2ZW5jb2RlX3RhZyI6IkNBUk9VU0VMX0lURU0ueHBpZHMuMTYzOC5zZHIucmVndWxhcl9waG90by5DMyJ9&_nc_ohc=nXwqXMc37ZkQ7kNvwGVtGCO&_nc_oc=Adp7sfzCL-HUqgN8ZdvBh4rs5GY5ekMPP5vmR5OBqPXil3Pgd9fgZExeFNnR9hplXn3EvPl2-4HEP6XcATezetTB&_nc_ad=z-m&_nc_cid=0&_nc_zt=23&_nc_ht=instagram.fpll8-2.fna&_nc_gid=-TX4tDFJTAdeRK5XHn8t2g&_nc_ss=7a22e&oh=00_AQLR5HcCVU9xXTpmdmaRsvdUl9qkP5z4W1uTaAIOWPzu5A&oe=6A9CA2D3,https://www.instagram.com/p/DcuWeMKD352/
Machadão Atacadista,Outros,Hastes Flexíveis Topz 75un,1.99,01/09/2026,https://instagram.fpll8-1.fna.fbcdn.net/v/t39.30808-6/788880664_1363962219157069_5966186908781895719_n.jpg?stp=dst-jpg_e35_tt6&_nc_cat=108&_nc_map=urlgen_bucketless&ig_cache_key=Mzk3NjIxNDMzMDk4MzA0NjUzNQ%3D%3D.3-ccb7-5&ccb=7-5&_nc_sid=58cdad&efg=eyJ2ZW5jb2RlX3RhZyI6IkNBUk9VU0VMX0lURU0ueHBpZHMuMTYzOC5zZHIucmVndWxhcl9waG90by5DMyJ9&_nc_ohc=72ND--9jcv0Q7kNvwF0do42&_nc_oc=AdokRmfQYpSec-2ucIKH9kkeydArBu8cMnaC6TebBY3z2_slG7lJHFk5WYLBT4SZMOrknVFv7HLZQgBv_NkX-P-r&_nc_ad=z-m&_nc_cid=0&_nc_zt=23&_nc_ht=instagram.fpll8-1.fna&_nc_gid=-TX4tDFJTAdeRK5XHn8t2g&_nc_ss=7a22e&oh=00_AQL22D_4fOEr93A62UmNnlDk4uo-vqACz7jfEudhOafeFA&oe=6A9CA88C,https://www.instagram.com/p/DcuWeMKD352/
Machadão Atacadista,Outros,Milho Para Pipoca Tia Helena 400g,2.99,01/09/2026,https://instagram.fpll8-1.fna.fbcdn.net/v/t39.30808-6/788766900_1363961989157092_7149980708576029676_n.jpg?stp=dst-jpg_e35_tt6&_nc_cat=105&_nc_map=urlgen_bucketless&ig_cache_key=Mzk3NjIxNDMzMjMyNTE5OTQzMw%3D%3D.3-ccb7-5&ccb=7-5&_nc_sid=58cdad&efg=eyJ2ZW5jb2RlX3RhZyI6IkNBUk9VU0VMX0lURU0ueHBpZHMuMTYzOC5zZHIucmVndWxhcl9waG90by5DMyJ9&_nc_ohc=2I1wZ8IpqpUQ7kNvwFAgb26&_nc_oc=AdptEXpzzvKedyOm0IUpup4aKTMN92VEbvGRKA1BQWFQpIbfA4AnOMdezqbxL5iUM5sqq0855oYZTILhNI3FLOd9&_nc_ad=z-m&_nc_cid=0&_nc_zt=23&_nc_ht=instagram.fpll8-1.fna&_nc_gid=-TX4tDFJTAdeRK5XHn8t2g&_nc_ss=7a22e&oh=00_AQL4oPpPpXHmUGCJDgCXWpuhnYQzo2USkXGxU2RSNdNmDA&oe=6A9CACD0,https://www.instagram.com/p/DcuWeMKD352/
Machadão Atacadista,Outros,Milho Para Pipoca Tia Helena 400g,2.99,01/09/2026,https://instagram.fpll8-1.fna.fbcdn.net/v/t39.30808-6/790209214_1363962295823728_6184311664090934208_n.jpg?stp=dst-jpg_e35_tt6&_nc_cat=101&_nc_map=urlgen_bucketless&ig_cache_key=Mzk3NjIxNDMzMTA5MjA0NzE3Mg%3D%3D.3-ccb7-5&ccb=7-5&_nc_sid=58cdad&efg=eyJ2ZW5jb2RlX3RhZyI6IkNBUk9VU0VMX0lURU0ueHBpZHMuMTYzOC5zZHIucmVndWxhcl9waG90by5DMyJ9&_nc_ohc=6eOf0AaqPwYQ7kNvwGdrNBZ&_nc_oc=AdrkMFMywyb9xxhGsxNzUydNzBp5WuMm_tp9Q9arUp4u5wRasbwXJXeOCdibD8xtZu5fEQKYFg0j9ixZYO0h6cDW&_nc_ad=z-m&_nc_cid=0&_nc_zt=23&_nc_ht=instagram.fpll8-1.fna&_nc_gid=-TX4tDFJTAdeRK5XHn8t2g&_nc_ss=7a22e&oh=00_AQK2ptsEy7z8d84W23PKqjoR4vKT_L03OqtRuC3I1SiyZA&oe=6A9CB5AE,https://www.instagram.com/p/DcuWeMKD352/
Bom Jesus Primavera do Leste 🛒,Outros,Salgadinho Cheetos 35g,3.09,31/08/2026,https://instagram.fper10-1.fna.fbcdn.net/v/t51.82787-15/789523666_18375397165237813_3042595625651888809_n.jpg?stp=dst-jpg_e35_tt6&_nc_cat=104&ig_cache_key=Mzk3NjAxNjAxNjcwNjA3NTE0OA%3D%3D.3-ccb7-5&ccb=7-5&_nc_sid=58cdad&efg=eyJ2ZW5jb2RlX3RhZyI6IkNBUk9VU0VMX0lURU0ueHBpZHMuMTA4MC5zZHIucmVndWxhcl9waG90by5DMyJ9&_nc_ohc=3X_gJLPLoscQ7kNvwEekRKh&_nc_oc=AdoXZnx3DhmM6RaXFFkolnKpMt0aCggOvmJOP-urdIrnN44TjQ7ZEpow4kwQJhG5XOA&_nc_ad=z-m&_nc_cid=0&_nc_zt=23&_nc_ht=instagram.fper10-1.fna&_nc_gid=f_Ac6QzwHuXD4P1h-TVMjQ&_nc_ss=7a22e&oh=00_AQJGnj5Z7t09OoD4B9o74OPUo48dMxB6Ie7qx2KvgqowJw&oe=6A9C9751,https://www.instagram.com/p/DctpboPFJpU/
Supermercado São Pedro,Outros,Abóbora Cabotíá kg,3.29,30/08/2026,https://instagram.fgig19-1.fna.fbcdn.net/v/t39.30808-6/785363261_1506829171490199_3564182439088120420_n.jpg?stp=dst-jpg_e35_tt6&_nc_cat=103&ig_cache_key=Mzk3NTM5MTQwMjA4NzE3ODI1NA%3D%3D.3-ccb7-5&ccb=7-5&_nc_sid=58cdad&efg=eyJ2ZW5jb2RlX3RhZyI6IkZFRUQueHBpZHMuMTYzOS5zZHIucmVndWxhcl9waG90by5DMyJ9&_nc_ohc=fLo7cmtpSBUQ7kNvwF7Sdf8&_nc_oc=AdpMIZItCtIolLDvtR_AoeiXqWK8G9_QQrfAzmz1oKur6xf4GdLwI7weFGuMH-KIimo&_nc_ad=z-m&_nc_cid=0&_nc_zt=23&_nc_ht=instagram.fgig19-1.fna&_nc_gid=-OQakASSBm6mU9OOKmQ_zQ&_nc_ss=7a22e&oh=00_AQIqcY16WrK9yer5y-JOvEs-a4fmDN9k-b-iz8Z_CFtmXw&oe=6A9CB03F,https://www.instagram.com/p/DcrbWrsjGAO/
Bom Jesus Primavera do Leste 🛒,Outros,Milho de Pipoca Mika 400g,3.49,31/08/2026,https://instagram.fper10-1.fna.fbcdn.net/v/t51.82787-15/789523666_18375397165237813_3042595625651888809_n.jpg?stp=dst-jpg_e35_tt6&_nc_cat=104&ig_cache_key=Mzk3NjAxNjAxNjcwNjA3NTE0OA%3D%3D.3-ccb7-5&ccb=7-5&_nc_sid=58cdad&efg=eyJ2ZW5jb2RlX3RhZyI6IkNBUk9VU0VMX0lURU0ueHBpZHMuMTA4MC5zZHIucmVndWxhcl9waG90by5DMyJ9&_nc_ohc=3X_gJLPLoscQ7kNvwEekRKh&_nc_oc=AdoXZnx3DhmM6RaXFFkolnKpMt0aCggOvmJOP-urdIrnN44TjQ7ZEpow4kwQJhG5XOA&_nc_ad=z-m&_nc_cid=0&_nc_zt=23&_nc_ht=instagram.fper10-1.fna&_nc_gid=f_Ac6QzwHuXD4P1h-TVMjQ&_nc_ss=7a22e&oh=00_AQJGnj5Z7t09OoD4B9o74OPUo48dMxB6Ie7qx2KvgqowJw&oe=6A9C9751,https://www.instagram.com/p/DctpboPFJpU/
Super Compras Supermercado,Outros,Chuchu kg,3.89,31/08/2026,https://instagram.fccm4-1.fna.fbcdn.net/v/t51.82787-15/790058600_18193115956391764_8827572755741076576_n.jpg?stp=dst-jpg_e35_tt6&_nc_cat=104&ig_cache_key=Mzk3NTQ2MjIwNjUyNzY2NTkwOQ%3D%3D.3-ccb7-5&ccb=7-5&_nc_sid=58cdad&efg=eyJ2ZW5jb2RlX3RhZyI6IkNBUk9VU0VMX0lURU0ueHBpZHMuMTQ0MC5zZHIucmVndWxhcl9waG90by5DMyJ9&_nc_ohc=lYb2blGkLh4Q7kNvwErRgtU&_nc_oc=AdoEONC1y7eFVI7hT32UOltFM9xEQLy-Yn1QHtItYkIJ_8cd1x2rPUvDKzfW3e8RQcU&_nc_ad=z-m&_nc_cid=0&_nc_zt=23&_nc_ht=instagram.fccm4-1.fna&_nc_gid=FneyDljf1jsbRdbE-7Sb-g&_nc_ss=7a22e&oh=00_AQJQQP8phYIWUXtEdBKVa2zU9ScP8kToE1FU8U70jzTxeA&oe=6A9CBBF6,https://www.instagram.com/p/DcrreFFEorJ/
Super Compras Supermercado,Outros,Repolho Verde kg,3.99,31/08/2026,https://instagram.fccm4-1.fna.fbcdn.net/v/t51.82787-15/791974186_18193115938391764_5859732845031236442_n.jpg?stp=dst-jpg_e35_tt6&_nc_cat=105&ig_cache_key=Mzk3NTQ2MjE2MTk0MjIyOTY3Mg%3D%3D.3-ccb7-5&ccb=7-5&_nc_sid=58cdad&efg=eyJ2ZW5jb2RlX3RhZyI6IkNBUk9VU0VMX0lURU0ueHBpZHMuMTQ0MC5zZHIucmVndWxhcl9waG90by5DMyJ9&_nc_ohc=nzcZ4VRfyfMQ7kNvwFVWJWT&_nc_oc=AdpBydi9lhJa2RBTmkazpLl6P442CVf66UkIGQY8yEuhDrJy_zgzeE8PDqGbKa2rpl8&_nc_ad=z-m&_nc_cid=0&_nc_zt=23&_nc_ht=instagram.fccm4-1.fna&_nc_gid=FneyDljf1jsbRdbE-7Sb-g&_nc_ss=7a22e&oh=00_AQInwrCpZsJ4bBuZnWIbTAVAeMYiAKBbjdBLUwleRPJq7Q&oe=6A9CC1F6,https://www.instagram.com/p/DcrreFFEorJ/
Bom Jesus Primavera do Leste 🛒,Outros,Abóbora Kabotiã kg,3.99,31/08/2026,https://scontent-cdg6-1.cdninstagram.com/v/t51.82787-15/789959440_18375342295237813_1330432405373791908_n.jpg?stp=dst-jpg_e35_tt6&_nc_cat=106&ig_cache_key=Mzk3NTgyNzIxNzYyMjY1MTcwMQ%3D%3D.3-ccb7-5&ccb=7-5&_nc_sid=58cdad&efg=eyJ2ZW5jb2RlX3RhZyI6IkNBUk9VU0VMX0lURU0ueHBpZHMuMTA4MC5zZHIucmVndWxhcl9waG90by5DMyJ9&_nc_ohc=jvVGAyriU-QQ7kNvwEAnWqg&_nc_oc=Adqo57eCLcisXYCi0DySspnQLiiRWVefKrKVwZXsjmTQJxNjd7vWExwpyZG4ROUHuY2vUhwt86vhBTVBxwyN7pMM&_nc_ad=z-m&_nc_cid=0&_nc_zt=23&_nc_ht=scontent-cdg6-1.cdninstagram.com&_nc_gid=Pdh95l9V6cMlrK8l5N8A2g&_nc_ss=7a22e&oh=00_AQKoE1wLamQ1nZC7HsoxTeYyJ6w4wrS6uMxH-Uxj8IlUxA&oe=6A9CC61F,https://www.instagram.com/p/Dcs-drSFpzk/
Machadão Atacadista,Outros,Toalha de Papel Maxim 120un,3.99,01/09/2026,https://instagram.fpll8-2.fna.fbcdn.net/v/t39.30808-6/788717108_1363962009157090_7645430109379984108_n.jpg?stp=dst-jpg_e35_tt6&_nc_cat=110&_nc_map=urlgen_bucketless&ig_cache_key=Mzk3NjIxNDMzMjA1Njc3MzMzMA%3D%3D.3-ccb7-5&ccb=7-5&_nc_sid=58cdad&efg=eyJ2ZW5jb2RlX3RhZyI6IkNBUk9VU0VMX0lURU0ueHBpZHMuMTYzOC5zZHIucmVndWxhcl9waG90by5DMyJ9&_nc_ohc=nXwqXMc37ZkQ7kNvwGVtGCO&_nc_oc=Adp7sfzCL-HUqgN8ZdvBh4rs5GY5ekMPP5vmR5OBqPXil3Pgd9fgZExeFNnR9hplXn3EvPl2-4HEP6XcATezetTB&_nc_ad=z-m&_nc_cid=0&_nc_zt=23&_nc_ht=instagram.fpll8-2.fna&_nc_gid=-TX4tDFJTAdeRK5XHn8t2g&_nc_ss=7a22e&oh=00_AQLR5HcCVU9xXTpmdmaRsvdUl9qkP5z4W1uTaAIOWPzu5A&oe=6A9CA2D3,https://www.instagram.com/p/DcuWeMKD352/
Machadão Atacadista,Outros,Toalha de Papel Maxim 120un,3.99,01/09/2026,https://instagram.fpll8-1.fna.fbcdn.net/v/t39.30808-6/788880664_1363962219157069_5966186908781895719_n.jpg?stp=dst-jpg_e35_tt6&_nc_cat=108&_nc_map=urlgen_bucketless&ig_cache_key=Mzk3NjIxNDMzMDk4MzA0NjUzNQ%3D%3D.3-ccb7-5&ccb=7-5&_nc_sid=58cdad&efg=eyJ2ZW5jb2RlX3RhZyI6IkNBUk9VU0VMX0lURU0ueHBpZHMuMTYzOC5zZHIucmVndWxhcl9waG90by5DMyJ9&_nc_ohc=72ND--9jcv0Q7kNvwF0do42&_nc_oc=AdokRmfQYpSec-2ucIKH9kkeydArBu8cMnaC6TebBY3z2_slG7lJHFk5WYLBT4SZMOrknVFv7HLZQgBv_NkX-P-r&_nc_ad=z-m&_nc_cid=0&_nc_zt=23&_nc_ht=instagram.fpll8-1.fna&_nc_gid=-TX4tDFJTAdeRK5XHn8t2g&_nc_ss=7a22e&oh=00_AQL22D_4fOEr93A62UmNnlDk4uo-vqACz7jfEudhOafeFA&oe=6A9CA88C,https://www.instagram.com/p/DcuWeMKD352/
Supermercado Tuiuiú,Outros,Mandioca kg,4.49,31/08/2026,https://instagram.fbjx1-3.fna.fbcdn.net/v/t51.82787-15/790590392_18582933505067900_2201772778734952147_n.jpg?stp=dst-jpg_e35_tt6&_nc_cat=103&ig_cache_key=Mzk3NTg0NzA1MzA0NTM0MDc5MQ%3D%3D.3-ccb7-5&ccb=7-5&_nc_sid=58cdad&efg=eyJ2ZW5jb2RlX3RhZyI6IkNBUk9VU0VMX0lURU0ueHBpZHMuMTA4MC5zZHIucmVndWxhcl9waG90by5DMyJ9&_nc_ohc=xipPFTIHiTUQ7kNvwGKZJII&_nc_oc=AdqrCbkrXnAK8JCWaE7vFyAgvYt6LovDP-L74_euQ_0w3_bRQS9zoIFmtpWjGGnij50&_nc_ad=z-m&_nc_cid=0&_nc_zt=23&_nc_ht=instagram.fbjx1-3.fna&_nc_gid=u9jY4YB921ueeDNuf3xpXg&_nc_ss=7a22e&oh=00_AQK0q62GWMW9RyXLIQ5YTtoMlBxNF-TbAnLtRoY-MaQkjQ&oe=6A9CBE02,https://www.instagram.com/p/DctC9pmj6oW/
Supermercado São Pedro,Outros,Beterraba kg,4.69,30/08/2026,https://instagram.fgig19-1.fna.fbcdn.net/v/t39.30808-6/785363261_1506829171490199_3564182439088120420_n.jpg?stp=dst-jpg_e35_tt6&_nc_cat=103&ig_cache_key=Mzk3NTM5MTQwMjA4NzE3ODI1NA%3D%3D.3-ccb7-5&ccb=7-5&_nc_sid=58cdad&efg=eyJ2ZW5jb2RlX3RhZyI6IkZFRUQueHBpZHMuMTYzOS5zZHIucmVndWxhcl9waG90by5DMyJ9&_nc_ohc=fLo7cmtpSBUQ7kNvwF7Sdf8&_nc_oc=AdpMIZItCtIolLDvtR_AoeiXqWK8G9_QQrfAzmz1oKur6xf4GdLwI7weFGuMH-KIimo&_nc_ad=z-m&_nc_cid=0&_nc_zt=23&_nc_ht=instagram.fgig19-1.fna&_nc_gid=-OQakASSBm6mU9OOKmQ_zQ&_nc_ss=7a22e&oh=00_AQIqcY16WrK9yer5y-JOvEs-a4fmDN9k-b-iz8Z_CFtmXw&oe=6A9CB03F,https://www.instagram.com/p/DcrbWrsjGAO/
Supermercado São Pedro,Outros,Repolho Verde kg,4.79,30/08/2026,https://instagram.fgig19-1.fna.fbcdn.net/v/t39.30808-6/785363261_1506829171490199_3564182439088120420_n.jpg?stp=dst-jpg_e35_tt6&_nc_cat=103&ig_cache_key=Mzk3NTM5MTQwMjA4NzE3ODI1NA%3D%3D.3-ccb7-5&ccb=7-5&_nc_sid=58cdad&efg=eyJ2ZW5jb2RlX3RhZyI6IkZFRUQueHBpZHMuMTYzOS5zZHIucmVndWxhcl9waG90by5DMyJ9&_nc_ohc=fLo7cmtpSBUQ7kNvwF7Sdf8&_nc_oc=AdpMIZItCtIolLDvtR_AoeiXqWK8G9_QQrfAzmz1oKur6xf4GdLwI7weFGuMH-KIimo&_nc_ad=z-m&_nc_cid=0&_nc_zt=23&_nc_ht=instagram.fgig19-1.fna&_nc_gid=-OQakASSBm6mU9OOKmQ_zQ&_nc_ss=7a22e&oh=00_AQIqcY16WrK9yer5y-JOvEs-a4fmDN9k-b-iz8Z_CFtmXw&oe=6A9CB03F,https://www.instagram.com/p/DcrbWrsjGAO/
Supermercado Tuiuiú,Outros,Rins Bovino kg,4.99,31/08/2026,https://instagram.fbjx1-1.fna.fbcdn.net/v/t51.82787-15/789925865_18582933439067900_5352302008089866172_n.jpg?stp=dst-jpg_e35_tt6&_nc_cat=106&ig_cache_key=Mzk3NTg0NzAyMjI0MjEyOTQ1Ng%3D%3D.3-ccb7-5&ccb=7-5&_nc_sid=58cdad&efg=eyJ2ZW5jb2RlX3RhZyI6IkNBUk9VU0VMX0lURU0ueHBpZHMuMTA4MC5zZHIucmVndWxhcl9waG90by5DMyJ9&_nc_ohc=n9EbT9YTGVQQ7kNvwGPnM8q&_nc_oc=AdpN-F1CmEX-eEDoSr6u6Fi_cs-B2cMG-cvMrP12uNCQrjjpxmM8nK0INT9K46LcVSI&_nc_ad=z-m&_nc_cid=0&_nc_zt=23&_nc_ht=instagram.fbjx1-1.fna&_nc_gid=u9jY4YB921ueeDNuf3xpXg&_nc_ss=7a22e&oh=00_AQIKITddk5Lymtrwc1iSG3zS-IcdwyAvvBy2KwrcithWgg&oe=6A9CCD9E,https://www.instagram.com/p/DctC9pmj6oW/
Bom Jesus Primavera do Leste 🛒,Outros,Repolho Verde kg,4.99,31/08/2026,https://scontent-cdg6-1.cdninstagram.com/v/t51.82787-15/789959440_18375342295237813_1330432405373791908_n.jpg?stp=dst-jpg_e35_tt6&_nc_cat=106&ig_cache_key=Mzk3NTgyNzIxNzYyMjY1MTcwMQ%3D%3D.3-ccb7-5&ccb=7-5&_nc_sid=58cdad&efg=eyJ2ZW5jb2RlX3RhZyI6IkNBUk9VU0VMX0lURU0ueHBpZHMuMTA4MC5zZHIucmVndWxhcl9waG90by5DMyJ9&_nc_ohc=jvVGAyriU-QQ7kNvwEAnWqg&_nc_oc=Adqo57eCLcisXYCi0DySspnQLiiRWVefKrKVwZXsjmTQJxNjd7vWExwpyZG4ROUHuY2vUhwt86vhBTVBxwyN7pMM&_nc_ad=z-m&_nc_cid=0&_nc_zt=23&_nc_ht=scontent-cdg6-1.cdninstagram.com&_nc_gid=Pdh95l9V6cMlrK8l5N8A2g&_nc_ss=7a22e&oh=00_AQKoE1wLamQ1nZC7HsoxTeYyJ6w4wrS6uMxH-Uxj8IlUxA&oe=6A9CC61F,https://www.instagram.com/p/Dcs-drSFpzk/
Bom Jesus Primavera do Leste 🛒,Outros,Goiabada Predilecta 300g,4.99,28/08/2026,https://instagram.fagu3-1.fna.fbcdn.net/v/t51.82787-15/788139857_18374943016237813_6095318216715939563_n.jpg?stp=dst-jpg_e35_tt6&_nc_cat=107&ig_cache_key=Mzk3Mzk3Nzc4MDcyMjI3NDY1Mg%3D%3D.3-ccb7-5&ccb=7-5&_nc_sid=58cdad&efg=eyJ2ZW5jb2RlX3RhZyI6IkNBUk9VU0VMX0lURU0ueHBpZHMuMTA4MC5zZHIucmVndWxhcl9waG90by5DMyJ9&_nc_ohc=xX3unEg9a08Q7kNvwGOEBKm&_nc_oc=Ado24mnGdNuQv2SIzLDfjY6XCYYEsNiM4rzrQdRtfWRTB8lb07qGDm6kHAdE6C_GVYrrbY0t6e50c1CUE8B7f9po&_nc_ad=z-m&_nc_cid=0&_nc_zt=23&_nc_ht=instagram.fagu3-1.fna&_nc_gid=ub-F7Ju1QestHX_RMmDV3g&_nc_ss=7a22e&oh=00_AQIFwtbmqdV6HlbS9jF1C5LBnR30cy1yTOmT2MS5A1inGg&oe=6A9CB070,https://www.instagram.com/p/DcmZ8cDD400/
Supermercado São Pedro,Outros,Polvilho Doce Caipira 1kg,5.99,31/08/2026,https://scontent-ams2-1.cdninstagram.com/v/t39.30808-6/790310368_1508698117969971_69530791300054474_n.jpg?stp=c0.0.1638.2047a_dst-jpg_e35_s1638x2047_tt6&_nc_cat=102&ig_cache_key=Mzk3NjE3NTA3NzMxMzU4MjExNA%3D%3D.3-ccb7-5&ccb=7-5&_nc_sid=58cdad&efg=eyJ2ZW5jb2RlX3RhZyI6IkNBUk9VU0VMX0lURU0ueHBpZHMuMTYzOC5zZHIucmVndWxhcl9waG90by5DMyJ9&_nc_ohc=uD9JaANzDd0Q7kNvwH535Ek&_nc_oc=AdprH4neidouuwsJ_1qpmFfrpVbcOcik7xk0TXKCERxxoY78EK1TcA99K8RizzfECOo&_nc_ad=z-m&_nc_cid=0&_nc_zt=23&_nc_ht=scontent-ams2-1.cdninstagram.com&_nc_gid=Xge3-AgsJ78GQKpYxVY_lQ&_nc_ss=7a22e&oh=00_AQLyxdP99X1LwDUKlEg0XOKW49YjRLzzhit7vnib_Xlk7w&oe=6A9CC4DA,https://www.instagram.com/p/DcuNi7YiX2_/
Super Compras Supermercado,Outros,Ponkan kg,5.99,29/08/2026,https://scontent-lax3-2.cdninstagram.com/v/t51.82787-15/787666404_18192892456391764_5631571009347207340_n.jpg?stp=dst-jpg_e35_tt6&_nc_cat=107&ig_cache_key=Mzk3NDAxMjM2OTYxNzUwODE0Ng%3D%3D.3-ccb7-5&ccb=7-5&_nc_sid=58cdad&efg=eyJ2ZW5jb2RlX3RhZyI6IkNBUk9VU0VMX0lURU0ueHBpZHMuMTQ0MC5zZHIucmVndWxhcl9waG90by5DMiJ9&_nc_ohc=Y87jpNzsTLYQ7kNvwF2geSX&_nc_oc=AdqZD0FF6uQKcKmwvMgdUCJYwy4dY7Wr5PoUlwYEztiFCWzJg7dVbjbg6fe2-xtUTGYJgHcjndv-HGxLo3MUXkUD&_nc_ad=z-m&_nc_cid=0&_nc_zt=23&_nc_ht=scontent-lax3-2.cdninstagram.com&_nc_gid=m4a1im7Fihg2Q49M_7HU5Q&_nc_ss=7a22e&oh=00_AQIeHRWhg0DLaTlbVJCNCKbOcXIXMyM6e-rrp8aqs4hd9A&oe=6A9CBD1A,https://www.instagram.com/p/DcmhzwZjQj_/
Super Compras Supermercado,Outros,Língua Bovina kg,5.99,31/08/2026,https://instagram.fccm4-1.fna.fbcdn.net/v/t51.82787-15/791974186_18193115938391764_5859732845031236442_n.jpg?stp=dst-jpg_e35_tt6&_nc_cat=105&ig_cache_key=Mzk3NTQ2MjE2MTk0MjIyOTY3Mg%3D%3D.3-ccb7-5&ccb=7-5&_nc_sid=58cdad&efg=eyJ2ZW5jb2RlX3RhZyI6IkNBUk9VU0VMX0lURU0ueHBpZHMuMTQ0MC5zZHIucmVndWxhcl9waG90by5DMyJ9&_nc_ohc=nzcZ4VRfyfMQ7kNvwFVWJWT&_nc_oc=AdpBydi9lhJa2RBTmkazpLl6P442CVf66UkIGQY8yEuhDrJy_zgzeE8PDqGbKa2rpl8&_nc_ad=z-m&_nc_cid=0&_nc_zt=23&_nc_ht=instagram.fccm4-1.fna&_nc_gid=FneyDljf1jsbRdbE-7Sb-g&_nc_ss=7a22e&oh=00_AQInwrCpZsJ4bBuZnWIbTAVAeMYiAKBbjdBLUwleRPJq7Q&oe=6A9CC1F6,https://www.instagram.com/p/DcrreFFEorJ/
Supermercado Tuiuiú,Outros,Morango,6.99,29/08/2026,https://instagram.fbod1-1.fna.fbcdn.net/v/t51.82787-15/787000798_18582375850067900_3149822714176268656_n.jpg?stp=dst-jpg_e35_tt6&_nc_cat=104&ig_cache_key=Mzk3NDQ1MDg0ODIzMTk0NjQwMg%3D%3D.3-ccb7-5&ccb=7-5&_nc_sid=58cdad&efg=eyJ2ZW5jb2RlX3RhZyI6IkZFRUQueHBpZHMuMTA4MC5zZHIucmVndWxhcl9waG90by5DMyJ9&_nc_ohc=8MpbsMibNhwQ7kNvwHxfk8-&_nc_oc=AdrFaI9QpneiKWuOLvmdIi9Pc3ZpdJ_7swuR4OMTY5cec6Zn630g6Bto65MdgGjx4Ril1HPlgIoWIcRs-R8Mzn5Q&_nc_ad=z-m&_nc_cid=0&_nc_zt=23&_nc_ht=instagram.fbod1-1.fna&_nc_gid=t8lp_BLRvF8xIF3KgDLd8Q&_nc_ss=7a22e&oh=00_AQKHuZ3W8q9fmbvBM3u9TrqDYZdbwNzTKg3cFS6mclt6HQ&oe=6A9C9B8C,https://www.instagram.com/p/DcoFf0qHXii/
Supermercado Tuiuiú,Outros,Língua Bovina kg,6.99,31/08/2026,https://instagram.fbjx1-1.fna.fbcdn.net/v/t51.82787-15/789925865_18582933439067900_5352302008089866172_n.jpg?stp=dst-jpg_e35_tt6&_nc_cat=106&ig_cache_key=Mzk3NTg0NzAyMjI0MjEyOTQ1Ng%3D%3D.3-ccb7-5&ccb=7-5&_nc_sid=58cdad&efg=eyJ2ZW5jb2RlX3RhZyI6IkNBUk9VU0VMX0lURU0ueHBpZHMuMTA4MC5zZHIucmVndWxhcl9waG90by5DMyJ9&_nc_ohc=n9EbT9YTGVQQ7kNvwGPnM8q&_nc_oc=AdpN-F1CmEX-eEDoSr6u6Fi_cs-B2cMG-cvMrP12uNCQrjjpxmM8nK0INT9K46LcVSI&_nc_ad=z-m&_nc_cid=0&_nc_zt=23&_nc_ht=instagram.fbjx1-1.fna&_nc_gid=u9jY4YB921ueeDNuf3xpXg&_nc_ss=7a22e&oh=00_AQIKITddk5Lymtrwc1iSG3zS-IcdwyAvvBy2KwrcithWgg&oe=6A9CCD9E,https://www.instagram.com/p/DctC9pmj6oW/
Supermercado Tuiuiú,Outros,Morango,6.99,01/09/2026,https://scontent-mxp1-1.cdninstagram.com/v/t51.82787-15/789667226_18583192900067900_6097504742774463082_n.jpg?stp=dst-jpg_e35_tt6&_nc_cat=106&ig_cache_key=Mzk3NjUzMTU4NDEzNTc5MjY4Nw%3D%3D.3-ccb7-5&ccb=7-5&_nc_sid=58cdad&efg=eyJ2ZW5jb2RlX3RhZyI6IkNBUk9VU0VMX0lURU0ueHBpZHMuMTA4MC5zZHIucmVndWxhcl9waG90by5DMyJ9&_nc_ohc=G0RtKYwckdoQ7kNvwEtrYDW&_nc_oc=AdpJ5mihBoc6wmq5TyfJ7-AdraZYhfe56Du_nWTpfSQxd4b5McG_ZmnJkHV0079DpoA&_nc_ad=z-m&_nc_cid=0&_nc_zt=23&_nc_ht=scontent-mxp1-1.cdninstagram.com&_nc_gid=n47BvRMT9yrgjou27QmK5w&_nc_ss=7a22e&oh=00_AQLBKe5r7X_q-ArRpo6nfafdLN7SwJTdGXcrSJR9VOXkig&oe=6A9CBBDA,https://www.instagram.com/p/Dcvem7jDB5G/
Supermercado São Pedro,Outros,Cachorro Quente,6.99,28/08/2026,https://scontent-waw2-1.cdninstagram.com/v/t51.82787-15/785599572_18195711460382122_5575322653184498920_n.jpg?stp=dst-jpg_e35_tt6&_nc_cat=109&ig_cache_key=Mzk3MzY3MjU2OTQ3ODkxNjI0Mw%3D%3D.3-ccb7-5&ccb=7-5&_nc_sid=58cdad&efg=eyJ2ZW5jb2RlX3RhZyI6IkNBUk9VU0VMX0lURU0ueHBpZHMuMTA4MS5zZHIucmVndWxhcl9waG90by5DMyJ9&_nc_ohc=GqsGB5UTShAQ7kNvwFPOwP3&_nc_oc=AdpzBt_LblKn3EUN1yxLP1c2j5kKp-CJDSm9Rz8mlKgc99GVluW-1zvOVU2SUFfw_hcHtZGeepBzEvgb38Z8QD29&_nc_ad=z-m&_nc_cid=0&_nc_zt=23&_nc_ht=scontent-waw2-1.cdninstagram.com&_nc_gid=DMKRO3jGuwK0c-WkMOZ7ag&_nc_ss=7a22e&oh=00_AQJZrmqgxQRxmq7za3NpYTPGtcV43nmNCpR0m9Z2DfhfnA&oe=6A9CC052,https://www.instagram.com/p/DclUqI1G7TG/
Supermercado São Pedro,Outros,Cabaré Ice 275ml,6.99,28/08/2026,https://scontent-waw2-2.cdninstagram.com/v/t51.82787-15/787853786_18195711469382122_4084613579796731411_n.jpg?stp=dst-jpg_e35_tt6&_nc_cat=101&ig_cache_key=Mzk3MzY3MjU2ODk4MzkzOTE2MQ%3D%3D.3-ccb7-5&ccb=7-5&_nc_sid=58cdad&efg=eyJ2ZW5jb2RlX3RhZyI6IkNBUk9VU0VMX0lURU0ueHBpZHMuMTA4MS5zZHIucmVndWxhcl9waG90by5DMyJ9&_nc_ohc=YRh7I8l8B0QQ7kNvwEmvTd-&_nc_oc=AdotRJyD39EaxILsMKm2BdgcxtSKvBYXY6qKKrokVsv-Z_ErGu_C3mcsZuTGuMrhksvkFRAegaGhi5k7DLM7Bxag&_nc_ad=z-m&_nc_cid=0&_nc_zt=23&_nc_ht=scontent-waw2-2.cdninstagram.com&_nc_gid=DMKRO3jGuwK0c-WkMOZ7ag&_nc_ss=7a22e&oh=00_AQLVJyGKczp4n9AWxGikJdR1iiBGca5N0k2os6-ccozdpA&oe=6A9CA307,https://www.instagram.com/p/DclUqI1G7TG/
Super Compras Supermercado,Outros,Morgote kg,6.99,31/08/2026,https://instagram.fccm4-1.fna.fbcdn.net/v/t51.82787-15/790058600_18193115956391764_8827572755741076576_n.jpg?stp=dst-jpg_e35_tt6&_nc_cat=104&ig_cache_key=Mzk3NTQ2MjIwNjUyNzY2NTkwOQ%3D%3D.3-ccb7-5&ccb=7-5&_nc_sid=58cdad&efg=eyJ2ZW5jb2RlX3RhZyI6IkNBUk9VU0VMX0lURU0ueHBpZHMuMTQ0MC5zZHIucmVndWxhcl9waG90by5DMyJ9&_nc_ohc=lYb2blGkLh4Q7kNvwErRgtU&_nc_oc=AdoEONC1y7eFVI7hT32UOltFM9xEQLy-Yn1QHtItYkIJ_8cd1x2rPUvDKzfW3e8RQcU&_nc_ad=z-m&_nc_cid=0&_nc_zt=23&_nc_ht=instagram.fccm4-1.fna&_nc_gid=FneyDljf1jsbRdbE-7Sb-g&_nc_ss=7a22e&oh=00_AQJQQP8phYIWUXtEdBKVa2zU9ScP8kToE1FU8U70jzTxeA&oe=6A9CBBF6,https://www.instagram.com/p/DcrreFFEorJ/
Bom Jesus Primavera do Leste 🛒,Outros,Ice Smirnoff 275ml,6.99,31/08/2026,https://instagram.fper10-1.fna.fbcdn.net/v/t51.82787-15/790710770_18375397150237813_205032870738913895_n.jpg?stp=dst-jpg_e35_tt6&_nc_cat=109&ig_cache_key=Mzk3NjAxNjAxODA0MzIzNjczOQ%3D%3D.3-ccb7-5&ccb=7-5&_nc_sid=58cdad&efg=eyJ2ZW5jb2RlX3RhZyI6IkNBUk9VU0VMX0lURU0ueHBpZHMuMTA4MC5zZHIucmVndWxhcl9waG90by5DMyJ9&_nc_ohc=bEKxbBy2AZwQ7kNvwHO8Sld&_nc_oc=AdpiWw3afCzauTgOnr7CZqo6RrjWO7xzvi9wQyJB7smgHhRnAUcnufRIyV2PS38CSm8&_nc_ad=z-m&_nc_cid=0&_nc_zt=23&_nc_ht=instagram.fper10-1.fna&_nc_gid=f_Ac6QzwHuXD4P1h-TVMjQ&_nc_ss=7a22e&oh=00_AQKcIGxVKzoKCZsljPzfJbsKz-cmAUsbz6pdsoYWkgRUuA&oe=6A9CA6D6,https://www.instagram.com/p/DctpboPFJpU/
Supermercado São Pedro,Outros,Mexerica kg,7.29,30/08/2026,https://instagram.fgig19-1.fna.fbcdn.net/v/t39.30808-6/785363261_1506829171490199_3564182439088120420_n.jpg?stp=dst-jpg_e35_tt6&_nc_cat=103&ig_cache_key=Mzk3NTM5MTQwMjA4NzE3ODI1NA%3D%3D.3-ccb7-5&ccb=7-5&_nc_sid=58cdad&efg=eyJ2ZW5jb2RlX3RhZyI6IkZFRUQueHBpZHMuMTYzOS5zZHIucmVndWxhcl9waG90by5DMyJ9&_nc_ohc=fLo7cmtpSBUQ7kNvwF7Sdf8&_nc_oc=AdpMIZItCtIolLDvtR_AoeiXqWK8G9_QQrfAzmz1oKur6xf4GdLwI7weFGuMH-KIimo&_nc_ad=z-m&_nc_cid=0&_nc_zt=23&_nc_ht=instagram.fgig19-1.fna&_nc_gid=-OQakASSBm6mU9OOKmQ_zQ&_nc_ss=7a22e&oh=00_AQIqcY16WrK9yer5y-JOvEs-a4fmDN9k-b-iz8Z_CFtmXw&oe=6A9CB03F,https://www.instagram.com/p/DcrbWrsjGAO/
Supermercado Tuiuiú,Outros,Mixirica kg,7.49,01/09/2026,https://scontent-mxp2-1.cdninstagram.com/v/t51.82787-15/790268612_18583192837067900_6717221135567122469_n.jpg?stp=dst-jpg_e35_tt6&_nc_cat=110&ig_cache_key=Mzk3NjUzMTU1ODU1MDU3MTI1Mw%3D%3D.3-ccb7-5&ccb=7-5&_nc_sid=58cdad&efg=eyJ2ZW5jb2RlX3RhZyI6IkNBUk9VU0VMX0lURU0ueHBpZHMuMTA4MC5zZHIucmVndWxhcl9waG90by5DMiJ9&_nc_ohc=6dsUA1tXRiwQ7kNvwGN_EDV&_nc_oc=AdoDCAKaeHPa9nTX-h5Z4_xtvvZa_eLMnfTJ4VX6zkgw4pcOP5LJ48VMvQ-MQYvyXB0&_nc_ad=z-m&_nc_cid=0&_nc_zt=23&_nc_ht=scontent-mxp2-1.cdninstagram.com&_nc_gid=n47BvRMT9yrgjou27QmK5w&_nc_ss=7a22e&oh=00_AQL3bKQFotJXpR2Y6vqFMdXAmfpAdu2GHryPPNMK_Bf0NQ&oe=6A9CA4B6,https://www.instagram.com/p/Dcvem7jDB5G/
Supermercado Tuiuiú,Outros,Brócolis,7.99,01/09/2026,https://scontent-mxp2-1.cdninstagram.com/v/t51.82787-15/788641009_18583192810067900_64976442278323975_n.jpg?stp=dst-jpg_e35_tt6&_nc_cat=104&ig_cache_key=Mzk3NjUzMTUyOTk5NjUzNDU5OA%3D%3D.3-ccb7-5&ccb=7-5&_nc_sid=58cdad&efg=eyJ2ZW5jb2RlX3RhZyI6IkNBUk9VU0VMX0lURU0ueHBpZHMuMTA4MC5zZHIucmVndWxhcl9waG90by5DMyJ9&_nc_ohc=rT7tCsNjR3EQ7kNvwEVwMPb&_nc_oc=AdrjOqXtp5tz5Shnvv5HsDp9Ww66wMeAoqFwdKaNtCRDEGAsD81ezTBfoYnviNx2554&_nc_ad=z-m&_nc_cid=0&_nc_zt=23&_nc_ht=scontent-mxp2-1.cdninstagram.com&_nc_gid=n47BvRMT9yrgjou27QmK5w&_nc_ss=7a22e&oh=00_AQJPWDA-MVMR9CjPpba8JJq_scBlmCYhgd7HHZkpJj_lqg&oe=6A9CC2D4,https://www.instagram.com/p/Dcvem7jDB5G/
Supermercado São Pedro,Outros,Morango Mape 250g,7.99,28/08/2026,https://scontent-waw2-1.cdninstagram.com/v/t51.82787-15/785599572_18195711460382122_5575322653184498920_n.jpg?stp=dst-jpg_e35_tt6&_nc_cat=109&ig_cache_key=Mzk3MzY3MjU2OTQ3ODkxNjI0Mw%3D%3D.3-ccb7-5&ccb=7-5&_nc_sid=58cdad&efg=eyJ2ZW5jb2RlX3RhZyI6IkNBUk9VU0VMX0lURU0ueHBpZHMuMTA4MS5zZHIucmVndWxhcl9waG90by5DMyJ9&_nc_ohc=GqsGB5UTShAQ7kNvwFPOwP3&_nc_oc=AdpzBt_LblKn3EUN1yxLP1c2j5kKp-CJDSm9Rz8mlKgc99GVluW-1zvOVU2SUFfw_hcHtZGeepBzEvgb38Z8QD29&_nc_ad=z-m&_nc_cid=0&_nc_zt=23&_nc_ht=scontent-waw2-1.cdninstagram.com&_nc_gid=DMKRO3jGuwK0c-WkMOZ7ag&_nc_ss=7a22e&oh=00_AQJZrmqgxQRxmq7za3NpYTPGtcV43nmNCpR0m9Z2DfhfnA&oe=6A9CC052,https://www.instagram.com/p/DclUqI1G7TG/
Super Compras Supermercado,Outros,Brócolis,7.99,31/08/2026,https://instagram.fccm4-1.fna.fbcdn.net/v/t51.82787-15/790058600_18193115956391764_8827572755741076576_n.jpg?stp=dst-jpg_e35_tt6&_nc_cat=104&ig_cache_key=Mzk3NTQ2MjIwNjUyNzY2NTkwOQ%3D%3D.3-ccb7-5&ccb=7-5&_nc_sid=58cdad&efg=eyJ2ZW5jb2RlX3RhZyI6IkNBUk9VU0VMX0lURU0ueHBpZHMuMTQ0MC5zZHIucmVndWxhcl9waG90by5DMyJ9&_nc_ohc=lYb2blGkLh4Q7kNvwErRgtU&_nc_oc=AdoEONC1y7eFVI7hT32UOltFM9xEQLy-Yn1QHtItYkIJ_8cd1x2rPUvDKzfW3e8RQcU&_nc_ad=z-m&_nc_cid=0&_nc_zt=23&_nc_ht=instagram.fccm4-1.fna&_nc_gid=FneyDljf1jsbRdbE-7Sb-g&_nc_ss=7a22e&oh=00_AQJQQP8phYIWUXtEdBKVa2zU9ScP8kToE1FU8U70jzTxeA&oe=6A9CBBF6,https://www.instagram.com/p/DcrreFFEorJ/
Supermercado Tuiuiú,Outros,Couve Flor,8.49,01/09/2026,https://scontent-mxp2-1.cdninstagram.com/v/t51.82787-15/788641009_18583192810067900_64976442278323975_n.jpg?stp=dst-jpg_e35_tt6&_nc_cat=104&ig_cache_key=Mzk3NjUzMTUyOTk5NjUzNDU5OA%3D%3D.3-ccb7-5&ccb=7-5&_nc_sid=58cdad&efg=eyJ2ZW5jb2RlX3RhZyI6IkNBUk9VU0VMX0lURU0ueHBpZHMuMTA4MC5zZHIucmVndWxhcl9waG90by5DMyJ9&_nc_ohc=rT7tCsNjR3EQ7kNvwEVwMPb&_nc_oc=AdrjOqXtp5tz5Shnvv5HsDp9Ww66wMeAoqFwdKaNtCRDEGAsD81ezTBfoYnviNx2554&_nc_ad=z-m&_nc_cid=0&_nc_zt=23&_nc_ht=scontent-mxp2-1.cdninstagram.com&_nc_gid=n47BvRMT9yrgjou27QmK5w&_nc_ss=7a22e&oh=00_AQJPWDA-MVMR9CjPpba8JJq_scBlmCYhgd7HHZkpJj_lqg&oe=6A9CC2D4,https://www.instagram.com/p/Dcvem7jDB5G/
Supermercado Tuiuiú,Outros,Mocotó Bovino kg,8.99,31/08/2026,https://instagram.fbjx1-1.fna.fbcdn.net/v/t51.82787-15/789925865_18582933439067900_5352302008089866172_n.jpg?stp=dst-jpg_e35_tt6&_nc_cat=106&ig_cache_key=Mzk3NTg0NzAyMjI0MjEyOTQ1Ng%3D%3D.3-ccb7-5&ccb=7-5&_nc_sid=58cdad&efg=eyJ2ZW5jb2RlX3RhZyI6IkNBUk9VU0VMX0lURU0ueHBpZHMuMTA4MC5zZHIucmVndWxhcl9waG90by5DMyJ9&_nc_ohc=n9EbT9YTGVQQ7kNvwGPnM8q&_nc_oc=AdpN-F1CmEX-eEDoSr6u6Fi_cs-B2cMG-cvMrP12uNCQrjjpxmM8nK0INT9K46LcVSI&_nc_ad=z-m&_nc_cid=0&_nc_zt=23&_nc_ht=instagram.fbjx1-1.fna&_nc_gid=u9jY4YB921ueeDNuf3xpXg&_nc_ss=7a22e&oh=00_AQIKITddk5Lymtrwc1iSG3zS-IcdwyAvvBy2KwrcithWgg&oe=6A9CCD9E,https://www.instagram.com/p/DctC9pmj6oW/
Supermercado Tuiuiú,Outros,Pé Suíno kg,8.99,31/08/2026,https://instagram.fbjx1-1.fna.fbcdn.net/v/t51.82787-15/789925865_18582933439067900_5352302008089866172_n.jpg?stp=dst-jpg_e35_tt6&_nc_cat=106&ig_cache_key=Mzk3NTg0NzAyMjI0MjEyOTQ1Ng%3D%3D.3-ccb7-5&ccb=7-5&_nc_sid=58cdad&efg=eyJ2ZW5jb2RlX3RhZyI6IkNBUk9VU0VMX0lURU0ueHBpZHMuMTA4MC5zZHIucmVndWxhcl9waG90by5DMyJ9&_nc_ohc=n9EbT9YTGVQQ7kNvwGPnM8q&_nc_oc=AdpN-F1CmEX-eEDoSr6u6Fi_cs-B2cMG-cvMrP12uNCQrjjpxmM8nK0INT9K46LcVSI&_nc_ad=z-m&_nc_cid=0&_nc_zt=23&_nc_ht=instagram.fbjx1-1.fna&_nc_gid=u9jY4YB921ueeDNuf3xpXg&_nc_ss=7a22e&oh=00_AQIKITddk5Lymtrwc1iSG3zS-IcdwyAvvBy2KwrcithWgg&oe=6A9CCD9E,https://www.instagram.com/p/DctC9pmj6oW/
Supermercado São Pedro,Outros,Mocotó kg,8.99,31/08/2026,https://instagram.fgru4-1.fna.fbcdn.net/v/t51.82787-15/791942671_18196080940382122_5769268194854024718_n.jpg?stp=dst-jpg_e35_tt6&_nc_cat=107&ig_cache_key=Mzk3NTg1NzQ5MjM5MDM2NzAzMQ%3D%3D.3-ccb7-5&ccb=7-5&_nc_sid=58cdad&efg=eyJ2ZW5jb2RlX3RhZyI6IkZFRUQueHBpZHMuMzI0OC5zZHIucmVndWxhcl9waG90by5DMyJ9&_nc_ohc=FI0IN0j_ruIQ7kNvwFMwK0c&_nc_oc=Adp7EUwxBUkyJTVoTV_34CkvViUEfP6Wb05uWtuMMIUMopHuWHmzA07zP0uKLelXT20&_nc_ad=z-m&_nc_cid=0&_nc_zt=23&_nc_ht=instagram.fgru4-1.fna&_nc_gid=uGUL6BXvsCHqKlYGbIeScg&_nc_ss=7a22e&oh=00_AQJgvotqcJGcITPLqqN8ypjhAl3iHLEFvS5Ht8OuPU9UeQ&oe=6A9CC4BA,https://www.instagram.com/p/DctFVMHgM83/
Bom Jesus Primavera do Leste 🛒,Outros,Margarina com Sal Qualy 500g,8.99,31/08/2026,https://instagram.fper10-2.fna.fbcdn.net/v/t51.82787-15/790024829_18375397153237813_1948289794463955166_n.jpg?stp=dst-jpg_e35_tt6&_nc_cat=101&ig_cache_key=Mzk3NjAxNjAxNDQwMTk2MTI2NA%3D%3D.3-ccb7-5&ccb=7-5&_nc_sid=58cdad&efg=eyJ2ZW5jb2RlX3RhZyI6IkNBUk9VU0VMX0lURU0ueHBpZHMuMTA4MC5zZHIucmVndWxhcl9waG90by5DMyJ9&_nc_ohc=jFcUhcd3ey4Q7kNvwE3hxyN&_nc_oc=AdpHLNwAhSAuy0JuMhBgUYyPQrQb9vHTlhOBCE4vAUlcw5b2c1ggi8AVU_aK1cBTvkk&_nc_ad=z-m&_nc_cid=0&_nc_zt=23&_nc_ht=instagram.fper10-2.fna&_nc_gid=f_Ac6QzwHuXD4P1h-TVMjQ&_nc_ss=7a22e&oh=00_AQKZrSxDcZhfURGq6VEeim2vq4IWAu3C1myQPZZVH6BNCA&oe=6A9CA904,https://www.instagram.com/p/DctpboPFJpU/
Supermercado Tuiuiú,Outros,Bucho Bovino kg,9.99,31/08/2026,https://instagram.fbjx1-1.fna.fbcdn.net/v/t51.82787-15/789925865_18582933439067900_5352302008089866172_n.jpg?stp=dst-jpg_e35_tt6&_nc_cat=106&ig_cache_key=Mzk3NTg0NzAyMjI0MjEyOTQ1Ng%3D%3D.3-ccb7-5&ccb=7-5&_nc_sid=58cdad&efg=eyJ2ZW5jb2RlX3RhZyI6IkNBUk9VU0VMX0lURU0ueHBpZHMuMTA4MC5zZHIucmVndWxhcl9waG90by5DMyJ9&_nc_ohc=n9EbT9YTGVQQ7kNvwGPnM8q&_nc_oc=AdpN-F1CmEX-eEDoSr6u6Fi_cs-B2cMG-cvMrP12uNCQrjjpxmM8nK0INT9K46LcVSI&_nc_ad=z-m&_nc_cid=0&_nc_zt=23&_nc_ht=instagram.fbjx1-1.fna&_nc_gid=u9jY4YB921ueeDNuf3xpXg&_nc_ss=7a22e&oh=00_AQIKITddk5Lymtrwc1iSG3zS-IcdwyAvvBy2KwrcithWgg&oe=6A9CCD9E,https://www.instagram.com/p/DctC9pmj6oW/
Supermercado Tuiuiú,Outros,Fígado Bovino kg,9.99,31/08/2026,https://instagram.fbjx1-1.fna.fbcdn.net/v/t51.82787-15/789925865_18582933439067900_5352302008089866172_n.jpg?stp=dst-jpg_e35_tt6&_nc_cat=106&ig_cache_key=Mzk3NTg0NzAyMjI0MjEyOTQ1Ng%3D%3D.3-ccb7-5&ccb=7-5&_nc_sid=58cdad&efg=eyJ2ZW5jb2RlX3RhZyI6IkNBUk9VU0VMX0lURU0ueHBpZHMuMTA4MC5zZHIucmVndWxhcl9waG90by5DMyJ9&_nc_ohc=n9EbT9YTGVQQ7kNvwGPnM8q&_nc_oc=AdpN-F1CmEX-eEDoSr6u6Fi_cs-B2cMG-cvMrP12uNCQrjjpxmM8nK0INT9K46LcVSI&_nc_ad=z-m&_nc_cid=0&_nc_zt=23&_nc_ht=instagram.fbjx1-1.fna&_nc_gid=u9jY4YB921ueeDNuf3xpXg&_nc_ss=7a22e&oh=00_AQIKITddk5Lymtrwc1iSG3zS-IcdwyAvvBy2KwrcithWgg&oe=6A9CCD9E,https://www.instagram.com/p/DctC9pmj6oW/
Supermercado São Pedro,Outros,Bucho Bovino kg,9.99,31/08/2026,https://instagram.fgru4-1.fna.fbcdn.net/v/t51.82787-15/791942671_18196080940382122_5769268194854024718_n.jpg?stp=dst-jpg_e35_tt6&_nc_cat=107&ig_cache_key=Mzk3NTg1NzQ5MjM5MDM2NzAzMQ%3D%3D.3-ccb7-5&ccb=7-5&_nc_sid=58cdad&efg=eyJ2ZW5jb2RlX3RhZyI6IkZFRUQueHBpZHMuMzI0OC5zZHIucmVndWxhcl9waG90by5DMyJ9&_nc_ohc=FI0IN0j_ruIQ7kNvwFMwK0c&_nc_oc=Adp7EUwxBUkyJTVoTV_34CkvViUEfP6Wb05uWtuMMIUMopHuWHmzA07zP0uKLelXT20&_nc_ad=z-m&_nc_cid=0&_nc_zt=23&_nc_ht=instagram.fgru4-1.fna&_nc_gid=uGUL6BXvsCHqKlYGbIeScg&_nc_ss=7a22e&oh=00_AQJgvotqcJGcITPLqqN8ypjhAl3iHLEFvS5Ht8OuPU9UeQ&oe=6A9CC4BA,https://www.instagram.com/p/DctFVMHgM83/
Supermercado São Pedro,Outros,Saco de Lixo Biopol 15L 30L,9.99,31/08/2026,https://scontent-ams2-1.cdninstagram.com/v/t39.30808-6/790651262_1508698107969972_5998080027560533600_n.jpg?stp=c0.0.1638.2048a_dst-jpg_e35_s1638x2048_tt6&_nc_cat=100&ig_cache_key=Mzk3NjE3NTA3NTkzNzgyODUwNQ%3D%3D.3-ccb7-5&ccb=7-5&_nc_sid=58cdad&efg=eyJ2ZW5jb2RlX3RhZyI6IkNBUk9VU0VMX0lURU0ueHBpZHMuMTYzOS5zZHIucmVndWxhcl9waG90by5DMyJ9&_nc_ohc=26iGgEP8IggQ7kNvwFi3myb&_nc_oc=AdpFahHbRQ4ATBgLiBsv1yqm2KpYrJO7OeVAESWood1qaoyXygmJTerG7hds6O7FpeY&_nc_ad=z-m&_nc_cid=0&_nc_zt=23&_nc_ht=scontent-ams2-1.cdninstagram.com&_nc_gid=Xge3-AgsJ78GQKpYxVY_lQ&_nc_ss=7a22e&oh=00_AQJ4Jf8Stxw3-ypban37smuLiMaJKt50CRqjhY5F4xChGA&oe=6A9CC889,https://www.instagram.com/p/DcuNi7YiX2_/
Super Compras Supermercado,Outros,Fígado kg,9.99,31/08/2026,https://instagram.fccm4-1.fna.fbcdn.net/v/t51.82787-15/791974186_18193115938391764_5859732845031236442_n.jpg?stp=dst-jpg_e35_tt6&_nc_cat=105&ig_cache_key=Mzk3NTQ2MjE2MTk0MjIyOTY3Mg%3D%3D.3-ccb7-5&ccb=7-5&_nc_sid=58cdad&efg=eyJ2ZW5jb2RlX3RhZyI6IkNBUk9VU0VMX0lURU0ueHBpZHMuMTQ0MC5zZHIucmVndWxhcl9waG90by5DMyJ9&_nc_ohc=nzcZ4VRfyfMQ7kNvwFVWJWT&_nc_oc=AdpBydi9lhJa2RBTmkazpLl6P442CVf66UkIGQY8yEuhDrJy_zgzeE8PDqGbKa2rpl8&_nc_ad=z-m&_nc_cid=0&_nc_zt=23&_nc_ht=instagram.fccm4-1.fna&_nc_gid=FneyDljf1jsbRdbE-7Sb-g&_nc_ss=7a22e&oh=00_AQInwrCpZsJ4bBuZnWIbTAVAeMYiAKBbjdBLUwleRPJq7Q&oe=6A9CC1F6,https://www.instagram.com/p/DcrreFFEorJ/
Bom Jesus Primavera do Leste 🛒,Outros,Loção Hidratante Monange 200ml,9.99,31/08/2026,https://instagram.fper10-1.fna.fbcdn.net/v/t51.82787-15/790710770_18375397150237813_205032870738913895_n.jpg?stp=dst-jpg_e35_tt6&_nc_cat=109&ig_cache_key=Mzk3NjAxNjAxODA0MzIzNjczOQ%3D%3D.3-ccb7-5&ccb=7-5&_nc_sid=58cdad&efg=eyJ2ZW5jb2RlX3RhZyI6IkNBUk9VU0VMX0lURU0ueHBpZHMuMTA4MC5zZHIucmVndWxhcl9waG90by5DMyJ9&_nc_ohc=bEKxbBy2AZwQ7kNvwHO8Sld&_nc_oc=AdpiWw3afCzauTgOnr7CZqo6RrjWO7xzvi9wQyJB7smgHhRnAUcnufRIyV2PS38CSm8&_nc_ad=z-m&_nc_cid=0&_nc_zt=23&_nc_ht=instagram.fper10-1.fna&_nc_gid=f_Ac6QzwHuXD4P1h-TVMjQ&_nc_ss=7a22e&oh=00_AQKcIGxVKzoKCZsljPzfJbsKz-cmAUsbz6pdsoYWkgRUuA&oe=6A9CA6D6,https://www.instagram.com/p/DctpboPFJpU/
Machadão Atacadista,Outros,Tintura Cor & Ton,10.98,01/09/2026,https://instagram.fpll8-2.fna.fbcdn.net/v/t39.30808-6/788717108_1363962009157090_7645430109379984108_n.jpg?stp=dst-jpg_e35_tt6&_nc_cat=110&_nc_map=urlgen_bucketless&ig_cache_key=Mzk3NjIxNDMzMjA1Njc3MzMzMA%3D%3D.3-ccb7-5&ccb=7-5&_nc_sid=58cdad&efg=eyJ2ZW5jb2RlX3RhZyI6IkNBUk9VU0VMX0lURU0ueHBpZHMuMTYzOC5zZHIucmVndWxhcl9waG90by5DMyJ9&_nc_ohc=nXwqXMc37ZkQ7kNvwGVtGCO&_nc_oc=Adp7sfzCL-HUqgN8ZdvBh4rs5GY5ekMPP5vmR5OBqPXil3Pgd9fgZExeFNnR9hplXn3EvPl2-4HEP6XcATezetTB&_nc_ad=z-m&_nc_cid=0&_nc_zt=23&_nc_ht=instagram.fpll8-2.fna&_nc_gid=-TX4tDFJTAdeRK5XHn8t2g&_nc_ss=7a22e&oh=00_AQLR5HcCVU9xXTpmdmaRsvdUl9qkP5z4W1uTaAIOWPzu5A&oe=6A9CA2D3,https://www.instagram.com/p/DcuWeMKD352/
Machadão Atacadista,Outros,Tintura Cor & Ton,10.98,01/09/2026,https://instagram.fpll8-1.fna.fbcdn.net/v/t39.30808-6/788880664_1363962219157069_5966186908781895719_n.jpg?stp=dst-jpg_e35_tt6&_nc_cat=108&_nc_map=urlgen_bucketless&ig_cache_key=Mzk3NjIxNDMzMDk4MzA0NjUzNQ%3D%3D.3-ccb7-5&ccb=7-5&_nc_sid=58cdad&efg=eyJ2ZW5jb2RlX3RhZyI6IkNBUk9VU0VMX0lURU0ueHBpZHMuMTYzOC5zZHIucmVndWxhcl9waG90by5DMyJ9&_nc_ohc=72ND--9jcv0Q7kNvwF0do42&_nc_oc=AdokRmfQYpSec-2ucIKH9kkeydArBu8cMnaC6TebBY3z2_slG7lJHFk5WYLBT4SZMOrknVFv7HLZQgBv_NkX-P-r&_nc_ad=z-m&_nc_cid=0&_nc_zt=23&_nc_ht=instagram.fpll8-1.fna&_nc_gid=-TX4tDFJTAdeRK5XHn8t2g&_nc_ss=7a22e&oh=00_AQL22D_4fOEr93A62UmNnlDk4uo-vqACz7jfEudhOafeFA&oe=6A9CA88C,https://www.instagram.com/p/DcuWeMKD352/
Supermercado São Pedro,Outros,Pepino em Conserva Juréia 300g,10.99,31/08/2026,https://scontent-ams2-1.cdninstagram.com/v/t39.30808-6/790651262_1508698107969972_5998080027560533600_n.jpg?stp=c0.0.1638.2048a_dst-jpg_e35_s1638x2048_tt6&_nc_cat=100&ig_cache_key=Mzk3NjE3NTA3NTkzNzgyODUwNQ%3D%3D.3-ccb7-5&ccb=7-5&_nc_sid=58cdad&efg=eyJ2ZW5jb2RlX3RhZyI6IkNBUk9VU0VMX0lURU0ueHBpZHMuMTYzOS5zZHIucmVndWxhcl9waG90by5DMyJ9&_nc_ohc=26iGgEP8IggQ7kNvwFi3myb&_nc_oc=AdpFahHbRQ4ATBgLiBsv1yqm2KpYrJO7OeVAESWood1qaoyXygmJTerG7hds6O7FpeY&_nc_ad=z-m&_nc_cid=0&_nc_zt=23&_nc_ht=scontent-ams2-1.cdninstagram.com&_nc_gid=Xge3-AgsJ78GQKpYxVY_lQ&_nc_ss=7a22e&oh=00_AQJ4Jf8Stxw3-ypban37smuLiMaJKt50CRqjhY5F4xChGA&oe=6A9CC889,https://www.instagram.com/p/DcuNi7YiX2_/
Bom Jesus Primavera do Leste 🛒,Outros,Creme de Tratamento Skala 1kg,10.99,31/08/2026,https://instagram.fper10-1.fna.fbcdn.net/v/t51.82787-15/788877619_18375397174237813_953017416961948990_n.jpg?stp=dst-jpg_e35_tt6&_nc_cat=109&ig_cache_key=Mzk3NjAxNjAxOTgyOTU0MTUxNA%3D%3D.3-ccb7-5&ccb=7-5&_nc_sid=58cdad&efg=eyJ2ZW5jb2RlX3RhZyI6IkNBUk9VU0VMX0lURU0ueHBpZHMuMTA4MC5zZHIucmVndWxhcl9waG90by5DMyJ9&_nc_ohc=N5VPEzPgA_YQ7kNvwHRJF1f&_nc_oc=Adq7-ko9rQHLeEUdsmTT2RZ-TBHUsB1f-dWVKJdtu-acW7oBlFOMP93pK6kEysB0q9Y&_nc_ad=z-m&_nc_cid=0&_nc_zt=23&_nc_ht=instagram.fper10-1.fna&_nc_gid=f_Ac6QzwHuXD4P1h-TVMjQ&_nc_ss=7a22e&oh=00_AQJyrxV3nBcd4tTD6GCT5L06M6Lj-1wDYzbMgzZfRCEfsg&oe=6A9C99FA,https://www.instagram.com/p/DctpboPFJpU/
Super Compras Supermercado,Outros,Pera kg,11.89,31/08/2026,https://instagram.fccm4-1.fna.fbcdn.net/v/t51.82787-15/790058600_18193115956391764_8827572755741076576_n.jpg?stp=dst-jpg_e35_tt6&_nc_cat=104&ig_cache_key=Mzk3NTQ2MjIwNjUyNzY2NTkwOQ%3D%3D.3-ccb7-5&ccb=7-5&_nc_sid=58cdad&efg=eyJ2ZW5jb2RlX3RhZyI6IkNBUk9VU0VMX0lURU0ueHBpZHMuMTQ0MC5zZHIucmVndWxhcl9waG90by5DMyJ9&_nc_ohc=lYb2blGkLh4Q7kNvwErRgtU&_nc_oc=AdoEONC1y7eFVI7hT32UOltFM9xEQLy-Yn1QHtItYkIJ_8cd1x2rPUvDKzfW3e8RQcU&_nc_ad=z-m&_nc_cid=0&_nc_zt=23&_nc_ht=instagram.fccm4-1.fna&_nc_gid=FneyDljf1jsbRdbE-7Sb-g&_nc_ss=7a22e&oh=00_AQJQQP8phYIWUXtEdBKVa2zU9ScP8kToE1FU8U70jzTxeA&oe=6A9CBBF6,https://www.instagram.com/p/DcrreFFEorJ/
Super Compras Supermercado,Outros,Mocotó Bovino kg,11.99,31/08/2026,https://instagram.fccm4-1.fna.fbcdn.net/v/t51.82787-15/791974186_18193115938391764_5859732845031236442_n.jpg?stp=dst-jpg_e35_tt6&_nc_cat=105&ig_cache_key=Mzk3NTQ2MjE2MTk0MjIyOTY3Mg%3D%3D.3-ccb7-5&ccb=7-5&_nc_sid=58cdad&efg=eyJ2ZW5jb2RlX3RhZyI6IkNBUk9VU0VMX0lURU0ueHBpZHMuMTQ0MC5zZHIucmVndWxhcl9waG90by5DMyJ9&_nc_ohc=nzcZ4VRfyfMQ7kNvwFVWJWT&_nc_oc=AdpBydi9lhJa2RBTmkazpLl6P442CVf66UkIGQY8yEuhDrJy_zgzeE8PDqGbKa2rpl8&_nc_ad=z-m&_nc_cid=0&_nc_zt=23&_nc_ht=instagram.fccm4-1.fna&_nc_gid=FneyDljf1jsbRdbE-7Sb-g&_nc_ss=7a22e&oh=00_AQInwrCpZsJ4bBuZnWIbTAVAeMYiAKBbjdBLUwleRPJq7Q&oe=6A9CC1F6,https://www.instagram.com/p/DcrreFFEorJ/
Super Compras Supermercado,Outros,Bucho Bovino kg,11.99,31/08/2026,https://instagram.fccm4-1.fna.fbcdn.net/v/t51.82787-15/791974186_18193115938391764_5859732845031236442_n.jpg?stp=dst-jpg_e35_tt6&_nc_cat=105&ig_cache_key=Mzk3NTQ2MjE2MTk0MjIyOTY3Mg%3D%3D.3-ccb7-5&ccb=7-5&_nc_sid=58cdad&efg=eyJ2ZW5jb2RlX3RhZyI6IkNBUk9VU0VMX0lURU0ueHBpZHMuMTQ0MC5zZHIucmVndWxhcl9waG90by5DMyJ9&_nc_ohc=nzcZ4VRfyfMQ7kNvwFVWJWT&_nc_oc=AdpBydi9lhJa2RBTmkazpLl6P442CVf66UkIGQY8yEuhDrJy_zgzeE8PDqGbKa2rpl8&_nc_ad=z-m&_nc_cid=0&_nc_zt=23&_nc_ht=instagram.fccm4-1.fna&_nc_gid=FneyDljf1jsbRdbE-7Sb-g&_nc_ss=7a22e&oh=00_AQInwrCpZsJ4bBuZnWIbTAVAeMYiAKBbjdBLUwleRPJq7Q&oe=6A9CC1F6,https://www.instagram.com/p/DcrreFFEorJ/
Machadão Atacadista,Outros,Creme de Avelã Triângulo Mineiro 300g,11.99,01/09/2026,https://instagram.fpll8-1.fna.fbcdn.net/v/t39.30808-6/788766900_1363961989157092_7149980708576029676_n.jpg?stp=dst-jpg_e35_tt6&_nc_cat=105&_nc_map=urlgen_bucketless&ig_cache_key=Mzk3NjIxNDMzMjMyNTE5OTQzMw%3D%3D.3-ccb7-5&ccb=7-5&_nc_sid=58cdad&efg=eyJ2ZW5jb2RlX3RhZyI6IkNBUk9VU0VMX0lURU0ueHBpZHMuMTYzOC5zZHIucmVndWxhcl9waG90by5DMyJ9&_nc_ohc=2I1wZ8IpqpUQ7kNvwFAgb26&_nc_oc=AdptEXpzzvKedyOm0IUpup4aKTMN92VEbvGRKA1BQWFQpIbfA4AnOMdezqbxL5iUM5sqq0855oYZTILhNI3FLOd9&_nc_ad=z-m&_nc_cid=0&_nc_zt=23&_nc_ht=instagram.fpll8-1.fna&_nc_gid=-TX4tDFJTAdeRK5XHn8t2g&_nc_ss=7a22e&oh=00_AQL4oPpPpXHmUGCJDgCXWpuhnYQzo2USkXGxU2RSNdNmDA&oe=6A9CACD0,https://www.instagram.com/p/DcuWeMKD352/
Machadão Atacadista,Outros,Creme de Avelã Triângulo Mineiro 300g,11.99,01/09/2026,https://instagram.fpll8-1.fna.fbcdn.net/v/t39.30808-6/790209214_1363962295823728_6184311664090934208_n.jpg?stp=dst-jpg_e35_tt6&_nc_cat=101&_nc_map=urlgen_bucketless&ig_cache_key=Mzk3NjIxNDMzMTA5MjA0NzE3Mg%3D%3D.3-ccb7-5&ccb=7-5&_nc_sid=58cdad&efg=eyJ2ZW5jb2RlX3RhZyI6IkNBUk9VU0VMX0lURU0ueHBpZHMuMTYzOC5zZHIucmVndWxhcl9waG90by5DMyJ9&_nc_ohc=6eOf0AaqPwYQ7kNvwGdrNBZ&_nc_oc=AdrkMFMywyb9xxhGsxNzUydNzBp5WuMm_tp9Q9arUp4u5wRasbwXJXeOCdibD8xtZu5fEQKYFg0j9ixZYO0h6cDW&_nc_ad=z-m&_nc_cid=0&_nc_zt=23&_nc_ht=instagram.fpll8-1.fna&_nc_gid=-TX4tDFJTAdeRK5XHn8t2g&_nc_ss=7a22e&oh=00_AQK2ptsEy7z8d84W23PKqjoR4vKT_L03OqtRuC3I1SiyZA&oe=6A9CB5AE,https://www.instagram.com/p/DcuWeMKD352/
Supermercado Bianchi,Outros,Pera D'anjou kg,12.99,26/08/2026,https://instagram.fbio6-1.fna.fbcdn.net/v/t39.30808-6/786837521_1662081042588960_3965018194828731335_n.jpg?stp=dst-jpg_e35_tt6&_nc_cat=101&ig_cache_key=Mzk3MjE4NDYwMTEyMTM3OTg4Mw%3D%3D.3-ccb7-5&ccb=7-5&_nc_sid=58cdad&efg=eyJ2ZW5jb2RlX3RhZyI6IkNBUk9VU0VMX0lURU0ueHBpZHMuMTA4MC5zZHIucmVndWxhcl9waG90by5DMiJ9&_nc_ohc=wfH97uW_aZ4Q7kNvwFayI6O&_nc_oc=Adpe38Vommjmf_NQdDguD5XdKpxykXO1PleyQ6yLiBebf3Z4AKA2ZgFTr0KCZShmg_4&_nc_ad=z-m&_nc_cid=0&_nc_zt=23&_nc_ht=instagram.fbio6-1.fna&_nc_gid=BAK0hd1MHZNWYZsTFJVrGg&_nc_ss=7a22e&oh=00_AQLNOlgzhJRg6myjupFObJeVXvBcVGDL26EJOtFpVyujOg&oe=6A9CB460,https://www.instagram.com/p/DcgCN3fnYCP/
Machadão Atacadista,Outros,Saco Para Lixo Brilhus 100L,13.99,01/09/2026,https://instagram.fpll8-2.fna.fbcdn.net/v/t39.30808-6/788717108_1363962009157090_7645430109379984108_n.jpg?stp=dst-jpg_e35_tt6&_nc_cat=110&_nc_map=urlgen_bucketless&ig_cache_key=Mzk3NjIxNDMzMjA1Njc3MzMzMA%3D%3D.3-ccb7-5&ccb=7-5&_nc_sid=58cdad&efg=eyJ2ZW5jb2RlX3RhZyI6IkNBUk9VU0VMX0lURU0ueHBpZHMuMTYzOC5zZHIucmVndWxhcl9waG90by5DMyJ9&_nc_ohc=nXwqXMc37ZkQ7kNvwGVtGCO&_nc_oc=Adp7sfzCL-HUqgN8ZdvBh4rs5GY5ekMPP5vmR5OBqPXil3Pgd9fgZExeFNnR9hplXn3EvPl2-4HEP6XcATezetTB&_nc_ad=z-m&_nc_cid=0&_nc_zt=23&_nc_ht=instagram.fpll8-2.fna&_nc_gid=-TX4tDFJTAdeRK5XHn8t2g&_nc_ss=7a22e&oh=00_AQLR5HcCVU9xXTpmdmaRsvdUl9qkP5z4W1uTaAIOWPzu5A&oe=6A9CA2D3,https://www.instagram.com/p/DcuWeMKD352/
Machadão Atacadista,Outros,Saco Para Lixo Brilhus 100L,13.99,01/09/2026,https://instagram.fpll8-1.fna.fbcdn.net/v/t39.30808-6/788880664_1363962219157069_5966186908781895719_n.jpg?stp=dst-jpg_e35_tt6&_nc_cat=108&_nc_map=urlgen_bucketless&ig_cache_key=Mzk3NjIxNDMzMDk4MzA0NjUzNQ%3D%3D.3-ccb7-5&ccb=7-5&_nc_sid=58cdad&efg=eyJ2ZW5jb2RlX3RhZyI6IkNBUk9VU0VMX0lURU0ueHBpZHMuMTYzOC5zZHIucmVndWxhcl9waG90by5DMyJ9&_nc_ohc=72ND--9jcv0Q7kNvwF0do42&_nc_oc=AdokRmfQYpSec-2ucIKH9kkeydArBu8cMnaC6TebBY3z2_slG7lJHFk5WYLBT4SZMOrknVFv7HLZQgBv_NkX-P-r&_nc_ad=z-m&_nc_cid=0&_nc_zt=23&_nc_ht=instagram.fpll8-1.fna&_nc_gid=-TX4tDFJTAdeRK5XHn8t2g&_nc_ss=7a22e&oh=00_AQL22D_4fOEr93A62UmNnlDk4uo-vqACz7jfEudhOafeFA&oe=6A9CA88C,https://www.instagram.com/p/DcuWeMKD352/
Bom Jesus Primavera do Leste 🛒,Outros,Amendoim Mape 1kg,14.99,31/08/2026,https://scontent-cdg6-1.cdninstagram.com/v/t51.82787-15/789959440_18375342295237813_1330432405373791908_n.jpg?stp=dst-jpg_e35_tt6&_nc_cat=106&ig_cache_key=Mzk3NTgyNzIxNzYyMjY1MTcwMQ%3D%3D.3-ccb7-5&ccb=7-5&_nc_sid=58cdad&efg=eyJ2ZW5jb2RlX3RhZyI6IkNBUk9VU0VMX0lURU0ueHBpZHMuMTA4MC5zZHIucmVndWxhcl9waG90by5DMyJ9&_nc_ohc=jvVGAyriU-QQ7kNvwEAnWqg&_nc_oc=Adqo57eCLcisXYCi0DySspnQLiiRWVefKrKVwZXsjmTQJxNjd7vWExwpyZG4ROUHuY2vUhwt86vhBTVBxwyN7pMM&_nc_ad=z-m&_nc_cid=0&_nc_zt=23&_nc_ht=scontent-cdg6-1.cdninstagram.com&_nc_gid=Pdh95l9V6cMlrK8l5N8A2g&_nc_ss=7a22e&oh=00_AQKoE1wLamQ1nZC7HsoxTeYyJ6w4wrS6uMxH-Uxj8IlUxA&oe=6A9CC61F,https://www.instagram.com/p/Dcs-drSFpzk/
Machadão Atacadista,Outros,Vassoura Bettanin Noviça,14.99,01/09/2026,https://instagram.fpll8-2.fna.fbcdn.net/v/t39.30808-6/788717108_1363962009157090_7645430109379984108_n.jpg?stp=dst-jpg_e35_tt6&_nc_cat=110&_nc_map=urlgen_bucketless&ig_cache_key=Mzk3NjIxNDMzMjA1Njc3MzMzMA%3D%3D.3-ccb7-5&ccb=7-5&_nc_sid=58cdad&efg=eyJ2ZW5jb2RlX3RhZyI6IkNBUk9VU0VMX0lURU0ueHBpZHMuMTYzOC5zZHIucmVndWxhcl9waG90by5DMyJ9&_nc_ohc=nXwqXMc37ZkQ7kNvwGVtGCO&_nc_oc=Adp7sfzCL-HUqgN8ZdvBh4rs5GY5ekMPP5vmR5OBqPXil3Pgd9fgZExeFNnR9hplXn3EvPl2-4HEP6XcATezetTB&_nc_ad=z-m&_nc_cid=0&_nc_zt=23&_nc_ht=instagram.fpll8-2.fna&_nc_gid=-TX4tDFJTAdeRK5XHn8t2g&_nc_ss=7a22e&oh=00_AQLR5HcCVU9xXTpmdmaRsvdUl9qkP5z4W1uTaAIOWPzu5A&oe=6A9CA2D3,https://www.instagram.com/p/DcuWeMKD352/
Machadão Atacadista,Outros,Vassoura Noviça Bettanin,14.99,01/09/2026,https://instagram.fpll8-1.fna.fbcdn.net/v/t39.30808-6/788880664_1363962219157069_5966186908781895719_n.jpg?stp=dst-jpg_e35_tt6&_nc_cat=108&_nc_map=urlgen_bucketless&ig_cache_key=Mzk3NjIxNDMzMDk4MzA0NjUzNQ%3D%3D.3-ccb7-5&ccb=7-5&_nc_sid=58cdad&efg=eyJ2ZW5jb2RlX3RhZyI6IkNBUk9VU0VMX0lURU0ueHBpZHMuMTYzOC5zZHIucmVndWxhcl9waG90by5DMyJ9&_nc_ohc=72ND--9jcv0Q7kNvwF0do42&_nc_oc=AdokRmfQYpSec-2ucIKH9kkeydArBu8cMnaC6TebBY3z2_slG7lJHFk5WYLBT4SZMOrknVFv7HLZQgBv_NkX-P-r&_nc_ad=z-m&_nc_cid=0&_nc_zt=23&_nc_ht=instagram.fpll8-1.fna&_nc_gid=-TX4tDFJTAdeRK5XHn8t2g&_nc_ss=7a22e&oh=00_AQL22D_4fOEr93A62UmNnlDk4uo-vqACz7jfEudhOafeFA&oe=6A9CA88C,https://www.instagram.com/p/DcuWeMKD352/
Bom Jesus Primavera do Leste 🛒,Outros,Aguardente Jamel 965ml,15.99,31/08/2026,https://instagram.fper10-1.fna.fbcdn.net/v/t51.82787-15/790710770_18375397150237813_205032870738913895_n.jpg?stp=dst-jpg_e35_tt6&_nc_cat=109&ig_cache_key=Mzk3NjAxNjAxODA0MzIzNjczOQ%3D%3D.3-ccb7-5&ccb=7-5&_nc_sid=58cdad&efg=eyJ2ZW5jb2RlX3RhZyI6IkNBUk9VU0VMX0lURU0ueHBpZHMuMTA4MC5zZHIucmVndWxhcl9waG90by5DMyJ9&_nc_ohc=bEKxbBy2AZwQ7kNvwHO8Sld&_nc_oc=AdpiWw3afCzauTgOnr7CZqo6RrjWO7xzvi9wQyJB7smgHhRnAUcnufRIyV2PS38CSm8&_nc_ad=z-m&_nc_cid=0&_nc_zt=23&_nc_ht=instagram.fper10-1.fna&_nc_gid=f_Ac6QzwHuXD4P1h-TVMjQ&_nc_ss=7a22e&oh=00_AQKcIGxVKzoKCZsljPzfJbsKz-cmAUsbz6pdsoYWkgRUuA&oe=6A9CA6D6,https://www.instagram.com/p/DctpboPFJpU/
Bom Jesus Primavera do Leste 🛒,Outros,Tempero em Pó Sabor Ami 1kg,17.99,31/08/2026,https://instagram.fper10-1.fna.fbcdn.net/v/t51.82787-15/789523666_18375397165237813_3042595625651888809_n.jpg?stp=dst-jpg_e35_tt6&_nc_cat=104&ig_cache_key=Mzk3NjAxNjAxNjcwNjA3NTE0OA%3D%3D.3-ccb7-5&ccb=7-5&_nc_sid=58cdad&efg=eyJ2ZW5jb2RlX3RhZyI6IkNBUk9VU0VMX0lURU0ueHBpZHMuMTA4MC5zZHIucmVndWxhcl9waG90by5DMyJ9&_nc_ohc=3X_gJLPLoscQ7kNvwEekRKh&_nc_oc=AdoXZnx3DhmM6RaXFFkolnKpMt0aCggOvmJOP-urdIrnN44TjQ7ZEpow4kwQJhG5XOA&_nc_ad=z-m&_nc_cid=0&_nc_zt=23&_nc_ht=instagram.fper10-1.fna&_nc_gid=f_Ac6QzwHuXD4P1h-TVMjQ&_nc_ss=7a22e&oh=00_AQJGnj5Z7t09OoD4B9o74OPUo48dMxB6Ie7qx2KvgqowJw&oe=6A9C9751,https://www.instagram.com/p/DctpboPFJpU/
Machadão Atacadista,Outros,Geleia Doma 340g,19.99,01/09/2026,https://instagram.fpll8-1.fna.fbcdn.net/v/t39.30808-6/788766900_1363961989157092_7149980708576029676_n.jpg?stp=dst-jpg_e35_tt6&_nc_cat=105&_nc_map=urlgen_bucketless&ig_cache_key=Mzk3NjIxNDMzMjMyNTE5OTQzMw%3D%3D.3-ccb7-5&ccb=7-5&_nc_sid=58cdad&efg=eyJ2ZW5jb2RlX3RhZyI6IkNBUk9VU0VMX0lURU0ueHBpZHMuMTYzOC5zZHIucmVndWxhcl9waG90by5DMyJ9&_nc_ohc=2I1wZ8IpqpUQ7kNvwFAgb26&_nc_oc=AdptEXpzzvKedyOm0IUpup4aKTMN92VEbvGRKA1BQWFQpIbfA4AnOMdezqbxL5iUM5sqq0855oYZTILhNI3FLOd9&_nc_ad=z-m&_nc_cid=0&_nc_zt=23&_nc_ht=instagram.fpll8-1.fna&_nc_gid=-TX4tDFJTAdeRK5XHn8t2g&_nc_ss=7a22e&oh=00_AQL4oPpPpXHmUGCJDgCXWpuhnYQzo2USkXGxU2RSNdNmDA&oe=6A9CACD0,https://www.instagram.com/p/DcuWeMKD352/
Machadão Atacadista,Outros,Geleia Doma 340g,19.99,01/09/2026,https://instagram.fpll8-1.fna.fbcdn.net/v/t39.30808-6/790209214_1363962295823728_6184311664090934208_n.jpg?stp=dst-jpg_e35_tt6&_nc_cat=101&_nc_map=urlgen_bucketless&ig_cache_key=Mzk3NjIxNDMzMTA5MjA0NzE3Mg%3D%3D.3-ccb7-5&ccb=7-5&_nc_sid=58cdad&efg=eyJ2ZW5jb2RlX3RhZyI6IkNBUk9VU0VMX0lURU0ueHBpZHMuMTYzOC5zZHIucmVndWxhcl9waG90by5DMyJ9&_nc_ohc=6eOf0AaqPwYQ7kNvwGdrNBZ&_nc_oc=AdrkMFMywyb9xxhGsxNzUydNzBp5WuMm_tp9Q9arUp4u5wRasbwXJXeOCdibD8xtZu5fEQKYFg0j9ixZYO0h6cDW&_nc_ad=z-m&_nc_cid=0&_nc_zt=23&_nc_ht=instagram.fpll8-1.fna&_nc_gid=-TX4tDFJTAdeRK5XHn8t2g&_nc_ss=7a22e&oh=00_AQK2ptsEy7z8d84W23PKqjoR4vKT_L03OqtRuC3I1SiyZA&oe=6A9CB5AE,https://www.instagram.com/p/DcuWeMKD352/
Supermercado Tuiuiú,Outros,Carvão do Vale 5kg,21.99,29/08/2026,https://scontent-waw2-2.cdninstagram.com/v/t51.82787-15/788550438_18582509053067900_6263948761205084851_n.jpg?stp=dst-jpg_e35_tt6&_nc_cat=100&ig_cache_key=Mzk3NDc1NDg5NDQxOTI5Mzg5Nw%3D%3D.3-ccb7-5&ccb=7-5&_nc_sid=58cdad&efg=eyJ2ZW5jb2RlX3RhZyI6IkNBUk9VU0VMX0lURU0ueHBpZHMuMTA4MC5zZHIucmVndWxhcl9waG90by5DMyJ9&_nc_ohc=jNbyy_j-UyYQ7kNvwGbvaIj&_nc_oc=AdqCy6u1SchhuOXv_dCCYElzKwsikYxBmB_V84eVcT29D6F6Y9C0M5rkbtw_FqjlgSk&_nc_ad=z-m&_nc_cid=0&_nc_zt=23&_nc_ht=scontent-waw2-2.cdninstagram.com&_nc_gid=tZ2ZfigFTOvq294WhlGkpw&_nc_ss=7a22e&oh=00_AQJpuppOdXmJ-lSEwzVyL37I6yb8vfx82RpwsifhahyYCQ&oe=6A9C9B08,https://www.instagram.com/p/DcpKopsjwHG/
Supermercado São Pedro,Outros,Cuca Recheada kg,23.49,28/08/2026,https://scontent-waw2-1.cdninstagram.com/v/t51.82787-15/785599572_18195711460382122_5575322653184498920_n.jpg?stp=dst-jpg_e35_tt6&_nc_cat=109&ig_cache_key=Mzk3MzY3MjU2OTQ3ODkxNjI0Mw%3D%3D.3-ccb7-5&ccb=7-5&_nc_sid=58cdad&efg=eyJ2ZW5jb2RlX3RhZyI6IkNBUk9VU0VMX0lURU0ueHBpZHMuMTA4MS5zZHIucmVndWxhcl9waG90by5DMyJ9&_nc_ohc=GqsGB5UTShAQ7kNvwFPOwP3&_nc_oc=AdpzBt_LblKn3EUN1yxLP1c2j5kKp-CJDSm9Rz8mlKgc99GVluW-1zvOVU2SUFfw_hcHtZGeepBzEvgb38Z8QD29&_nc_ad=z-m&_nc_cid=0&_nc_zt=23&_nc_ht=scontent-waw2-1.cdninstagram.com&_nc_gid=DMKRO3jGuwK0c-WkMOZ7ag&_nc_ss=7a22e&oh=00_AQJZrmqgxQRxmq7za3NpYTPGtcV43nmNCpR0m9Z2DfhfnA&oe=6A9CC052,https://www.instagram.com/p/DclUqI1G7TG/
Supermercado São Pedro,Outros,Rosca Doce kg,23.99,28/08/2026,https://scontent-waw2-1.cdninstagram.com/v/t51.82787-15/785599572_18195711460382122_5575322653184498920_n.jpg?stp=dst-jpg_e35_tt6&_nc_cat=109&ig_cache_key=Mzk3MzY3MjU2OTQ3ODkxNjI0Mw%3D%3D.3-ccb7-5&ccb=7-5&_nc_sid=58cdad&efg=eyJ2ZW5jb2RlX3RhZyI6IkNBUk9VU0VMX0lURU0ueHBpZHMuMTA4MS5zZHIucmVndWxhcl9waG90by5DMyJ9&_nc_ohc=GqsGB5UTShAQ7kNvwFPOwP3&_nc_oc=AdpzBt_LblKn3EUN1yxLP1c2j5kKp-CJDSm9Rz8mlKgc99GVluW-1zvOVU2SUFfw_hcHtZGeepBzEvgb38Z8QD29&_nc_ad=z-m&_nc_cid=0&_nc_zt=23&_nc_ht=scontent-waw2-1.cdninstagram.com&_nc_gid=DMKRO3jGuwK0c-WkMOZ7ag&_nc_ss=7a22e&oh=00_AQJZrmqgxQRxmq7za3NpYTPGtcV43nmNCpR0m9Z2DfhfnA&oe=6A9CC052,https://www.instagram.com/p/DclUqI1G7TG/
Bom Jesus Primavera do Leste 🛒,Outros,Sonho Bom Jesus kg,29.99,31/08/2026,https://instagram.fper10-2.fna.fbcdn.net/v/t51.82787-15/790024829_18375397153237813_1948289794463955166_n.jpg?stp=dst-jpg_e35_tt6&_nc_cat=101&ig_cache_key=Mzk3NjAxNjAxNDQwMTk2MTI2NA%3D%3D.3-ccb7-5&ccb=7-5&_nc_sid=58cdad&efg=eyJ2ZW5jb2RlX3RhZyI6IkNBUk9VU0VMX0lURU0ueHBpZHMuMTA4MC5zZHIucmVndWxhcl9waG90by5DMyJ9&_nc_ohc=jFcUhcd3ey4Q7kNvwE3hxyN&_nc_oc=AdpHLNwAhSAuy0JuMhBgUYyPQrQb9vHTlhOBCE4vAUlcw5b2c1ggi8AVU_aK1cBTvkk&_nc_ad=z-m&_nc_cid=0&_nc_zt=23&_nc_ht=instagram.fper10-2.fna&_nc_gid=f_Ac6QzwHuXD4P1h-TVMjQ&_nc_ss=7a22e&oh=00_AQKZrSxDcZhfURGq6VEeim2vq4IWAu3C1myQPZZVH6BNCA&oe=6A9CA904,https://www.instagram.com/p/DctpboPFJpU/
Bom Jesus Primavera do Leste 🛒,Outros,Capa de Contrafilé Sulbeef kg,32.99,28/08/2026,https://instagram.fagu3-1.fna.fbcdn.net/v/t51.82787-15/786853630_18374942971237813_3112147777905981087_n.jpg?stp=dst-jpg_e35_tt6&_nc_cat=107&ig_cache_key=Mzk3Mzk3Nzc3OTE1MzU1MzcyNQ%3D%3D.3-ccb7-5&ccb=7-5&_nc_sid=58cdad&efg=eyJ2ZW5jb2RlX3RhZyI6IkNBUk9VU0VMX0lURU0ueHBpZHMuMTA4MC5zZHIucmVndWxhcl9waG90by5DMyJ9&_nc_ohc=ekdg7i9GxycQ7kNvwG-jRqs&_nc_oc=AdqbjQUatHi_6_SUYVdiOps_-C9VZ9NERdvas8U9_3XkdO7TMRP_rTwkZMIpBu4tpoXTgNyeLFFKE9XJ0-yYtIB5&_nc_ad=z-m&_nc_cid=0&_nc_zt=23&_nc_ht=instagram.fagu3-1.fna&_nc_gid=ub-F7Ju1QestHX_RMmDV3g&_nc_ss=7a22e&oh=00_AQKX6Psx2g27TPip7q0CLixd4taD6vSF_HNFOW6wBVo-OA&oe=6A9CBBE4,https://www.instagram.com/p/DcmZ8cDD400/
Supermercado São Pedro,Outros,Chipa kg,34.99,28/08/2026,https://scontent-waw2-1.cdninstagram.com/v/t51.82787-15/785599572_18195711460382122_5575322653184498920_n.jpg?stp=dst-jpg_e35_tt6&_nc_cat=109&ig_cache_key=Mzk3MzY3MjU2OTQ3ODkxNjI0Mw%3D%3D.3-ccb7-5&ccb=7-5&_nc_sid=58cdad&efg=eyJ2ZW5jb2RlX3RhZyI6IkNBUk9VU0VMX0lURU0ueHBpZHMuMTA4MS5zZHIucmVndWxhcl9waG90by5DMyJ9&_nc_ohc=GqsGB5UTShAQ7kNvwFPOwP3&_nc_oc=AdpzBt_LblKn3EUN1yxLP1c2j5kKp-CJDSm9Rz8mlKgc99GVluW-1zvOVU2SUFfw_hcHtZGeepBzEvgb38Z8QD29&_nc_ad=z-m&_nc_cid=0&_nc_zt=23&_nc_ht=scontent-waw2-1.cdninstagram.com&_nc_gid=DMKRO3jGuwK0c-WkMOZ7ag&_nc_ss=7a22e&oh=00_AQJZrmqgxQRxmq7za3NpYTPGtcV43nmNCpR0m9Z2DfhfnA&oe=6A9CC052,https://www.instagram.com/p/DclUqI1G7TG/
Super Compras Supermercado,Outros,Ponta de Peito Bovina kg,35.99,29/08/2026,https://scontent-lax3-1.cdninstagram.com/v/t51.82787-15/787743920_18192892438391764_3005082908538598587_n.jpg?stp=dst-jpg_e35_tt6&_nc_cat=110&ig_cache_key=Mzk3NDAxMjMzNjQ5MTI3ODEzMg%3D%3D.3-ccb7-5&ccb=7-5&_nc_sid=58cdad&efg=eyJ2ZW5jb2RlX3RhZyI6IkNBUk9VU0VMX0lURU0ueHBpZHMuMTQ0MC5zZHIucmVndWxhcl9waG90by5DMyJ9&_nc_ohc=sDvW_231DL8Q7kNvwGGakWE&_nc_oc=Adq7A-4KTVEtQ04E13KtUfJct4vofja_tdIFFbViufNdxWCWb3gzTEncbugvkyoq4SxBSo4U8Qk0YFN8J84-PfID&_nc_ad=z-m&_nc_cid=0&_nc_zt=23&_nc_ht=scontent-lax3-1.cdninstagram.com&_nc_gid=m4a1im7Fihg2Q49M_7HU5Q&_nc_ss=7a22e&oh=00_AQJgyhM_fFqO3PmtY_y0T8oDIfVqlwQ-mpeCirnfT9cgpQ&oe=6A9CC1BB,https://www.instagram.com/p/DcmhzwZjQj_/
Supermercado São Pedro,Outros,Ponta de Peito Bovina kg,36.99,28/08/2026,https://scontent-waw2-2.cdninstagram.com/v/t51.82787-15/787853786_18195711469382122_4084613579796731411_n.jpg?stp=dst-jpg_e35_tt6&_nc_cat=101&ig_cache_key=Mzk3MzY3MjU2ODk4MzkzOTE2MQ%3D%3D.3-ccb7-5&ccb=7-5&_nc_sid=58cdad&efg=eyJ2ZW5jb2RlX3RhZyI6IkNBUk9VU0VMX0lURU0ueHBpZHMuMTA4MS5zZHIucmVndWxhcl9waG90by5DMyJ9&_nc_ohc=YRh7I8l8B0QQ7kNvwEmvTd-&_nc_oc=AdotRJyD39EaxILsMKm2BdgcxtSKvBYXY6qKKrokVsv-Z_ErGu_C3mcsZuTGuMrhksvkFRAegaGhi5k7DLM7Bxag&_nc_ad=z-m&_nc_cid=0&_nc_zt=23&_nc_ht=scontent-waw2-2.cdninstagram.com&_nc_gid=DMKRO3jGuwK0c-WkMOZ7ag&_nc_ss=7a22e&oh=00_AQLVJyGKczp4n9AWxGikJdR1iiBGca5N0k2os6-ccozdpA&oe=6A9CA307,https://www.instagram.com/p/DclUqI1G7TG/
Bom Jesus Primavera do Leste 🛒,Outros,Assadeira Marinex 3.5L,44.9,31/08/2026,https://instagram.fper10-1.fna.fbcdn.net/v/t51.82787-15/789523666_18375397165237813_3042595625651888809_n.jpg?stp=dst-jpg_e35_tt6&_nc_cat=104&ig_cache_key=Mzk3NjAxNjAxNjcwNjA3NTE0OA%3D%3D.3-ccb7-5&ccb=7-5&_nc_sid=58cdad&efg=eyJ2ZW5jb2RlX3RhZyI6IkNBUk9VU0VMX0lURU0ueHBpZHMuMTA4MC5zZHIucmVndWxhcl9waG90by5DMyJ9&_nc_ohc=3X_gJLPLoscQ7kNvwEekRKh&_nc_oc=AdoXZnx3DhmM6RaXFFkolnKpMt0aCggOvmJOP-urdIrnN44TjQ7ZEpow4kwQJhG5XOA&_nc_ad=z-m&_nc_cid=0&_nc_zt=23&_nc_ht=instagram.fper10-1.fna&_nc_gid=f_Ac6QzwHuXD4P1h-TVMjQ&_nc_ss=7a22e&oh=00_AQJGnj5Z7t09OoD4B9o74OPUo48dMxB6Ie7qx2KvgqowJw&oe=6A9C9751,https://www.instagram.com/p/DctpboPFJpU/
Supermercado Tuiuiú,Outros,Filé Mignon Bovina kg,54.99,29/08/2026,https://scontent-waw2-1.cdninstagram.com/v/t51.82787-15/788493790_18582509032067900_5908567126790300069_n.jpg?stp=dst-jpg_e35_tt6&_nc_cat=109&ig_cache_key=Mzk3NDc1NDg1NzkyNzkxMjQwMQ%3D%3D.3-ccb7-5&ccb=7-5&_nc_sid=58cdad&efg=eyJ2ZW5jb2RlX3RhZyI6IkNBUk9VU0VMX0lURU0ueHBpZHMuMTA4MC5zZHIucmVndWxhcl9waG90by5DMyJ9&_nc_ohc=ZEEw91mmol0Q7kNvwFhP8ed&_nc_oc=AdprloLP0NjS7fiMqLwhsYvHYAPDapoqqR-LMynXKOK9DAhXS_5YuhtlqSP87Lbzya0&_nc_ad=z-m&_nc_cid=0&_nc_zt=23&_nc_ht=scontent-waw2-1.cdninstagram.com&_nc_gid=tZ2ZfigFTOvq294WhlGkpw&_nc_ss=7a22e&oh=00_AQJbSI3UBiLawOjuAhIDaXuDmKZpzZ2wBt41k1XqEd1FcQ&oe=6A9CAAF5,https://www.instagram.com/p/DcpKopsjwHG/
Bom Jesus Primavera do Leste 🛒,Padaria / Congelados,Pão de Queijo Cuiabá 1kg,9.99,28/08/2026,https://instagram.fagu3-1.fna.fbcdn.net/v/t51.82787-15/786853630_18374942971237813_3112147777905981087_n.jpg?stp=dst-jpg_e35_tt6&_nc_cat=107&ig_cache_key=Mzk3Mzk3Nzc3OTE1MzU1MzcyNQ%3D%3D.3-ccb7-5&ccb=7-5&_nc_sid=58cdad&efg=eyJ2ZW5jb2RlX3RhZyI6IkNBUk9VU0VMX0lURU0ueHBpZHMuMTA4MC5zZHIucmVndWxhcl9waG90by5DMyJ9&_nc_ohc=ekdg7i9GxycQ7kNvwG-jRqs&_nc_oc=AdqbjQUatHi_6_SUYVdiOps_-C9VZ9NERdvas8U9_3XkdO7TMRP_rTwkZMIpBu4tpoXTgNyeLFFKE9XJ0-yYtIB5&_nc_ad=z-m&_nc_cid=0&_nc_zt=23&_nc_ht=instagram.fagu3-1.fna&_nc_gid=ub-F7Ju1QestHX_RMmDV3g&_nc_ss=7a22e&oh=00_AQKX6Psx2g27TPip7q0CLixd4taD6vSF_HNFOW6wBVo-OA&oe=6A9CBBE4,https://www.instagram.com/p/DcmZ8cDD400/
Bom Jesus Primavera do Leste 🛒,Padaria / Congelados,Pão de Queijo Cuiabá 1kg,9.99,31/08/2026,https://instagram.fper10-1.fna.fbcdn.net/v/t51.82787-15/789425401_18375397132237813_3283979444182116387_n.jpg?stp=dst-jpg_e35_tt6&_nc_cat=109&ig_cache_key=Mzk3NjAxNjAxMTkzNTgyMDU5Mg%3D%3D.3-ccb7-5&ccb=7-5&_nc_sid=58cdad&efg=eyJ2ZW5jb2RlX3RhZyI6IkNBUk9VU0VMX0lURU0ueHBpZHMuMTA4MC5zZHIucmVndWxhcl9waG90by5DMyJ9&_nc_ohc=Qo8g-Wo6lO8Q7kNvwEwrYYG&_nc_oc=AdroGpwslZJFleBfWoEg3Lhcff_tzkhIeVm5zfVxnE9385kh73-QCjuZoyHFllS3Yzw&_nc_ad=z-m&_nc_cid=0&_nc_zt=23&_nc_ht=instagram.fper10-1.fna&_nc_gid=f_Ac6QzwHuXD4P1h-TVMjQ&_nc_ss=7a22e&oh=00_AQIRLI9s0IMTyRAvAvemUDnVyYiujPMif1yEOQiVJkJbSw&oe=6A9CB3EA,https://www.instagram.com/p/DctpboPFJpU/
Supermercado São Pedro,Padaria / Congelados,Pão de Queijo Cuiabá 1kg,11.99,28/08/2026,https://scontent-waw2-1.cdninstagram.com/v/t51.82787-15/785599572_18195711460382122_5575322653184498920_n.jpg?stp=dst-jpg_e35_tt6&_nc_cat=109&ig_cache_key=Mzk3MzY3MjU2OTQ3ODkxNjI0Mw%3D%3D.3-ccb7-5&ccb=7-5&_nc_sid=58cdad&efg=eyJ2ZW5jb2RlX3RhZyI6IkNBUk9VU0VMX0lURU0ueHBpZHMuMTA4MS5zZHIucmVndWxhcl9waG90by5DMyJ9&_nc_ohc=GqsGB5UTShAQ7kNvwFPOwP3&_nc_oc=AdpzBt_LblKn3EUN1yxLP1c2j5kKp-CJDSm9Rz8mlKgc99GVluW-1zvOVU2SUFfw_hcHtZGeepBzEvgb38Z8QD29&_nc_ad=z-m&_nc_cid=0&_nc_zt=23&_nc_ht=scontent-waw2-1.cdninstagram.com&_nc_gid=DMKRO3jGuwK0c-WkMOZ7ag&_nc_ss=7a22e&oh=00_AQJZrmqgxQRxmq7za3NpYTPGtcV43nmNCpR0m9Z2DfhfnA&oe=6A9CC052,https://www.instagram.com/p/DclUqI1G7TG/
Machadão Atacadista,Padaria / Congelados,Pão de Queijo Silbas 1kg,15.99,01/09/2026,https://instagram.fpll8-1.fna.fbcdn.net/v/t39.30808-6/788766900_1363961989157092_7149980708576029676_n.jpg?stp=dst-jpg_e35_tt6&_nc_cat=105&_nc_map=urlgen_bucketless&ig_cache_key=Mzk3NjIxNDMzMjMyNTE5OTQzMw%3D%3D.3-ccb7-5&ccb=7-5&_nc_sid=58cdad&efg=eyJ2ZW5jb2RlX3RhZyI6IkNBUk9VU0VMX0lURU0ueHBpZHMuMTYzOC5zZHIucmVndWxhcl9waG90by5DMyJ9&_nc_ohc=2I1wZ8IpqpUQ7kNvwFAgb26&_nc_oc=AdptEXpzzvKedyOm0IUpup4aKTMN92VEbvGRKA1BQWFQpIbfA4AnOMdezqbxL5iUM5sqq0855oYZTILhNI3FLOd9&_nc_ad=z-m&_nc_cid=0&_nc_zt=23&_nc_ht=instagram.fpll8-1.fna&_nc_gid=-TX4tDFJTAdeRK5XHn8t2g&_nc_ss=7a22e&oh=00_AQL4oPpPpXHmUGCJDgCXWpuhnYQzo2USkXGxU2RSNdNmDA&oe=6A9CACD0,https://www.instagram.com/p/DcuWeMKD352/
Machadão Atacadista,Padaria / Congelados,Pão de Queijo Silbas 1kg,15.99,01/09/2026,https://instagram.fpll8-1.fna.fbcdn.net/v/t39.30808-6/790209214_1363962295823728_6184311664090934208_n.jpg?stp=dst-jpg_e35_tt6&_nc_cat=101&_nc_map=urlgen_bucketless&ig_cache_key=Mzk3NjIxNDMzMTA5MjA0NzE3Mg%3D%3D.3-ccb7-5&ccb=7-5&_nc_sid=58cdad&efg=eyJ2ZW5jb2RlX3RhZyI6IkNBUk9VU0VMX0lURU0ueHBpZHMuMTYzOC5zZHIucmVndWxhcl9waG90by5DMyJ9&_nc_ohc=6eOf0AaqPwYQ7kNvwGdrNBZ&_nc_oc=AdrkMFMywyb9xxhGsxNzUydNzBp5WuMm_tp9Q9arUp4u5wRasbwXJXeOCdibD8xtZu5fEQKYFg0j9ixZYO0h6cDW&_nc_ad=z-m&_nc_cid=0&_nc_zt=23&_nc_ht=instagram.fpll8-1.fna&_nc_gid=-TX4tDFJTAdeRK5XHn8t2g&_nc_ss=7a22e&oh=00_AQK2ptsEy7z8d84W23PKqjoR4vKT_L03OqtRuC3I1SiyZA&oe=6A9CB5AE,https://www.instagram.com/p/DcuWeMKD352/
Bom Jesus Primavera do Leste 🛒,Padaria / Congelados,Pão de Queijo Bom Jesus kg,26.99,31/08/2026,https://instagram.fper10-2.fna.fbcdn.net/v/t51.82787-15/790024829_18375397153237813_1948289794463955166_n.jpg?stp=dst-jpg_e35_tt6&_nc_cat=101&ig_cache_key=Mzk3NjAxNjAxNDQwMTk2MTI2NA%3D%3D.3-ccb7-5&ccb=7-5&_nc_sid=58cdad&efg=eyJ2ZW5jb2RlX3RhZyI6IkNBUk9VU0VMX0lURU0ueHBpZHMuMTA4MC5zZHIucmVndWxhcl9waG90by5DMyJ9&_nc_ohc=jFcUhcd3ey4Q7kNvwE3hxyN&_nc_oc=AdpHLNwAhSAuy0JuMhBgUYyPQrQb9vHTlhOBCE4vAUlcw5b2c1ggi8AVU_aK1cBTvkk&_nc_ad=z-m&_nc_cid=0&_nc_zt=23&_nc_ht=instagram.fper10-2.fna&_nc_gid=f_Ac6QzwHuXD4P1h-TVMjQ&_nc_ss=7a22e&oh=00_AQKZrSxDcZhfURGq6VEeim2vq4IWAu3C1myQPZZVH6BNCA&oe=6A9CA904,https://www.instagram.com/p/DctpboPFJpU/
Supermercado Tuiuiú,Padaria / Pães,Pão de Alho Bello 300g,9.99,29/08/2026,https://scontent-waw2-2.cdninstagram.com/v/t51.82787-15/788550438_18582509053067900_6263948761205084851_n.jpg?stp=dst-jpg_e35_tt6&_nc_cat=100&ig_cache_key=Mzk3NDc1NDg5NDQxOTI5Mzg5Nw%3D%3D.3-ccb7-5&ccb=7-5&_nc_sid=58cdad&efg=eyJ2ZW5jb2RlX3RhZyI6IkNBUk9VU0VMX0lURU0ueHBpZHMuMTA4MC5zZHIucmVndWxhcl9waG90by5DMyJ9&_nc_ohc=jNbyy_j-UyYQ7kNvwGbvaIj&_nc_oc=AdqCy6u1SchhuOXv_dCCYElzKwsikYxBmB_V84eVcT29D6F6Y9C0M5rkbtw_FqjlgSk&_nc_ad=z-m&_nc_cid=0&_nc_zt=23&_nc_ht=scontent-waw2-2.cdninstagram.com&_nc_gid=tZ2ZfigFTOvq294WhlGkpw&_nc_ss=7a22e&oh=00_AQJpuppOdXmJ-lSEwzVyL37I6yb8vfx82RpwsifhahyYCQ&oe=6A9C9B08,https://www.instagram.com/p/DcpKopsjwHG/
Bom Jesus Primavera do Leste 🛒,Padaria / Pães,Pão de Forma Pullman 480g,10.49,31/08/2026,https://instagram.fper10-1.fna.fbcdn.net/v/t51.82787-15/789523666_18375397165237813_3042595625651888809_n.jpg?stp=dst-jpg_e35_tt6&_nc_cat=104&ig_cache_key=Mzk3NjAxNjAxNjcwNjA3NTE0OA%3D%3D.3-ccb7-5&ccb=7-5&_nc_sid=58cdad&efg=eyJ2ZW5jb2RlX3RhZyI6IkNBUk9VU0VMX0lURU0ueHBpZHMuMTA4MC5zZHIucmVndWxhcl9waG90by5DMyJ9&_nc_ohc=3X_gJLPLoscQ7kNvwEekRKh&_nc_oc=AdoXZnx3DhmM6RaXFFkolnKpMt0aCggOvmJOP-urdIrnN44TjQ7ZEpow4kwQJhG5XOA&_nc_ad=z-m&_nc_cid=0&_nc_zt=23&_nc_ht=instagram.fper10-1.fna&_nc_gid=f_Ac6QzwHuXD4P1h-TVMjQ&_nc_ss=7a22e&oh=00_AQJGnj5Z7t09OoD4B9o74OPUo48dMxB6Ie7qx2KvgqowJw&oe=6A9C9751,https://www.instagram.com/p/DctpboPFJpU/
Bom Jesus Primavera do Leste 🛒,Padaria / Pães,Pão de Alho Dabrasa 450g,11.99,28/08/2026,https://instagram.fagu3-1.fna.fbcdn.net/v/t51.82787-15/786853630_18374942971237813_3112147777905981087_n.jpg?stp=dst-jpg_e35_tt6&_nc_cat=107&ig_cache_key=Mzk3Mzk3Nzc3OTE1MzU1MzcyNQ%3D%3D.3-ccb7-5&ccb=7-5&_nc_sid=58cdad&efg=eyJ2ZW5jb2RlX3RhZyI6IkNBUk9VU0VMX0lURU0ueHBpZHMuMTA4MC5zZHIucmVndWxhcl9waG90by5DMyJ9&_nc_ohc=ekdg7i9GxycQ7kNvwG-jRqs&_nc_oc=AdqbjQUatHi_6_SUYVdiOps_-C9VZ9NERdvas8U9_3XkdO7TMRP_rTwkZMIpBu4tpoXTgNyeLFFKE9XJ0-yYtIB5&_nc_ad=z-m&_nc_cid=0&_nc_zt=23&_nc_ht=instagram.fagu3-1.fna&_nc_gid=ub-F7Ju1QestHX_RMmDV3g&_nc_ss=7a22e&oh=00_AQKX6Psx2g27TPip7q0CLixd4taD6vSF_HNFOW6wBVo-OA&oe=6A9CBBE4,https://www.instagram.com/p/DcmZ8cDD400/
Bom Jesus Primavera do Leste 🛒,Padaria / Pães,Pão de Alho Dabrasa 450g,11.99,31/08/2026,https://instagram.fper10-2.fna.fbcdn.net/v/t51.82787-15/790024829_18375397153237813_1948289794463955166_n.jpg?stp=dst-jpg_e35_tt6&_nc_cat=101&ig_cache_key=Mzk3NjAxNjAxNDQwMTk2MTI2NA%3D%3D.3-ccb7-5&ccb=7-5&_nc_sid=58cdad&efg=eyJ2ZW5jb2RlX3RhZyI6IkNBUk9VU0VMX0lURU0ueHBpZHMuMTA4MC5zZHIucmVndWxhcl9waG90by5DMyJ9&_nc_ohc=jFcUhcd3ey4Q7kNvwE3hxyN&_nc_oc=AdpHLNwAhSAuy0JuMhBgUYyPQrQb9vHTlhOBCE4vAUlcw5b2c1ggi8AVU_aK1cBTvkk&_nc_ad=z-m&_nc_cid=0&_nc_zt=23&_nc_ht=instagram.fper10-2.fna&_nc_gid=f_Ac6QzwHuXD4P1h-TVMjQ&_nc_ss=7a22e&oh=00_AQKZrSxDcZhfURGq6VEeim2vq4IWAu3C1myQPZZVH6BNCA&oe=6A9CA904,https://www.instagram.com/p/DctpboPFJpU/
Supermercado São Pedro,Padaria / Pães,Pão de Alho Zinho 300g,12.99,28/08/2026,https://scontent-waw2-1.cdninstagram.com/v/t51.82787-15/785599572_18195711460382122_5575322653184498920_n.jpg?stp=dst-jpg_e35_tt6&_nc_cat=109&ig_cache_key=Mzk3MzY3MjU2OTQ3ODkxNjI0Mw%3D%3D.3-ccb7-5&ccb=7-5&_nc_sid=58cdad&efg=eyJ2ZW5jb2RlX3RhZyI6IkNBUk9VU0VMX0lURU0ueHBpZHMuMTA4MS5zZHIucmVndWxhcl9waG90by5DMyJ9&_nc_ohc=GqsGB5UTShAQ7kNvwFPOwP3&_nc_oc=AdpzBt_LblKn3EUN1yxLP1c2j5kKp-CJDSm9Rz8mlKgc99GVluW-1zvOVU2SUFfw_hcHtZGeepBzEvgb38Z8QD29&_nc_ad=z-m&_nc_cid=0&_nc_zt=23&_nc_ht=scontent-waw2-1.cdninstagram.com&_nc_gid=DMKRO3jGuwK0c-WkMOZ7ag&_nc_ss=7a22e&oh=00_AQJZrmqgxQRxmq7za3NpYTPGtcV43nmNCpR0m9Z2DfhfnA&oe=6A9CC052,https://www.instagram.com/p/DclUqI1G7TG/
Super Compras Supermercado,Pet Shop,Coração Bovino kg,6.99,31/08/2026,https://instagram.fccm4-1.fna.fbcdn.net/v/t51.82787-15/791974186_18193115938391764_5859732845031236442_n.jpg?stp=dst-jpg_e35_tt6&_nc_cat=105&ig_cache_key=Mzk3NTQ2MjE2MTk0MjIyOTY3Mg%3D%3D.3-ccb7-5&ccb=7-5&_nc_sid=58cdad&efg=eyJ2ZW5jb2RlX3RhZyI6IkNBUk9VU0VMX0lURU0ueHBpZHMuMTQ0MC5zZHIucmVndWxhcl9waG90by5DMyJ9&_nc_ohc=nzcZ4VRfyfMQ7kNvwFVWJWT&_nc_oc=AdpBydi9lhJa2RBTmkazpLl6P442CVf66UkIGQY8yEuhDrJy_zgzeE8PDqGbKa2rpl8&_nc_ad=z-m&_nc_cid=0&_nc_zt=23&_nc_ht=instagram.fccm4-1.fna&_nc_gid=FneyDljf1jsbRdbE-7Sb-g&_nc_ss=7a22e&oh=00_AQInwrCpZsJ4bBuZnWIbTAVAeMYiAKBbjdBLUwleRPJq7Q&oe=6A9CC1F6,https://www.instagram.com/p/DcrreFFEorJ/
Supermercado São Pedro,Pet Shop,Coração Bovino kg,9.99,31/08/2026,https://instagram.fgru4-1.fna.fbcdn.net/v/t51.82787-15/791942671_18196080940382122_5769268194854024718_n.jpg?stp=dst-jpg_e35_tt6&_nc_cat=107&ig_cache_key=Mzk3NTg1NzQ5MjM5MDM2NzAzMQ%3D%3D.3-ccb7-5&ccb=7-5&_nc_sid=58cdad&efg=eyJ2ZW5jb2RlX3RhZyI6IkZFRUQueHBpZHMuMzI0OC5zZHIucmVndWxhcl9waG90by5DMyJ9&_nc_ohc=FI0IN0j_ruIQ7kNvwFMwK0c&_nc_oc=Adp7EUwxBUkyJTVoTV_34CkvViUEfP6Wb05uWtuMMIUMopHuWHmzA07zP0uKLelXT20&_nc_ad=z-m&_nc_cid=0&_nc_zt=23&_nc_ht=instagram.fgru4-1.fna&_nc_gid=uGUL6BXvsCHqKlYGbIeScg&_nc_ss=7a22e&oh=00_AQJgvotqcJGcITPLqqN8ypjhAl3iHLEFvS5Ht8OuPU9UeQ&oe=6A9CC4BA,https://www.instagram.com/p/DctFVMHgM83/
Bom Jesus Primavera do Leste 🛒,Pet Shop,Ração Para Gatos Mimiau 1kg,12.49,28/08/2026,https://instagram.fagu3-1.fna.fbcdn.net/v/t51.82787-15/788860531_18374942995237813_624644092953609674_n.jpg?stp=dst-jpg_e35_tt6&_nc_cat=106&ig_cache_key=Mzk3Mzk3Nzc4MjEzMTM5MTcwNQ%3D%3D.3-ccb7-5&ccb=7-5&_nc_sid=58cdad&efg=eyJ2ZW5jb2RlX3RhZyI6IkNBUk9VU0VMX0lURU0ueHBpZHMuMTA4MC5zZHIucmVndWxhcl9waG90by5DMyJ9&_nc_ohc=mOHmscgEnGsQ7kNvwG0PQUn&_nc_oc=AdrnTvsOFFkNfnHfY75s1obDc4syPIbh38dwbw0-nRxvMcu5mBgdahDwtxkyaB2nM6O9DyZF_Ce2RoL-nnEYXLth&_nc_ad=z-m&_nc_cid=0&_nc_zt=23&_nc_ht=instagram.fagu3-1.fna&_nc_gid=ub-F7Ju1QestHX_RMmDV3g&_nc_ss=7a22e&oh=00_AQLUCXvuPQW3Nq0qTBAt7t_Gwg-0uCGi7p0Nzj_WftC11w&oe=6A9CB28B,https://www.instagram.com/p/DcmZ8cDD400/
Bom Jesus Primavera do Leste 🛒,Pet Shop,Ração Para Cães Maikão Carne e Cereais 7kg,34.9,28/08/2026,https://instagram.fagu3-1.fna.fbcdn.net/v/t51.82787-15/788860531_18374942995237813_624644092953609674_n.jpg?stp=dst-jpg_e35_tt6&_nc_cat=106&ig_cache_key=Mzk3Mzk3Nzc4MjEzMTM5MTcwNQ%3D%3D.3-ccb7-5&ccb=7-5&_nc_sid=58cdad&efg=eyJ2ZW5jb2RlX3RhZyI6IkNBUk9VU0VMX0lURU0ueHBpZHMuMTA4MC5zZHIucmVndWxhcl9waG90by5DMyJ9&_nc_ohc=mOHmscgEnGsQ7kNvwG0PQUn&_nc_oc=AdrnTvsOFFkNfnHfY75s1obDc4syPIbh38dwbw0-nRxvMcu5mBgdahDwtxkyaB2nM6O9DyZF_Ce2RoL-nnEYXLth&_nc_ad=z-m&_nc_cid=0&_nc_zt=23&_nc_ht=instagram.fagu3-1.fna&_nc_gid=ub-F7Ju1QestHX_RMmDV3g&_nc_ss=7a22e&oh=00_AQLUCXvuPQW3Nq0qTBAt7t_Gwg-0uCGi7p0Nzj_WftC11w&oe=6A9CB28B,https://www.instagram.com/p/DcmZ8cDD400/
Machadão Atacadista,Pet Shop,Ração Para Cães Plok Carne 7kg,39.9,01/09/2026,https://instagram.fpll8-2.fna.fbcdn.net/v/t39.30808-6/788717108_1363962009157090_7645430109379984108_n.jpg?stp=dst-jpg_e35_tt6&_nc_cat=110&_nc_map=urlgen_bucketless&ig_cache_key=Mzk3NjIxNDMzMjA1Njc3MzMzMA%3D%3D.3-ccb7-5&ccb=7-5&_nc_sid=58cdad&efg=eyJ2ZW5jb2RlX3RhZyI6IkNBUk9VU0VMX0lURU0ueHBpZHMuMTYzOC5zZHIucmVndWxhcl9waG90by5DMyJ9&_nc_ohc=nXwqXMc37ZkQ7kNvwGVtGCO&_nc_oc=Adp7sfzCL-HUqgN8ZdvBh4rs5GY5ekMPP5vmR5OBqPXil3Pgd9fgZExeFNnR9hplXn3EvPl2-4HEP6XcATezetTB&_nc_ad=z-m&_nc_cid=0&_nc_zt=23&_nc_ht=instagram.fpll8-2.fna&_nc_gid=-TX4tDFJTAdeRK5XHn8t2g&_nc_ss=7a22e&oh=00_AQLR5HcCVU9xXTpmdmaRsvdUl9qkP5z4W1uTaAIOWPzu5A&oe=6A9CA2D3,https://www.instagram.com/p/DcuWeMKD352/
Machadão Atacadista,Pet Shop,Ração Para Cães Plok Carne 7kg,39.9,01/09/2026,https://instagram.fpll8-1.fna.fbcdn.net/v/t39.30808-6/788880664_1363962219157069_5966186908781895719_n.jpg?stp=dst-jpg_e35_tt6&_nc_cat=108&_nc_map=urlgen_bucketless&ig_cache_key=Mzk3NjIxNDMzMDk4MzA0NjUzNQ%3D%3D.3-ccb7-5&ccb=7-5&_nc_sid=58cdad&efg=eyJ2ZW5jb2RlX3RhZyI6IkNBUk9VU0VMX0lURU0ueHBpZHMuMTYzOC5zZHIucmVndWxhcl9waG90by5DMyJ9&_nc_ohc=72ND--9jcv0Q7kNvwF0do42&_nc_oc=AdokRmfQYpSec-2ucIKH9kkeydArBu8cMnaC6TebBY3z2_slG7lJHFk5WYLBT4SZMOrknVFv7HLZQgBv_NkX-P-r&_nc_ad=z-m&_nc_cid=0&_nc_zt=23&_nc_ht=instagram.fpll8-1.fna&_nc_gid=-TX4tDFJTAdeRK5XHn8t2g&_nc_ss=7a22e&oh=00_AQL22D_4fOEr93A62UmNnlDk4uo-vqACz7jfEudhOafeFA&oe=6A9CA88C,https://www.instagram.com/p/DcuWeMKD352/
Bom Jesus Primavera do Leste 🛒,Pet Shop,Ração Para Cães Vittamax Classic 7kg,64.9,28/08/2026,https://instagram.fagu3-1.fna.fbcdn.net/v/t51.82787-15/788860531_18374942995237813_624644092953609674_n.jpg?stp=dst-jpg_e35_tt6&_nc_cat=106&ig_cache_key=Mzk3Mzk3Nzc4MjEzMTM5MTcwNQ%3D%3D.3-ccb7-5&ccb=7-5&_nc_sid=58cdad&efg=eyJ2ZW5jb2RlX3RhZyI6IkNBUk9VU0VMX0lURU0ueHBpZHMuMTA4MC5zZHIucmVndWxhcl9waG90by5DMyJ9&_nc_ohc=mOHmscgEnGsQ7kNvwG0PQUn&_nc_oc=AdrnTvsOFFkNfnHfY75s1obDc4syPIbh38dwbw0-nRxvMcu5mBgdahDwtxkyaB2nM6O9DyZF_Ce2RoL-nnEYXLth&_nc_ad=z-m&_nc_cid=0&_nc_zt=23&_nc_ht=instagram.fagu3-1.fna&_nc_gid=ub-F7Ju1QestHX_RMmDV3g&_nc_ss=7a22e&oh=00_AQLUCXvuPQW3Nq0qTBAt7t_Gwg-0uCGi7p0Nzj_WftC11w&oe=6A9CB28B,https://www.instagram.com/p/DcmZ8cDD400/
Bom Jesus Primavera do Leste 🛒,Pet Shop,Ração Para Cães Thor Adulto 7kg,64.9,31/08/2026,https://instagram.fper10-1.fna.fbcdn.net/v/t51.82787-15/790710770_18375397150237813_205032870738913895_n.jpg?stp=dst-jpg_e35_tt6&_nc_cat=109&ig_cache_key=Mzk3NjAxNjAxODA0MzIzNjczOQ%3D%3D.3-ccb7-5&ccb=7-5&_nc_sid=58cdad&efg=eyJ2ZW5jb2RlX3RhZyI6IkNBUk9VU0VMX0lURU0ueHBpZHMuMTA4MC5zZHIucmVndWxhcl9waG90by5DMyJ9&_nc_ohc=bEKxbBy2AZwQ7kNvwHO8Sld&_nc_oc=AdpiWw3afCzauTgOnr7CZqo6RrjWO7xzvi9wQyJB7smgHhRnAUcnufRIyV2PS38CSm8&_nc_ad=z-m&_nc_cid=0&_nc_zt=23&_nc_ht=instagram.fper10-1.fna&_nc_gid=f_Ac6QzwHuXD4P1h-TVMjQ&_nc_ss=7a22e&oh=00_AQKcIGxVKzoKCZsljPzfJbsKz-cmAUsbz6pdsoYWkgRUuA&oe=6A9CA6D6,https://www.instagram.com/p/DctpboPFJpU/
