supermercado,categoria,item,valor,data_postagem,link,post_url
Supermercado Bianchi,Bazar / Eletro,Pote Vidro Nadir Mandacaru / Maracatu 2L,14.99,21/08/2026,https://scontent-yyz1-1.cdninstagram.com/v/t39.30808-6/782170702_1657849206345477_5831566733473110975_n.jpg?stp=dst-jpg_e35_tt6&_nc_cat=100&ig_cache_key=Mzk2ODk0NTQxMzExMjgxNzUxNQ%3D%3D.3-ccb7-5&ccb=7-5&_nc_sid=58cdad&efg=eyJ2ZW5jb2RlX3RhZyI6IkNBUk9VU0VMX0lURU0ueHBpZHMuMTYzOC5zZHIucmVndWxhcl9waG90by5DMyJ9&_nc_ohc=nPR0J7MpbqkQ7kNvwEzZDbd&_nc_oc=Adpry1jPlvmvV7LmOysUv_LLV-FhwGPWDm6Rg71oYFbsfnxKMCaabjnOktNcjUzgqa4&_nc_zt=23&_nc_ht=scontent-yyz1-1.cdninstagram.com&_nc_gid=dY8EOS28NOwxEEhDuq8XVw&_nc_ss=7ca8c&oh=00_AQF-3Hwtj3T7Ih66se1e5vSAzuucm9zNOnyzT88McSTO4Q&oe=6A90F3F7,https://www.instagram.com/p/DcUhthogY_o/
Supermercado Bianchi,Bazar / Eletro,Ventilador Mondial Super Power 40cm 127V Uni,159.9,21/08/2026,https://scontent-yyz1-1.cdninstagram.com/v/t39.30808-6/782170702_1657849206345477_5831566733473110975_n.jpg?stp=dst-jpg_e35_tt6&_nc_cat=100&ig_cache_key=Mzk2ODk0NTQxMzExMjgxNzUxNQ%3D%3D.3-ccb7-5&ccb=7-5&_nc_sid=58cdad&efg=eyJ2ZW5jb2RlX3RhZyI6IkNBUk9VU0VMX0lURU0ueHBpZHMuMTYzOC5zZHIucmVndWxhcl9waG90by5DMyJ9&_nc_ohc=nPR0J7MpbqkQ7kNvwEzZDbd&_nc_oc=Adpry1jPlvmvV7LmOysUv_LLV-FhwGPWDm6Rg71oYFbsfnxKMCaabjnOktNcjUzgqa4&_nc_zt=23&_nc_ht=scontent-yyz1-1.cdninstagram.com&_nc_gid=dY8EOS28NOwxEEhDuq8XVw&_nc_ss=7ca8c&oh=00_AQF-3Hwtj3T7Ih66se1e5vSAzuucm9zNOnyzT88McSTO4Q&oe=6A90F3F7,https://www.instagram.com/p/DcUhthogY_o/
Supermercado Bianchi,Bebidas / Alcoólicos Diversos,Vinho Português Casal Garcia 750ml,69.99,21/08/2026,https://scontent-yyz1-1.cdninstagram.com/v/t39.30808-6/782170702_1657849206345477_5831566733473110975_n.jpg?stp=dst-jpg_e35_tt6&_nc_cat=100&ig_cache_key=Mzk2ODk0NTQxMzExMjgxNzUxNQ%3D%3D.3-ccb7-5&ccb=7-5&_nc_sid=58cdad&efg=eyJ2ZW5jb2RlX3RhZyI6IkNBUk9VU0VMX0lURU0ueHBpZHMuMTYzOC5zZHIucmVndWxhcl9waG90by5DMyJ9&_nc_ohc=nPR0J7MpbqkQ7kNvwEzZDbd&_nc_oc=Adpry1jPlvmvV7LmOysUv_LLV-FhwGPWDm6Rg71oYFbsfnxKMCaabjnOktNcjUzgqa4&_nc_zt=23&_nc_ht=scontent-yyz1-1.cdninstagram.com&_nc_gid=dY8EOS28NOwxEEhDuq8XVw&_nc_ss=7ca8c&oh=00_AQF-3Hwtj3T7Ih66se1e5vSAzuucm9zNOnyzT88McSTO4Q&oe=6A90F3F7,https://www.instagram.com/p/DcUhthogY_o/
Bom Jesus Primavera do Leste 🛒,Bebidas / Alcoólicos Diversos,Whisky White Horse 1L,84.9,21/08/2026,https://scontent-fra3-1.cdninstagram.com/v/t51.82787-15/779844446_18373759273237813_717042095228036520_n.jpg?stp=dst-jpg_e35_tt6&_nc_cat=101&ig_cache_key=Mzk2ODYwMzg2MjA2MzE4NjIyMQ%3D%3D.3-ccb7-5&ccb=7-5&_nc_sid=58cdad&efg=eyJ2ZW5jb2RlX3RhZyI6IkNBUk9VU0VMX0lURU0ueHBpZHMuMTA4MC5zZHIucmVndWxhcl9waG90by5DMyJ9&_nc_ohc=m8__0j7aHxEQ7kNvwHQgQM1&_nc_oc=Adqqyzxf80dnGdfoMUDYLQ78auIhXgsQRmXFG1xjO8D1VrOcfIzrq0jKFCCJUO17l1k&_nc_zt=23&_nc_ht=scontent-fra3-1.cdninstagram.com&_nc_gid=F6S7ALtEyd_ZpDSi6b98wg&_nc_ss=7c689&oh=00_AQFiCdSVvzE-0y00eD8uLFeynPRShLQQTeh0LsTyhUq5yg&oe=6A90ED30,https://www.instagram.com/p/DcTUD7jlm8n/
Super Compras Supermercado,Bebidas / Cervejas,Cerveja Skol ou Antártctica Litrinho Retornável - 300ml,2.49,21/08/2026,https://instagram.fkix1-2.fna.fbcdn.net/v/t51.82787-15/780140079_18192045034391764_7683991793781918786_n.jpg?stp=dst-jpg_e35_tt6&_nc_cat=103&ig_cache_key=Mzk2ODIxODA0ODc2ODI1MjE2NA%3D%3D.3-ccb7-5&ccb=7-5&_nc_sid=58cdad&efg=eyJ2ZW5jb2RlX3RhZyI6IkZFRUQueHBpZHMuMTQ0MC5zZHIucmVndWxhcl9waG90by5DMyJ9&_nc_ohc=MnWLmv7izFEQ7kNvwHXigpa&_nc_oc=AdoUtff4aarrhcvw-vdfk-s13MRYCT4UgBveYp6TRaSiAZD6Vv8wX0aDxTyuLBOkhm5IgTCXkxKRdPNG7AyDfS7U&_nc_zt=23&_nc_ht=instagram.fkix1-2.fna&_nc_gid=0evyVvBYHSU_Cm4Iwk7vOg&_nc_ss=72689&oh=00_AQHGgjMqXbWr_LPI5_m7Ny1tjSUnuOJrNizw6mgVwGitfA&oe=6A90EBEE,https://www.instagram.com/p/DcR8Up0IBkE/
Super Compras Supermercado,Bebidas / Cervejas,Cerveja Skol Litrinho Retornável 300ml,2.49,22/08/2026,https://scontent-bcn1-1.cdninstagram.com/v/t51.82787-15/781425562_18192143110391764_1116124836587707156_n.jpg?stp=dst-jpg_e35_tt6&_nc_cat=103&ig_cache_key=Mzk2ODk1MTQ4MDU4NDU2NzM5OQ%3D%3D.3-ccb7-5&ccb=7-5&_nc_sid=58cdad&efg=eyJ2ZW5jb2RlX3RhZyI6IkZFRUQueHBpZHMuMTQ0MC5zZHIucmVndWxhcl9waG90by5DMyJ9&_nc_ohc=8hrJBMNPgMwQ7kNvwGnUvJT&_nc_oc=AdoYXp6jvZRcmSMGgqmF11k841hgU8gGUrOfeORSS__62St6UXnxn_bR0QriGzcVs-Y&_nc_zt=23&_nc_ht=scontent-bcn1-1.cdninstagram.com&_nc_gid=UupPG7b4DGODvN3vuiZpZQ&_nc_ss=7c689&oh=00_AQGFPth_49ZkwKhabICc3goRl2cNXRyeZKwTHgN8ZR1PEg&oe=6A90FC60,https://www.instagram.com/p/DcUjFfbAPpn/
Super Compras Supermercado,Bebidas / Cervejas,Cerveja Antarctica Litrinho Retornável 300ml,2.49,22/08/2026,https://scontent-bcn1-1.cdninstagram.com/v/t51.82787-15/781425562_18192143110391764_1116124836587707156_n.jpg?stp=dst-jpg_e35_tt6&_nc_cat=103&ig_cache_key=Mzk2ODk1MTQ4MDU4NDU2NzM5OQ%3D%3D.3-ccb7-5&ccb=7-5&_nc_sid=58cdad&efg=eyJ2ZW5jb2RlX3RhZyI6IkZFRUQueHBpZHMuMTQ0MC5zZHIucmVndWxhcl9waG90by5DMyJ9&_nc_ohc=8hrJBMNPgMwQ7kNvwGnUvJT&_nc_oc=AdoYXp6jvZRcmSMGgqmF11k841hgU8gGUrOfeORSS__62St6UXnxn_bR0QriGzcVs-Y&_nc_zt=23&_nc_ht=scontent-bcn1-1.cdninstagram.com&_nc_gid=UupPG7b4DGODvN3vuiZpZQ&_nc_ss=7c689&oh=00_AQGFPth_49ZkwKhabICc3goRl2cNXRyeZKwTHgN8ZR1PEg&oe=6A90FC60,https://www.instagram.com/p/DcUjFfbAPpn/
Super Compras Supermercado,Bebidas / Cervejas,Cerveja Original Retornável - Litrinho 300ml,2.69,21/08/2026,https://instagram.fkix1-2.fna.fbcdn.net/v/t51.82787-15/780140079_18192045034391764_7683991793781918786_n.jpg?stp=dst-jpg_e35_tt6&_nc_cat=103&ig_cache_key=Mzk2ODIxODA0ODc2ODI1MjE2NA%3D%3D.3-ccb7-5&ccb=7-5&_nc_sid=58cdad&efg=eyJ2ZW5jb2RlX3RhZyI6IkZFRUQueHBpZHMuMTQ0MC5zZHIucmVndWxhcl9waG90by5DMyJ9&_nc_ohc=MnWLmv7izFEQ7kNvwHXigpa&_nc_oc=AdoUtff4aarrhcvw-vdfk-s13MRYCT4UgBveYp6TRaSiAZD6Vv8wX0aDxTyuLBOkhm5IgTCXkxKRdPNG7AyDfS7U&_nc_zt=23&_nc_ht=instagram.fkix1-2.fna&_nc_gid=0evyVvBYHSU_Cm4Iwk7vOg&_nc_ss=72689&oh=00_AQHGgjMqXbWr_LPI5_m7Ny1tjSUnuOJrNizw6mgVwGitfA&oe=6A90EBEE,https://www.instagram.com/p/DcR8Up0IBkE/
Super Compras Supermercado,Bebidas / Cervejas,Cerveja Original Litrinho Retornável 300ml,2.69,22/08/2026,https://scontent-bcn1-1.cdninstagram.com/v/t51.82787-15/781425562_18192143110391764_1116124836587707156_n.jpg?stp=dst-jpg_e35_tt6&_nc_cat=103&ig_cache_key=Mzk2ODk1MTQ4MDU4NDU2NzM5OQ%3D%3D.3-ccb7-5&ccb=7-5&_nc_sid=58cdad&efg=eyJ2ZW5jb2RlX3RhZyI6IkZFRUQueHBpZHMuMTQ0MC5zZHIucmVndWxhcl9waG90by5DMyJ9&_nc_ohc=8hrJBMNPgMwQ7kNvwGnUvJT&_nc_oc=AdoYXp6jvZRcmSMGgqmF11k841hgU8gGUrOfeORSS__62St6UXnxn_bR0QriGzcVs-Y&_nc_zt=23&_nc_ht=scontent-bcn1-1.cdninstagram.com&_nc_gid=UupPG7b4DGODvN3vuiZpZQ&_nc_ss=7c689&oh=00_AQGFPth_49ZkwKhabICc3goRl2cNXRyeZKwTHgN8ZR1PEg&oe=6A90FC60,https://www.instagram.com/p/DcUjFfbAPpn/
Super Compras Supermercado,Bebidas / Cervejas,Milho Verde Quero Lata 170g,3.99,21/08/2026,https://instagram.fkix1-2.fna.fbcdn.net/v/t51.82787-15/780140079_18192045034391764_7683991793781918786_n.jpg?stp=dst-jpg_e35_tt6&_nc_cat=103&ig_cache_key=Mzk2ODIxODA0ODc2ODI1MjE2NA%3D%3D.3-ccb7-5&ccb=7-5&_nc_sid=58cdad&efg=eyJ2ZW5jb2RlX3RhZyI6IkZFRUQueHBpZHMuMTQ0MC5zZHIucmVndWxhcl9waG90by5DMyJ9&_nc_ohc=MnWLmv7izFEQ7kNvwHXigpa&_nc_oc=AdoUtff4aarrhcvw-vdfk-s13MRYCT4UgBveYp6TRaSiAZD6Vv8wX0aDxTyuLBOkhm5IgTCXkxKRdPNG7AyDfS7U&_nc_zt=23&_nc_ht=instagram.fkix1-2.fna&_nc_gid=0evyVvBYHSU_Cm4Iwk7vOg&_nc_ss=72689&oh=00_AQHGgjMqXbWr_LPI5_m7Ny1tjSUnuOJrNizw6mgVwGitfA&oe=6A90EBEE,https://www.instagram.com/p/DcR8Up0IBkE/
Bom Jesus Primavera do Leste 🛒,Bebidas / Cervejas,Cerveja Corona Lata 269ml,4.29,21/08/2026,https://scontent-fra3-1.cdninstagram.com/v/t51.82787-15/779844446_18373759273237813_717042095228036520_n.jpg?stp=dst-jpg_e35_tt6&_nc_cat=101&ig_cache_key=Mzk2ODYwMzg2MjA2MzE4NjIyMQ%3D%3D.3-ccb7-5&ccb=7-5&_nc_sid=58cdad&efg=eyJ2ZW5jb2RlX3RhZyI6IkNBUk9VU0VMX0lURU0ueHBpZHMuMTA4MC5zZHIucmVndWxhcl9waG90by5DMyJ9&_nc_ohc=m8__0j7aHxEQ7kNvwHQgQM1&_nc_oc=Adqqyzxf80dnGdfoMUDYLQ78auIhXgsQRmXFG1xjO8D1VrOcfIzrq0jKFCCJUO17l1k&_nc_zt=23&_nc_ht=scontent-fra3-1.cdninstagram.com&_nc_gid=F6S7ALtEyd_ZpDSi6b98wg&_nc_ss=7c689&oh=00_AQFiCdSVvzE-0y00eD8uLFeynPRShLQQTeh0LsTyhUq5yg&oe=6A90ED30,https://www.instagram.com/p/DcTUD7jlm8n/
Bom Jesus Primavera do Leste 🛒,Bebidas / Cervejas,Cerveja Long Neck Michelob Ultra 330ml,6.19,21/08/2026,https://scontent-fra3-1.cdninstagram.com/v/t51.82787-15/779844446_18373759273237813_717042095228036520_n.jpg?stp=dst-jpg_e35_tt6&_nc_cat=101&ig_cache_key=Mzk2ODYwMzg2MjA2MzE4NjIyMQ%3D%3D.3-ccb7-5&ccb=7-5&_nc_sid=58cdad&efg=eyJ2ZW5jb2RlX3RhZyI6IkNBUk9VU0VMX0lURU0ueHBpZHMuMTA4MC5zZHIucmVndWxhcl9waG90by5DMyJ9&_nc_ohc=m8__0j7aHxEQ7kNvwHQgQM1&_nc_oc=Adqqyzxf80dnGdfoMUDYLQ78auIhXgsQRmXFG1xjO8D1VrOcfIzrq0jKFCCJUO17l1k&_nc_zt=23&_nc_ht=scontent-fra3-1.cdninstagram.com&_nc_gid=F6S7ALtEyd_ZpDSi6b98wg&_nc_ss=7c689&oh=00_AQFiCdSVvzE-0y00eD8uLFeynPRShLQQTeh0LsTyhUq5yg&oe=6A90ED30,https://www.instagram.com/p/DcTUD7jlm8n/
Supermercado Bianchi,Bebidas / Cervejas,Cerveja Corona Extra 330ml,6.99,21/08/2026,https://scontent-yyz1-1.cdninstagram.com/v/t39.30808-6/782170702_1657849206345477_5831566733473110975_n.jpg?stp=dst-jpg_e35_tt6&_nc_cat=100&ig_cache_key=Mzk2ODk0NTQxMzExMjgxNzUxNQ%3D%3D.3-ccb7-5&ccb=7-5&_nc_sid=58cdad&efg=eyJ2ZW5jb2RlX3RhZyI6IkNBUk9VU0VMX0lURU0ueHBpZHMuMTYzOC5zZHIucmVndWxhcl9waG90by5DMyJ9&_nc_ohc=nPR0J7MpbqkQ7kNvwEzZDbd&_nc_oc=Adpry1jPlvmvV7LmOysUv_LLV-FhwGPWDm6Rg71oYFbsfnxKMCaabjnOktNcjUzgqa4&_nc_zt=23&_nc_ht=scontent-yyz1-1.cdninstagram.com&_nc_gid=dY8EOS28NOwxEEhDuq8XVw&_nc_ss=7ca8c&oh=00_AQF-3Hwtj3T7Ih66se1e5vSAzuucm9zNOnyzT88McSTO4Q&oe=6A90F3F7,https://www.instagram.com/p/DcUhthogY_o/
Supermercado Bianchi,Bebidas / Cervejas,Refrigerante Guaraná Antarctica Original 2L,8.99,21/08/2026,https://scontent-yyz1-1.cdninstagram.com/v/t39.30808-6/782170702_1657849206345477_5831566733473110975_n.jpg?stp=dst-jpg_e35_tt6&_nc_cat=100&ig_cache_key=Mzk2ODk0NTQxMzExMjgxNzUxNQ%3D%3D.3-ccb7-5&ccb=7-5&_nc_sid=58cdad&efg=eyJ2ZW5jb2RlX3RhZyI6IkNBUk9VU0VMX0lURU0ueHBpZHMuMTYzOC5zZHIucmVndWxhcl9waG90by5DMyJ9&_nc_ohc=nPR0J7MpbqkQ7kNvwEzZDbd&_nc_oc=Adpry1jPlvmvV7LmOysUv_LLV-FhwGPWDm6Rg71oYFbsfnxKMCaabjnOktNcjUzgqa4&_nc_zt=23&_nc_ht=scontent-yyz1-1.cdninstagram.com&_nc_gid=dY8EOS28NOwxEEhDuq8XVw&_nc_ss=7ca8c&oh=00_AQF-3Hwtj3T7Ih66se1e5vSAzuucm9zNOnyzT88McSTO4Q&oe=6A90F3F7,https://www.instagram.com/p/DcUhthogY_o/
Supermercado Bianchi,Bebidas / Cervejas,Cerveja Stella Artois 600ml,10.99,21/08/2026,https://scontent-yyz1-1.cdninstagram.com/v/t39.30808-6/782170702_1657849206345477_5831566733473110975_n.jpg?stp=dst-jpg_e35_tt6&_nc_cat=100&ig_cache_key=Mzk2ODk0NTQxMzExMjgxNzUxNQ%3D%3D.3-ccb7-5&ccb=7-5&_nc_sid=58cdad&efg=eyJ2ZW5jb2RlX3RhZyI6IkNBUk9VU0VMX0lURU0ueHBpZHMuMTYzOC5zZHIucmVndWxhcl9waG90by5DMyJ9&_nc_ohc=nPR0J7MpbqkQ7kNvwEzZDbd&_nc_oc=Adpry1jPlvmvV7LmOysUv_LLV-FhwGPWDm6Rg71oYFbsfnxKMCaabjnOktNcjUzgqa4&_nc_zt=23&_nc_ht=scontent-yyz1-1.cdninstagram.com&_nc_gid=dY8EOS28NOwxEEhDuq8XVw&_nc_ss=7ca8c&oh=00_AQF-3Hwtj3T7Ih66se1e5vSAzuucm9zNOnyzT88McSTO4Q&oe=6A90F3F7,https://www.instagram.com/p/DcUhthogY_o/
Bom Jesus Primavera do Leste 🛒,Bebidas / Cervejas,Achocolatado em Pó Chocolatto Sachê 700g,13.99,21/08/2026,https://scontent-fra3-1.cdninstagram.com/v/t51.82787-15/782344855_18373759252237813_7320855115066332806_n.jpg?stp=dst-jpg_e35_tt6&_nc_cat=101&ig_cache_key=Mzk2ODYwMzg2MTkyMDUwNTIwMg%3D%3D.3-ccb7-5&ccb=7-5&_nc_sid=58cdad&efg=eyJ2ZW5jb2RlX3RhZyI6IkNBUk9VU0VMX0lURU0ueHBpZHMuMTA4MC5zZHIucmVndWxhcl9waG90by5DMyJ9&_nc_ohc=EXXZ6F7wf7QQ7kNvwExN-F_&_nc_oc=Adqy_WCiNpvnqeKDoGaznLUTOweN1UIsrQuI9YOY_SXa-FPNBFlsWjSQimULI31xoac&_nc_zt=23&_nc_ht=scontent-fra3-1.cdninstagram.com&_nc_gid=F6S7ALtEyd_ZpDSi6b98wg&_nc_ss=7c689&oh=00_AQGdQP6Yd6p_wT_FEaeuUfgwheGcQsrIuZgAHmm6EwP6RA&oe=6A90E02C,https://www.instagram.com/p/DcTUD7jlm8n/
Bom Jesus Primavera do Leste 🛒,Bebidas / Cervejas,Leite em Pó Ninho Lata Integral Instantâneo 380g,19.99,21/08/2026,https://scontent-fra3-1.cdninstagram.com/v/t51.82787-15/779844446_18373759273237813_717042095228036520_n.jpg?stp=dst-jpg_e35_tt6&_nc_cat=101&ig_cache_key=Mzk2ODYwMzg2MjA2MzE4NjIyMQ%3D%3D.3-ccb7-5&ccb=7-5&_nc_sid=58cdad&efg=eyJ2ZW5jb2RlX3RhZyI6IkNBUk9VU0VMX0lURU0ueHBpZHMuMTA4MC5zZHIucmVndWxhcl9waG90by5DMyJ9&_nc_ohc=m8__0j7aHxEQ7kNvwHQgQM1&_nc_oc=Adqqyzxf80dnGdfoMUDYLQ78auIhXgsQRmXFG1xjO8D1VrOcfIzrq0jKFCCJUO17l1k&_nc_zt=23&_nc_ht=scontent-fra3-1.cdninstagram.com&_nc_gid=F6S7ALtEyd_ZpDSi6b98wg&_nc_ss=7c689&oh=00_AQFiCdSVvzE-0y00eD8uLFeynPRShLQQTeh0LsTyhUq5yg&oe=6A90ED30,https://www.instagram.com/p/DcTUD7jlm8n/
Super Compras Supermercado,Bebidas / Cervejas,Cerveja Spaten - Multipack c/ 8 Und. - Lata 269ml,29.52,21/08/2026,https://instagram.fkix1-2.fna.fbcdn.net/v/t51.82787-15/780140079_18192045034391764_7683991793781918786_n.jpg?stp=dst-jpg_e35_tt6&_nc_cat=103&ig_cache_key=Mzk2ODIxODA0ODc2ODI1MjE2NA%3D%3D.3-ccb7-5&ccb=7-5&_nc_sid=58cdad&efg=eyJ2ZW5jb2RlX3RhZyI6IkZFRUQueHBpZHMuMTQ0MC5zZHIucmVndWxhcl9waG90by5DMyJ9&_nc_ohc=MnWLmv7izFEQ7kNvwHXigpa&_nc_oc=AdoUtff4aarrhcvw-vdfk-s13MRYCT4UgBveYp6TRaSiAZD6Vv8wX0aDxTyuLBOkhm5IgTCXkxKRdPNG7AyDfS7U&_nc_zt=23&_nc_ht=instagram.fkix1-2.fna&_nc_gid=0evyVvBYHSU_Cm4Iwk7vOg&_nc_ss=72689&oh=00_AQHGgjMqXbWr_LPI5_m7Ny1tjSUnuOJrNizw6mgVwGitfA&oe=6A90EBEE,https://www.instagram.com/p/DcR8Up0IBkE/
Super Compras Supermercado,Bebidas / Cervejas,Cerveja Spaten Multipack c/ 8 Und. Lata 269ml,29.52,22/08/2026,https://scontent-bcn1-1.cdninstagram.com/v/t51.82787-15/781425562_18192143110391764_1116124836587707156_n.jpg?stp=dst-jpg_e35_tt6&_nc_cat=103&ig_cache_key=Mzk2ODk1MTQ4MDU4NDU2NzM5OQ%3D%3D.3-ccb7-5&ccb=7-5&_nc_sid=58cdad&efg=eyJ2ZW5jb2RlX3RhZyI6IkZFRUQueHBpZHMuMTQ0MC5zZHIucmVndWxhcl9waG90by5DMyJ9&_nc_ohc=8hrJBMNPgMwQ7kNvwGnUvJT&_nc_oc=AdoYXp6jvZRcmSMGgqmF11k841hgU8gGUrOfeORSS__62St6UXnxn_bR0QriGzcVs-Y&_nc_zt=23&_nc_ht=scontent-bcn1-1.cdninstagram.com&_nc_gid=UupPG7b4DGODvN3vuiZpZQ&_nc_ss=7c689&oh=00_AQGFPth_49ZkwKhabICc3goRl2cNXRyeZKwTHgN8ZR1PEg&oe=6A90FC60,https://www.instagram.com/p/DcUjFfbAPpn/
Super Compras Supermercado,Bebidas / Cervejas,Cerveja Corona - Multipack c/ 8 Und. - Lata 269ml,34.32,21/08/2026,https://instagram.fkix1-2.fna.fbcdn.net/v/t51.82787-15/780140079_18192045034391764_7683991793781918786_n.jpg?stp=dst-jpg_e35_tt6&_nc_cat=103&ig_cache_key=Mzk2ODIxODA0ODc2ODI1MjE2NA%3D%3D.3-ccb7-5&ccb=7-5&_nc_sid=58cdad&efg=eyJ2ZW5jb2RlX3RhZyI6IkZFRUQueHBpZHMuMTQ0MC5zZHIucmVndWxhcl9waG90by5DMyJ9&_nc_ohc=MnWLmv7izFEQ7kNvwHXigpa&_nc_oc=AdoUtff4aarrhcvw-vdfk-s13MRYCT4UgBveYp6TRaSiAZD6Vv8wX0aDxTyuLBOkhm5IgTCXkxKRdPNG7AyDfS7U&_nc_zt=23&_nc_ht=instagram.fkix1-2.fna&_nc_gid=0evyVvBYHSU_Cm4Iwk7vOg&_nc_ss=72689&oh=00_AQHGgjMqXbWr_LPI5_m7Ny1tjSUnuOJrNizw6mgVwGitfA&oe=6A90EBEE,https://www.instagram.com/p/DcR8Up0IBkE/
Super Compras Supermercado,Bebidas / Cervejas,Cerveja Corona Multipack c/ 8 Und. Lata 269ml,34.32,22/08/2026,https://scontent-bcn1-1.cdninstagram.com/v/t51.82787-15/781425562_18192143110391764_1116124836587707156_n.jpg?stp=dst-jpg_e35_tt6&_nc_cat=103&ig_cache_key=Mzk2ODk1MTQ4MDU4NDU2NzM5OQ%3D%3D.3-ccb7-5&ccb=7-5&_nc_sid=58cdad&efg=eyJ2ZW5jb2RlX3RhZyI6IkZFRUQueHBpZHMuMTQ0MC5zZHIucmVndWxhcl9waG90by5DMyJ9&_nc_ohc=8hrJBMNPgMwQ7kNvwGnUvJT&_nc_oc=AdoYXp6jvZRcmSMGgqmF11k841hgU8gGUrOfeORSS__62St6UXnxn_bR0QriGzcVs-Y&_nc_zt=23&_nc_ht=scontent-bcn1-1.cdninstagram.com&_nc_gid=UupPG7b4DGODvN3vuiZpZQ&_nc_ss=7c689&oh=00_AQGFPth_49ZkwKhabICc3goRl2cNXRyeZKwTHgN8ZR1PEg&oe=6A90FC60,https://www.instagram.com/p/DcUjFfbAPpn/
Supermercado Bianchi,Bebidas / Cervejas,Cerveja Amstel Puro Malte Cx C/12x269ml,34.99,21/08/2026,https://scontent-yyz1-1.cdninstagram.com/v/t39.30808-6/782170702_1657849206345477_5831566733473110975_n.jpg?stp=dst-jpg_e35_tt6&_nc_cat=100&ig_cache_key=Mzk2ODk0NTQxMzExMjgxNzUxNQ%3D%3D.3-ccb7-5&ccb=7-5&_nc_sid=58cdad&efg=eyJ2ZW5jb2RlX3RhZyI6IkNBUk9VU0VMX0lURU0ueHBpZHMuMTYzOC5zZHIucmVndWxhcl9waG90by5DMyJ9&_nc_ohc=nPR0J7MpbqkQ7kNvwEzZDbd&_nc_oc=Adpry1jPlvmvV7LmOysUv_LLV-FhwGPWDm6Rg71oYFbsfnxKMCaabjnOktNcjUzgqa4&_nc_zt=23&_nc_ht=scontent-yyz1-1.cdninstagram.com&_nc_gid=dY8EOS28NOwxEEhDuq8XVw&_nc_ss=7ca8c&oh=00_AQF-3Hwtj3T7Ih66se1e5vSAzuucm9zNOnyzT88McSTO4Q&oe=6A90F3F7,https://www.instagram.com/p/DcUhthogY_o/
Supermercado São Pedro,Bebidas / Cervejas,Cerveja Heineken 269 ml c/8 Latas,35.92,21/08/2026,https://instagram.fmel14-1.fna.fbcdn.net/v/t51.82787-15/779957410_18194460196382122_4239320256883363950_n.jpg?stp=dst-jpg_e35_tt6&_nc_cat=111&ig_cache_key=Mzk2ODYwOTg5OTE2Nzk4NjAwMA%3D%3D.3-ccb7-5&ccb=7-5&_nc_sid=58cdad&efg=eyJ2ZW5jb2RlX3RhZyI6IkNBUk9VU0VMX0lURU0ueHBpZHMuMjE2MS5zZHIucmVndWxhcl9waG90by5DMyJ9&_nc_ohc=lCs7XFPuzTIQ7kNvwHFF4nb&_nc_oc=Adqdqo2VsTckPHVJ3EiF5nzerW_qgr3tOsXCIILFRiDdN1BxLl6gCZq4Cq5ABetFCxQ&_nc_zt=23&_nc_ht=instagram.fmel14-1.fna&_nc_gid=ux6Z-qOe2dV0WH5WnJr3RA&_nc_ss=72a8c&oh=00_AQFmdrN31hz1yAFrEjucFs5FYgWCLEDLeOOPE8Un15Fgpg&oe=6A90F1C1,https://www.instagram.com/p/DcTVeacG11v/
Supermercado Bianchi,Bebidas / Cervejas,Cerveja Michelob Ultra Cx C/6x330ml,36.99,21/08/2026,https://scontent-yyz1-1.cdninstagram.com/v/t39.30808-6/782170702_1657849206345477_5831566733473110975_n.jpg?stp=dst-jpg_e35_tt6&_nc_cat=100&ig_cache_key=Mzk2ODk0NTQxMzExMjgxNzUxNQ%3D%3D.3-ccb7-5&ccb=7-5&_nc_sid=58cdad&efg=eyJ2ZW5jb2RlX3RhZyI6IkNBUk9VU0VMX0lURU0ueHBpZHMuMTYzOC5zZHIucmVndWxhcl9waG90by5DMyJ9&_nc_ohc=nPR0J7MpbqkQ7kNvwEzZDbd&_nc_oc=Adpry1jPlvmvV7LmOysUv_LLV-FhwGPWDm6Rg71oYFbsfnxKMCaabjnOktNcjUzgqa4&_nc_zt=23&_nc_ht=scontent-yyz1-1.cdninstagram.com&_nc_gid=dY8EOS28NOwxEEhDuq8XVw&_nc_ss=7ca8c&oh=00_AQF-3Hwtj3T7Ih66se1e5vSAzuucm9zNOnyzT88McSTO4Q&oe=6A90F3F7,https://www.instagram.com/p/DcUhthogY_o/
Supermercado São Pedro,Bebidas / Cervejas,Cerveja Skol 269 ml Multipack c/15 Latas,43.35,21/08/2026,https://instagram.fmel14-1.fna.fbcdn.net/v/t51.82787-15/779957410_18194460196382122_4239320256883363950_n.jpg?stp=dst-jpg_e35_tt6&_nc_cat=111&ig_cache_key=Mzk2ODYwOTg5OTE2Nzk4NjAwMA%3D%3D.3-ccb7-5&ccb=7-5&_nc_sid=58cdad&efg=eyJ2ZW5jb2RlX3RhZyI6IkNBUk9VU0VMX0lURU0ueHBpZHMuMjE2MS5zZHIucmVndWxhcl9waG90by5DMyJ9&_nc_ohc=lCs7XFPuzTIQ7kNvwHFF4nb&_nc_oc=Adqdqo2VsTckPHVJ3EiF5nzerW_qgr3tOsXCIILFRiDdN1BxLl6gCZq4Cq5ABetFCxQ&_nc_zt=23&_nc_ht=instagram.fmel14-1.fna&_nc_gid=ux6Z-qOe2dV0WH5WnJr3RA&_nc_ss=72a8c&oh=00_AQFmdrN31hz1yAFrEjucFs5FYgWCLEDLeOOPE8Un15Fgpg&oe=6A90F1C1,https://www.instagram.com/p/DcTVeacG11v/
Super Compras Supermercado,Bebidas / Cervejas,Cerveja Skol - Multipack c/ 15 Und. - Lata 269ml,43.35,21/08/2026,https://instagram.fkix1-2.fna.fbcdn.net/v/t51.82787-15/780140079_18192045034391764_7683991793781918786_n.jpg?stp=dst-jpg_e35_tt6&_nc_cat=103&ig_cache_key=Mzk2ODIxODA0ODc2ODI1MjE2NA%3D%3D.3-ccb7-5&ccb=7-5&_nc_sid=58cdad&efg=eyJ2ZW5jb2RlX3RhZyI6IkZFRUQueHBpZHMuMTQ0MC5zZHIucmVndWxhcl9waG90by5DMyJ9&_nc_ohc=MnWLmv7izFEQ7kNvwHXigpa&_nc_oc=AdoUtff4aarrhcvw-vdfk-s13MRYCT4UgBveYp6TRaSiAZD6Vv8wX0aDxTyuLBOkhm5IgTCXkxKRdPNG7AyDfS7U&_nc_zt=23&_nc_ht=instagram.fkix1-2.fna&_nc_gid=0evyVvBYHSU_Cm4Iwk7vOg&_nc_ss=72689&oh=00_AQHGgjMqXbWr_LPI5_m7Ny1tjSUnuOJrNizw6mgVwGitfA&oe=6A90EBEE,https://www.instagram.com/p/DcR8Up0IBkE/
Super Compras Supermercado,Bebidas / Cervejas,Cerveja Skol Multipack c/ 15 Und. Lata 269ml,43.35,22/08/2026,https://scontent-bcn1-1.cdninstagram.com/v/t51.82787-15/781425562_18192143110391764_1116124836587707156_n.jpg?stp=dst-jpg_e35_tt6&_nc_cat=103&ig_cache_key=Mzk2ODk1MTQ4MDU4NDU2NzM5OQ%3D%3D.3-ccb7-5&ccb=7-5&_nc_sid=58cdad&efg=eyJ2ZW5jb2RlX3RhZyI6IkZFRUQueHBpZHMuMTQ0MC5zZHIucmVndWxhcl9waG90by5DMyJ9&_nc_ohc=8hrJBMNPgMwQ7kNvwGnUvJT&_nc_oc=AdoYXp6jvZRcmSMGgqmF11k841hgU8gGUrOfeORSS__62St6UXnxn_bR0QriGzcVs-Y&_nc_zt=23&_nc_ht=scontent-bcn1-1.cdninstagram.com&_nc_gid=UupPG7b4DGODvN3vuiZpZQ&_nc_ss=7c689&oh=00_AQGFPth_49ZkwKhabICc3goRl2cNXRyeZKwTHgN8ZR1PEg&oe=6A90FC60,https://www.instagram.com/p/DcUjFfbAPpn/
Bom Jesus Primavera do Leste 🛒,Bebidas / Cervejas,Cerveja Skol 269ml Multipack c/15 Latas,43.35,21/08/2026,https://scontent-fra3-1.cdninstagram.com/v/t51.82787-15/779844446_18373759273237813_717042095228036520_n.jpg?stp=dst-jpg_e35_tt6&_nc_cat=101&ig_cache_key=Mzk2ODYwMzg2MjA2MzE4NjIyMQ%3D%3D.3-ccb7-5&ccb=7-5&_nc_sid=58cdad&efg=eyJ2ZW5jb2RlX3RhZyI6IkNBUk9VU0VMX0lURU0ueHBpZHMuMTA4MC5zZHIucmVndWxhcl9waG90by5DMyJ9&_nc_ohc=m8__0j7aHxEQ7kNvwHQgQM1&_nc_oc=Adqqyzxf80dnGdfoMUDYLQ78auIhXgsQRmXFG1xjO8D1VrOcfIzrq0jKFCCJUO17l1k&_nc_zt=23&_nc_ht=scontent-fra3-1.cdninstagram.com&_nc_gid=F6S7ALtEyd_ZpDSi6b98wg&_nc_ss=7c689&oh=00_AQFiCdSVvzE-0y00eD8uLFeynPRShLQQTeh0LsTyhUq5yg&oe=6A90ED30,https://www.instagram.com/p/DcTUD7jlm8n/
Supermercado São Pedro,Bebidas / Cervejas,Cerveja Original 269 ml Multipack c/15 Latas,50.85,21/08/2026,https://instagram.fmel14-1.fna.fbcdn.net/v/t51.82787-15/779957410_18194460196382122_4239320256883363950_n.jpg?stp=dst-jpg_e35_tt6&_nc_cat=111&ig_cache_key=Mzk2ODYwOTg5OTE2Nzk4NjAwMA%3D%3D.3-ccb7-5&ccb=7-5&_nc_sid=58cdad&efg=eyJ2ZW5jb2RlX3RhZyI6IkNBUk9VU0VMX0lURU0ueHBpZHMuMjE2MS5zZHIucmVndWxhcl9waG90by5DMyJ9&_nc_ohc=lCs7XFPuzTIQ7kNvwHFF4nb&_nc_oc=Adqdqo2VsTckPHVJ3EiF5nzerW_qgr3tOsXCIILFRiDdN1BxLl6gCZq4Cq5ABetFCxQ&_nc_zt=23&_nc_ht=instagram.fmel14-1.fna&_nc_gid=ux6Z-qOe2dV0WH5WnJr3RA&_nc_ss=72a8c&oh=00_AQFmdrN31hz1yAFrEjucFs5FYgWCLEDLeOOPE8Un15Fgpg&oe=6A90F1C1,https://www.instagram.com/p/DcTVeacG11v/
Bom Jesus Primavera do Leste 🛒,Bebidas / Cervejas,Cerveja Original Multipack C/ 15 Latas de 269ml,50.85,21/08/2026,https://scontent-fra3-1.cdninstagram.com/v/t51.82787-15/779844446_18373759273237813_717042095228036520_n.jpg?stp=dst-jpg_e35_tt6&_nc_cat=101&ig_cache_key=Mzk2ODYwMzg2MjA2MzE4NjIyMQ%3D%3D.3-ccb7-5&ccb=7-5&_nc_sid=58cdad&efg=eyJ2ZW5jb2RlX3RhZyI6IkNBUk9VU0VMX0lURU0ueHBpZHMuMTA4MC5zZHIucmVndWxhcl9waG90by5DMyJ9&_nc_ohc=m8__0j7aHxEQ7kNvwHQgQM1&_nc_oc=Adqqyzxf80dnGdfoMUDYLQ78auIhXgsQRmXFG1xjO8D1VrOcfIzrq0jKFCCJUO17l1k&_nc_zt=23&_nc_ht=scontent-fra3-1.cdninstagram.com&_nc_gid=F6S7ALtEyd_ZpDSi6b98wg&_nc_ss=7c689&oh=00_AQFiCdSVvzE-0y00eD8uLFeynPRShLQQTeh0LsTyhUq5yg&oe=6A90ED30,https://www.instagram.com/p/DcTUD7jlm8n/
Bom Jesus Primavera do Leste 🛒,Bebidas / Refrigerantes,Refrigerante Pepsi 2L Sabores PET,7.99,21/08/2026,https://scontent-fra3-1.cdninstagram.com/v/t51.82787-15/779844446_18373759273237813_717042095228036520_n.jpg?stp=dst-jpg_e35_tt6&_nc_cat=101&ig_cache_key=Mzk2ODYwMzg2MjA2MzE4NjIyMQ%3D%3D.3-ccb7-5&ccb=7-5&_nc_sid=58cdad&efg=eyJ2ZW5jb2RlX3RhZyI6IkNBUk9VU0VMX0lURU0ueHBpZHMuMTA4MC5zZHIucmVndWxhcl9waG90by5DMyJ9&_nc_ohc=m8__0j7aHxEQ7kNvwHQgQM1&_nc_oc=Adqqyzxf80dnGdfoMUDYLQ78auIhXgsQRmXFG1xjO8D1VrOcfIzrq0jKFCCJUO17l1k&_nc_zt=23&_nc_ht=scontent-fra3-1.cdninstagram.com&_nc_gid=F6S7ALtEyd_ZpDSi6b98wg&_nc_ss=7c689&oh=00_AQFiCdSVvzE-0y00eD8uLFeynPRShLQQTeh0LsTyhUq5yg&oe=6A90ED30,https://www.instagram.com/p/DcTUD7jlm8n/
Bom Jesus Primavera do Leste 🛒,Bebidas / Sucos e Diversos,Powerade Laranja 500ml,6.39,22/08/2026,https://instagram.fmel17-1.fna.fbcdn.net/v/t51.82787-15/781162059_18373952632237813_4532706053079983862_n.jpg?stp=dst-jpg_e15_tt6&_nc_cat=101&ig_cache_key=Mzk2OTQ0MzcyNDUxNzY0ODEyMTE4MzczOTUyNjI5MjM3ODEz.3-ccb7-5&ccb=7-5&_nc_sid=58cdad&efg=eyJ2ZW5jb2RlX3RhZyI6IkNMSVBTLnhwaWRzLjcyMC5zZHIudmlkZW9fZGVmYXVsdF9jb3Zlcl9mcmFtZS5DMyJ9&_nc_ohc=iR530pYisUwQ7kNvwGcW66R&_nc_oc=AdqjgXO5Pupn_42AQ9VpGIPMxqCD4EgX00XbVjsdR9ZoRjPe6yWF-7RI9N_eH5dfaMU&_nc_zt=23&_nc_ht=instagram.fmel17-1.fna&_nc_gid=UL6aT8Mg1HgX-3g_A965fg&_nc_ss=72a8c&oh=00_AQG3rvMT0z3oseciM-7IX_x248nvgwto9O6ti7BsWGVr1g&oe=6A90E8FB,https://www.instagram.com/p/DcWTAlTxyb5/
Bom Jesus Primavera do Leste 🛒,Bebidas / Sucos e Diversos,Powerade Limão 500ml,6.39,22/08/2026,https://instagram.fmel17-1.fna.fbcdn.net/v/t51.82787-15/781162059_18373952632237813_4532706053079983862_n.jpg?stp=dst-jpg_e15_tt6&_nc_cat=101&ig_cache_key=Mzk2OTQ0MzcyNDUxNzY0ODEyMTE4MzczOTUyNjI5MjM3ODEz.3-ccb7-5&ccb=7-5&_nc_sid=58cdad&efg=eyJ2ZW5jb2RlX3RhZyI6IkNMSVBTLnhwaWRzLjcyMC5zZHIudmlkZW9fZGVmYXVsdF9jb3Zlcl9mcmFtZS5DMyJ9&_nc_ohc=iR530pYisUwQ7kNvwGcW66R&_nc_oc=AdqjgXO5Pupn_42AQ9VpGIPMxqCD4EgX00XbVjsdR9ZoRjPe6yWF-7RI9N_eH5dfaMU&_nc_zt=23&_nc_ht=instagram.fmel17-1.fna&_nc_gid=UL6aT8Mg1HgX-3g_A965fg&_nc_ss=72a8c&oh=00_AQG3rvMT0z3oseciM-7IX_x248nvgwto9O6ti7BsWGVr1g&oe=6A90E8FB,https://www.instagram.com/p/DcWTAlTxyb5/
Bom Jesus Primavera do Leste 🛒,Bebidas / Sucos e Diversos,Powerade Uva 500ml,6.39,22/08/2026,https://instagram.fmel17-1.fna.fbcdn.net/v/t51.82787-15/781162059_18373952632237813_4532706053079983862_n.jpg?stp=dst-jpg_e15_tt6&_nc_cat=101&ig_cache_key=Mzk2OTQ0MzcyNDUxNzY0ODEyMTE4MzczOTUyNjI5MjM3ODEz.3-ccb7-5&ccb=7-5&_nc_sid=58cdad&efg=eyJ2ZW5jb2RlX3RhZyI6IkNMSVBTLnhwaWRzLjcyMC5zZHIudmlkZW9fZGVmYXVsdF9jb3Zlcl9mcmFtZS5DMyJ9&_nc_ohc=iR530pYisUwQ7kNvwGcW66R&_nc_oc=AdqjgXO5Pupn_42AQ9VpGIPMxqCD4EgX00XbVjsdR9ZoRjPe6yWF-7RI9N_eH5dfaMU&_nc_zt=23&_nc_ht=instagram.fmel17-1.fna&_nc_gid=UL6aT8Mg1HgX-3g_A965fg&_nc_ss=72a8c&oh=00_AQG3rvMT0z3oseciM-7IX_x248nvgwto9O6ti7BsWGVr1g&oe=6A90E8FB,https://www.instagram.com/p/DcWTAlTxyb5/
Bom Jesus Primavera do Leste 🛒,Bebidas / Sucos e Diversos,Salsicha Seara,8.99,21/08/2026,https://scontent-fra3-1.cdninstagram.com/v/t51.82787-15/782344855_18373759252237813_7320855115066332806_n.jpg?stp=dst-jpg_e35_tt6&_nc_cat=101&ig_cache_key=Mzk2ODYwMzg2MTkyMDUwNTIwMg%3D%3D.3-ccb7-5&ccb=7-5&_nc_sid=58cdad&efg=eyJ2ZW5jb2RlX3RhZyI6IkNBUk9VU0VMX0lURU0ueHBpZHMuMTA4MC5zZHIucmVndWxhcl9waG90by5DMyJ9&_nc_ohc=EXXZ6F7wf7QQ7kNvwExN-F_&_nc_oc=Adqy_WCiNpvnqeKDoGaznLUTOweN1UIsrQuI9YOY_SXa-FPNBFlsWjSQimULI31xoac&_nc_zt=23&_nc_ht=scontent-fra3-1.cdninstagram.com&_nc_gid=F6S7ALtEyd_ZpDSi6b98wg&_nc_ss=7c689&oh=00_AQGdQP6Yd6p_wT_FEaeuUfgwheGcQsrIuZgAHmm6EwP6RA&oe=6A90E02C,https://www.instagram.com/p/DcTUD7jlm8n/
Bom Jesus Primavera do Leste 🛒,Bebidas / Sucos e Diversos,Kit Copo - Zumba / Nature / Aurora - Kit Com 6 Unidades,12.9,21/08/2026,https://scontent-fra3-1.cdninstagram.com/v/t51.82787-15/778794332_18373759255237813_8826403310576910692_n.jpg?stp=dst-jpg_e35_tt6&_nc_cat=101&ig_cache_key=Mzk2ODYwMzg2MzYxMTAyNjY2MQ%3D%3D.3-ccb7-5&ccb=7-5&_nc_sid=58cdad&efg=eyJ2ZW5jb2RlX3RhZyI6IkNBUk9VU0VMX0lURU0ueHBpZHMuMTA4MC5zZHIucmVndWxhcl9waG90by5DMyJ9&_nc_ohc=DryH40MHA-0Q7kNvwEvPMk5&_nc_oc=AdoBY9nLjJ7lwJ5DYL1N0eP_xSN0wh29CQl3IicBMMqFmmTMhMA7Ic9-kqavP-kLoBE&_nc_zt=23&_nc_ht=scontent-fra3-1.cdninstagram.com&_nc_gid=F6S7ALtEyd_ZpDSi6b98wg&_nc_ss=7c689&oh=00_AQF6iyq_nChaG0T1lWjjrCaEmhoamvPrt8vnwK4RCLXpFQ&oe=6A90ED5B,https://www.instagram.com/p/DcTUD7jlm8n/
Bom Jesus Primavera do Leste 🛒,Bebidas / Sucos e Diversos,"Papel Higiênico Mili 30m Neutro e Perfumado, Folha Dupla, com 12 Unidades",16.99,21/08/2026,https://scontent-fra3-1.cdninstagram.com/v/t51.82787-15/778794332_18373759255237813_8826403310576910692_n.jpg?stp=dst-jpg_e35_tt6&_nc_cat=101&ig_cache_key=Mzk2ODYwMzg2MzYxMTAyNjY2MQ%3D%3D.3-ccb7-5&ccb=7-5&_nc_sid=58cdad&efg=eyJ2ZW5jb2RlX3RhZyI6IkNBUk9VU0VMX0lURU0ueHBpZHMuMTA4MC5zZHIucmVndWxhcl9waG90by5DMyJ9&_nc_ohc=DryH40MHA-0Q7kNvwEvPMk5&_nc_oc=AdoBY9nLjJ7lwJ5DYL1N0eP_xSN0wh29CQl3IicBMMqFmmTMhMA7Ic9-kqavP-kLoBE&_nc_zt=23&_nc_ht=scontent-fra3-1.cdninstagram.com&_nc_gid=F6S7ALtEyd_ZpDSi6b98wg&_nc_ss=7c689&oh=00_AQF6iyq_nChaG0T1lWjjrCaEmhoamvPrt8vnwK4RCLXpFQ&oe=6A90ED5B,https://www.instagram.com/p/DcTUD7jlm8n/
Supermercado São Pedro,Bebidas / Sucos e Diversos,Campari 998 ml,56.99,21/08/2026,https://instagram.fmel14-1.fna.fbcdn.net/v/t51.82787-15/779957410_18194460196382122_4239320256883363950_n.jpg?stp=dst-jpg_e35_tt6&_nc_cat=111&ig_cache_key=Mzk2ODYwOTg5OTE2Nzk4NjAwMA%3D%3D.3-ccb7-5&ccb=7-5&_nc_sid=58cdad&efg=eyJ2ZW5jb2RlX3RhZyI6IkNBUk9VU0VMX0lURU0ueHBpZHMuMjE2MS5zZHIucmVndWxhcl9waG90by5DMyJ9&_nc_ohc=lCs7XFPuzTIQ7kNvwHFF4nb&_nc_oc=Adqdqo2VsTckPHVJ3EiF5nzerW_qgr3tOsXCIILFRiDdN1BxLl6gCZq4Cq5ABetFCxQ&_nc_zt=23&_nc_ht=instagram.fmel14-1.fna&_nc_gid=ux6Z-qOe2dV0WH5WnJr3RA&_nc_ss=72a8c&oh=00_AQFmdrN31hz1yAFrEjucFs5FYgWCLEDLeOOPE8Un15Fgpg&oe=6A90F1C1,https://www.instagram.com/p/DcTVeacG11v/
Bom Jesus Primavera do Leste 🛒,Bebidas / Sucos e Diversos,Whisky Buchanan's 12 Anos 1L,189.9,21/08/2026,https://scontent-fra3-1.cdninstagram.com/v/t51.82787-15/779844446_18373759273237813_717042095228036520_n.jpg?stp=dst-jpg_e35_tt6&_nc_cat=101&ig_cache_key=Mzk2ODYwMzg2MjA2MzE4NjIyMQ%3D%3D.3-ccb7-5&ccb=7-5&_nc_sid=58cdad&efg=eyJ2ZW5jb2RlX3RhZyI6IkNBUk9VU0VMX0lURU0ueHBpZHMuMTA4MC5zZHIucmVndWxhcl9waG90by5DMyJ9&_nc_ohc=m8__0j7aHxEQ7kNvwHQgQM1&_nc_oc=Adqqyzxf80dnGdfoMUDYLQ78auIhXgsQRmXFG1xjO8D1VrOcfIzrq0jKFCCJUO17l1k&_nc_zt=23&_nc_ht=scontent-fra3-1.cdninstagram.com&_nc_gid=F6S7ALtEyd_ZpDSi6b98wg&_nc_ss=7c689&oh=00_AQFiCdSVvzE-0y00eD8uLFeynPRShLQQTeh0LsTyhUq5yg&oe=6A90ED30,https://www.instagram.com/p/DcTUD7jlm8n/
Bom Jesus Primavera do Leste 🛒,Carnes / Aves,Limpador Perfumado Casa & Perfume 500ml mix,5.49,21/08/2026,https://scontent-fra3-1.cdninstagram.com/v/t51.82787-15/778794332_18373759255237813_8826403310576910692_n.jpg?stp=dst-jpg_e35_tt6&_nc_cat=101&ig_cache_key=Mzk2ODYwMzg2MzYxMTAyNjY2MQ%3D%3D.3-ccb7-5&ccb=7-5&_nc_sid=58cdad&efg=eyJ2ZW5jb2RlX3RhZyI6IkNBUk9VU0VMX0lURU0ueHBpZHMuMTA4MC5zZHIucmVndWxhcl9waG90by5DMyJ9&_nc_ohc=DryH40MHA-0Q7kNvwEvPMk5&_nc_oc=AdoBY9nLjJ7lwJ5DYL1N0eP_xSN0wh29CQl3IicBMMqFmmTMhMA7Ic9-kqavP-kLoBE&_nc_zt=23&_nc_ht=scontent-fra3-1.cdninstagram.com&_nc_gid=F6S7ALtEyd_ZpDSi6b98wg&_nc_ss=7c689&oh=00_AQF6iyq_nChaG0T1lWjjrCaEmhoamvPrt8vnwK4RCLXpFQ&oe=6A90ED5B,https://www.instagram.com/p/DcTUD7jlm8n/
Bom Jesus Primavera do Leste 🛒,Carnes / Aves,Coxas Sobrecoxas C/Dorsal Canção,6.99,21/08/2026,https://scontent-fra3-1.cdninstagram.com/v/t51.82787-15/782344855_18373759252237813_7320855115066332806_n.jpg?stp=dst-jpg_e35_tt6&_nc_cat=101&ig_cache_key=Mzk2ODYwMzg2MTkyMDUwNTIwMg%3D%3D.3-ccb7-5&ccb=7-5&_nc_sid=58cdad&efg=eyJ2ZW5jb2RlX3RhZyI6IkNBUk9VU0VMX0lURU0ueHBpZHMuMTA4MC5zZHIucmVndWxhcl9waG90by5DMyJ9&_nc_ohc=EXXZ6F7wf7QQ7kNvwExN-F_&_nc_oc=Adqy_WCiNpvnqeKDoGaznLUTOweN1UIsrQuI9YOY_SXa-FPNBFlsWjSQimULI31xoac&_nc_zt=23&_nc_ht=scontent-fra3-1.cdninstagram.com&_nc_gid=F6S7ALtEyd_ZpDSi6b98wg&_nc_ss=7c689&oh=00_AQGdQP6Yd6p_wT_FEaeuUfgwheGcQsrIuZgAHmm6EwP6RA&oe=6A90E02C,https://www.instagram.com/p/DcTUD7jlm8n/
Bom Jesus Primavera do Leste 🛒,Carnes / Aves,Coxas Sobrecoxas C/Dorsal Canção KG,6.99,21/08/2026,https://scontent-fra3-1.cdninstagram.com/v/t51.82787-15/778256078_18373759237237813_68945980692155706_n.jpg?stp=dst-jpg_e35_tt6&_nc_cat=105&ig_cache_key=Mzk2ODYwMzg1OTMyNDAzMjgwMg%3D%3D.3-ccb7-5&ccb=7-5&_nc_sid=58cdad&efg=eyJ2ZW5jb2RlX3RhZyI6IkNBUk9VU0VMX0lURU0ueHBpZHMuMTA4MC5zZHIucmVndWxhcl9waG90by5DMyJ9&_nc_ohc=mnkfzLJbUGcQ7kNvwEXmGqm&_nc_oc=AdoC7VAUoR2ymM3sDFkxuvhl7xySk8Muws1qG326KNzVA2MlJBks66SbyREtS350pWQ&_nc_zt=23&_nc_ht=scontent-fra3-1.cdninstagram.com&_nc_gid=F6S7ALtEyd_ZpDSi6b98wg&_nc_ss=7c689&oh=00_AQGCU1fJW8u4iIeaRuqZw994fbhFHcy-2lRNJ1h6J-1w5A&oe=6A9105C3,https://www.instagram.com/p/DcTUD7jlm8n/
SUPERMERCADO PARANAENSE,Carnes / Aves,Coxa e Sobrecoxa Bello (kg),6.99,21/08/2026,https://scontent-mad1-1.cdninstagram.com/v/t51.82787-15/782639788_17906516796496981_1020296803527373493_n.jpg?stp=dst-jpg_e35_tt6&_nc_cat=106&ig_cache_key=Mzk2ODI0NTY3NDgyMDQ2MDk5NA%3D%3D.3-ccb7-5&ccb=7-5&_nc_sid=58cdad&efg=eyJ2ZW5jb2RlX3RhZyI6IkZFRUQueHBpZHMuMTM1MC5zZHIucmVndWxhcl9waG90by5DMyJ9&_nc_ohc=CfekLFktTToQ7kNvwGk1Vn6&_nc_oc=AdpfcgZX3vadSRYhInSRIGrquIQ8UJVdMI70DGHIb7unvfbeLbNI3ipPnARKWc__Jbk&_nc_zt=23&_nc_ht=scontent-mad1-1.cdninstagram.com&_nc_gid=BXuiN8t91u9tBAPuGiIO2g&_nc_ss=72689&oh=00_AQHHEPrLACHnSGbLo88YtrEAnW0vsi7dq7Zd8RxN1uRxHA&oe=6A910A4D,https://www.instagram.com/p/DcSCmqlJ2HC/
Super Compras Supermercado,Carnes / Aves,Coxa com Sobrecoxa de Frango Sadia - Kg,8.99,21/08/2026,https://instagram.fkix1-2.fna.fbcdn.net/v/t51.82787-15/780140079_18192045034391764_7683991793781918786_n.jpg?stp=dst-jpg_e35_tt6&_nc_cat=103&ig_cache_key=Mzk2ODIxODA0ODc2ODI1MjE2NA%3D%3D.3-ccb7-5&ccb=7-5&_nc_sid=58cdad&efg=eyJ2ZW5jb2RlX3RhZyI6IkZFRUQueHBpZHMuMTQ0MC5zZHIucmVndWxhcl9waG90by5DMyJ9&_nc_ohc=MnWLmv7izFEQ7kNvwHXigpa&_nc_oc=AdoUtff4aarrhcvw-vdfk-s13MRYCT4UgBveYp6TRaSiAZD6Vv8wX0aDxTyuLBOkhm5IgTCXkxKRdPNG7AyDfS7U&_nc_zt=23&_nc_ht=instagram.fkix1-2.fna&_nc_gid=0evyVvBYHSU_Cm4Iwk7vOg&_nc_ss=72689&oh=00_AQHGgjMqXbWr_LPI5_m7Ny1tjSUnuOJrNizw6mgVwGitfA&oe=6A90EBEE,https://www.instagram.com/p/DcR8Up0IBkE/
Bom Jesus Primavera do Leste 🛒,Carnes / Aves,Frango Inteiro Congelado Seara,9.69,21/08/2026,https://scontent-fra3-1.cdninstagram.com/v/t51.82787-15/782344855_18373759252237813_7320855115066332806_n.jpg?stp=dst-jpg_e35_tt6&_nc_cat=101&ig_cache_key=Mzk2ODYwMzg2MTkyMDUwNTIwMg%3D%3D.3-ccb7-5&ccb=7-5&_nc_sid=58cdad&efg=eyJ2ZW5jb2RlX3RhZyI6IkNBUk9VU0VMX0lURU0ueHBpZHMuMTA4MC5zZHIucmVndWxhcl9waG90by5DMyJ9&_nc_ohc=EXXZ6F7wf7QQ7kNvwExN-F_&_nc_oc=Adqy_WCiNpvnqeKDoGaznLUTOweN1UIsrQuI9YOY_SXa-FPNBFlsWjSQimULI31xoac&_nc_zt=23&_nc_ht=scontent-fra3-1.cdninstagram.com&_nc_gid=F6S7ALtEyd_ZpDSi6b98wg&_nc_ss=7c689&oh=00_AQGdQP6Yd6p_wT_FEaeuUfgwheGcQsrIuZgAHmm6EwP6RA&oe=6A90E02C,https://www.instagram.com/p/DcTUD7jlm8n/
Mercado Talismã,Carnes / Aves,COXINHA DA ASA,11.49,23/08/2026,https://scontent-fra5-1.cdninstagram.com/v/t51.82787-15/784428408_18093165719531849_770231522003913391_n.jpg?stp=dst-jpg_e35_tt6&_nc_cat=110&ig_cache_key=Mzk3MDAyODMzNTQzMzkzNjEwMg%3D%3D.3-ccb7-5&ccb=7-5&_nc_sid=58cdad&efg=eyJ2ZW5jb2RlX3RhZyI6IkNBUk9VU0VMX0lURU0ueHBpZHMuMTI1NC5zZHIucmVndWxhcl9waG90by5DMyJ9&_nc_ohc=GmsJ3vXSy68Q7kNvwGVSkpu&_nc_oc=AdrX8bB7qu-gebCkviipVGlLQBoWjR3klESFn4IDdWp5bK13cysX49UPbueDkRufjDQ&_nc_zt=23&_nc_ht=scontent-fra5-1.cdninstagram.com&_nc_gid=OmicEssyz1TeBVLhoQb82w&_nc_ss=7c689&oh=00_AQEDm3gEunrfUYdARNpzzDwo5CwS5UgvXEEnZXE5WYRy-g&oe=6A910F00,https://www.instagram.com/p/DcYX8qUEXk2/
Super Compras Supermercado,Carnes / Aves,Coxinha da Asa de Frango Super Frango 1 Kg,12.99,22/08/2026,https://scontent-bcn1-1.cdninstagram.com/v/t51.82787-15/781425562_18192143110391764_1116124836587707156_n.jpg?stp=dst-jpg_e35_tt6&_nc_cat=103&ig_cache_key=Mzk2ODk1MTQ4MDU4NDU2NzM5OQ%3D%3D.3-ccb7-5&ccb=7-5&_nc_sid=58cdad&efg=eyJ2ZW5jb2RlX3RhZyI6IkZFRUQueHBpZHMuMTQ0MC5zZHIucmVndWxhcl9waG90by5DMyJ9&_nc_ohc=8hrJBMNPgMwQ7kNvwGnUvJT&_nc_oc=AdoYXp6jvZRcmSMGgqmF11k841hgU8gGUrOfeORSS__62St6UXnxn_bR0QriGzcVs-Y&_nc_zt=23&_nc_ht=scontent-bcn1-1.cdninstagram.com&_nc_gid=UupPG7b4DGODvN3vuiZpZQ&_nc_ss=7c689&oh=00_AQGFPth_49ZkwKhabICc3goRl2cNXRyeZKwTHgN8ZR1PEg&oe=6A90FC60,https://www.instagram.com/p/DcUjFfbAPpn/
Supermercado Bianchi,Carnes / Aves,Coxas de Frango Sadia Pct C/1kg,12.99,21/08/2026,https://scontent-yyz1-1.cdninstagram.com/v/t39.30808-6/782170702_1657849206345477_5831566733473110975_n.jpg?stp=dst-jpg_e35_tt6&_nc_cat=100&ig_cache_key=Mzk2ODk0NTQxMzExMjgxNzUxNQ%3D%3D.3-ccb7-5&ccb=7-5&_nc_sid=58cdad&efg=eyJ2ZW5jb2RlX3RhZyI6IkNBUk9VU0VMX0lURU0ueHBpZHMuMTYzOC5zZHIucmVndWxhcl9waG90by5DMyJ9&_nc_ohc=nPR0J7MpbqkQ7kNvwEzZDbd&_nc_oc=Adpry1jPlvmvV7LmOysUv_LLV-FhwGPWDm6Rg71oYFbsfnxKMCaabjnOktNcjUzgqa4&_nc_zt=23&_nc_ht=scontent-yyz1-1.cdninstagram.com&_nc_gid=dY8EOS28NOwxEEhDuq8XVw&_nc_ss=7ca8c&oh=00_AQF-3Hwtj3T7Ih66se1e5vSAzuucm9zNOnyzT88McSTO4Q&oe=6A90F3F7,https://www.instagram.com/p/DcUhthogY_o/
Supermercado Bianchi,Carnes / Aves,MOELA FRANGO SEARA PCT C/1KG,14.99,21/08/2026,https://scontent-yyz1-1.cdninstagram.com/v/t39.30808-6/784389478_1657849223012142_713593503530775725_n.jpg?stp=dst-jpg_e35_tt6&_nc_cat=104&ig_cache_key=Mzk2ODk0NTQxMTAwNzI5MjQ2Mg%3D%3D.3-ccb7-5&ccb=7-5&_nc_sid=58cdad&efg=eyJ2ZW5jb2RlX3RhZyI6IkNBUk9VU0VMX0lURU0ueHBpZHMuMTYzOC5zZHIucmVndWxhcl9waG90by5DMyJ9&_nc_ohc=4yeRiUBdoz4Q7kNvwH4CAW4&_nc_oc=Adr4k_7LZLxbp0Mpc1U3LRpqJwAUdmeIxcez1RLd5l-ZUOOlW-nLlVfQjkxV6qTDi7Y&_nc_zt=23&_nc_ht=scontent-yyz1-1.cdninstagram.com&_nc_gid=dY8EOS28NOwxEEhDuq8XVw&_nc_ss=7ca8c&oh=00_AQHNk_zWVxhT71iSTJfQ-MpAR064PheCUWWVwwYmpOPcsQ&oe=6A9110F3,https://www.instagram.com/p/DcUhthogY_o/
Supermercado Bianchi,Carnes / Aves,Lasanha Sadia Sabores 600g,16.99,21/08/2026,https://scontent-yyz1-1.cdninstagram.com/v/t39.30808-6/784063255_1657849239678807_5513880334027503636_n.jpg?stp=dst-jpg_e35_tt6&_nc_cat=101&ig_cache_key=Mzk2ODk0NTQxMjQ4MzY4NTI0Mg%3D%3D.3-ccb7-5&ccb=7-5&_nc_sid=58cdad&efg=eyJ2ZW5jb2RlX3RhZyI6IkNBUk9VU0VMX0lURU0ueHBpZHMuMTYzOC5zZHIucmVndWxhcl9waG90by5DMyJ9&_nc_ohc=e3PyeUdWKzcQ7kNvwFfoIdM&_nc_oc=AdpXHNojV04_Ztq9FS7FoxOJ5FhDWDxrZ-JFHheLjp9ArMiYqy2JRLdd5QbnmII9xF8&_nc_zt=23&_nc_ht=scontent-yyz1-1.cdninstagram.com&_nc_gid=dY8EOS28NOwxEEhDuq8XVw&_nc_ss=7ca8c&oh=00_AQFejW8B6oti8qQ6tfjagpZ5w86G3C84MOUzFLrW7Dm-tA&oe=6A9115F5,https://www.instagram.com/p/DcUhthogY_o/
Supermercado Bianchi,Carnes / Aves,Frango Inteiro Caipira Nho Bento (kg),17.99,21/08/2026,https://scontent-yyz1-1.cdninstagram.com/v/t39.30808-6/784063255_1657849239678807_5513880334027503636_n.jpg?stp=dst-jpg_e35_tt6&_nc_cat=101&ig_cache_key=Mzk2ODk0NTQxMjQ4MzY4NTI0Mg%3D%3D.3-ccb7-5&ccb=7-5&_nc_sid=58cdad&efg=eyJ2ZW5jb2RlX3RhZyI6IkNBUk9VU0VMX0lURU0ueHBpZHMuMTYzOC5zZHIucmVndWxhcl9waG90by5DMyJ9&_nc_ohc=e3PyeUdWKzcQ7kNvwFfoIdM&_nc_oc=AdpXHNojV04_Ztq9FS7FoxOJ5FhDWDxrZ-JFHheLjp9ArMiYqy2JRLdd5QbnmII9xF8&_nc_zt=23&_nc_ht=scontent-yyz1-1.cdninstagram.com&_nc_gid=dY8EOS28NOwxEEhDuq8XVw&_nc_ss=7ca8c&oh=00_AQFejW8B6oti8qQ6tfjagpZ5w86G3C84MOUzFLrW7Dm-tA&oe=6A9115F5,https://www.instagram.com/p/DcUhthogY_o/
Supermercado São Pedro,Carnes / Aves,Linguiça c/Pimenta Biquinho Perdigão Na Brasa 600g,18.99,21/08/2026,https://instagram.fmel14-1.fna.fbcdn.net/v/t51.82787-15/780840877_18194460187382122_8037755132885706798_n.jpg?stp=dst-jpg_e35_tt6&_nc_cat=101&ig_cache_key=Mzk2ODYwOTg5NjU5MjY4NjA3MQ%3D%3D.3-ccb7-5&ccb=7-5&_nc_sid=58cdad&efg=eyJ2ZW5jb2RlX3RhZyI6IkNBUk9VU0VMX0lURU0ueHBpZHMuMjE2MS5zZHIucmVndWxhcl9waG90by5DMyJ9&_nc_ohc=AVqS_fxt8Z8Q7kNvwHIXPK_&_nc_oc=AdpTt1pAaMnOomHjxu-D-lqIx6IiMm5tMm7pycYUP6JlvAShGZb2E3V9KpslHHSkLCo&_nc_zt=23&_nc_ht=instagram.fmel14-1.fna&_nc_gid=ux6Z-qOe2dV0WH5WnJr3RA&_nc_ss=72a8c&oh=00_AQGLd45wm_Sul7Dln0PtDVkvy2tceIK-y1xOxTeXlW4wnA&oe=6A90F0A5,https://www.instagram.com/p/DcTVeacG11v/
Supermercado Bianchi,Carnes / Aves,MEIO DAS ASAS FRANGO SEARA PCT C/1KG,25.99,21/08/2026,https://scontent-yyz1-1.cdninstagram.com/v/t39.30808-6/784389478_1657849223012142_713593503530775725_n.jpg?stp=dst-jpg_e35_tt6&_nc_cat=104&ig_cache_key=Mzk2ODk0NTQxMTAwNzI5MjQ2Mg%3D%3D.3-ccb7-5&ccb=7-5&_nc_sid=58cdad&efg=eyJ2ZW5jb2RlX3RhZyI6IkNBUk9VU0VMX0lURU0ueHBpZHMuMTYzOC5zZHIucmVndWxhcl9waG90by5DMyJ9&_nc_ohc=4yeRiUBdoz4Q7kNvwH4CAW4&_nc_oc=Adr4k_7LZLxbp0Mpc1U3LRpqJwAUdmeIxcez1RLd5l-ZUOOlW-nLlVfQjkxV6qTDi7Y&_nc_zt=23&_nc_ht=scontent-yyz1-1.cdninstagram.com&_nc_gid=dY8EOS28NOwxEEhDuq8XVw&_nc_ss=7ca8c&oh=00_AQHNk_zWVxhT71iSTJfQ-MpAR064PheCUWWVwwYmpOPcsQ&oe=6A9110F3,https://www.instagram.com/p/DcUhthogY_o/
Supermercado Bianchi,Carnes / Aves,Meio das Asas Sem Tempero kg,26.99,21/08/2026,https://instagram.ffsz1-1.fna.fbcdn.net/v/t39.30808-6/784080473_1657848796345518_7184352931358203406_n.jpg?stp=dst-jpg_e35_tt6&_nc_cat=107&ig_cache_key=Mzk2ODk0NTQwODQ3NDQ3ODQ5NA%3D%3D.3-ccb7-5&ccb=7-5&_nc_sid=58cdad&efg=eyJ2ZW5jb2RlX3RhZyI6IkNBUk9VU0VMX0lURU0ueHBpZHMuMTA4MC5zZHIucmVndWxhcl9waG90by5DMyJ9&_nc_ohc=ok7KKhGT1G4Q7kNvwHXgnjf&_nc_oc=Adqo4L58Vj84JS4wAevGaBjGABsqhArK3phNvzgrvCb-oLBz7cnSPjzBmEnpc-lxjUQ&_nc_zt=23&_nc_ht=instagram.ffsz1-1.fna&_nc_gid=sBcQSkjaaUnYjycH3Stg0w&_nc_ss=72689&oh=00_AQF-NsdqX6GS4TyVjRlqD8NgKFriZ1MRItYeQk-XJZEAKQ&oe=6A910CF5,https://www.instagram.com/p/DcUhtWbCf5d/
Supermercado Bianchi,Carnes / Aves,Coração Frango Seara Pct C/1kg,35.99,21/08/2026,https://scontent-yyz1-1.cdninstagram.com/v/t39.30808-6/782170702_1657849206345477_5831566733473110975_n.jpg?stp=dst-jpg_e35_tt6&_nc_cat=100&ig_cache_key=Mzk2ODk0NTQxMzExMjgxNzUxNQ%3D%3D.3-ccb7-5&ccb=7-5&_nc_sid=58cdad&efg=eyJ2ZW5jb2RlX3RhZyI6IkNBUk9VU0VMX0lURU0ueHBpZHMuMTYzOC5zZHIucmVndWxhcl9waG90by5DMyJ9&_nc_ohc=nPR0J7MpbqkQ7kNvwEzZDbd&_nc_oc=Adpry1jPlvmvV7LmOysUv_LLV-FhwGPWDm6Rg71oYFbsfnxKMCaabjnOktNcjUzgqa4&_nc_zt=23&_nc_ht=scontent-yyz1-1.cdninstagram.com&_nc_gid=dY8EOS28NOwxEEhDuq8XVw&_nc_ss=7ca8c&oh=00_AQF-3Hwtj3T7Ih66se1e5vSAzuucm9zNOnyzT88McSTO4Q&oe=6A90F3F7,https://www.instagram.com/p/DcUhthogY_o/
Super Compras Supermercado,Carnes / Bovina,Pernil ou Paleta Suína - Kg,9.99,22/08/2026,https://scontent-bcn1-1.cdninstagram.com/v/t51.82787-15/781425562_18192143110391764_1116124836587707156_n.jpg?stp=dst-jpg_e35_tt6&_nc_cat=103&ig_cache_key=Mzk2ODk1MTQ4MDU4NDU2NzM5OQ%3D%3D.3-ccb7-5&ccb=7-5&_nc_sid=58cdad&efg=eyJ2ZW5jb2RlX3RhZyI6IkZFRUQueHBpZHMuMTQ0MC5zZHIucmVndWxhcl9waG90by5DMyJ9&_nc_ohc=8hrJBMNPgMwQ7kNvwGnUvJT&_nc_oc=AdoYXp6jvZRcmSMGgqmF11k841hgU8gGUrOfeORSS__62St6UXnxn_bR0QriGzcVs-Y&_nc_zt=23&_nc_ht=scontent-bcn1-1.cdninstagram.com&_nc_gid=UupPG7b4DGODvN3vuiZpZQ&_nc_ss=7c689&oh=00_AQGFPth_49ZkwKhabICc3goRl2cNXRyeZKwTHgN8ZR1PEg&oe=6A90FC60,https://www.instagram.com/p/DcUjFfbAPpn/
Bom Jesus Primavera do Leste 🛒,Carnes / Bovina,Pernil e Paleta Suína Max Free,9.99,21/08/2026,https://scontent-fra3-1.cdninstagram.com/v/t51.82787-15/782344855_18373759252237813_7320855115066332806_n.jpg?stp=dst-jpg_e35_tt6&_nc_cat=101&ig_cache_key=Mzk2ODYwMzg2MTkyMDUwNTIwMg%3D%3D.3-ccb7-5&ccb=7-5&_nc_sid=58cdad&efg=eyJ2ZW5jb2RlX3RhZyI6IkNBUk9VU0VMX0lURU0ueHBpZHMuMTA4MC5zZHIucmVndWxhcl9waG90by5DMyJ9&_nc_ohc=EXXZ6F7wf7QQ7kNvwExN-F_&_nc_oc=Adqy_WCiNpvnqeKDoGaznLUTOweN1UIsrQuI9YOY_SXa-FPNBFlsWjSQimULI31xoac&_nc_zt=23&_nc_ht=scontent-fra3-1.cdninstagram.com&_nc_gid=F6S7ALtEyd_ZpDSi6b98wg&_nc_ss=7c689&oh=00_AQGdQP6Yd6p_wT_FEaeuUfgwheGcQsrIuZgAHmm6EwP6RA&oe=6A90E02C,https://www.instagram.com/p/DcTUD7jlm8n/
SUPERMERCADO PARANAENSE,Carnes / Bovina,Paleta Suína (kg),10.99,21/08/2026,https://scontent-mad1-1.cdninstagram.com/v/t51.82787-15/782639788_17906516796496981_1020296803527373493_n.jpg?stp=dst-jpg_e35_tt6&_nc_cat=106&ig_cache_key=Mzk2ODI0NTY3NDgyMDQ2MDk5NA%3D%3D.3-ccb7-5&ccb=7-5&_nc_sid=58cdad&efg=eyJ2ZW5jb2RlX3RhZyI6IkZFRUQueHBpZHMuMTM1MC5zZHIucmVndWxhcl9waG90by5DMyJ9&_nc_ohc=CfekLFktTToQ7kNvwGk1Vn6&_nc_oc=AdpfcgZX3vadSRYhInSRIGrquIQ8UJVdMI70DGHIb7unvfbeLbNI3ipPnARKWc__Jbk&_nc_zt=23&_nc_ht=scontent-mad1-1.cdninstagram.com&_nc_gid=BXuiN8t91u9tBAPuGiIO2g&_nc_ss=72689&oh=00_AQHHEPrLACHnSGbLo88YtrEAnW0vsi7dq7Zd8RxN1uRxHA&oe=6A910A4D,https://www.instagram.com/p/DcSCmqlJ2HC/
SUPERMERCADO PARANAENSE,Carnes / Bovina,Bisteca Suína (kg),16.99,21/08/2026,https://scontent-mad1-1.cdninstagram.com/v/t51.82787-15/782639788_17906516796496981_1020296803527373493_n.jpg?stp=dst-jpg_e35_tt6&_nc_cat=106&ig_cache_key=Mzk2ODI0NTY3NDgyMDQ2MDk5NA%3D%3D.3-ccb7-5&ccb=7-5&_nc_sid=58cdad&efg=eyJ2ZW5jb2RlX3RhZyI6IkZFRUQueHBpZHMuMTM1MC5zZHIucmVndWxhcl9waG90by5DMyJ9&_nc_ohc=CfekLFktTToQ7kNvwGk1Vn6&_nc_oc=AdpfcgZX3vadSRYhInSRIGrquIQ8UJVdMI70DGHIb7unvfbeLbNI3ipPnARKWc__Jbk&_nc_zt=23&_nc_ht=scontent-mad1-1.cdninstagram.com&_nc_gid=BXuiN8t91u9tBAPuGiIO2g&_nc_ss=72689&oh=00_AQHHEPrLACHnSGbLo88YtrEAnW0vsi7dq7Zd8RxN1uRxHA&oe=6A910A4D,https://www.instagram.com/p/DcSCmqlJ2HC/
Bom Jesus Primavera do Leste 🛒,Carnes / Bovina,Costela Suína Max Free,17.99,21/08/2026,https://scontent-fra3-1.cdninstagram.com/v/t51.82787-15/782344855_18373759252237813_7320855115066332806_n.jpg?stp=dst-jpg_e35_tt6&_nc_cat=101&ig_cache_key=Mzk2ODYwMzg2MTkyMDUwNTIwMg%3D%3D.3-ccb7-5&ccb=7-5&_nc_sid=58cdad&efg=eyJ2ZW5jb2RlX3RhZyI6IkNBUk9VU0VMX0lURU0ueHBpZHMuMTA4MC5zZHIucmVndWxhcl9waG90by5DMyJ9&_nc_ohc=EXXZ6F7wf7QQ7kNvwExN-F_&_nc_oc=Adqy_WCiNpvnqeKDoGaznLUTOweN1UIsrQuI9YOY_SXa-FPNBFlsWjSQimULI31xoac&_nc_zt=23&_nc_ht=scontent-fra3-1.cdninstagram.com&_nc_gid=F6S7ALtEyd_ZpDSi6b98wg&_nc_ss=7c689&oh=00_AQGdQP6Yd6p_wT_FEaeuUfgwheGcQsrIuZgAHmm6EwP6RA&oe=6A90E02C,https://www.instagram.com/p/DcTUD7jlm8n/
Supermercado Bianchi,Carnes / Bovina,Costela Suína kg,18.99,21/08/2026,https://instagram.ffsz1-2.fna.fbcdn.net/v/t39.30808-6/783592781_1657848779678853_846802542024845217_n.jpg?stp=dst-jpg_e35_tt6&_nc_cat=104&ig_cache_key=Mzk2ODk0NTQwNzM1MDQwNDUxOQ%3D%3D.3-ccb7-5&ccb=7-5&_nc_sid=58cdad&efg=eyJ2ZW5jb2RlX3RhZyI6IkNBUk9VU0VMX0lURU0ueHBpZHMuMTA4MC5zZHIucmVndWxhcl9waG90by5DMyJ9&_nc_ohc=iB6xP_moLBkQ7kNvwFPBa6X&_nc_oc=AdqJH-8uZRIQxaKMk_Ml38CUAN6JBNttUXmjoP0B92jE9WMiTxCkR2gh7TrinJ91T20&_nc_zt=23&_nc_ht=instagram.ffsz1-2.fna&_nc_gid=sBcQSkjaaUnYjycH3Stg0w&_nc_ss=72689&oh=00_AQGlmL2kbhKVnG_Ve-bZ17g1P_iqz4w9A_Mn2NMYJuCosQ&oe=6A9100B8,https://www.instagram.com/p/DcUhtWbCf5d/
Super Compras Supermercado,Carnes / Bovina,Costela Bovina Kg,20.99,22/08/2026,https://scontent-bcn1-1.cdninstagram.com/v/t51.82787-15/781425562_18192143110391764_1116124836587707156_n.jpg?stp=dst-jpg_e35_tt6&_nc_cat=103&ig_cache_key=Mzk2ODk1MTQ4MDU4NDU2NzM5OQ%3D%3D.3-ccb7-5&ccb=7-5&_nc_sid=58cdad&efg=eyJ2ZW5jb2RlX3RhZyI6IkZFRUQueHBpZHMuMTQ0MC5zZHIucmVndWxhcl9waG90by5DMyJ9&_nc_ohc=8hrJBMNPgMwQ7kNvwGnUvJT&_nc_oc=AdoYXp6jvZRcmSMGgqmF11k841hgU8gGUrOfeORSS__62St6UXnxn_bR0QriGzcVs-Y&_nc_zt=23&_nc_ht=scontent-bcn1-1.cdninstagram.com&_nc_gid=UupPG7b4DGODvN3vuiZpZQ&_nc_ss=7c689&oh=00_AQGFPth_49ZkwKhabICc3goRl2cNXRyeZKwTHgN8ZR1PEg&oe=6A90FC60,https://www.instagram.com/p/DcUjFfbAPpn/
SUPERMERCADO PARANAENSE,Carnes / Bovina,Costela Bovina (kg),21.99,21/08/2026,https://scontent-mad1-1.cdninstagram.com/v/t51.82787-15/782639788_17906516796496981_1020296803527373493_n.jpg?stp=dst-jpg_e35_tt6&_nc_cat=106&ig_cache_key=Mzk2ODI0NTY3NDgyMDQ2MDk5NA%3D%3D.3-ccb7-5&ccb=7-5&_nc_sid=58cdad&efg=eyJ2ZW5jb2RlX3RhZyI6IkZFRUQueHBpZHMuMTM1MC5zZHIucmVndWxhcl9waG90by5DMyJ9&_nc_ohc=CfekLFktTToQ7kNvwGk1Vn6&_nc_oc=AdpfcgZX3vadSRYhInSRIGrquIQ8UJVdMI70DGHIb7unvfbeLbNI3ipPnARKWc__Jbk&_nc_zt=23&_nc_ht=scontent-mad1-1.cdninstagram.com&_nc_gid=BXuiN8t91u9tBAPuGiIO2g&_nc_ss=72689&oh=00_AQHHEPrLACHnSGbLo88YtrEAnW0vsi7dq7Zd8RxN1uRxHA&oe=6A910A4D,https://www.instagram.com/p/DcSCmqlJ2HC/
Supermercado São Pedro,Carnes / Bovina,Costela Suína com Pele Kg,22.99,21/08/2026,https://instagram.fmel14-1.fna.fbcdn.net/v/t51.82787-15/780840877_18194460187382122_8037755132885706798_n.jpg?stp=dst-jpg_e35_tt6&_nc_cat=101&ig_cache_key=Mzk2ODYwOTg5NjU5MjY4NjA3MQ%3D%3D.3-ccb7-5&ccb=7-5&_nc_sid=58cdad&efg=eyJ2ZW5jb2RlX3RhZyI6IkNBUk9VU0VMX0lURU0ueHBpZHMuMjE2MS5zZHIucmVndWxhcl9waG90by5DMyJ9&_nc_ohc=AVqS_fxt8Z8Q7kNvwHIXPK_&_nc_oc=AdpTt1pAaMnOomHjxu-D-lqIx6IiMm5tMm7pycYUP6JlvAShGZb2E3V9KpslHHSkLCo&_nc_zt=23&_nc_ht=instagram.fmel14-1.fna&_nc_gid=ux6Z-qOe2dV0WH5WnJr3RA&_nc_ss=72a8c&oh=00_AQGLd45wm_Sul7Dln0PtDVkvy2tceIK-y1xOxTeXlW4wnA&oe=6A90F0A5,https://www.instagram.com/p/DcTVeacG11v/
Bom Jesus Primavera do Leste 🛒,Carnes / Bovina,Costela Bovina Sulbeef,23.99,21/08/2026,https://scontent-fra3-1.cdninstagram.com/v/t51.82787-15/782344855_18373759252237813_7320855115066332806_n.jpg?stp=dst-jpg_e35_tt6&_nc_cat=101&ig_cache_key=Mzk2ODYwMzg2MTkyMDUwNTIwMg%3D%3D.3-ccb7-5&ccb=7-5&_nc_sid=58cdad&efg=eyJ2ZW5jb2RlX3RhZyI6IkNBUk9VU0VMX0lURU0ueHBpZHMuMTA4MC5zZHIucmVndWxhcl9waG90by5DMyJ9&_nc_ohc=EXXZ6F7wf7QQ7kNvwExN-F_&_nc_oc=Adqy_WCiNpvnqeKDoGaznLUTOweN1UIsrQuI9YOY_SXa-FPNBFlsWjSQimULI31xoac&_nc_zt=23&_nc_ht=scontent-fra3-1.cdninstagram.com&_nc_gid=F6S7ALtEyd_ZpDSi6b98wg&_nc_ss=7c689&oh=00_AQGdQP6Yd6p_wT_FEaeuUfgwheGcQsrIuZgAHmm6EwP6RA&oe=6A90E02C,https://www.instagram.com/p/DcTUD7jlm8n/
Supermercado Bianchi,Carnes / Bovina,Costela Minga kg,25.99,21/08/2026,https://instagram.ffsz1-1.fna.fbcdn.net/v/t39.30808-6/784080473_1657848796345518_7184352931358203406_n.jpg?stp=dst-jpg_e35_tt6&_nc_cat=107&ig_cache_key=Mzk2ODk0NTQwODQ3NDQ3ODQ5NA%3D%3D.3-ccb7-5&ccb=7-5&_nc_sid=58cdad&efg=eyJ2ZW5jb2RlX3RhZyI6IkNBUk9VU0VMX0lURU0ueHBpZHMuMTA4MC5zZHIucmVndWxhcl9waG90by5DMyJ9&_nc_ohc=ok7KKhGT1G4Q7kNvwHXgnjf&_nc_oc=Adqo4L58Vj84JS4wAevGaBjGABsqhArK3phNvzgrvCb-oLBz7cnSPjzBmEnpc-lxjUQ&_nc_zt=23&_nc_ht=instagram.ffsz1-1.fna&_nc_gid=sBcQSkjaaUnYjycH3Stg0w&_nc_ss=72689&oh=00_AQF-NsdqX6GS4TyVjRlqD8NgKFriZ1MRItYeQk-XJZEAKQ&oe=6A910CF5,https://www.instagram.com/p/DcUhtWbCf5d/
Supermercado São Pedro,Carnes / Bovina,Costela Bovina para Assar Kg,29.99,21/08/2026,https://instagram.fmel14-1.fna.fbcdn.net/v/t51.82787-15/780840877_18194460187382122_8037755132885706798_n.jpg?stp=dst-jpg_e35_tt6&_nc_cat=101&ig_cache_key=Mzk2ODYwOTg5NjU5MjY4NjA3MQ%3D%3D.3-ccb7-5&ccb=7-5&_nc_sid=58cdad&efg=eyJ2ZW5jb2RlX3RhZyI6IkNBUk9VU0VMX0lURU0ueHBpZHMuMjE2MS5zZHIucmVndWxhcl9waG90by5DMyJ9&_nc_ohc=AVqS_fxt8Z8Q7kNvwHIXPK_&_nc_oc=AdpTt1pAaMnOomHjxu-D-lqIx6IiMm5tMm7pycYUP6JlvAShGZb2E3V9KpslHHSkLCo&_nc_zt=23&_nc_ht=instagram.fmel14-1.fna&_nc_gid=ux6Z-qOe2dV0WH5WnJr3RA&_nc_ss=72a8c&oh=00_AQGLd45wm_Sul7Dln0PtDVkvy2tceIK-y1xOxTeXlW4wnA&oe=6A90F0A5,https://www.instagram.com/p/DcTVeacG11v/
Supermercado São Pedro,Carnes / Bovina,Picanha Suína Nutribrás Kg,31.49,21/08/2026,https://instagram.fmel14-1.fna.fbcdn.net/v/t51.82787-15/780840877_18194460187382122_8037755132885706798_n.jpg?stp=dst-jpg_e35_tt6&_nc_cat=101&ig_cache_key=Mzk2ODYwOTg5NjU5MjY4NjA3MQ%3D%3D.3-ccb7-5&ccb=7-5&_nc_sid=58cdad&efg=eyJ2ZW5jb2RlX3RhZyI6IkNBUk9VU0VMX0lURU0ueHBpZHMuMjE2MS5zZHIucmVndWxhcl9waG90by5DMyJ9&_nc_ohc=AVqS_fxt8Z8Q7kNvwHIXPK_&_nc_oc=AdpTt1pAaMnOomHjxu-D-lqIx6IiMm5tMm7pycYUP6JlvAShGZb2E3V9KpslHHSkLCo&_nc_zt=23&_nc_ht=instagram.fmel14-1.fna&_nc_gid=ux6Z-qOe2dV0WH5WnJr3RA&_nc_ss=72a8c&oh=00_AQGLd45wm_Sul7Dln0PtDVkvy2tceIK-y1xOxTeXlW4wnA&oe=6A90F0A5,https://www.instagram.com/p/DcTVeacG11v/
Mercado Talismã,Carnes / Bovina,BISTECA DO C. FILÉ,33.99,23/08/2026,https://scontent-fra5-1.cdninstagram.com/v/t51.82787-15/784428408_18093165719531849_770231522003913391_n.jpg?stp=dst-jpg_e35_tt6&_nc_cat=110&ig_cache_key=Mzk3MDAyODMzNTQzMzkzNjEwMg%3D%3D.3-ccb7-5&ccb=7-5&_nc_sid=58cdad&efg=eyJ2ZW5jb2RlX3RhZyI6IkNBUk9VU0VMX0lURU0ueHBpZHMuMTI1NC5zZHIucmVndWxhcl9waG90by5DMyJ9&_nc_ohc=GmsJ3vXSy68Q7kNvwGVSkpu&_nc_oc=AdrX8bB7qu-gebCkviipVGlLQBoWjR3klESFn4IDdWp5bK13cysX49UPbueDkRufjDQ&_nc_zt=23&_nc_ht=scontent-fra5-1.cdninstagram.com&_nc_gid=OmicEssyz1TeBVLhoQb82w&_nc_ss=7c689&oh=00_AQEDm3gEunrfUYdARNpzzDwo5CwS5UgvXEEnZXE5WYRy-g&oe=6A910F00,https://www.instagram.com/p/DcYX8qUEXk2/
Supermercado São Pedro,Carnes / Bovina,Bisteca Mineira Kg,34.99,21/08/2026,https://instagram.fmel14-1.fna.fbcdn.net/v/t51.82787-15/780840877_18194460187382122_8037755132885706798_n.jpg?stp=dst-jpg_e35_tt6&_nc_cat=101&ig_cache_key=Mzk2ODYwOTg5NjU5MjY4NjA3MQ%3D%3D.3-ccb7-5&ccb=7-5&_nc_sid=58cdad&efg=eyJ2ZW5jb2RlX3RhZyI6IkNBUk9VU0VMX0lURU0ueHBpZHMuMjE2MS5zZHIucmVndWxhcl9waG90by5DMyJ9&_nc_ohc=AVqS_fxt8Z8Q7kNvwHIXPK_&_nc_oc=AdpTt1pAaMnOomHjxu-D-lqIx6IiMm5tMm7pycYUP6JlvAShGZb2E3V9KpslHHSkLCo&_nc_zt=23&_nc_ht=instagram.fmel14-1.fna&_nc_gid=ux6Z-qOe2dV0WH5WnJr3RA&_nc_ss=72a8c&oh=00_AQGLd45wm_Sul7Dln0PtDVkvy2tceIK-y1xOxTeXlW4wnA&oe=6A90F0A5,https://www.instagram.com/p/DcTVeacG11v/
SUPERMERCADO PARANAENSE,Carnes / Bovina,Capa de Contra Filé (kg),34.99,21/08/2026,https://scontent-mad1-1.cdninstagram.com/v/t51.82787-15/782639788_17906516796496981_1020296803527373493_n.jpg?stp=dst-jpg_e35_tt6&_nc_cat=106&ig_cache_key=Mzk2ODI0NTY3NDgyMDQ2MDk5NA%3D%3D.3-ccb7-5&ccb=7-5&_nc_sid=58cdad&efg=eyJ2ZW5jb2RlX3RhZyI6IkZFRUQueHBpZHMuMTM1MC5zZHIucmVndWxhcl9waG90by5DMyJ9&_nc_ohc=CfekLFktTToQ7kNvwGk1Vn6&_nc_oc=AdpfcgZX3vadSRYhInSRIGrquIQ8UJVdMI70DGHIb7unvfbeLbNI3ipPnARKWc__Jbk&_nc_zt=23&_nc_ht=scontent-mad1-1.cdninstagram.com&_nc_gid=BXuiN8t91u9tBAPuGiIO2g&_nc_ss=72689&oh=00_AQHHEPrLACHnSGbLo88YtrEAnW0vsi7dq7Zd8RxN1uRxHA&oe=6A910A4D,https://www.instagram.com/p/DcSCmqlJ2HC/
Mercado Talismã,Carnes / Bovina,COXÃO DURO,35.99,23/08/2026,https://scontent-fra5-1.cdninstagram.com/v/t51.82787-15/784428408_18093165719531849_770231522003913391_n.jpg?stp=dst-jpg_e35_tt6&_nc_cat=110&ig_cache_key=Mzk3MDAyODMzNTQzMzkzNjEwMg%3D%3D.3-ccb7-5&ccb=7-5&_nc_sid=58cdad&efg=eyJ2ZW5jb2RlX3RhZyI6IkNBUk9VU0VMX0lURU0ueHBpZHMuMTI1NC5zZHIucmVndWxhcl9waG90by5DMyJ9&_nc_ohc=GmsJ3vXSy68Q7kNvwGVSkpu&_nc_oc=AdrX8bB7qu-gebCkviipVGlLQBoWjR3klESFn4IDdWp5bK13cysX49UPbueDkRufjDQ&_nc_zt=23&_nc_ht=scontent-fra5-1.cdninstagram.com&_nc_gid=OmicEssyz1TeBVLhoQb82w&_nc_ss=7c689&oh=00_AQEDm3gEunrfUYdARNpzzDwo5CwS5UgvXEEnZXE5WYRy-g&oe=6A910F00,https://www.instagram.com/p/DcYX8qUEXk2/
Supermercado São Pedro,Carnes / Bovina,Corte Grill Kg,36.99,21/08/2026,https://instagram.fmel14-1.fna.fbcdn.net/v/t51.82787-15/780840877_18194460187382122_8037755132885706798_n.jpg?stp=dst-jpg_e35_tt6&_nc_cat=101&ig_cache_key=Mzk2ODYwOTg5NjU5MjY4NjA3MQ%3D%3D.3-ccb7-5&ccb=7-5&_nc_sid=58cdad&efg=eyJ2ZW5jb2RlX3RhZyI6IkNBUk9VU0VMX0lURU0ueHBpZHMuMjE2MS5zZHIucmVndWxhcl9waG90by5DMyJ9&_nc_ohc=AVqS_fxt8Z8Q7kNvwHIXPK_&_nc_oc=AdpTt1pAaMnOomHjxu-D-lqIx6IiMm5tMm7pycYUP6JlvAShGZb2E3V9KpslHHSkLCo&_nc_zt=23&_nc_ht=instagram.fmel14-1.fna&_nc_gid=ux6Z-qOe2dV0WH5WnJr3RA&_nc_ss=72a8c&oh=00_AQGLd45wm_Sul7Dln0PtDVkvy2tceIK-y1xOxTeXlW4wnA&oe=6A90F0A5,https://www.instagram.com/p/DcTVeacG11v/
Supermercado Bianchi,Carnes / Bovina,Capa de Contra Filé Bovina kg,37.99,21/08/2026,https://instagram.ffsz1-1.fna.fbcdn.net/v/t39.30808-6/784080473_1657848796345518_7184352931358203406_n.jpg?stp=dst-jpg_e35_tt6&_nc_cat=107&ig_cache_key=Mzk2ODk0NTQwODQ3NDQ3ODQ5NA%3D%3D.3-ccb7-5&ccb=7-5&_nc_sid=58cdad&efg=eyJ2ZW5jb2RlX3RhZyI6IkNBUk9VU0VMX0lURU0ueHBpZHMuMTA4MC5zZHIucmVndWxhcl9waG90by5DMyJ9&_nc_ohc=ok7KKhGT1G4Q7kNvwHXgnjf&_nc_oc=Adqo4L58Vj84JS4wAevGaBjGABsqhArK3phNvzgrvCb-oLBz7cnSPjzBmEnpc-lxjUQ&_nc_zt=23&_nc_ht=instagram.ffsz1-1.fna&_nc_gid=sBcQSkjaaUnYjycH3Stg0w&_nc_ss=72689&oh=00_AQF-NsdqX6GS4TyVjRlqD8NgKFriZ1MRItYeQk-XJZEAKQ&oe=6A910CF5,https://www.instagram.com/p/DcUhtWbCf5d/
SUPERMERCADO PARANAENSE,Carnes / Bovina,Coxão Mole (kg),39.99,21/08/2026,https://scontent-mad1-1.cdninstagram.com/v/t51.82787-15/782639788_17906516796496981_1020296803527373493_n.jpg?stp=dst-jpg_e35_tt6&_nc_cat=106&ig_cache_key=Mzk2ODI0NTY3NDgyMDQ2MDk5NA%3D%3D.3-ccb7-5&ccb=7-5&_nc_sid=58cdad&efg=eyJ2ZW5jb2RlX3RhZyI6IkZFRUQueHBpZHMuMTM1MC5zZHIucmVndWxhcl9waG90by5DMyJ9&_nc_ohc=CfekLFktTToQ7kNvwGk1Vn6&_nc_oc=AdpfcgZX3vadSRYhInSRIGrquIQ8UJVdMI70DGHIb7unvfbeLbNI3ipPnARKWc__Jbk&_nc_zt=23&_nc_ht=scontent-mad1-1.cdninstagram.com&_nc_gid=BXuiN8t91u9tBAPuGiIO2g&_nc_ss=72689&oh=00_AQHHEPrLACHnSGbLo88YtrEAnW0vsi7dq7Zd8RxN1uRxHA&oe=6A910A4D,https://www.instagram.com/p/DcSCmqlJ2HC/
SUPERMERCADO PARANAENSE,Carnes / Bovina,Patinho Bovino (kg),40.99,21/08/2026,https://scontent-mad1-1.cdninstagram.com/v/t51.82787-15/782639788_17906516796496981_1020296803527373493_n.jpg?stp=dst-jpg_e35_tt6&_nc_cat=106&ig_cache_key=Mzk2ODI0NTY3NDgyMDQ2MDk5NA%3D%3D.3-ccb7-5&ccb=7-5&_nc_sid=58cdad&efg=eyJ2ZW5jb2RlX3RhZyI6IkZFRUQueHBpZHMuMTM1MC5zZHIucmVndWxhcl9waG90by5DMyJ9&_nc_ohc=CfekLFktTToQ7kNvwGk1Vn6&_nc_oc=AdpfcgZX3vadSRYhInSRIGrquIQ8UJVdMI70DGHIb7unvfbeLbNI3ipPnARKWc__Jbk&_nc_zt=23&_nc_ht=scontent-mad1-1.cdninstagram.com&_nc_gid=BXuiN8t91u9tBAPuGiIO2g&_nc_ss=72689&oh=00_AQHHEPrLACHnSGbLo88YtrEAnW0vsi7dq7Zd8RxN1uRxHA&oe=6A910A4D,https://www.instagram.com/p/DcSCmqlJ2HC/
Super Compras Supermercado,Carnes / Bovina,Fraldinha Bovina Kg,42.99,22/08/2026,https://scontent-bcn1-1.cdninstagram.com/v/t51.82787-15/781425562_18192143110391764_1116124836587707156_n.jpg?stp=dst-jpg_e35_tt6&_nc_cat=103&ig_cache_key=Mzk2ODk1MTQ4MDU4NDU2NzM5OQ%3D%3D.3-ccb7-5&ccb=7-5&_nc_sid=58cdad&efg=eyJ2ZW5jb2RlX3RhZyI6IkZFRUQueHBpZHMuMTQ0MC5zZHIucmVndWxhcl9waG90by5DMyJ9&_nc_ohc=8hrJBMNPgMwQ7kNvwGnUvJT&_nc_oc=AdoYXp6jvZRcmSMGgqmF11k841hgU8gGUrOfeORSS__62St6UXnxn_bR0QriGzcVs-Y&_nc_zt=23&_nc_ht=scontent-bcn1-1.cdninstagram.com&_nc_gid=UupPG7b4DGODvN3vuiZpZQ&_nc_ss=7c689&oh=00_AQGFPth_49ZkwKhabICc3goRl2cNXRyeZKwTHgN8ZR1PEg&oe=6A90FC60,https://www.instagram.com/p/DcUjFfbAPpn/
Supermercado Bianchi,Carnes / Bovina,Picanha Fatiada Bovina kg,43.99,21/08/2026,https://instagram.ffsz1-1.fna.fbcdn.net/v/t39.30808-6/784080473_1657848796345518_7184352931358203406_n.jpg?stp=dst-jpg_e35_tt6&_nc_cat=107&ig_cache_key=Mzk2ODk0NTQwODQ3NDQ3ODQ5NA%3D%3D.3-ccb7-5&ccb=7-5&_nc_sid=58cdad&efg=eyJ2ZW5jb2RlX3RhZyI6IkNBUk9VU0VMX0lURU0ueHBpZHMuMTA4MC5zZHIucmVndWxhcl9waG90by5DMyJ9&_nc_ohc=ok7KKhGT1G4Q7kNvwHXgnjf&_nc_oc=Adqo4L58Vj84JS4wAevGaBjGABsqhArK3phNvzgrvCb-oLBz7cnSPjzBmEnpc-lxjUQ&_nc_zt=23&_nc_ht=instagram.ffsz1-1.fna&_nc_gid=sBcQSkjaaUnYjycH3Stg0w&_nc_ss=72689&oh=00_AQF-NsdqX6GS4TyVjRlqD8NgKFriZ1MRItYeQk-XJZEAKQ&oe=6A910CF5,https://www.instagram.com/p/DcUhtWbCf5d/
Supermercado São Pedro,Carnes / Bovina,Cupim Mexicano Kg,44.99,21/08/2026,https://instagram.fmel14-1.fna.fbcdn.net/v/t51.82787-15/780840877_18194460187382122_8037755132885706798_n.jpg?stp=dst-jpg_e35_tt6&_nc_cat=101&ig_cache_key=Mzk2ODYwOTg5NjU5MjY4NjA3MQ%3D%3D.3-ccb7-5&ccb=7-5&_nc_sid=58cdad&efg=eyJ2ZW5jb2RlX3RhZyI6IkNBUk9VU0VMX0lURU0ueHBpZHMuMjE2MS5zZHIucmVndWxhcl9waG90by5DMyJ9&_nc_ohc=AVqS_fxt8Z8Q7kNvwHIXPK_&_nc_oc=AdpTt1pAaMnOomHjxu-D-lqIx6IiMm5tMm7pycYUP6JlvAShGZb2E3V9KpslHHSkLCo&_nc_zt=23&_nc_ht=instagram.fmel14-1.fna&_nc_gid=ux6Z-qOe2dV0WH5WnJr3RA&_nc_ss=72a8c&oh=00_AQGLd45wm_Sul7Dln0PtDVkvy2tceIK-y1xOxTeXlW4wnA&oe=6A90F0A5,https://www.instagram.com/p/DcTVeacG11v/
Super Compras Supermercado,Carnes / Bovina,Maminha Bovina Kg,44.99,22/08/2026,https://scontent-bcn1-1.cdninstagram.com/v/t51.82787-15/781425562_18192143110391764_1116124836587707156_n.jpg?stp=dst-jpg_e35_tt6&_nc_cat=103&ig_cache_key=Mzk2ODk1MTQ4MDU4NDU2NzM5OQ%3D%3D.3-ccb7-5&ccb=7-5&_nc_sid=58cdad&efg=eyJ2ZW5jb2RlX3RhZyI6IkZFRUQueHBpZHMuMTQ0MC5zZHIucmVndWxhcl9waG90by5DMyJ9&_nc_ohc=8hrJBMNPgMwQ7kNvwGnUvJT&_nc_oc=AdoYXp6jvZRcmSMGgqmF11k841hgU8gGUrOfeORSS__62St6UXnxn_bR0QriGzcVs-Y&_nc_zt=23&_nc_ht=scontent-bcn1-1.cdninstagram.com&_nc_gid=UupPG7b4DGODvN3vuiZpZQ&_nc_ss=7c689&oh=00_AQGFPth_49ZkwKhabICc3goRl2cNXRyeZKwTHgN8ZR1PEg&oe=6A90FC60,https://www.instagram.com/p/DcUjFfbAPpn/
Mercado Talismã,Carnes / Bovina,MAMINHA,44.99,23/08/2026,https://scontent-fra5-1.cdninstagram.com/v/t51.82787-15/784428408_18093165719531849_770231522003913391_n.jpg?stp=dst-jpg_e35_tt6&_nc_cat=110&ig_cache_key=Mzk3MDAyODMzNTQzMzkzNjEwMg%3D%3D.3-ccb7-5&ccb=7-5&_nc_sid=58cdad&efg=eyJ2ZW5jb2RlX3RhZyI6IkNBUk9VU0VMX0lURU0ueHBpZHMuMTI1NC5zZHIucmVndWxhcl9waG90by5DMyJ9&_nc_ohc=GmsJ3vXSy68Q7kNvwGVSkpu&_nc_oc=AdrX8bB7qu-gebCkviipVGlLQBoWjR3klESFn4IDdWp5bK13cysX49UPbueDkRufjDQ&_nc_zt=23&_nc_ht=scontent-fra5-1.cdninstagram.com&_nc_gid=OmicEssyz1TeBVLhoQb82w&_nc_ss=7c689&oh=00_AQEDm3gEunrfUYdARNpzzDwo5CwS5UgvXEEnZXE5WYRy-g&oe=6A910F00,https://www.instagram.com/p/DcYX8qUEXk2/
Supermercado Bianchi,Carnes / Bovina,Cupim Bovino kg,45.99,21/08/2026,https://instagram.ffsz1-2.fna.fbcdn.net/v/t39.30808-6/783592781_1657848779678853_846802542024845217_n.jpg?stp=dst-jpg_e35_tt6&_nc_cat=104&ig_cache_key=Mzk2ODk0NTQwNzM1MDQwNDUxOQ%3D%3D.3-ccb7-5&ccb=7-5&_nc_sid=58cdad&efg=eyJ2ZW5jb2RlX3RhZyI6IkNBUk9VU0VMX0lURU0ueHBpZHMuMTA4MC5zZHIucmVndWxhcl9waG90by5DMyJ9&_nc_ohc=iB6xP_moLBkQ7kNvwFPBa6X&_nc_oc=AdqJH-8uZRIQxaKMk_Ml38CUAN6JBNttUXmjoP0B92jE9WMiTxCkR2gh7TrinJ91T20&_nc_zt=23&_nc_ht=instagram.ffsz1-2.fna&_nc_gid=sBcQSkjaaUnYjycH3Stg0w&_nc_ss=72689&oh=00_AQGlmL2kbhKVnG_Ve-bZ17g1P_iqz4w9A_Mn2NMYJuCosQ&oe=6A9100B8,https://www.instagram.com/p/DcUhtWbCf5d/
Supermercado São Pedro,Carnes / Bovina,Bananinha a Vácuo Boi Branco Kg,46.99,21/08/2026,https://instagram.fmel14-1.fna.fbcdn.net/v/t51.82787-15/780840877_18194460187382122_8037755132885706798_n.jpg?stp=dst-jpg_e35_tt6&_nc_cat=101&ig_cache_key=Mzk2ODYwOTg5NjU5MjY4NjA3MQ%3D%3D.3-ccb7-5&ccb=7-5&_nc_sid=58cdad&efg=eyJ2ZW5jb2RlX3RhZyI6IkNBUk9VU0VMX0lURU0ueHBpZHMuMjE2MS5zZHIucmVndWxhcl9waG90by5DMyJ9&_nc_ohc=AVqS_fxt8Z8Q7kNvwHIXPK_&_nc_oc=AdpTt1pAaMnOomHjxu-D-lqIx6IiMm5tMm7pycYUP6JlvAShGZb2E3V9KpslHHSkLCo&_nc_zt=23&_nc_ht=instagram.fmel14-1.fna&_nc_gid=ux6Z-qOe2dV0WH5WnJr3RA&_nc_ss=72a8c&oh=00_AQGLd45wm_Sul7Dln0PtDVkvy2tceIK-y1xOxTeXlW4wnA&oe=6A90F0A5,https://www.instagram.com/p/DcTVeacG11v/
Super Compras Supermercado,Carnes / Bovina,Alcatra Bovina Kg,47.99,22/08/2026,https://scontent-bcn1-1.cdninstagram.com/v/t51.82787-15/781425562_18192143110391764_1116124836587707156_n.jpg?stp=dst-jpg_e35_tt6&_nc_cat=103&ig_cache_key=Mzk2ODk1MTQ4MDU4NDU2NzM5OQ%3D%3D.3-ccb7-5&ccb=7-5&_nc_sid=58cdad&efg=eyJ2ZW5jb2RlX3RhZyI6IkZFRUQueHBpZHMuMTQ0MC5zZHIucmVndWxhcl9waG90by5DMyJ9&_nc_ohc=8hrJBMNPgMwQ7kNvwGnUvJT&_nc_oc=AdoYXp6jvZRcmSMGgqmF11k841hgU8gGUrOfeORSS__62St6UXnxn_bR0QriGzcVs-Y&_nc_zt=23&_nc_ht=scontent-bcn1-1.cdninstagram.com&_nc_gid=UupPG7b4DGODvN3vuiZpZQ&_nc_ss=7c689&oh=00_AQGFPth_49ZkwKhabICc3goRl2cNXRyeZKwTHgN8ZR1PEg&oe=6A90FC60,https://www.instagram.com/p/DcUjFfbAPpn/
Supermercado São Pedro,Carnes / Bovina,Maminha a Vácuo Friboi Kg,49.99,21/08/2026,https://instagram.fmel14-1.fna.fbcdn.net/v/t51.82787-15/780840877_18194460187382122_8037755132885706798_n.jpg?stp=dst-jpg_e35_tt6&_nc_cat=101&ig_cache_key=Mzk2ODYwOTg5NjU5MjY4NjA3MQ%3D%3D.3-ccb7-5&ccb=7-5&_nc_sid=58cdad&efg=eyJ2ZW5jb2RlX3RhZyI6IkNBUk9VU0VMX0lURU0ueHBpZHMuMjE2MS5zZHIucmVndWxhcl9waG90by5DMyJ9&_nc_ohc=AVqS_fxt8Z8Q7kNvwHIXPK_&_nc_oc=AdpTt1pAaMnOomHjxu-D-lqIx6IiMm5tMm7pycYUP6JlvAShGZb2E3V9KpslHHSkLCo&_nc_zt=23&_nc_ht=instagram.fmel14-1.fna&_nc_gid=ux6Z-qOe2dV0WH5WnJr3RA&_nc_ss=72a8c&oh=00_AQGLd45wm_Sul7Dln0PtDVkvy2tceIK-y1xOxTeXlW4wnA&oe=6A90F0A5,https://www.instagram.com/p/DcTVeacG11v/
SUPERMERCADO PARANAENSE,Carnes / Peixes,Peixe Tambatinga (kg),24.99,21/08/2026,https://scontent-mad1-1.cdninstagram.com/v/t51.82787-15/782639788_17906516796496981_1020296803527373493_n.jpg?stp=dst-jpg_e35_tt6&_nc_cat=106&ig_cache_key=Mzk2ODI0NTY3NDgyMDQ2MDk5NA%3D%3D.3-ccb7-5&ccb=7-5&_nc_sid=58cdad&efg=eyJ2ZW5jb2RlX3RhZyI6IkZFRUQueHBpZHMuMTM1MC5zZHIucmVndWxhcl9waG90by5DMyJ9&_nc_ohc=CfekLFktTToQ7kNvwGk1Vn6&_nc_oc=AdpfcgZX3vadSRYhInSRIGrquIQ8UJVdMI70DGHIb7unvfbeLbNI3ipPnARKWc__Jbk&_nc_zt=23&_nc_ht=scontent-mad1-1.cdninstagram.com&_nc_gid=BXuiN8t91u9tBAPuGiIO2g&_nc_ss=72689&oh=00_AQHHEPrLACHnSGbLo88YtrEAnW0vsi7dq7Zd8RxN1uRxHA&oe=6A910A4D,https://www.instagram.com/p/DcSCmqlJ2HC/
Supermercado Bianchi,Carnes / Peixes,Peixe Inteiro Pintado,42.99,21/08/2026,https://scontent-yyz1-1.cdninstagram.com/v/t39.30808-6/782170702_1657849206345477_5831566733473110975_n.jpg?stp=dst-jpg_e35_tt6&_nc_cat=100&ig_cache_key=Mzk2ODk0NTQxMzExMjgxNzUxNQ%3D%3D.3-ccb7-5&ccb=7-5&_nc_sid=58cdad&efg=eyJ2ZW5jb2RlX3RhZyI6IkNBUk9VU0VMX0lURU0ueHBpZHMuMTYzOC5zZHIucmVndWxhcl9waG90by5DMyJ9&_nc_ohc=nPR0J7MpbqkQ7kNvwEzZDbd&_nc_oc=Adpry1jPlvmvV7LmOysUv_LLV-FhwGPWDm6Rg71oYFbsfnxKMCaabjnOktNcjUzgqa4&_nc_zt=23&_nc_ht=scontent-yyz1-1.cdninstagram.com&_nc_gid=dY8EOS28NOwxEEhDuq8XVw&_nc_ss=7ca8c&oh=00_AQF-3Hwtj3T7Ih66se1e5vSAzuucm9zNOnyzT88McSTO4Q&oe=6A90F3F7,https://www.instagram.com/p/DcUhthogY_o/
Supermercado Bianchi,Carnes / Suína e Embutidos,HAMBURGUER BOVINO E AVES SADIA 56G,1.39,21/08/2026,https://scontent-yyz1-1.cdninstagram.com/v/t39.30808-6/784389478_1657849223012142_713593503530775725_n.jpg?stp=dst-jpg_e35_tt6&_nc_cat=104&ig_cache_key=Mzk2ODk0NTQxMTAwNzI5MjQ2Mg%3D%3D.3-ccb7-5&ccb=7-5&_nc_sid=58cdad&efg=eyJ2ZW5jb2RlX3RhZyI6IkNBUk9VU0VMX0lURU0ueHBpZHMuMTYzOC5zZHIucmVndWxhcl9waG90by5DMyJ9&_nc_ohc=4yeRiUBdoz4Q7kNvwH4CAW4&_nc_oc=Adr4k_7LZLxbp0Mpc1U3LRpqJwAUdmeIxcez1RLd5l-ZUOOlW-nLlVfQjkxV6qTDi7Y&_nc_zt=23&_nc_ht=scontent-yyz1-1.cdninstagram.com&_nc_gid=dY8EOS28NOwxEEhDuq8XVw&_nc_ss=7ca8c&oh=00_AQHNk_zWVxhT71iSTJfQ-MpAR064PheCUWWVwwYmpOPcsQ&oe=6A9110F3,https://www.instagram.com/p/DcUhthogY_o/
Supermercado São Pedro,Carnes / Suína e Embutidos,Mortadela Defumada Sadia 180g,5.99,21/08/2026,https://instagram.fmel14-1.fna.fbcdn.net/v/t51.82787-15/779957410_18194460196382122_4239320256883363950_n.jpg?stp=dst-jpg_e35_tt6&_nc_cat=111&ig_cache_key=Mzk2ODYwOTg5OTE2Nzk4NjAwMA%3D%3D.3-ccb7-5&ccb=7-5&_nc_sid=58cdad&efg=eyJ2ZW5jb2RlX3RhZyI6IkNBUk9VU0VMX0lURU0ueHBpZHMuMjE2MS5zZHIucmVndWxhcl9waG90by5DMyJ9&_nc_ohc=lCs7XFPuzTIQ7kNvwHFF4nb&_nc_oc=Adqdqo2VsTckPHVJ3EiF5nzerW_qgr3tOsXCIILFRiDdN1BxLl6gCZq4Cq5ABetFCxQ&_nc_zt=23&_nc_ht=instagram.fmel14-1.fna&_nc_gid=ux6Z-qOe2dV0WH5WnJr3RA&_nc_ss=72a8c&oh=00_AQFmdrN31hz1yAFrEjucFs5FYgWCLEDLeOOPE8Un15Fgpg&oe=6A90F1C1,https://www.instagram.com/p/DcTVeacG11v/
Mercado Talismã,Carnes / Suína e Embutidos,PERNIL SUINO,8.99,23/08/2026,https://scontent-fra5-1.cdninstagram.com/v/t51.82787-15/784428408_18093165719531849_770231522003913391_n.jpg?stp=dst-jpg_e35_tt6&_nc_cat=110&ig_cache_key=Mzk3MDAyODMzNTQzMzkzNjEwMg%3D%3D.3-ccb7-5&ccb=7-5&_nc_sid=58cdad&efg=eyJ2ZW5jb2RlX3RhZyI6IkNBUk9VU0VMX0lURU0ueHBpZHMuMTI1NC5zZHIucmVndWxhcl9waG90by5DMyJ9&_nc_ohc=GmsJ3vXSy68Q7kNvwGVSkpu&_nc_oc=AdrX8bB7qu-gebCkviipVGlLQBoWjR3klESFn4IDdWp5bK13cysX49UPbueDkRufjDQ&_nc_zt=23&_nc_ht=scontent-fra5-1.cdninstagram.com&_nc_gid=OmicEssyz1TeBVLhoQb82w&_nc_ss=7c689&oh=00_AQEDm3gEunrfUYdARNpzzDwo5CwS5UgvXEEnZXE5WYRy-g&oe=6A910F00,https://www.instagram.com/p/DcYX8qUEXk2/
Super Compras Supermercado,Carnes / Suína e Embutidos,Mortadela Perdigão Bolognella - Kg,9.99,21/08/2026,https://instagram.fkix1-2.fna.fbcdn.net/v/t51.82787-15/780140079_18192045034391764_7683991793781918786_n.jpg?stp=dst-jpg_e35_tt6&_nc_cat=103&ig_cache_key=Mzk2ODIxODA0ODc2ODI1MjE2NA%3D%3D.3-ccb7-5&ccb=7-5&_nc_sid=58cdad&efg=eyJ2ZW5jb2RlX3RhZyI6IkZFRUQueHBpZHMuMTQ0MC5zZHIucmVndWxhcl9waG90by5DMyJ9&_nc_ohc=MnWLmv7izFEQ7kNvwHXigpa&_nc_oc=AdoUtff4aarrhcvw-vdfk-s13MRYCT4UgBveYp6TRaSiAZD6Vv8wX0aDxTyuLBOkhm5IgTCXkxKRdPNG7AyDfS7U&_nc_zt=23&_nc_ht=instagram.fkix1-2.fna&_nc_gid=0evyVvBYHSU_Cm4Iwk7vOg&_nc_ss=72689&oh=00_AQHGgjMqXbWr_LPI5_m7Ny1tjSUnuOJrNizw6mgVwGitfA&oe=6A90EBEE,https://www.instagram.com/p/DcR8Up0IBkE/
Bom Jesus Primavera do Leste 🛒,Carnes / Suína e Embutidos,Linguiça Calabresa Excelência Black 400g,10.99,21/08/2026,https://scontent-fra3-1.cdninstagram.com/v/t51.82787-15/782344855_18373759252237813_7320855115066332806_n.jpg?stp=dst-jpg_e35_tt6&_nc_cat=101&ig_cache_key=Mzk2ODYwMzg2MTkyMDUwNTIwMg%3D%3D.3-ccb7-5&ccb=7-5&_nc_sid=58cdad&efg=eyJ2ZW5jb2RlX3RhZyI6IkNBUk9VU0VMX0lURU0ueHBpZHMuMTA4MC5zZHIucmVndWxhcl9waG90by5DMyJ9&_nc_ohc=EXXZ6F7wf7QQ7kNvwExN-F_&_nc_oc=Adqy_WCiNpvnqeKDoGaznLUTOweN1UIsrQuI9YOY_SXa-FPNBFlsWjSQimULI31xoac&_nc_zt=23&_nc_ht=scontent-fra3-1.cdninstagram.com&_nc_gid=F6S7ALtEyd_ZpDSi6b98wg&_nc_ss=7c689&oh=00_AQGdQP6Yd6p_wT_FEaeuUfgwheGcQsrIuZgAHmm6EwP6RA&oe=6A90E02C,https://www.instagram.com/p/DcTUD7jlm8n/
SUPERMERCADO PARANAENSE,Carnes / Suína e Embutidos,Pernil Suíno (kg),10.99,21/08/2026,https://scontent-mad1-1.cdninstagram.com/v/t51.82787-15/782639788_17906516796496981_1020296803527373493_n.jpg?stp=dst-jpg_e35_tt6&_nc_cat=106&ig_cache_key=Mzk2ODI0NTY3NDgyMDQ2MDk5NA%3D%3D.3-ccb7-5&ccb=7-5&_nc_sid=58cdad&efg=eyJ2ZW5jb2RlX3RhZyI6IkZFRUQueHBpZHMuMTM1MC5zZHIucmVndWxhcl9waG90by5DMyJ9&_nc_ohc=CfekLFktTToQ7kNvwGk1Vn6&_nc_oc=AdpfcgZX3vadSRYhInSRIGrquIQ8UJVdMI70DGHIb7unvfbeLbNI3ipPnARKWc__Jbk&_nc_zt=23&_nc_ht=scontent-mad1-1.cdninstagram.com&_nc_gid=BXuiN8t91u9tBAPuGiIO2g&_nc_ss=72689&oh=00_AQHHEPrLACHnSGbLo88YtrEAnW0vsi7dq7Zd8RxN1uRxHA&oe=6A910A4D,https://www.instagram.com/p/DcSCmqlJ2HC/
SUPERMERCADO PARANAENSE,Carnes / Suína e Embutidos,Linguiça Toscana Excelência (kg),14.99,21/08/2026,https://scontent-mad1-1.cdninstagram.com/v/t51.82787-15/782639788_17906516796496981_1020296803527373493_n.jpg?stp=dst-jpg_e35_tt6&_nc_cat=106&ig_cache_key=Mzk2ODI0NTY3NDgyMDQ2MDk5NA%3D%3D.3-ccb7-5&ccb=7-5&_nc_sid=58cdad&efg=eyJ2ZW5jb2RlX3RhZyI6IkZFRUQueHBpZHMuMTM1MC5zZHIucmVndWxhcl9waG90by5DMyJ9&_nc_ohc=CfekLFktTToQ7kNvwGk1Vn6&_nc_oc=AdpfcgZX3vadSRYhInSRIGrquIQ8UJVdMI70DGHIb7unvfbeLbNI3ipPnARKWc__Jbk&_nc_zt=23&_nc_ht=scontent-mad1-1.cdninstagram.com&_nc_gid=BXuiN8t91u9tBAPuGiIO2g&_nc_ss=72689&oh=00_AQHHEPrLACHnSGbLo88YtrEAnW0vsi7dq7Zd8RxN1uRxHA&oe=6A910A4D,https://www.instagram.com/p/DcSCmqlJ2HC/
Supermercado Bianchi,Carnes / Suína e Embutidos,LINGUIÇA TIPO CALABRESA ENROLADINHA PERDIGÃO 500G,14.99,21/08/2026,https://scontent-yyz1-1.cdninstagram.com/v/t39.30808-6/784389478_1657849223012142_713593503530775725_n.jpg?stp=dst-jpg_e35_tt6&_nc_cat=104&ig_cache_key=Mzk2ODk0NTQxMTAwNzI5MjQ2Mg%3D%3D.3-ccb7-5&ccb=7-5&_nc_sid=58cdad&efg=eyJ2ZW5jb2RlX3RhZyI6IkNBUk9VU0VMX0lURU0ueHBpZHMuMTYzOC5zZHIucmVndWxhcl9waG90by5DMyJ9&_nc_ohc=4yeRiUBdoz4Q7kNvwH4CAW4&_nc_oc=Adr4k_7LZLxbp0Mpc1U3LRpqJwAUdmeIxcez1RLd5l-ZUOOlW-nLlVfQjkxV6qTDi7Y&_nc_zt=23&_nc_ht=scontent-yyz1-1.cdninstagram.com&_nc_gid=dY8EOS28NOwxEEhDuq8XVw&_nc_ss=7ca8c&oh=00_AQHNk_zWVxhT71iSTJfQ-MpAR064PheCUWWVwwYmpOPcsQ&oe=6A9110F3,https://www.instagram.com/p/DcUhthogY_o/
Supermercado São Pedro,Carnes / Suína e Embutidos,Linguiça Toscana Excelência Kg,15.99,21/08/2026,https://instagram.fmel14-1.fna.fbcdn.net/v/t51.82787-15/780840877_18194460187382122_8037755132885706798_n.jpg?stp=dst-jpg_e35_tt6&_nc_cat=101&ig_cache_key=Mzk2ODYwOTg5NjU5MjY4NjA3MQ%3D%3D.3-ccb7-5&ccb=7-5&_nc_sid=58cdad&efg=eyJ2ZW5jb2RlX3RhZyI6IkNBUk9VU0VMX0lURU0ueHBpZHMuMjE2MS5zZHIucmVndWxhcl9waG90by5DMyJ9&_nc_ohc=AVqS_fxt8Z8Q7kNvwHIXPK_&_nc_oc=AdpTt1pAaMnOomHjxu-D-lqIx6IiMm5tMm7pycYUP6JlvAShGZb2E3V9KpslHHSkLCo&_nc_zt=23&_nc_ht=instagram.fmel14-1.fna&_nc_gid=ux6Z-qOe2dV0WH5WnJr3RA&_nc_ss=72a8c&oh=00_AQGLd45wm_Sul7Dln0PtDVkvy2tceIK-y1xOxTeXlW4wnA&oe=6A90F0A5,https://www.instagram.com/p/DcTVeacG11v/
Bom Jesus Primavera do Leste 🛒,Carnes / Suína e Embutidos,Linguiça Toscana Excelência,15.99,21/08/2026,https://scontent-fra3-1.cdninstagram.com/v/t51.82787-15/782344855_18373759252237813_7320855115066332806_n.jpg?stp=dst-jpg_e35_tt6&_nc_cat=101&ig_cache_key=Mzk2ODYwMzg2MTkyMDUwNTIwMg%3D%3D.3-ccb7-5&ccb=7-5&_nc_sid=58cdad&efg=eyJ2ZW5jb2RlX3RhZyI6IkNBUk9VU0VMX0lURU0ueHBpZHMuMTA4MC5zZHIucmVndWxhcl9waG90by5DMyJ9&_nc_ohc=EXXZ6F7wf7QQ7kNvwExN-F_&_nc_oc=Adqy_WCiNpvnqeKDoGaznLUTOweN1UIsrQuI9YOY_SXa-FPNBFlsWjSQimULI31xoac&_nc_zt=23&_nc_ht=scontent-fra3-1.cdninstagram.com&_nc_gid=F6S7ALtEyd_ZpDSi6b98wg&_nc_ss=7c689&oh=00_AQGdQP6Yd6p_wT_FEaeuUfgwheGcQsrIuZgAHmm6EwP6RA&oe=6A90E02C,https://www.instagram.com/p/DcTUD7jlm8n/
Mercado Talismã,Carnes / Suína e Embutidos,LINGUIÇA TOSCANA EXCELÊNCIA,15.99,23/08/2026,https://scontent-fra5-1.cdninstagram.com/v/t51.82787-15/784428408_18093165719531849_770231522003913391_n.jpg?stp=dst-jpg_e35_tt6&_nc_cat=110&ig_cache_key=Mzk3MDAyODMzNTQzMzkzNjEwMg%3D%3D.3-ccb7-5&ccb=7-5&_nc_sid=58cdad&efg=eyJ2ZW5jb2RlX3RhZyI6IkNBUk9VU0VMX0lURU0ueHBpZHMuMTI1NC5zZHIucmVndWxhcl9waG90by5DMyJ9&_nc_ohc=GmsJ3vXSy68Q7kNvwGVSkpu&_nc_oc=AdrX8bB7qu-gebCkviipVGlLQBoWjR3klESFn4IDdWp5bK13cysX49UPbueDkRufjDQ&_nc_zt=23&_nc_ht=scontent-fra5-1.cdninstagram.com&_nc_gid=OmicEssyz1TeBVLhoQb82w&_nc_ss=7c689&oh=00_AQEDm3gEunrfUYdARNpzzDwo5CwS5UgvXEEnZXE5WYRy-g&oe=6A910F00,https://www.instagram.com/p/DcYX8qUEXk2/
Supermercado Bianchi,Carnes / Suína e Embutidos,Bacon Fatiado Perdigão 250g,18.99,21/08/2026,https://scontent-yyz1-1.cdninstagram.com/v/t39.30808-6/784063255_1657849239678807_5513880334027503636_n.jpg?stp=dst-jpg_e35_tt6&_nc_cat=101&ig_cache_key=Mzk2ODk0NTQxMjQ4MzY4NTI0Mg%3D%3D.3-ccb7-5&ccb=7-5&_nc_sid=58cdad&efg=eyJ2ZW5jb2RlX3RhZyI6IkNBUk9VU0VMX0lURU0ueHBpZHMuMTYzOC5zZHIucmVndWxhcl9waG90by5DMyJ9&_nc_ohc=e3PyeUdWKzcQ7kNvwFfoIdM&_nc_oc=AdpXHNojV04_Ztq9FS7FoxOJ5FhDWDxrZ-JFHheLjp9ArMiYqy2JRLdd5QbnmII9xF8&_nc_zt=23&_nc_ht=scontent-yyz1-1.cdninstagram.com&_nc_gid=dY8EOS28NOwxEEhDuq8XVw&_nc_ss=7ca8c&oh=00_AQFejW8B6oti8qQ6tfjagpZ5w86G3C84MOUzFLrW7Dm-tA&oe=6A9115F5,https://www.instagram.com/p/DcUhthogY_o/
Super Compras Supermercado,Carnes / Suína e Embutidos,Linguiça Suína Api. - Kg,21.99,22/08/2026,https://scontent-bcn1-1.cdninstagram.com/v/t51.82787-15/781425562_18192143110391764_1116124836587707156_n.jpg?stp=dst-jpg_e35_tt6&_nc_cat=103&ig_cache_key=Mzk2ODk1MTQ4MDU4NDU2NzM5OQ%3D%3D.3-ccb7-5&ccb=7-5&_nc_sid=58cdad&efg=eyJ2ZW5jb2RlX3RhZyI6IkZFRUQueHBpZHMuMTQ0MC5zZHIucmVndWxhcl9waG90by5DMyJ9&_nc_ohc=8hrJBMNPgMwQ7kNvwGnUvJT&_nc_oc=AdoYXp6jvZRcmSMGgqmF11k841hgU8gGUrOfeORSS__62St6UXnxn_bR0QriGzcVs-Y&_nc_zt=23&_nc_ht=scontent-bcn1-1.cdninstagram.com&_nc_gid=UupPG7b4DGODvN3vuiZpZQ&_nc_ss=7c689&oh=00_AQGFPth_49ZkwKhabICc3goRl2cNXRyeZKwTHgN8ZR1PEg&oe=6A90FC60,https://www.instagram.com/p/DcUjFfbAPpn/
SUPERMERCADO PARANAENSE,Carnes / Suína e Embutidos,Linguiça Apimentada (kg),21.99,21/08/2026,https://scontent-mad1-1.cdninstagram.com/v/t51.82787-15/782639788_17906516796496981_1020296803527373493_n.jpg?stp=dst-jpg_e35_tt6&_nc_cat=106&ig_cache_key=Mzk2ODI0NTY3NDgyMDQ2MDk5NA%3D%3D.3-ccb7-5&ccb=7-5&_nc_sid=58cdad&efg=eyJ2ZW5jb2RlX3RhZyI6IkZFRUQueHBpZHMuMTM1MC5zZHIucmVndWxhcl9waG90by5DMyJ9&_nc_ohc=CfekLFktTToQ7kNvwGk1Vn6&_nc_oc=AdpfcgZX3vadSRYhInSRIGrquIQ8UJVdMI70DGHIb7unvfbeLbNI3ipPnARKWc__Jbk&_nc_zt=23&_nc_ht=scontent-mad1-1.cdninstagram.com&_nc_gid=BXuiN8t91u9tBAPuGiIO2g&_nc_ss=72689&oh=00_AQHHEPrLACHnSGbLo88YtrEAnW0vsi7dq7Zd8RxN1uRxHA&oe=6A910A4D,https://www.instagram.com/p/DcSCmqlJ2HC/
Bom Jesus Primavera do Leste 🛒,Carnes / Suína e Embutidos,Presunto Cozido Excelência,22.99,21/08/2026,https://scontent-fra3-1.cdninstagram.com/v/t51.82787-15/782344855_18373759252237813_7320855115066332806_n.jpg?stp=dst-jpg_e35_tt6&_nc_cat=101&ig_cache_key=Mzk2ODYwMzg2MTkyMDUwNTIwMg%3D%3D.3-ccb7-5&ccb=7-5&_nc_sid=58cdad&efg=eyJ2ZW5jb2RlX3RhZyI6IkNBUk9VU0VMX0lURU0ueHBpZHMuMTA4MC5zZHIucmVndWxhcl9waG90by5DMyJ9&_nc_ohc=EXXZ6F7wf7QQ7kNvwExN-F_&_nc_oc=Adqy_WCiNpvnqeKDoGaznLUTOweN1UIsrQuI9YOY_SXa-FPNBFlsWjSQimULI31xoac&_nc_zt=23&_nc_ht=scontent-fra3-1.cdninstagram.com&_nc_gid=F6S7ALtEyd_ZpDSi6b98wg&_nc_ss=7c689&oh=00_AQGdQP6Yd6p_wT_FEaeuUfgwheGcQsrIuZgAHmm6EwP6RA&oe=6A90E02C,https://www.instagram.com/p/DcTUD7jlm8n/
Supermercado Bianchi,Carnes / Suína e Embutidos,Mortadela Fatiada Perdigão Ouro (kg),24.99,21/08/2026,https://scontent-yyz1-1.cdninstagram.com/v/t39.30808-6/784063255_1657849239678807_5513880334027503636_n.jpg?stp=dst-jpg_e35_tt6&_nc_cat=101&ig_cache_key=Mzk2ODk0NTQxMjQ4MzY4NTI0Mg%3D%3D.3-ccb7-5&ccb=7-5&_nc_sid=58cdad&efg=eyJ2ZW5jb2RlX3RhZyI6IkNBUk9VU0VMX0lURU0ueHBpZHMuMTYzOC5zZHIucmVndWxhcl9waG90by5DMyJ9&_nc_ohc=e3PyeUdWKzcQ7kNvwFfoIdM&_nc_oc=AdpXHNojV04_Ztq9FS7FoxOJ5FhDWDxrZ-JFHheLjp9ArMiYqy2JRLdd5QbnmII9xF8&_nc_zt=23&_nc_ht=scontent-yyz1-1.cdninstagram.com&_nc_gid=dY8EOS28NOwxEEhDuq8XVw&_nc_ss=7ca8c&oh=00_AQFejW8B6oti8qQ6tfjagpZ5w86G3C84MOUzFLrW7Dm-tA&oe=6A9115F5,https://www.instagram.com/p/DcUhthogY_o/
Supermercado Bianchi,Carnes / Suína e Embutidos,Presunto Fatiado (kg),26.99,21/08/2026,https://scontent-yyz1-1.cdninstagram.com/v/t39.30808-6/784063255_1657849239678807_5513880334027503636_n.jpg?stp=dst-jpg_e35_tt6&_nc_cat=101&ig_cache_key=Mzk2ODk0NTQxMjQ4MzY4NTI0Mg%3D%3D.3-ccb7-5&ccb=7-5&_nc_sid=58cdad&efg=eyJ2ZW5jb2RlX3RhZyI6IkNBUk9VU0VMX0lURU0ueHBpZHMuMTYzOC5zZHIucmVndWxhcl9waG90by5DMyJ9&_nc_ohc=e3PyeUdWKzcQ7kNvwFfoIdM&_nc_oc=AdpXHNojV04_Ztq9FS7FoxOJ5FhDWDxrZ-JFHheLjp9ArMiYqy2JRLdd5QbnmII9xF8&_nc_zt=23&_nc_ht=scontent-yyz1-1.cdninstagram.com&_nc_gid=dY8EOS28NOwxEEhDuq8XVw&_nc_ss=7ca8c&oh=00_AQFejW8B6oti8qQ6tfjagpZ5w86G3C84MOUzFLrW7Dm-tA&oe=6A9115F5,https://www.instagram.com/p/DcUhthogY_o/
Supermercado Bianchi,Carnes / Suína e Embutidos,Salame Italiano Sadia (kg),59.99,21/08/2026,https://scontent-yyz1-1.cdninstagram.com/v/t39.30808-6/784063255_1657849239678807_5513880334027503636_n.jpg?stp=dst-jpg_e35_tt6&_nc_cat=101&ig_cache_key=Mzk2ODk0NTQxMjQ4MzY4NTI0Mg%3D%3D.3-ccb7-5&ccb=7-5&_nc_sid=58cdad&efg=eyJ2ZW5jb2RlX3RhZyI6IkNBUk9VU0VMX0lURU0ueHBpZHMuMTYzOC5zZHIucmVndWxhcl9waG90by5DMyJ9&_nc_ohc=e3PyeUdWKzcQ7kNvwFfoIdM&_nc_oc=AdpXHNojV04_Ztq9FS7FoxOJ5FhDWDxrZ-JFHheLjp9ArMiYqy2JRLdd5QbnmII9xF8&_nc_zt=23&_nc_ht=scontent-yyz1-1.cdninstagram.com&_nc_gid=dY8EOS28NOwxEEhDuq8XVw&_nc_ss=7ca8c&oh=00_AQFejW8B6oti8qQ6tfjagpZ5w86G3C84MOUzFLrW7Dm-tA&oe=6A9115F5,https://www.instagram.com/p/DcUhthogY_o/
Supermercado Bianchi,Congelados e Sobremesas,Pizza Sadia Sabores 460g,17.99,21/08/2026,https://scontent-yyz1-1.cdninstagram.com/v/t39.30808-6/784063255_1657849239678807_5513880334027503636_n.jpg?stp=dst-jpg_e35_tt6&_nc_cat=101&ig_cache_key=Mzk2ODk0NTQxMjQ4MzY4NTI0Mg%3D%3D.3-ccb7-5&ccb=7-5&_nc_sid=58cdad&efg=eyJ2ZW5jb2RlX3RhZyI6IkNBUk9VU0VMX0lURU0ueHBpZHMuMTYzOC5zZHIucmVndWxhcl9waG90by5DMyJ9&_nc_ohc=e3PyeUdWKzcQ7kNvwFfoIdM&_nc_oc=AdpXHNojV04_Ztq9FS7FoxOJ5FhDWDxrZ-JFHheLjp9ArMiYqy2JRLdd5QbnmII9xF8&_nc_zt=23&_nc_ht=scontent-yyz1-1.cdninstagram.com&_nc_gid=dY8EOS28NOwxEEhDuq8XVw&_nc_ss=7ca8c&oh=00_AQFejW8B6oti8qQ6tfjagpZ5w86G3C84MOUzFLrW7Dm-tA&oe=6A9115F5,https://www.instagram.com/p/DcUhthogY_o/
Bom Jesus Primavera do Leste 🛒,Higiene / Cuidados Pessoais,Sabonete em Barra Nivea Fragrâncias 85g,2.19,21/08/2026,https://scontent-fra3-1.cdninstagram.com/v/t51.82787-15/778794332_18373759255237813_8826403310576910692_n.jpg?stp=dst-jpg_e35_tt6&_nc_cat=101&ig_cache_key=Mzk2ODYwMzg2MzYxMTAyNjY2MQ%3D%3D.3-ccb7-5&ccb=7-5&_nc_sid=58cdad&efg=eyJ2ZW5jb2RlX3RhZyI6IkNBUk9VU0VMX0lURU0ueHBpZHMuMTA4MC5zZHIucmVndWxhcl9waG90by5DMyJ9&_nc_ohc=DryH40MHA-0Q7kNvwEvPMk5&_nc_oc=AdoBY9nLjJ7lwJ5DYL1N0eP_xSN0wh29CQl3IicBMMqFmmTMhMA7Ic9-kqavP-kLoBE&_nc_zt=23&_nc_ht=scontent-fra3-1.cdninstagram.com&_nc_gid=F6S7ALtEyd_ZpDSi6b98wg&_nc_ss=7c689&oh=00_AQF6iyq_nChaG0T1lWjjrCaEmhoamvPrt8vnwK4RCLXpFQ&oe=6A90ED5B,https://www.instagram.com/p/DcTUD7jlm8n/
Bom Jesus Primavera do Leste 🛒,Higiene / Cuidados Pessoais,Desodorante Aerosol Antitranspirante Nivea Fragrâncias 150ml,12.99,21/08/2026,https://scontent-fra3-1.cdninstagram.com/v/t51.82787-15/778794332_18373759255237813_8826403310576910692_n.jpg?stp=dst-jpg_e35_tt6&_nc_cat=101&ig_cache_key=Mzk2ODYwMzg2MzYxMTAyNjY2MQ%3D%3D.3-ccb7-5&ccb=7-5&_nc_sid=58cdad&efg=eyJ2ZW5jb2RlX3RhZyI6IkNBUk9VU0VMX0lURU0ueHBpZHMuMTA4MC5zZHIucmVndWxhcl9waG90by5DMyJ9&_nc_ohc=DryH40MHA-0Q7kNvwEvPMk5&_nc_oc=AdoBY9nLjJ7lwJ5DYL1N0eP_xSN0wh29CQl3IicBMMqFmmTMhMA7Ic9-kqavP-kLoBE&_nc_zt=23&_nc_ht=scontent-fra3-1.cdninstagram.com&_nc_gid=F6S7ALtEyd_ZpDSi6b98wg&_nc_ss=7c689&oh=00_AQF6iyq_nChaG0T1lWjjrCaEmhoamvPrt8vnwK4RCLXpFQ&oe=6A90ED5B,https://www.instagram.com/p/DcTUD7jlm8n/
Bom Jesus Primavera do Leste 🛒,Higiene / Cuidados Pessoais,Fralda Huggies tripla proteção mega mix tamanhos,36.99,21/08/2026,https://scontent-fra3-1.cdninstagram.com/v/t51.82787-15/778794332_18373759255237813_8826403310576910692_n.jpg?stp=dst-jpg_e35_tt6&_nc_cat=101&ig_cache_key=Mzk2ODYwMzg2MzYxMTAyNjY2MQ%3D%3D.3-ccb7-5&ccb=7-5&_nc_sid=58cdad&efg=eyJ2ZW5jb2RlX3RhZyI6IkNBUk9VU0VMX0lURU0ueHBpZHMuMTA4MC5zZHIucmVndWxhcl9waG90by5DMyJ9&_nc_ohc=DryH40MHA-0Q7kNvwEvPMk5&_nc_oc=AdoBY9nLjJ7lwJ5DYL1N0eP_xSN0wh29CQl3IicBMMqFmmTMhMA7Ic9-kqavP-kLoBE&_nc_zt=23&_nc_ht=scontent-fra3-1.cdninstagram.com&_nc_gid=F6S7ALtEyd_ZpDSi6b98wg&_nc_ss=7c689&oh=00_AQF6iyq_nChaG0T1lWjjrCaEmhoamvPrt8vnwK4RCLXpFQ&oe=6A90ED5B,https://www.instagram.com/p/DcTUD7jlm8n/
Supermercado Bianchi,Higiene / Cuidados Pessoais,Fralda Bovina kg,44.99,21/08/2026,https://instagram.ffsz1-1.fna.fbcdn.net/v/t39.30808-6/784080473_1657848796345518_7184352931358203406_n.jpg?stp=dst-jpg_e35_tt6&_nc_cat=107&ig_cache_key=Mzk2ODk0NTQwODQ3NDQ3ODQ5NA%3D%3D.3-ccb7-5&ccb=7-5&_nc_sid=58cdad&efg=eyJ2ZW5jb2RlX3RhZyI6IkNBUk9VU0VMX0lURU0ueHBpZHMuMTA4MC5zZHIucmVndWxhcl9waG90by5DMyJ9&_nc_ohc=ok7KKhGT1G4Q7kNvwHXgnjf&_nc_oc=Adqo4L58Vj84JS4wAevGaBjGABsqhArK3phNvzgrvCb-oLBz7cnSPjzBmEnpc-lxjUQ&_nc_zt=23&_nc_ht=instagram.ffsz1-1.fna&_nc_gid=sBcQSkjaaUnYjycH3Stg0w&_nc_ss=72689&oh=00_AQF-NsdqX6GS4TyVjRlqD8NgKFriZ1MRItYeQk-XJZEAKQ&oe=6A910CF5,https://www.instagram.com/p/DcUhtWbCf5d/
Mercado Talismã,Hortifruti / Ovos,Melancia,2.99,23/08/2026,https://scontent-fra3-2.cdninstagram.com/v/t51.82787-15/783255974_18093165728531849_313858570458509058_n.jpg?stp=dst-jpg_e35_tt6&_nc_cat=111&ig_cache_key=Mzk3MDAyODMzNjE3MjA4NzkxNw%3D%3D.3-ccb7-5&ccb=7-5&_nc_sid=58cdad&efg=eyJ2ZW5jb2RlX3RhZyI6IkNBUk9VU0VMX0lURU0ueHBpZHMuMTI1NC5zZHIucmVndWxhcl9waG90by5DMyJ9&_nc_ohc=S3NzwTUdCcYQ7kNvwHQETia&_nc_oc=AdqMxt7aEVykCarUHYulNruhakhZYQkrGNgn9MR1j44U4bQTYNfZFmIQO6uLuCHZZx8&_nc_zt=23&_nc_ht=scontent-fra3-2.cdninstagram.com&_nc_gid=OmicEssyz1TeBVLhoQb82w&_nc_ss=7c689&oh=00_AQHrtCmfbQupjkZtpj2kHAWEcHqJc6FpuSBMXa3hfafI0g&oe=6A9107BE,https://www.instagram.com/p/DcYX8qUEXk2/
Super Compras Supermercado,Hortifruti / Ovos,Batata Kg,3.49,22/08/2026,https://scontent-bcn1-1.cdninstagram.com/v/t51.82787-15/781425562_18192143110391764_1116124836587707156_n.jpg?stp=dst-jpg_e35_tt6&_nc_cat=103&ig_cache_key=Mzk2ODk1MTQ4MDU4NDU2NzM5OQ%3D%3D.3-ccb7-5&ccb=7-5&_nc_sid=58cdad&efg=eyJ2ZW5jb2RlX3RhZyI6IkZFRUQueHBpZHMuMTQ0MC5zZHIucmVndWxhcl9waG90by5DMyJ9&_nc_ohc=8hrJBMNPgMwQ7kNvwGnUvJT&_nc_oc=AdoYXp6jvZRcmSMGgqmF11k841hgU8gGUrOfeORSS__62St6UXnxn_bR0QriGzcVs-Y&_nc_zt=23&_nc_ht=scontent-bcn1-1.cdninstagram.com&_nc_gid=UupPG7b4DGODvN3vuiZpZQ&_nc_ss=7c689&oh=00_AQGFPth_49ZkwKhabICc3goRl2cNXRyeZKwTHgN8ZR1PEg&oe=6A90FC60,https://www.instagram.com/p/DcUjFfbAPpn/
Mercado Talismã,Hortifruti / Ovos,Tomate,3.49,23/08/2026,https://scontent-fra3-2.cdninstagram.com/v/t51.82787-15/783255974_18093165728531849_313858570458509058_n.jpg?stp=dst-jpg_e35_tt6&_nc_cat=111&ig_cache_key=Mzk3MDAyODMzNjE3MjA4NzkxNw%3D%3D.3-ccb7-5&ccb=7-5&_nc_sid=58cdad&efg=eyJ2ZW5jb2RlX3RhZyI6IkNBUk9VU0VMX0lURU0ueHBpZHMuMTI1NC5zZHIucmVndWxhcl9waG90by5DMyJ9&_nc_ohc=S3NzwTUdCcYQ7kNvwHQETia&_nc_oc=AdqMxt7aEVykCarUHYulNruhakhZYQkrGNgn9MR1j44U4bQTYNfZFmIQO6uLuCHZZx8&_nc_zt=23&_nc_ht=scontent-fra3-2.cdninstagram.com&_nc_gid=OmicEssyz1TeBVLhoQb82w&_nc_ss=7c689&oh=00_AQHrtCmfbQupjkZtpj2kHAWEcHqJc6FpuSBMXa3hfafI0g&oe=6A9107BE,https://www.instagram.com/p/DcYX8qUEXk2/
Supermercado São Pedro,Hortifruti / Ovos,Alface Un,3.99,21/08/2026,https://instagram.fmel14-1.fna.fbcdn.net/v/t51.82787-15/779957410_18194460196382122_4239320256883363950_n.jpg?stp=dst-jpg_e35_tt6&_nc_cat=111&ig_cache_key=Mzk2ODYwOTg5OTE2Nzk4NjAwMA%3D%3D.3-ccb7-5&ccb=7-5&_nc_sid=58cdad&efg=eyJ2ZW5jb2RlX3RhZyI6IkNBUk9VU0VMX0lURU0ueHBpZHMuMjE2MS5zZHIucmVndWxhcl9waG90by5DMyJ9&_nc_ohc=lCs7XFPuzTIQ7kNvwHFF4nb&_nc_oc=Adqdqo2VsTckPHVJ3EiF5nzerW_qgr3tOsXCIILFRiDdN1BxLl6gCZq4Cq5ABetFCxQ&_nc_zt=23&_nc_ht=instagram.fmel14-1.fna&_nc_gid=ux6Z-qOe2dV0WH5WnJr3RA&_nc_ss=72a8c&oh=00_AQFmdrN31hz1yAFrEjucFs5FYgWCLEDLeOOPE8Un15Fgpg&oe=6A90F1C1,https://www.instagram.com/p/DcTVeacG11v/
Supermercado São Pedro,Hortifruti / Ovos,Cebola Kg,3.99,21/08/2026,https://instagram.fmel14-1.fna.fbcdn.net/v/t51.82787-15/779957410_18194460196382122_4239320256883363950_n.jpg?stp=dst-jpg_e35_tt6&_nc_cat=111&ig_cache_key=Mzk2ODYwOTg5OTE2Nzk4NjAwMA%3D%3D.3-ccb7-5&ccb=7-5&_nc_sid=58cdad&efg=eyJ2ZW5jb2RlX3RhZyI6IkNBUk9VU0VMX0lURU0ueHBpZHMuMjE2MS5zZHIucmVndWxhcl9waG90by5DMyJ9&_nc_ohc=lCs7XFPuzTIQ7kNvwHFF4nb&_nc_oc=Adqdqo2VsTckPHVJ3EiF5nzerW_qgr3tOsXCIILFRiDdN1BxLl6gCZq4Cq5ABetFCxQ&_nc_zt=23&_nc_ht=instagram.fmel14-1.fna&_nc_gid=ux6Z-qOe2dV0WH5WnJr3RA&_nc_ss=72a8c&oh=00_AQFmdrN31hz1yAFrEjucFs5FYgWCLEDLeOOPE8Un15Fgpg&oe=6A90F1C1,https://www.instagram.com/p/DcTVeacG11v/
Super Compras Supermercado,Hortifruti / Ovos,Cebola Kg,3.99,22/08/2026,https://scontent-bcn1-1.cdninstagram.com/v/t51.82787-15/781425562_18192143110391764_1116124836587707156_n.jpg?stp=dst-jpg_e35_tt6&_nc_cat=103&ig_cache_key=Mzk2ODk1MTQ4MDU4NDU2NzM5OQ%3D%3D.3-ccb7-5&ccb=7-5&_nc_sid=58cdad&efg=eyJ2ZW5jb2RlX3RhZyI6IkZFRUQueHBpZHMuMTQ0MC5zZHIucmVndWxhcl9waG90by5DMyJ9&_nc_ohc=8hrJBMNPgMwQ7kNvwGnUvJT&_nc_oc=AdoYXp6jvZRcmSMGgqmF11k841hgU8gGUrOfeORSS__62St6UXnxn_bR0QriGzcVs-Y&_nc_zt=23&_nc_ht=scontent-bcn1-1.cdninstagram.com&_nc_gid=UupPG7b4DGODvN3vuiZpZQ&_nc_ss=7c689&oh=00_AQGFPth_49ZkwKhabICc3goRl2cNXRyeZKwTHgN8ZR1PEg&oe=6A90FC60,https://www.instagram.com/p/DcUjFfbAPpn/
Super Compras Supermercado,Hortifruti / Ovos,Alface - Und.,5.59,21/08/2026,https://instagram.fkix1-2.fna.fbcdn.net/v/t51.82787-15/780140079_18192045034391764_7683991793781918786_n.jpg?stp=dst-jpg_e35_tt6&_nc_cat=103&ig_cache_key=Mzk2ODIxODA0ODc2ODI1MjE2NA%3D%3D.3-ccb7-5&ccb=7-5&_nc_sid=58cdad&efg=eyJ2ZW5jb2RlX3RhZyI6IkZFRUQueHBpZHMuMTQ0MC5zZHIucmVndWxhcl9waG90by5DMyJ9&_nc_ohc=MnWLmv7izFEQ7kNvwHXigpa&_nc_oc=AdoUtff4aarrhcvw-vdfk-s13MRYCT4UgBveYp6TRaSiAZD6Vv8wX0aDxTyuLBOkhm5IgTCXkxKRdPNG7AyDfS7U&_nc_zt=23&_nc_ht=instagram.fkix1-2.fna&_nc_gid=0evyVvBYHSU_Cm4Iwk7vOg&_nc_ss=72689&oh=00_AQHGgjMqXbWr_LPI5_m7Ny1tjSUnuOJrNizw6mgVwGitfA&oe=6A90EBEE,https://www.instagram.com/p/DcR8Up0IBkE/
Mercado Talismã,Hortifruti / Ovos,Abacaxi,6.99,23/08/2026,https://scontent-fra3-2.cdninstagram.com/v/t51.82787-15/783255974_18093165728531849_313858570458509058_n.jpg?stp=dst-jpg_e35_tt6&_nc_cat=111&ig_cache_key=Mzk3MDAyODMzNjE3MjA4NzkxNw%3D%3D.3-ccb7-5&ccb=7-5&_nc_sid=58cdad&efg=eyJ2ZW5jb2RlX3RhZyI6IkNBUk9VU0VMX0lURU0ueHBpZHMuMTI1NC5zZHIucmVndWxhcl9waG90by5DMyJ9&_nc_ohc=S3NzwTUdCcYQ7kNvwHQETia&_nc_oc=AdqMxt7aEVykCarUHYulNruhakhZYQkrGNgn9MR1j44U4bQTYNfZFmIQO6uLuCHZZx8&_nc_zt=23&_nc_ht=scontent-fra3-2.cdninstagram.com&_nc_gid=OmicEssyz1TeBVLhoQb82w&_nc_ss=7c689&oh=00_AQHrtCmfbQupjkZtpj2kHAWEcHqJc6FpuSBMXa3hfafI0g&oe=6A9107BE,https://www.instagram.com/p/DcYX8qUEXk2/
Mercado Talismã,Hortifruti / Ovos,Uva Vitória BDJ,6.99,23/08/2026,https://scontent-fra3-2.cdninstagram.com/v/t51.82787-15/783255974_18093165728531849_313858570458509058_n.jpg?stp=dst-jpg_e35_tt6&_nc_cat=111&ig_cache_key=Mzk3MDAyODMzNjE3MjA4NzkxNw%3D%3D.3-ccb7-5&ccb=7-5&_nc_sid=58cdad&efg=eyJ2ZW5jb2RlX3RhZyI6IkNBUk9VU0VMX0lURU0ueHBpZHMuMTI1NC5zZHIucmVndWxhcl9waG90by5DMyJ9&_nc_ohc=S3NzwTUdCcYQ7kNvwHQETia&_nc_oc=AdqMxt7aEVykCarUHYulNruhakhZYQkrGNgn9MR1j44U4bQTYNfZFmIQO6uLuCHZZx8&_nc_zt=23&_nc_ht=scontent-fra3-2.cdninstagram.com&_nc_gid=OmicEssyz1TeBVLhoQb82w&_nc_ss=7c689&oh=00_AQHrtCmfbQupjkZtpj2kHAWEcHqJc6FpuSBMXa3hfafI0g&oe=6A9107BE,https://www.instagram.com/p/DcYX8qUEXk2/
Supermercado Bianchi,Laticínios / Leites e Derivados,Empanado Frango c/Queijo Seara 100g,1.99,21/08/2026,https://scontent-yyz1-1.cdninstagram.com/v/t39.30808-6/784063255_1657849239678807_5513880334027503636_n.jpg?stp=dst-jpg_e35_tt6&_nc_cat=101&ig_cache_key=Mzk2ODk0NTQxMjQ4MzY4NTI0Mg%3D%3D.3-ccb7-5&ccb=7-5&_nc_sid=58cdad&efg=eyJ2ZW5jb2RlX3RhZyI6IkNBUk9VU0VMX0lURU0ueHBpZHMuMTYzOC5zZHIucmVndWxhcl9waG90by5DMyJ9&_nc_ohc=e3PyeUdWKzcQ7kNvwFfoIdM&_nc_oc=AdpXHNojV04_Ztq9FS7FoxOJ5FhDWDxrZ-JFHheLjp9ArMiYqy2JRLdd5QbnmII9xF8&_nc_zt=23&_nc_ht=scontent-yyz1-1.cdninstagram.com&_nc_gid=dY8EOS28NOwxEEhDuq8XVw&_nc_ss=7ca8c&oh=00_AQFejW8B6oti8qQ6tfjagpZ5w86G3C84MOUzFLrW7Dm-tA&oe=6A9115F5,https://www.instagram.com/p/DcUhthogY_o/
Bom Jesus Primavera do Leste 🛒,Laticínios / Leites e Derivados,Leite Uht Piracanjuba Semi/Desnatado,5.89,21/08/2026,https://scontent-fra3-1.cdninstagram.com/v/t51.82787-15/782344855_18373759252237813_7320855115066332806_n.jpg?stp=dst-jpg_e35_tt6&_nc_cat=101&ig_cache_key=Mzk2ODYwMzg2MTkyMDUwNTIwMg%3D%3D.3-ccb7-5&ccb=7-5&_nc_sid=58cdad&efg=eyJ2ZW5jb2RlX3RhZyI6IkNBUk9VU0VMX0lURU0ueHBpZHMuMTA4MC5zZHIucmVndWxhcl9waG90by5DMyJ9&_nc_ohc=EXXZ6F7wf7QQ7kNvwExN-F_&_nc_oc=Adqy_WCiNpvnqeKDoGaznLUTOweN1UIsrQuI9YOY_SXa-FPNBFlsWjSQimULI31xoac&_nc_zt=23&_nc_ht=scontent-fra3-1.cdninstagram.com&_nc_gid=F6S7ALtEyd_ZpDSi6b98wg&_nc_ss=7c689&oh=00_AQGdQP6Yd6p_wT_FEaeuUfgwheGcQsrIuZgAHmm6EwP6RA&oe=6A90E02C,https://www.instagram.com/p/DcTUD7jlm8n/
Super Compras Supermercado,Laticínios / Leites e Derivados,Leite Condensado Piracanjuba TP 395g,5.99,21/08/2026,https://instagram.fkix1-2.fna.fbcdn.net/v/t51.82787-15/780140079_18192045034391764_7683991793781918786_n.jpg?stp=dst-jpg_e35_tt6&_nc_cat=103&ig_cache_key=Mzk2ODIxODA0ODc2ODI1MjE2NA%3D%3D.3-ccb7-5&ccb=7-5&_nc_sid=58cdad&efg=eyJ2ZW5jb2RlX3RhZyI6IkZFRUQueHBpZHMuMTQ0MC5zZHIucmVndWxhcl9waG90by5DMyJ9&_nc_ohc=MnWLmv7izFEQ7kNvwHXigpa&_nc_oc=AdoUtff4aarrhcvw-vdfk-s13MRYCT4UgBveYp6TRaSiAZD6Vv8wX0aDxTyuLBOkhm5IgTCXkxKRdPNG7AyDfS7U&_nc_zt=23&_nc_ht=instagram.fkix1-2.fna&_nc_gid=0evyVvBYHSU_Cm4Iwk7vOg&_nc_ss=72689&oh=00_AQHGgjMqXbWr_LPI5_m7Ny1tjSUnuOJrNizw6mgVwGitfA&oe=6A90EBEE,https://www.instagram.com/p/DcR8Up0IBkE/
Super Compras Supermercado,Laticínios / Leites e Derivados,Leite Piracanjuba Semi - TP 1 Litro,6.49,21/08/2026,https://instagram.fkix1-2.fna.fbcdn.net/v/t51.82787-15/780140079_18192045034391764_7683991793781918786_n.jpg?stp=dst-jpg_e35_tt6&_nc_cat=103&ig_cache_key=Mzk2ODIxODA0ODc2ODI1MjE2NA%3D%3D.3-ccb7-5&ccb=7-5&_nc_sid=58cdad&efg=eyJ2ZW5jb2RlX3RhZyI6IkZFRUQueHBpZHMuMTQ0MC5zZHIucmVndWxhcl9waG90by5DMyJ9&_nc_ohc=MnWLmv7izFEQ7kNvwHXigpa&_nc_oc=AdoUtff4aarrhcvw-vdfk-s13MRYCT4UgBveYp6TRaSiAZD6Vv8wX0aDxTyuLBOkhm5IgTCXkxKRdPNG7AyDfS7U&_nc_zt=23&_nc_ht=instagram.fkix1-2.fna&_nc_gid=0evyVvBYHSU_Cm4Iwk7vOg&_nc_ss=72689&oh=00_AQHGgjMqXbWr_LPI5_m7Ny1tjSUnuOJrNizw6mgVwGitfA&oe=6A90EBEE,https://www.instagram.com/p/DcR8Up0IBkE/
Super Compras Supermercado,Laticínios / Leites e Derivados,Leite Piracanjuba Desnatado - TP 1 Litro,6.49,21/08/2026,https://instagram.fkix1-2.fna.fbcdn.net/v/t51.82787-15/780140079_18192045034391764_7683991793781918786_n.jpg?stp=dst-jpg_e35_tt6&_nc_cat=103&ig_cache_key=Mzk2ODIxODA0ODc2ODI1MjE2NA%3D%3D.3-ccb7-5&ccb=7-5&_nc_sid=58cdad&efg=eyJ2ZW5jb2RlX3RhZyI6IkZFRUQueHBpZHMuMTQ0MC5zZHIucmVndWxhcl9waG90by5DMyJ9&_nc_ohc=MnWLmv7izFEQ7kNvwHXigpa&_nc_oc=AdoUtff4aarrhcvw-vdfk-s13MRYCT4UgBveYp6TRaSiAZD6Vv8wX0aDxTyuLBOkhm5IgTCXkxKRdPNG7AyDfS7U&_nc_zt=23&_nc_ht=instagram.fkix1-2.fna&_nc_gid=0evyVvBYHSU_Cm4Iwk7vOg&_nc_ss=72689&oh=00_AQHGgjMqXbWr_LPI5_m7Ny1tjSUnuOJrNizw6mgVwGitfA&oe=6A90EBEE,https://www.instagram.com/p/DcR8Up0IBkE/
Super Compras Supermercado,Laticínios / Leites e Derivados,Requeijão Boua - 180g,6.99,21/08/2026,https://instagram.fkix1-2.fna.fbcdn.net/v/t51.82787-15/780140079_18192045034391764_7683991793781918786_n.jpg?stp=dst-jpg_e35_tt6&_nc_cat=103&ig_cache_key=Mzk2ODIxODA0ODc2ODI1MjE2NA%3D%3D.3-ccb7-5&ccb=7-5&_nc_sid=58cdad&efg=eyJ2ZW5jb2RlX3RhZyI6IkZFRUQueHBpZHMuMTQ0MC5zZHIucmVndWxhcl9waG90by5DMyJ9&_nc_ohc=MnWLmv7izFEQ7kNvwHXigpa&_nc_oc=AdoUtff4aarrhcvw-vdfk-s13MRYCT4UgBveYp6TRaSiAZD6Vv8wX0aDxTyuLBOkhm5IgTCXkxKRdPNG7AyDfS7U&_nc_zt=23&_nc_ht=instagram.fkix1-2.fna&_nc_gid=0evyVvBYHSU_Cm4Iwk7vOg&_nc_ss=72689&oh=00_AQHGgjMqXbWr_LPI5_m7Ny1tjSUnuOJrNizw6mgVwGitfA&oe=6A90EBEE,https://www.instagram.com/p/DcR8Up0IBkE/
Bom Jesus Primavera do Leste 🛒,Laticínios / Leites e Derivados,Requeijão Catupiry Pote 200g - Tradicional,8.99,21/08/2026,https://scontent-fra3-1.cdninstagram.com/v/t51.82787-15/782344855_18373759252237813_7320855115066332806_n.jpg?stp=dst-jpg_e35_tt6&_nc_cat=101&ig_cache_key=Mzk2ODYwMzg2MTkyMDUwNTIwMg%3D%3D.3-ccb7-5&ccb=7-5&_nc_sid=58cdad&efg=eyJ2ZW5jb2RlX3RhZyI6IkNBUk9VU0VMX0lURU0ueHBpZHMuMTA4MC5zZHIucmVndWxhcl9waG90by5DMyJ9&_nc_ohc=EXXZ6F7wf7QQ7kNvwExN-F_&_nc_oc=Adqy_WCiNpvnqeKDoGaznLUTOweN1UIsrQuI9YOY_SXa-FPNBFlsWjSQimULI31xoac&_nc_zt=23&_nc_ht=scontent-fra3-1.cdninstagram.com&_nc_gid=F6S7ALtEyd_ZpDSi6b98wg&_nc_ss=7c689&oh=00_AQGdQP6Yd6p_wT_FEaeuUfgwheGcQsrIuZgAHmm6EwP6RA&oe=6A90E02C,https://www.instagram.com/p/DcTUD7jlm8n/
Supermercado Bianchi,Laticínios / Leites e Derivados,Requeijão Cremoso Tradicional ou Light Catupiry 200g,8.99,21/08/2026,https://scontent-yyz1-1.cdninstagram.com/v/t39.30808-6/784063255_1657849239678807_5513880334027503636_n.jpg?stp=dst-jpg_e35_tt6&_nc_cat=101&ig_cache_key=Mzk2ODk0NTQxMjQ4MzY4NTI0Mg%3D%3D.3-ccb7-5&ccb=7-5&_nc_sid=58cdad&efg=eyJ2ZW5jb2RlX3RhZyI6IkNBUk9VU0VMX0lURU0ueHBpZHMuMTYzOC5zZHIucmVndWxhcl9waG90by5DMyJ9&_nc_ohc=e3PyeUdWKzcQ7kNvwFfoIdM&_nc_oc=AdpXHNojV04_Ztq9FS7FoxOJ5FhDWDxrZ-JFHheLjp9ArMiYqy2JRLdd5QbnmII9xF8&_nc_zt=23&_nc_ht=scontent-yyz1-1.cdninstagram.com&_nc_gid=dY8EOS28NOwxEEhDuq8XVw&_nc_ss=7ca8c&oh=00_AQFejW8B6oti8qQ6tfjagpZ5w86G3C84MOUzFLrW7Dm-tA&oe=6A9115F5,https://www.instagram.com/p/DcUhthogY_o/
Supermercado Bianchi,Laticínios / Leites e Derivados,QUEIJO MUSSARELA FATIADA PIRACANJUBA 150G,8.99,21/08/2026,https://scontent-yyz1-1.cdninstagram.com/v/t39.30808-6/784389478_1657849223012142_713593503530775725_n.jpg?stp=dst-jpg_e35_tt6&_nc_cat=104&ig_cache_key=Mzk2ODk0NTQxMTAwNzI5MjQ2Mg%3D%3D.3-ccb7-5&ccb=7-5&_nc_sid=58cdad&efg=eyJ2ZW5jb2RlX3RhZyI6IkNBUk9VU0VMX0lURU0ueHBpZHMuMTYzOC5zZHIucmVndWxhcl9waG90by5DMyJ9&_nc_ohc=4yeRiUBdoz4Q7kNvwH4CAW4&_nc_oc=Adr4k_7LZLxbp0Mpc1U3LRpqJwAUdmeIxcez1RLd5l-ZUOOlW-nLlVfQjkxV6qTDi7Y&_nc_zt=23&_nc_ht=scontent-yyz1-1.cdninstagram.com&_nc_gid=dY8EOS28NOwxEEhDuq8XVw&_nc_ss=7ca8c&oh=00_AQHNk_zWVxhT71iSTJfQ-MpAR064PheCUWWVwwYmpOPcsQ&oe=6A9110F3,https://www.instagram.com/p/DcUhthogY_o/
Bom Jesus Primavera do Leste 🛒,Laticínios / Leites e Derivados,Manteiga Brasilac Pote 500g,14.99,21/08/2026,https://scontent-fra3-1.cdninstagram.com/v/t51.82787-15/782344855_18373759252237813_7320855115066332806_n.jpg?stp=dst-jpg_e35_tt6&_nc_cat=101&ig_cache_key=Mzk2ODYwMzg2MTkyMDUwNTIwMg%3D%3D.3-ccb7-5&ccb=7-5&_nc_sid=58cdad&efg=eyJ2ZW5jb2RlX3RhZyI6IkNBUk9VU0VMX0lURU0ueHBpZHMuMTA4MC5zZHIucmVndWxhcl9waG90by5DMyJ9&_nc_ohc=EXXZ6F7wf7QQ7kNvwExN-F_&_nc_oc=Adqy_WCiNpvnqeKDoGaznLUTOweN1UIsrQuI9YOY_SXa-FPNBFlsWjSQimULI31xoac&_nc_zt=23&_nc_ht=scontent-fra3-1.cdninstagram.com&_nc_gid=F6S7ALtEyd_ZpDSi6b98wg&_nc_ss=7c689&oh=00_AQGdQP6Yd6p_wT_FEaeuUfgwheGcQsrIuZgAHmm6EwP6RA&oe=6A90E02C,https://www.instagram.com/p/DcTUD7jlm8n/
Supermercado Bianchi,Laticínios / Leites e Derivados,SALGADINHOS DORITOS QUEIJO NACHO 183G,14.99,21/08/2026,https://scontent-yyz1-1.cdninstagram.com/v/t39.30808-6/784389478_1657849223012142_713593503530775725_n.jpg?stp=dst-jpg_e35_tt6&_nc_cat=104&ig_cache_key=Mzk2ODk0NTQxMTAwNzI5MjQ2Mg%3D%3D.3-ccb7-5&ccb=7-5&_nc_sid=58cdad&efg=eyJ2ZW5jb2RlX3RhZyI6IkNBUk9VU0VMX0lURU0ueHBpZHMuMTYzOC5zZHIucmVndWxhcl9waG90by5DMyJ9&_nc_ohc=4yeRiUBdoz4Q7kNvwH4CAW4&_nc_oc=Adr4k_7LZLxbp0Mpc1U3LRpqJwAUdmeIxcez1RLd5l-ZUOOlW-nLlVfQjkxV6qTDi7Y&_nc_zt=23&_nc_ht=scontent-yyz1-1.cdninstagram.com&_nc_gid=dY8EOS28NOwxEEhDuq8XVw&_nc_ss=7ca8c&oh=00_AQHNk_zWVxhT71iSTJfQ-MpAR064PheCUWWVwwYmpOPcsQ&oe=6A9110F3,https://www.instagram.com/p/DcUhthogY_o/
Supermercado São Pedro,Laticínios / Leites e Derivados,"Salgado Assado de Presunto, Queijo e Tomate Kg",32.99,21/08/2026,https://instagram.fmel14-1.fna.fbcdn.net/v/t51.82787-15/779957410_18194460196382122_4239320256883363950_n.jpg?stp=dst-jpg_e35_tt6&_nc_cat=111&ig_cache_key=Mzk2ODYwOTg5OTE2Nzk4NjAwMA%3D%3D.3-ccb7-5&ccb=7-5&_nc_sid=58cdad&efg=eyJ2ZW5jb2RlX3RhZyI6IkNBUk9VU0VMX0lURU0ueHBpZHMuMjE2MS5zZHIucmVndWxhcl9waG90by5DMyJ9&_nc_ohc=lCs7XFPuzTIQ7kNvwHFF4nb&_nc_oc=Adqdqo2VsTckPHVJ3EiF5nzerW_qgr3tOsXCIILFRiDdN1BxLl6gCZq4Cq5ABetFCxQ&_nc_zt=23&_nc_ht=instagram.fmel14-1.fna&_nc_gid=ux6Z-qOe2dV0WH5WnJr3RA&_nc_ss=72a8c&oh=00_AQFmdrN31hz1yAFrEjucFs5FYgWCLEDLeOOPE8Un15Fgpg&oe=6A90F1C1,https://www.instagram.com/p/DcTVeacG11v/
Bom Jesus Primavera do Leste 🛒,Limpeza / Cuidados com a Casa,Desinfetante Uau 2L - Fragrâncias,9.99,21/08/2026,https://scontent-fra3-1.cdninstagram.com/v/t51.82787-15/778794332_18373759255237813_8826403310576910692_n.jpg?stp=dst-jpg_e35_tt6&_nc_cat=101&ig_cache_key=Mzk2ODYwMzg2MzYxMTAyNjY2MQ%3D%3D.3-ccb7-5&ccb=7-5&_nc_sid=58cdad&efg=eyJ2ZW5jb2RlX3RhZyI6IkNBUk9VU0VMX0lURU0ueHBpZHMuMTA4MC5zZHIucmVndWxhcl9waG90by5DMyJ9&_nc_ohc=DryH40MHA-0Q7kNvwEvPMk5&_nc_oc=AdoBY9nLjJ7lwJ5DYL1N0eP_xSN0wh29CQl3IicBMMqFmmTMhMA7Ic9-kqavP-kLoBE&_nc_zt=23&_nc_ht=scontent-fra3-1.cdninstagram.com&_nc_gid=F6S7ALtEyd_ZpDSi6b98wg&_nc_ss=7c689&oh=00_AQF6iyq_nChaG0T1lWjjrCaEmhoamvPrt8vnwK4RCLXpFQ&oe=6A90ED5B,https://www.instagram.com/p/DcTUD7jlm8n/
Bom Jesus Primavera do Leste 🛒,Limpeza / Cuidados com a Casa,Amaciante Concentrado Downy 500ml - Fragrâncias,14.99,21/08/2026,https://scontent-fra3-1.cdninstagram.com/v/t51.82787-15/778794332_18373759255237813_8826403310576910692_n.jpg?stp=dst-jpg_e35_tt6&_nc_cat=101&ig_cache_key=Mzk2ODYwMzg2MzYxMTAyNjY2MQ%3D%3D.3-ccb7-5&ccb=7-5&_nc_sid=58cdad&efg=eyJ2ZW5jb2RlX3RhZyI6IkNBUk9VU0VMX0lURU0ueHBpZHMuMTA4MC5zZHIucmVndWxhcl9waG90by5DMyJ9&_nc_ohc=DryH40MHA-0Q7kNvwEvPMk5&_nc_oc=AdoBY9nLjJ7lwJ5DYL1N0eP_xSN0wh29CQl3IicBMMqFmmTMhMA7Ic9-kqavP-kLoBE&_nc_zt=23&_nc_ht=scontent-fra3-1.cdninstagram.com&_nc_gid=F6S7ALtEyd_ZpDSi6b98wg&_nc_ss=7c689&oh=00_AQF6iyq_nChaG0T1lWjjrCaEmhoamvPrt8vnwK4RCLXpFQ&oe=6A90ED5B,https://www.instagram.com/p/DcTUD7jlm8n/
Bom Jesus Primavera do Leste 🛒,Limpeza / Lavanderia e Louça,Detergente em Pó Tixan 800g Sachê,11.99,21/08/2026,https://scontent-fra3-1.cdninstagram.com/v/t51.82787-15/778794332_18373759255237813_8826403310576910692_n.jpg?stp=dst-jpg_e35_tt6&_nc_cat=101&ig_cache_key=Mzk2ODYwMzg2MzYxMTAyNjY2MQ%3D%3D.3-ccb7-5&ccb=7-5&_nc_sid=58cdad&efg=eyJ2ZW5jb2RlX3RhZyI6IkNBUk9VU0VMX0lURU0ueHBpZHMuMTA4MC5zZHIucmVndWxhcl9waG90by5DMyJ9&_nc_ohc=DryH40MHA-0Q7kNvwEvPMk5&_nc_oc=AdoBY9nLjJ7lwJ5DYL1N0eP_xSN0wh29CQl3IicBMMqFmmTMhMA7Ic9-kqavP-kLoBE&_nc_zt=23&_nc_ht=scontent-fra3-1.cdninstagram.com&_nc_gid=F6S7ALtEyd_ZpDSi6b98wg&_nc_ss=7c689&oh=00_AQF6iyq_nChaG0T1lWjjrCaEmhoamvPrt8vnwK4RCLXpFQ&oe=6A90ED5B,https://www.instagram.com/p/DcTUD7jlm8n/
Bom Jesus Primavera do Leste 🛒,Limpeza / Lavanderia e Louça,Lava-Roupas Líquido Omo Ciclo Rápido 750ml,16.99,21/08/2026,https://scontent-fra3-1.cdninstagram.com/v/t51.82787-15/778794332_18373759255237813_8826403310576910692_n.jpg?stp=dst-jpg_e35_tt6&_nc_cat=101&ig_cache_key=Mzk2ODYwMzg2MzYxMTAyNjY2MQ%3D%3D.3-ccb7-5&ccb=7-5&_nc_sid=58cdad&efg=eyJ2ZW5jb2RlX3RhZyI6IkNBUk9VU0VMX0lURU0ueHBpZHMuMTA4MC5zZHIucmVndWxhcl9waG90by5DMyJ9&_nc_ohc=DryH40MHA-0Q7kNvwEvPMk5&_nc_oc=AdoBY9nLjJ7lwJ5DYL1N0eP_xSN0wh29CQl3IicBMMqFmmTMhMA7Ic9-kqavP-kLoBE&_nc_zt=23&_nc_ht=scontent-fra3-1.cdninstagram.com&_nc_gid=F6S7ALtEyd_ZpDSi6b98wg&_nc_ss=7c689&oh=00_AQF6iyq_nChaG0T1lWjjrCaEmhoamvPrt8vnwK4RCLXpFQ&oe=6A90ED5B,https://www.instagram.com/p/DcTUD7jlm8n/
Bom Jesus Primavera do Leste 🛒,Limpeza / Lavanderia e Louça,"Detergente em Pó Omo 2,2 Kg Lavagem Perfeita - Caixa",30.99,21/08/2026,https://scontent-fra3-1.cdninstagram.com/v/t51.82787-15/778794332_18373759255237813_8826403310576910692_n.jpg?stp=dst-jpg_e35_tt6&_nc_cat=101&ig_cache_key=Mzk2ODYwMzg2MzYxMTAyNjY2MQ%3D%3D.3-ccb7-5&ccb=7-5&_nc_sid=58cdad&efg=eyJ2ZW5jb2RlX3RhZyI6IkNBUk9VU0VMX0lURU0ueHBpZHMuMTA4MC5zZHIucmVndWxhcl9waG90by5DMyJ9&_nc_ohc=DryH40MHA-0Q7kNvwEvPMk5&_nc_oc=AdoBY9nLjJ7lwJ5DYL1N0eP_xSN0wh29CQl3IicBMMqFmmTMhMA7Ic9-kqavP-kLoBE&_nc_zt=23&_nc_ht=scontent-fra3-1.cdninstagram.com&_nc_gid=F6S7ALtEyd_ZpDSi6b98wg&_nc_ss=7c689&oh=00_AQF6iyq_nChaG0T1lWjjrCaEmhoamvPrt8vnwK4RCLXpFQ&oe=6A90ED5B,https://www.instagram.com/p/DcTUD7jlm8n/
Bom Jesus Primavera do Leste 🛒,Mercearia / Arroz,Arroz São João Agulhinha 5 Kg,16.99,21/08/2026,https://scontent-fra3-1.cdninstagram.com/v/t51.82787-15/779844446_18373759273237813_717042095228036520_n.jpg?stp=dst-jpg_e35_tt6&_nc_cat=101&ig_cache_key=Mzk2ODYwMzg2MjA2MzE4NjIyMQ%3D%3D.3-ccb7-5&ccb=7-5&_nc_sid=58cdad&efg=eyJ2ZW5jb2RlX3RhZyI6IkNBUk9VU0VMX0lURU0ueHBpZHMuMTA4MC5zZHIucmVndWxhcl9waG90by5DMyJ9&_nc_ohc=m8__0j7aHxEQ7kNvwHQgQM1&_nc_oc=Adqqyzxf80dnGdfoMUDYLQ78auIhXgsQRmXFG1xjO8D1VrOcfIzrq0jKFCCJUO17l1k&_nc_zt=23&_nc_ht=scontent-fra3-1.cdninstagram.com&_nc_gid=F6S7ALtEyd_ZpDSi6b98wg&_nc_ss=7c689&oh=00_AQFiCdSVvzE-0y00eD8uLFeynPRShLQQTeh0LsTyhUq5yg&oe=6A90ED30,https://www.instagram.com/p/DcTUD7jlm8n/
Supermercado Bianchi,Mercearia / Arroz,ARROZ ARBÓRIO URBANO PCT C/1KG,19.9,21/08/2026,https://scontent-yyz1-1.cdninstagram.com/v/t39.30808-6/784389478_1657849223012142_713593503530775725_n.jpg?stp=dst-jpg_e35_tt6&_nc_cat=104&ig_cache_key=Mzk2ODk0NTQxMTAwNzI5MjQ2Mg%3D%3D.3-ccb7-5&ccb=7-5&_nc_sid=58cdad&efg=eyJ2ZW5jb2RlX3RhZyI6IkNBUk9VU0VMX0lURU0ueHBpZHMuMTYzOC5zZHIucmVndWxhcl9waG90by5DMyJ9&_nc_ohc=4yeRiUBdoz4Q7kNvwH4CAW4&_nc_oc=Adr4k_7LZLxbp0Mpc1U3LRpqJwAUdmeIxcez1RLd5l-ZUOOlW-nLlVfQjkxV6qTDi7Y&_nc_zt=23&_nc_ht=scontent-yyz1-1.cdninstagram.com&_nc_gid=dY8EOS28NOwxEEhDuq8XVw&_nc_ss=7ca8c&oh=00_AQHNk_zWVxhT71iSTJfQ-MpAR064PheCUWWVwwYmpOPcsQ&oe=6A9110F3,https://www.instagram.com/p/DcUhthogY_o/
Supermercado Bianchi,Mercearia / Biscoitos e Doces,CHOCOLATE WAFER HERSHEY 120G,3.99,21/08/2026,https://scontent-yyz1-1.cdninstagram.com/v/t39.30808-6/784389478_1657849223012142_713593503530775725_n.jpg?stp=dst-jpg_e35_tt6&_nc_cat=104&ig_cache_key=Mzk2ODk0NTQxMTAwNzI5MjQ2Mg%3D%3D.3-ccb7-5&ccb=7-5&_nc_sid=58cdad&efg=eyJ2ZW5jb2RlX3RhZyI6IkNBUk9VU0VMX0lURU0ueHBpZHMuMTYzOC5zZHIucmVndWxhcl9waG90by5DMyJ9&_nc_ohc=4yeRiUBdoz4Q7kNvwH4CAW4&_nc_oc=Adr4k_7LZLxbp0Mpc1U3LRpqJwAUdmeIxcez1RLd5l-ZUOOlW-nLlVfQjkxV6qTDi7Y&_nc_zt=23&_nc_ht=scontent-yyz1-1.cdninstagram.com&_nc_gid=dY8EOS28NOwxEEhDuq8XVw&_nc_ss=7ca8c&oh=00_AQHNk_zWVxhT71iSTJfQ-MpAR064PheCUWWVwwYmpOPcsQ&oe=6A9110F3,https://www.instagram.com/p/DcUhthogY_o/
Bom Jesus Primavera do Leste 🛒,Mercearia / Biscoitos e Doces,Biscoito Rosquinha Adoralle Coco 500g,4.99,21/08/2026,https://scontent-fra3-1.cdninstagram.com/v/t51.82787-15/779844446_18373759273237813_717042095228036520_n.jpg?stp=dst-jpg_e35_tt6&_nc_cat=101&ig_cache_key=Mzk2ODYwMzg2MjA2MzE4NjIyMQ%3D%3D.3-ccb7-5&ccb=7-5&_nc_sid=58cdad&efg=eyJ2ZW5jb2RlX3RhZyI6IkNBUk9VU0VMX0lURU0ueHBpZHMuMTA4MC5zZHIucmVndWxhcl9waG90by5DMyJ9&_nc_ohc=m8__0j7aHxEQ7kNvwHQgQM1&_nc_oc=Adqqyzxf80dnGdfoMUDYLQ78auIhXgsQRmXFG1xjO8D1VrOcfIzrq0jKFCCJUO17l1k&_nc_zt=23&_nc_ht=scontent-fra3-1.cdninstagram.com&_nc_gid=F6S7ALtEyd_ZpDSi6b98wg&_nc_ss=7c689&oh=00_AQFiCdSVvzE-0y00eD8uLFeynPRShLQQTeh0LsTyhUq5yg&oe=6A90ED30,https://www.instagram.com/p/DcTUD7jlm8n/
Bom Jesus Primavera do Leste 🛒,Mercearia / Biscoitos e Doces,Capa de Contra-filé Embalado Sulbeef,32.99,21/08/2026,https://scontent-fra3-1.cdninstagram.com/v/t51.82787-15/782344855_18373759252237813_7320855115066332806_n.jpg?stp=dst-jpg_e35_tt6&_nc_cat=101&ig_cache_key=Mzk2ODYwMzg2MTkyMDUwNTIwMg%3D%3D.3-ccb7-5&ccb=7-5&_nc_sid=58cdad&efg=eyJ2ZW5jb2RlX3RhZyI6IkNBUk9VU0VMX0lURU0ueHBpZHMuMTA4MC5zZHIucmVndWxhcl9waG90by5DMyJ9&_nc_ohc=EXXZ6F7wf7QQ7kNvwExN-F_&_nc_oc=Adqy_WCiNpvnqeKDoGaznLUTOweN1UIsrQuI9YOY_SXa-FPNBFlsWjSQimULI31xoac&_nc_zt=23&_nc_ht=scontent-fra3-1.cdninstagram.com&_nc_gid=F6S7ALtEyd_ZpDSi6b98wg&_nc_ss=7c689&oh=00_AQGdQP6Yd6p_wT_FEaeuUfgwheGcQsrIuZgAHmm6EwP6RA&oe=6A90E02C,https://www.instagram.com/p/DcTUD7jlm8n/
Bom Jesus Primavera do Leste 🛒,Mercearia / Café,Café Brasileiro 500g Tradicional/Extra Forte,22.49,21/08/2026,https://scontent-fra3-1.cdninstagram.com/v/t51.82787-15/779844446_18373759273237813_717042095228036520_n.jpg?stp=dst-jpg_e35_tt6&_nc_cat=101&ig_cache_key=Mzk2ODYwMzg2MjA2MzE4NjIyMQ%3D%3D.3-ccb7-5&ccb=7-5&_nc_sid=58cdad&efg=eyJ2ZW5jb2RlX3RhZyI6IkNBUk9VU0VMX0lURU0ueHBpZHMuMTA4MC5zZHIucmVndWxhcl9waG90by5DMyJ9&_nc_ohc=m8__0j7aHxEQ7kNvwHQgQM1&_nc_oc=Adqqyzxf80dnGdfoMUDYLQ78auIhXgsQRmXFG1xjO8D1VrOcfIzrq0jKFCCJUO17l1k&_nc_zt=23&_nc_ht=scontent-fra3-1.cdninstagram.com&_nc_gid=F6S7ALtEyd_ZpDSi6b98wg&_nc_ss=7c689&oh=00_AQFiCdSVvzE-0y00eD8uLFeynPRShLQQTeh0LsTyhUq5yg&oe=6A90ED30,https://www.instagram.com/p/DcTUD7jlm8n/
Supermercado Bianchi,Mercearia / Café,CAFÉ PILÃO CAFETERIA ITALIANA 500G,25.99,21/08/2026,https://scontent-yyz1-1.cdninstagram.com/v/t39.30808-6/784389478_1657849223012142_713593503530775725_n.jpg?stp=dst-jpg_e35_tt6&_nc_cat=104&ig_cache_key=Mzk2ODk0NTQxMTAwNzI5MjQ2Mg%3D%3D.3-ccb7-5&ccb=7-5&_nc_sid=58cdad&efg=eyJ2ZW5jb2RlX3RhZyI6IkNBUk9VU0VMX0lURU0ueHBpZHMuMTYzOC5zZHIucmVndWxhcl9waG90by5DMyJ9&_nc_ohc=4yeRiUBdoz4Q7kNvwH4CAW4&_nc_oc=Adr4k_7LZLxbp0Mpc1U3LRpqJwAUdmeIxcez1RLd5l-ZUOOlW-nLlVfQjkxV6qTDi7Y&_nc_zt=23&_nc_ht=scontent-yyz1-1.cdninstagram.com&_nc_gid=dY8EOS28NOwxEEhDuq8XVw&_nc_ss=7ca8c&oh=00_AQHNk_zWVxhT71iSTJfQ-MpAR064PheCUWWVwwYmpOPcsQ&oe=6A9110F3,https://www.instagram.com/p/DcUhthogY_o/
Bom Jesus Primavera do Leste 🛒,Mercearia / Farináceos,Farinha de Trigo Globo 1 Kg,3.79,21/08/2026,https://scontent-fra3-1.cdninstagram.com/v/t51.82787-15/779844446_18373759273237813_717042095228036520_n.jpg?stp=dst-jpg_e35_tt6&_nc_cat=101&ig_cache_key=Mzk2ODYwMzg2MjA2MzE4NjIyMQ%3D%3D.3-ccb7-5&ccb=7-5&_nc_sid=58cdad&efg=eyJ2ZW5jb2RlX3RhZyI6IkNBUk9VU0VMX0lURU0ueHBpZHMuMTA4MC5zZHIucmVndWxhcl9waG90by5DMyJ9&_nc_ohc=m8__0j7aHxEQ7kNvwHQgQM1&_nc_oc=Adqqyzxf80dnGdfoMUDYLQ78auIhXgsQRmXFG1xjO8D1VrOcfIzrq0jKFCCJUO17l1k&_nc_zt=23&_nc_ht=scontent-fra3-1.cdninstagram.com&_nc_gid=F6S7ALtEyd_ZpDSi6b98wg&_nc_ss=7c689&oh=00_AQFiCdSVvzE-0y00eD8uLFeynPRShLQQTeh0LsTyhUq5yg&oe=6A90ED30,https://www.instagram.com/p/DcTUD7jlm8n/
Bom Jesus Primavera do Leste 🛒,Mercearia / Grãos e Conservas,Feijão Carioca Rei 1 Kg,6.99,21/08/2026,https://scontent-fra3-1.cdninstagram.com/v/t51.82787-15/779844446_18373759273237813_717042095228036520_n.jpg?stp=dst-jpg_e35_tt6&_nc_cat=101&ig_cache_key=Mzk2ODYwMzg2MjA2MzE4NjIyMQ%3D%3D.3-ccb7-5&ccb=7-5&_nc_sid=58cdad&efg=eyJ2ZW5jb2RlX3RhZyI6IkNBUk9VU0VMX0lURU0ueHBpZHMuMTA4MC5zZHIucmVndWxhcl9waG90by5DMyJ9&_nc_ohc=m8__0j7aHxEQ7kNvwHQgQM1&_nc_oc=Adqqyzxf80dnGdfoMUDYLQ78auIhXgsQRmXFG1xjO8D1VrOcfIzrq0jKFCCJUO17l1k&_nc_zt=23&_nc_ht=scontent-fra3-1.cdninstagram.com&_nc_gid=F6S7ALtEyd_ZpDSi6b98wg&_nc_ss=7c689&oh=00_AQFiCdSVvzE-0y00eD8uLFeynPRShLQQTeh0LsTyhUq5yg&oe=6A90ED30,https://www.instagram.com/p/DcTUD7jlm8n/
Super Compras Supermercado,Mercearia / Massas,Macarrão Semolado Galo Espaguete 500g,3.39,21/08/2026,https://instagram.fkix1-2.fna.fbcdn.net/v/t51.82787-15/780140079_18192045034391764_7683991793781918786_n.jpg?stp=dst-jpg_e35_tt6&_nc_cat=103&ig_cache_key=Mzk2ODIxODA0ODc2ODI1MjE2NA%3D%3D.3-ccb7-5&ccb=7-5&_nc_sid=58cdad&efg=eyJ2ZW5jb2RlX3RhZyI6IkZFRUQueHBpZHMuMTQ0MC5zZHIucmVndWxhcl9waG90by5DMyJ9&_nc_ohc=MnWLmv7izFEQ7kNvwHXigpa&_nc_oc=AdoUtff4aarrhcvw-vdfk-s13MRYCT4UgBveYp6TRaSiAZD6Vv8wX0aDxTyuLBOkhm5IgTCXkxKRdPNG7AyDfS7U&_nc_zt=23&_nc_ht=instagram.fkix1-2.fna&_nc_gid=0evyVvBYHSU_Cm4Iwk7vOg&_nc_ss=72689&oh=00_AQHGgjMqXbWr_LPI5_m7Ny1tjSUnuOJrNizw6mgVwGitfA&oe=6A90EBEE,https://www.instagram.com/p/DcR8Up0IBkE/
Supermercado Bianchi,Mercearia / Óleos e Azeites,AZEITE OLIVA EXTRA VIRGEM GOMES DA COSTA 500ML,26.99,21/08/2026,https://scontent-yyz1-1.cdninstagram.com/v/t39.30808-6/784389478_1657849223012142_713593503530775725_n.jpg?stp=dst-jpg_e35_tt6&_nc_cat=104&ig_cache_key=Mzk2ODk0NTQxMTAwNzI5MjQ2Mg%3D%3D.3-ccb7-5&ccb=7-5&_nc_sid=58cdad&efg=eyJ2ZW5jb2RlX3RhZyI6IkNBUk9VU0VMX0lURU0ueHBpZHMuMTYzOC5zZHIucmVndWxhcl9waG90by5DMyJ9&_nc_ohc=4yeRiUBdoz4Q7kNvwH4CAW4&_nc_oc=Adr4k_7LZLxbp0Mpc1U3LRpqJwAUdmeIxcez1RLd5l-ZUOOlW-nLlVfQjkxV6qTDi7Y&_nc_zt=23&_nc_ht=scontent-yyz1-1.cdninstagram.com&_nc_gid=dY8EOS28NOwxEEhDuq8XVw&_nc_ss=7ca8c&oh=00_AQHNk_zWVxhT71iSTJfQ-MpAR064PheCUWWVwwYmpOPcsQ&oe=6A9110F3,https://www.instagram.com/p/DcUhthogY_o/
Mercado Talismã,Outros,Batatinha,2.49,23/08/2026,https://scontent-fra3-2.cdninstagram.com/v/t51.82787-15/783255974_18093165728531849_313858570458509058_n.jpg?stp=dst-jpg_e35_tt6&_nc_cat=111&ig_cache_key=Mzk3MDAyODMzNjE3MjA4NzkxNw%3D%3D.3-ccb7-5&ccb=7-5&_nc_sid=58cdad&efg=eyJ2ZW5jb2RlX3RhZyI6IkNBUk9VU0VMX0lURU0ueHBpZHMuMTI1NC5zZHIucmVndWxhcl9waG90by5DMyJ9&_nc_ohc=S3NzwTUdCcYQ7kNvwHQETia&_nc_oc=AdqMxt7aEVykCarUHYulNruhakhZYQkrGNgn9MR1j44U4bQTYNfZFmIQO6uLuCHZZx8&_nc_zt=23&_nc_ht=scontent-fra3-2.cdninstagram.com&_nc_gid=OmicEssyz1TeBVLhoQb82w&_nc_ss=7c689&oh=00_AQHrtCmfbQupjkZtpj2kHAWEcHqJc6FpuSBMXa3hfafI0g&oe=6A9107BE,https://www.instagram.com/p/DcYX8qUEXk2/
Supermercado São Pedro,Outros,Donuts Un,2.99,21/08/2026,https://instagram.fmel14-1.fna.fbcdn.net/v/t51.82787-15/779957410_18194460196382122_4239320256883363950_n.jpg?stp=dst-jpg_e35_tt6&_nc_cat=111&ig_cache_key=Mzk2ODYwOTg5OTE2Nzk4NjAwMA%3D%3D.3-ccb7-5&ccb=7-5&_nc_sid=58cdad&efg=eyJ2ZW5jb2RlX3RhZyI6IkNBUk9VU0VMX0lURU0ueHBpZHMuMjE2MS5zZHIucmVndWxhcl9waG90by5DMyJ9&_nc_ohc=lCs7XFPuzTIQ7kNvwHFF4nb&_nc_oc=Adqdqo2VsTckPHVJ3EiF5nzerW_qgr3tOsXCIILFRiDdN1BxLl6gCZq4Cq5ABetFCxQ&_nc_zt=23&_nc_ht=instagram.fmel14-1.fna&_nc_gid=ux6Z-qOe2dV0WH5WnJr3RA&_nc_ss=72a8c&oh=00_AQFmdrN31hz1yAFrEjucFs5FYgWCLEDLeOOPE8Un15Fgpg&oe=6A90F1C1,https://www.instagram.com/p/DcTVeacG11v/
Bom Jesus Primavera do Leste 🛒,Outros,"Água Mineral (garrafa pequena, ex: Bonafont, Puríssima) 500ml/600ml",2.99,22/08/2026,https://instagram.fmel17-1.fna.fbcdn.net/v/t51.82787-15/781162059_18373952632237813_4532706053079983862_n.jpg?stp=dst-jpg_e15_tt6&_nc_cat=101&ig_cache_key=Mzk2OTQ0MzcyNDUxNzY0ODEyMTE4MzczOTUyNjI5MjM3ODEz.3-ccb7-5&ccb=7-5&_nc_sid=58cdad&efg=eyJ2ZW5jb2RlX3RhZyI6IkNMSVBTLnhwaWRzLjcyMC5zZHIudmlkZW9fZGVmYXVsdF9jb3Zlcl9mcmFtZS5DMyJ9&_nc_ohc=iR530pYisUwQ7kNvwGcW66R&_nc_oc=AdqjgXO5Pupn_42AQ9VpGIPMxqCD4EgX00XbVjsdR9ZoRjPe6yWF-7RI9N_eH5dfaMU&_nc_zt=23&_nc_ht=instagram.fmel17-1.fna&_nc_gid=UL6aT8Mg1HgX-3g_A965fg&_nc_ss=72a8c&oh=00_AQG3rvMT0z3oseciM-7IX_x248nvgwto9O6ti7BsWGVr1g&oe=6A90E8FB,https://www.instagram.com/p/DcWTAlTxyb5/
Supermercado São Pedro,Outros,Batatinha Kg,3.29,21/08/2026,https://instagram.fmel14-1.fna.fbcdn.net/v/t51.82787-15/779957410_18194460196382122_4239320256883363950_n.jpg?stp=dst-jpg_e35_tt6&_nc_cat=111&ig_cache_key=Mzk2ODYwOTg5OTE2Nzk4NjAwMA%3D%3D.3-ccb7-5&ccb=7-5&_nc_sid=58cdad&efg=eyJ2ZW5jb2RlX3RhZyI6IkNBUk9VU0VMX0lURU0ueHBpZHMuMjE2MS5zZHIucmVndWxhcl9waG90by5DMyJ9&_nc_ohc=lCs7XFPuzTIQ7kNvwHFF4nb&_nc_oc=Adqdqo2VsTckPHVJ3EiF5nzerW_qgr3tOsXCIILFRiDdN1BxLl6gCZq4Cq5ABetFCxQ&_nc_zt=23&_nc_ht=instagram.fmel14-1.fna&_nc_gid=ux6Z-qOe2dV0WH5WnJr3RA&_nc_ss=72a8c&oh=00_AQFmdrN31hz1yAFrEjucFs5FYgWCLEDLeOOPE8Un15Fgpg&oe=6A90F1C1,https://www.instagram.com/p/DcTVeacG11v/
Supermercado Bianchi,Outros,Mandioca Congelada kg,5.99,21/08/2026,https://instagram.ffsz1-2.fna.fbcdn.net/v/t39.30808-6/783592781_1657848779678853_846802542024845217_n.jpg?stp=dst-jpg_e35_tt6&_nc_cat=104&ig_cache_key=Mzk2ODk0NTQwNzM1MDQwNDUxOQ%3D%3D.3-ccb7-5&ccb=7-5&_nc_sid=58cdad&efg=eyJ2ZW5jb2RlX3RhZyI6IkNBUk9VU0VMX0lURU0ueHBpZHMuMTA4MC5zZHIucmVndWxhcl9waG90by5DMyJ9&_nc_ohc=iB6xP_moLBkQ7kNvwFPBa6X&_nc_oc=AdqJH-8uZRIQxaKMk_Ml38CUAN6JBNttUXmjoP0B92jE9WMiTxCkR2gh7TrinJ91T20&_nc_zt=23&_nc_ht=instagram.ffsz1-2.fna&_nc_gid=sBcQSkjaaUnYjycH3Stg0w&_nc_ss=72689&oh=00_AQGlmL2kbhKVnG_Ve-bZ17g1P_iqz4w9A_Mn2NMYJuCosQ&oe=6A9100B8,https://www.instagram.com/p/DcUhtWbCf5d/
Supermercado Bianchi,Outros,Margarina Qualy Cremosa 500g,8.99,21/08/2026,https://scontent-yyz1-1.cdninstagram.com/v/t39.30808-6/784063255_1657849239678807_5513880334027503636_n.jpg?stp=dst-jpg_e35_tt6&_nc_cat=101&ig_cache_key=Mzk2ODk0NTQxMjQ4MzY4NTI0Mg%3D%3D.3-ccb7-5&ccb=7-5&_nc_sid=58cdad&efg=eyJ2ZW5jb2RlX3RhZyI6IkNBUk9VU0VMX0lURU0ueHBpZHMuMTYzOC5zZHIucmVndWxhcl9waG90by5DMyJ9&_nc_ohc=e3PyeUdWKzcQ7kNvwFfoIdM&_nc_oc=AdpXHNojV04_Ztq9FS7FoxOJ5FhDWDxrZ-JFHheLjp9ArMiYqy2JRLdd5QbnmII9xF8&_nc_zt=23&_nc_ht=scontent-yyz1-1.cdninstagram.com&_nc_gid=dY8EOS28NOwxEEhDuq8XVw&_nc_ss=7ca8c&oh=00_AQFejW8B6oti8qQ6tfjagpZ5w86G3C84MOUzFLrW7Dm-tA&oe=6A9115F5,https://www.instagram.com/p/DcUhthogY_o/
Supermercado Bianchi,Outros,"BOMBONS SORTIDOS LACTA FAVORITOS 250,6G",14.99,21/08/2026,https://scontent-yyz1-1.cdninstagram.com/v/t39.30808-6/784389478_1657849223012142_713593503530775725_n.jpg?stp=dst-jpg_e35_tt6&_nc_cat=104&ig_cache_key=Mzk2ODk0NTQxMTAwNzI5MjQ2Mg%3D%3D.3-ccb7-5&ccb=7-5&_nc_sid=58cdad&efg=eyJ2ZW5jb2RlX3RhZyI6IkNBUk9VU0VMX0lURU0ueHBpZHMuMTYzOC5zZHIucmVndWxhcl9waG90by5DMyJ9&_nc_ohc=4yeRiUBdoz4Q7kNvwH4CAW4&_nc_oc=Adr4k_7LZLxbp0Mpc1U3LRpqJwAUdmeIxcez1RLd5l-ZUOOlW-nLlVfQjkxV6qTDi7Y&_nc_zt=23&_nc_ht=scontent-yyz1-1.cdninstagram.com&_nc_gid=dY8EOS28NOwxEEhDuq8XVw&_nc_ss=7ca8c&oh=00_AQHNk_zWVxhT71iSTJfQ-MpAR064PheCUWWVwwYmpOPcsQ&oe=6A9110F3,https://www.instagram.com/p/DcUhthogY_o/
Super Compras Supermercado,Outros,Papel Hig. Duetto - Neutro Folha Dupla - 30m c/ 12 Rolos,18.99,21/08/2026,https://instagram.fkix1-2.fna.fbcdn.net/v/t51.82787-15/780140079_18192045034391764_7683991793781918786_n.jpg?stp=dst-jpg_e35_tt6&_nc_cat=103&ig_cache_key=Mzk2ODIxODA0ODc2ODI1MjE2NA%3D%3D.3-ccb7-5&ccb=7-5&_nc_sid=58cdad&efg=eyJ2ZW5jb2RlX3RhZyI6IkZFRUQueHBpZHMuMTQ0MC5zZHIucmVndWxhcl9waG90by5DMyJ9&_nc_ohc=MnWLmv7izFEQ7kNvwHXigpa&_nc_oc=AdoUtff4aarrhcvw-vdfk-s13MRYCT4UgBveYp6TRaSiAZD6Vv8wX0aDxTyuLBOkhm5IgTCXkxKRdPNG7AyDfS7U&_nc_zt=23&_nc_ht=instagram.fkix1-2.fna&_nc_gid=0evyVvBYHSU_Cm4Iwk7vOg&_nc_ss=72689&oh=00_AQHGgjMqXbWr_LPI5_m7Ny1tjSUnuOJrNizw6mgVwGitfA&oe=6A90EBEE,https://www.instagram.com/p/DcR8Up0IBkE/
SUPERMERCADO PARANAENSE,Outros,Ponta de Peito Bovino (kg),31.99,21/08/2026,https://scontent-mad1-1.cdninstagram.com/v/t51.82787-15/782639788_17906516796496981_1020296803527373493_n.jpg?stp=dst-jpg_e35_tt6&_nc_cat=106&ig_cache_key=Mzk2ODI0NTY3NDgyMDQ2MDk5NA%3D%3D.3-ccb7-5&ccb=7-5&_nc_sid=58cdad&efg=eyJ2ZW5jb2RlX3RhZyI6IkZFRUQueHBpZHMuMTM1MC5zZHIucmVndWxhcl9waG90by5DMyJ9&_nc_ohc=CfekLFktTToQ7kNvwGk1Vn6&_nc_oc=AdpfcgZX3vadSRYhInSRIGrquIQ8UJVdMI70DGHIb7unvfbeLbNI3ipPnARKWc__Jbk&_nc_zt=23&_nc_ht=scontent-mad1-1.cdninstagram.com&_nc_gid=BXuiN8t91u9tBAPuGiIO2g&_nc_ss=72689&oh=00_AQHHEPrLACHnSGbLo88YtrEAnW0vsi7dq7Zd8RxN1uRxHA&oe=6A910A4D,https://www.instagram.com/p/DcSCmqlJ2HC/
Supermercado Bianchi,Outros,Lenha Eucalipto São Luiz Saco c/12kg,31.99,21/08/2026,https://instagram.ffsz1-2.fna.fbcdn.net/v/t39.30808-6/783592781_1657848779678853_846802542024845217_n.jpg?stp=dst-jpg_e35_tt6&_nc_cat=104&ig_cache_key=Mzk2ODk0NTQwNzM1MDQwNDUxOQ%3D%3D.3-ccb7-5&ccb=7-5&_nc_sid=58cdad&efg=eyJ2ZW5jb2RlX3RhZyI6IkNBUk9VU0VMX0lURU0ueHBpZHMuMTA4MC5zZHIucmVndWxhcl9waG90by5DMyJ9&_nc_ohc=iB6xP_moLBkQ7kNvwFPBa6X&_nc_oc=AdqJH-8uZRIQxaKMk_Ml38CUAN6JBNttUXmjoP0B92jE9WMiTxCkR2gh7TrinJ91T20&_nc_zt=23&_nc_ht=instagram.ffsz1-2.fna&_nc_gid=sBcQSkjaaUnYjycH3Stg0w&_nc_ss=72689&oh=00_AQGlmL2kbhKVnG_Ve-bZ17g1P_iqz4w9A_Mn2NMYJuCosQ&oe=6A9100B8,https://www.instagram.com/p/DcUhtWbCf5d/
Super Compras Supermercado,Outros,Ponta de Peito Bovino Kg,34.99,22/08/2026,https://scontent-bcn1-1.cdninstagram.com/v/t51.82787-15/781425562_18192143110391764_1116124836587707156_n.jpg?stp=dst-jpg_e35_tt6&_nc_cat=103&ig_cache_key=Mzk2ODk1MTQ4MDU4NDU2NzM5OQ%3D%3D.3-ccb7-5&ccb=7-5&_nc_sid=58cdad&efg=eyJ2ZW5jb2RlX3RhZyI6IkZFRUQueHBpZHMuMTQ0MC5zZHIucmVndWxhcl9waG90by5DMyJ9&_nc_ohc=8hrJBMNPgMwQ7kNvwGnUvJT&_nc_oc=AdoYXp6jvZRcmSMGgqmF11k841hgU8gGUrOfeORSS__62St6UXnxn_bR0QriGzcVs-Y&_nc_zt=23&_nc_ht=scontent-bcn1-1.cdninstagram.com&_nc_gid=UupPG7b4DGODvN3vuiZpZQ&_nc_ss=7c689&oh=00_AQGFPth_49ZkwKhabICc3goRl2cNXRyeZKwTHgN8ZR1PEg&oe=6A90FC60,https://www.instagram.com/p/DcUjFfbAPpn/
Mercado Talismã,Outros,CAPA C. FILÉ,37.99,23/08/2026,https://scontent-fra5-1.cdninstagram.com/v/t51.82787-15/784428408_18093165719531849_770231522003913391_n.jpg?stp=dst-jpg_e35_tt6&_nc_cat=110&ig_cache_key=Mzk3MDAyODMzNTQzMzkzNjEwMg%3D%3D.3-ccb7-5&ccb=7-5&_nc_sid=58cdad&efg=eyJ2ZW5jb2RlX3RhZyI6IkNBUk9VU0VMX0lURU0ueHBpZHMuMTI1NC5zZHIucmVndWxhcl9waG90by5DMyJ9&_nc_ohc=GmsJ3vXSy68Q7kNvwGVSkpu&_nc_oc=AdrX8bB7qu-gebCkviipVGlLQBoWjR3klESFn4IDdWp5bK13cysX49UPbueDkRufjDQ&_nc_zt=23&_nc_ht=scontent-fra5-1.cdninstagram.com&_nc_gid=OmicEssyz1TeBVLhoQb82w&_nc_ss=7c689&oh=00_AQEDm3gEunrfUYdARNpzzDwo5CwS5UgvXEEnZXE5WYRy-g&oe=6A910F00,https://www.instagram.com/p/DcYX8qUEXk2/
Supermercado Bianchi,Outros,Peito Bovino kg,40.99,21/08/2026,https://instagram.ffsz1-2.fna.fbcdn.net/v/t39.30808-6/783592781_1657848779678853_846802542024845217_n.jpg?stp=dst-jpg_e35_tt6&_nc_cat=104&ig_cache_key=Mzk2ODk0NTQwNzM1MDQwNDUxOQ%3D%3D.3-ccb7-5&ccb=7-5&_nc_sid=58cdad&efg=eyJ2ZW5jb2RlX3RhZyI6IkNBUk9VU0VMX0lURU0ueHBpZHMuMTA4MC5zZHIucmVndWxhcl9waG90by5DMyJ9&_nc_ohc=iB6xP_moLBkQ7kNvwFPBa6X&_nc_oc=AdqJH-8uZRIQxaKMk_Ml38CUAN6JBNttUXmjoP0B92jE9WMiTxCkR2gh7TrinJ91T20&_nc_zt=23&_nc_ht=instagram.ffsz1-2.fna&_nc_gid=sBcQSkjaaUnYjycH3Stg0w&_nc_ss=72689&oh=00_AQGlmL2kbhKVnG_Ve-bZ17g1P_iqz4w9A_Mn2NMYJuCosQ&oe=6A9100B8,https://www.instagram.com/p/DcUhtWbCf5d/
Bom Jesus Primavera do Leste 🛒,Outros,"Assadeira Marinex com Alça 3,5 Litros",44.9,21/08/2026,https://scontent-fra3-1.cdninstagram.com/v/t51.82787-15/779844446_18373759273237813_717042095228036520_n.jpg?stp=dst-jpg_e35_tt6&_nc_cat=101&ig_cache_key=Mzk2ODYwMzg2MjA2MzE4NjIyMQ%3D%3D.3-ccb7-5&ccb=7-5&_nc_sid=58cdad&efg=eyJ2ZW5jb2RlX3RhZyI6IkNBUk9VU0VMX0lURU0ueHBpZHMuMTA4MC5zZHIucmVndWxhcl9waG90by5DMyJ9&_nc_ohc=m8__0j7aHxEQ7kNvwHQgQM1&_nc_oc=Adqqyzxf80dnGdfoMUDYLQ78auIhXgsQRmXFG1xjO8D1VrOcfIzrq0jKFCCJUO17l1k&_nc_zt=23&_nc_ht=scontent-fra3-1.cdninstagram.com&_nc_gid=F6S7ALtEyd_ZpDSi6b98wg&_nc_ss=7c689&oh=00_AQFiCdSVvzE-0y00eD8uLFeynPRShLQQTeh0LsTyhUq5yg&oe=6A90ED30,https://www.instagram.com/p/DcTUD7jlm8n/
Supermercado Bianchi,Outros,Caixa Térmica Mor 18L,69.9,21/08/2026,https://scontent-yyz1-1.cdninstagram.com/v/t39.30808-6/782170702_1657849206345477_5831566733473110975_n.jpg?stp=dst-jpg_e35_tt6&_nc_cat=100&ig_cache_key=Mzk2ODk0NTQxMzExMjgxNzUxNQ%3D%3D.3-ccb7-5&ccb=7-5&_nc_sid=58cdad&efg=eyJ2ZW5jb2RlX3RhZyI6IkNBUk9VU0VMX0lURU0ueHBpZHMuMTYzOC5zZHIucmVndWxhcl9waG90by5DMyJ9&_nc_ohc=nPR0J7MpbqkQ7kNvwEzZDbd&_nc_oc=Adpry1jPlvmvV7LmOysUv_LLV-FhwGPWDm6Rg71oYFbsfnxKMCaabjnOktNcjUzgqa4&_nc_zt=23&_nc_ht=scontent-yyz1-1.cdninstagram.com&_nc_gid=dY8EOS28NOwxEEhDuq8XVw&_nc_ss=7ca8c&oh=00_AQF-3Hwtj3T7Ih66se1e5vSAzuucm9zNOnyzT88McSTO4Q&oe=6A90F3F7,https://www.instagram.com/p/DcUhthogY_o/
Bom Jesus Primavera do Leste 🛒,Padaria / Congelados,Pão De Queijo Tradicional Cuiabá Pct 1kg,9.99,21/08/2026,https://scontent-fra3-1.cdninstagram.com/v/t51.82787-15/782344855_18373759252237813_7320855115066332806_n.jpg?stp=dst-jpg_e35_tt6&_nc_cat=101&ig_cache_key=Mzk2ODYwMzg2MTkyMDUwNTIwMg%3D%3D.3-ccb7-5&ccb=7-5&_nc_sid=58cdad&efg=eyJ2ZW5jb2RlX3RhZyI6IkNBUk9VU0VMX0lURU0ueHBpZHMuMTA4MC5zZHIucmVndWxhcl9waG90by5DMyJ9&_nc_ohc=EXXZ6F7wf7QQ7kNvwExN-F_&_nc_oc=Adqy_WCiNpvnqeKDoGaznLUTOweN1UIsrQuI9YOY_SXa-FPNBFlsWjSQimULI31xoac&_nc_zt=23&_nc_ht=scontent-fra3-1.cdninstagram.com&_nc_gid=F6S7ALtEyd_ZpDSi6b98wg&_nc_ss=7c689&oh=00_AQGdQP6Yd6p_wT_FEaeuUfgwheGcQsrIuZgAHmm6EwP6RA&oe=6A90E02C,https://www.instagram.com/p/DcTUD7jlm8n/
Supermercado Bianchi,Padaria / Congelados,Pão de Queijo Congelado MC Pacote c/1kg,14.99,21/08/2026,https://scontent-yyz1-1.cdninstagram.com/v/t39.30808-6/784063255_1657849239678807_5513880334027503636_n.jpg?stp=dst-jpg_e35_tt6&_nc_cat=101&ig_cache_key=Mzk2ODk0NTQxMjQ4MzY4NTI0Mg%3D%3D.3-ccb7-5&ccb=7-5&_nc_sid=58cdad&efg=eyJ2ZW5jb2RlX3RhZyI6IkNBUk9VU0VMX0lURU0ueHBpZHMuMTYzOC5zZHIucmVndWxhcl9waG90by5DMyJ9&_nc_ohc=e3PyeUdWKzcQ7kNvwFfoIdM&_nc_oc=AdpXHNojV04_Ztq9FS7FoxOJ5FhDWDxrZ-JFHheLjp9ArMiYqy2JRLdd5QbnmII9xF8&_nc_zt=23&_nc_ht=scontent-yyz1-1.cdninstagram.com&_nc_gid=dY8EOS28NOwxEEhDuq8XVw&_nc_ss=7ca8c&oh=00_AQFejW8B6oti8qQ6tfjagpZ5w86G3C84MOUzFLrW7Dm-tA&oe=6A9115F5,https://www.instagram.com/p/DcUhthogY_o/
Supermercado São Pedro,Padaria / Congelados,Pão de Queijo Kg,34.99,21/08/2026,https://instagram.fmel14-1.fna.fbcdn.net/v/t51.82787-15/779957410_18194460196382122_4239320256883363950_n.jpg?stp=dst-jpg_e35_tt6&_nc_cat=111&ig_cache_key=Mzk2ODYwOTg5OTE2Nzk4NjAwMA%3D%3D.3-ccb7-5&ccb=7-5&_nc_sid=58cdad&efg=eyJ2ZW5jb2RlX3RhZyI6IkNBUk9VU0VMX0lURU0ueHBpZHMuMjE2MS5zZHIucmVndWxhcl9waG90by5DMyJ9&_nc_ohc=lCs7XFPuzTIQ7kNvwHFF4nb&_nc_oc=Adqdqo2VsTckPHVJ3EiF5nzerW_qgr3tOsXCIILFRiDdN1BxLl6gCZq4Cq5ABetFCxQ&_nc_zt=23&_nc_ht=instagram.fmel14-1.fna&_nc_gid=ux6Z-qOe2dV0WH5WnJr3RA&_nc_ss=72a8c&oh=00_AQFmdrN31hz1yAFrEjucFs5FYgWCLEDLeOOPE8Un15Fgpg&oe=6A90F1C1,https://www.instagram.com/p/DcTVeacG11v/
Bom Jesus Primavera do Leste 🛒,Padaria / Pães,Pão de Forma Visconti 400g Tradicional,6.49,21/08/2026,https://scontent-fra3-1.cdninstagram.com/v/t51.82787-15/779844446_18373759273237813_717042095228036520_n.jpg?stp=dst-jpg_e35_tt6&_nc_cat=101&ig_cache_key=Mzk2ODYwMzg2MjA2MzE4NjIyMQ%3D%3D.3-ccb7-5&ccb=7-5&_nc_sid=58cdad&efg=eyJ2ZW5jb2RlX3RhZyI6IkNBUk9VU0VMX0lURU0ueHBpZHMuMTA4MC5zZHIucmVndWxhcl9waG90by5DMyJ9&_nc_ohc=m8__0j7aHxEQ7kNvwHQgQM1&_nc_oc=Adqqyzxf80dnGdfoMUDYLQ78auIhXgsQRmXFG1xjO8D1VrOcfIzrq0jKFCCJUO17l1k&_nc_zt=23&_nc_ht=scontent-fra3-1.cdninstagram.com&_nc_gid=F6S7ALtEyd_ZpDSi6b98wg&_nc_ss=7c689&oh=00_AQFiCdSVvzE-0y00eD8uLFeynPRShLQQTeh0LsTyhUq5yg&oe=6A90ED30,https://www.instagram.com/p/DcTUD7jlm8n/
Mercado Talismã,Padaria / Pães,PÃO DE ALHO BELLO 300G,9.99,23/08/2026,https://scontent-fra5-1.cdninstagram.com/v/t51.82787-15/784428408_18093165719531849_770231522003913391_n.jpg?stp=dst-jpg_e35_tt6&_nc_cat=110&ig_cache_key=Mzk3MDAyODMzNTQzMzkzNjEwMg%3D%3D.3-ccb7-5&ccb=7-5&_nc_sid=58cdad&efg=eyJ2ZW5jb2RlX3RhZyI6IkNBUk9VU0VMX0lURU0ueHBpZHMuMTI1NC5zZHIucmVndWxhcl9waG90by5DMyJ9&_nc_ohc=GmsJ3vXSy68Q7kNvwGVSkpu&_nc_oc=AdrX8bB7qu-gebCkviipVGlLQBoWjR3klESFn4IDdWp5bK13cysX49UPbueDkRufjDQ&_nc_zt=23&_nc_ht=scontent-fra5-1.cdninstagram.com&_nc_gid=OmicEssyz1TeBVLhoQb82w&_nc_ss=7c689&oh=00_AQEDm3gEunrfUYdARNpzzDwo5CwS5UgvXEEnZXE5WYRy-g&oe=6A910F00,https://www.instagram.com/p/DcYX8qUEXk2/
Super Compras Supermercado,Padaria / Pães,Pão de Alho Boua 300g,10.99,21/08/2026,https://instagram.fkix1-2.fna.fbcdn.net/v/t51.82787-15/780140079_18192045034391764_7683991793781918786_n.jpg?stp=dst-jpg_e35_tt6&_nc_cat=103&ig_cache_key=Mzk2ODIxODA0ODc2ODI1MjE2NA%3D%3D.3-ccb7-5&ccb=7-5&_nc_sid=58cdad&efg=eyJ2ZW5jb2RlX3RhZyI6IkZFRUQueHBpZHMuMTQ0MC5zZHIucmVndWxhcl9waG90by5DMyJ9&_nc_ohc=MnWLmv7izFEQ7kNvwHXigpa&_nc_oc=AdoUtff4aarrhcvw-vdfk-s13MRYCT4UgBveYp6TRaSiAZD6Vv8wX0aDxTyuLBOkhm5IgTCXkxKRdPNG7AyDfS7U&_nc_zt=23&_nc_ht=instagram.fkix1-2.fna&_nc_gid=0evyVvBYHSU_Cm4Iwk7vOg&_nc_ss=72689&oh=00_AQHGgjMqXbWr_LPI5_m7Ny1tjSUnuOJrNizw6mgVwGitfA&oe=6A90EBEE,https://www.instagram.com/p/DcR8Up0IBkE/
Bom Jesus Primavera do Leste 🛒,Padaria / Pães,Pão De Alho Dabrasa Sabores 450gr,11.99,21/08/2026,https://scontent-fra3-1.cdninstagram.com/v/t51.82787-15/782344855_18373759252237813_7320855115066332806_n.jpg?stp=dst-jpg_e35_tt6&_nc_cat=101&ig_cache_key=Mzk2ODYwMzg2MTkyMDUwNTIwMg%3D%3D.3-ccb7-5&ccb=7-5&_nc_sid=58cdad&efg=eyJ2ZW5jb2RlX3RhZyI6IkNBUk9VU0VMX0lURU0ueHBpZHMuMTA4MC5zZHIucmVndWxhcl9waG90by5DMyJ9&_nc_ohc=EXXZ6F7wf7QQ7kNvwExN-F_&_nc_oc=Adqy_WCiNpvnqeKDoGaznLUTOweN1UIsrQuI9YOY_SXa-FPNBFlsWjSQimULI31xoac&_nc_zt=23&_nc_ht=scontent-fra3-1.cdninstagram.com&_nc_gid=F6S7ALtEyd_ZpDSi6b98wg&_nc_ss=7c689&oh=00_AQGdQP6Yd6p_wT_FEaeuUfgwheGcQsrIuZgAHmm6EwP6RA&oe=6A90E02C,https://www.instagram.com/p/DcTUD7jlm8n/
Supermercado São Pedro,Padaria / Pães,Pão de Hambúrguer Kg,19.99,21/08/2026,https://instagram.fmel14-1.fna.fbcdn.net/v/t51.82787-15/779957410_18194460196382122_4239320256883363950_n.jpg?stp=dst-jpg_e35_tt6&_nc_cat=111&ig_cache_key=Mzk2ODYwOTg5OTE2Nzk4NjAwMA%3D%3D.3-ccb7-5&ccb=7-5&_nc_sid=58cdad&efg=eyJ2ZW5jb2RlX3RhZyI6IkNBUk9VU0VMX0lURU0ueHBpZHMuMjE2MS5zZHIucmVndWxhcl9waG90by5DMyJ9&_nc_ohc=lCs7XFPuzTIQ7kNvwHFF4nb&_nc_oc=Adqdqo2VsTckPHVJ3EiF5nzerW_qgr3tOsXCIILFRiDdN1BxLl6gCZq4Cq5ABetFCxQ&_nc_zt=23&_nc_ht=instagram.fmel14-1.fna&_nc_gid=ux6Z-qOe2dV0WH5WnJr3RA&_nc_ss=72a8c&oh=00_AQFmdrN31hz1yAFrEjucFs5FYgWCLEDLeOOPE8Un15Fgpg&oe=6A90F1C1,https://www.instagram.com/p/DcTVeacG11v/
Bom Jesus Primavera do Leste 🛒,Pet Shop,Ração para Cão Thor Adulto 7 Kg,64.9,21/08/2026,https://scontent-fra3-1.cdninstagram.com/v/t51.82787-15/779844446_18373759273237813_717042095228036520_n.jpg?stp=dst-jpg_e35_tt6&_nc_cat=101&ig_cache_key=Mzk2ODYwMzg2MjA2MzE4NjIyMQ%3D%3D.3-ccb7-5&ccb=7-5&_nc_sid=58cdad&efg=eyJ2ZW5jb2RlX3RhZyI6IkNBUk9VU0VMX0lURU0ueHBpZHMuMTA4MC5zZHIucmVndWxhcl9waG90by5DMyJ9&_nc_ohc=m8__0j7aHxEQ7kNvwHQgQM1&_nc_oc=Adqqyzxf80dnGdfoMUDYLQ78auIhXgsQRmXFG1xjO8D1VrOcfIzrq0jKFCCJUO17l1k&_nc_zt=23&_nc_ht=scontent-fra3-1.cdninstagram.com&_nc_gid=F6S7ALtEyd_ZpDSi6b98wg&_nc_ss=7c689&oh=00_AQFiCdSVvzE-0y00eD8uLFeynPRShLQQTeh0LsTyhUq5yg&oe=6A90ED30,https://www.instagram.com/p/DcTUD7jlm8n/
