supermercado,categoria,item,valor,data_postagem,link,post_url
SUPERMERCADO PARANAENSE,Bebidas / Alcoólicos Diversos,Milho Verde Fugini 170g,2.69,18/08/2026,https://instagram.fbcn15-1.fna.fbcdn.net/v/t51.82787-15/779201412_17905958076496981_6443721065028839968_n.jpg?stp=dst-jpg_e35_tt6&_nc_cat=105&ig_cache_key=Mzk2NjA3NDE1MTYyNzk1NjAwNA%3D%3D.3-ccb7-5&ccb=7-5&_nc_sid=58cdad&efg=eyJ2ZW5jb2RlX3RhZyI6IkZFRUQueHBpZHMuMTM1MC5zZHIucmVndWxhcl9waG90by5DMyJ9&_nc_ohc=X7-fGJ3cyTUQ7kNvwHAmXH2&_nc_oc=AdosRII6nQbT_reMsilTtKghiDcv4w8iF0Wcp_irQ-Nol_iq2kSoFwZVNevQClJO0WM&_nc_zt=23&_nc_ht=instagram.fbcn15-1.fna&_nc_gid=CmZwXFojirTALIXoUXMO7A&_nc_ss=72a8c&oh=00_AQFcAVSBWAC55LkMefquTT5wtKObtalwB3dNssRwn3lsRg&oe=6A91FA14,https://www.instagram.com/p/DcKU22ApJ8k/
Machadão Atacadista,Bebidas / Alcoólicos Diversos,Ervilha Fugini 170g,2.79,20/08/2026,https://scontent-waw2-2.cdninstagram.com/v/t39.30808-6/775548688_1353980203488604_1662033817259096349_n.jpg?stp=dst-jpg_e35_tt6&_nc_cat=101&ig_cache_key=Mzk2NzUxNDUxMzI1OTY2NjE4NQ%3D%3D.3-ccb7-5&ccb=7-5&_nc_sid=58cdad&efg=eyJ2ZW5jb2RlX3RhZyI6IkNBUk9VU0VMX0lURU0ueHBpZHMuMTYzOC5zZHIucmVndWxhcl9waG90by5DMyJ9&_nc_ohc=P5B5cPwUwBEQ7kNvwFyJmX7&_nc_oc=AdoKBGmeIB0nx7S-jsG_PsN_PbfrbUj5RPaLrFf4jC-7vOoBuXM9EYfFXabIEzeKpi1YPCJ8UwP7caKpHkb5OEbG&_nc_zt=23&_nc_ht=scontent-waw2-2.cdninstagram.com&_nc_gid=TCTohav7JJwegkku5UEH4A&_nc_ss=7d689&oh=00_AQEGO_LrZLYrfb7LzlS_GoanDcaczhh-FNaaJRwE8-oRcw&oe=6A9201CF,https://www.instagram.com/p/DcPcXJfjBzY/
Machadão Atacadista,Bebidas / Alcoólicos Diversos,Ervilha Fugini 170g,2.79,20/08/2026,https://scontent-waw2-2.cdninstagram.com/v/t39.30808-6/775382457_1353980220155269_2009226448122347149_n.jpg?stp=dst-jpg_e35_tt6&_nc_cat=107&ig_cache_key=Mzk2NzUxNDUxMzU3ODM5NTQ2MQ%3D%3D.3-ccb7-5&ccb=7-5&_nc_sid=58cdad&efg=eyJ2ZW5jb2RlX3RhZyI6IkNBUk9VU0VMX0lURU0ueHBpZHMuMTYzOC5zZHIucmVndWxhcl9waG90by5DMyJ9&_nc_ohc=F4QLw9fMlnsQ7kNvwGYC8oo&_nc_oc=AdpbLw7b_mZbcNteltB2DlKPNAysOOQ0WM-gkc9C8VLGoL_7dQ8pyeQvILQjxqEb5_q8Gm-UgAPL_RhxTWUNBZn1&_nc_zt=23&_nc_ht=scontent-waw2-2.cdninstagram.com&_nc_gid=TCTohav7JJwegkku5UEH4A&_nc_ss=7d689&oh=00_AQH2WMhtcN_i8S6UUDomf1yCMcXXW1poPb2DTTxJ0imEPA&oe=6A91E7DC,https://www.instagram.com/p/DcPcXJfjBzY/
Machadão Atacadista,Bebidas / Alcoólicos Diversos,Vinho Cabeza de Piedra 750ml,24.99,20/08/2026,https://scontent-waw2-2.cdninstagram.com/v/t39.30808-6/775548688_1353980203488604_1662033817259096349_n.jpg?stp=dst-jpg_e35_tt6&_nc_cat=101&ig_cache_key=Mzk2NzUxNDUxMzI1OTY2NjE4NQ%3D%3D.3-ccb7-5&ccb=7-5&_nc_sid=58cdad&efg=eyJ2ZW5jb2RlX3RhZyI6IkNBUk9VU0VMX0lURU0ueHBpZHMuMTYzOC5zZHIucmVndWxhcl9waG90by5DMyJ9&_nc_ohc=P5B5cPwUwBEQ7kNvwFyJmX7&_nc_oc=AdoKBGmeIB0nx7S-jsG_PsN_PbfrbUj5RPaLrFf4jC-7vOoBuXM9EYfFXabIEzeKpi1YPCJ8UwP7caKpHkb5OEbG&_nc_zt=23&_nc_ht=scontent-waw2-2.cdninstagram.com&_nc_gid=TCTohav7JJwegkku5UEH4A&_nc_ss=7d689&oh=00_AQEGO_LrZLYrfb7LzlS_GoanDcaczhh-FNaaJRwE8-oRcw&oe=6A9201CF,https://www.instagram.com/p/DcPcXJfjBzY/
Machadão Atacadista,Bebidas / Alcoólicos Diversos,Vinho Cabeza de Piedra 750ml,24.99,20/08/2026,https://scontent-waw2-2.cdninstagram.com/v/t39.30808-6/775382457_1353980220155269_2009226448122347149_n.jpg?stp=dst-jpg_e35_tt6&_nc_cat=107&ig_cache_key=Mzk2NzUxNDUxMzU3ODM5NTQ2MQ%3D%3D.3-ccb7-5&ccb=7-5&_nc_sid=58cdad&efg=eyJ2ZW5jb2RlX3RhZyI6IkNBUk9VU0VMX0lURU0ueHBpZHMuMTYzOC5zZHIucmVndWxhcl9waG90by5DMyJ9&_nc_ohc=F4QLw9fMlnsQ7kNvwGYC8oo&_nc_oc=AdpbLw7b_mZbcNteltB2DlKPNAysOOQ0WM-gkc9C8VLGoL_7dQ8pyeQvILQjxqEb5_q8Gm-UgAPL_RhxTWUNBZn1&_nc_zt=23&_nc_ht=scontent-waw2-2.cdninstagram.com&_nc_gid=TCTohav7JJwegkku5UEH4A&_nc_ss=7d689&oh=00_AQH2WMhtcN_i8S6UUDomf1yCMcXXW1poPb2DTTxJ0imEPA&oe=6A91E7DC,https://www.instagram.com/p/DcPcXJfjBzY/
Bom Jesus Primavera do Leste 🛒,Bebidas / Alcoólicos Diversos,Whisky White Horse 1L,84.9,21/08/2026,https://instagram.fhnd4-2.fna.fbcdn.net/v/t51.82787-15/779844446_18373759273237813_717042095228036520_n.jpg?stp=dst-jpg_e35_tt6&_nc_cat=101&ig_cache_key=Mzk2ODYwMzg2MjA2MzE4NjIyMQ%3D%3D.3-ccb7-5&ccb=7-5&_nc_sid=58cdad&efg=eyJ2ZW5jb2RlX3RhZyI6IkNBUk9VU0VMX0lURU0ueHBpZHMuMTA4MC5zZHIucmVndWxhcl9waG90by5DMyJ9&_nc_ohc=m8__0j7aHxEQ7kNvwHZCbD5&_nc_oc=Ado2-12p-PNSy_-K2ezm5yRNJtlscw4T7W1x9oCa2RnniXp8Tisb-qHYrDk7aGi1VwnPZ8RSTwAn4XKfo3Kg-Qg2&_nc_zt=23&_nc_ht=instagram.fhnd4-2.fna&_nc_gid=WTJWLLFJRKKk_JKC3VjF2w&_nc_ss=7c689&oh=00_AQEYuf2doMR78bfqGEBQfe-9vVkurmxuTKEXU8Z-KgZpng&oe=6A920670,https://www.instagram.com/p/DcTUD7jlm8n/
SUPERMERCADO PARANAENSE,Bebidas / Cervejas,Achocolatado Pirakids 200ml,1.49,18/08/2026,https://instagram.fbcn15-1.fna.fbcdn.net/v/t51.82787-15/779201412_17905958076496981_6443721065028839968_n.jpg?stp=dst-jpg_e35_tt6&_nc_cat=105&ig_cache_key=Mzk2NjA3NDE1MTYyNzk1NjAwNA%3D%3D.3-ccb7-5&ccb=7-5&_nc_sid=58cdad&efg=eyJ2ZW5jb2RlX3RhZyI6IkZFRUQueHBpZHMuMTM1MC5zZHIucmVndWxhcl9waG90by5DMyJ9&_nc_ohc=X7-fGJ3cyTUQ7kNvwHAmXH2&_nc_oc=AdosRII6nQbT_reMsilTtKghiDcv4w8iF0Wcp_irQ-Nol_iq2kSoFwZVNevQClJO0WM&_nc_zt=23&_nc_ht=instagram.fbcn15-1.fna&_nc_gid=CmZwXFojirTALIXoUXMO7A&_nc_ss=72a8c&oh=00_AQFcAVSBWAC55LkMefquTT5wtKObtalwB3dNssRwn3lsRg&oe=6A91FA14,https://www.instagram.com/p/DcKU22ApJ8k/
Super Compras Supermercado,Bebidas / Cervejas,Cerveja Skol Ou Antarctica 300ml,2.49,21/08/2026,https://instagram.fxap4-1.fna.fbcdn.net/v/t51.82787-15/780140079_18192045034391764_7683991793781918786_n.jpg?stp=dst-jpg_e35_tt6&_nc_cat=103&ig_cache_key=Mzk2ODIxODA0ODc2ODI1MjE2NA%3D%3D.3-ccb7-5&ccb=7-5&_nc_sid=58cdad&efg=eyJ2ZW5jb2RlX3RhZyI6IkZFRUQueHBpZHMuMTQ0MC5zZHIucmVndWxhcl9waG90by5DMyJ9&_nc_ohc=MnWLmv7izFEQ7kNvwE-eCc-&_nc_oc=AdqKht5W2R0I8k67jI7AsuyyWWxTtRw-e9ACS9VMBWR1sIb6wTIcVZPsbh4cMYgGFw8&_nc_zt=23&_nc_ht=instagram.fxap4-1.fna&_nc_gid=VZPB67okKU0e0ifowzVMWA&_nc_ss=72a8c&oh=00_AQHczTI5i8sJva23g6egbIopSplYbu73tBW58x_YqjBIcQ&oe=6A92052E,https://www.instagram.com/p/DcR8Up0IBkE/
Super Compras Supermercado,Bebidas / Cervejas,Cerveja Skol 300ml,2.49,22/08/2026,https://instagram.fhnd4-2.fna.fbcdn.net/v/t51.82787-15/781425562_18192143110391764_1116124836587707156_n.jpg?stp=dst-jpg_e35_tt6&_nc_cat=103&ig_cache_key=Mzk2ODk1MTQ4MDU4NDU2NzM5OQ%3D%3D.3-ccb7-5&ccb=7-5&_nc_sid=58cdad&efg=eyJ2ZW5jb2RlX3RhZyI6IkZFRUQueHBpZHMuMTQ0MC5zZHIucmVndWxhcl9waG90by5DMyJ9&_nc_ohc=FnigSYXdvhUQ7kNvwGXzknp&_nc_oc=Adps55DoKyqmrWdWQUTA7FYDHhwuGX5ODLDyh8zgmtqOKIUTt5g2BLPDmUgP7m66ncgYpvQuBS5XgB_kdc55Ke0F&_nc_zt=23&_nc_ht=instagram.fhnd4-2.fna&_nc_gid=v_FwtKEs20pddOedUtX__A&_nc_ss=7da8c&oh=00_AQGsR9bBGsAC7MHFTtBjjgEzYgQpiipyoaBw-VB2zTcdEA&oe=6A91DD60,https://www.instagram.com/p/DcUjFfbAPpn/
Super Compras Supermercado,Bebidas / Cervejas,Cerveja Antarctica 300ml,2.49,22/08/2026,https://instagram.fhnd4-2.fna.fbcdn.net/v/t51.82787-15/781425562_18192143110391764_1116124836587707156_n.jpg?stp=dst-jpg_e35_tt6&_nc_cat=103&ig_cache_key=Mzk2ODk1MTQ4MDU4NDU2NzM5OQ%3D%3D.3-ccb7-5&ccb=7-5&_nc_sid=58cdad&efg=eyJ2ZW5jb2RlX3RhZyI6IkZFRUQueHBpZHMuMTQ0MC5zZHIucmVndWxhcl9waG90by5DMyJ9&_nc_ohc=FnigSYXdvhUQ7kNvwGXzknp&_nc_oc=Adps55DoKyqmrWdWQUTA7FYDHhwuGX5ODLDyh8zgmtqOKIUTt5g2BLPDmUgP7m66ncgYpvQuBS5XgB_kdc55Ke0F&_nc_zt=23&_nc_ht=instagram.fhnd4-2.fna&_nc_gid=v_FwtKEs20pddOedUtX__A&_nc_ss=7da8c&oh=00_AQGsR9bBGsAC7MHFTtBjjgEzYgQpiipyoaBw-VB2zTcdEA&oe=6A91DD60,https://www.instagram.com/p/DcUjFfbAPpn/
Super Compras Supermercado,Bebidas / Cervejas,Cerveja Original 300ml,2.69,21/08/2026,https://instagram.fxap4-1.fna.fbcdn.net/v/t51.82787-15/780140079_18192045034391764_7683991793781918786_n.jpg?stp=dst-jpg_e35_tt6&_nc_cat=103&ig_cache_key=Mzk2ODIxODA0ODc2ODI1MjE2NA%3D%3D.3-ccb7-5&ccb=7-5&_nc_sid=58cdad&efg=eyJ2ZW5jb2RlX3RhZyI6IkZFRUQueHBpZHMuMTQ0MC5zZHIucmVndWxhcl9waG90by5DMyJ9&_nc_ohc=MnWLmv7izFEQ7kNvwE-eCc-&_nc_oc=AdqKht5W2R0I8k67jI7AsuyyWWxTtRw-e9ACS9VMBWR1sIb6wTIcVZPsbh4cMYgGFw8&_nc_zt=23&_nc_ht=instagram.fxap4-1.fna&_nc_gid=VZPB67okKU0e0ifowzVMWA&_nc_ss=72a8c&oh=00_AQHczTI5i8sJva23g6egbIopSplYbu73tBW58x_YqjBIcQ&oe=6A92052E,https://www.instagram.com/p/DcR8Up0IBkE/
Super Compras Supermercado,Bebidas / Cervejas,Cerveja Original 300ml,2.69,22/08/2026,https://instagram.fhnd4-2.fna.fbcdn.net/v/t51.82787-15/781425562_18192143110391764_1116124836587707156_n.jpg?stp=dst-jpg_e35_tt6&_nc_cat=103&ig_cache_key=Mzk2ODk1MTQ4MDU4NDU2NzM5OQ%3D%3D.3-ccb7-5&ccb=7-5&_nc_sid=58cdad&efg=eyJ2ZW5jb2RlX3RhZyI6IkZFRUQueHBpZHMuMTQ0MC5zZHIucmVndWxhcl9waG90by5DMyJ9&_nc_ohc=FnigSYXdvhUQ7kNvwGXzknp&_nc_oc=Adps55DoKyqmrWdWQUTA7FYDHhwuGX5ODLDyh8zgmtqOKIUTt5g2BLPDmUgP7m66ncgYpvQuBS5XgB_kdc55Ke0F&_nc_zt=23&_nc_ht=instagram.fhnd4-2.fna&_nc_gid=v_FwtKEs20pddOedUtX__A&_nc_ss=7da8c&oh=00_AQGsR9bBGsAC7MHFTtBjjgEzYgQpiipyoaBw-VB2zTcdEA&oe=6A91DD60,https://www.instagram.com/p/DcUjFfbAPpn/
Bom Jesus Primavera do Leste 🛒,Bebidas / Cervejas,Cerveja Corona 269ml,4.29,21/08/2026,https://instagram.fhnd4-2.fna.fbcdn.net/v/t51.82787-15/779844446_18373759273237813_717042095228036520_n.jpg?stp=dst-jpg_e35_tt6&_nc_cat=101&ig_cache_key=Mzk2ODYwMzg2MjA2MzE4NjIyMQ%3D%3D.3-ccb7-5&ccb=7-5&_nc_sid=58cdad&efg=eyJ2ZW5jb2RlX3RhZyI6IkNBUk9VU0VMX0lURU0ueHBpZHMuMTA4MC5zZHIucmVndWxhcl9waG90by5DMyJ9&_nc_ohc=m8__0j7aHxEQ7kNvwHZCbD5&_nc_oc=Ado2-12p-PNSy_-K2ezm5yRNJtlscw4T7W1x9oCa2RnniXp8Tisb-qHYrDk7aGi1VwnPZ8RSTwAn4XKfo3Kg-Qg2&_nc_zt=23&_nc_ht=instagram.fhnd4-2.fna&_nc_gid=WTJWLLFJRKKk_JKC3VjF2w&_nc_ss=7c689&oh=00_AQEYuf2doMR78bfqGEBQfe-9vVkurmxuTKEXU8Z-KgZpng&oe=6A920670,https://www.instagram.com/p/DcTUD7jlm8n/
Bom Jesus Primavera do Leste 🛒,Bebidas / Cervejas,Cerveja Michelob Ultra 330ml,6.19,21/08/2026,https://instagram.fhnd4-2.fna.fbcdn.net/v/t51.82787-15/779844446_18373759273237813_717042095228036520_n.jpg?stp=dst-jpg_e35_tt6&_nc_cat=101&ig_cache_key=Mzk2ODYwMzg2MjA2MzE4NjIyMQ%3D%3D.3-ccb7-5&ccb=7-5&_nc_sid=58cdad&efg=eyJ2ZW5jb2RlX3RhZyI6IkNBUk9VU0VMX0lURU0ueHBpZHMuMTA4MC5zZHIucmVndWxhcl9waG90by5DMyJ9&_nc_ohc=m8__0j7aHxEQ7kNvwHZCbD5&_nc_oc=Ado2-12p-PNSy_-K2ezm5yRNJtlscw4T7W1x9oCa2RnniXp8Tisb-qHYrDk7aGi1VwnPZ8RSTwAn4XKfo3Kg-Qg2&_nc_zt=23&_nc_ht=instagram.fhnd4-2.fna&_nc_gid=WTJWLLFJRKKk_JKC3VjF2w&_nc_ss=7c689&oh=00_AQEYuf2doMR78bfqGEBQfe-9vVkurmxuTKEXU8Z-KgZpng&oe=6A920670,https://www.instagram.com/p/DcTUD7jlm8n/
Machadão Atacadista,Bebidas / Cervejas,Achocolatado em Pó Toddy 370g,8.99,20/08/2026,https://scontent-waw2-2.cdninstagram.com/v/t39.30808-6/775548688_1353980203488604_1662033817259096349_n.jpg?stp=dst-jpg_e35_tt6&_nc_cat=101&ig_cache_key=Mzk2NzUxNDUxMzI1OTY2NjE4NQ%3D%3D.3-ccb7-5&ccb=7-5&_nc_sid=58cdad&efg=eyJ2ZW5jb2RlX3RhZyI6IkNBUk9VU0VMX0lURU0ueHBpZHMuMTYzOC5zZHIucmVndWxhcl9waG90by5DMyJ9&_nc_ohc=P5B5cPwUwBEQ7kNvwFyJmX7&_nc_oc=AdoKBGmeIB0nx7S-jsG_PsN_PbfrbUj5RPaLrFf4jC-7vOoBuXM9EYfFXabIEzeKpi1YPCJ8UwP7caKpHkb5OEbG&_nc_zt=23&_nc_ht=scontent-waw2-2.cdninstagram.com&_nc_gid=TCTohav7JJwegkku5UEH4A&_nc_ss=7d689&oh=00_AQEGO_LrZLYrfb7LzlS_GoanDcaczhh-FNaaJRwE8-oRcw&oe=6A9201CF,https://www.instagram.com/p/DcPcXJfjBzY/
Machadão Atacadista,Bebidas / Cervejas,Achocolatado em Pó Toddy 370g,8.99,20/08/2026,https://scontent-waw2-2.cdninstagram.com/v/t39.30808-6/775382457_1353980220155269_2009226448122347149_n.jpg?stp=dst-jpg_e35_tt6&_nc_cat=107&ig_cache_key=Mzk2NzUxNDUxMzU3ODM5NTQ2MQ%3D%3D.3-ccb7-5&ccb=7-5&_nc_sid=58cdad&efg=eyJ2ZW5jb2RlX3RhZyI6IkNBUk9VU0VMX0lURU0ueHBpZHMuMTYzOC5zZHIucmVndWxhcl9waG90by5DMyJ9&_nc_ohc=F4QLw9fMlnsQ7kNvwGYC8oo&_nc_oc=AdpbLw7b_mZbcNteltB2DlKPNAysOOQ0WM-gkc9C8VLGoL_7dQ8pyeQvILQjxqEb5_q8Gm-UgAPL_RhxTWUNBZn1&_nc_zt=23&_nc_ht=scontent-waw2-2.cdninstagram.com&_nc_gid=TCTohav7JJwegkku5UEH4A&_nc_ss=7d689&oh=00_AQH2WMhtcN_i8S6UUDomf1yCMcXXW1poPb2DTTxJ0imEPA&oe=6A91E7DC,https://www.instagram.com/p/DcPcXJfjBzY/
Machadão Atacadista,Bebidas / Cervejas,Saco Para Lixo Giopack 50L,11.99,24/08/2026,https://instagram.fbhx7-1.fna.fbcdn.net/v/t39.30808-6/778957943_1356271786592779_7752166386009606157_n.jpg?stp=dst-jpg_e35_tt6&_nc_cat=104&ig_cache_key=Mzk3MDQwODc0MjgwNjA4NjE5OQ%3D%3D.3-ccb7-5&ccb=7-5&_nc_sid=58cdad&efg=eyJ2ZW5jb2RlX3RhZyI6IkNBUk9VU0VMX0lURU0ueHBpZHMuMTYzOC5zZHIucmVndWxhcl9waG90by5DMyJ9&_nc_ohc=Eg6V_HQrmusQ7kNvwEnqoBV&_nc_oc=AdrPOAFHiUVC4tfFm_sPmoM5M_6Xf0PkCGGS0ldW_Q0fedz8vksuQkF1CGF_YdReE96JrFLA-h6OasdXWFmQczkv&_nc_zt=23&_nc_ht=instagram.fbhx7-1.fna&_nc_gid=hYaYS30HU0P5YK96dlMTTw&_nc_ss=72689&oh=00_AQFuKLmVW--pgyu1J5RwDoyPK6EwG6F47lvSoASAglesVA&oe=6A91F0EE,https://www.instagram.com/p/DcZubq6D10t/
Bom Jesus Primavera do Leste 🛒,Bebidas / Cervejas,Achocolatado Chocolatto 700g,13.99,21/08/2026,https://instagram.fhnd4-2.fna.fbcdn.net/v/t51.82787-15/782344855_18373759252237813_7320855115066332806_n.jpg?stp=dst-jpg_e35_tt6&_nc_cat=101&ig_cache_key=Mzk2ODYwMzg2MTkyMDUwNTIwMg%3D%3D.3-ccb7-5&ccb=7-5&_nc_sid=58cdad&efg=eyJ2ZW5jb2RlX3RhZyI6IkNBUk9VU0VMX0lURU0ueHBpZHMuMTA4MC5zZHIucmVndWxhcl9waG90by5DMyJ9&_nc_ohc=EXXZ6F7wf7QQ7kNvwFOdDBS&_nc_oc=AdqMOWf1nzXpFO8W-H1PyLYjDZtXp_9kyXJ7SloENIQvkirJxxmUDYU1xeA_flZ6tJV0DlIA_PT3JHOEPgeJKaC5&_nc_zt=23&_nc_ht=instagram.fhnd4-2.fna&_nc_gid=WTJWLLFJRKKk_JKC3VjF2w&_nc_ss=7c689&oh=00_AQG9Saz-Go_urbHwXkRS1igT6zK842KMwSvQaJmSm50iag&oe=6A91F96C,https://www.instagram.com/p/DcTUD7jlm8n/
Super Compras Supermercado,Bebidas / Cervejas,Cerveja Spaten 269ml,29.52,21/08/2026,https://instagram.fxap4-1.fna.fbcdn.net/v/t51.82787-15/780140079_18192045034391764_7683991793781918786_n.jpg?stp=dst-jpg_e35_tt6&_nc_cat=103&ig_cache_key=Mzk2ODIxODA0ODc2ODI1MjE2NA%3D%3D.3-ccb7-5&ccb=7-5&_nc_sid=58cdad&efg=eyJ2ZW5jb2RlX3RhZyI6IkZFRUQueHBpZHMuMTQ0MC5zZHIucmVndWxhcl9waG90by5DMyJ9&_nc_ohc=MnWLmv7izFEQ7kNvwE-eCc-&_nc_oc=AdqKht5W2R0I8k67jI7AsuyyWWxTtRw-e9ACS9VMBWR1sIb6wTIcVZPsbh4cMYgGFw8&_nc_zt=23&_nc_ht=instagram.fxap4-1.fna&_nc_gid=VZPB67okKU0e0ifowzVMWA&_nc_ss=72a8c&oh=00_AQHczTI5i8sJva23g6egbIopSplYbu73tBW58x_YqjBIcQ&oe=6A92052E,https://www.instagram.com/p/DcR8Up0IBkE/
Super Compras Supermercado,Bebidas / Cervejas,Cerveja Spaten 8x269ml,29.52,22/08/2026,https://instagram.fhnd4-2.fna.fbcdn.net/v/t51.82787-15/781425562_18192143110391764_1116124836587707156_n.jpg?stp=dst-jpg_e35_tt6&_nc_cat=103&ig_cache_key=Mzk2ODk1MTQ4MDU4NDU2NzM5OQ%3D%3D.3-ccb7-5&ccb=7-5&_nc_sid=58cdad&efg=eyJ2ZW5jb2RlX3RhZyI6IkZFRUQueHBpZHMuMTQ0MC5zZHIucmVndWxhcl9waG90by5DMyJ9&_nc_ohc=FnigSYXdvhUQ7kNvwGXzknp&_nc_oc=Adps55DoKyqmrWdWQUTA7FYDHhwuGX5ODLDyh8zgmtqOKIUTt5g2BLPDmUgP7m66ncgYpvQuBS5XgB_kdc55Ke0F&_nc_zt=23&_nc_ht=instagram.fhnd4-2.fna&_nc_gid=v_FwtKEs20pddOedUtX__A&_nc_ss=7da8c&oh=00_AQGsR9bBGsAC7MHFTtBjjgEzYgQpiipyoaBw-VB2zTcdEA&oe=6A91DD60,https://www.instagram.com/p/DcUjFfbAPpn/
Super Compras Supermercado,Bebidas / Cervejas,Cerveja Corona 269ml,34.32,21/08/2026,https://instagram.fxap4-1.fna.fbcdn.net/v/t51.82787-15/780140079_18192045034391764_7683991793781918786_n.jpg?stp=dst-jpg_e35_tt6&_nc_cat=103&ig_cache_key=Mzk2ODIxODA0ODc2ODI1MjE2NA%3D%3D.3-ccb7-5&ccb=7-5&_nc_sid=58cdad&efg=eyJ2ZW5jb2RlX3RhZyI6IkZFRUQueHBpZHMuMTQ0MC5zZHIucmVndWxhcl9waG90by5DMyJ9&_nc_ohc=MnWLmv7izFEQ7kNvwE-eCc-&_nc_oc=AdqKht5W2R0I8k67jI7AsuyyWWxTtRw-e9ACS9VMBWR1sIb6wTIcVZPsbh4cMYgGFw8&_nc_zt=23&_nc_ht=instagram.fxap4-1.fna&_nc_gid=VZPB67okKU0e0ifowzVMWA&_nc_ss=72a8c&oh=00_AQHczTI5i8sJva23g6egbIopSplYbu73tBW58x_YqjBIcQ&oe=6A92052E,https://www.instagram.com/p/DcR8Up0IBkE/
Super Compras Supermercado,Bebidas / Cervejas,Cerveja Corona 8x269ml,34.32,22/08/2026,https://instagram.fhnd4-2.fna.fbcdn.net/v/t51.82787-15/781425562_18192143110391764_1116124836587707156_n.jpg?stp=dst-jpg_e35_tt6&_nc_cat=103&ig_cache_key=Mzk2ODk1MTQ4MDU4NDU2NzM5OQ%3D%3D.3-ccb7-5&ccb=7-5&_nc_sid=58cdad&efg=eyJ2ZW5jb2RlX3RhZyI6IkZFRUQueHBpZHMuMTQ0MC5zZHIucmVndWxhcl9waG90by5DMyJ9&_nc_ohc=FnigSYXdvhUQ7kNvwGXzknp&_nc_oc=Adps55DoKyqmrWdWQUTA7FYDHhwuGX5ODLDyh8zgmtqOKIUTt5g2BLPDmUgP7m66ncgYpvQuBS5XgB_kdc55Ke0F&_nc_zt=23&_nc_ht=instagram.fhnd4-2.fna&_nc_gid=v_FwtKEs20pddOedUtX__A&_nc_ss=7da8c&oh=00_AQGsR9bBGsAC7MHFTtBjjgEzYgQpiipyoaBw-VB2zTcdEA&oe=6A91DD60,https://www.instagram.com/p/DcUjFfbAPpn/
Supermercado São Pedro,Bebidas / Cervejas,Cerveja Heineken 269ml 8 Latas,35.92,21/08/2026,https://instagram.fvit1-1.fna.fbcdn.net/v/t51.82787-15/779957410_18194460196382122_4239320256883363950_n.jpg?stp=dst-jpg_e35_tt6&_nc_cat=111&ig_cache_key=Mzk2ODYwOTg5OTE2Nzk4NjAwMA%3D%3D.3-ccb7-5&ccb=7-5&_nc_sid=58cdad&efg=eyJ2ZW5jb2RlX3RhZyI6IkNBUk9VU0VMX0lURU0ueHBpZHMuMjE2MS5zZHIucmVndWxhcl9waG90by5DMyJ9&_nc_ohc=lCs7XFPuzTIQ7kNvwHMdJek&_nc_oc=Ado9YP1nN6fC5NNpGEHXRUhijLWbFCEiHGbqv2vOuaxqSnQYYjoBXL6NnIYMxPRV_xM&_nc_zt=23&_nc_ht=instagram.fvit1-1.fna&_nc_gid=D22syVg1HEJfFw9WayW2SA&_nc_ss=72689&oh=00_AQH1tVXLxB1zaLuP2t_RGnEzb4hiyeVkcr4FThOe1wIxYw&oe=6A920B01,https://www.instagram.com/p/DcTVeacG11v/
Supermercado São Pedro,Bebidas / Cervejas,Cerveja Skol 269ml 15 Latas,43.35,21/08/2026,https://instagram.fvit1-1.fna.fbcdn.net/v/t51.82787-15/779957410_18194460196382122_4239320256883363950_n.jpg?stp=dst-jpg_e35_tt6&_nc_cat=111&ig_cache_key=Mzk2ODYwOTg5OTE2Nzk4NjAwMA%3D%3D.3-ccb7-5&ccb=7-5&_nc_sid=58cdad&efg=eyJ2ZW5jb2RlX3RhZyI6IkNBUk9VU0VMX0lURU0ueHBpZHMuMjE2MS5zZHIucmVndWxhcl9waG90by5DMyJ9&_nc_ohc=lCs7XFPuzTIQ7kNvwHMdJek&_nc_oc=Ado9YP1nN6fC5NNpGEHXRUhijLWbFCEiHGbqv2vOuaxqSnQYYjoBXL6NnIYMxPRV_xM&_nc_zt=23&_nc_ht=instagram.fvit1-1.fna&_nc_gid=D22syVg1HEJfFw9WayW2SA&_nc_ss=72689&oh=00_AQH1tVXLxB1zaLuP2t_RGnEzb4hiyeVkcr4FThOe1wIxYw&oe=6A920B01,https://www.instagram.com/p/DcTVeacG11v/
Super Compras Supermercado,Bebidas / Cervejas,Cerveja Skol 269ml,43.35,21/08/2026,https://instagram.fxap4-1.fna.fbcdn.net/v/t51.82787-15/780140079_18192045034391764_7683991793781918786_n.jpg?stp=dst-jpg_e35_tt6&_nc_cat=103&ig_cache_key=Mzk2ODIxODA0ODc2ODI1MjE2NA%3D%3D.3-ccb7-5&ccb=7-5&_nc_sid=58cdad&efg=eyJ2ZW5jb2RlX3RhZyI6IkZFRUQueHBpZHMuMTQ0MC5zZHIucmVndWxhcl9waG90by5DMyJ9&_nc_ohc=MnWLmv7izFEQ7kNvwE-eCc-&_nc_oc=AdqKht5W2R0I8k67jI7AsuyyWWxTtRw-e9ACS9VMBWR1sIb6wTIcVZPsbh4cMYgGFw8&_nc_zt=23&_nc_ht=instagram.fxap4-1.fna&_nc_gid=VZPB67okKU0e0ifowzVMWA&_nc_ss=72a8c&oh=00_AQHczTI5i8sJva23g6egbIopSplYbu73tBW58x_YqjBIcQ&oe=6A92052E,https://www.instagram.com/p/DcR8Up0IBkE/
Super Compras Supermercado,Bebidas / Cervejas,Cerveja Skol 15x269ml,43.35,22/08/2026,https://instagram.fhnd4-2.fna.fbcdn.net/v/t51.82787-15/781425562_18192143110391764_1116124836587707156_n.jpg?stp=dst-jpg_e35_tt6&_nc_cat=103&ig_cache_key=Mzk2ODk1MTQ4MDU4NDU2NzM5OQ%3D%3D.3-ccb7-5&ccb=7-5&_nc_sid=58cdad&efg=eyJ2ZW5jb2RlX3RhZyI6IkZFRUQueHBpZHMuMTQ0MC5zZHIucmVndWxhcl9waG90by5DMyJ9&_nc_ohc=FnigSYXdvhUQ7kNvwGXzknp&_nc_oc=Adps55DoKyqmrWdWQUTA7FYDHhwuGX5ODLDyh8zgmtqOKIUTt5g2BLPDmUgP7m66ncgYpvQuBS5XgB_kdc55Ke0F&_nc_zt=23&_nc_ht=instagram.fhnd4-2.fna&_nc_gid=v_FwtKEs20pddOedUtX__A&_nc_ss=7da8c&oh=00_AQGsR9bBGsAC7MHFTtBjjgEzYgQpiipyoaBw-VB2zTcdEA&oe=6A91DD60,https://www.instagram.com/p/DcUjFfbAPpn/
Bom Jesus Primavera do Leste 🛒,Bebidas / Cervejas,Cerveja Skol 15x269ml,43.35,21/08/2026,https://instagram.fhnd4-2.fna.fbcdn.net/v/t51.82787-15/779844446_18373759273237813_717042095228036520_n.jpg?stp=dst-jpg_e35_tt6&_nc_cat=101&ig_cache_key=Mzk2ODYwMzg2MjA2MzE4NjIyMQ%3D%3D.3-ccb7-5&ccb=7-5&_nc_sid=58cdad&efg=eyJ2ZW5jb2RlX3RhZyI6IkNBUk9VU0VMX0lURU0ueHBpZHMuMTA4MC5zZHIucmVndWxhcl9waG90by5DMyJ9&_nc_ohc=m8__0j7aHxEQ7kNvwHZCbD5&_nc_oc=Ado2-12p-PNSy_-K2ezm5yRNJtlscw4T7W1x9oCa2RnniXp8Tisb-qHYrDk7aGi1VwnPZ8RSTwAn4XKfo3Kg-Qg2&_nc_zt=23&_nc_ht=instagram.fhnd4-2.fna&_nc_gid=WTJWLLFJRKKk_JKC3VjF2w&_nc_ss=7c689&oh=00_AQEYuf2doMR78bfqGEBQfe-9vVkurmxuTKEXU8Z-KgZpng&oe=6A920670,https://www.instagram.com/p/DcTUD7jlm8n/
Supermercado São Pedro,Bebidas / Cervejas,Cerveja Original 269ml 15 Latas,50.85,21/08/2026,https://instagram.fvit1-1.fna.fbcdn.net/v/t51.82787-15/779957410_18194460196382122_4239320256883363950_n.jpg?stp=dst-jpg_e35_tt6&_nc_cat=111&ig_cache_key=Mzk2ODYwOTg5OTE2Nzk4NjAwMA%3D%3D.3-ccb7-5&ccb=7-5&_nc_sid=58cdad&efg=eyJ2ZW5jb2RlX3RhZyI6IkNBUk9VU0VMX0lURU0ueHBpZHMuMjE2MS5zZHIucmVndWxhcl9waG90by5DMyJ9&_nc_ohc=lCs7XFPuzTIQ7kNvwHMdJek&_nc_oc=Ado9YP1nN6fC5NNpGEHXRUhijLWbFCEiHGbqv2vOuaxqSnQYYjoBXL6NnIYMxPRV_xM&_nc_zt=23&_nc_ht=instagram.fvit1-1.fna&_nc_gid=D22syVg1HEJfFw9WayW2SA&_nc_ss=72689&oh=00_AQH1tVXLxB1zaLuP2t_RGnEzb4hiyeVkcr4FThOe1wIxYw&oe=6A920B01,https://www.instagram.com/p/DcTVeacG11v/
Bom Jesus Primavera do Leste 🛒,Bebidas / Cervejas,Cerveja Original 15x269ml,50.85,21/08/2026,https://instagram.fhnd4-2.fna.fbcdn.net/v/t51.82787-15/779844446_18373759273237813_717042095228036520_n.jpg?stp=dst-jpg_e35_tt6&_nc_cat=101&ig_cache_key=Mzk2ODYwMzg2MjA2MzE4NjIyMQ%3D%3D.3-ccb7-5&ccb=7-5&_nc_sid=58cdad&efg=eyJ2ZW5jb2RlX3RhZyI6IkNBUk9VU0VMX0lURU0ueHBpZHMuMTA4MC5zZHIucmVndWxhcl9waG90by5DMyJ9&_nc_ohc=m8__0j7aHxEQ7kNvwHZCbD5&_nc_oc=Ado2-12p-PNSy_-K2ezm5yRNJtlscw4T7W1x9oCa2RnniXp8Tisb-qHYrDk7aGi1VwnPZ8RSTwAn4XKfo3Kg-Qg2&_nc_zt=23&_nc_ht=instagram.fhnd4-2.fna&_nc_gid=WTJWLLFJRKKk_JKC3VjF2w&_nc_ss=7c689&oh=00_AQEYuf2doMR78bfqGEBQfe-9vVkurmxuTKEXU8Z-KgZpng&oe=6A920670,https://www.instagram.com/p/DcTUD7jlm8n/
Bom Jesus Primavera do Leste 🛒,Bebidas / Refrigerantes,Refrigerante Pepsi 2L,7.99,21/08/2026,https://instagram.fhnd4-2.fna.fbcdn.net/v/t51.82787-15/779844446_18373759273237813_717042095228036520_n.jpg?stp=dst-jpg_e35_tt6&_nc_cat=101&ig_cache_key=Mzk2ODYwMzg2MjA2MzE4NjIyMQ%3D%3D.3-ccb7-5&ccb=7-5&_nc_sid=58cdad&efg=eyJ2ZW5jb2RlX3RhZyI6IkNBUk9VU0VMX0lURU0ueHBpZHMuMTA4MC5zZHIucmVndWxhcl9waG90by5DMyJ9&_nc_ohc=m8__0j7aHxEQ7kNvwHZCbD5&_nc_oc=Ado2-12p-PNSy_-K2ezm5yRNJtlscw4T7W1x9oCa2RnniXp8Tisb-qHYrDk7aGi1VwnPZ8RSTwAn4XKfo3Kg-Qg2&_nc_zt=23&_nc_ht=instagram.fhnd4-2.fna&_nc_gid=WTJWLLFJRKKk_JKC3VjF2w&_nc_ss=7c689&oh=00_AQEYuf2doMR78bfqGEBQfe-9vVkurmxuTKEXU8Z-KgZpng&oe=6A920670,https://www.instagram.com/p/DcTUD7jlm8n/
Machadão Atacadista,Bebidas / Sucos e Diversos,Bebida Láctea Chocolate Pirakids 200ml,1.19,24/08/2026,https://instagram.fbhx7-1.fna.fbcdn.net/v/t39.30808-6/780076458_1356271723259452_5989685085733377211_n.jpg?stp=dst-jpg_e35_tt6&_nc_cat=105&ig_cache_key=Mzk3MDQwODc0MjIxMDQ3NDY5OA%3D%3D.3-ccb7-5&ccb=7-5&_nc_sid=58cdad&efg=eyJ2ZW5jb2RlX3RhZyI6IkNBUk9VU0VMX0lURU0ueHBpZHMuMTYzOC5zZHIucmVndWxhcl9waG90by5DMyJ9&_nc_ohc=EI5S9KuUQlYQ7kNvwGxq-zd&_nc_oc=AdoTuy9J6-G7ePfivRWOrhyOkimMsf2iPG57P4oj60w11HCN3zlnhol5IK4s9l-5OnuZ-m8N69BZSMBM6XSGrU1s&_nc_zt=23&_nc_ht=instagram.fbhx7-1.fna&_nc_gid=hYaYS30HU0P5YK96dlMTTw&_nc_ss=72689&oh=00_AQHoSpKF5ipkZL6eu41s3VvnAnKwXNWnAsRl47EVOZ0Rhg&oe=6A91D6CE,https://www.instagram.com/p/DcZubq6D10t/
Supermercado Tuiuiú,Bebidas / Sucos e Diversos,Suco Kapo 200ml,1.99,20/08/2026,https://scontent-phl2-1.cdninstagram.com/v/t39.30808-6/777548616_1712126797587805_4468367958160197813_n.jpg?stp=dst-jpg_e35_tt6&_nc_cat=108&ig_cache_key=Mzk2Nzg2MzQ3NzY1OTI0NTc5MQ%3D%3D.3-ccb7-5&ccb=7-5&_nc_sid=58cdad&efg=eyJ2ZW5jb2RlX3RhZyI6IkNBUk9VU0VMX0lURU0ueHBpZHMuMTI1NC5zZHIucmVndWxhcl9waG90by5DMyJ9&_nc_ohc=KR6FTgTvensQ7kNvwEch_zb&_nc_oc=AdqJSWd1wgn_3Z3ahHZyPqWqWqCjRYB_eJy9THI6GCkwQoNm8gANUCmeD0XrVpRV49AinsaU65H5POeuRiEZyESi&_nc_zt=23&_nc_ht=scontent-phl2-1.cdninstagram.com&_nc_gid=_KkeoNw63hwOES5RDY3HAg&_nc_ss=72a8c&oh=00_AQHru3sVkkQ4b3SEcp8SAd6Lft1jjx0Owuqq7ASWlB7Cyw&oe=6A91E055,https://www.instagram.com/p/DcQrtOmIPUZ/
Machadão Atacadista,Bebidas / Sucos e Diversos,Bebida Láctea Real 510g,2.99,24/08/2026,https://instagram.fbhx7-1.fna.fbcdn.net/v/t39.30808-6/780076458_1356271723259452_5989685085733377211_n.jpg?stp=dst-jpg_e35_tt6&_nc_cat=105&ig_cache_key=Mzk3MDQwODc0MjIxMDQ3NDY5OA%3D%3D.3-ccb7-5&ccb=7-5&_nc_sid=58cdad&efg=eyJ2ZW5jb2RlX3RhZyI6IkNBUk9VU0VMX0lURU0ueHBpZHMuMTYzOC5zZHIucmVndWxhcl9waG90by5DMyJ9&_nc_ohc=EI5S9KuUQlYQ7kNvwGxq-zd&_nc_oc=AdoTuy9J6-G7ePfivRWOrhyOkimMsf2iPG57P4oj60w11HCN3zlnhol5IK4s9l-5OnuZ-m8N69BZSMBM6XSGrU1s&_nc_zt=23&_nc_ht=instagram.fbhx7-1.fna&_nc_gid=hYaYS30HU0P5YK96dlMTTw&_nc_ss=72689&oh=00_AQHoSpKF5ipkZL6eu41s3VvnAnKwXNWnAsRl47EVOZ0Rhg&oe=6A91D6CE,https://www.instagram.com/p/DcZubq6D10t/
Machadão Atacadista,Bebidas / Sucos e Diversos,Tangerina Murcote kg,4.98,24/08/2026,https://scontent-yyz1-1.cdninstagram.com/v/t39.30808-6/783757949_1356290299924261_2463747962120821772_n.jpg?stp=dst-jpg_e35_tt6&_nc_cat=101&ig_cache_key=Mzk3MDQxMTA4NzM4OTIzNTgxMw%3D%3D.3-ccb7-5&ccb=7-5&_nc_sid=58cdad&efg=eyJ2ZW5jb2RlX3RhZyI6IkNBUk9VU0VMX0lURU0ueHBpZHMuMTYzOC5zZHIucmVndWxhcl9waG90by5DMyJ9&_nc_ohc=KQAoNMivhr4Q7kNvwFcuyoN&_nc_oc=AdrUMEnjil4B_Mn2YTNaxzUDZ-RwIt1IekfP02B2fphWfTqh-IDv6kmyb6qubTJrLuo&_nc_zt=23&_nc_ht=scontent-yyz1-1.cdninstagram.com&_nc_gid=HuffGH0ULP5T3qtSFKsH0g&_nc_ss=72a8c&oh=00_AQGzTZJRg2ORUNj0rWgVo1Ho6S45dm2Qpx0lZPZUGMNEpg&oe=6A91ED23,https://www.instagram.com/p/DcZu9z8mzVT/
Bom Jesus Primavera do Leste 🛒,Bebidas / Sucos e Diversos,Powerade 500ml,6.39,22/08/2026,https://scontent-nrt1-2.cdninstagram.com/v/t51.82787-15/781162059_18373952632237813_4532706053079983862_n.jpg?stp=dst-jpg_e15_tt6&_nc_cat=101&ig_cache_key=Mzk2OTQ0MzcyNDUxNzY0ODEyMTE4MzczOTUyNjI5MjM3ODEz.3-ccb7-5&ccb=7-5&_nc_sid=58cdad&efg=eyJ2ZW5jb2RlX3RhZyI6IkNMSVBTLnhwaWRzLjcyMC5zZHIudmlkZW9fZGVmYXVsdF9jb3Zlcl9mcmFtZS5DMyJ9&_nc_ohc=iR530pYisUwQ7kNvwGArcQy&_nc_oc=AdqVnAAaqnAGq7kZSXcHpBdPinFCbx6RyLFEHcLmg_ohbP3yW2ebnwrV2kg4EIwCTkZhxG6dsAKiuCBBIvbF_wLI&_nc_zt=23&_nc_ht=scontent-nrt1-2.cdninstagram.com&_nc_gid=FoBGG33vg3e9a3HzDa4RNQ&_nc_ss=72689&oh=00_AQHNvM7-BRupKyhcwtVUkORsy8z_XZ7_SU3yx8cGQSCeFw&oe=6A92023B,https://www.instagram.com/p/DcWTAlTxyb5/
Machadão Atacadista,Bebidas / Sucos e Diversos,Quiabo Campo Verde 300g,7.49,24/08/2026,https://scontent-yyz1-1.cdninstagram.com/v/t39.30808-6/783757949_1356290299924261_2463747962120821772_n.jpg?stp=dst-jpg_e35_tt6&_nc_cat=101&ig_cache_key=Mzk3MDQxMTA4NzM4OTIzNTgxMw%3D%3D.3-ccb7-5&ccb=7-5&_nc_sid=58cdad&efg=eyJ2ZW5jb2RlX3RhZyI6IkNBUk9VU0VMX0lURU0ueHBpZHMuMTYzOC5zZHIucmVndWxhcl9waG90by5DMyJ9&_nc_ohc=KQAoNMivhr4Q7kNvwFcuyoN&_nc_oc=AdrUMEnjil4B_Mn2YTNaxzUDZ-RwIt1IekfP02B2fphWfTqh-IDv6kmyb6qubTJrLuo&_nc_zt=23&_nc_ht=scontent-yyz1-1.cdninstagram.com&_nc_gid=HuffGH0ULP5T3qtSFKsH0g&_nc_ss=72a8c&oh=00_AQGzTZJRg2ORUNj0rWgVo1Ho6S45dm2Qpx0lZPZUGMNEpg&oe=6A91ED23,https://www.instagram.com/p/DcZu9z8mzVT/
Bom Jesus Primavera do Leste 🛒,Bebidas / Sucos e Diversos,Salsicha Seara kg,8.99,21/08/2026,https://instagram.fhnd4-2.fna.fbcdn.net/v/t51.82787-15/782344855_18373759252237813_7320855115066332806_n.jpg?stp=dst-jpg_e35_tt6&_nc_cat=101&ig_cache_key=Mzk2ODYwMzg2MTkyMDUwNTIwMg%3D%3D.3-ccb7-5&ccb=7-5&_nc_sid=58cdad&efg=eyJ2ZW5jb2RlX3RhZyI6IkNBUk9VU0VMX0lURU0ueHBpZHMuMTA4MC5zZHIucmVndWxhcl9waG90by5DMyJ9&_nc_ohc=EXXZ6F7wf7QQ7kNvwFOdDBS&_nc_oc=AdqMOWf1nzXpFO8W-H1PyLYjDZtXp_9kyXJ7SloENIQvkirJxxmUDYU1xeA_flZ6tJV0DlIA_PT3JHOEPgeJKaC5&_nc_zt=23&_nc_ht=instagram.fhnd4-2.fna&_nc_gid=WTJWLLFJRKKk_JKC3VjF2w&_nc_ss=7c689&oh=00_AQG9Saz-Go_urbHwXkRS1igT6zK842KMwSvQaJmSm50iag&oe=6A91F96C,https://www.instagram.com/p/DcTUD7jlm8n/
Supermercado São Pedro,Bebidas / Sucos e Diversos,Ovos Campo Verde 20un,10.9,23/08/2026,https://scontent-ams2-1.cdninstagram.com/v/t39.30808-6/781977378_1500799415426508_4866536164507670119_n.jpg?stp=dst-jpg_e35_tt6&_nc_cat=110&ig_cache_key=Mzk3MDM5MzQ4NDg1OTE4MjA5Mw%3D%3D.3-ccb7-5&ccb=7-5&_nc_sid=58cdad&efg=eyJ2ZW5jb2RlX3RhZyI6IkZFRUQueHBpZHMuMTYzOS5zZHIucmVndWxhcl9waG90by5DMyJ9&_nc_ohc=UUhpBq5mo5UQ7kNvwEd47pk&_nc_oc=Adq_amgDQnVYzhfl4NE43lQiRBqGJDIvn9t9ZVDnzziRz-Ix6bw1P03c8vStUMTeQgg&_nc_zt=23&_nc_ht=scontent-ams2-1.cdninstagram.com&_nc_gid=LigYlBNaumlHJag7xD9SCA&_nc_ss=72689&oh=00_AQHVvklFFqwjTagEteCbjE6PsElni278J74LDbXM5Okjvw&oe=6A91FB4E,https://www.instagram.com/p/DcZq9ajjowN/
Bom Jesus Primavera do Leste 🛒,Bebidas / Sucos e Diversos,Kit Copo 6 Unidades,12.9,21/08/2026,https://instagram.fhnd4-2.fna.fbcdn.net/v/t51.82787-15/778794332_18373759255237813_8826403310576910692_n.jpg?stp=dst-jpg_e35_tt6&_nc_cat=101&ig_cache_key=Mzk2ODYwMzg2MzYxMTAyNjY2MQ%3D%3D.3-ccb7-5&ccb=7-5&_nc_sid=58cdad&efg=eyJ2ZW5jb2RlX3RhZyI6IkNBUk9VU0VMX0lURU0ueHBpZHMuMTA4MC5zZHIucmVndWxhcl9waG90by5DMyJ9&_nc_ohc=DryH40MHA-0Q7kNvwHB1Lf7&_nc_oc=AdqhwLJGO6MviNbTHyj3iodOejfSiXHjvuM7YZ5MZA1XXDxJmjQjlLLe76yBRNXa9QT-96JkDsjGcyN9VIJK3GJ6&_nc_zt=23&_nc_ht=instagram.fhnd4-2.fna&_nc_gid=WTJWLLFJRKKk_JKC3VjF2w&_nc_ss=7c689&oh=00_AQHevt41KEmTNnGPlBWytV4PYTsS1qEUm0NDZgLMcsO3BQ&oe=6A92069B,https://www.instagram.com/p/DcTUD7jlm8n/
Super Compras Supermercado,Bebidas / Sucos e Diversos,Ovos Brancos Campo Verde 30 Und.,14.99,24/08/2026,https://scontent-mrs2-3.cdninstagram.com/v/t51.82787-15/778986014_18192356080391764_2727967813090525154_n.jpg?stp=dst-jpg_e35_tt6&_nc_cat=111&ig_cache_key=Mzk3MDM4ODQ5NTE4MTQxNTkzNQ%3D%3D.3-ccb7-5&ccb=7-5&_nc_sid=58cdad&efg=eyJ2ZW5jb2RlX3RhZyI6IkZFRUQueHBpZHMuMTQ0MC5zZHIucmVndWxhcl9waG90by5DMyJ9&_nc_ohc=79VNBzqSEmAQ7kNvwFvqzM6&_nc_oc=Adr3dmUZRRH5kuXChKO2veL0ySswd64QZxFbi_15LzfEMTz64R-gL5JhUiltNMzyO08VxVk5AyRR_53GFOLBHTBh&_nc_zt=23&_nc_ht=scontent-mrs2-3.cdninstagram.com&_nc_gid=boM2r1OSp_eEX6fHpWTI9A&_nc_ss=72a8c&oh=00_AQH3YW7uUvTxK9i0ToDFOvjfp1CRHasdSsFFCR9eR_9I4Q&oe=6A91E410,https://www.instagram.com/p/DcZp0zjlgX_/
Bom Jesus Primavera do Leste 🛒,Bebidas / Sucos e Diversos,Papel Higiênico Mili Folha Dupla 12 Unidades,16.99,21/08/2026,https://instagram.fhnd4-2.fna.fbcdn.net/v/t51.82787-15/778794332_18373759255237813_8826403310576910692_n.jpg?stp=dst-jpg_e35_tt6&_nc_cat=101&ig_cache_key=Mzk2ODYwMzg2MzYxMTAyNjY2MQ%3D%3D.3-ccb7-5&ccb=7-5&_nc_sid=58cdad&efg=eyJ2ZW5jb2RlX3RhZyI6IkNBUk9VU0VMX0lURU0ueHBpZHMuMTA4MC5zZHIucmVndWxhcl9waG90by5DMyJ9&_nc_ohc=DryH40MHA-0Q7kNvwHB1Lf7&_nc_oc=AdqhwLJGO6MviNbTHyj3iodOejfSiXHjvuM7YZ5MZA1XXDxJmjQjlLLe76yBRNXa9QT-96JkDsjGcyN9VIJK3GJ6&_nc_zt=23&_nc_ht=instagram.fhnd4-2.fna&_nc_gid=WTJWLLFJRKKk_JKC3VjF2w&_nc_ss=7c689&oh=00_AQHevt41KEmTNnGPlBWytV4PYTsS1qEUm0NDZgLMcsO3BQ&oe=6A92069B,https://www.instagram.com/p/DcTUD7jlm8n/
Supermercado São Pedro,Bebidas / Sucos e Diversos,Campari 998ml,56.99,21/08/2026,https://instagram.fvit1-1.fna.fbcdn.net/v/t51.82787-15/779957410_18194460196382122_4239320256883363950_n.jpg?stp=dst-jpg_e35_tt6&_nc_cat=111&ig_cache_key=Mzk2ODYwOTg5OTE2Nzk4NjAwMA%3D%3D.3-ccb7-5&ccb=7-5&_nc_sid=58cdad&efg=eyJ2ZW5jb2RlX3RhZyI6IkNBUk9VU0VMX0lURU0ueHBpZHMuMjE2MS5zZHIucmVndWxhcl9waG90by5DMyJ9&_nc_ohc=lCs7XFPuzTIQ7kNvwHMdJek&_nc_oc=Ado9YP1nN6fC5NNpGEHXRUhijLWbFCEiHGbqv2vOuaxqSnQYYjoBXL6NnIYMxPRV_xM&_nc_zt=23&_nc_ht=instagram.fvit1-1.fna&_nc_gid=D22syVg1HEJfFw9WayW2SA&_nc_ss=72689&oh=00_AQH1tVXLxB1zaLuP2t_RGnEzb4hiyeVkcr4FThOe1wIxYw&oe=6A920B01,https://www.instagram.com/p/DcTVeacG11v/
Machadão Atacadista,Bebidas / Sucos e Diversos,Marmitex Wyda 100unidades,69.9,24/08/2026,https://instagram.fbhx7-1.fna.fbcdn.net/v/t39.30808-6/778957943_1356271786592779_7752166386009606157_n.jpg?stp=dst-jpg_e35_tt6&_nc_cat=104&ig_cache_key=Mzk3MDQwODc0MjgwNjA4NjE5OQ%3D%3D.3-ccb7-5&ccb=7-5&_nc_sid=58cdad&efg=eyJ2ZW5jb2RlX3RhZyI6IkNBUk9VU0VMX0lURU0ueHBpZHMuMTYzOC5zZHIucmVndWxhcl9waG90by5DMyJ9&_nc_ohc=Eg6V_HQrmusQ7kNvwEnqoBV&_nc_oc=AdrPOAFHiUVC4tfFm_sPmoM5M_6Xf0PkCGGS0ldW_Q0fedz8vksuQkF1CGF_YdReE96JrFLA-h6OasdXWFmQczkv&_nc_zt=23&_nc_ht=instagram.fbhx7-1.fna&_nc_gid=hYaYS30HU0P5YK96dlMTTw&_nc_ss=72689&oh=00_AQFuKLmVW--pgyu1J5RwDoyPK6EwG6F47lvSoASAglesVA&oe=6A91F0EE,https://www.instagram.com/p/DcZubq6D10t/
Bom Jesus Primavera do Leste 🛒,Bebidas / Sucos e Diversos,Whisky Buchanan's 12 Anos 1L,189.9,21/08/2026,https://instagram.fhnd4-2.fna.fbcdn.net/v/t51.82787-15/779844446_18373759273237813_717042095228036520_n.jpg?stp=dst-jpg_e35_tt6&_nc_cat=101&ig_cache_key=Mzk2ODYwMzg2MjA2MzE4NjIyMQ%3D%3D.3-ccb7-5&ccb=7-5&_nc_sid=58cdad&efg=eyJ2ZW5jb2RlX3RhZyI6IkNBUk9VU0VMX0lURU0ueHBpZHMuMTA4MC5zZHIucmVndWxhcl9waG90by5DMyJ9&_nc_ohc=m8__0j7aHxEQ7kNvwHZCbD5&_nc_oc=Ado2-12p-PNSy_-K2ezm5yRNJtlscw4T7W1x9oCa2RnniXp8Tisb-qHYrDk7aGi1VwnPZ8RSTwAn4XKfo3Kg-Qg2&_nc_zt=23&_nc_ht=instagram.fhnd4-2.fna&_nc_gid=WTJWLLFJRKKk_JKC3VjF2w&_nc_ss=7c689&oh=00_AQEYuf2doMR78bfqGEBQfe-9vVkurmxuTKEXU8Z-KgZpng&oe=6A920670,https://www.instagram.com/p/DcTUD7jlm8n/
Bom Jesus Primavera do Leste 🛒,Carnes / Aves,Limpador Perfumado Casa & Perfume 500ml,5.49,21/08/2026,https://instagram.fhnd4-2.fna.fbcdn.net/v/t51.82787-15/778794332_18373759255237813_8826403310576910692_n.jpg?stp=dst-jpg_e35_tt6&_nc_cat=101&ig_cache_key=Mzk2ODYwMzg2MzYxMTAyNjY2MQ%3D%3D.3-ccb7-5&ccb=7-5&_nc_sid=58cdad&efg=eyJ2ZW5jb2RlX3RhZyI6IkNBUk9VU0VMX0lURU0ueHBpZHMuMTA4MC5zZHIucmVndWxhcl9waG90by5DMyJ9&_nc_ohc=DryH40MHA-0Q7kNvwHB1Lf7&_nc_oc=AdqhwLJGO6MviNbTHyj3iodOejfSiXHjvuM7YZ5MZA1XXDxJmjQjlLLe76yBRNXa9QT-96JkDsjGcyN9VIJK3GJ6&_nc_zt=23&_nc_ht=instagram.fhnd4-2.fna&_nc_gid=WTJWLLFJRKKk_JKC3VjF2w&_nc_ss=7c689&oh=00_AQHevt41KEmTNnGPlBWytV4PYTsS1qEUm0NDZgLMcsO3BQ&oe=6A92069B,https://www.instagram.com/p/DcTUD7jlm8n/
Bom Jesus Primavera do Leste 🛒,Carnes / Aves,Coxa e Sobrecoxa de Frango Canção kg,6.99,21/08/2026,https://instagram.fhnd4-2.fna.fbcdn.net/v/t51.82787-15/782344855_18373759252237813_7320855115066332806_n.jpg?stp=dst-jpg_e35_tt6&_nc_cat=101&ig_cache_key=Mzk2ODYwMzg2MTkyMDUwNTIwMg%3D%3D.3-ccb7-5&ccb=7-5&_nc_sid=58cdad&efg=eyJ2ZW5jb2RlX3RhZyI6IkNBUk9VU0VMX0lURU0ueHBpZHMuMTA4MC5zZHIucmVndWxhcl9waG90by5DMyJ9&_nc_ohc=EXXZ6F7wf7QQ7kNvwFOdDBS&_nc_oc=AdqMOWf1nzXpFO8W-H1PyLYjDZtXp_9kyXJ7SloENIQvkirJxxmUDYU1xeA_flZ6tJV0DlIA_PT3JHOEPgeJKaC5&_nc_zt=23&_nc_ht=instagram.fhnd4-2.fna&_nc_gid=WTJWLLFJRKKk_JKC3VjF2w&_nc_ss=7c689&oh=00_AQG9Saz-Go_urbHwXkRS1igT6zK842KMwSvQaJmSm50iag&oe=6A91F96C,https://www.instagram.com/p/DcTUD7jlm8n/
Bom Jesus Primavera do Leste 🛒,Carnes / Aves,Coxas Sobrecoxas Canção kg,6.99,21/08/2026,https://instagram.fhnd4-2.fna.fbcdn.net/v/t51.82787-15/778256078_18373759237237813_68945980692155706_n.jpg?stp=dst-jpg_e35_tt6&_nc_cat=105&ig_cache_key=Mzk2ODYwMzg1OTMyNDAzMjgwMg%3D%3D.3-ccb7-5&ccb=7-5&_nc_sid=58cdad&efg=eyJ2ZW5jb2RlX3RhZyI6IkNBUk9VU0VMX0lURU0ueHBpZHMuMTA4MC5zZHIucmVndWxhcl9waG90by5DMyJ9&_nc_ohc=mnkfzLJbUGcQ7kNvwHYfHH7&_nc_oc=AdrA2uytGyvkA92aW6tMYOy0DYDPA_48utpNdPtnw8GdFmv2GuXMZI4Lxc4qyUp9L_UGxv_JJ6HBMAzDrnTDd3gD&_nc_zt=23&_nc_ht=instagram.fhnd4-2.fna&_nc_gid=WTJWLLFJRKKk_JKC3VjF2w&_nc_ss=7c689&oh=00_AQE0-BrqKM6dZEx0En8M7qbo0eI8e4GNH8fRBFKrExg-dQ&oe=6A91E6C3,https://www.instagram.com/p/DcTUD7jlm8n/
Bom Jesus Primavera do Leste 🛒,Carnes / Aves,Coxa e Sobrecoxa de Frango Canção kg,6.99,19/08/2026,https://instagram.fmty1-1.fna.fbcdn.net/v/t51.82787-15/779001545_18373430953237813_5074089155829110369_n.jpg?stp=dst-jpg_e35_tt6&_nc_cat=108&_nc_map=urlgen_bucketless&ig_cache_key=Mzk2NzEyNzIwMjIxMzc1MTQ1MQ%3D%3D.3-ccb7-5&ccb=7-5&_nc_sid=58cdad&efg=eyJ2ZW5jb2RlX3RhZyI6IkNBUk9VU0VMX0lURU0ueHBpZHMuMTA4MC5zZHIucmVndWxhcl9waG90by5DMiJ9&_nc_ohc=l4Exhes4iY4Q7kNvwFcdLB9&_nc_oc=AdrtF_bwfYZRo7ZWMbggLTBiL0CKLXXPVFu-XpX46LvOpwxF24OmdqMFD6K6Wn7h3eM&_nc_zt=23&_nc_ht=instagram.fmty1-1.fna&_nc_gid=-JGxwhhxyTUrzn4i3BszXg&_nc_ss=72a8c&oh=00_AQGW6WmhHxWpOxv0sKNNl2PAa_bKKgy7cBSCWH3fno5vsA&oe=6A91FF7A,https://www.instagram.com/p/DcOEUjnloMb/
SUPERMERCADO PARANAENSE,Carnes / Aves,Coxa e Sobrecoxa Bello kg,6.99,21/08/2026,https://instagram.fnap2-1.fna.fbcdn.net/v/t51.82787-15/782639788_17906516796496981_1020296803527373493_n.jpg?stp=dst-jpg_e35_tt6&_nc_cat=106&ig_cache_key=Mzk2ODI0NTY3NDgyMDQ2MDk5NA%3D%3D.3-ccb7-5&ccb=7-5&_nc_sid=58cdad&efg=eyJ2ZW5jb2RlX3RhZyI6IkZFRUQueHBpZHMuMTM1MC5zZHIucmVndWxhcl9waG90by5DMyJ9&_nc_ohc=CfekLFktTToQ7kNvwFInO6-&_nc_oc=AdqU-mUpw73I1gOmB2jPCbwBMJ35wGvMjiqL5LT6vzmPupetJSf0nCFX3FeJAbSpCOQ&_nc_zt=23&_nc_ht=instagram.fnap2-1.fna&_nc_gid=MK_c-lo_uxbgEoDoQI3KzQ&_nc_ss=72a8c&oh=00_AQGfIDhcjGDqnrpsVzqW_vWf7fTrLLA9rhDmLixUiAev1w&oe=6A91EB4D,https://www.instagram.com/p/DcSCmqlJ2HC/
SUPERMERCADO PARANAENSE,Carnes / Aves,Coxa e Sobrecoxa de Frango Bello 1kg,6.99,18/08/2026,https://instagram.fbcn15-1.fna.fbcdn.net/v/t51.82787-15/779201412_17905958076496981_6443721065028839968_n.jpg?stp=dst-jpg_e35_tt6&_nc_cat=105&ig_cache_key=Mzk2NjA3NDE1MTYyNzk1NjAwNA%3D%3D.3-ccb7-5&ccb=7-5&_nc_sid=58cdad&efg=eyJ2ZW5jb2RlX3RhZyI6IkZFRUQueHBpZHMuMTM1MC5zZHIucmVndWxhcl9waG90by5DMyJ9&_nc_ohc=X7-fGJ3cyTUQ7kNvwHAmXH2&_nc_oc=AdosRII6nQbT_reMsilTtKghiDcv4w8iF0Wcp_irQ-Nol_iq2kSoFwZVNevQClJO0WM&_nc_zt=23&_nc_ht=instagram.fbcn15-1.fna&_nc_gid=CmZwXFojirTALIXoUXMO7A&_nc_ss=72a8c&oh=00_AQFcAVSBWAC55LkMefquTT5wtKObtalwB3dNssRwn3lsRg&oe=6A91FA14,https://www.instagram.com/p/DcKU22ApJ8k/
Supermercado Bianchi,Carnes / Aves,Coxa e Sobrecoxa de Frango kg,7.99,20/08/2026,https://scontent-itm1-1.cdninstagram.com/v/t39.30808-6/779051966_1656122669851464_965928349109579928_n.jpg?stp=dst-jpg_e35_tt6&_nc_cat=106&ig_cache_key=Mzk2NzU2NTMzMDUzMzA4ODE3NQ%3D%3D.3-ccb7-5&ccb=7-5&_nc_sid=58cdad&efg=eyJ2ZW5jb2RlX3RhZyI6IkNBUk9VU0VMX0lURU0ueHBpZHMuMjA0OC5zZHIucmVndWxhcl9waG90by5DMyJ9&_nc_ohc=gWASXhSsx1QQ7kNvwF4c8Kl&_nc_oc=AdowMnMeIVkmqcvrOAIzWiAi39LVQPtFeOtMNOulxNNQZhc0lkRZuwxbp8CgC9G3BnVwghsfWWQVBKKjAQwbmiod&_nc_zt=23&_nc_ht=scontent-itm1-1.cdninstagram.com&_nc_gid=rBM0NfnbxwVVia4Hv8PLcA&_nc_ss=7c689&oh=00_AQHbqWTtgzAovCP2EbOG7bvk20FFuIQNSaaMou9mCQTGOg&oe=6A91FE72,https://www.instagram.com/p/DcPn6nZlD_H/
Super Compras Supermercado,Carnes / Aves,Coxa e Sobrecoxa de Frango Sadia kg,8.99,21/08/2026,https://instagram.fxap4-1.fna.fbcdn.net/v/t51.82787-15/780140079_18192045034391764_7683991793781918786_n.jpg?stp=dst-jpg_e35_tt6&_nc_cat=103&ig_cache_key=Mzk2ODIxODA0ODc2ODI1MjE2NA%3D%3D.3-ccb7-5&ccb=7-5&_nc_sid=58cdad&efg=eyJ2ZW5jb2RlX3RhZyI6IkZFRUQueHBpZHMuMTQ0MC5zZHIucmVndWxhcl9waG90by5DMyJ9&_nc_ohc=MnWLmv7izFEQ7kNvwE-eCc-&_nc_oc=AdqKht5W2R0I8k67jI7AsuyyWWxTtRw-e9ACS9VMBWR1sIb6wTIcVZPsbh4cMYgGFw8&_nc_zt=23&_nc_ht=instagram.fxap4-1.fna&_nc_gid=VZPB67okKU0e0ifowzVMWA&_nc_ss=72a8c&oh=00_AQHczTI5i8sJva23g6egbIopSplYbu73tBW58x_YqjBIcQ&oe=6A92052E,https://www.instagram.com/p/DcR8Up0IBkE/
Bom Jesus Primavera do Leste 🛒,Carnes / Aves,Frango Passarinho Bello 800g,8.99,19/08/2026,https://instagram.fmty4-1.fna.fbcdn.net/v/t51.82787-15/779669250_18373430944237813_1540605607443691986_n.jpg?stp=dst-jpg_e35_tt6&_nc_cat=105&_nc_map=urlgen_bucketless&ig_cache_key=Mzk2NzEyNzIwMzA3MDAwNjgxMA%3D%3D.3-ccb7-5&ccb=7-5&_nc_sid=58cdad&efg=eyJ2ZW5jb2RlX3RhZyI6IkNBUk9VU0VMX0lURU0ueHBpZHMuMTA4MC5zZHIucmVndWxhcl9waG90by5DMiJ9&_nc_ohc=VDuZhWsVkt4Q7kNvwEEYrk4&_nc_oc=Adq7eqUVuQ9YDVt3n316RFqGPXylwlmtZfzzffQ4bdXPniO9pQloaK4Sxnk55GdRnkw&_nc_zt=23&_nc_ht=instagram.fmty4-1.fna&_nc_gid=-JGxwhhxyTUrzn4i3BszXg&_nc_ss=72a8c&oh=00_AQFgZidfmuBuLWw80Yhw_UbqVXpyPN4-HggrXBxsnALgoA&oe=6A91EF4F,https://www.instagram.com/p/DcOEUjnloMb/
Bom Jesus Primavera do Leste 🛒,Carnes / Aves,Frango Inteiro Seara kg,9.69,21/08/2026,https://instagram.fhnd4-2.fna.fbcdn.net/v/t51.82787-15/782344855_18373759252237813_7320855115066332806_n.jpg?stp=dst-jpg_e35_tt6&_nc_cat=101&ig_cache_key=Mzk2ODYwMzg2MTkyMDUwNTIwMg%3D%3D.3-ccb7-5&ccb=7-5&_nc_sid=58cdad&efg=eyJ2ZW5jb2RlX3RhZyI6IkNBUk9VU0VMX0lURU0ueHBpZHMuMTA4MC5zZHIucmVndWxhcl9waG90by5DMyJ9&_nc_ohc=EXXZ6F7wf7QQ7kNvwFOdDBS&_nc_oc=AdqMOWf1nzXpFO8W-H1PyLYjDZtXp_9kyXJ7SloENIQvkirJxxmUDYU1xeA_flZ6tJV0DlIA_PT3JHOEPgeJKaC5&_nc_zt=23&_nc_ht=instagram.fhnd4-2.fna&_nc_gid=WTJWLLFJRKKk_JKC3VjF2w&_nc_ss=7c689&oh=00_AQG9Saz-Go_urbHwXkRS1igT6zK842KMwSvQaJmSm50iag&oe=6A91F96C,https://www.instagram.com/p/DcTUD7jlm8n/
Super Compras Supermercado,Carnes / Aves,Sobrecoxa de Frango Sadia kg,9.99,20/08/2026,https://scontent-gru1-2.cdninstagram.com/v/t51.82787-15/775027665_18191945224391764_8081345465351211337_n.jpg?stp=dst-jpg_e35_tt6&_nc_cat=103&ig_cache_key=Mzk2NzQ4OTc2ODM5MzY0MjE0Ng%3D%3D.3-ccb7-5&ccb=7-5&_nc_sid=58cdad&efg=eyJ2ZW5jb2RlX3RhZyI6IkZFRUQueHBpZHMuMTQ0MC5zZHIucmVndWxhcl9waG90by5DMyJ9&_nc_ohc=PQ4k9iUSmG0Q7kNvwGyBUgl&_nc_oc=AdrwmW1cvXb4uufRR_gwpbI3kiziS6VpjdvaRWR7b7Kntn_0RtqpkuHqAD4is5tKKIw&_nc_zt=23&_nc_ht=scontent-gru1-2.cdninstagram.com&_nc_gid=6_6aZ24msfQWOiJfpVqTGw&_nc_ss=7c689&oh=00_AQEqw1AcYYSi18OpSNKw4Ex9Gq5ctoOGl_tdm3dKBYzxxw&oe=6A91D5D0,https://www.instagram.com/p/DcPWux3GZCi/
Bom Jesus Primavera do Leste 🛒,Carnes / Aves,Coxinha de Asa Bello 800g,10.99,19/08/2026,https://instagram.fmty4-1.fna.fbcdn.net/v/t51.82787-15/779669250_18373430944237813_1540605607443691986_n.jpg?stp=dst-jpg_e35_tt6&_nc_cat=105&_nc_map=urlgen_bucketless&ig_cache_key=Mzk2NzEyNzIwMzA3MDAwNjgxMA%3D%3D.3-ccb7-5&ccb=7-5&_nc_sid=58cdad&efg=eyJ2ZW5jb2RlX3RhZyI6IkNBUk9VU0VMX0lURU0ueHBpZHMuMTA4MC5zZHIucmVndWxhcl9waG90by5DMiJ9&_nc_ohc=VDuZhWsVkt4Q7kNvwEEYrk4&_nc_oc=Adq7eqUVuQ9YDVt3n316RFqGPXylwlmtZfzzffQ4bdXPniO9pQloaK4Sxnk55GdRnkw&_nc_zt=23&_nc_ht=instagram.fmty4-1.fna&_nc_gid=-JGxwhhxyTUrzn4i3BszXg&_nc_ss=72a8c&oh=00_AQFgZidfmuBuLWw80Yhw_UbqVXpyPN4-HggrXBxsnALgoA&oe=6A91EF4F,https://www.instagram.com/p/DcOEUjnloMb/
Mercado Talismã,Carnes / Aves,Coxinha da Asa de Frango kg,11.49,23/08/2026,https://instagram.fbre4-1.fna.fbcdn.net/v/t51.82787-15/784428408_18093165719531849_770231522003913391_n.jpg?stp=dst-jpg_e35_tt6&_nc_cat=110&ig_cache_key=Mzk3MDAyODMzNTQzMzkzNjEwMg%3D%3D.3-ccb7-5&ccb=7-5&_nc_sid=58cdad&efg=eyJ2ZW5jb2RlX3RhZyI6IkNBUk9VU0VMX0lURU0ueHBpZHMuMTI1NC5zZHIucmVndWxhcl9waG90by5DMyJ9&_nc_ohc=kEW8qz6ERa4Q7kNvwEgRS5y&_nc_oc=AdqZoF-mq3R_PVoHBorkI3vwwSD7bCH2w5e7lr0UmWh7hVR1eLD0BYEIV83NdzfFEEY&_nc_zt=23&_nc_ht=instagram.fbre4-1.fna&_nc_gid=SDhzOq7w6dnYTxbVXpaj5A&_nc_ss=7c689&oh=00_AQEqnhUeBfg_okP1vqztWpiSB26I_fO0_o44RJ0lkZcYwQ&oe=6A91F000,https://www.instagram.com/p/DcYX8qUEXk2/
Super Compras Supermercado,Carnes / Aves,Coxinhas da Asa de Frango Super Frango 1kg,12.99,22/08/2026,https://instagram.fhnd4-2.fna.fbcdn.net/v/t51.82787-15/781425562_18192143110391764_1116124836587707156_n.jpg?stp=dst-jpg_e35_tt6&_nc_cat=103&ig_cache_key=Mzk2ODk1MTQ4MDU4NDU2NzM5OQ%3D%3D.3-ccb7-5&ccb=7-5&_nc_sid=58cdad&efg=eyJ2ZW5jb2RlX3RhZyI6IkZFRUQueHBpZHMuMTQ0MC5zZHIucmVndWxhcl9waG90by5DMyJ9&_nc_ohc=FnigSYXdvhUQ7kNvwGXzknp&_nc_oc=Adps55DoKyqmrWdWQUTA7FYDHhwuGX5ODLDyh8zgmtqOKIUTt5g2BLPDmUgP7m66ncgYpvQuBS5XgB_kdc55Ke0F&_nc_zt=23&_nc_ht=instagram.fhnd4-2.fna&_nc_gid=v_FwtKEs20pddOedUtX__A&_nc_ss=7da8c&oh=00_AQGsR9bBGsAC7MHFTtBjjgEzYgQpiipyoaBw-VB2zTcdEA&oe=6A91DD60,https://www.instagram.com/p/DcUjFfbAPpn/
Machadão Atacadista,Carnes / Aves,Linguiça de Frango Sadia 700g,14.99,24/08/2026,https://instagram.fbhx7-1.fna.fbcdn.net/v/t39.30808-6/780076458_1356271723259452_5989685085733377211_n.jpg?stp=dst-jpg_e35_tt6&_nc_cat=105&ig_cache_key=Mzk3MDQwODc0MjIxMDQ3NDY5OA%3D%3D.3-ccb7-5&ccb=7-5&_nc_sid=58cdad&efg=eyJ2ZW5jb2RlX3RhZyI6IkNBUk9VU0VMX0lURU0ueHBpZHMuMTYzOC5zZHIucmVndWxhcl9waG90by5DMyJ9&_nc_ohc=EI5S9KuUQlYQ7kNvwGxq-zd&_nc_oc=AdoTuy9J6-G7ePfivRWOrhyOkimMsf2iPG57P4oj60w11HCN3zlnhol5IK4s9l-5OnuZ-m8N69BZSMBM6XSGrU1s&_nc_zt=23&_nc_ht=instagram.fbhx7-1.fna&_nc_gid=hYaYS30HU0P5YK96dlMTTw&_nc_ss=72689&oh=00_AQHoSpKF5ipkZL6eu41s3VvnAnKwXNWnAsRl47EVOZ0Rhg&oe=6A91D6CE,https://www.instagram.com/p/DcZubq6D10t/
Machadão Atacadista,Carnes / Aves,Ração Para Gatos Catsy Premium Frango 1kg,15.9,20/08/2026,https://scontent-waw2-1.cdninstagram.com/v/t39.30808-6/775419811_1353980236821934_1669358629496048886_n.jpg?stp=dst-jpg_e35_tt6&_nc_cat=109&ig_cache_key=Mzk2NzUxNDUxNDQyNTY1OTQ3OQ%3D%3D.3-ccb7-5&ccb=7-5&_nc_sid=58cdad&efg=eyJ2ZW5jb2RlX3RhZyI6IkNBUk9VU0VMX0lURU0ueHBpZHMuMTYzOC5zZHIucmVndWxhcl9waG90by5DMyJ9&_nc_ohc=lHwu1HSrHv4Q7kNvwHVyJEI&_nc_oc=AdqqPfmNAk4e9ze_ZwgktL75_Kqtn3tLkgSX9y4kCEcgb4S6LteL6Vgh3j52HqOPzoqVPFgpfs1CT6XIq7yAAmhn&_nc_zt=23&_nc_ht=scontent-waw2-1.cdninstagram.com&_nc_gid=TCTohav7JJwegkku5UEH4A&_nc_ss=7d689&oh=00_AQHM9rerb5ybH7qDRj_JX0zsyxuF2eibk29XOLILD3-nYg&oe=6A91F925,https://www.instagram.com/p/DcPcXJfjBzY/
Machadão Atacadista,Carnes / Aves,Ração Para Gatos Catsy Premium Frango 1kg,15.9,20/08/2026,https://scontent-waw2-2.cdninstagram.com/v/t39.30808-6/778565543_1353980256821932_610953472750281477_n.jpg?stp=dst-jpg_e35_tt6&_nc_cat=107&ig_cache_key=Mzk2NzUxNDUxNTM1NjgxMjE0OQ%3D%3D.3-ccb7-5&ccb=7-5&_nc_sid=58cdad&efg=eyJ2ZW5jb2RlX3RhZyI6IkNBUk9VU0VMX0lURU0ueHBpZHMuMTYzOC5zZHIucmVndWxhcl9waG90by5DMyJ9&_nc_ohc=HT-6M49gF1MQ7kNvwHlI936&_nc_oc=Ado-YiiZFi4_Sr1NHw0eADjY_qslI9kdaMycLief1Zsns5F07SswPkE3pzMJAVzQ_BI4DH-jwjSC02txrVVqMYlO&_nc_zt=23&_nc_ht=scontent-waw2-2.cdninstagram.com&_nc_gid=TCTohav7JJwegkku5UEH4A&_nc_ss=7d689&oh=00_AQHH-7NBpm7tXO4H4KDej6yad9c4WBvFu5dEBZgmstMlOg&oe=6A91EDE5,https://www.instagram.com/p/DcPcXJfjBzY/
Bom Jesus Primavera do Leste 🛒,Carnes / Aves,Lasanha Perdigão 600g,15.99,19/08/2026,https://instagram.fmty4-1.fna.fbcdn.net/v/t51.82787-15/779669250_18373430944237813_1540605607443691986_n.jpg?stp=dst-jpg_e35_tt6&_nc_cat=105&_nc_map=urlgen_bucketless&ig_cache_key=Mzk2NzEyNzIwMzA3MDAwNjgxMA%3D%3D.3-ccb7-5&ccb=7-5&_nc_sid=58cdad&efg=eyJ2ZW5jb2RlX3RhZyI6IkNBUk9VU0VMX0lURU0ueHBpZHMuMTA4MC5zZHIucmVndWxhcl9waG90by5DMiJ9&_nc_ohc=VDuZhWsVkt4Q7kNvwEEYrk4&_nc_oc=Adq7eqUVuQ9YDVt3n316RFqGPXylwlmtZfzzffQ4bdXPniO9pQloaK4Sxnk55GdRnkw&_nc_zt=23&_nc_ht=instagram.fmty4-1.fna&_nc_gid=-JGxwhhxyTUrzn4i3BszXg&_nc_ss=72a8c&oh=00_AQFgZidfmuBuLWw80Yhw_UbqVXpyPN4-HggrXBxsnALgoA&oe=6A91EF4F,https://www.instagram.com/p/DcOEUjnloMb/
SUPERMERCADO PARANAENSE,Carnes / Aves,Filé de Peito de Frango Seara 1kg,16.99,18/08/2026,https://instagram.fbcn15-1.fna.fbcdn.net/v/t51.82787-15/779201412_17905958076496981_6443721065028839968_n.jpg?stp=dst-jpg_e35_tt6&_nc_cat=105&ig_cache_key=Mzk2NjA3NDE1MTYyNzk1NjAwNA%3D%3D.3-ccb7-5&ccb=7-5&_nc_sid=58cdad&efg=eyJ2ZW5jb2RlX3RhZyI6IkZFRUQueHBpZHMuMTM1MC5zZHIucmVndWxhcl9waG90by5DMyJ9&_nc_ohc=X7-fGJ3cyTUQ7kNvwHAmXH2&_nc_oc=AdosRII6nQbT_reMsilTtKghiDcv4w8iF0Wcp_irQ-Nol_iq2kSoFwZVNevQClJO0WM&_nc_zt=23&_nc_ht=instagram.fbcn15-1.fna&_nc_gid=CmZwXFojirTALIXoUXMO7A&_nc_ss=72a8c&oh=00_AQFcAVSBWAC55LkMefquTT5wtKObtalwB3dNssRwn3lsRg&oe=6A91FA14,https://www.instagram.com/p/DcKU22ApJ8k/
Supermercado São Pedro,Carnes / Aves,Frango Caipira Nhô Bento kg,17.98,19/08/2026,https://scontent-yyz1-1.cdninstagram.com/v/t51.82787-15/778291214_18194241574382122_3433867418972637996_n.jpg?stp=dst-jpg_e35_tt6&_nc_cat=111&ig_cache_key=Mzk2NzE2MDMzNDgyOTE0NTAzOQ%3D%3D.3-ccb7-5&ccb=7-5&_nc_sid=58cdad&efg=eyJ2ZW5jb2RlX3RhZyI6IkZFRUQueHBpZHMuMzI0OC5zZHIucmVndWxhcl9waG90by5DMyJ9&_nc_ohc=X2HbB-DzkGEQ7kNvwH_V2Kr&_nc_oc=AdoZGDQZnz1ZNtxWT_f4TrA1XWsSBwzYUcEJZn2KnzGmHkkIOK64_VURy8pq0tKwGcWEkIrmkdfp1pTDuut_37Ar&_nc_zt=23&_nc_ht=scontent-yyz1-1.cdninstagram.com&_nc_gid=-cF0hMYmYqqiER8aUs5Utg&_nc_ss=72a8c&oh=00_AQFGRVY04Wg-xE-sgNCAAJawJmU6uKFPa2oAjZroD8diwQ&oe=6A91F308,https://www.instagram.com/p/DcOL048gsvP/
Machadão Atacadista,Carnes / Aves,Filé de Peito de Frango Seara 1kg,19.79,24/08/2026,https://instagram.fbhx7-1.fna.fbcdn.net/v/t39.30808-6/780076458_1356271723259452_5989685085733377211_n.jpg?stp=dst-jpg_e35_tt6&_nc_cat=105&ig_cache_key=Mzk3MDQwODc0MjIxMDQ3NDY5OA%3D%3D.3-ccb7-5&ccb=7-5&_nc_sid=58cdad&efg=eyJ2ZW5jb2RlX3RhZyI6IkNBUk9VU0VMX0lURU0ueHBpZHMuMTYzOC5zZHIucmVndWxhcl9waG90by5DMyJ9&_nc_ohc=EI5S9KuUQlYQ7kNvwGxq-zd&_nc_oc=AdoTuy9J6-G7ePfivRWOrhyOkimMsf2iPG57P4oj60w11HCN3zlnhol5IK4s9l-5OnuZ-m8N69BZSMBM6XSGrU1s&_nc_zt=23&_nc_ht=instagram.fbhx7-1.fna&_nc_gid=hYaYS30HU0P5YK96dlMTTw&_nc_ss=72689&oh=00_AQHoSpKF5ipkZL6eu41s3VvnAnKwXNWnAsRl47EVOZ0Rhg&oe=6A91D6CE,https://www.instagram.com/p/DcZubq6D10t/
Machadão Atacadista,Carnes / Aves,Filé de Peito de Frango Sadia 1kg,19.99,20/08/2026,https://scontent-waw2-2.cdninstagram.com/v/t39.30808-6/775548688_1353980203488604_1662033817259096349_n.jpg?stp=dst-jpg_e35_tt6&_nc_cat=101&ig_cache_key=Mzk2NzUxNDUxMzI1OTY2NjE4NQ%3D%3D.3-ccb7-5&ccb=7-5&_nc_sid=58cdad&efg=eyJ2ZW5jb2RlX3RhZyI6IkNBUk9VU0VMX0lURU0ueHBpZHMuMTYzOC5zZHIucmVndWxhcl9waG90by5DMyJ9&_nc_ohc=P5B5cPwUwBEQ7kNvwFyJmX7&_nc_oc=AdoKBGmeIB0nx7S-jsG_PsN_PbfrbUj5RPaLrFf4jC-7vOoBuXM9EYfFXabIEzeKpi1YPCJ8UwP7caKpHkb5OEbG&_nc_zt=23&_nc_ht=scontent-waw2-2.cdninstagram.com&_nc_gid=TCTohav7JJwegkku5UEH4A&_nc_ss=7d689&oh=00_AQEGO_LrZLYrfb7LzlS_GoanDcaczhh-FNaaJRwE8-oRcw&oe=6A9201CF,https://www.instagram.com/p/DcPcXJfjBzY/
Machadão Atacadista,Carnes / Aves,Filé de Peito de Frango Sadia 1kg,19.99,20/08/2026,https://scontent-waw2-2.cdninstagram.com/v/t39.30808-6/775382457_1353980220155269_2009226448122347149_n.jpg?stp=dst-jpg_e35_tt6&_nc_cat=107&ig_cache_key=Mzk2NzUxNDUxMzU3ODM5NTQ2MQ%3D%3D.3-ccb7-5&ccb=7-5&_nc_sid=58cdad&efg=eyJ2ZW5jb2RlX3RhZyI6IkNBUk9VU0VMX0lURU0ueHBpZHMuMTYzOC5zZHIucmVndWxhcl9waG90by5DMyJ9&_nc_ohc=F4QLw9fMlnsQ7kNvwGYC8oo&_nc_oc=AdpbLw7b_mZbcNteltB2DlKPNAysOOQ0WM-gkc9C8VLGoL_7dQ8pyeQvILQjxqEb5_q8Gm-UgAPL_RhxTWUNBZn1&_nc_zt=23&_nc_ht=scontent-waw2-2.cdninstagram.com&_nc_gid=TCTohav7JJwegkku5UEH4A&_nc_ss=7d689&oh=00_AQH2WMhtcN_i8S6UUDomf1yCMcXXW1poPb2DTTxJ0imEPA&oe=6A91E7DC,https://www.instagram.com/p/DcPcXJfjBzY/
Supermercado São Pedro,Carnes / Bovina,Paleta Suína kg,8.98,19/08/2026,https://scontent-yyz1-1.cdninstagram.com/v/t51.82787-15/778291214_18194241574382122_3433867418972637996_n.jpg?stp=dst-jpg_e35_tt6&_nc_cat=111&ig_cache_key=Mzk2NzE2MDMzNDgyOTE0NTAzOQ%3D%3D.3-ccb7-5&ccb=7-5&_nc_sid=58cdad&efg=eyJ2ZW5jb2RlX3RhZyI6IkZFRUQueHBpZHMuMzI0OC5zZHIucmVndWxhcl9waG90by5DMyJ9&_nc_ohc=X2HbB-DzkGEQ7kNvwH_V2Kr&_nc_oc=AdoZGDQZnz1ZNtxWT_f4TrA1XWsSBwzYUcEJZn2KnzGmHkkIOK64_VURy8pq0tKwGcWEkIrmkdfp1pTDuut_37Ar&_nc_zt=23&_nc_ht=scontent-yyz1-1.cdninstagram.com&_nc_gid=-cF0hMYmYqqiER8aUs5Utg&_nc_ss=72a8c&oh=00_AQFGRVY04Wg-xE-sgNCAAJawJmU6uKFPa2oAjZroD8diwQ&oe=6A91F308,https://www.instagram.com/p/DcOL048gsvP/
Super Compras Supermercado,Carnes / Bovina,Pernil Ou Paleta Suína kg,9.99,22/08/2026,https://instagram.fhnd4-2.fna.fbcdn.net/v/t51.82787-15/781425562_18192143110391764_1116124836587707156_n.jpg?stp=dst-jpg_e35_tt6&_nc_cat=103&ig_cache_key=Mzk2ODk1MTQ4MDU4NDU2NzM5OQ%3D%3D.3-ccb7-5&ccb=7-5&_nc_sid=58cdad&efg=eyJ2ZW5jb2RlX3RhZyI6IkZFRUQueHBpZHMuMTQ0MC5zZHIucmVndWxhcl9waG90by5DMyJ9&_nc_ohc=FnigSYXdvhUQ7kNvwGXzknp&_nc_oc=Adps55DoKyqmrWdWQUTA7FYDHhwuGX5ODLDyh8zgmtqOKIUTt5g2BLPDmUgP7m66ncgYpvQuBS5XgB_kdc55Ke0F&_nc_zt=23&_nc_ht=instagram.fhnd4-2.fna&_nc_gid=v_FwtKEs20pddOedUtX__A&_nc_ss=7da8c&oh=00_AQGsR9bBGsAC7MHFTtBjjgEzYgQpiipyoaBw-VB2zTcdEA&oe=6A91DD60,https://www.instagram.com/p/DcUjFfbAPpn/
Bom Jesus Primavera do Leste 🛒,Carnes / Bovina,Pernil e Paleta Suína kg,9.99,21/08/2026,https://instagram.fhnd4-2.fna.fbcdn.net/v/t51.82787-15/782344855_18373759252237813_7320855115066332806_n.jpg?stp=dst-jpg_e35_tt6&_nc_cat=101&ig_cache_key=Mzk2ODYwMzg2MTkyMDUwNTIwMg%3D%3D.3-ccb7-5&ccb=7-5&_nc_sid=58cdad&efg=eyJ2ZW5jb2RlX3RhZyI6IkNBUk9VU0VMX0lURU0ueHBpZHMuMTA4MC5zZHIucmVndWxhcl9waG90by5DMyJ9&_nc_ohc=EXXZ6F7wf7QQ7kNvwFOdDBS&_nc_oc=AdqMOWf1nzXpFO8W-H1PyLYjDZtXp_9kyXJ7SloENIQvkirJxxmUDYU1xeA_flZ6tJV0DlIA_PT3JHOEPgeJKaC5&_nc_zt=23&_nc_ht=instagram.fhnd4-2.fna&_nc_gid=WTJWLLFJRKKk_JKC3VjF2w&_nc_ss=7c689&oh=00_AQG9Saz-Go_urbHwXkRS1igT6zK842KMwSvQaJmSm50iag&oe=6A91F96C,https://www.instagram.com/p/DcTUD7jlm8n/
Bom Jesus Primavera do Leste 🛒,Carnes / Bovina,Pernil e Paleta Suína Frigorífico Ochove kg,9.99,19/08/2026,https://instagram.fmty1-1.fna.fbcdn.net/v/t51.82787-15/780126962_18373430935237813_4383865968075296016_n.jpg?stp=dst-jpg_e35_tt6&_nc_cat=101&_nc_map=urlgen_bucketless&ig_cache_key=Mzk2NzEyNzIwMjIzMDk1MTAxNg%3D%3D.3-ccb7-5&ccb=7-5&_nc_sid=58cdad&efg=eyJ2ZW5jb2RlX3RhZyI6IkNBUk9VU0VMX0lURU0ueHBpZHMuMTA4MC5zZHIucmVndWxhcl9waG90by5DMiJ9&_nc_ohc=7_n-bAwZABYQ7kNvwHX4y_3&_nc_oc=Adpype0lnjW46J2VCr7rNlLgEAU4CPgK1m-xM0dwND4iARB7q-w-C3NYA9mDezUwjlw&_nc_zt=23&_nc_ht=instagram.fmty1-1.fna&_nc_gid=-JGxwhhxyTUrzn4i3BszXg&_nc_ss=72a8c&oh=00_AQHWcIqYD8fmENaMR1pXLhjL-blYE_8eq5WF0Uw3iYRjVA&oe=6A91E4C4,https://www.instagram.com/p/DcOEUjnloMb/
SUPERMERCADO PARANAENSE,Carnes / Bovina,Paleta Suína kg,10.99,21/08/2026,https://instagram.fnap2-1.fna.fbcdn.net/v/t51.82787-15/782639788_17906516796496981_1020296803527373493_n.jpg?stp=dst-jpg_e35_tt6&_nc_cat=106&ig_cache_key=Mzk2ODI0NTY3NDgyMDQ2MDk5NA%3D%3D.3-ccb7-5&ccb=7-5&_nc_sid=58cdad&efg=eyJ2ZW5jb2RlX3RhZyI6IkZFRUQueHBpZHMuMTM1MC5zZHIucmVndWxhcl9waG90by5DMyJ9&_nc_ohc=CfekLFktTToQ7kNvwFInO6-&_nc_oc=AdqU-mUpw73I1gOmB2jPCbwBMJ35wGvMjiqL5LT6vzmPupetJSf0nCFX3FeJAbSpCOQ&_nc_zt=23&_nc_ht=instagram.fnap2-1.fna&_nc_gid=MK_c-lo_uxbgEoDoQI3KzQ&_nc_ss=72a8c&oh=00_AQGfIDhcjGDqnrpsVzqW_vWf7fTrLLA9rhDmLixUiAev1w&oe=6A91EB4D,https://www.instagram.com/p/DcSCmqlJ2HC/
Supermercado Bianchi,Carnes / Bovina,Paleta Ou Pernil Suíno kg,10.99,20/08/2026,https://scontent-itm1-1.cdninstagram.com/v/t39.30808-6/780393611_1656122529851478_7745069054159271837_n.jpg?stp=dst-jpg_e35_tt6&_nc_cat=110&ig_cache_key=Mzk2NzU2NTMyODM0MzYzODMxMg%3D%3D.3-ccb7-5&ccb=7-5&_nc_sid=58cdad&efg=eyJ2ZW5jb2RlX3RhZyI6IkNBUk9VU0VMX0lURU0ueHBpZHMuMjA0OC5zZHIucmVndWxhcl9waG90by5DMyJ9&_nc_ohc=ECyOHrod5LUQ7kNvwGCkjjU&_nc_oc=AdoAK9QB6d280i_N7bead3OTfLsXf93a4q7Wf2yo-ccL3Pnjn3XDwHaX6tyT2SgWkXSB-Fx1L6XTYhY_80C07rJm&_nc_zt=23&_nc_ht=scontent-itm1-1.cdninstagram.com&_nc_gid=rBM0NfnbxwVVia4Hv8PLcA&_nc_ss=7c689&oh=00_AQGL8gdraW8mS7i6Rn1sI933tF_l1D8ufFLE83Xx9iG8EA&oe=6A91F195,https://www.instagram.com/p/DcPn6nZlD_H/
Supermercado Bianchi,Carnes / Bovina,Bisteca Suína kg,12.99,20/08/2026,https://scontent-itm1-1.cdninstagram.com/v/t39.30808-6/780919294_1656122676518130_3092578299097916566_n.jpg?stp=dst-jpg_e35_tt6&_nc_cat=109&ig_cache_key=Mzk2NzU2NTMyOTUwOTY5OTcxMw%3D%3D.3-ccb7-5&ccb=7-5&_nc_sid=58cdad&efg=eyJ2ZW5jb2RlX3RhZyI6IkNBUk9VU0VMX0lURU0ueHBpZHMuMjA0OC5zZHIucmVndWxhcl9waG90by5DMyJ9&_nc_ohc=As2I_Gl8vpYQ7kNvwGwLkNI&_nc_oc=AdpBvWI9KmrzVWnp134MvLUOBflDPvNc-3D0gVZ5StqLqc6SBBRezb7OBi4XXtL0tvKgQVx_nTZULvAo-nllbmn4&_nc_zt=23&_nc_ht=scontent-itm1-1.cdninstagram.com&_nc_gid=rBM0NfnbxwVVia4Hv8PLcA&_nc_ss=7c689&oh=00_AQGaRtkpudXENCgc2JjP9nHAuF9BR68qY9SHEhfcvkOe6g&oe=6A91EE93,https://www.instagram.com/p/DcPn6nZlD_H/
Bom Jesus Primavera do Leste 🛒,Carnes / Bovina,Bisteca Suína kg,13.99,19/08/2026,https://scontent-mxp1-1.cdninstagram.com/v/t51.82787-15/777447580_18373520875237813_4940623986181555568_n.jpg?stp=dst-jpg_e15_tt6&_nc_cat=102&ig_cache_key=Mzk2NzM5MjE0MDk4NzU2MzAyODE4MzczNTIwODcyMjM3ODEz.3-ccb7-5&ccb=7-5&_nc_sid=58cdad&efg=eyJ2ZW5jb2RlX3RhZyI6IkNMSVBTLnhwaWRzLjcyMC5zZHIudmlkZW9fZGVmYXVsdF9jb3Zlcl9mcmFtZS5DMyJ9&_nc_ohc=1LuH2KlEOIUQ7kNvwHO_ysZ&_nc_oc=AdqZ2cfl83ntPfDtMYzhKawi3DxYOTRWsbGYXGlqD2MTL0ZsejS2_P8OS6GwS0nbamo&_nc_zt=23&_nc_ht=scontent-mxp1-1.cdninstagram.com&_nc_gid=uPyp1oBKSdCnrRWQHkGdMA&_nc_ss=72a8c&oh=00_AQHZk0UJfwcLEALz-Bg2aTdCdO6sAWu3kBIaIcrHa_bCIA&oe=6A9208C3,https://www.instagram.com/p/DcPAiHQPXwU/
Bom Jesus Primavera do Leste 🛒,Carnes / Bovina,Bisteca Suína Excelência kg,13.99,19/08/2026,https://instagram.fmty1-1.fna.fbcdn.net/v/t51.82787-15/780126962_18373430935237813_4383865968075296016_n.jpg?stp=dst-jpg_e35_tt6&_nc_cat=101&_nc_map=urlgen_bucketless&ig_cache_key=Mzk2NzEyNzIwMjIzMDk1MTAxNg%3D%3D.3-ccb7-5&ccb=7-5&_nc_sid=58cdad&efg=eyJ2ZW5jb2RlX3RhZyI6IkNBUk9VU0VMX0lURU0ueHBpZHMuMTA4MC5zZHIucmVndWxhcl9waG90by5DMiJ9&_nc_ohc=7_n-bAwZABYQ7kNvwHX4y_3&_nc_oc=Adpype0lnjW46J2VCr7rNlLgEAU4CPgK1m-xM0dwND4iARB7q-w-C3NYA9mDezUwjlw&_nc_zt=23&_nc_ht=instagram.fmty1-1.fna&_nc_gid=-JGxwhhxyTUrzn4i3BszXg&_nc_ss=72a8c&oh=00_AQHWcIqYD8fmENaMR1pXLhjL-blYE_8eq5WF0Uw3iYRjVA&oe=6A91E4C4,https://www.instagram.com/p/DcOEUjnloMb/
Supermercado São Pedro,Carnes / Bovina,Bisteca Suína kg,14.98,19/08/2026,https://scontent-yyz1-1.cdninstagram.com/v/t51.82787-15/778291214_18194241574382122_3433867418972637996_n.jpg?stp=dst-jpg_e35_tt6&_nc_cat=111&ig_cache_key=Mzk2NzE2MDMzNDgyOTE0NTAzOQ%3D%3D.3-ccb7-5&ccb=7-5&_nc_sid=58cdad&efg=eyJ2ZW5jb2RlX3RhZyI6IkZFRUQueHBpZHMuMzI0OC5zZHIucmVndWxhcl9waG90by5DMyJ9&_nc_ohc=X2HbB-DzkGEQ7kNvwH_V2Kr&_nc_oc=AdoZGDQZnz1ZNtxWT_f4TrA1XWsSBwzYUcEJZn2KnzGmHkkIOK64_VURy8pq0tKwGcWEkIrmkdfp1pTDuut_37Ar&_nc_zt=23&_nc_ht=scontent-yyz1-1.cdninstagram.com&_nc_gid=-cF0hMYmYqqiER8aUs5Utg&_nc_ss=72a8c&oh=00_AQFGRVY04Wg-xE-sgNCAAJawJmU6uKFPa2oAjZroD8diwQ&oe=6A91F308,https://www.instagram.com/p/DcOL048gsvP/
Super Compras Supermercado,Carnes / Bovina,Bisteca Suína kg,14.99,20/08/2026,https://scontent-gru1-2.cdninstagram.com/v/t51.82787-15/775027665_18191945224391764_8081345465351211337_n.jpg?stp=dst-jpg_e35_tt6&_nc_cat=103&ig_cache_key=Mzk2NzQ4OTc2ODM5MzY0MjE0Ng%3D%3D.3-ccb7-5&ccb=7-5&_nc_sid=58cdad&efg=eyJ2ZW5jb2RlX3RhZyI6IkZFRUQueHBpZHMuMTQ0MC5zZHIucmVndWxhcl9waG90by5DMyJ9&_nc_ohc=PQ4k9iUSmG0Q7kNvwGyBUgl&_nc_oc=AdrwmW1cvXb4uufRR_gwpbI3kiziS6VpjdvaRWR7b7Kntn_0RtqpkuHqAD4is5tKKIw&_nc_zt=23&_nc_ht=scontent-gru1-2.cdninstagram.com&_nc_gid=6_6aZ24msfQWOiJfpVqTGw&_nc_ss=7c689&oh=00_AQEqw1AcYYSi18OpSNKw4Ex9Gq5ctoOGl_tdm3dKBYzxxw&oe=6A91D5D0,https://www.instagram.com/p/DcPWux3GZCi/
SUPERMERCADO PARANAENSE,Carnes / Bovina,Bisteca Suína kg,16.99,21/08/2026,https://instagram.fnap2-1.fna.fbcdn.net/v/t51.82787-15/782639788_17906516796496981_1020296803527373493_n.jpg?stp=dst-jpg_e35_tt6&_nc_cat=106&ig_cache_key=Mzk2ODI0NTY3NDgyMDQ2MDk5NA%3D%3D.3-ccb7-5&ccb=7-5&_nc_sid=58cdad&efg=eyJ2ZW5jb2RlX3RhZyI6IkZFRUQueHBpZHMuMTM1MC5zZHIucmVndWxhcl9waG90by5DMyJ9&_nc_ohc=CfekLFktTToQ7kNvwFInO6-&_nc_oc=AdqU-mUpw73I1gOmB2jPCbwBMJ35wGvMjiqL5LT6vzmPupetJSf0nCFX3FeJAbSpCOQ&_nc_zt=23&_nc_ht=instagram.fnap2-1.fna&_nc_gid=MK_c-lo_uxbgEoDoQI3KzQ&_nc_ss=72a8c&oh=00_AQGfIDhcjGDqnrpsVzqW_vWf7fTrLLA9rhDmLixUiAev1w&oe=6A91EB4D,https://www.instagram.com/p/DcSCmqlJ2HC/
Bom Jesus Primavera do Leste 🛒,Carnes / Bovina,Costela Suína kg,17.99,21/08/2026,https://instagram.fhnd4-2.fna.fbcdn.net/v/t51.82787-15/782344855_18373759252237813_7320855115066332806_n.jpg?stp=dst-jpg_e35_tt6&_nc_cat=101&ig_cache_key=Mzk2ODYwMzg2MTkyMDUwNTIwMg%3D%3D.3-ccb7-5&ccb=7-5&_nc_sid=58cdad&efg=eyJ2ZW5jb2RlX3RhZyI6IkNBUk9VU0VMX0lURU0ueHBpZHMuMTA4MC5zZHIucmVndWxhcl9waG90by5DMyJ9&_nc_ohc=EXXZ6F7wf7QQ7kNvwFOdDBS&_nc_oc=AdqMOWf1nzXpFO8W-H1PyLYjDZtXp_9kyXJ7SloENIQvkirJxxmUDYU1xeA_flZ6tJV0DlIA_PT3JHOEPgeJKaC5&_nc_zt=23&_nc_ht=instagram.fhnd4-2.fna&_nc_gid=WTJWLLFJRKKk_JKC3VjF2w&_nc_ss=7c689&oh=00_AQG9Saz-Go_urbHwXkRS1igT6zK842KMwSvQaJmSm50iag&oe=6A91F96C,https://www.instagram.com/p/DcTUD7jlm8n/
Super Compras Supermercado,Carnes / Bovina,Costela Bovina kg,20.99,22/08/2026,https://instagram.fhnd4-2.fna.fbcdn.net/v/t51.82787-15/781425562_18192143110391764_1116124836587707156_n.jpg?stp=dst-jpg_e35_tt6&_nc_cat=103&ig_cache_key=Mzk2ODk1MTQ4MDU4NDU2NzM5OQ%3D%3D.3-ccb7-5&ccb=7-5&_nc_sid=58cdad&efg=eyJ2ZW5jb2RlX3RhZyI6IkZFRUQueHBpZHMuMTQ0MC5zZHIucmVndWxhcl9waG90by5DMyJ9&_nc_ohc=FnigSYXdvhUQ7kNvwGXzknp&_nc_oc=Adps55DoKyqmrWdWQUTA7FYDHhwuGX5ODLDyh8zgmtqOKIUTt5g2BLPDmUgP7m66ncgYpvQuBS5XgB_kdc55Ke0F&_nc_zt=23&_nc_ht=instagram.fhnd4-2.fna&_nc_gid=v_FwtKEs20pddOedUtX__A&_nc_ss=7da8c&oh=00_AQGsR9bBGsAC7MHFTtBjjgEzYgQpiipyoaBw-VB2zTcdEA&oe=6A91DD60,https://www.instagram.com/p/DcUjFfbAPpn/
Bom Jesus Primavera do Leste 🛒,Carnes / Bovina,Acém e Músculo com Osso Sulbeef kg,21.99,19/08/2026,https://instagram.fmty1-1.fna.fbcdn.net/v/t51.82787-15/780126962_18373430935237813_4383865968075296016_n.jpg?stp=dst-jpg_e35_tt6&_nc_cat=101&_nc_map=urlgen_bucketless&ig_cache_key=Mzk2NzEyNzIwMjIzMDk1MTAxNg%3D%3D.3-ccb7-5&ccb=7-5&_nc_sid=58cdad&efg=eyJ2ZW5jb2RlX3RhZyI6IkNBUk9VU0VMX0lURU0ueHBpZHMuMTA4MC5zZHIucmVndWxhcl9waG90by5DMiJ9&_nc_ohc=7_n-bAwZABYQ7kNvwHX4y_3&_nc_oc=Adpype0lnjW46J2VCr7rNlLgEAU4CPgK1m-xM0dwND4iARB7q-w-C3NYA9mDezUwjlw&_nc_zt=23&_nc_ht=instagram.fmty1-1.fna&_nc_gid=-JGxwhhxyTUrzn4i3BszXg&_nc_ss=72a8c&oh=00_AQHWcIqYD8fmENaMR1pXLhjL-blYE_8eq5WF0Uw3iYRjVA&oe=6A91E4C4,https://www.instagram.com/p/DcOEUjnloMb/
SUPERMERCADO PARANAENSE,Carnes / Bovina,Costela Bovina kg,21.99,21/08/2026,https://instagram.fnap2-1.fna.fbcdn.net/v/t51.82787-15/782639788_17906516796496981_1020296803527373493_n.jpg?stp=dst-jpg_e35_tt6&_nc_cat=106&ig_cache_key=Mzk2ODI0NTY3NDgyMDQ2MDk5NA%3D%3D.3-ccb7-5&ccb=7-5&_nc_sid=58cdad&efg=eyJ2ZW5jb2RlX3RhZyI6IkZFRUQueHBpZHMuMTM1MC5zZHIucmVndWxhcl9waG90by5DMyJ9&_nc_ohc=CfekLFktTToQ7kNvwFInO6-&_nc_oc=AdqU-mUpw73I1gOmB2jPCbwBMJ35wGvMjiqL5LT6vzmPupetJSf0nCFX3FeJAbSpCOQ&_nc_zt=23&_nc_ht=instagram.fnap2-1.fna&_nc_gid=MK_c-lo_uxbgEoDoQI3KzQ&_nc_ss=72a8c&oh=00_AQGfIDhcjGDqnrpsVzqW_vWf7fTrLLA9rhDmLixUiAev1w&oe=6A91EB4D,https://www.instagram.com/p/DcSCmqlJ2HC/
Supermercado São Pedro,Carnes / Bovina,Costela Suína kg,22.99,21/08/2026,https://instagram.fvit1-1.fna.fbcdn.net/v/t51.82787-15/780840877_18194460187382122_8037755132885706798_n.jpg?stp=dst-jpg_e35_tt6&_nc_cat=101&ig_cache_key=Mzk2ODYwOTg5NjU5MjY4NjA3MQ%3D%3D.3-ccb7-5&ccb=7-5&_nc_sid=58cdad&efg=eyJ2ZW5jb2RlX3RhZyI6IkNBUk9VU0VMX0lURU0ueHBpZHMuMjE2MS5zZHIucmVndWxhcl9waG90by5DMyJ9&_nc_ohc=1-xpatiGO1AQ7kNvwE0UC37&_nc_oc=AdrcYLj9HY6eoeNXLCubgKcfK_2PAGqYpDNPn6kDCFDn_jaIxYa7Drqw2So-DsY4OOQ&_nc_zt=23&_nc_ht=instagram.fvit1-1.fna&_nc_gid=D22syVg1HEJfFw9WayW2SA&_nc_ss=72689&oh=00_AQGQsXG9gCL7LziVIJWAZf-4SYfchihln5dPa2EYw6lmig&oe=6A9209E5,https://www.instagram.com/p/DcTVeacG11v/
Supermercado São Pedro,Carnes / Bovina,Acém Bovino com Osso kg,23.48,19/08/2026,https://scontent-yyz1-1.cdninstagram.com/v/t51.82787-15/778291214_18194241574382122_3433867418972637996_n.jpg?stp=dst-jpg_e35_tt6&_nc_cat=111&ig_cache_key=Mzk2NzE2MDMzNDgyOTE0NTAzOQ%3D%3D.3-ccb7-5&ccb=7-5&_nc_sid=58cdad&efg=eyJ2ZW5jb2RlX3RhZyI6IkZFRUQueHBpZHMuMzI0OC5zZHIucmVndWxhcl9waG90by5DMyJ9&_nc_ohc=X2HbB-DzkGEQ7kNvwH_V2Kr&_nc_oc=AdoZGDQZnz1ZNtxWT_f4TrA1XWsSBwzYUcEJZn2KnzGmHkkIOK64_VURy8pq0tKwGcWEkIrmkdfp1pTDuut_37Ar&_nc_zt=23&_nc_ht=scontent-yyz1-1.cdninstagram.com&_nc_gid=-cF0hMYmYqqiER8aUs5Utg&_nc_ss=72a8c&oh=00_AQFGRVY04Wg-xE-sgNCAAJawJmU6uKFPa2oAjZroD8diwQ&oe=6A91F308,https://www.instagram.com/p/DcOL048gsvP/
Bom Jesus Primavera do Leste 🛒,Carnes / Bovina,Costela Bovina Sulbeef kg,23.99,21/08/2026,https://instagram.fhnd4-2.fna.fbcdn.net/v/t51.82787-15/782344855_18373759252237813_7320855115066332806_n.jpg?stp=dst-jpg_e35_tt6&_nc_cat=101&ig_cache_key=Mzk2ODYwMzg2MTkyMDUwNTIwMg%3D%3D.3-ccb7-5&ccb=7-5&_nc_sid=58cdad&efg=eyJ2ZW5jb2RlX3RhZyI6IkNBUk9VU0VMX0lURU0ueHBpZHMuMTA4MC5zZHIucmVndWxhcl9waG90by5DMyJ9&_nc_ohc=EXXZ6F7wf7QQ7kNvwFOdDBS&_nc_oc=AdqMOWf1nzXpFO8W-H1PyLYjDZtXp_9kyXJ7SloENIQvkirJxxmUDYU1xeA_flZ6tJV0DlIA_PT3JHOEPgeJKaC5&_nc_zt=23&_nc_ht=instagram.fhnd4-2.fna&_nc_gid=WTJWLLFJRKKk_JKC3VjF2w&_nc_ss=7c689&oh=00_AQG9Saz-Go_urbHwXkRS1igT6zK842KMwSvQaJmSm50iag&oe=6A91F96C,https://www.instagram.com/p/DcTUD7jlm8n/
Supermercado São Pedro,Carnes / Bovina,Paleta Bovina com Osso kg,24.48,19/08/2026,https://scontent-yyz1-1.cdninstagram.com/v/t51.82787-15/778291214_18194241574382122_3433867418972637996_n.jpg?stp=dst-jpg_e35_tt6&_nc_cat=111&ig_cache_key=Mzk2NzE2MDMzNDgyOTE0NTAzOQ%3D%3D.3-ccb7-5&ccb=7-5&_nc_sid=58cdad&efg=eyJ2ZW5jb2RlX3RhZyI6IkZFRUQueHBpZHMuMzI0OC5zZHIucmVndWxhcl9waG90by5DMyJ9&_nc_ohc=X2HbB-DzkGEQ7kNvwH_V2Kr&_nc_oc=AdoZGDQZnz1ZNtxWT_f4TrA1XWsSBwzYUcEJZn2KnzGmHkkIOK64_VURy8pq0tKwGcWEkIrmkdfp1pTDuut_37Ar&_nc_zt=23&_nc_ht=scontent-yyz1-1.cdninstagram.com&_nc_gid=-cF0hMYmYqqiER8aUs5Utg&_nc_ss=72a8c&oh=00_AQFGRVY04Wg-xE-sgNCAAJawJmU6uKFPa2oAjZroD8diwQ&oe=6A91F308,https://www.instagram.com/p/DcOL048gsvP/
Supermercado São Pedro,Carnes / Bovina,Costela Bovina kg,29.99,21/08/2026,https://instagram.fvit1-1.fna.fbcdn.net/v/t51.82787-15/780840877_18194460187382122_8037755132885706798_n.jpg?stp=dst-jpg_e35_tt6&_nc_cat=101&ig_cache_key=Mzk2ODYwOTg5NjU5MjY4NjA3MQ%3D%3D.3-ccb7-5&ccb=7-5&_nc_sid=58cdad&efg=eyJ2ZW5jb2RlX3RhZyI6IkNBUk9VU0VMX0lURU0ueHBpZHMuMjE2MS5zZHIucmVndWxhcl9waG90by5DMyJ9&_nc_ohc=1-xpatiGO1AQ7kNvwE0UC37&_nc_oc=AdrcYLj9HY6eoeNXLCubgKcfK_2PAGqYpDNPn6kDCFDn_jaIxYa7Drqw2So-DsY4OOQ&_nc_zt=23&_nc_ht=instagram.fvit1-1.fna&_nc_gid=D22syVg1HEJfFw9WayW2SA&_nc_ss=72689&oh=00_AQGQsXG9gCL7LziVIJWAZf-4SYfchihln5dPa2EYw6lmig&oe=6A9209E5,https://www.instagram.com/p/DcTVeacG11v/
Supermercado Bianchi,Carnes / Bovina,Costela Bovina Janelão kg,29.99,20/08/2026,https://scontent-itm1-1.cdninstagram.com/v/t39.30808-6/780324301_1656122589851472_805118641974808943_n.jpg?stp=dst-jpg_e35_tt6&_nc_cat=104&ig_cache_key=Mzk2NzU2NTMyOTI0OTYyODAzOQ%3D%3D.3-ccb7-5&ccb=7-5&_nc_sid=58cdad&efg=eyJ2ZW5jb2RlX3RhZyI6IkNBUk9VU0VMX0lURU0ueHBpZHMuMjA0OC5zZHIucmVndWxhcl9waG90by5DMyJ9&_nc_ohc=oJ9aQP3CMM4Q7kNvwEx60Up&_nc_oc=AdrZSvNAEeEJWOAGQKW8duCKLr-wpFAF57xA4ra-I-OUXwZUFb8icNCuAt75lEQvIyTApjmWsVDu_39nH0YABRGx&_nc_zt=23&_nc_ht=scontent-itm1-1.cdninstagram.com&_nc_gid=rBM0NfnbxwVVia4Hv8PLcA&_nc_ss=7c689&oh=00_AQEgMraqBo1K-kunLwF0gBzMzW8amnrJKR3TYTTFNetPKA&oe=6A91D873,https://www.instagram.com/p/DcPn6nZlD_H/
Supermercado São Pedro,Carnes / Bovina,Picanha Suína Nutribrás kg,31.49,21/08/2026,https://instagram.fvit1-1.fna.fbcdn.net/v/t51.82787-15/780840877_18194460187382122_8037755132885706798_n.jpg?stp=dst-jpg_e35_tt6&_nc_cat=101&ig_cache_key=Mzk2ODYwOTg5NjU5MjY4NjA3MQ%3D%3D.3-ccb7-5&ccb=7-5&_nc_sid=58cdad&efg=eyJ2ZW5jb2RlX3RhZyI6IkNBUk9VU0VMX0lURU0ueHBpZHMuMjE2MS5zZHIucmVndWxhcl9waG90by5DMyJ9&_nc_ohc=1-xpatiGO1AQ7kNvwE0UC37&_nc_oc=AdrcYLj9HY6eoeNXLCubgKcfK_2PAGqYpDNPn6kDCFDn_jaIxYa7Drqw2So-DsY4OOQ&_nc_zt=23&_nc_ht=instagram.fvit1-1.fna&_nc_gid=D22syVg1HEJfFw9WayW2SA&_nc_ss=72689&oh=00_AQGQsXG9gCL7LziVIJWAZf-4SYfchihln5dPa2EYw6lmig&oe=6A9209E5,https://www.instagram.com/p/DcTVeacG11v/
Bom Jesus Primavera do Leste 🛒,Carnes / Bovina,Capa de Contra Filé Sulbeef kg,32.99,21/08/2026,https://instagram.fhnd4-2.fna.fbcdn.net/v/t51.82787-15/782344855_18373759252237813_7320855115066332806_n.jpg?stp=dst-jpg_e35_tt6&_nc_cat=101&ig_cache_key=Mzk2ODYwMzg2MTkyMDUwNTIwMg%3D%3D.3-ccb7-5&ccb=7-5&_nc_sid=58cdad&efg=eyJ2ZW5jb2RlX3RhZyI6IkNBUk9VU0VMX0lURU0ueHBpZHMuMTA4MC5zZHIucmVndWxhcl9waG90by5DMyJ9&_nc_ohc=EXXZ6F7wf7QQ7kNvwFOdDBS&_nc_oc=AdqMOWf1nzXpFO8W-H1PyLYjDZtXp_9kyXJ7SloENIQvkirJxxmUDYU1xeA_flZ6tJV0DlIA_PT3JHOEPgeJKaC5&_nc_zt=23&_nc_ht=instagram.fhnd4-2.fna&_nc_gid=WTJWLLFJRKKk_JKC3VjF2w&_nc_ss=7c689&oh=00_AQG9Saz-Go_urbHwXkRS1igT6zK842KMwSvQaJmSm50iag&oe=6A91F96C,https://www.instagram.com/p/DcTUD7jlm8n/
Mercado Talismã,Carnes / Bovina,Bisteca de Contra Filé kg,33.99,23/08/2026,https://instagram.fbre4-1.fna.fbcdn.net/v/t51.82787-15/784428408_18093165719531849_770231522003913391_n.jpg?stp=dst-jpg_e35_tt6&_nc_cat=110&ig_cache_key=Mzk3MDAyODMzNTQzMzkzNjEwMg%3D%3D.3-ccb7-5&ccb=7-5&_nc_sid=58cdad&efg=eyJ2ZW5jb2RlX3RhZyI6IkNBUk9VU0VMX0lURU0ueHBpZHMuMTI1NC5zZHIucmVndWxhcl9waG90by5DMyJ9&_nc_ohc=kEW8qz6ERa4Q7kNvwEgRS5y&_nc_oc=AdqZoF-mq3R_PVoHBorkI3vwwSD7bCH2w5e7lr0UmWh7hVR1eLD0BYEIV83NdzfFEEY&_nc_zt=23&_nc_ht=instagram.fbre4-1.fna&_nc_gid=SDhzOq7w6dnYTxbVXpaj5A&_nc_ss=7c689&oh=00_AQEqnhUeBfg_okP1vqztWpiSB26I_fO0_o44RJ0lkZcYwQ&oe=6A91F000,https://www.instagram.com/p/DcYX8qUEXk2/
Supermercado São Pedro,Carnes / Bovina,Bisteca Bovina kg,34.99,21/08/2026,https://instagram.fvit1-1.fna.fbcdn.net/v/t51.82787-15/780840877_18194460187382122_8037755132885706798_n.jpg?stp=dst-jpg_e35_tt6&_nc_cat=101&ig_cache_key=Mzk2ODYwOTg5NjU5MjY4NjA3MQ%3D%3D.3-ccb7-5&ccb=7-5&_nc_sid=58cdad&efg=eyJ2ZW5jb2RlX3RhZyI6IkNBUk9VU0VMX0lURU0ueHBpZHMuMjE2MS5zZHIucmVndWxhcl9waG90by5DMyJ9&_nc_ohc=1-xpatiGO1AQ7kNvwE0UC37&_nc_oc=AdrcYLj9HY6eoeNXLCubgKcfK_2PAGqYpDNPn6kDCFDn_jaIxYa7Drqw2So-DsY4OOQ&_nc_zt=23&_nc_ht=instagram.fvit1-1.fna&_nc_gid=D22syVg1HEJfFw9WayW2SA&_nc_ss=72689&oh=00_AQGQsXG9gCL7LziVIJWAZf-4SYfchihln5dPa2EYw6lmig&oe=6A9209E5,https://www.instagram.com/p/DcTVeacG11v/
SUPERMERCADO PARANAENSE,Carnes / Bovina,Capa de Contra Filé kg,34.99,21/08/2026,https://instagram.fnap2-1.fna.fbcdn.net/v/t51.82787-15/782639788_17906516796496981_1020296803527373493_n.jpg?stp=dst-jpg_e35_tt6&_nc_cat=106&ig_cache_key=Mzk2ODI0NTY3NDgyMDQ2MDk5NA%3D%3D.3-ccb7-5&ccb=7-5&_nc_sid=58cdad&efg=eyJ2ZW5jb2RlX3RhZyI6IkZFRUQueHBpZHMuMTM1MC5zZHIucmVndWxhcl9waG90by5DMyJ9&_nc_ohc=CfekLFktTToQ7kNvwFInO6-&_nc_oc=AdqU-mUpw73I1gOmB2jPCbwBMJ35wGvMjiqL5LT6vzmPupetJSf0nCFX3FeJAbSpCOQ&_nc_zt=23&_nc_ht=instagram.fnap2-1.fna&_nc_gid=MK_c-lo_uxbgEoDoQI3KzQ&_nc_ss=72a8c&oh=00_AQGfIDhcjGDqnrpsVzqW_vWf7fTrLLA9rhDmLixUiAev1w&oe=6A91EB4D,https://www.instagram.com/p/DcSCmqlJ2HC/
Bom Jesus Primavera do Leste 🛒,Carnes / Bovina,Coxão Duro Sulbeef kg,35.99,19/08/2026,https://instagram.fmty1-1.fna.fbcdn.net/v/t51.82787-15/780126962_18373430935237813_4383865968075296016_n.jpg?stp=dst-jpg_e35_tt6&_nc_cat=101&_nc_map=urlgen_bucketless&ig_cache_key=Mzk2NzEyNzIwMjIzMDk1MTAxNg%3D%3D.3-ccb7-5&ccb=7-5&_nc_sid=58cdad&efg=eyJ2ZW5jb2RlX3RhZyI6IkNBUk9VU0VMX0lURU0ueHBpZHMuMTA4MC5zZHIucmVndWxhcl9waG90by5DMiJ9&_nc_ohc=7_n-bAwZABYQ7kNvwHX4y_3&_nc_oc=Adpype0lnjW46J2VCr7rNlLgEAU4CPgK1m-xM0dwND4iARB7q-w-C3NYA9mDezUwjlw&_nc_zt=23&_nc_ht=instagram.fmty1-1.fna&_nc_gid=-JGxwhhxyTUrzn4i3BszXg&_nc_ss=72a8c&oh=00_AQHWcIqYD8fmENaMR1pXLhjL-blYE_8eq5WF0Uw3iYRjVA&oe=6A91E4C4,https://www.instagram.com/p/DcOEUjnloMb/
Mercado Talismã,Carnes / Bovina,Coxão Duro Bovino kg,35.99,23/08/2026,https://instagram.fbre4-1.fna.fbcdn.net/v/t51.82787-15/784428408_18093165719531849_770231522003913391_n.jpg?stp=dst-jpg_e35_tt6&_nc_cat=110&ig_cache_key=Mzk3MDAyODMzNTQzMzkzNjEwMg%3D%3D.3-ccb7-5&ccb=7-5&_nc_sid=58cdad&efg=eyJ2ZW5jb2RlX3RhZyI6IkNBUk9VU0VMX0lURU0ueHBpZHMuMTI1NC5zZHIucmVndWxhcl9waG90by5DMyJ9&_nc_ohc=kEW8qz6ERa4Q7kNvwEgRS5y&_nc_oc=AdqZoF-mq3R_PVoHBorkI3vwwSD7bCH2w5e7lr0UmWh7hVR1eLD0BYEIV83NdzfFEEY&_nc_zt=23&_nc_ht=instagram.fbre4-1.fna&_nc_gid=SDhzOq7w6dnYTxbVXpaj5A&_nc_ss=7c689&oh=00_AQEqnhUeBfg_okP1vqztWpiSB26I_fO0_o44RJ0lkZcYwQ&oe=6A91F000,https://www.instagram.com/p/DcYX8qUEXk2/
Supermercado São Pedro,Carnes / Bovina,Corte Grill Bovino kg,36.99,21/08/2026,https://instagram.fvit1-1.fna.fbcdn.net/v/t51.82787-15/780840877_18194460187382122_8037755132885706798_n.jpg?stp=dst-jpg_e35_tt6&_nc_cat=101&ig_cache_key=Mzk2ODYwOTg5NjU5MjY4NjA3MQ%3D%3D.3-ccb7-5&ccb=7-5&_nc_sid=58cdad&efg=eyJ2ZW5jb2RlX3RhZyI6IkNBUk9VU0VMX0lURU0ueHBpZHMuMjE2MS5zZHIucmVndWxhcl9waG90by5DMyJ9&_nc_ohc=1-xpatiGO1AQ7kNvwE0UC37&_nc_oc=AdrcYLj9HY6eoeNXLCubgKcfK_2PAGqYpDNPn6kDCFDn_jaIxYa7Drqw2So-DsY4OOQ&_nc_zt=23&_nc_ht=instagram.fvit1-1.fna&_nc_gid=D22syVg1HEJfFw9WayW2SA&_nc_ss=72689&oh=00_AQGQsXG9gCL7LziVIJWAZf-4SYfchihln5dPa2EYw6lmig&oe=6A9209E5,https://www.instagram.com/p/DcTVeacG11v/
Mercado Talismã,Carnes / Bovina,Capa de Contra Filé kg,37.99,23/08/2026,https://instagram.fbre4-1.fna.fbcdn.net/v/t51.82787-15/784428408_18093165719531849_770231522003913391_n.jpg?stp=dst-jpg_e35_tt6&_nc_cat=110&ig_cache_key=Mzk3MDAyODMzNTQzMzkzNjEwMg%3D%3D.3-ccb7-5&ccb=7-5&_nc_sid=58cdad&efg=eyJ2ZW5jb2RlX3RhZyI6IkNBUk9VU0VMX0lURU0ueHBpZHMuMTI1NC5zZHIucmVndWxhcl9waG90by5DMyJ9&_nc_ohc=kEW8qz6ERa4Q7kNvwEgRS5y&_nc_oc=AdqZoF-mq3R_PVoHBorkI3vwwSD7bCH2w5e7lr0UmWh7hVR1eLD0BYEIV83NdzfFEEY&_nc_zt=23&_nc_ht=instagram.fbre4-1.fna&_nc_gid=SDhzOq7w6dnYTxbVXpaj5A&_nc_ss=7c689&oh=00_AQEqnhUeBfg_okP1vqztWpiSB26I_fO0_o44RJ0lkZcYwQ&oe=6A91F000,https://www.instagram.com/p/DcYX8qUEXk2/
Super Compras Supermercado,Carnes / Bovina,Coxão Duro Bovino kg,39.99,20/08/2026,https://scontent-gru1-2.cdninstagram.com/v/t51.82787-15/775027665_18191945224391764_8081345465351211337_n.jpg?stp=dst-jpg_e35_tt6&_nc_cat=103&ig_cache_key=Mzk2NzQ4OTc2ODM5MzY0MjE0Ng%3D%3D.3-ccb7-5&ccb=7-5&_nc_sid=58cdad&efg=eyJ2ZW5jb2RlX3RhZyI6IkZFRUQueHBpZHMuMTQ0MC5zZHIucmVndWxhcl9waG90by5DMyJ9&_nc_ohc=PQ4k9iUSmG0Q7kNvwGyBUgl&_nc_oc=AdrwmW1cvXb4uufRR_gwpbI3kiziS6VpjdvaRWR7b7Kntn_0RtqpkuHqAD4is5tKKIw&_nc_zt=23&_nc_ht=scontent-gru1-2.cdninstagram.com&_nc_gid=6_6aZ24msfQWOiJfpVqTGw&_nc_ss=7c689&oh=00_AQEqw1AcYYSi18OpSNKw4Ex9Gq5ctoOGl_tdm3dKBYzxxw&oe=6A91D5D0,https://www.instagram.com/p/DcPWux3GZCi/
Bom Jesus Primavera do Leste 🛒,Carnes / Bovina,Capa Contra Filé Bovina kg,39.99,19/08/2026,https://scontent-mxp1-1.cdninstagram.com/v/t51.82787-15/777447580_18373520875237813_4940623986181555568_n.jpg?stp=dst-jpg_e15_tt6&_nc_cat=102&ig_cache_key=Mzk2NzM5MjE0MDk4NzU2MzAyODE4MzczNTIwODcyMjM3ODEz.3-ccb7-5&ccb=7-5&_nc_sid=58cdad&efg=eyJ2ZW5jb2RlX3RhZyI6IkNMSVBTLnhwaWRzLjcyMC5zZHIudmlkZW9fZGVmYXVsdF9jb3Zlcl9mcmFtZS5DMyJ9&_nc_ohc=1LuH2KlEOIUQ7kNvwHO_ysZ&_nc_oc=AdqZ2cfl83ntPfDtMYzhKawi3DxYOTRWsbGYXGlqD2MTL0ZsejS2_P8OS6GwS0nbamo&_nc_zt=23&_nc_ht=scontent-mxp1-1.cdninstagram.com&_nc_gid=uPyp1oBKSdCnrRWQHkGdMA&_nc_ss=72a8c&oh=00_AQHZk0UJfwcLEALz-Bg2aTdCdO6sAWu3kBIaIcrHa_bCIA&oe=6A9208C3,https://www.instagram.com/p/DcPAiHQPXwU/
SUPERMERCADO PARANAENSE,Carnes / Bovina,Coxão Mole kg,39.99,21/08/2026,https://instagram.fnap2-1.fna.fbcdn.net/v/t51.82787-15/782639788_17906516796496981_1020296803527373493_n.jpg?stp=dst-jpg_e35_tt6&_nc_cat=106&ig_cache_key=Mzk2ODI0NTY3NDgyMDQ2MDk5NA%3D%3D.3-ccb7-5&ccb=7-5&_nc_sid=58cdad&efg=eyJ2ZW5jb2RlX3RhZyI6IkZFRUQueHBpZHMuMTM1MC5zZHIucmVndWxhcl9waG90by5DMyJ9&_nc_ohc=CfekLFktTToQ7kNvwFInO6-&_nc_oc=AdqU-mUpw73I1gOmB2jPCbwBMJ35wGvMjiqL5LT6vzmPupetJSf0nCFX3FeJAbSpCOQ&_nc_zt=23&_nc_ht=instagram.fnap2-1.fna&_nc_gid=MK_c-lo_uxbgEoDoQI3KzQ&_nc_ss=72a8c&oh=00_AQGfIDhcjGDqnrpsVzqW_vWf7fTrLLA9rhDmLixUiAev1w&oe=6A91EB4D,https://www.instagram.com/p/DcSCmqlJ2HC/
SUPERMERCADO PARANAENSE,Carnes / Bovina,Patinho Bovino kg,40.99,21/08/2026,https://instagram.fnap2-1.fna.fbcdn.net/v/t51.82787-15/782639788_17906516796496981_1020296803527373493_n.jpg?stp=dst-jpg_e35_tt6&_nc_cat=106&ig_cache_key=Mzk2ODI0NTY3NDgyMDQ2MDk5NA%3D%3D.3-ccb7-5&ccb=7-5&_nc_sid=58cdad&efg=eyJ2ZW5jb2RlX3RhZyI6IkZFRUQueHBpZHMuMTM1MC5zZHIucmVndWxhcl9waG90by5DMyJ9&_nc_ohc=CfekLFktTToQ7kNvwFInO6-&_nc_oc=AdqU-mUpw73I1gOmB2jPCbwBMJ35wGvMjiqL5LT6vzmPupetJSf0nCFX3FeJAbSpCOQ&_nc_zt=23&_nc_ht=instagram.fnap2-1.fna&_nc_gid=MK_c-lo_uxbgEoDoQI3KzQ&_nc_ss=72a8c&oh=00_AQGfIDhcjGDqnrpsVzqW_vWf7fTrLLA9rhDmLixUiAev1w&oe=6A91EB4D,https://www.instagram.com/p/DcSCmqlJ2HC/
Bom Jesus Primavera do Leste 🛒,Carnes / Bovina,Paleta Bovina kg,41.99,19/08/2026,https://scontent-mxp1-1.cdninstagram.com/v/t51.82787-15/777447580_18373520875237813_4940623986181555568_n.jpg?stp=dst-jpg_e15_tt6&_nc_cat=102&ig_cache_key=Mzk2NzM5MjE0MDk4NzU2MzAyODE4MzczNTIwODcyMjM3ODEz.3-ccb7-5&ccb=7-5&_nc_sid=58cdad&efg=eyJ2ZW5jb2RlX3RhZyI6IkNMSVBTLnhwaWRzLjcyMC5zZHIudmlkZW9fZGVmYXVsdF9jb3Zlcl9mcmFtZS5DMyJ9&_nc_ohc=1LuH2KlEOIUQ7kNvwHO_ysZ&_nc_oc=AdqZ2cfl83ntPfDtMYzhKawi3DxYOTRWsbGYXGlqD2MTL0ZsejS2_P8OS6GwS0nbamo&_nc_zt=23&_nc_ht=scontent-mxp1-1.cdninstagram.com&_nc_gid=uPyp1oBKSdCnrRWQHkGdMA&_nc_ss=72a8c&oh=00_AQHZk0UJfwcLEALz-Bg2aTdCdO6sAWu3kBIaIcrHa_bCIA&oe=6A9208C3,https://www.instagram.com/p/DcPAiHQPXwU/
Supermercado São Pedro,Carnes / Bovina,Coxão Duro Bovino kg,42.98,19/08/2026,https://scontent-yyz1-1.cdninstagram.com/v/t51.82787-15/778291214_18194241574382122_3433867418972637996_n.jpg?stp=dst-jpg_e35_tt6&_nc_cat=111&ig_cache_key=Mzk2NzE2MDMzNDgyOTE0NTAzOQ%3D%3D.3-ccb7-5&ccb=7-5&_nc_sid=58cdad&efg=eyJ2ZW5jb2RlX3RhZyI6IkZFRUQueHBpZHMuMzI0OC5zZHIucmVndWxhcl9waG90by5DMyJ9&_nc_ohc=X2HbB-DzkGEQ7kNvwH_V2Kr&_nc_oc=AdoZGDQZnz1ZNtxWT_f4TrA1XWsSBwzYUcEJZn2KnzGmHkkIOK64_VURy8pq0tKwGcWEkIrmkdfp1pTDuut_37Ar&_nc_zt=23&_nc_ht=scontent-yyz1-1.cdninstagram.com&_nc_gid=-cF0hMYmYqqiER8aUs5Utg&_nc_ss=72a8c&oh=00_AQFGRVY04Wg-xE-sgNCAAJawJmU6uKFPa2oAjZroD8diwQ&oe=6A91F308,https://www.instagram.com/p/DcOL048gsvP/
Super Compras Supermercado,Carnes / Bovina,Fraldinha Bovina kg,42.99,22/08/2026,https://instagram.fhnd4-2.fna.fbcdn.net/v/t51.82787-15/781425562_18192143110391764_1116124836587707156_n.jpg?stp=dst-jpg_e35_tt6&_nc_cat=103&ig_cache_key=Mzk2ODk1MTQ4MDU4NDU2NzM5OQ%3D%3D.3-ccb7-5&ccb=7-5&_nc_sid=58cdad&efg=eyJ2ZW5jb2RlX3RhZyI6IkZFRUQueHBpZHMuMTQ0MC5zZHIucmVndWxhcl9waG90by5DMyJ9&_nc_ohc=FnigSYXdvhUQ7kNvwGXzknp&_nc_oc=Adps55DoKyqmrWdWQUTA7FYDHhwuGX5ODLDyh8zgmtqOKIUTt5g2BLPDmUgP7m66ncgYpvQuBS5XgB_kdc55Ke0F&_nc_zt=23&_nc_ht=instagram.fhnd4-2.fna&_nc_gid=v_FwtKEs20pddOedUtX__A&_nc_ss=7da8c&oh=00_AQGsR9bBGsAC7MHFTtBjjgEzYgQpiipyoaBw-VB2zTcdEA&oe=6A91DD60,https://www.instagram.com/p/DcUjFfbAPpn/
Bom Jesus Primavera do Leste 🛒,Carnes / Bovina,Coxão Mole Sulbeef kg,43.99,19/08/2026,https://instagram.fmty1-1.fna.fbcdn.net/v/t51.82787-15/780126962_18373430935237813_4383865968075296016_n.jpg?stp=dst-jpg_e35_tt6&_nc_cat=101&_nc_map=urlgen_bucketless&ig_cache_key=Mzk2NzEyNzIwMjIzMDk1MTAxNg%3D%3D.3-ccb7-5&ccb=7-5&_nc_sid=58cdad&efg=eyJ2ZW5jb2RlX3RhZyI6IkNBUk9VU0VMX0lURU0ueHBpZHMuMTA4MC5zZHIucmVndWxhcl9waG90by5DMiJ9&_nc_ohc=7_n-bAwZABYQ7kNvwHX4y_3&_nc_oc=Adpype0lnjW46J2VCr7rNlLgEAU4CPgK1m-xM0dwND4iARB7q-w-C3NYA9mDezUwjlw&_nc_zt=23&_nc_ht=instagram.fmty1-1.fna&_nc_gid=-JGxwhhxyTUrzn4i3BszXg&_nc_ss=72a8c&oh=00_AQHWcIqYD8fmENaMR1pXLhjL-blYE_8eq5WF0Uw3iYRjVA&oe=6A91E4C4,https://www.instagram.com/p/DcOEUjnloMb/
Supermercado São Pedro,Carnes / Bovina,Cupim Bovino kg,44.99,21/08/2026,https://instagram.fvit1-1.fna.fbcdn.net/v/t51.82787-15/780840877_18194460187382122_8037755132885706798_n.jpg?stp=dst-jpg_e35_tt6&_nc_cat=101&ig_cache_key=Mzk2ODYwOTg5NjU5MjY4NjA3MQ%3D%3D.3-ccb7-5&ccb=7-5&_nc_sid=58cdad&efg=eyJ2ZW5jb2RlX3RhZyI6IkNBUk9VU0VMX0lURU0ueHBpZHMuMjE2MS5zZHIucmVndWxhcl9waG90by5DMyJ9&_nc_ohc=1-xpatiGO1AQ7kNvwE0UC37&_nc_oc=AdrcYLj9HY6eoeNXLCubgKcfK_2PAGqYpDNPn6kDCFDn_jaIxYa7Drqw2So-DsY4OOQ&_nc_zt=23&_nc_ht=instagram.fvit1-1.fna&_nc_gid=D22syVg1HEJfFw9WayW2SA&_nc_ss=72689&oh=00_AQGQsXG9gCL7LziVIJWAZf-4SYfchihln5dPa2EYw6lmig&oe=6A9209E5,https://www.instagram.com/p/DcTVeacG11v/
Super Compras Supermercado,Carnes / Bovina,Maminha Bovina kg,44.99,22/08/2026,https://instagram.fhnd4-2.fna.fbcdn.net/v/t51.82787-15/781425562_18192143110391764_1116124836587707156_n.jpg?stp=dst-jpg_e35_tt6&_nc_cat=103&ig_cache_key=Mzk2ODk1MTQ4MDU4NDU2NzM5OQ%3D%3D.3-ccb7-5&ccb=7-5&_nc_sid=58cdad&efg=eyJ2ZW5jb2RlX3RhZyI6IkZFRUQueHBpZHMuMTQ0MC5zZHIucmVndWxhcl9waG90by5DMyJ9&_nc_ohc=FnigSYXdvhUQ7kNvwGXzknp&_nc_oc=Adps55DoKyqmrWdWQUTA7FYDHhwuGX5ODLDyh8zgmtqOKIUTt5g2BLPDmUgP7m66ncgYpvQuBS5XgB_kdc55Ke0F&_nc_zt=23&_nc_ht=instagram.fhnd4-2.fna&_nc_gid=v_FwtKEs20pddOedUtX__A&_nc_ss=7da8c&oh=00_AQGsR9bBGsAC7MHFTtBjjgEzYgQpiipyoaBw-VB2zTcdEA&oe=6A91DD60,https://www.instagram.com/p/DcUjFfbAPpn/
Bom Jesus Primavera do Leste 🛒,Carnes / Bovina,Fraldinha Bovina kg,44.99,19/08/2026,https://scontent-mxp1-1.cdninstagram.com/v/t51.82787-15/777447580_18373520875237813_4940623986181555568_n.jpg?stp=dst-jpg_e15_tt6&_nc_cat=102&ig_cache_key=Mzk2NzM5MjE0MDk4NzU2MzAyODE4MzczNTIwODcyMjM3ODEz.3-ccb7-5&ccb=7-5&_nc_sid=58cdad&efg=eyJ2ZW5jb2RlX3RhZyI6IkNMSVBTLnhwaWRzLjcyMC5zZHIudmlkZW9fZGVmYXVsdF9jb3Zlcl9mcmFtZS5DMyJ9&_nc_ohc=1LuH2KlEOIUQ7kNvwHO_ysZ&_nc_oc=AdqZ2cfl83ntPfDtMYzhKawi3DxYOTRWsbGYXGlqD2MTL0ZsejS2_P8OS6GwS0nbamo&_nc_zt=23&_nc_ht=scontent-mxp1-1.cdninstagram.com&_nc_gid=uPyp1oBKSdCnrRWQHkGdMA&_nc_ss=72a8c&oh=00_AQHZk0UJfwcLEALz-Bg2aTdCdO6sAWu3kBIaIcrHa_bCIA&oe=6A9208C3,https://www.instagram.com/p/DcPAiHQPXwU/
Mercado Talismã,Carnes / Bovina,Maminha Bovina kg,44.99,23/08/2026,https://instagram.fbre4-1.fna.fbcdn.net/v/t51.82787-15/784428408_18093165719531849_770231522003913391_n.jpg?stp=dst-jpg_e35_tt6&_nc_cat=110&ig_cache_key=Mzk3MDAyODMzNTQzMzkzNjEwMg%3D%3D.3-ccb7-5&ccb=7-5&_nc_sid=58cdad&efg=eyJ2ZW5jb2RlX3RhZyI6IkNBUk9VU0VMX0lURU0ueHBpZHMuMTI1NC5zZHIucmVndWxhcl9waG90by5DMyJ9&_nc_ohc=kEW8qz6ERa4Q7kNvwEgRS5y&_nc_oc=AdqZoF-mq3R_PVoHBorkI3vwwSD7bCH2w5e7lr0UmWh7hVR1eLD0BYEIV83NdzfFEEY&_nc_zt=23&_nc_ht=instagram.fbre4-1.fna&_nc_gid=SDhzOq7w6dnYTxbVXpaj5A&_nc_ss=7c689&oh=00_AQEqnhUeBfg_okP1vqztWpiSB26I_fO0_o44RJ0lkZcYwQ&oe=6A91F000,https://www.instagram.com/p/DcYX8qUEXk2/
Supermercado São Pedro,Carnes / Bovina,Coxão Mole Bovino kg,46.98,19/08/2026,https://scontent-yyz1-1.cdninstagram.com/v/t51.82787-15/778291214_18194241574382122_3433867418972637996_n.jpg?stp=dst-jpg_e35_tt6&_nc_cat=111&ig_cache_key=Mzk2NzE2MDMzNDgyOTE0NTAzOQ%3D%3D.3-ccb7-5&ccb=7-5&_nc_sid=58cdad&efg=eyJ2ZW5jb2RlX3RhZyI6IkZFRUQueHBpZHMuMzI0OC5zZHIucmVndWxhcl9waG90by5DMyJ9&_nc_ohc=X2HbB-DzkGEQ7kNvwH_V2Kr&_nc_oc=AdoZGDQZnz1ZNtxWT_f4TrA1XWsSBwzYUcEJZn2KnzGmHkkIOK64_VURy8pq0tKwGcWEkIrmkdfp1pTDuut_37Ar&_nc_zt=23&_nc_ht=scontent-yyz1-1.cdninstagram.com&_nc_gid=-cF0hMYmYqqiER8aUs5Utg&_nc_ss=72a8c&oh=00_AQFGRVY04Wg-xE-sgNCAAJawJmU6uKFPa2oAjZroD8diwQ&oe=6A91F308,https://www.instagram.com/p/DcOL048gsvP/
Supermercado São Pedro,Carnes / Bovina,Bananinha Boi Branco kg,46.99,21/08/2026,https://instagram.fvit1-1.fna.fbcdn.net/v/t51.82787-15/780840877_18194460187382122_8037755132885706798_n.jpg?stp=dst-jpg_e35_tt6&_nc_cat=101&ig_cache_key=Mzk2ODYwOTg5NjU5MjY4NjA3MQ%3D%3D.3-ccb7-5&ccb=7-5&_nc_sid=58cdad&efg=eyJ2ZW5jb2RlX3RhZyI6IkNBUk9VU0VMX0lURU0ueHBpZHMuMjE2MS5zZHIucmVndWxhcl9waG90by5DMyJ9&_nc_ohc=1-xpatiGO1AQ7kNvwE0UC37&_nc_oc=AdrcYLj9HY6eoeNXLCubgKcfK_2PAGqYpDNPn6kDCFDn_jaIxYa7Drqw2So-DsY4OOQ&_nc_zt=23&_nc_ht=instagram.fvit1-1.fna&_nc_gid=D22syVg1HEJfFw9WayW2SA&_nc_ss=72689&oh=00_AQGQsXG9gCL7LziVIJWAZf-4SYfchihln5dPa2EYw6lmig&oe=6A9209E5,https://www.instagram.com/p/DcTVeacG11v/
Super Compras Supermercado,Carnes / Bovina,Alcatra Bovina kg,47.99,22/08/2026,https://instagram.fhnd4-2.fna.fbcdn.net/v/t51.82787-15/781425562_18192143110391764_1116124836587707156_n.jpg?stp=dst-jpg_e35_tt6&_nc_cat=103&ig_cache_key=Mzk2ODk1MTQ4MDU4NDU2NzM5OQ%3D%3D.3-ccb7-5&ccb=7-5&_nc_sid=58cdad&efg=eyJ2ZW5jb2RlX3RhZyI6IkZFRUQueHBpZHMuMTQ0MC5zZHIucmVndWxhcl9waG90by5DMyJ9&_nc_ohc=FnigSYXdvhUQ7kNvwGXzknp&_nc_oc=Adps55DoKyqmrWdWQUTA7FYDHhwuGX5ODLDyh8zgmtqOKIUTt5g2BLPDmUgP7m66ncgYpvQuBS5XgB_kdc55Ke0F&_nc_zt=23&_nc_ht=instagram.fhnd4-2.fna&_nc_gid=v_FwtKEs20pddOedUtX__A&_nc_ss=7da8c&oh=00_AQGsR9bBGsAC7MHFTtBjjgEzYgQpiipyoaBw-VB2zTcdEA&oe=6A91DD60,https://www.instagram.com/p/DcUjFfbAPpn/
Supermercado São Pedro,Carnes / Bovina,Maminha Friboi kg,49.99,21/08/2026,https://instagram.fvit1-1.fna.fbcdn.net/v/t51.82787-15/780840877_18194460187382122_8037755132885706798_n.jpg?stp=dst-jpg_e35_tt6&_nc_cat=101&ig_cache_key=Mzk2ODYwOTg5NjU5MjY4NjA3MQ%3D%3D.3-ccb7-5&ccb=7-5&_nc_sid=58cdad&efg=eyJ2ZW5jb2RlX3RhZyI6IkNBUk9VU0VMX0lURU0ueHBpZHMuMjE2MS5zZHIucmVndWxhcl9waG90by5DMyJ9&_nc_ohc=1-xpatiGO1AQ7kNvwE0UC37&_nc_oc=AdrcYLj9HY6eoeNXLCubgKcfK_2PAGqYpDNPn6kDCFDn_jaIxYa7Drqw2So-DsY4OOQ&_nc_zt=23&_nc_ht=instagram.fvit1-1.fna&_nc_gid=D22syVg1HEJfFw9WayW2SA&_nc_ss=72689&oh=00_AQGQsXG9gCL7LziVIJWAZf-4SYfchihln5dPa2EYw6lmig&oe=6A9209E5,https://www.instagram.com/p/DcTVeacG11v/
Machadão Atacadista,Carnes / Peixes,Sardinha Coqueiro 125g,5.49,20/08/2026,https://scontent-waw2-2.cdninstagram.com/v/t39.30808-6/775548688_1353980203488604_1662033817259096349_n.jpg?stp=dst-jpg_e35_tt6&_nc_cat=101&ig_cache_key=Mzk2NzUxNDUxMzI1OTY2NjE4NQ%3D%3D.3-ccb7-5&ccb=7-5&_nc_sid=58cdad&efg=eyJ2ZW5jb2RlX3RhZyI6IkNBUk9VU0VMX0lURU0ueHBpZHMuMTYzOC5zZHIucmVndWxhcl9waG90by5DMyJ9&_nc_ohc=P5B5cPwUwBEQ7kNvwFyJmX7&_nc_oc=AdoKBGmeIB0nx7S-jsG_PsN_PbfrbUj5RPaLrFf4jC-7vOoBuXM9EYfFXabIEzeKpi1YPCJ8UwP7caKpHkb5OEbG&_nc_zt=23&_nc_ht=scontent-waw2-2.cdninstagram.com&_nc_gid=TCTohav7JJwegkku5UEH4A&_nc_ss=7d689&oh=00_AQEGO_LrZLYrfb7LzlS_GoanDcaczhh-FNaaJRwE8-oRcw&oe=6A9201CF,https://www.instagram.com/p/DcPcXJfjBzY/
Machadão Atacadista,Carnes / Peixes,Sardinha Coqueiro 125g,5.49,20/08/2026,https://scontent-waw2-2.cdninstagram.com/v/t39.30808-6/775382457_1353980220155269_2009226448122347149_n.jpg?stp=dst-jpg_e35_tt6&_nc_cat=107&ig_cache_key=Mzk2NzUxNDUxMzU3ODM5NTQ2MQ%3D%3D.3-ccb7-5&ccb=7-5&_nc_sid=58cdad&efg=eyJ2ZW5jb2RlX3RhZyI6IkNBUk9VU0VMX0lURU0ueHBpZHMuMTYzOC5zZHIucmVndWxhcl9waG90by5DMyJ9&_nc_ohc=F4QLw9fMlnsQ7kNvwGYC8oo&_nc_oc=AdpbLw7b_mZbcNteltB2DlKPNAysOOQ0WM-gkc9C8VLGoL_7dQ8pyeQvILQjxqEb5_q8Gm-UgAPL_RhxTWUNBZn1&_nc_zt=23&_nc_ht=scontent-waw2-2.cdninstagram.com&_nc_gid=TCTohav7JJwegkku5UEH4A&_nc_ss=7d689&oh=00_AQH2WMhtcN_i8S6UUDomf1yCMcXXW1poPb2DTTxJ0imEPA&oe=6A91E7DC,https://www.instagram.com/p/DcPcXJfjBzY/
SUPERMERCADO PARANAENSE,Carnes / Peixes,Peixe Tambatinga kg,24.99,21/08/2026,https://instagram.fnap2-1.fna.fbcdn.net/v/t51.82787-15/782639788_17906516796496981_1020296803527373493_n.jpg?stp=dst-jpg_e35_tt6&_nc_cat=106&ig_cache_key=Mzk2ODI0NTY3NDgyMDQ2MDk5NA%3D%3D.3-ccb7-5&ccb=7-5&_nc_sid=58cdad&efg=eyJ2ZW5jb2RlX3RhZyI6IkZFRUQueHBpZHMuMTM1MC5zZHIucmVndWxhcl9waG90by5DMyJ9&_nc_ohc=CfekLFktTToQ7kNvwFInO6-&_nc_oc=AdqU-mUpw73I1gOmB2jPCbwBMJ35wGvMjiqL5LT6vzmPupetJSf0nCFX3FeJAbSpCOQ&_nc_zt=23&_nc_ht=instagram.fnap2-1.fna&_nc_gid=MK_c-lo_uxbgEoDoQI3KzQ&_nc_ss=72a8c&oh=00_AQGfIDhcjGDqnrpsVzqW_vWf7fTrLLA9rhDmLixUiAev1w&oe=6A91EB4D,https://www.instagram.com/p/DcSCmqlJ2HC/
Supermercado São Pedro,Carnes / Peixes,Filé de Tilápia Seara 600g,31.98,19/08/2026,https://scontent-yyz1-1.cdninstagram.com/v/t51.82787-15/778291214_18194241574382122_3433867418972637996_n.jpg?stp=dst-jpg_e35_tt6&_nc_cat=111&ig_cache_key=Mzk2NzE2MDMzNDgyOTE0NTAzOQ%3D%3D.3-ccb7-5&ccb=7-5&_nc_sid=58cdad&efg=eyJ2ZW5jb2RlX3RhZyI6IkZFRUQueHBpZHMuMzI0OC5zZHIucmVndWxhcl9waG90by5DMyJ9&_nc_ohc=X2HbB-DzkGEQ7kNvwH_V2Kr&_nc_oc=AdoZGDQZnz1ZNtxWT_f4TrA1XWsSBwzYUcEJZn2KnzGmHkkIOK64_VURy8pq0tKwGcWEkIrmkdfp1pTDuut_37Ar&_nc_zt=23&_nc_ht=scontent-yyz1-1.cdninstagram.com&_nc_gid=-cF0hMYmYqqiER8aUs5Utg&_nc_ss=72a8c&oh=00_AQFGRVY04Wg-xE-sgNCAAJawJmU6uKFPa2oAjZroD8diwQ&oe=6A91F308,https://www.instagram.com/p/DcOL048gsvP/
Supermercado Bianchi,Carnes / Peixes,Filé de Tilápia Bello 800g,35.99,20/08/2026,https://scontent-cdg6-1.cdninstagram.com/v/t39.30808-6/780093492_1656123576518040_1742435548701906181_n.jpg?stp=dst-jpg_e35_tt6&_nc_cat=106&ig_cache_key=Mzk2NzU2NTg3NjgzMjc4MDUyNQ%3D%3D.3-ccb7-5&ccb=7-5&_nc_sid=58cdad&efg=eyJ2ZW5jb2RlX3RhZyI6IkNBUk9VU0VMX0lURU0ueHBpZHMuMTEyMi5zZHIucmVndWxhcl9waG90by5DMyJ9&_nc_ohc=6gerMpPWRPsQ7kNvwElyBPm&_nc_oc=Adqv2O-W6XZ0BOP8MgvZoVZI8JFrVa930YGANIi2Ydr8O-Aidp5FhqiYe6n2wUkc3tMPfqekHssRZDeG8O5a0pTI&_nc_zt=23&_nc_ht=scontent-cdg6-1.cdninstagram.com&_nc_gid=ewS_7ccC6dVM4y0FqH_MKA&_nc_ss=7c689&oh=00_AQH4QlTucTcOLFqg_3lppx8LxV47gu4oSgVLltL2Jun-Hw&oe=6A91F522,https://www.instagram.com/p/DcPoCetlHRj/
Supermercado São Pedro,Carnes / Suína e Embutidos,Mortadela Defumada Sadia 180g,5.99,21/08/2026,https://instagram.fvit1-1.fna.fbcdn.net/v/t51.82787-15/779957410_18194460196382122_4239320256883363950_n.jpg?stp=dst-jpg_e35_tt6&_nc_cat=111&ig_cache_key=Mzk2ODYwOTg5OTE2Nzk4NjAwMA%3D%3D.3-ccb7-5&ccb=7-5&_nc_sid=58cdad&efg=eyJ2ZW5jb2RlX3RhZyI6IkNBUk9VU0VMX0lURU0ueHBpZHMuMjE2MS5zZHIucmVndWxhcl9waG90by5DMyJ9&_nc_ohc=lCs7XFPuzTIQ7kNvwHMdJek&_nc_oc=Ado9YP1nN6fC5NNpGEHXRUhijLWbFCEiHGbqv2vOuaxqSnQYYjoBXL6NnIYMxPRV_xM&_nc_zt=23&_nc_ht=instagram.fvit1-1.fna&_nc_gid=D22syVg1HEJfFw9WayW2SA&_nc_ss=72689&oh=00_AQH1tVXLxB1zaLuP2t_RGnEzb4hiyeVkcr4FThOe1wIxYw&oe=6A920B01,https://www.instagram.com/p/DcTVeacG11v/
Mercado Talismã,Carnes / Suína e Embutidos,Pernil Suíno kg,8.99,23/08/2026,https://instagram.fbre4-1.fna.fbcdn.net/v/t51.82787-15/784428408_18093165719531849_770231522003913391_n.jpg?stp=dst-jpg_e35_tt6&_nc_cat=110&ig_cache_key=Mzk3MDAyODMzNTQzMzkzNjEwMg%3D%3D.3-ccb7-5&ccb=7-5&_nc_sid=58cdad&efg=eyJ2ZW5jb2RlX3RhZyI6IkNBUk9VU0VMX0lURU0ueHBpZHMuMTI1NC5zZHIucmVndWxhcl9waG90by5DMyJ9&_nc_ohc=kEW8qz6ERa4Q7kNvwEgRS5y&_nc_oc=AdqZoF-mq3R_PVoHBorkI3vwwSD7bCH2w5e7lr0UmWh7hVR1eLD0BYEIV83NdzfFEEY&_nc_zt=23&_nc_ht=instagram.fbre4-1.fna&_nc_gid=SDhzOq7w6dnYTxbVXpaj5A&_nc_ss=7c689&oh=00_AQEqnhUeBfg_okP1vqztWpiSB26I_fO0_o44RJ0lkZcYwQ&oe=6A91F000,https://www.instagram.com/p/DcYX8qUEXk2/
Supermercado São Pedro,Carnes / Suína e Embutidos,Pernil Suíno kg,9.98,19/08/2026,https://scontent-yyz1-1.cdninstagram.com/v/t51.82787-15/778291214_18194241574382122_3433867418972637996_n.jpg?stp=dst-jpg_e35_tt6&_nc_cat=111&ig_cache_key=Mzk2NzE2MDMzNDgyOTE0NTAzOQ%3D%3D.3-ccb7-5&ccb=7-5&_nc_sid=58cdad&efg=eyJ2ZW5jb2RlX3RhZyI6IkZFRUQueHBpZHMuMzI0OC5zZHIucmVndWxhcl9waG90by5DMyJ9&_nc_ohc=X2HbB-DzkGEQ7kNvwH_V2Kr&_nc_oc=AdoZGDQZnz1ZNtxWT_f4TrA1XWsSBwzYUcEJZn2KnzGmHkkIOK64_VURy8pq0tKwGcWEkIrmkdfp1pTDuut_37Ar&_nc_zt=23&_nc_ht=scontent-yyz1-1.cdninstagram.com&_nc_gid=-cF0hMYmYqqiER8aUs5Utg&_nc_ss=72a8c&oh=00_AQFGRVY04Wg-xE-sgNCAAJawJmU6uKFPa2oAjZroD8diwQ&oe=6A91F308,https://www.instagram.com/p/DcOL048gsvP/
Super Compras Supermercado,Carnes / Suína e Embutidos,Mortadela Perdigão Bolognella kg,9.99,21/08/2026,https://instagram.fxap4-1.fna.fbcdn.net/v/t51.82787-15/780140079_18192045034391764_7683991793781918786_n.jpg?stp=dst-jpg_e35_tt6&_nc_cat=103&ig_cache_key=Mzk2ODIxODA0ODc2ODI1MjE2NA%3D%3D.3-ccb7-5&ccb=7-5&_nc_sid=58cdad&efg=eyJ2ZW5jb2RlX3RhZyI6IkZFRUQueHBpZHMuMTQ0MC5zZHIucmVndWxhcl9waG90by5DMyJ9&_nc_ohc=MnWLmv7izFEQ7kNvwE-eCc-&_nc_oc=AdqKht5W2R0I8k67jI7AsuyyWWxTtRw-e9ACS9VMBWR1sIb6wTIcVZPsbh4cMYgGFw8&_nc_zt=23&_nc_ht=instagram.fxap4-1.fna&_nc_gid=VZPB67okKU0e0ifowzVMWA&_nc_ss=72a8c&oh=00_AQHczTI5i8sJva23g6egbIopSplYbu73tBW58x_YqjBIcQ&oe=6A92052E,https://www.instagram.com/p/DcR8Up0IBkE/
Bom Jesus Primavera do Leste 🛒,Carnes / Suína e Embutidos,Linguiça Calabresa Excelência 400g,10.99,21/08/2026,https://instagram.fhnd4-2.fna.fbcdn.net/v/t51.82787-15/782344855_18373759252237813_7320855115066332806_n.jpg?stp=dst-jpg_e35_tt6&_nc_cat=101&ig_cache_key=Mzk2ODYwMzg2MTkyMDUwNTIwMg%3D%3D.3-ccb7-5&ccb=7-5&_nc_sid=58cdad&efg=eyJ2ZW5jb2RlX3RhZyI6IkNBUk9VU0VMX0lURU0ueHBpZHMuMTA4MC5zZHIucmVndWxhcl9waG90by5DMyJ9&_nc_ohc=EXXZ6F7wf7QQ7kNvwFOdDBS&_nc_oc=AdqMOWf1nzXpFO8W-H1PyLYjDZtXp_9kyXJ7SloENIQvkirJxxmUDYU1xeA_flZ6tJV0DlIA_PT3JHOEPgeJKaC5&_nc_zt=23&_nc_ht=instagram.fhnd4-2.fna&_nc_gid=WTJWLLFJRKKk_JKC3VjF2w&_nc_ss=7c689&oh=00_AQG9Saz-Go_urbHwXkRS1igT6zK842KMwSvQaJmSm50iag&oe=6A91F96C,https://www.instagram.com/p/DcTUD7jlm8n/
SUPERMERCADO PARANAENSE,Carnes / Suína e Embutidos,Pernil Suíno kg,10.99,21/08/2026,https://instagram.fnap2-1.fna.fbcdn.net/v/t51.82787-15/782639788_17906516796496981_1020296803527373493_n.jpg?stp=dst-jpg_e35_tt6&_nc_cat=106&ig_cache_key=Mzk2ODI0NTY3NDgyMDQ2MDk5NA%3D%3D.3-ccb7-5&ccb=7-5&_nc_sid=58cdad&efg=eyJ2ZW5jb2RlX3RhZyI6IkZFRUQueHBpZHMuMTM1MC5zZHIucmVndWxhcl9waG90by5DMyJ9&_nc_ohc=CfekLFktTToQ7kNvwFInO6-&_nc_oc=AdqU-mUpw73I1gOmB2jPCbwBMJ35wGvMjiqL5LT6vzmPupetJSf0nCFX3FeJAbSpCOQ&_nc_zt=23&_nc_ht=instagram.fnap2-1.fna&_nc_gid=MK_c-lo_uxbgEoDoQI3KzQ&_nc_ss=72a8c&oh=00_AQGfIDhcjGDqnrpsVzqW_vWf7fTrLLA9rhDmLixUiAev1w&oe=6A91EB4D,https://www.instagram.com/p/DcSCmqlJ2HC/
SUPERMERCADO PARANAENSE,Carnes / Suína e Embutidos,Linguiça Toscana Excelência kg,14.99,21/08/2026,https://instagram.fnap2-1.fna.fbcdn.net/v/t51.82787-15/782639788_17906516796496981_1020296803527373493_n.jpg?stp=dst-jpg_e35_tt6&_nc_cat=106&ig_cache_key=Mzk2ODI0NTY3NDgyMDQ2MDk5NA%3D%3D.3-ccb7-5&ccb=7-5&_nc_sid=58cdad&efg=eyJ2ZW5jb2RlX3RhZyI6IkZFRUQueHBpZHMuMTM1MC5zZHIucmVndWxhcl9waG90by5DMyJ9&_nc_ohc=CfekLFktTToQ7kNvwFInO6-&_nc_oc=AdqU-mUpw73I1gOmB2jPCbwBMJ35wGvMjiqL5LT6vzmPupetJSf0nCFX3FeJAbSpCOQ&_nc_zt=23&_nc_ht=instagram.fnap2-1.fna&_nc_gid=MK_c-lo_uxbgEoDoQI3KzQ&_nc_ss=72a8c&oh=00_AQGfIDhcjGDqnrpsVzqW_vWf7fTrLLA9rhDmLixUiAev1w&oe=6A91EB4D,https://www.instagram.com/p/DcSCmqlJ2HC/
SUPERMERCADO PARANAENSE,Carnes / Suína e Embutidos,Linguiça Toscana Excelência kg,14.99,18/08/2026,https://instagram.fbcn15-1.fna.fbcdn.net/v/t51.82787-15/779201412_17905958076496981_6443721065028839968_n.jpg?stp=dst-jpg_e35_tt6&_nc_cat=105&ig_cache_key=Mzk2NjA3NDE1MTYyNzk1NjAwNA%3D%3D.3-ccb7-5&ccb=7-5&_nc_sid=58cdad&efg=eyJ2ZW5jb2RlX3RhZyI6IkZFRUQueHBpZHMuMTM1MC5zZHIucmVndWxhcl9waG90by5DMyJ9&_nc_ohc=X7-fGJ3cyTUQ7kNvwHAmXH2&_nc_oc=AdosRII6nQbT_reMsilTtKghiDcv4w8iF0Wcp_irQ-Nol_iq2kSoFwZVNevQClJO0WM&_nc_zt=23&_nc_ht=instagram.fbcn15-1.fna&_nc_gid=CmZwXFojirTALIXoUXMO7A&_nc_ss=72a8c&oh=00_AQFcAVSBWAC55LkMefquTT5wtKObtalwB3dNssRwn3lsRg&oe=6A91FA14,https://www.instagram.com/p/DcKU22ApJ8k/
Supermercado São Pedro,Carnes / Suína e Embutidos,Linguiça Toscana kg,15.99,21/08/2026,https://instagram.fvit1-1.fna.fbcdn.net/v/t51.82787-15/780840877_18194460187382122_8037755132885706798_n.jpg?stp=dst-jpg_e35_tt6&_nc_cat=101&ig_cache_key=Mzk2ODYwOTg5NjU5MjY4NjA3MQ%3D%3D.3-ccb7-5&ccb=7-5&_nc_sid=58cdad&efg=eyJ2ZW5jb2RlX3RhZyI6IkNBUk9VU0VMX0lURU0ueHBpZHMuMjE2MS5zZHIucmVndWxhcl9waG90by5DMyJ9&_nc_ohc=1-xpatiGO1AQ7kNvwE0UC37&_nc_oc=AdrcYLj9HY6eoeNXLCubgKcfK_2PAGqYpDNPn6kDCFDn_jaIxYa7Drqw2So-DsY4OOQ&_nc_zt=23&_nc_ht=instagram.fvit1-1.fna&_nc_gid=D22syVg1HEJfFw9WayW2SA&_nc_ss=72689&oh=00_AQGQsXG9gCL7LziVIJWAZf-4SYfchihln5dPa2EYw6lmig&oe=6A9209E5,https://www.instagram.com/p/DcTVeacG11v/
Bom Jesus Primavera do Leste 🛒,Carnes / Suína e Embutidos,Linguiça Toscana Excelência kg,15.99,21/08/2026,https://instagram.fhnd4-2.fna.fbcdn.net/v/t51.82787-15/782344855_18373759252237813_7320855115066332806_n.jpg?stp=dst-jpg_e35_tt6&_nc_cat=101&ig_cache_key=Mzk2ODYwMzg2MTkyMDUwNTIwMg%3D%3D.3-ccb7-5&ccb=7-5&_nc_sid=58cdad&efg=eyJ2ZW5jb2RlX3RhZyI6IkNBUk9VU0VMX0lURU0ueHBpZHMuMTA4MC5zZHIucmVndWxhcl9waG90by5DMyJ9&_nc_ohc=EXXZ6F7wf7QQ7kNvwFOdDBS&_nc_oc=AdqMOWf1nzXpFO8W-H1PyLYjDZtXp_9kyXJ7SloENIQvkirJxxmUDYU1xeA_flZ6tJV0DlIA_PT3JHOEPgeJKaC5&_nc_zt=23&_nc_ht=instagram.fhnd4-2.fna&_nc_gid=WTJWLLFJRKKk_JKC3VjF2w&_nc_ss=7c689&oh=00_AQG9Saz-Go_urbHwXkRS1igT6zK842KMwSvQaJmSm50iag&oe=6A91F96C,https://www.instagram.com/p/DcTUD7jlm8n/
Bom Jesus Primavera do Leste 🛒,Carnes / Suína e Embutidos,Linguiça Toscana Excelência kg,15.99,19/08/2026,https://instagram.fmty1-1.fna.fbcdn.net/v/t51.82787-15/780126962_18373430935237813_4383865968075296016_n.jpg?stp=dst-jpg_e35_tt6&_nc_cat=101&_nc_map=urlgen_bucketless&ig_cache_key=Mzk2NzEyNzIwMjIzMDk1MTAxNg%3D%3D.3-ccb7-5&ccb=7-5&_nc_sid=58cdad&efg=eyJ2ZW5jb2RlX3RhZyI6IkNBUk9VU0VMX0lURU0ueHBpZHMuMTA4MC5zZHIucmVndWxhcl9waG90by5DMiJ9&_nc_ohc=7_n-bAwZABYQ7kNvwHX4y_3&_nc_oc=Adpype0lnjW46J2VCr7rNlLgEAU4CPgK1m-xM0dwND4iARB7q-w-C3NYA9mDezUwjlw&_nc_zt=23&_nc_ht=instagram.fmty1-1.fna&_nc_gid=-JGxwhhxyTUrzn4i3BszXg&_nc_ss=72a8c&oh=00_AQHWcIqYD8fmENaMR1pXLhjL-blYE_8eq5WF0Uw3iYRjVA&oe=6A91E4C4,https://www.instagram.com/p/DcOEUjnloMb/
Mercado Talismã,Carnes / Suína e Embutidos,Linguiça Toscana Excelência kg,15.99,23/08/2026,https://instagram.fbre4-1.fna.fbcdn.net/v/t51.82787-15/784428408_18093165719531849_770231522003913391_n.jpg?stp=dst-jpg_e35_tt6&_nc_cat=110&ig_cache_key=Mzk3MDAyODMzNTQzMzkzNjEwMg%3D%3D.3-ccb7-5&ccb=7-5&_nc_sid=58cdad&efg=eyJ2ZW5jb2RlX3RhZyI6IkNBUk9VU0VMX0lURU0ueHBpZHMuMTI1NC5zZHIucmVndWxhcl9waG90by5DMyJ9&_nc_ohc=kEW8qz6ERa4Q7kNvwEgRS5y&_nc_oc=AdqZoF-mq3R_PVoHBorkI3vwwSD7bCH2w5e7lr0UmWh7hVR1eLD0BYEIV83NdzfFEEY&_nc_zt=23&_nc_ht=instagram.fbre4-1.fna&_nc_gid=SDhzOq7w6dnYTxbVXpaj5A&_nc_ss=7c689&oh=00_AQEqnhUeBfg_okP1vqztWpiSB26I_fO0_o44RJ0lkZcYwQ&oe=6A91F000,https://www.instagram.com/p/DcYX8qUEXk2/
Supermercado São Pedro,Carnes / Suína e Embutidos,Linguiça Perdigão 600g,18.99,21/08/2026,https://instagram.fvit1-1.fna.fbcdn.net/v/t51.82787-15/780840877_18194460187382122_8037755132885706798_n.jpg?stp=dst-jpg_e35_tt6&_nc_cat=101&ig_cache_key=Mzk2ODYwOTg5NjU5MjY4NjA3MQ%3D%3D.3-ccb7-5&ccb=7-5&_nc_sid=58cdad&efg=eyJ2ZW5jb2RlX3RhZyI6IkNBUk9VU0VMX0lURU0ueHBpZHMuMjE2MS5zZHIucmVndWxhcl9waG90by5DMyJ9&_nc_ohc=1-xpatiGO1AQ7kNvwE0UC37&_nc_oc=AdrcYLj9HY6eoeNXLCubgKcfK_2PAGqYpDNPn6kDCFDn_jaIxYa7Drqw2So-DsY4OOQ&_nc_zt=23&_nc_ht=instagram.fvit1-1.fna&_nc_gid=D22syVg1HEJfFw9WayW2SA&_nc_ss=72689&oh=00_AQGQsXG9gCL7LziVIJWAZf-4SYfchihln5dPa2EYw6lmig&oe=6A9209E5,https://www.instagram.com/p/DcTVeacG11v/
Super Compras Supermercado,Carnes / Suína e Embutidos,Linguiça Suína kg,21.99,22/08/2026,https://instagram.fhnd4-2.fna.fbcdn.net/v/t51.82787-15/781425562_18192143110391764_1116124836587707156_n.jpg?stp=dst-jpg_e35_tt6&_nc_cat=103&ig_cache_key=Mzk2ODk1MTQ4MDU4NDU2NzM5OQ%3D%3D.3-ccb7-5&ccb=7-5&_nc_sid=58cdad&efg=eyJ2ZW5jb2RlX3RhZyI6IkZFRUQueHBpZHMuMTQ0MC5zZHIucmVndWxhcl9waG90by5DMyJ9&_nc_ohc=FnigSYXdvhUQ7kNvwGXzknp&_nc_oc=Adps55DoKyqmrWdWQUTA7FYDHhwuGX5ODLDyh8zgmtqOKIUTt5g2BLPDmUgP7m66ncgYpvQuBS5XgB_kdc55Ke0F&_nc_zt=23&_nc_ht=instagram.fhnd4-2.fna&_nc_gid=v_FwtKEs20pddOedUtX__A&_nc_ss=7da8c&oh=00_AQGsR9bBGsAC7MHFTtBjjgEzYgQpiipyoaBw-VB2zTcdEA&oe=6A91DD60,https://www.instagram.com/p/DcUjFfbAPpn/
SUPERMERCADO PARANAENSE,Carnes / Suína e Embutidos,Linguiça Apimentada kg,21.99,21/08/2026,https://instagram.fnap2-1.fna.fbcdn.net/v/t51.82787-15/782639788_17906516796496981_1020296803527373493_n.jpg?stp=dst-jpg_e35_tt6&_nc_cat=106&ig_cache_key=Mzk2ODI0NTY3NDgyMDQ2MDk5NA%3D%3D.3-ccb7-5&ccb=7-5&_nc_sid=58cdad&efg=eyJ2ZW5jb2RlX3RhZyI6IkZFRUQueHBpZHMuMTM1MC5zZHIucmVndWxhcl9waG90by5DMyJ9&_nc_ohc=CfekLFktTToQ7kNvwFInO6-&_nc_oc=AdqU-mUpw73I1gOmB2jPCbwBMJ35wGvMjiqL5LT6vzmPupetJSf0nCFX3FeJAbSpCOQ&_nc_zt=23&_nc_ht=instagram.fnap2-1.fna&_nc_gid=MK_c-lo_uxbgEoDoQI3KzQ&_nc_ss=72a8c&oh=00_AQGfIDhcjGDqnrpsVzqW_vWf7fTrLLA9rhDmLixUiAev1w&oe=6A91EB4D,https://www.instagram.com/p/DcSCmqlJ2HC/
Bom Jesus Primavera do Leste 🛒,Carnes / Suína e Embutidos,Presunto Cozido Excelência kg,22.99,21/08/2026,https://instagram.fhnd4-2.fna.fbcdn.net/v/t51.82787-15/782344855_18373759252237813_7320855115066332806_n.jpg?stp=dst-jpg_e35_tt6&_nc_cat=101&ig_cache_key=Mzk2ODYwMzg2MTkyMDUwNTIwMg%3D%3D.3-ccb7-5&ccb=7-5&_nc_sid=58cdad&efg=eyJ2ZW5jb2RlX3RhZyI6IkNBUk9VU0VMX0lURU0ueHBpZHMuMTA4MC5zZHIucmVndWxhcl9waG90by5DMyJ9&_nc_ohc=EXXZ6F7wf7QQ7kNvwFOdDBS&_nc_oc=AdqMOWf1nzXpFO8W-H1PyLYjDZtXp_9kyXJ7SloENIQvkirJxxmUDYU1xeA_flZ6tJV0DlIA_PT3JHOEPgeJKaC5&_nc_zt=23&_nc_ht=instagram.fhnd4-2.fna&_nc_gid=WTJWLLFJRKKk_JKC3VjF2w&_nc_ss=7c689&oh=00_AQG9Saz-Go_urbHwXkRS1igT6zK842KMwSvQaJmSm50iag&oe=6A91F96C,https://www.instagram.com/p/DcTUD7jlm8n/
SUPERMERCADO PARANAENSE,Carnes / Suína e Embutidos,Presunto Excelência kg,22.99,18/08/2026,https://instagram.fbcn15-1.fna.fbcdn.net/v/t51.82787-15/779201412_17905958076496981_6443721065028839968_n.jpg?stp=dst-jpg_e35_tt6&_nc_cat=105&ig_cache_key=Mzk2NjA3NDE1MTYyNzk1NjAwNA%3D%3D.3-ccb7-5&ccb=7-5&_nc_sid=58cdad&efg=eyJ2ZW5jb2RlX3RhZyI6IkZFRUQueHBpZHMuMTM1MC5zZHIucmVndWxhcl9waG90by5DMyJ9&_nc_ohc=X7-fGJ3cyTUQ7kNvwHAmXH2&_nc_oc=AdosRII6nQbT_reMsilTtKghiDcv4w8iF0Wcp_irQ-Nol_iq2kSoFwZVNevQClJO0WM&_nc_zt=23&_nc_ht=instagram.fbcn15-1.fna&_nc_gid=CmZwXFojirTALIXoUXMO7A&_nc_ss=72a8c&oh=00_AQFcAVSBWAC55LkMefquTT5wtKObtalwB3dNssRwn3lsRg&oe=6A91FA14,https://www.instagram.com/p/DcKU22ApJ8k/
Supermercado Tuiuiú,Carnes / Suína e Embutidos,Presunto Cozido kg,24.99,20/08/2026,https://scontent-phl2-1.cdninstagram.com/v/t39.30808-6/775523840_1712126794254472_8264970676281627936_n.jpg?stp=dst-jpg_e35_tt6&_nc_cat=102&ig_cache_key=Mzk2Nzg2MzQ3ODc3NDkzNTMxNQ%3D%3D.3-ccb7-5&ccb=7-5&_nc_sid=58cdad&efg=eyJ2ZW5jb2RlX3RhZyI6IkNBUk9VU0VMX0lURU0ueHBpZHMuMTI1NC5zZHIucmVndWxhcl9waG90by5DMyJ9&_nc_ohc=S-QN2J6TB4cQ7kNvwElBF7j&_nc_oc=AdqAgf6uTqxgs25Hb1T6Dj-A1OjALxSTX893uP18o6rfbDTdw4cJ8bKVN-YpsAUM4RQa87qkXBgcXvHKzWxW-XcI&_nc_zt=23&_nc_ht=scontent-phl2-1.cdninstagram.com&_nc_gid=_KkeoNw63hwOES5RDY3HAg&_nc_ss=72a8c&oh=00_AQFW9updQDChbu46eWBEKx2m1BetMWcnv9DSkCfZ6ZhVkQ&oe=6A920AAC,https://www.instagram.com/p/DcQrtOmIPUZ/
Supermercado Bianchi,Congelados e Sobremesas,Batata Palito Rapmix 2kg,19.99,20/08/2026,https://scontent-cdg6-1.cdninstagram.com/v/t39.30808-6/780093492_1656123576518040_1742435548701906181_n.jpg?stp=dst-jpg_e35_tt6&_nc_cat=106&ig_cache_key=Mzk2NzU2NTg3NjgzMjc4MDUyNQ%3D%3D.3-ccb7-5&ccb=7-5&_nc_sid=58cdad&efg=eyJ2ZW5jb2RlX3RhZyI6IkNBUk9VU0VMX0lURU0ueHBpZHMuMTEyMi5zZHIucmVndWxhcl9waG90by5DMyJ9&_nc_ohc=6gerMpPWRPsQ7kNvwElyBPm&_nc_oc=Adqv2O-W6XZ0BOP8MgvZoVZI8JFrVa930YGANIi2Ydr8O-Aidp5FhqiYe6n2wUkc3tMPfqekHssRZDeG8O5a0pTI&_nc_zt=23&_nc_ht=scontent-cdg6-1.cdninstagram.com&_nc_gid=ewS_7ccC6dVM4y0FqH_MKA&_nc_ss=7c689&oh=00_AQH4QlTucTcOLFqg_3lppx8LxV47gu4oSgVLltL2Jun-Hw&oe=6A91F522,https://www.instagram.com/p/DcPoCetlHRj/
Machadão Atacadista,Congelados e Sobremesas,Açaí com Guaraná Ricaeli 1.02kg,25.99,24/08/2026,https://instagram.fbhx7-1.fna.fbcdn.net/v/t39.30808-6/780076458_1356271723259452_5989685085733377211_n.jpg?stp=dst-jpg_e35_tt6&_nc_cat=105&ig_cache_key=Mzk3MDQwODc0MjIxMDQ3NDY5OA%3D%3D.3-ccb7-5&ccb=7-5&_nc_sid=58cdad&efg=eyJ2ZW5jb2RlX3RhZyI6IkNBUk9VU0VMX0lURU0ueHBpZHMuMTYzOC5zZHIucmVndWxhcl9waG90by5DMyJ9&_nc_ohc=EI5S9KuUQlYQ7kNvwGxq-zd&_nc_oc=AdoTuy9J6-G7ePfivRWOrhyOkimMsf2iPG57P4oj60w11HCN3zlnhol5IK4s9l-5OnuZ-m8N69BZSMBM6XSGrU1s&_nc_zt=23&_nc_ht=instagram.fbhx7-1.fna&_nc_gid=hYaYS30HU0P5YK96dlMTTw&_nc_ss=72689&oh=00_AQHoSpKF5ipkZL6eu41s3VvnAnKwXNWnAsRl47EVOZ0Rhg&oe=6A91D6CE,https://www.instagram.com/p/DcZubq6D10t/
Bom Jesus Primavera do Leste 🛒,Congelados e Sobremesas,Batata Palito Sadia 2kg,27.99,19/08/2026,https://instagram.fmty4-1.fna.fbcdn.net/v/t51.82787-15/779669250_18373430944237813_1540605607443691986_n.jpg?stp=dst-jpg_e35_tt6&_nc_cat=105&_nc_map=urlgen_bucketless&ig_cache_key=Mzk2NzEyNzIwMzA3MDAwNjgxMA%3D%3D.3-ccb7-5&ccb=7-5&_nc_sid=58cdad&efg=eyJ2ZW5jb2RlX3RhZyI6IkNBUk9VU0VMX0lURU0ueHBpZHMuMTA4MC5zZHIucmVndWxhcl9waG90by5DMiJ9&_nc_ohc=VDuZhWsVkt4Q7kNvwEEYrk4&_nc_oc=Adq7eqUVuQ9YDVt3n316RFqGPXylwlmtZfzzffQ4bdXPniO9pQloaK4Sxnk55GdRnkw&_nc_zt=23&_nc_ht=instagram.fmty4-1.fna&_nc_gid=-JGxwhhxyTUrzn4i3BszXg&_nc_ss=72a8c&oh=00_AQFgZidfmuBuLWw80Yhw_UbqVXpyPN4-HggrXBxsnALgoA&oe=6A91EF4F,https://www.instagram.com/p/DcOEUjnloMb/
Bom Jesus Primavera do Leste 🛒,Higiene / Cuidados Pessoais,Sabonete em Barra Nivea 85g,2.19,21/08/2026,https://instagram.fhnd4-2.fna.fbcdn.net/v/t51.82787-15/778794332_18373759255237813_8826403310576910692_n.jpg?stp=dst-jpg_e35_tt6&_nc_cat=101&ig_cache_key=Mzk2ODYwMzg2MzYxMTAyNjY2MQ%3D%3D.3-ccb7-5&ccb=7-5&_nc_sid=58cdad&efg=eyJ2ZW5jb2RlX3RhZyI6IkNBUk9VU0VMX0lURU0ueHBpZHMuMTA4MC5zZHIucmVndWxhcl9waG90by5DMyJ9&_nc_ohc=DryH40MHA-0Q7kNvwHB1Lf7&_nc_oc=AdqhwLJGO6MviNbTHyj3iodOejfSiXHjvuM7YZ5MZA1XXDxJmjQjlLLe76yBRNXa9QT-96JkDsjGcyN9VIJK3GJ6&_nc_zt=23&_nc_ht=instagram.fhnd4-2.fna&_nc_gid=WTJWLLFJRKKk_JKC3VjF2w&_nc_ss=7c689&oh=00_AQHevt41KEmTNnGPlBWytV4PYTsS1qEUm0NDZgLMcsO3BQ&oe=6A92069B,https://www.instagram.com/p/DcTUD7jlm8n/
Machadão Atacadista,Higiene / Cuidados Pessoais,Sabonete Lux 85g,2.69,24/08/2026,https://instagram.fbhx7-1.fna.fbcdn.net/v/t39.30808-6/778957943_1356271786592779_7752166386009606157_n.jpg?stp=dst-jpg_e35_tt6&_nc_cat=104&ig_cache_key=Mzk3MDQwODc0MjgwNjA4NjE5OQ%3D%3D.3-ccb7-5&ccb=7-5&_nc_sid=58cdad&efg=eyJ2ZW5jb2RlX3RhZyI6IkNBUk9VU0VMX0lURU0ueHBpZHMuMTYzOC5zZHIucmVndWxhcl9waG90by5DMyJ9&_nc_ohc=Eg6V_HQrmusQ7kNvwEnqoBV&_nc_oc=AdrPOAFHiUVC4tfFm_sPmoM5M_6Xf0PkCGGS0ldW_Q0fedz8vksuQkF1CGF_YdReE96JrFLA-h6OasdXWFmQczkv&_nc_zt=23&_nc_ht=instagram.fbhx7-1.fna&_nc_gid=hYaYS30HU0P5YK96dlMTTw&_nc_ss=72689&oh=00_AQFuKLmVW--pgyu1J5RwDoyPK6EwG6F47lvSoASAglesVA&oe=6A91F0EE,https://www.instagram.com/p/DcZubq6D10t/
Machadão Atacadista,Higiene / Cuidados Pessoais,Creme Dental Closeup 128g,8.98,24/08/2026,https://instagram.fbhx7-1.fna.fbcdn.net/v/t39.30808-6/778957943_1356271786592779_7752166386009606157_n.jpg?stp=dst-jpg_e35_tt6&_nc_cat=104&ig_cache_key=Mzk3MDQwODc0MjgwNjA4NjE5OQ%3D%3D.3-ccb7-5&ccb=7-5&_nc_sid=58cdad&efg=eyJ2ZW5jb2RlX3RhZyI6IkNBUk9VU0VMX0lURU0ueHBpZHMuMTYzOC5zZHIucmVndWxhcl9waG90by5DMyJ9&_nc_ohc=Eg6V_HQrmusQ7kNvwEnqoBV&_nc_oc=AdrPOAFHiUVC4tfFm_sPmoM5M_6Xf0PkCGGS0ldW_Q0fedz8vksuQkF1CGF_YdReE96JrFLA-h6OasdXWFmQczkv&_nc_zt=23&_nc_ht=instagram.fbhx7-1.fna&_nc_gid=hYaYS30HU0P5YK96dlMTTw&_nc_ss=72689&oh=00_AQFuKLmVW--pgyu1J5RwDoyPK6EwG6F47lvSoASAglesVA&oe=6A91F0EE,https://www.instagram.com/p/DcZubq6D10t/
Machadão Atacadista,Higiene / Cuidados Pessoais,Creme Dental Colgate Máxima Proteção Anticáries 180g,8.99,20/08/2026,https://scontent-waw2-1.cdninstagram.com/v/t39.30808-6/775419811_1353980236821934_1669358629496048886_n.jpg?stp=dst-jpg_e35_tt6&_nc_cat=109&ig_cache_key=Mzk2NzUxNDUxNDQyNTY1OTQ3OQ%3D%3D.3-ccb7-5&ccb=7-5&_nc_sid=58cdad&efg=eyJ2ZW5jb2RlX3RhZyI6IkNBUk9VU0VMX0lURU0ueHBpZHMuMTYzOC5zZHIucmVndWxhcl9waG90by5DMyJ9&_nc_ohc=lHwu1HSrHv4Q7kNvwHVyJEI&_nc_oc=AdqqPfmNAk4e9ze_ZwgktL75_Kqtn3tLkgSX9y4kCEcgb4S6LteL6Vgh3j52HqOPzoqVPFgpfs1CT6XIq7yAAmhn&_nc_zt=23&_nc_ht=scontent-waw2-1.cdninstagram.com&_nc_gid=TCTohav7JJwegkku5UEH4A&_nc_ss=7d689&oh=00_AQHM9rerb5ybH7qDRj_JX0zsyxuF2eibk29XOLILD3-nYg&oe=6A91F925,https://www.instagram.com/p/DcPcXJfjBzY/
Machadão Atacadista,Higiene / Cuidados Pessoais,Creme Dental Colgate Máxima Proteção Anticáries 180g,8.99,20/08/2026,https://scontent-waw2-2.cdninstagram.com/v/t39.30808-6/778565543_1353980256821932_610953472750281477_n.jpg?stp=dst-jpg_e35_tt6&_nc_cat=107&ig_cache_key=Mzk2NzUxNDUxNTM1NjgxMjE0OQ%3D%3D.3-ccb7-5&ccb=7-5&_nc_sid=58cdad&efg=eyJ2ZW5jb2RlX3RhZyI6IkNBUk9VU0VMX0lURU0ueHBpZHMuMTYzOC5zZHIucmVndWxhcl9waG90by5DMyJ9&_nc_ohc=HT-6M49gF1MQ7kNvwHlI936&_nc_oc=Ado-YiiZFi4_Sr1NHw0eADjY_qslI9kdaMycLief1Zsns5F07SswPkE3pzMJAVzQ_BI4DH-jwjSC02txrVVqMYlO&_nc_zt=23&_nc_ht=scontent-waw2-2.cdninstagram.com&_nc_gid=TCTohav7JJwegkku5UEH4A&_nc_ss=7d689&oh=00_AQHH-7NBpm7tXO4H4KDej6yad9c4WBvFu5dEBZgmstMlOg&oe=6A91EDE5,https://www.instagram.com/p/DcPcXJfjBzY/
Bom Jesus Primavera do Leste 🛒,Higiene / Cuidados Pessoais,Desodorante Aerosol Nivea 150ml,12.99,21/08/2026,https://instagram.fhnd4-2.fna.fbcdn.net/v/t51.82787-15/778794332_18373759255237813_8826403310576910692_n.jpg?stp=dst-jpg_e35_tt6&_nc_cat=101&ig_cache_key=Mzk2ODYwMzg2MzYxMTAyNjY2MQ%3D%3D.3-ccb7-5&ccb=7-5&_nc_sid=58cdad&efg=eyJ2ZW5jb2RlX3RhZyI6IkNBUk9VU0VMX0lURU0ueHBpZHMuMTA4MC5zZHIucmVndWxhcl9waG90by5DMyJ9&_nc_ohc=DryH40MHA-0Q7kNvwHB1Lf7&_nc_oc=AdqhwLJGO6MviNbTHyj3iodOejfSiXHjvuM7YZ5MZA1XXDxJmjQjlLLe76yBRNXa9QT-96JkDsjGcyN9VIJK3GJ6&_nc_zt=23&_nc_ht=instagram.fhnd4-2.fna&_nc_gid=WTJWLLFJRKKk_JKC3VjF2w&_nc_ss=7c689&oh=00_AQHevt41KEmTNnGPlBWytV4PYTsS1qEUm0NDZgLMcsO3BQ&oe=6A92069B,https://www.instagram.com/p/DcTUD7jlm8n/
Machadão Atacadista,Higiene / Cuidados Pessoais,Shampoo e Condicionador Niely Gold 275ml 175ml,13.98,24/08/2026,https://instagram.fbhx7-1.fna.fbcdn.net/v/t39.30808-6/778957943_1356271786592779_7752166386009606157_n.jpg?stp=dst-jpg_e35_tt6&_nc_cat=104&ig_cache_key=Mzk3MDQwODc0MjgwNjA4NjE5OQ%3D%3D.3-ccb7-5&ccb=7-5&_nc_sid=58cdad&efg=eyJ2ZW5jb2RlX3RhZyI6IkNBUk9VU0VMX0lURU0ueHBpZHMuMTYzOC5zZHIucmVndWxhcl9waG90by5DMyJ9&_nc_ohc=Eg6V_HQrmusQ7kNvwEnqoBV&_nc_oc=AdrPOAFHiUVC4tfFm_sPmoM5M_6Xf0PkCGGS0ldW_Q0fedz8vksuQkF1CGF_YdReE96JrFLA-h6OasdXWFmQczkv&_nc_zt=23&_nc_ht=instagram.fbhx7-1.fna&_nc_gid=hYaYS30HU0P5YK96dlMTTw&_nc_ss=72689&oh=00_AQFuKLmVW--pgyu1J5RwDoyPK6EwG6F47lvSoASAglesVA&oe=6A91F0EE,https://www.instagram.com/p/DcZubq6D10t/
Machadão Atacadista,Higiene / Cuidados Pessoais,Kit Shampoo e Condicionador Elseve 375ml 170ml,25.98,20/08/2026,https://scontent-waw2-1.cdninstagram.com/v/t39.30808-6/775419811_1353980236821934_1669358629496048886_n.jpg?stp=dst-jpg_e35_tt6&_nc_cat=109&ig_cache_key=Mzk2NzUxNDUxNDQyNTY1OTQ3OQ%3D%3D.3-ccb7-5&ccb=7-5&_nc_sid=58cdad&efg=eyJ2ZW5jb2RlX3RhZyI6IkNBUk9VU0VMX0lURU0ueHBpZHMuMTYzOC5zZHIucmVndWxhcl9waG90by5DMyJ9&_nc_ohc=lHwu1HSrHv4Q7kNvwHVyJEI&_nc_oc=AdqqPfmNAk4e9ze_ZwgktL75_Kqtn3tLkgSX9y4kCEcgb4S6LteL6Vgh3j52HqOPzoqVPFgpfs1CT6XIq7yAAmhn&_nc_zt=23&_nc_ht=scontent-waw2-1.cdninstagram.com&_nc_gid=TCTohav7JJwegkku5UEH4A&_nc_ss=7d689&oh=00_AQHM9rerb5ybH7qDRj_JX0zsyxuF2eibk29XOLILD3-nYg&oe=6A91F925,https://www.instagram.com/p/DcPcXJfjBzY/
Machadão Atacadista,Higiene / Cuidados Pessoais,Kit Shampoo e Condicionador Elseve 375ml 170ml,25.98,20/08/2026,https://scontent-waw2-2.cdninstagram.com/v/t39.30808-6/778565543_1353980256821932_610953472750281477_n.jpg?stp=dst-jpg_e35_tt6&_nc_cat=107&ig_cache_key=Mzk2NzUxNDUxNTM1NjgxMjE0OQ%3D%3D.3-ccb7-5&ccb=7-5&_nc_sid=58cdad&efg=eyJ2ZW5jb2RlX3RhZyI6IkNBUk9VU0VMX0lURU0ueHBpZHMuMTYzOC5zZHIucmVndWxhcl9waG90by5DMyJ9&_nc_ohc=HT-6M49gF1MQ7kNvwHlI936&_nc_oc=Ado-YiiZFi4_Sr1NHw0eADjY_qslI9kdaMycLief1Zsns5F07SswPkE3pzMJAVzQ_BI4DH-jwjSC02txrVVqMYlO&_nc_zt=23&_nc_ht=scontent-waw2-2.cdninstagram.com&_nc_gid=TCTohav7JJwegkku5UEH4A&_nc_ss=7d689&oh=00_AQHH-7NBpm7tXO4H4KDej6yad9c4WBvFu5dEBZgmstMlOg&oe=6A91EDE5,https://www.instagram.com/p/DcPcXJfjBzY/
Bom Jesus Primavera do Leste 🛒,Higiene / Cuidados Pessoais,Fralda Huggies Mega Mix,36.99,21/08/2026,https://instagram.fhnd4-2.fna.fbcdn.net/v/t51.82787-15/778794332_18373759255237813_8826403310576910692_n.jpg?stp=dst-jpg_e35_tt6&_nc_cat=101&ig_cache_key=Mzk2ODYwMzg2MzYxMTAyNjY2MQ%3D%3D.3-ccb7-5&ccb=7-5&_nc_sid=58cdad&efg=eyJ2ZW5jb2RlX3RhZyI6IkNBUk9VU0VMX0lURU0ueHBpZHMuMTA4MC5zZHIucmVndWxhcl9waG90by5DMyJ9&_nc_ohc=DryH40MHA-0Q7kNvwHB1Lf7&_nc_oc=AdqhwLJGO6MviNbTHyj3iodOejfSiXHjvuM7YZ5MZA1XXDxJmjQjlLLe76yBRNXa9QT-96JkDsjGcyN9VIJK3GJ6&_nc_zt=23&_nc_ht=instagram.fhnd4-2.fna&_nc_gid=WTJWLLFJRKKk_JKC3VjF2w&_nc_ss=7c689&oh=00_AQHevt41KEmTNnGPlBWytV4PYTsS1qEUm0NDZgLMcsO3BQ&oe=6A92069B,https://www.instagram.com/p/DcTUD7jlm8n/
Machadão Atacadista,Higiene / Papelaria,Papel Higiênico Mili Bianco 60m 12 Rolos,16.99,20/08/2026,https://scontent-waw2-1.cdninstagram.com/v/t39.30808-6/775419811_1353980236821934_1669358629496048886_n.jpg?stp=dst-jpg_e35_tt6&_nc_cat=109&ig_cache_key=Mzk2NzUxNDUxNDQyNTY1OTQ3OQ%3D%3D.3-ccb7-5&ccb=7-5&_nc_sid=58cdad&efg=eyJ2ZW5jb2RlX3RhZyI6IkNBUk9VU0VMX0lURU0ueHBpZHMuMTYzOC5zZHIucmVndWxhcl9waG90by5DMyJ9&_nc_ohc=lHwu1HSrHv4Q7kNvwHVyJEI&_nc_oc=AdqqPfmNAk4e9ze_ZwgktL75_Kqtn3tLkgSX9y4kCEcgb4S6LteL6Vgh3j52HqOPzoqVPFgpfs1CT6XIq7yAAmhn&_nc_zt=23&_nc_ht=scontent-waw2-1.cdninstagram.com&_nc_gid=TCTohav7JJwegkku5UEH4A&_nc_ss=7d689&oh=00_AQHM9rerb5ybH7qDRj_JX0zsyxuF2eibk29XOLILD3-nYg&oe=6A91F925,https://www.instagram.com/p/DcPcXJfjBzY/
Machadão Atacadista,Higiene / Papelaria,Papel Higiênico Mili Bianco 60m 12un,16.99,20/08/2026,https://scontent-waw2-2.cdninstagram.com/v/t39.30808-6/778565543_1353980256821932_610953472750281477_n.jpg?stp=dst-jpg_e35_tt6&_nc_cat=107&ig_cache_key=Mzk2NzUxNDUxNTM1NjgxMjE0OQ%3D%3D.3-ccb7-5&ccb=7-5&_nc_sid=58cdad&efg=eyJ2ZW5jb2RlX3RhZyI6IkNBUk9VU0VMX0lURU0ueHBpZHMuMTYzOC5zZHIucmVndWxhcl9waG90by5DMyJ9&_nc_ohc=HT-6M49gF1MQ7kNvwHlI936&_nc_oc=Ado-YiiZFi4_Sr1NHw0eADjY_qslI9kdaMycLief1Zsns5F07SswPkE3pzMJAVzQ_BI4DH-jwjSC02txrVVqMYlO&_nc_zt=23&_nc_ht=scontent-waw2-2.cdninstagram.com&_nc_gid=TCTohav7JJwegkku5UEH4A&_nc_ss=7d689&oh=00_AQHH-7NBpm7tXO4H4KDej6yad9c4WBvFu5dEBZgmstMlOg&oe=6A91EDE5,https://www.instagram.com/p/DcPcXJfjBzY/
Super Compras Supermercado,Higiene / Papelaria,Papel Higiênico Duetto Folha Dupla 30m,18.99,21/08/2026,https://instagram.fxap4-1.fna.fbcdn.net/v/t51.82787-15/780140079_18192045034391764_7683991793781918786_n.jpg?stp=dst-jpg_e35_tt6&_nc_cat=103&ig_cache_key=Mzk2ODIxODA0ODc2ODI1MjE2NA%3D%3D.3-ccb7-5&ccb=7-5&_nc_sid=58cdad&efg=eyJ2ZW5jb2RlX3RhZyI6IkZFRUQueHBpZHMuMTQ0MC5zZHIucmVndWxhcl9waG90by5DMyJ9&_nc_ohc=MnWLmv7izFEQ7kNvwE-eCc-&_nc_oc=AdqKht5W2R0I8k67jI7AsuyyWWxTtRw-e9ACS9VMBWR1sIb6wTIcVZPsbh4cMYgGFw8&_nc_zt=23&_nc_ht=instagram.fxap4-1.fna&_nc_gid=VZPB67okKU0e0ifowzVMWA&_nc_ss=72a8c&oh=00_AQHczTI5i8sJva23g6egbIopSplYbu73tBW58x_YqjBIcQ&oe=6A92052E,https://www.instagram.com/p/DcR8Up0IBkE/
Machadão Atacadista,Higiene / Papelaria,Papel Higiênico Duetto Velvet 18 Rolos,27.9,24/08/2026,https://instagram.fbhx7-1.fna.fbcdn.net/v/t39.30808-6/778957943_1356271786592779_7752166386009606157_n.jpg?stp=dst-jpg_e35_tt6&_nc_cat=104&ig_cache_key=Mzk3MDQwODc0MjgwNjA4NjE5OQ%3D%3D.3-ccb7-5&ccb=7-5&_nc_sid=58cdad&efg=eyJ2ZW5jb2RlX3RhZyI6IkNBUk9VU0VMX0lURU0ueHBpZHMuMTYzOC5zZHIucmVndWxhcl9waG90by5DMyJ9&_nc_ohc=Eg6V_HQrmusQ7kNvwEnqoBV&_nc_oc=AdrPOAFHiUVC4tfFm_sPmoM5M_6Xf0PkCGGS0ldW_Q0fedz8vksuQkF1CGF_YdReE96JrFLA-h6OasdXWFmQczkv&_nc_zt=23&_nc_ht=instagram.fbhx7-1.fna&_nc_gid=hYaYS30HU0P5YK96dlMTTw&_nc_ss=72689&oh=00_AQFuKLmVW--pgyu1J5RwDoyPK6EwG6F47lvSoASAglesVA&oe=6A91F0EE,https://www.instagram.com/p/DcZubq6D10t/
Supermercado Tuiuiú,Hortifruti / Ovos,Laranja kg,1.99,18/08/2026,https://scontent-atl3-1.cdninstagram.com/v/t39.30808-6/777982555_1710020311131787_3611835878768459759_n.jpg?stp=dst-jpg_e35_tt6&_nc_cat=103&ig_cache_key=Mzk2NjQ1NTkwODY3MDU1MDYzOQ%3D%3D.3-ccb7-5&ccb=7-5&_nc_sid=58cdad&efg=eyJ2ZW5jb2RlX3RhZyI6IkNBUk9VU0VMX0lURU0ueHBpZHMuMTI1NC5zZHIucmVndWxhcl9waG90by5DMyJ9&_nc_ohc=5MOA8ejxVvUQ7kNvwGku-cT&_nc_oc=AdqoKW7ZGfLuYyn9u31G_137ppCPK3q6WUcKUaxqJ3EvgFTLV3KZp4nQYIouF2HWvNk&_nc_zt=23&_nc_ht=scontent-atl3-1.cdninstagram.com&_nc_gid=62BaiHHjB0TDs3UOEnl1_w&_nc_ss=72289&oh=00_AQHlRhcvMHkVbmJghfehC127Zn6Kr4FBYEviae2_Z8tT1A&oe=6A91E380,https://www.instagram.com/p/DcLrqVKDgyY/
Supermercado Tuiuiú,Hortifruti / Ovos,Melancia kg,1.99,18/08/2026,https://scontent-atl3-1.cdninstagram.com/v/t39.30808-6/777301481_1710020304465121_8078797840628638600_n.jpg?stp=dst-jpg_e35_tt6&_nc_cat=103&ig_cache_key=Mzk2NjQ1NTkwODIzNDMyMDc4MA%3D%3D.3-ccb7-5&ccb=7-5&_nc_sid=58cdad&efg=eyJ2ZW5jb2RlX3RhZyI6IkNBUk9VU0VMX0lURU0ueHBpZHMuMTI1NC5zZHIucmVndWxhcl9waG90by5DMyJ9&_nc_ohc=3RgRl1_zwQgQ7kNvwEsMvja&_nc_oc=AdpfM_BxCD6k0U_c23V40ZO972_Y7fdAbUGcFBOk1E-n2MJq-3snvwTs0QBapwBZYxY&_nc_zt=23&_nc_ht=scontent-atl3-1.cdninstagram.com&_nc_gid=62BaiHHjB0TDs3UOEnl1_w&_nc_ss=72289&oh=00_AQEVaDor97Dy30milCbCP0PHfN4zZvsuf-ibJWbXAByw9w&oe=6A91F23B,https://www.instagram.com/p/DcLrqVKDgyY/
Mercado Talismã,Hortifruti / Ovos,Batata kg,2.49,23/08/2026,https://instagram.fbre4-1.fna.fbcdn.net/v/t51.82787-15/783255974_18093165728531849_313858570458509058_n.jpg?stp=dst-jpg_e35_tt6&_nc_cat=111&ig_cache_key=Mzk3MDAyODMzNjE3MjA4NzkxNw%3D%3D.3-ccb7-5&ccb=7-5&_nc_sid=58cdad&efg=eyJ2ZW5jb2RlX3RhZyI6IkNBUk9VU0VMX0lURU0ueHBpZHMuMTI1NC5zZHIucmVndWxhcl9waG90by5DMyJ9&_nc_ohc=S3NzwTUdCcYQ7kNvwH6D8PT&_nc_oc=AdpNOp-OmU2WX_1FeTEgYHi6tYS4hKQhQsutlVHGkLBMDun__CiQYFSEkgSE9B_nNBU&_nc_zt=23&_nc_ht=instagram.fbre4-1.fna&_nc_gid=SDhzOq7w6dnYTxbVXpaj5A&_nc_ss=7c689&oh=00_AQFL2ll9MUyUbvp6O9uqn4M1S0JxIXy-L-NHW6DaKaEy_Q&oe=6A91E8BE,https://www.instagram.com/p/DcYX8qUEXk2/
Supermercado São Pedro,Hortifruti / Ovos,Laranja un,2.89,23/08/2026,https://scontent-ams2-1.cdninstagram.com/v/t39.30808-6/781977378_1500799415426508_4866536164507670119_n.jpg?stp=dst-jpg_e35_tt6&_nc_cat=110&ig_cache_key=Mzk3MDM5MzQ4NDg1OTE4MjA5Mw%3D%3D.3-ccb7-5&ccb=7-5&_nc_sid=58cdad&efg=eyJ2ZW5jb2RlX3RhZyI6IkZFRUQueHBpZHMuMTYzOS5zZHIucmVndWxhcl9waG90by5DMyJ9&_nc_ohc=UUhpBq5mo5UQ7kNvwEd47pk&_nc_oc=Adq_amgDQnVYzhfl4NE43lQiRBqGJDIvn9t9ZVDnzziRz-Ix6bw1P03c8vStUMTeQgg&_nc_zt=23&_nc_ht=scontent-ams2-1.cdninstagram.com&_nc_gid=LigYlBNaumlHJag7xD9SCA&_nc_ss=72689&oh=00_AQHVvklFFqwjTagEteCbjE6PsElni278J74LDbXM5Okjvw&oe=6A91FB4E,https://www.instagram.com/p/DcZq9ajjowN/
Super Compras Supermercado,Hortifruti / Ovos,Laranja kg,2.99,24/08/2026,https://scontent-mrs2-3.cdninstagram.com/v/t51.82787-15/778986014_18192356080391764_2727967813090525154_n.jpg?stp=dst-jpg_e35_tt6&_nc_cat=111&ig_cache_key=Mzk3MDM4ODQ5NTE4MTQxNTkzNQ%3D%3D.3-ccb7-5&ccb=7-5&_nc_sid=58cdad&efg=eyJ2ZW5jb2RlX3RhZyI6IkZFRUQueHBpZHMuMTQ0MC5zZHIucmVndWxhcl9waG90by5DMyJ9&_nc_ohc=79VNBzqSEmAQ7kNvwFvqzM6&_nc_oc=Adr3dmUZRRH5kuXChKO2veL0ySswd64QZxFbi_15LzfEMTz64R-gL5JhUiltNMzyO08VxVk5AyRR_53GFOLBHTBh&_nc_zt=23&_nc_ht=scontent-mrs2-3.cdninstagram.com&_nc_gid=boM2r1OSp_eEX6fHpWTI9A&_nc_ss=72a8c&oh=00_AQH3YW7uUvTxK9i0ToDFOvjfp1CRHasdSsFFCR9eR_9I4Q&oe=6A91E410,https://www.instagram.com/p/DcZp0zjlgX_/
Mercado Talismã,Hortifruti / Ovos,Melancia kg,2.99,23/08/2026,https://instagram.fbre4-1.fna.fbcdn.net/v/t51.82787-15/783255974_18093165728531849_313858570458509058_n.jpg?stp=dst-jpg_e35_tt6&_nc_cat=111&ig_cache_key=Mzk3MDAyODMzNjE3MjA4NzkxNw%3D%3D.3-ccb7-5&ccb=7-5&_nc_sid=58cdad&efg=eyJ2ZW5jb2RlX3RhZyI6IkNBUk9VU0VMX0lURU0ueHBpZHMuMTI1NC5zZHIucmVndWxhcl9waG90by5DMyJ9&_nc_ohc=S3NzwTUdCcYQ7kNvwH6D8PT&_nc_oc=AdpNOp-OmU2WX_1FeTEgYHi6tYS4hKQhQsutlVHGkLBMDun__CiQYFSEkgSE9B_nNBU&_nc_zt=23&_nc_ht=instagram.fbre4-1.fna&_nc_gid=SDhzOq7w6dnYTxbVXpaj5A&_nc_ss=7c689&oh=00_AQFL2ll9MUyUbvp6O9uqn4M1S0JxIXy-L-NHW6DaKaEy_Q&oe=6A91E8BE,https://www.instagram.com/p/DcYX8qUEXk2/
Machadão Atacadista,Hortifruti / Ovos,Melancia kg,3.29,24/08/2026,https://scontent-yyz1-1.cdninstagram.com/v/t39.30808-6/783757949_1356290299924261_2463747962120821772_n.jpg?stp=dst-jpg_e35_tt6&_nc_cat=101&ig_cache_key=Mzk3MDQxMTA4NzM4OTIzNTgxMw%3D%3D.3-ccb7-5&ccb=7-5&_nc_sid=58cdad&efg=eyJ2ZW5jb2RlX3RhZyI6IkNBUk9VU0VMX0lURU0ueHBpZHMuMTYzOC5zZHIucmVndWxhcl9waG90by5DMyJ9&_nc_ohc=KQAoNMivhr4Q7kNvwFcuyoN&_nc_oc=AdrUMEnjil4B_Mn2YTNaxzUDZ-RwIt1IekfP02B2fphWfTqh-IDv6kmyb6qubTJrLuo&_nc_zt=23&_nc_ht=scontent-yyz1-1.cdninstagram.com&_nc_gid=HuffGH0ULP5T3qtSFKsH0g&_nc_ss=72a8c&oh=00_AQGzTZJRg2ORUNj0rWgVo1Ho6S45dm2Qpx0lZPZUGMNEpg&oe=6A91ED23,https://www.instagram.com/p/DcZu9z8mzVT/
Machadão Atacadista,Hortifruti / Ovos,Laranja Pera kg,3.29,24/08/2026,https://scontent-yyz1-1.cdninstagram.com/v/t39.30808-6/778972431_1356290069924284_6498137789849159127_n.jpg?stp=dst-jpg_e35_tt6&_nc_cat=100&ig_cache_key=Mzk3MDQxMTA4NzIzODI1NDU1NA%3D%3D.3-ccb7-5&ccb=7-5&_nc_sid=58cdad&efg=eyJ2ZW5jb2RlX3RhZyI6IkNBUk9VU0VMX0lURU0ueHBpZHMuMTYzOC5zZHIucmVndWxhcl9waG90by5DMyJ9&_nc_ohc=z0LiOSTtypkQ7kNvwHMJnrF&_nc_oc=AdoD4N7SJX-QlS1Y9cS-NJs6yQIw8spqYuE_VX7-nvOSa8ov3PlJwxvdHD4gNqmv-Do&_nc_zt=23&_nc_ht=scontent-yyz1-1.cdninstagram.com&_nc_gid=HuffGH0ULP5T3qtSFKsH0g&_nc_ss=72a8c&oh=00_AQF6FZcjlnngUdGaUcq5OeESzhInd6rsG2ztkMrtTvS7KA&oe=6A91D70F,https://www.instagram.com/p/DcZu9z8mzVT/
Machadão Atacadista,Hortifruti / Ovos,Laranja Pera kg,3.29,24/08/2026,https://scontent-yyz1-1.cdninstagram.com/v/t39.30808-6/780203515_1356290893257535_5931265324767059161_n.jpg?stp=dst-jpg_e35_tt6&_nc_cat=105&ig_cache_key=Mzk3MDQxMTA4NjUwMDAwNTgwNg%3D%3D.3-ccb7-5&ccb=7-5&_nc_sid=58cdad&efg=eyJ2ZW5jb2RlX3RhZyI6IkNBUk9VU0VMX0lURU0ueHBpZHMuMTYzOC5zZHIucmVndWxhcl9waG90by5DMyJ9&_nc_ohc=tGahzaBo_-YQ7kNvwFC0Ls-&_nc_oc=Adqlu7k5nAtNdgJ20MO2s6QYrGr3_VLcMchWk-yV2UE7aValTMKM1EaRFujAx0fxwJI&_nc_zt=23&_nc_ht=scontent-yyz1-1.cdninstagram.com&_nc_gid=HuffGH0ULP5T3qtSFKsH0g&_nc_ss=72a8c&oh=00_AQE1YX92NQAlje1LyUdZK3sERmHKqAaWMHhVz-McGG2LGQ&oe=6A91E83F,https://www.instagram.com/p/DcZu9z8mzVT/
Machadão Atacadista,Hortifruti / Ovos,Melancia Inteira kg,3.29,24/08/2026,https://scontent-yyz1-1.cdninstagram.com/v/t39.30808-6/780203515_1356290893257535_5931265324767059161_n.jpg?stp=dst-jpg_e35_tt6&_nc_cat=105&ig_cache_key=Mzk3MDQxMTA4NjUwMDAwNTgwNg%3D%3D.3-ccb7-5&ccb=7-5&_nc_sid=58cdad&efg=eyJ2ZW5jb2RlX3RhZyI6IkNBUk9VU0VMX0lURU0ueHBpZHMuMTYzOC5zZHIucmVndWxhcl9waG90by5DMyJ9&_nc_ohc=tGahzaBo_-YQ7kNvwFC0Ls-&_nc_oc=Adqlu7k5nAtNdgJ20MO2s6QYrGr3_VLcMchWk-yV2UE7aValTMKM1EaRFujAx0fxwJI&_nc_zt=23&_nc_ht=scontent-yyz1-1.cdninstagram.com&_nc_gid=HuffGH0ULP5T3qtSFKsH0g&_nc_ss=72a8c&oh=00_AQE1YX92NQAlje1LyUdZK3sERmHKqAaWMHhVz-McGG2LGQ&oe=6A91E83F,https://www.instagram.com/p/DcZu9z8mzVT/
Supermercado Tuiuiú,Hortifruti / Ovos,Batata kg,3.39,18/08/2026,https://scontent-atl3-1.cdninstagram.com/v/t39.30808-6/777447994_1710020307798454_4528325776186593053_n.jpg?stp=dst-jpg_e35_tt6&_nc_cat=103&ig_cache_key=Mzk2NjQ1NTkwODUxMTE0NTY4Mg%3D%3D.3-ccb7-5&ccb=7-5&_nc_sid=58cdad&efg=eyJ2ZW5jb2RlX3RhZyI6IkNBUk9VU0VMX0lURU0ueHBpZHMuMTI1NC5zZHIucmVndWxhcl9waG90by5DMyJ9&_nc_ohc=twKBWqtPzMIQ7kNvwHtFPf2&_nc_oc=AdqY02rzNcNdhtIrAXt8S1AnyfxJHhu0IzeoLocdCFR8WiobqM9ygAw7PASpuFfLEH0&_nc_zt=23&_nc_ht=scontent-atl3-1.cdninstagram.com&_nc_gid=62BaiHHjB0TDs3UOEnl1_w&_nc_ss=72289&oh=00_AQFUj0IuZ9OLhTt44_5CE1j9j38nXzGGglUQ9s9pODvQ1g&oe=6A91F05B,https://www.instagram.com/p/DcLrqVKDgyY/
Super Compras Supermercado,Hortifruti / Ovos,Batata kg,3.49,22/08/2026,https://instagram.fhnd4-2.fna.fbcdn.net/v/t51.82787-15/781425562_18192143110391764_1116124836587707156_n.jpg?stp=dst-jpg_e35_tt6&_nc_cat=103&ig_cache_key=Mzk2ODk1MTQ4MDU4NDU2NzM5OQ%3D%3D.3-ccb7-5&ccb=7-5&_nc_sid=58cdad&efg=eyJ2ZW5jb2RlX3RhZyI6IkZFRUQueHBpZHMuMTQ0MC5zZHIucmVndWxhcl9waG90by5DMyJ9&_nc_ohc=FnigSYXdvhUQ7kNvwGXzknp&_nc_oc=Adps55DoKyqmrWdWQUTA7FYDHhwuGX5ODLDyh8zgmtqOKIUTt5g2BLPDmUgP7m66ncgYpvQuBS5XgB_kdc55Ke0F&_nc_zt=23&_nc_ht=instagram.fhnd4-2.fna&_nc_gid=v_FwtKEs20pddOedUtX__A&_nc_ss=7da8c&oh=00_AQGsR9bBGsAC7MHFTtBjjgEzYgQpiipyoaBw-VB2zTcdEA&oe=6A91DD60,https://www.instagram.com/p/DcUjFfbAPpn/
Mercado Talismã,Hortifruti / Ovos,Tomate kg,3.49,23/08/2026,https://instagram.fbre4-1.fna.fbcdn.net/v/t51.82787-15/783255974_18093165728531849_313858570458509058_n.jpg?stp=dst-jpg_e35_tt6&_nc_cat=111&ig_cache_key=Mzk3MDAyODMzNjE3MjA4NzkxNw%3D%3D.3-ccb7-5&ccb=7-5&_nc_sid=58cdad&efg=eyJ2ZW5jb2RlX3RhZyI6IkNBUk9VU0VMX0lURU0ueHBpZHMuMTI1NC5zZHIucmVndWxhcl9waG90by5DMyJ9&_nc_ohc=S3NzwTUdCcYQ7kNvwH6D8PT&_nc_oc=AdpNOp-OmU2WX_1FeTEgYHi6tYS4hKQhQsutlVHGkLBMDun__CiQYFSEkgSE9B_nNBU&_nc_zt=23&_nc_ht=instagram.fbre4-1.fna&_nc_gid=SDhzOq7w6dnYTxbVXpaj5A&_nc_ss=7c689&oh=00_AQFL2ll9MUyUbvp6O9uqn4M1S0JxIXy-L-NHW6DaKaEy_Q&oe=6A91E8BE,https://www.instagram.com/p/DcYX8qUEXk2/
Supermercado Tuiuiú,Hortifruti / Ovos,Cebola kg,3.99,18/08/2026,https://scontent-atl3-1.cdninstagram.com/v/t39.30808-6/777447994_1710020307798454_4528325776186593053_n.jpg?stp=dst-jpg_e35_tt6&_nc_cat=103&ig_cache_key=Mzk2NjQ1NTkwODUxMTE0NTY4Mg%3D%3D.3-ccb7-5&ccb=7-5&_nc_sid=58cdad&efg=eyJ2ZW5jb2RlX3RhZyI6IkNBUk9VU0VMX0lURU0ueHBpZHMuMTI1NC5zZHIucmVndWxhcl9waG90by5DMyJ9&_nc_ohc=twKBWqtPzMIQ7kNvwHtFPf2&_nc_oc=AdqY02rzNcNdhtIrAXt8S1AnyfxJHhu0IzeoLocdCFR8WiobqM9ygAw7PASpuFfLEH0&_nc_zt=23&_nc_ht=scontent-atl3-1.cdninstagram.com&_nc_gid=62BaiHHjB0TDs3UOEnl1_w&_nc_ss=72289&oh=00_AQFUj0IuZ9OLhTt44_5CE1j9j38nXzGGglUQ9s9pODvQ1g&oe=6A91F05B,https://www.instagram.com/p/DcLrqVKDgyY/
Supermercado Tuiuiú,Hortifruti / Ovos,Banana Nanica kg,3.99,18/08/2026,https://scontent-atl3-1.cdninstagram.com/v/t39.30808-6/777301481_1710020304465121_8078797840628638600_n.jpg?stp=dst-jpg_e35_tt6&_nc_cat=103&ig_cache_key=Mzk2NjQ1NTkwODIzNDMyMDc4MA%3D%3D.3-ccb7-5&ccb=7-5&_nc_sid=58cdad&efg=eyJ2ZW5jb2RlX3RhZyI6IkNBUk9VU0VMX0lURU0ueHBpZHMuMTI1NC5zZHIucmVndWxhcl9waG90by5DMyJ9&_nc_ohc=3RgRl1_zwQgQ7kNvwEsMvja&_nc_oc=AdpfM_BxCD6k0U_c23V40ZO972_Y7fdAbUGcFBOk1E-n2MJq-3snvwTs0QBapwBZYxY&_nc_zt=23&_nc_ht=scontent-atl3-1.cdninstagram.com&_nc_gid=62BaiHHjB0TDs3UOEnl1_w&_nc_ss=72289&oh=00_AQEVaDor97Dy30milCbCP0PHfN4zZvsuf-ibJWbXAByw9w&oe=6A91F23B,https://www.instagram.com/p/DcLrqVKDgyY/
Supermercado São Pedro,Hortifruti / Ovos,Cebola kg,3.99,23/08/2026,https://scontent-ams2-1.cdninstagram.com/v/t39.30808-6/781977378_1500799415426508_4866536164507670119_n.jpg?stp=dst-jpg_e35_tt6&_nc_cat=110&ig_cache_key=Mzk3MDM5MzQ4NDg1OTE4MjA5Mw%3D%3D.3-ccb7-5&ccb=7-5&_nc_sid=58cdad&efg=eyJ2ZW5jb2RlX3RhZyI6IkZFRUQueHBpZHMuMTYzOS5zZHIucmVndWxhcl9waG90by5DMyJ9&_nc_ohc=UUhpBq5mo5UQ7kNvwEd47pk&_nc_oc=Adq_amgDQnVYzhfl4NE43lQiRBqGJDIvn9t9ZVDnzziRz-Ix6bw1P03c8vStUMTeQgg&_nc_zt=23&_nc_ht=scontent-ams2-1.cdninstagram.com&_nc_gid=LigYlBNaumlHJag7xD9SCA&_nc_ss=72689&oh=00_AQHVvklFFqwjTagEteCbjE6PsElni278J74LDbXM5Okjvw&oe=6A91FB4E,https://www.instagram.com/p/DcZq9ajjowN/
Supermercado São Pedro,Hortifruti / Ovos,Banana Nanica kg,3.99,23/08/2026,https://scontent-ams2-1.cdninstagram.com/v/t39.30808-6/781977378_1500799415426508_4866536164507670119_n.jpg?stp=dst-jpg_e35_tt6&_nc_cat=110&ig_cache_key=Mzk3MDM5MzQ4NDg1OTE4MjA5Mw%3D%3D.3-ccb7-5&ccb=7-5&_nc_sid=58cdad&efg=eyJ2ZW5jb2RlX3RhZyI6IkZFRUQueHBpZHMuMTYzOS5zZHIucmVndWxhcl9waG90by5DMyJ9&_nc_ohc=UUhpBq5mo5UQ7kNvwEd47pk&_nc_oc=Adq_amgDQnVYzhfl4NE43lQiRBqGJDIvn9t9ZVDnzziRz-Ix6bw1P03c8vStUMTeQgg&_nc_zt=23&_nc_ht=scontent-ams2-1.cdninstagram.com&_nc_gid=LigYlBNaumlHJag7xD9SCA&_nc_ss=72689&oh=00_AQHVvklFFqwjTagEteCbjE6PsElni278J74LDbXM5Okjvw&oe=6A91FB4E,https://www.instagram.com/p/DcZq9ajjowN/
Supermercado São Pedro,Hortifruti / Ovos,Alface un,3.99,21/08/2026,https://instagram.fvit1-1.fna.fbcdn.net/v/t51.82787-15/779957410_18194460196382122_4239320256883363950_n.jpg?stp=dst-jpg_e35_tt6&_nc_cat=111&ig_cache_key=Mzk2ODYwOTg5OTE2Nzk4NjAwMA%3D%3D.3-ccb7-5&ccb=7-5&_nc_sid=58cdad&efg=eyJ2ZW5jb2RlX3RhZyI6IkNBUk9VU0VMX0lURU0ueHBpZHMuMjE2MS5zZHIucmVndWxhcl9waG90by5DMyJ9&_nc_ohc=lCs7XFPuzTIQ7kNvwHMdJek&_nc_oc=Ado9YP1nN6fC5NNpGEHXRUhijLWbFCEiHGbqv2vOuaxqSnQYYjoBXL6NnIYMxPRV_xM&_nc_zt=23&_nc_ht=instagram.fvit1-1.fna&_nc_gid=D22syVg1HEJfFw9WayW2SA&_nc_ss=72689&oh=00_AQH1tVXLxB1zaLuP2t_RGnEzb4hiyeVkcr4FThOe1wIxYw&oe=6A920B01,https://www.instagram.com/p/DcTVeacG11v/
Supermercado São Pedro,Hortifruti / Ovos,Cebola kg,3.99,21/08/2026,https://instagram.fvit1-1.fna.fbcdn.net/v/t51.82787-15/779957410_18194460196382122_4239320256883363950_n.jpg?stp=dst-jpg_e35_tt6&_nc_cat=111&ig_cache_key=Mzk2ODYwOTg5OTE2Nzk4NjAwMA%3D%3D.3-ccb7-5&ccb=7-5&_nc_sid=58cdad&efg=eyJ2ZW5jb2RlX3RhZyI6IkNBUk9VU0VMX0lURU0ueHBpZHMuMjE2MS5zZHIucmVndWxhcl9waG90by5DMyJ9&_nc_ohc=lCs7XFPuzTIQ7kNvwHMdJek&_nc_oc=Ado9YP1nN6fC5NNpGEHXRUhijLWbFCEiHGbqv2vOuaxqSnQYYjoBXL6NnIYMxPRV_xM&_nc_zt=23&_nc_ht=instagram.fvit1-1.fna&_nc_gid=D22syVg1HEJfFw9WayW2SA&_nc_ss=72689&oh=00_AQH1tVXLxB1zaLuP2t_RGnEzb4hiyeVkcr4FThOe1wIxYw&oe=6A920B01,https://www.instagram.com/p/DcTVeacG11v/
Super Compras Supermercado,Hortifruti / Ovos,Banana Nanica kg,3.99,24/08/2026,https://scontent-mrs2-3.cdninstagram.com/v/t51.82787-15/778986014_18192356080391764_2727967813090525154_n.jpg?stp=dst-jpg_e35_tt6&_nc_cat=111&ig_cache_key=Mzk3MDM4ODQ5NTE4MTQxNTkzNQ%3D%3D.3-ccb7-5&ccb=7-5&_nc_sid=58cdad&efg=eyJ2ZW5jb2RlX3RhZyI6IkZFRUQueHBpZHMuMTQ0MC5zZHIucmVndWxhcl9waG90by5DMyJ9&_nc_ohc=79VNBzqSEmAQ7kNvwFvqzM6&_nc_oc=Adr3dmUZRRH5kuXChKO2veL0ySswd64QZxFbi_15LzfEMTz64R-gL5JhUiltNMzyO08VxVk5AyRR_53GFOLBHTBh&_nc_zt=23&_nc_ht=scontent-mrs2-3.cdninstagram.com&_nc_gid=boM2r1OSp_eEX6fHpWTI9A&_nc_ss=72a8c&oh=00_AQH3YW7uUvTxK9i0ToDFOvjfp1CRHasdSsFFCR9eR_9I4Q&oe=6A91E410,https://www.instagram.com/p/DcZp0zjlgX_/
Super Compras Supermercado,Hortifruti / Ovos,Cebola kg,3.99,24/08/2026,https://scontent-mrs2-3.cdninstagram.com/v/t51.82787-15/778986014_18192356080391764_2727967813090525154_n.jpg?stp=dst-jpg_e35_tt6&_nc_cat=111&ig_cache_key=Mzk3MDM4ODQ5NTE4MTQxNTkzNQ%3D%3D.3-ccb7-5&ccb=7-5&_nc_sid=58cdad&efg=eyJ2ZW5jb2RlX3RhZyI6IkZFRUQueHBpZHMuMTQ0MC5zZHIucmVndWxhcl9waG90by5DMyJ9&_nc_ohc=79VNBzqSEmAQ7kNvwFvqzM6&_nc_oc=Adr3dmUZRRH5kuXChKO2veL0ySswd64QZxFbi_15LzfEMTz64R-gL5JhUiltNMzyO08VxVk5AyRR_53GFOLBHTBh&_nc_zt=23&_nc_ht=scontent-mrs2-3.cdninstagram.com&_nc_gid=boM2r1OSp_eEX6fHpWTI9A&_nc_ss=72a8c&oh=00_AQH3YW7uUvTxK9i0ToDFOvjfp1CRHasdSsFFCR9eR_9I4Q&oe=6A91E410,https://www.instagram.com/p/DcZp0zjlgX_/
Super Compras Supermercado,Hortifruti / Ovos,Batata kg,3.99,24/08/2026,https://scontent-mrs2-3.cdninstagram.com/v/t51.82787-15/778986014_18192356080391764_2727967813090525154_n.jpg?stp=dst-jpg_e35_tt6&_nc_cat=111&ig_cache_key=Mzk3MDM4ODQ5NTE4MTQxNTkzNQ%3D%3D.3-ccb7-5&ccb=7-5&_nc_sid=58cdad&efg=eyJ2ZW5jb2RlX3RhZyI6IkZFRUQueHBpZHMuMTQ0MC5zZHIucmVndWxhcl9waG90by5DMyJ9&_nc_ohc=79VNBzqSEmAQ7kNvwFvqzM6&_nc_oc=Adr3dmUZRRH5kuXChKO2veL0ySswd64QZxFbi_15LzfEMTz64R-gL5JhUiltNMzyO08VxVk5AyRR_53GFOLBHTBh&_nc_zt=23&_nc_ht=scontent-mrs2-3.cdninstagram.com&_nc_gid=boM2r1OSp_eEX6fHpWTI9A&_nc_ss=72a8c&oh=00_AQH3YW7uUvTxK9i0ToDFOvjfp1CRHasdSsFFCR9eR_9I4Q&oe=6A91E410,https://www.instagram.com/p/DcZp0zjlgX_/
Super Compras Supermercado,Hortifruti / Ovos,Cebola kg,3.99,22/08/2026,https://instagram.fhnd4-2.fna.fbcdn.net/v/t51.82787-15/781425562_18192143110391764_1116124836587707156_n.jpg?stp=dst-jpg_e35_tt6&_nc_cat=103&ig_cache_key=Mzk2ODk1MTQ4MDU4NDU2NzM5OQ%3D%3D.3-ccb7-5&ccb=7-5&_nc_sid=58cdad&efg=eyJ2ZW5jb2RlX3RhZyI6IkZFRUQueHBpZHMuMTQ0MC5zZHIucmVndWxhcl9waG90by5DMyJ9&_nc_ohc=FnigSYXdvhUQ7kNvwGXzknp&_nc_oc=Adps55DoKyqmrWdWQUTA7FYDHhwuGX5ODLDyh8zgmtqOKIUTt5g2BLPDmUgP7m66ncgYpvQuBS5XgB_kdc55Ke0F&_nc_zt=23&_nc_ht=instagram.fhnd4-2.fna&_nc_gid=v_FwtKEs20pddOedUtX__A&_nc_ss=7da8c&oh=00_AQGsR9bBGsAC7MHFTtBjjgEzYgQpiipyoaBw-VB2zTcdEA&oe=6A91DD60,https://www.instagram.com/p/DcUjFfbAPpn/
Supermercado Tuiuiú,Hortifruti / Ovos,Abacate kg,4.49,18/08/2026,https://scontent-atl3-1.cdninstagram.com/v/t39.30808-6/777301481_1710020304465121_8078797840628638600_n.jpg?stp=dst-jpg_e35_tt6&_nc_cat=103&ig_cache_key=Mzk2NjQ1NTkwODIzNDMyMDc4MA%3D%3D.3-ccb7-5&ccb=7-5&_nc_sid=58cdad&efg=eyJ2ZW5jb2RlX3RhZyI6IkNBUk9VU0VMX0lURU0ueHBpZHMuMTI1NC5zZHIucmVndWxhcl9waG90by5DMyJ9&_nc_ohc=3RgRl1_zwQgQ7kNvwEsMvja&_nc_oc=AdpfM_BxCD6k0U_c23V40ZO972_Y7fdAbUGcFBOk1E-n2MJq-3snvwTs0QBapwBZYxY&_nc_zt=23&_nc_ht=scontent-atl3-1.cdninstagram.com&_nc_gid=62BaiHHjB0TDs3UOEnl1_w&_nc_ss=72289&oh=00_AQEVaDor97Dy30milCbCP0PHfN4zZvsuf-ibJWbXAByw9w&oe=6A91F23B,https://www.instagram.com/p/DcLrqVKDgyY/
Supermercado Tuiuiú,Hortifruti / Ovos,Maçã kg,4.49,18/08/2026,https://scontent-atl3-1.cdninstagram.com/v/t39.30808-6/777301481_1710020304465121_8078797840628638600_n.jpg?stp=dst-jpg_e35_tt6&_nc_cat=103&ig_cache_key=Mzk2NjQ1NTkwODIzNDMyMDc4MA%3D%3D.3-ccb7-5&ccb=7-5&_nc_sid=58cdad&efg=eyJ2ZW5jb2RlX3RhZyI6IkNBUk9VU0VMX0lURU0ueHBpZHMuMTI1NC5zZHIucmVndWxhcl9waG90by5DMyJ9&_nc_ohc=3RgRl1_zwQgQ7kNvwEsMvja&_nc_oc=AdpfM_BxCD6k0U_c23V40ZO972_Y7fdAbUGcFBOk1E-n2MJq-3snvwTs0QBapwBZYxY&_nc_zt=23&_nc_ht=scontent-atl3-1.cdninstagram.com&_nc_gid=62BaiHHjB0TDs3UOEnl1_w&_nc_ss=72289&oh=00_AQEVaDor97Dy30milCbCP0PHfN4zZvsuf-ibJWbXAByw9w&oe=6A91F23B,https://www.instagram.com/p/DcLrqVKDgyY/
SUPERMERCADO PARANAENSE,Hortifruti / Ovos,Banana Nanica kg,4.49,18/08/2026,https://instagram.fntr10-2.fna.fbcdn.net/v/t51.82787-15/776497113_17905958139496981_1354687170106809568_n.jpg?stp=dst-jpg_e35_tt6&_nc_cat=109&ig_cache_key=Mzk2NjA3NDMyOTQwNzcyMjY0Nw%3D%3D.3-ccb7-5&ccb=7-5&_nc_sid=58cdad&efg=eyJ2ZW5jb2RlX3RhZyI6IkZFRUQueHBpZHMuMTM1MC5zZHIucmVndWxhcl9waG90by5DMyJ9&_nc_ohc=DCZqFsfkuQoQ7kNvwHYYCjv&_nc_oc=AdpNsezT7yFueZCm6zPMzW0kEYlfjcgSV3gyI5Xc179dk3sG-gi4IrRyLNjOzqZPUDj7rW0dG0wdWObqpPwTAIeu&_nc_zt=23&_nc_ht=instagram.fntr10-2.fna&_nc_gid=3fXFm_cBeXFQbMCckdGeEA&_nc_ss=72a8c&oh=00_AQEOhoy40n1bq50mlYNg0iBUJZOWXnxjQYJ7KfOPdCQQDQ&oe=6A91F9D6,https://www.instagram.com/p/DcKU5blJJSX/
Machadão Atacadista,Hortifruti / Ovos,Abacate Margarida kg,4.79,24/08/2026,https://scontent-yyz1-1.cdninstagram.com/v/t39.30808-6/783757949_1356290299924261_2463747962120821772_n.jpg?stp=dst-jpg_e35_tt6&_nc_cat=101&ig_cache_key=Mzk3MDQxMTA4NzM4OTIzNTgxMw%3D%3D.3-ccb7-5&ccb=7-5&_nc_sid=58cdad&efg=eyJ2ZW5jb2RlX3RhZyI6IkNBUk9VU0VMX0lURU0ueHBpZHMuMTYzOC5zZHIucmVndWxhcl9waG90by5DMyJ9&_nc_ohc=KQAoNMivhr4Q7kNvwFcuyoN&_nc_oc=AdrUMEnjil4B_Mn2YTNaxzUDZ-RwIt1IekfP02B2fphWfTqh-IDv6kmyb6qubTJrLuo&_nc_zt=23&_nc_ht=scontent-yyz1-1.cdninstagram.com&_nc_gid=HuffGH0ULP5T3qtSFKsH0g&_nc_ss=72a8c&oh=00_AQGzTZJRg2ORUNj0rWgVo1Ho6S45dm2Qpx0lZPZUGMNEpg&oe=6A91ED23,https://www.instagram.com/p/DcZu9z8mzVT/
Machadão Atacadista,Hortifruti / Ovos,Batata Doce kg,4.79,24/08/2026,https://scontent-yyz1-1.cdninstagram.com/v/t39.30808-6/778972431_1356290069924284_6498137789849159127_n.jpg?stp=dst-jpg_e35_tt6&_nc_cat=100&ig_cache_key=Mzk3MDQxMTA4NzIzODI1NDU1NA%3D%3D.3-ccb7-5&ccb=7-5&_nc_sid=58cdad&efg=eyJ2ZW5jb2RlX3RhZyI6IkNBUk9VU0VMX0lURU0ueHBpZHMuMTYzOC5zZHIucmVndWxhcl9waG90by5DMyJ9&_nc_ohc=z0LiOSTtypkQ7kNvwHMJnrF&_nc_oc=AdoD4N7SJX-QlS1Y9cS-NJs6yQIw8spqYuE_VX7-nvOSa8ov3PlJwxvdHD4gNqmv-Do&_nc_zt=23&_nc_ht=scontent-yyz1-1.cdninstagram.com&_nc_gid=HuffGH0ULP5T3qtSFKsH0g&_nc_ss=72a8c&oh=00_AQF6FZcjlnngUdGaUcq5OeESzhInd6rsG2ztkMrtTvS7KA&oe=6A91D70F,https://www.instagram.com/p/DcZu9z8mzVT/
Machadão Atacadista,Hortifruti / Ovos,Batata Doce kg,4.79,24/08/2026,https://scontent-yyz1-1.cdninstagram.com/v/t39.30808-6/780203515_1356290893257535_5931265324767059161_n.jpg?stp=dst-jpg_e35_tt6&_nc_cat=105&ig_cache_key=Mzk3MDQxMTA4NjUwMDAwNTgwNg%3D%3D.3-ccb7-5&ccb=7-5&_nc_sid=58cdad&efg=eyJ2ZW5jb2RlX3RhZyI6IkNBUk9VU0VMX0lURU0ueHBpZHMuMTYzOC5zZHIucmVndWxhcl9waG90by5DMyJ9&_nc_ohc=tGahzaBo_-YQ7kNvwFC0Ls-&_nc_oc=Adqlu7k5nAtNdgJ20MO2s6QYrGr3_VLcMchWk-yV2UE7aValTMKM1EaRFujAx0fxwJI&_nc_zt=23&_nc_ht=scontent-yyz1-1.cdninstagram.com&_nc_gid=HuffGH0ULP5T3qtSFKsH0g&_nc_ss=72a8c&oh=00_AQE1YX92NQAlje1LyUdZK3sERmHKqAaWMHhVz-McGG2LGQ&oe=6A91E83F,https://www.instagram.com/p/DcZu9z8mzVT/
SUPERMERCADO PARANAENSE,Hortifruti / Ovos,Cebola kg,4.89,18/08/2026,https://instagram.fntr10-2.fna.fbcdn.net/v/t51.82787-15/776497113_17905958139496981_1354687170106809568_n.jpg?stp=dst-jpg_e35_tt6&_nc_cat=109&ig_cache_key=Mzk2NjA3NDMyOTQwNzcyMjY0Nw%3D%3D.3-ccb7-5&ccb=7-5&_nc_sid=58cdad&efg=eyJ2ZW5jb2RlX3RhZyI6IkZFRUQueHBpZHMuMTM1MC5zZHIucmVndWxhcl9waG90by5DMyJ9&_nc_ohc=DCZqFsfkuQoQ7kNvwHYYCjv&_nc_oc=AdpNsezT7yFueZCm6zPMzW0kEYlfjcgSV3gyI5Xc179dk3sG-gi4IrRyLNjOzqZPUDj7rW0dG0wdWObqpPwTAIeu&_nc_zt=23&_nc_ht=instagram.fntr10-2.fna&_nc_gid=3fXFm_cBeXFQbMCckdGeEA&_nc_ss=72a8c&oh=00_AQEOhoy40n1bq50mlYNg0iBUJZOWXnxjQYJ7KfOPdCQQDQ&oe=6A91F9D6,https://www.instagram.com/p/DcKU5blJJSX/
Machadão Atacadista,Hortifruti / Ovos,Batata Inglesa kg,4.98,24/08/2026,https://scontent-yyz1-1.cdninstagram.com/v/t39.30808-6/783757949_1356290299924261_2463747962120821772_n.jpg?stp=dst-jpg_e35_tt6&_nc_cat=101&ig_cache_key=Mzk3MDQxMTA4NzM4OTIzNTgxMw%3D%3D.3-ccb7-5&ccb=7-5&_nc_sid=58cdad&efg=eyJ2ZW5jb2RlX3RhZyI6IkNBUk9VU0VMX0lURU0ueHBpZHMuMTYzOC5zZHIucmVndWxhcl9waG90by5DMyJ9&_nc_ohc=KQAoNMivhr4Q7kNvwFcuyoN&_nc_oc=AdrUMEnjil4B_Mn2YTNaxzUDZ-RwIt1IekfP02B2fphWfTqh-IDv6kmyb6qubTJrLuo&_nc_zt=23&_nc_ht=scontent-yyz1-1.cdninstagram.com&_nc_gid=HuffGH0ULP5T3qtSFKsH0g&_nc_ss=72a8c&oh=00_AQGzTZJRg2ORUNj0rWgVo1Ho6S45dm2Qpx0lZPZUGMNEpg&oe=6A91ED23,https://www.instagram.com/p/DcZu9z8mzVT/
Machadão Atacadista,Hortifruti / Ovos,Maçã Gala Baby kg,4.98,24/08/2026,https://scontent-yyz1-1.cdninstagram.com/v/t39.30808-6/778972431_1356290069924284_6498137789849159127_n.jpg?stp=dst-jpg_e35_tt6&_nc_cat=100&ig_cache_key=Mzk3MDQxMTA4NzIzODI1NDU1NA%3D%3D.3-ccb7-5&ccb=7-5&_nc_sid=58cdad&efg=eyJ2ZW5jb2RlX3RhZyI6IkNBUk9VU0VMX0lURU0ueHBpZHMuMTYzOC5zZHIucmVndWxhcl9waG90by5DMyJ9&_nc_ohc=z0LiOSTtypkQ7kNvwHMJnrF&_nc_oc=AdoD4N7SJX-QlS1Y9cS-NJs6yQIw8spqYuE_VX7-nvOSa8ov3PlJwxvdHD4gNqmv-Do&_nc_zt=23&_nc_ht=scontent-yyz1-1.cdninstagram.com&_nc_gid=HuffGH0ULP5T3qtSFKsH0g&_nc_ss=72a8c&oh=00_AQF6FZcjlnngUdGaUcq5OeESzhInd6rsG2ztkMrtTvS7KA&oe=6A91D70F,https://www.instagram.com/p/DcZu9z8mzVT/
Machadão Atacadista,Hortifruti / Ovos,Maçã Gala Baby kg,4.98,24/08/2026,https://scontent-yyz1-1.cdninstagram.com/v/t39.30808-6/780203515_1356290893257535_5931265324767059161_n.jpg?stp=dst-jpg_e35_tt6&_nc_cat=105&ig_cache_key=Mzk3MDQxMTA4NjUwMDAwNTgwNg%3D%3D.3-ccb7-5&ccb=7-5&_nc_sid=58cdad&efg=eyJ2ZW5jb2RlX3RhZyI6IkNBUk9VU0VMX0lURU0ueHBpZHMuMTYzOC5zZHIucmVndWxhcl9waG90by5DMyJ9&_nc_ohc=tGahzaBo_-YQ7kNvwFC0Ls-&_nc_oc=Adqlu7k5nAtNdgJ20MO2s6QYrGr3_VLcMchWk-yV2UE7aValTMKM1EaRFujAx0fxwJI&_nc_zt=23&_nc_ht=scontent-yyz1-1.cdninstagram.com&_nc_gid=HuffGH0ULP5T3qtSFKsH0g&_nc_ss=72a8c&oh=00_AQE1YX92NQAlje1LyUdZK3sERmHKqAaWMHhVz-McGG2LGQ&oe=6A91E83F,https://www.instagram.com/p/DcZu9z8mzVT/
Supermercado Tuiuiú,Hortifruti / Ovos,Melão kg,4.99,18/08/2026,https://scontent-atl3-1.cdninstagram.com/v/t39.30808-6/777982555_1710020311131787_3611835878768459759_n.jpg?stp=dst-jpg_e35_tt6&_nc_cat=103&ig_cache_key=Mzk2NjQ1NTkwODY3MDU1MDYzOQ%3D%3D.3-ccb7-5&ccb=7-5&_nc_sid=58cdad&efg=eyJ2ZW5jb2RlX3RhZyI6IkNBUk9VU0VMX0lURU0ueHBpZHMuMTI1NC5zZHIucmVndWxhcl9waG90by5DMyJ9&_nc_ohc=5MOA8ejxVvUQ7kNvwGku-cT&_nc_oc=AdqoKW7ZGfLuYyn9u31G_137ppCPK3q6WUcKUaxqJ3EvgFTLV3KZp4nQYIouF2HWvNk&_nc_zt=23&_nc_ht=scontent-atl3-1.cdninstagram.com&_nc_gid=62BaiHHjB0TDs3UOEnl1_w&_nc_ss=72289&oh=00_AQHlRhcvMHkVbmJghfehC127Zn6Kr4FBYEviae2_Z8tT1A&oe=6A91E380,https://www.instagram.com/p/DcLrqVKDgyY/
Supermercado Tuiuiú,Hortifruti / Ovos,Mamão Formosa kg,4.99,18/08/2026,https://scontent-atl3-1.cdninstagram.com/v/t39.30808-6/777982555_1710020311131787_3611835878768459759_n.jpg?stp=dst-jpg_e35_tt6&_nc_cat=103&ig_cache_key=Mzk2NjQ1NTkwODY3MDU1MDYzOQ%3D%3D.3-ccb7-5&ccb=7-5&_nc_sid=58cdad&efg=eyJ2ZW5jb2RlX3RhZyI6IkNBUk9VU0VMX0lURU0ueHBpZHMuMTI1NC5zZHIucmVndWxhcl9waG90by5DMyJ9&_nc_ohc=5MOA8ejxVvUQ7kNvwGku-cT&_nc_oc=AdqoKW7ZGfLuYyn9u31G_137ppCPK3q6WUcKUaxqJ3EvgFTLV3KZp4nQYIouF2HWvNk&_nc_zt=23&_nc_ht=scontent-atl3-1.cdninstagram.com&_nc_gid=62BaiHHjB0TDs3UOEnl1_w&_nc_ss=72289&oh=00_AQHlRhcvMHkVbmJghfehC127Zn6Kr4FBYEviae2_Z8tT1A&oe=6A91E380,https://www.instagram.com/p/DcLrqVKDgyY/
Machadão Atacadista,Hortifruti / Ovos,Batata Doce kg,4.99,24/08/2026,https://scontent-yyz1-1.cdninstagram.com/v/t39.30808-6/783757949_1356290299924261_2463747962120821772_n.jpg?stp=dst-jpg_e35_tt6&_nc_cat=101&ig_cache_key=Mzk3MDQxMTA4NzM4OTIzNTgxMw%3D%3D.3-ccb7-5&ccb=7-5&_nc_sid=58cdad&efg=eyJ2ZW5jb2RlX3RhZyI6IkNBUk9VU0VMX0lURU0ueHBpZHMuMTYzOC5zZHIucmVndWxhcl9waG90by5DMyJ9&_nc_ohc=KQAoNMivhr4Q7kNvwFcuyoN&_nc_oc=AdrUMEnjil4B_Mn2YTNaxzUDZ-RwIt1IekfP02B2fphWfTqh-IDv6kmyb6qubTJrLuo&_nc_zt=23&_nc_ht=scontent-yyz1-1.cdninstagram.com&_nc_gid=HuffGH0ULP5T3qtSFKsH0g&_nc_ss=72a8c&oh=00_AQGzTZJRg2ORUNj0rWgVo1Ho6S45dm2Qpx0lZPZUGMNEpg&oe=6A91ED23,https://www.instagram.com/p/DcZu9z8mzVT/
Machadão Atacadista,Hortifruti / Ovos,Cebola kg,4.99,24/08/2026,https://scontent-yyz1-1.cdninstagram.com/v/t39.30808-6/783757949_1356290299924261_2463747962120821772_n.jpg?stp=dst-jpg_e35_tt6&_nc_cat=101&ig_cache_key=Mzk3MDQxMTA4NzM4OTIzNTgxMw%3D%3D.3-ccb7-5&ccb=7-5&_nc_sid=58cdad&efg=eyJ2ZW5jb2RlX3RhZyI6IkNBUk9VU0VMX0lURU0ueHBpZHMuMTYzOC5zZHIucmVndWxhcl9waG90by5DMyJ9&_nc_ohc=KQAoNMivhr4Q7kNvwFcuyoN&_nc_oc=AdrUMEnjil4B_Mn2YTNaxzUDZ-RwIt1IekfP02B2fphWfTqh-IDv6kmyb6qubTJrLuo&_nc_zt=23&_nc_ht=scontent-yyz1-1.cdninstagram.com&_nc_gid=HuffGH0ULP5T3qtSFKsH0g&_nc_ss=72a8c&oh=00_AQGzTZJRg2ORUNj0rWgVo1Ho6S45dm2Qpx0lZPZUGMNEpg&oe=6A91ED23,https://www.instagram.com/p/DcZu9z8mzVT/
Machadão Atacadista,Hortifruti / Ovos,Cebola Graúda kg,5.48,24/08/2026,https://scontent-yyz1-1.cdninstagram.com/v/t39.30808-6/778972431_1356290069924284_6498137789849159127_n.jpg?stp=dst-jpg_e35_tt6&_nc_cat=100&ig_cache_key=Mzk3MDQxMTA4NzIzODI1NDU1NA%3D%3D.3-ccb7-5&ccb=7-5&_nc_sid=58cdad&efg=eyJ2ZW5jb2RlX3RhZyI6IkNBUk9VU0VMX0lURU0ueHBpZHMuMTYzOC5zZHIucmVndWxhcl9waG90by5DMyJ9&_nc_ohc=z0LiOSTtypkQ7kNvwHMJnrF&_nc_oc=AdoD4N7SJX-QlS1Y9cS-NJs6yQIw8spqYuE_VX7-nvOSa8ov3PlJwxvdHD4gNqmv-Do&_nc_zt=23&_nc_ht=scontent-yyz1-1.cdninstagram.com&_nc_gid=HuffGH0ULP5T3qtSFKsH0g&_nc_ss=72a8c&oh=00_AQF6FZcjlnngUdGaUcq5OeESzhInd6rsG2ztkMrtTvS7KA&oe=6A91D70F,https://www.instagram.com/p/DcZu9z8mzVT/
Machadão Atacadista,Hortifruti / Ovos,Cebola Graúda kg,5.48,24/08/2026,https://scontent-yyz1-1.cdninstagram.com/v/t39.30808-6/780203515_1356290893257535_5931265324767059161_n.jpg?stp=dst-jpg_e35_tt6&_nc_cat=105&ig_cache_key=Mzk3MDQxMTA4NjUwMDAwNTgwNg%3D%3D.3-ccb7-5&ccb=7-5&_nc_sid=58cdad&efg=eyJ2ZW5jb2RlX3RhZyI6IkNBUk9VU0VMX0lURU0ueHBpZHMuMTYzOC5zZHIucmVndWxhcl9waG90by5DMyJ9&_nc_ohc=tGahzaBo_-YQ7kNvwFC0Ls-&_nc_oc=Adqlu7k5nAtNdgJ20MO2s6QYrGr3_VLcMchWk-yV2UE7aValTMKM1EaRFujAx0fxwJI&_nc_zt=23&_nc_ht=scontent-yyz1-1.cdninstagram.com&_nc_gid=HuffGH0ULP5T3qtSFKsH0g&_nc_ss=72a8c&oh=00_AQE1YX92NQAlje1LyUdZK3sERmHKqAaWMHhVz-McGG2LGQ&oe=6A91E83F,https://www.instagram.com/p/DcZu9z8mzVT/
Super Compras Supermercado,Hortifruti / Ovos,Maçã kg,5.49,24/08/2026,https://scontent-mrs2-3.cdninstagram.com/v/t51.82787-15/778986014_18192356080391764_2727967813090525154_n.jpg?stp=dst-jpg_e35_tt6&_nc_cat=111&ig_cache_key=Mzk3MDM4ODQ5NTE4MTQxNTkzNQ%3D%3D.3-ccb7-5&ccb=7-5&_nc_sid=58cdad&efg=eyJ2ZW5jb2RlX3RhZyI6IkZFRUQueHBpZHMuMTQ0MC5zZHIucmVndWxhcl9waG90by5DMyJ9&_nc_ohc=79VNBzqSEmAQ7kNvwFvqzM6&_nc_oc=Adr3dmUZRRH5kuXChKO2veL0ySswd64QZxFbi_15LzfEMTz64R-gL5JhUiltNMzyO08VxVk5AyRR_53GFOLBHTBh&_nc_zt=23&_nc_ht=scontent-mrs2-3.cdninstagram.com&_nc_gid=boM2r1OSp_eEX6fHpWTI9A&_nc_ss=72a8c&oh=00_AQH3YW7uUvTxK9i0ToDFOvjfp1CRHasdSsFFCR9eR_9I4Q&oe=6A91E410,https://www.instagram.com/p/DcZp0zjlgX_/
Super Compras Supermercado,Hortifruti / Ovos,Tomate kg,5.49,24/08/2026,https://scontent-mrs2-3.cdninstagram.com/v/t51.82787-15/778986014_18192356080391764_2727967813090525154_n.jpg?stp=dst-jpg_e35_tt6&_nc_cat=111&ig_cache_key=Mzk3MDM4ODQ5NTE4MTQxNTkzNQ%3D%3D.3-ccb7-5&ccb=7-5&_nc_sid=58cdad&efg=eyJ2ZW5jb2RlX3RhZyI6IkZFRUQueHBpZHMuMTQ0MC5zZHIucmVndWxhcl9waG90by5DMyJ9&_nc_ohc=79VNBzqSEmAQ7kNvwFvqzM6&_nc_oc=Adr3dmUZRRH5kuXChKO2veL0ySswd64QZxFbi_15LzfEMTz64R-gL5JhUiltNMzyO08VxVk5AyRR_53GFOLBHTBh&_nc_zt=23&_nc_ht=scontent-mrs2-3.cdninstagram.com&_nc_gid=boM2r1OSp_eEX6fHpWTI9A&_nc_ss=72a8c&oh=00_AQH3YW7uUvTxK9i0ToDFOvjfp1CRHasdSsFFCR9eR_9I4Q&oe=6A91E410,https://www.instagram.com/p/DcZp0zjlgX_/
Super Compras Supermercado,Hortifruti / Ovos,Alface,5.59,21/08/2026,https://instagram.fxap4-1.fna.fbcdn.net/v/t51.82787-15/780140079_18192045034391764_7683991793781918786_n.jpg?stp=dst-jpg_e35_tt6&_nc_cat=103&ig_cache_key=Mzk2ODIxODA0ODc2ODI1MjE2NA%3D%3D.3-ccb7-5&ccb=7-5&_nc_sid=58cdad&efg=eyJ2ZW5jb2RlX3RhZyI6IkZFRUQueHBpZHMuMTQ0MC5zZHIucmVndWxhcl9waG90by5DMyJ9&_nc_ohc=MnWLmv7izFEQ7kNvwE-eCc-&_nc_oc=AdqKht5W2R0I8k67jI7AsuyyWWxTtRw-e9ACS9VMBWR1sIb6wTIcVZPsbh4cMYgGFw8&_nc_zt=23&_nc_ht=instagram.fxap4-1.fna&_nc_gid=VZPB67okKU0e0ifowzVMWA&_nc_ss=72a8c&oh=00_AQHczTI5i8sJva23g6egbIopSplYbu73tBW58x_YqjBIcQ&oe=6A92052E,https://www.instagram.com/p/DcR8Up0IBkE/
Machadão Atacadista,Hortifruti / Ovos,Abacaxi Pérola,5.79,24/08/2026,https://scontent-yyz1-1.cdninstagram.com/v/t39.30808-6/778972431_1356290069924284_6498137789849159127_n.jpg?stp=dst-jpg_e35_tt6&_nc_cat=100&ig_cache_key=Mzk3MDQxMTA4NzIzODI1NDU1NA%3D%3D.3-ccb7-5&ccb=7-5&_nc_sid=58cdad&efg=eyJ2ZW5jb2RlX3RhZyI6IkNBUk9VU0VMX0lURU0ueHBpZHMuMTYzOC5zZHIucmVndWxhcl9waG90by5DMyJ9&_nc_ohc=z0LiOSTtypkQ7kNvwHMJnrF&_nc_oc=AdoD4N7SJX-QlS1Y9cS-NJs6yQIw8spqYuE_VX7-nvOSa8ov3PlJwxvdHD4gNqmv-Do&_nc_zt=23&_nc_ht=scontent-yyz1-1.cdninstagram.com&_nc_gid=HuffGH0ULP5T3qtSFKsH0g&_nc_ss=72a8c&oh=00_AQF6FZcjlnngUdGaUcq5OeESzhInd6rsG2ztkMrtTvS7KA&oe=6A91D70F,https://www.instagram.com/p/DcZu9z8mzVT/
Machadão Atacadista,Hortifruti / Ovos,Abacaxi Pérola,5.79,24/08/2026,https://scontent-yyz1-1.cdninstagram.com/v/t39.30808-6/780203515_1356290893257535_5931265324767059161_n.jpg?stp=dst-jpg_e35_tt6&_nc_cat=105&ig_cache_key=Mzk3MDQxMTA4NjUwMDAwNTgwNg%3D%3D.3-ccb7-5&ccb=7-5&_nc_sid=58cdad&efg=eyJ2ZW5jb2RlX3RhZyI6IkNBUk9VU0VMX0lURU0ueHBpZHMuMTYzOC5zZHIucmVndWxhcl9waG90by5DMyJ9&_nc_ohc=tGahzaBo_-YQ7kNvwFC0Ls-&_nc_oc=Adqlu7k5nAtNdgJ20MO2s6QYrGr3_VLcMchWk-yV2UE7aValTMKM1EaRFujAx0fxwJI&_nc_zt=23&_nc_ht=scontent-yyz1-1.cdninstagram.com&_nc_gid=HuffGH0ULP5T3qtSFKsH0g&_nc_ss=72a8c&oh=00_AQE1YX92NQAlje1LyUdZK3sERmHKqAaWMHhVz-McGG2LGQ&oe=6A91E83F,https://www.instagram.com/p/DcZu9z8mzVT/
Supermercado São Pedro,Hortifruti / Ovos,Mamão Formosa kg,5.89,23/08/2026,https://scontent-ams2-1.cdninstagram.com/v/t39.30808-6/781977378_1500799415426508_4866536164507670119_n.jpg?stp=dst-jpg_e35_tt6&_nc_cat=110&ig_cache_key=Mzk3MDM5MzQ4NDg1OTE4MjA5Mw%3D%3D.3-ccb7-5&ccb=7-5&_nc_sid=58cdad&efg=eyJ2ZW5jb2RlX3RhZyI6IkZFRUQueHBpZHMuMTYzOS5zZHIucmVndWxhcl9waG90by5DMyJ9&_nc_ohc=UUhpBq5mo5UQ7kNvwEd47pk&_nc_oc=Adq_amgDQnVYzhfl4NE43lQiRBqGJDIvn9t9ZVDnzziRz-Ix6bw1P03c8vStUMTeQgg&_nc_zt=23&_nc_ht=scontent-ams2-1.cdninstagram.com&_nc_gid=LigYlBNaumlHJag7xD9SCA&_nc_ss=72689&oh=00_AQHVvklFFqwjTagEteCbjE6PsElni278J74LDbXM5Okjvw&oe=6A91FB4E,https://www.instagram.com/p/DcZq9ajjowN/
Super Compras Supermercado,Hortifruti / Ovos,Mamão Comum kg,5.99,24/08/2026,https://scontent-mrs2-3.cdninstagram.com/v/t51.82787-15/778986014_18192356080391764_2727967813090525154_n.jpg?stp=dst-jpg_e35_tt6&_nc_cat=111&ig_cache_key=Mzk3MDM4ODQ5NTE4MTQxNTkzNQ%3D%3D.3-ccb7-5&ccb=7-5&_nc_sid=58cdad&efg=eyJ2ZW5jb2RlX3RhZyI6IkZFRUQueHBpZHMuMTQ0MC5zZHIucmVndWxhcl9waG90by5DMyJ9&_nc_ohc=79VNBzqSEmAQ7kNvwFvqzM6&_nc_oc=Adr3dmUZRRH5kuXChKO2veL0ySswd64QZxFbi_15LzfEMTz64R-gL5JhUiltNMzyO08VxVk5AyRR_53GFOLBHTBh&_nc_zt=23&_nc_ht=scontent-mrs2-3.cdninstagram.com&_nc_gid=boM2r1OSp_eEX6fHpWTI9A&_nc_ss=72a8c&oh=00_AQH3YW7uUvTxK9i0ToDFOvjfp1CRHasdSsFFCR9eR_9I4Q&oe=6A91E410,https://www.instagram.com/p/DcZp0zjlgX_/
SUPERMERCADO PARANAENSE,Hortifruti / Ovos,Tomate Italiano kg,5.99,18/08/2026,https://instagram.fntr10-2.fna.fbcdn.net/v/t51.82787-15/776497113_17905958139496981_1354687170106809568_n.jpg?stp=dst-jpg_e35_tt6&_nc_cat=109&ig_cache_key=Mzk2NjA3NDMyOTQwNzcyMjY0Nw%3D%3D.3-ccb7-5&ccb=7-5&_nc_sid=58cdad&efg=eyJ2ZW5jb2RlX3RhZyI6IkZFRUQueHBpZHMuMTM1MC5zZHIucmVndWxhcl9waG90by5DMyJ9&_nc_ohc=DCZqFsfkuQoQ7kNvwHYYCjv&_nc_oc=AdpNsezT7yFueZCm6zPMzW0kEYlfjcgSV3gyI5Xc179dk3sG-gi4IrRyLNjOzqZPUDj7rW0dG0wdWObqpPwTAIeu&_nc_zt=23&_nc_ht=instagram.fntr10-2.fna&_nc_gid=3fXFm_cBeXFQbMCckdGeEA&_nc_ss=72a8c&oh=00_AQEOhoy40n1bq50mlYNg0iBUJZOWXnxjQYJ7KfOPdCQQDQ&oe=6A91F9D6,https://www.instagram.com/p/DcKU5blJJSX/
Supermercado São Pedro,Hortifruti / Ovos,Melão Amarelo kg,6.19,23/08/2026,https://scontent-ams2-1.cdninstagram.com/v/t39.30808-6/781977378_1500799415426508_4866536164507670119_n.jpg?stp=dst-jpg_e35_tt6&_nc_cat=110&ig_cache_key=Mzk3MDM5MzQ4NDg1OTE4MjA5Mw%3D%3D.3-ccb7-5&ccb=7-5&_nc_sid=58cdad&efg=eyJ2ZW5jb2RlX3RhZyI6IkZFRUQueHBpZHMuMTYzOS5zZHIucmVndWxhcl9waG90by5DMyJ9&_nc_ohc=UUhpBq5mo5UQ7kNvwEd47pk&_nc_oc=Adq_amgDQnVYzhfl4NE43lQiRBqGJDIvn9t9ZVDnzziRz-Ix6bw1P03c8vStUMTeQgg&_nc_zt=23&_nc_ht=scontent-ams2-1.cdninstagram.com&_nc_gid=LigYlBNaumlHJag7xD9SCA&_nc_ss=72689&oh=00_AQHVvklFFqwjTagEteCbjE6PsElni278J74LDbXM5Okjvw&oe=6A91FB4E,https://www.instagram.com/p/DcZq9ajjowN/
Supermercado Tuiuiú,Hortifruti / Ovos,Uva Vitória,6.49,18/08/2026,https://scontent-atl3-1.cdninstagram.com/v/t39.30808-6/777301481_1710020304465121_8078797840628638600_n.jpg?stp=dst-jpg_e35_tt6&_nc_cat=103&ig_cache_key=Mzk2NjQ1NTkwODIzNDMyMDc4MA%3D%3D.3-ccb7-5&ccb=7-5&_nc_sid=58cdad&efg=eyJ2ZW5jb2RlX3RhZyI6IkNBUk9VU0VMX0lURU0ueHBpZHMuMTI1NC5zZHIucmVndWxhcl9waG90by5DMyJ9&_nc_ohc=3RgRl1_zwQgQ7kNvwEsMvja&_nc_oc=AdpfM_BxCD6k0U_c23V40ZO972_Y7fdAbUGcFBOk1E-n2MJq-3snvwTs0QBapwBZYxY&_nc_zt=23&_nc_ht=scontent-atl3-1.cdninstagram.com&_nc_gid=62BaiHHjB0TDs3UOEnl1_w&_nc_ss=72289&oh=00_AQEVaDor97Dy30milCbCP0PHfN4zZvsuf-ibJWbXAByw9w&oe=6A91F23B,https://www.instagram.com/p/DcLrqVKDgyY/
Machadão Atacadista,Hortifruti / Ovos,Tomate Italiano kg,6.49,24/08/2026,https://scontent-yyz1-1.cdninstagram.com/v/t39.30808-6/778972431_1356290069924284_6498137789849159127_n.jpg?stp=dst-jpg_e35_tt6&_nc_cat=100&ig_cache_key=Mzk3MDQxMTA4NzIzODI1NDU1NA%3D%3D.3-ccb7-5&ccb=7-5&_nc_sid=58cdad&efg=eyJ2ZW5jb2RlX3RhZyI6IkNBUk9VU0VMX0lURU0ueHBpZHMuMTYzOC5zZHIucmVndWxhcl9waG90by5DMyJ9&_nc_ohc=z0LiOSTtypkQ7kNvwHMJnrF&_nc_oc=AdoD4N7SJX-QlS1Y9cS-NJs6yQIw8spqYuE_VX7-nvOSa8ov3PlJwxvdHD4gNqmv-Do&_nc_zt=23&_nc_ht=scontent-yyz1-1.cdninstagram.com&_nc_gid=HuffGH0ULP5T3qtSFKsH0g&_nc_ss=72a8c&oh=00_AQF6FZcjlnngUdGaUcq5OeESzhInd6rsG2ztkMrtTvS7KA&oe=6A91D70F,https://www.instagram.com/p/DcZu9z8mzVT/
Supermercado São Pedro,Hortifruti / Ovos,Maçã Fuji un,6.69,23/08/2026,https://scontent-ams2-1.cdninstagram.com/v/t39.30808-6/781977378_1500799415426508_4866536164507670119_n.jpg?stp=dst-jpg_e35_tt6&_nc_cat=110&ig_cache_key=Mzk3MDM5MzQ4NDg1OTE4MjA5Mw%3D%3D.3-ccb7-5&ccb=7-5&_nc_sid=58cdad&efg=eyJ2ZW5jb2RlX3RhZyI6IkZFRUQueHBpZHMuMTYzOS5zZHIucmVndWxhcl9waG90by5DMyJ9&_nc_ohc=UUhpBq5mo5UQ7kNvwEd47pk&_nc_oc=Adq_amgDQnVYzhfl4NE43lQiRBqGJDIvn9t9ZVDnzziRz-Ix6bw1P03c8vStUMTeQgg&_nc_zt=23&_nc_ht=scontent-ams2-1.cdninstagram.com&_nc_gid=LigYlBNaumlHJag7xD9SCA&_nc_ss=72689&oh=00_AQHVvklFFqwjTagEteCbjE6PsElni278J74LDbXM5Okjvw&oe=6A91FB4E,https://www.instagram.com/p/DcZq9ajjowN/
Super Compras Supermercado,Hortifruti / Ovos,Cenoura kg,6.89,24/08/2026,https://scontent-mrs2-3.cdninstagram.com/v/t51.82787-15/778986014_18192356080391764_2727967813090525154_n.jpg?stp=dst-jpg_e35_tt6&_nc_cat=111&ig_cache_key=Mzk3MDM4ODQ5NTE4MTQxNTkzNQ%3D%3D.3-ccb7-5&ccb=7-5&_nc_sid=58cdad&efg=eyJ2ZW5jb2RlX3RhZyI6IkZFRUQueHBpZHMuMTQ0MC5zZHIucmVndWxhcl9waG90by5DMyJ9&_nc_ohc=79VNBzqSEmAQ7kNvwFvqzM6&_nc_oc=Adr3dmUZRRH5kuXChKO2veL0ySswd64QZxFbi_15LzfEMTz64R-gL5JhUiltNMzyO08VxVk5AyRR_53GFOLBHTBh&_nc_zt=23&_nc_ht=scontent-mrs2-3.cdninstagram.com&_nc_gid=boM2r1OSp_eEX6fHpWTI9A&_nc_ss=72a8c&oh=00_AQH3YW7uUvTxK9i0ToDFOvjfp1CRHasdSsFFCR9eR_9I4Q&oe=6A91E410,https://www.instagram.com/p/DcZp0zjlgX_/
Super Compras Supermercado,Hortifruti / Ovos,Uva Vitória 500g,6.99,24/08/2026,https://scontent-mrs2-3.cdninstagram.com/v/t51.82787-15/778986014_18192356080391764_2727967813090525154_n.jpg?stp=dst-jpg_e35_tt6&_nc_cat=111&ig_cache_key=Mzk3MDM4ODQ5NTE4MTQxNTkzNQ%3D%3D.3-ccb7-5&ccb=7-5&_nc_sid=58cdad&efg=eyJ2ZW5jb2RlX3RhZyI6IkZFRUQueHBpZHMuMTQ0MC5zZHIucmVndWxhcl9waG90by5DMyJ9&_nc_ohc=79VNBzqSEmAQ7kNvwFvqzM6&_nc_oc=Adr3dmUZRRH5kuXChKO2veL0ySswd64QZxFbi_15LzfEMTz64R-gL5JhUiltNMzyO08VxVk5AyRR_53GFOLBHTBh&_nc_zt=23&_nc_ht=scontent-mrs2-3.cdninstagram.com&_nc_gid=boM2r1OSp_eEX6fHpWTI9A&_nc_ss=72a8c&oh=00_AQH3YW7uUvTxK9i0ToDFOvjfp1CRHasdSsFFCR9eR_9I4Q&oe=6A91E410,https://www.instagram.com/p/DcZp0zjlgX_/
Super Compras Supermercado,Hortifruti / Ovos,Melão kg,6.99,24/08/2026,https://scontent-mrs2-3.cdninstagram.com/v/t51.82787-15/778986014_18192356080391764_2727967813090525154_n.jpg?stp=dst-jpg_e35_tt6&_nc_cat=111&ig_cache_key=Mzk3MDM4ODQ5NTE4MTQxNTkzNQ%3D%3D.3-ccb7-5&ccb=7-5&_nc_sid=58cdad&efg=eyJ2ZW5jb2RlX3RhZyI6IkZFRUQueHBpZHMuMTQ0MC5zZHIucmVndWxhcl9waG90by5DMyJ9&_nc_ohc=79VNBzqSEmAQ7kNvwFvqzM6&_nc_oc=Adr3dmUZRRH5kuXChKO2veL0ySswd64QZxFbi_15LzfEMTz64R-gL5JhUiltNMzyO08VxVk5AyRR_53GFOLBHTBh&_nc_zt=23&_nc_ht=scontent-mrs2-3.cdninstagram.com&_nc_gid=boM2r1OSp_eEX6fHpWTI9A&_nc_ss=72a8c&oh=00_AQH3YW7uUvTxK9i0ToDFOvjfp1CRHasdSsFFCR9eR_9I4Q&oe=6A91E410,https://www.instagram.com/p/DcZp0zjlgX_/
Machadão Atacadista,Hortifruti / Ovos,Cenoura kg,6.99,24/08/2026,https://scontent-yyz1-1.cdninstagram.com/v/t39.30808-6/783757949_1356290299924261_2463747962120821772_n.jpg?stp=dst-jpg_e35_tt6&_nc_cat=101&ig_cache_key=Mzk3MDQxMTA4NzM4OTIzNTgxMw%3D%3D.3-ccb7-5&ccb=7-5&_nc_sid=58cdad&efg=eyJ2ZW5jb2RlX3RhZyI6IkNBUk9VU0VMX0lURU0ueHBpZHMuMTYzOC5zZHIucmVndWxhcl9waG90by5DMyJ9&_nc_ohc=KQAoNMivhr4Q7kNvwFcuyoN&_nc_oc=AdrUMEnjil4B_Mn2YTNaxzUDZ-RwIt1IekfP02B2fphWfTqh-IDv6kmyb6qubTJrLuo&_nc_zt=23&_nc_ht=scontent-yyz1-1.cdninstagram.com&_nc_gid=HuffGH0ULP5T3qtSFKsH0g&_nc_ss=72a8c&oh=00_AQGzTZJRg2ORUNj0rWgVo1Ho6S45dm2Qpx0lZPZUGMNEpg&oe=6A91ED23,https://www.instagram.com/p/DcZu9z8mzVT/
Machadão Atacadista,Hortifruti / Ovos,Limão Taiti kg,6.99,24/08/2026,https://scontent-yyz1-1.cdninstagram.com/v/t39.30808-6/778972431_1356290069924284_6498137789849159127_n.jpg?stp=dst-jpg_e35_tt6&_nc_cat=100&ig_cache_key=Mzk3MDQxMTA4NzIzODI1NDU1NA%3D%3D.3-ccb7-5&ccb=7-5&_nc_sid=58cdad&efg=eyJ2ZW5jb2RlX3RhZyI6IkNBUk9VU0VMX0lURU0ueHBpZHMuMTYzOC5zZHIucmVndWxhcl9waG90by5DMyJ9&_nc_ohc=z0LiOSTtypkQ7kNvwHMJnrF&_nc_oc=AdoD4N7SJX-QlS1Y9cS-NJs6yQIw8spqYuE_VX7-nvOSa8ov3PlJwxvdHD4gNqmv-Do&_nc_zt=23&_nc_ht=scontent-yyz1-1.cdninstagram.com&_nc_gid=HuffGH0ULP5T3qtSFKsH0g&_nc_ss=72a8c&oh=00_AQF6FZcjlnngUdGaUcq5OeESzhInd6rsG2ztkMrtTvS7KA&oe=6A91D70F,https://www.instagram.com/p/DcZu9z8mzVT/
Machadão Atacadista,Hortifruti / Ovos,Limão Taiti kg,6.99,24/08/2026,https://scontent-yyz1-1.cdninstagram.com/v/t39.30808-6/780203515_1356290893257535_5931265324767059161_n.jpg?stp=dst-jpg_e35_tt6&_nc_cat=105&ig_cache_key=Mzk3MDQxMTA4NjUwMDAwNTgwNg%3D%3D.3-ccb7-5&ccb=7-5&_nc_sid=58cdad&efg=eyJ2ZW5jb2RlX3RhZyI6IkNBUk9VU0VMX0lURU0ueHBpZHMuMTYzOC5zZHIucmVndWxhcl9waG90by5DMyJ9&_nc_ohc=tGahzaBo_-YQ7kNvwFC0Ls-&_nc_oc=Adqlu7k5nAtNdgJ20MO2s6QYrGr3_VLcMchWk-yV2UE7aValTMKM1EaRFujAx0fxwJI&_nc_zt=23&_nc_ht=scontent-yyz1-1.cdninstagram.com&_nc_gid=HuffGH0ULP5T3qtSFKsH0g&_nc_ss=72a8c&oh=00_AQE1YX92NQAlje1LyUdZK3sERmHKqAaWMHhVz-McGG2LGQ&oe=6A91E83F,https://www.instagram.com/p/DcZu9z8mzVT/
Mercado Talismã,Hortifruti / Ovos,Abacaxi,6.99,23/08/2026,https://instagram.fbre4-1.fna.fbcdn.net/v/t51.82787-15/783255974_18093165728531849_313858570458509058_n.jpg?stp=dst-jpg_e35_tt6&_nc_cat=111&ig_cache_key=Mzk3MDAyODMzNjE3MjA4NzkxNw%3D%3D.3-ccb7-5&ccb=7-5&_nc_sid=58cdad&efg=eyJ2ZW5jb2RlX3RhZyI6IkNBUk9VU0VMX0lURU0ueHBpZHMuMTI1NC5zZHIucmVndWxhcl9waG90by5DMyJ9&_nc_ohc=S3NzwTUdCcYQ7kNvwH6D8PT&_nc_oc=AdpNOp-OmU2WX_1FeTEgYHi6tYS4hKQhQsutlVHGkLBMDun__CiQYFSEkgSE9B_nNBU&_nc_zt=23&_nc_ht=instagram.fbre4-1.fna&_nc_gid=SDhzOq7w6dnYTxbVXpaj5A&_nc_ss=7c689&oh=00_AQFL2ll9MUyUbvp6O9uqn4M1S0JxIXy-L-NHW6DaKaEy_Q&oe=6A91E8BE,https://www.instagram.com/p/DcYX8qUEXk2/
Mercado Talismã,Hortifruti / Ovos,Uva Vitória,6.99,23/08/2026,https://instagram.fbre4-1.fna.fbcdn.net/v/t51.82787-15/783255974_18093165728531849_313858570458509058_n.jpg?stp=dst-jpg_e35_tt6&_nc_cat=111&ig_cache_key=Mzk3MDAyODMzNjE3MjA4NzkxNw%3D%3D.3-ccb7-5&ccb=7-5&_nc_sid=58cdad&efg=eyJ2ZW5jb2RlX3RhZyI6IkNBUk9VU0VMX0lURU0ueHBpZHMuMTI1NC5zZHIucmVndWxhcl9waG90by5DMyJ9&_nc_ohc=S3NzwTUdCcYQ7kNvwH6D8PT&_nc_oc=AdpNOp-OmU2WX_1FeTEgYHi6tYS4hKQhQsutlVHGkLBMDun__CiQYFSEkgSE9B_nNBU&_nc_zt=23&_nc_ht=instagram.fbre4-1.fna&_nc_gid=SDhzOq7w6dnYTxbVXpaj5A&_nc_ss=7c689&oh=00_AQFL2ll9MUyUbvp6O9uqn4M1S0JxIXy-L-NHW6DaKaEy_Q&oe=6A91E8BE,https://www.instagram.com/p/DcYX8qUEXk2/
SUPERMERCADO PARANAENSE,Hortifruti / Ovos,Melão Amarelo,6.99,18/08/2026,https://instagram.fntr10-2.fna.fbcdn.net/v/t51.82787-15/776497113_17905958139496981_1354687170106809568_n.jpg?stp=dst-jpg_e35_tt6&_nc_cat=109&ig_cache_key=Mzk2NjA3NDMyOTQwNzcyMjY0Nw%3D%3D.3-ccb7-5&ccb=7-5&_nc_sid=58cdad&efg=eyJ2ZW5jb2RlX3RhZyI6IkZFRUQueHBpZHMuMTM1MC5zZHIucmVndWxhcl9waG90by5DMyJ9&_nc_ohc=DCZqFsfkuQoQ7kNvwHYYCjv&_nc_oc=AdpNsezT7yFueZCm6zPMzW0kEYlfjcgSV3gyI5Xc179dk3sG-gi4IrRyLNjOzqZPUDj7rW0dG0wdWObqpPwTAIeu&_nc_zt=23&_nc_ht=instagram.fntr10-2.fna&_nc_gid=3fXFm_cBeXFQbMCckdGeEA&_nc_ss=72a8c&oh=00_AQEOhoy40n1bq50mlYNg0iBUJZOWXnxjQYJ7KfOPdCQQDQ&oe=6A91F9D6,https://www.instagram.com/p/DcKU5blJJSX/
SUPERMERCADO PARANAENSE,Hortifruti / Ovos,Uva Preta sem Semente 500g,6.99,18/08/2026,https://instagram.fntr10-2.fna.fbcdn.net/v/t51.82787-15/776497113_17905958139496981_1354687170106809568_n.jpg?stp=dst-jpg_e35_tt6&_nc_cat=109&ig_cache_key=Mzk2NjA3NDMyOTQwNzcyMjY0Nw%3D%3D.3-ccb7-5&ccb=7-5&_nc_sid=58cdad&efg=eyJ2ZW5jb2RlX3RhZyI6IkZFRUQueHBpZHMuMTM1MC5zZHIucmVndWxhcl9waG90by5DMyJ9&_nc_ohc=DCZqFsfkuQoQ7kNvwHYYCjv&_nc_oc=AdpNsezT7yFueZCm6zPMzW0kEYlfjcgSV3gyI5Xc179dk3sG-gi4IrRyLNjOzqZPUDj7rW0dG0wdWObqpPwTAIeu&_nc_zt=23&_nc_ht=instagram.fntr10-2.fna&_nc_gid=3fXFm_cBeXFQbMCckdGeEA&_nc_ss=72a8c&oh=00_AQEOhoy40n1bq50mlYNg0iBUJZOWXnxjQYJ7KfOPdCQQDQ&oe=6A91F9D6,https://www.instagram.com/p/DcKU5blJJSX/
Machadão Atacadista,Hortifruti / Ovos,Mamão Formosa kg,7.69,24/08/2026,https://scontent-yyz1-1.cdninstagram.com/v/t39.30808-6/783757949_1356290299924261_2463747962120821772_n.jpg?stp=dst-jpg_e35_tt6&_nc_cat=101&ig_cache_key=Mzk3MDQxMTA4NzM4OTIzNTgxMw%3D%3D.3-ccb7-5&ccb=7-5&_nc_sid=58cdad&efg=eyJ2ZW5jb2RlX3RhZyI6IkNBUk9VU0VMX0lURU0ueHBpZHMuMTYzOC5zZHIucmVndWxhcl9waG90by5DMyJ9&_nc_ohc=KQAoNMivhr4Q7kNvwFcuyoN&_nc_oc=AdrUMEnjil4B_Mn2YTNaxzUDZ-RwIt1IekfP02B2fphWfTqh-IDv6kmyb6qubTJrLuo&_nc_zt=23&_nc_ht=scontent-yyz1-1.cdninstagram.com&_nc_gid=HuffGH0ULP5T3qtSFKsH0g&_nc_ss=72a8c&oh=00_AQGzTZJRg2ORUNj0rWgVo1Ho6S45dm2Qpx0lZPZUGMNEpg&oe=6A91ED23,https://www.instagram.com/p/DcZu9z8mzVT/
Supermercado Tuiuiú,Hortifruti / Ovos,Ovo Branco 20un,7.99,18/08/2026,https://scontent-atl3-1.cdninstagram.com/v/t39.30808-6/777447994_1710020307798454_4528325776186593053_n.jpg?stp=dst-jpg_e35_tt6&_nc_cat=103&ig_cache_key=Mzk2NjQ1NTkwODUxMTE0NTY4Mg%3D%3D.3-ccb7-5&ccb=7-5&_nc_sid=58cdad&efg=eyJ2ZW5jb2RlX3RhZyI6IkNBUk9VU0VMX0lURU0ueHBpZHMuMTI1NC5zZHIucmVndWxhcl9waG90by5DMyJ9&_nc_ohc=twKBWqtPzMIQ7kNvwHtFPf2&_nc_oc=AdqY02rzNcNdhtIrAXt8S1AnyfxJHhu0IzeoLocdCFR8WiobqM9ygAw7PASpuFfLEH0&_nc_zt=23&_nc_ht=scontent-atl3-1.cdninstagram.com&_nc_gid=62BaiHHjB0TDs3UOEnl1_w&_nc_ss=72289&oh=00_AQFUj0IuZ9OLhTt44_5CE1j9j38nXzGGglUQ9s9pODvQ1g&oe=6A91F05B,https://www.instagram.com/p/DcLrqVKDgyY/
Machadão Atacadista,Hortifruti / Ovos,Manga Tommy kg,8.49,24/08/2026,https://scontent-yyz1-1.cdninstagram.com/v/t39.30808-6/783757949_1356290299924261_2463747962120821772_n.jpg?stp=dst-jpg_e35_tt6&_nc_cat=101&ig_cache_key=Mzk3MDQxMTA4NzM4OTIzNTgxMw%3D%3D.3-ccb7-5&ccb=7-5&_nc_sid=58cdad&efg=eyJ2ZW5jb2RlX3RhZyI6IkNBUk9VU0VMX0lURU0ueHBpZHMuMTYzOC5zZHIucmVndWxhcl9waG90by5DMyJ9&_nc_ohc=KQAoNMivhr4Q7kNvwFcuyoN&_nc_oc=AdrUMEnjil4B_Mn2YTNaxzUDZ-RwIt1IekfP02B2fphWfTqh-IDv6kmyb6qubTJrLuo&_nc_zt=23&_nc_ht=scontent-yyz1-1.cdninstagram.com&_nc_gid=HuffGH0ULP5T3qtSFKsH0g&_nc_ss=72a8c&oh=00_AQGzTZJRg2ORUNj0rWgVo1Ho6S45dm2Qpx0lZPZUGMNEpg&oe=6A91ED23,https://www.instagram.com/p/DcZu9z8mzVT/
Machadão Atacadista,Hortifruti / Ovos,Manga Tommy kg,8.49,24/08/2026,https://scontent-yyz1-1.cdninstagram.com/v/t39.30808-6/780203515_1356290893257535_5931265324767059161_n.jpg?stp=dst-jpg_e35_tt6&_nc_cat=105&ig_cache_key=Mzk3MDQxMTA4NjUwMDAwNTgwNg%3D%3D.3-ccb7-5&ccb=7-5&_nc_sid=58cdad&efg=eyJ2ZW5jb2RlX3RhZyI6IkNBUk9VU0VMX0lURU0ueHBpZHMuMTYzOC5zZHIucmVndWxhcl9waG90by5DMyJ9&_nc_ohc=tGahzaBo_-YQ7kNvwFC0Ls-&_nc_oc=Adqlu7k5nAtNdgJ20MO2s6QYrGr3_VLcMchWk-yV2UE7aValTMKM1EaRFujAx0fxwJI&_nc_zt=23&_nc_ht=scontent-yyz1-1.cdninstagram.com&_nc_gid=HuffGH0ULP5T3qtSFKsH0g&_nc_ss=72a8c&oh=00_AQE1YX92NQAlje1LyUdZK3sERmHKqAaWMHhVz-McGG2LGQ&oe=6A91E83F,https://www.instagram.com/p/DcZu9z8mzVT/
SUPERMERCADO PARANAENSE,Hortifruti / Ovos,Maçã Nacional kg,8.99,18/08/2026,https://instagram.fntr10-2.fna.fbcdn.net/v/t51.82787-15/776497113_17905958139496981_1354687170106809568_n.jpg?stp=dst-jpg_e35_tt6&_nc_cat=109&ig_cache_key=Mzk2NjA3NDMyOTQwNzcyMjY0Nw%3D%3D.3-ccb7-5&ccb=7-5&_nc_sid=58cdad&efg=eyJ2ZW5jb2RlX3RhZyI6IkZFRUQueHBpZHMuMTM1MC5zZHIucmVndWxhcl9waG90by5DMyJ9&_nc_ohc=DCZqFsfkuQoQ7kNvwHYYCjv&_nc_oc=AdpNsezT7yFueZCm6zPMzW0kEYlfjcgSV3gyI5Xc179dk3sG-gi4IrRyLNjOzqZPUDj7rW0dG0wdWObqpPwTAIeu&_nc_zt=23&_nc_ht=instagram.fntr10-2.fna&_nc_gid=3fXFm_cBeXFQbMCckdGeEA&_nc_ss=72a8c&oh=00_AQEOhoy40n1bq50mlYNg0iBUJZOWXnxjQYJ7KfOPdCQQDQ&oe=6A91F9D6,https://www.instagram.com/p/DcKU5blJJSX/
Super Compras Supermercado,Hortifruti / Ovos,Uva Crimson Und.,9.99,24/08/2026,https://scontent-mrs2-3.cdninstagram.com/v/t51.82787-15/778986014_18192356080391764_2727967813090525154_n.jpg?stp=dst-jpg_e35_tt6&_nc_cat=111&ig_cache_key=Mzk3MDM4ODQ5NTE4MTQxNTkzNQ%3D%3D.3-ccb7-5&ccb=7-5&_nc_sid=58cdad&efg=eyJ2ZW5jb2RlX3RhZyI6IkZFRUQueHBpZHMuMTQ0MC5zZHIucmVndWxhcl9waG90by5DMyJ9&_nc_ohc=79VNBzqSEmAQ7kNvwFvqzM6&_nc_oc=Adr3dmUZRRH5kuXChKO2veL0ySswd64QZxFbi_15LzfEMTz64R-gL5JhUiltNMzyO08VxVk5AyRR_53GFOLBHTBh&_nc_zt=23&_nc_ht=scontent-mrs2-3.cdninstagram.com&_nc_gid=boM2r1OSp_eEX6fHpWTI9A&_nc_ss=72a8c&oh=00_AQH3YW7uUvTxK9i0ToDFOvjfp1CRHasdSsFFCR9eR_9I4Q&oe=6A91E410,https://www.instagram.com/p/DcZp0zjlgX_/
SUPERMERCADO PARANAENSE,Hortifruti / Ovos,Manga Palmer kg,9.99,18/08/2026,https://instagram.fntr10-2.fna.fbcdn.net/v/t51.82787-15/776497113_17905958139496981_1354687170106809568_n.jpg?stp=dst-jpg_e35_tt6&_nc_cat=109&ig_cache_key=Mzk2NjA3NDMyOTQwNzcyMjY0Nw%3D%3D.3-ccb7-5&ccb=7-5&_nc_sid=58cdad&efg=eyJ2ZW5jb2RlX3RhZyI6IkZFRUQueHBpZHMuMTM1MC5zZHIucmVndWxhcl9waG90by5DMyJ9&_nc_ohc=DCZqFsfkuQoQ7kNvwHYYCjv&_nc_oc=AdpNsezT7yFueZCm6zPMzW0kEYlfjcgSV3gyI5Xc179dk3sG-gi4IrRyLNjOzqZPUDj7rW0dG0wdWObqpPwTAIeu&_nc_zt=23&_nc_ht=instagram.fntr10-2.fna&_nc_gid=3fXFm_cBeXFQbMCckdGeEA&_nc_ss=72a8c&oh=00_AQEOhoy40n1bq50mlYNg0iBUJZOWXnxjQYJ7KfOPdCQQDQ&oe=6A91F9D6,https://www.instagram.com/p/DcKU5blJJSX/
Super Compras Supermercado,Hortifruti / Ovos,Alho kg,14.99,24/08/2026,https://scontent-mrs2-3.cdninstagram.com/v/t51.82787-15/778986014_18192356080391764_2727967813090525154_n.jpg?stp=dst-jpg_e35_tt6&_nc_cat=111&ig_cache_key=Mzk3MDM4ODQ5NTE4MTQxNTkzNQ%3D%3D.3-ccb7-5&ccb=7-5&_nc_sid=58cdad&efg=eyJ2ZW5jb2RlX3RhZyI6IkZFRUQueHBpZHMuMTQ0MC5zZHIucmVndWxhcl9waG90by5DMyJ9&_nc_ohc=79VNBzqSEmAQ7kNvwFvqzM6&_nc_oc=Adr3dmUZRRH5kuXChKO2veL0ySswd64QZxFbi_15LzfEMTz64R-gL5JhUiltNMzyO08VxVk5AyRR_53GFOLBHTBh&_nc_zt=23&_nc_ht=scontent-mrs2-3.cdninstagram.com&_nc_gid=boM2r1OSp_eEX6fHpWTI9A&_nc_ss=72a8c&oh=00_AQH3YW7uUvTxK9i0ToDFOvjfp1CRHasdSsFFCR9eR_9I4Q&oe=6A91E410,https://www.instagram.com/p/DcZp0zjlgX_/
Supermercado Tuiuiú,Hortifruti / Ovos,Alho kg,16.49,18/08/2026,https://scontent-atl3-1.cdninstagram.com/v/t39.30808-6/777447994_1710020307798454_4528325776186593053_n.jpg?stp=dst-jpg_e35_tt6&_nc_cat=103&ig_cache_key=Mzk2NjQ1NTkwODUxMTE0NTY4Mg%3D%3D.3-ccb7-5&ccb=7-5&_nc_sid=58cdad&efg=eyJ2ZW5jb2RlX3RhZyI6IkNBUk9VU0VMX0lURU0ueHBpZHMuMTI1NC5zZHIucmVndWxhcl9waG90by5DMyJ9&_nc_ohc=twKBWqtPzMIQ7kNvwHtFPf2&_nc_oc=AdqY02rzNcNdhtIrAXt8S1AnyfxJHhu0IzeoLocdCFR8WiobqM9ygAw7PASpuFfLEH0&_nc_zt=23&_nc_ht=scontent-atl3-1.cdninstagram.com&_nc_gid=62BaiHHjB0TDs3UOEnl1_w&_nc_ss=72289&oh=00_AQFUj0IuZ9OLhTt44_5CE1j9j38nXzGGglUQ9s9pODvQ1g&oe=6A91F05B,https://www.instagram.com/p/DcLrqVKDgyY/
Machadão Atacadista,Hortifruti / Ovos,Alho kg,17.9,24/08/2026,https://scontent-yyz1-1.cdninstagram.com/v/t39.30808-6/778972431_1356290069924284_6498137789849159127_n.jpg?stp=dst-jpg_e35_tt6&_nc_cat=100&ig_cache_key=Mzk3MDQxMTA4NzIzODI1NDU1NA%3D%3D.3-ccb7-5&ccb=7-5&_nc_sid=58cdad&efg=eyJ2ZW5jb2RlX3RhZyI6IkNBUk9VU0VMX0lURU0ueHBpZHMuMTYzOC5zZHIucmVndWxhcl9waG90by5DMyJ9&_nc_ohc=z0LiOSTtypkQ7kNvwHMJnrF&_nc_oc=AdoD4N7SJX-QlS1Y9cS-NJs6yQIw8spqYuE_VX7-nvOSa8ov3PlJwxvdHD4gNqmv-Do&_nc_zt=23&_nc_ht=scontent-yyz1-1.cdninstagram.com&_nc_gid=HuffGH0ULP5T3qtSFKsH0g&_nc_ss=72a8c&oh=00_AQF6FZcjlnngUdGaUcq5OeESzhInd6rsG2ztkMrtTvS7KA&oe=6A91D70F,https://www.instagram.com/p/DcZu9z8mzVT/
Machadão Atacadista,Hortifruti / Ovos,Alho N°6kg,17.9,24/08/2026,https://scontent-yyz1-1.cdninstagram.com/v/t39.30808-6/780203515_1356290893257535_5931265324767059161_n.jpg?stp=dst-jpg_e35_tt6&_nc_cat=105&ig_cache_key=Mzk3MDQxMTA4NjUwMDAwNTgwNg%3D%3D.3-ccb7-5&ccb=7-5&_nc_sid=58cdad&efg=eyJ2ZW5jb2RlX3RhZyI6IkNBUk9VU0VMX0lURU0ueHBpZHMuMTYzOC5zZHIucmVndWxhcl9waG90by5DMyJ9&_nc_ohc=tGahzaBo_-YQ7kNvwFC0Ls-&_nc_oc=Adqlu7k5nAtNdgJ20MO2s6QYrGr3_VLcMchWk-yV2UE7aValTMKM1EaRFujAx0fxwJI&_nc_zt=23&_nc_ht=scontent-yyz1-1.cdninstagram.com&_nc_gid=HuffGH0ULP5T3qtSFKsH0g&_nc_ss=72a8c&oh=00_AQE1YX92NQAlje1LyUdZK3sERmHKqAaWMHhVz-McGG2LGQ&oe=6A91E83F,https://www.instagram.com/p/DcZu9z8mzVT/
Machadão Atacadista,Hortifruti / Ovos,Alho kg,19.9,24/08/2026,https://scontent-yyz1-1.cdninstagram.com/v/t39.30808-6/783757949_1356290299924261_2463747962120821772_n.jpg?stp=dst-jpg_e35_tt6&_nc_cat=101&ig_cache_key=Mzk3MDQxMTA4NzM4OTIzNTgxMw%3D%3D.3-ccb7-5&ccb=7-5&_nc_sid=58cdad&efg=eyJ2ZW5jb2RlX3RhZyI6IkNBUk9VU0VMX0lURU0ueHBpZHMuMTYzOC5zZHIucmVndWxhcl9waG90by5DMyJ9&_nc_ohc=KQAoNMivhr4Q7kNvwFcuyoN&_nc_oc=AdrUMEnjil4B_Mn2YTNaxzUDZ-RwIt1IekfP02B2fphWfTqh-IDv6kmyb6qubTJrLuo&_nc_zt=23&_nc_ht=scontent-yyz1-1.cdninstagram.com&_nc_gid=HuffGH0ULP5T3qtSFKsH0g&_nc_ss=72a8c&oh=00_AQGzTZJRg2ORUNj0rWgVo1Ho6S45dm2Qpx0lZPZUGMNEpg&oe=6A91ED23,https://www.instagram.com/p/DcZu9z8mzVT/
Machadão Atacadista,Hortifruti / Ovos,Uva Brasil kg,19.98,24/08/2026,https://scontent-yyz1-1.cdninstagram.com/v/t39.30808-6/778972431_1356290069924284_6498137789849159127_n.jpg?stp=dst-jpg_e35_tt6&_nc_cat=100&ig_cache_key=Mzk3MDQxMTA4NzIzODI1NDU1NA%3D%3D.3-ccb7-5&ccb=7-5&_nc_sid=58cdad&efg=eyJ2ZW5jb2RlX3RhZyI6IkNBUk9VU0VMX0lURU0ueHBpZHMuMTYzOC5zZHIucmVndWxhcl9waG90by5DMyJ9&_nc_ohc=z0LiOSTtypkQ7kNvwHMJnrF&_nc_oc=AdoD4N7SJX-QlS1Y9cS-NJs6yQIw8spqYuE_VX7-nvOSa8ov3PlJwxvdHD4gNqmv-Do&_nc_zt=23&_nc_ht=scontent-yyz1-1.cdninstagram.com&_nc_gid=HuffGH0ULP5T3qtSFKsH0g&_nc_ss=72a8c&oh=00_AQF6FZcjlnngUdGaUcq5OeESzhInd6rsG2ztkMrtTvS7KA&oe=6A91D70F,https://www.instagram.com/p/DcZu9z8mzVT/
Machadão Atacadista,Hortifruti / Ovos,Abacaxi Pérola 10un,56.9,24/08/2026,https://scontent-yyz1-1.cdninstagram.com/v/t39.30808-6/778972431_1356290069924284_6498137789849159127_n.jpg?stp=dst-jpg_e35_tt6&_nc_cat=100&ig_cache_key=Mzk3MDQxMTA4NzIzODI1NDU1NA%3D%3D.3-ccb7-5&ccb=7-5&_nc_sid=58cdad&efg=eyJ2ZW5jb2RlX3RhZyI6IkNBUk9VU0VMX0lURU0ueHBpZHMuMTYzOC5zZHIucmVndWxhcl9waG90by5DMyJ9&_nc_ohc=z0LiOSTtypkQ7kNvwHMJnrF&_nc_oc=AdoD4N7SJX-QlS1Y9cS-NJs6yQIw8spqYuE_VX7-nvOSa8ov3PlJwxvdHD4gNqmv-Do&_nc_zt=23&_nc_ht=scontent-yyz1-1.cdninstagram.com&_nc_gid=HuffGH0ULP5T3qtSFKsH0g&_nc_ss=72a8c&oh=00_AQF6FZcjlnngUdGaUcq5OeESzhInd6rsG2ztkMrtTvS7KA&oe=6A91D70F,https://www.instagram.com/p/DcZu9z8mzVT/
Machadão Atacadista,Hortifruti / Ovos,Laranja Pera 20kg,58.99,24/08/2026,https://scontent-yyz1-1.cdninstagram.com/v/t39.30808-6/778972431_1356290069924284_6498137789849159127_n.jpg?stp=dst-jpg_e35_tt6&_nc_cat=100&ig_cache_key=Mzk3MDQxMTA4NzIzODI1NDU1NA%3D%3D.3-ccb7-5&ccb=7-5&_nc_sid=58cdad&efg=eyJ2ZW5jb2RlX3RhZyI6IkNBUk9VU0VMX0lURU0ueHBpZHMuMTYzOC5zZHIucmVndWxhcl9waG90by5DMyJ9&_nc_ohc=z0LiOSTtypkQ7kNvwHMJnrF&_nc_oc=AdoD4N7SJX-QlS1Y9cS-NJs6yQIw8spqYuE_VX7-nvOSa8ov3PlJwxvdHD4gNqmv-Do&_nc_zt=23&_nc_ht=scontent-yyz1-1.cdninstagram.com&_nc_gid=HuffGH0ULP5T3qtSFKsH0g&_nc_ss=72a8c&oh=00_AQF6FZcjlnngUdGaUcq5OeESzhInd6rsG2ztkMrtTvS7KA&oe=6A91D70F,https://www.instagram.com/p/DcZu9z8mzVT/
Machadão Atacadista,Hortifruti / Ovos,Batata Doce 19kg,86.9,24/08/2026,https://scontent-yyz1-1.cdninstagram.com/v/t39.30808-6/778972431_1356290069924284_6498137789849159127_n.jpg?stp=dst-jpg_e35_tt6&_nc_cat=100&ig_cache_key=Mzk3MDQxMTA4NzIzODI1NDU1NA%3D%3D.3-ccb7-5&ccb=7-5&_nc_sid=58cdad&efg=eyJ2ZW5jb2RlX3RhZyI6IkNBUk9VU0VMX0lURU0ueHBpZHMuMTYzOC5zZHIucmVndWxhcl9waG90by5DMyJ9&_nc_ohc=z0LiOSTtypkQ7kNvwHMJnrF&_nc_oc=AdoD4N7SJX-QlS1Y9cS-NJs6yQIw8spqYuE_VX7-nvOSa8ov3PlJwxvdHD4gNqmv-Do&_nc_zt=23&_nc_ht=scontent-yyz1-1.cdninstagram.com&_nc_gid=HuffGH0ULP5T3qtSFKsH0g&_nc_ss=72a8c&oh=00_AQF6FZcjlnngUdGaUcq5OeESzhInd6rsG2ztkMrtTvS7KA&oe=6A91D70F,https://www.instagram.com/p/DcZu9z8mzVT/
Machadão Atacadista,Hortifruti / Ovos,Maçã Gala Baby 18kg,86.9,24/08/2026,https://scontent-yyz1-1.cdninstagram.com/v/t39.30808-6/778972431_1356290069924284_6498137789849159127_n.jpg?stp=dst-jpg_e35_tt6&_nc_cat=100&ig_cache_key=Mzk3MDQxMTA4NzIzODI1NDU1NA%3D%3D.3-ccb7-5&ccb=7-5&_nc_sid=58cdad&efg=eyJ2ZW5jb2RlX3RhZyI6IkNBUk9VU0VMX0lURU0ueHBpZHMuMTYzOC5zZHIucmVndWxhcl9waG90by5DMyJ9&_nc_ohc=z0LiOSTtypkQ7kNvwHMJnrF&_nc_oc=AdoD4N7SJX-QlS1Y9cS-NJs6yQIw8spqYuE_VX7-nvOSa8ov3PlJwxvdHD4gNqmv-Do&_nc_zt=23&_nc_ht=scontent-yyz1-1.cdninstagram.com&_nc_gid=HuffGH0ULP5T3qtSFKsH0g&_nc_ss=72a8c&oh=00_AQF6FZcjlnngUdGaUcq5OeESzhInd6rsG2ztkMrtTvS7KA&oe=6A91D70F,https://www.instagram.com/p/DcZu9z8mzVT/
Machadão Atacadista,Hortifruti / Ovos,Cebola Graúda 20kg,108.9,24/08/2026,https://scontent-yyz1-1.cdninstagram.com/v/t39.30808-6/778972431_1356290069924284_6498137789849159127_n.jpg?stp=dst-jpg_e35_tt6&_nc_cat=100&ig_cache_key=Mzk3MDQxMTA4NzIzODI1NDU1NA%3D%3D.3-ccb7-5&ccb=7-5&_nc_sid=58cdad&efg=eyJ2ZW5jb2RlX3RhZyI6IkNBUk9VU0VMX0lURU0ueHBpZHMuMTYzOC5zZHIucmVndWxhcl9waG90by5DMyJ9&_nc_ohc=z0LiOSTtypkQ7kNvwHMJnrF&_nc_oc=AdoD4N7SJX-QlS1Y9cS-NJs6yQIw8spqYuE_VX7-nvOSa8ov3PlJwxvdHD4gNqmv-Do&_nc_zt=23&_nc_ht=scontent-yyz1-1.cdninstagram.com&_nc_gid=HuffGH0ULP5T3qtSFKsH0g&_nc_ss=72a8c&oh=00_AQF6FZcjlnngUdGaUcq5OeESzhInd6rsG2ztkMrtTvS7KA&oe=6A91D70F,https://www.instagram.com/p/DcZu9z8mzVT/
Machadão Atacadista,Hortifruti / Ovos,Tomate Italiano 19kg,122.9,24/08/2026,https://scontent-yyz1-1.cdninstagram.com/v/t39.30808-6/778972431_1356290069924284_6498137789849159127_n.jpg?stp=dst-jpg_e35_tt6&_nc_cat=100&ig_cache_key=Mzk3MDQxMTA4NzIzODI1NDU1NA%3D%3D.3-ccb7-5&ccb=7-5&_nc_sid=58cdad&efg=eyJ2ZW5jb2RlX3RhZyI6IkNBUk9VU0VMX0lURU0ueHBpZHMuMTYzOC5zZHIucmVndWxhcl9waG90by5DMyJ9&_nc_ohc=z0LiOSTtypkQ7kNvwHMJnrF&_nc_oc=AdoD4N7SJX-QlS1Y9cS-NJs6yQIw8spqYuE_VX7-nvOSa8ov3PlJwxvdHD4gNqmv-Do&_nc_zt=23&_nc_ht=scontent-yyz1-1.cdninstagram.com&_nc_gid=HuffGH0ULP5T3qtSFKsH0g&_nc_ss=72a8c&oh=00_AQF6FZcjlnngUdGaUcq5OeESzhInd6rsG2ztkMrtTvS7KA&oe=6A91D70F,https://www.instagram.com/p/DcZu9z8mzVT/
Machadão Atacadista,Hortifruti / Ovos,Limão Taiti 20kg,136.9,24/08/2026,https://scontent-yyz1-1.cdninstagram.com/v/t39.30808-6/778972431_1356290069924284_6498137789849159127_n.jpg?stp=dst-jpg_e35_tt6&_nc_cat=100&ig_cache_key=Mzk3MDQxMTA4NzIzODI1NDU1NA%3D%3D.3-ccb7-5&ccb=7-5&_nc_sid=58cdad&efg=eyJ2ZW5jb2RlX3RhZyI6IkNBUk9VU0VMX0lURU0ueHBpZHMuMTYzOC5zZHIucmVndWxhcl9waG90by5DMyJ9&_nc_ohc=z0LiOSTtypkQ7kNvwHMJnrF&_nc_oc=AdoD4N7SJX-QlS1Y9cS-NJs6yQIw8spqYuE_VX7-nvOSa8ov3PlJwxvdHD4gNqmv-Do&_nc_zt=23&_nc_ht=scontent-yyz1-1.cdninstagram.com&_nc_gid=HuffGH0ULP5T3qtSFKsH0g&_nc_ss=72a8c&oh=00_AQF6FZcjlnngUdGaUcq5OeESzhInd6rsG2ztkMrtTvS7KA&oe=6A91D70F,https://www.instagram.com/p/DcZu9z8mzVT/
Machadão Atacadista,Hortifruti / Ovos,Uva Brasil 7kg,138.9,24/08/2026,https://scontent-yyz1-1.cdninstagram.com/v/t39.30808-6/778972431_1356290069924284_6498137789849159127_n.jpg?stp=dst-jpg_e35_tt6&_nc_cat=100&ig_cache_key=Mzk3MDQxMTA4NzIzODI1NDU1NA%3D%3D.3-ccb7-5&ccb=7-5&_nc_sid=58cdad&efg=eyJ2ZW5jb2RlX3RhZyI6IkNBUk9VU0VMX0lURU0ueHBpZHMuMTYzOC5zZHIucmVndWxhcl9waG90by5DMyJ9&_nc_ohc=z0LiOSTtypkQ7kNvwHMJnrF&_nc_oc=AdoD4N7SJX-QlS1Y9cS-NJs6yQIw8spqYuE_VX7-nvOSa8ov3PlJwxvdHD4gNqmv-Do&_nc_zt=23&_nc_ht=scontent-yyz1-1.cdninstagram.com&_nc_gid=HuffGH0ULP5T3qtSFKsH0g&_nc_ss=72a8c&oh=00_AQF6FZcjlnngUdGaUcq5OeESzhInd6rsG2ztkMrtTvS7KA&oe=6A91D70F,https://www.instagram.com/p/DcZu9z8mzVT/
Machadão Atacadista,Hortifruti / Ovos,Alho 10kg,178.9,24/08/2026,https://scontent-yyz1-1.cdninstagram.com/v/t39.30808-6/778972431_1356290069924284_6498137789849159127_n.jpg?stp=dst-jpg_e35_tt6&_nc_cat=100&ig_cache_key=Mzk3MDQxMTA4NzIzODI1NDU1NA%3D%3D.3-ccb7-5&ccb=7-5&_nc_sid=58cdad&efg=eyJ2ZW5jb2RlX3RhZyI6IkNBUk9VU0VMX0lURU0ueHBpZHMuMTYzOC5zZHIucmVndWxhcl9waG90by5DMyJ9&_nc_ohc=z0LiOSTtypkQ7kNvwHMJnrF&_nc_oc=AdoD4N7SJX-QlS1Y9cS-NJs6yQIw8spqYuE_VX7-nvOSa8ov3PlJwxvdHD4gNqmv-Do&_nc_zt=23&_nc_ht=scontent-yyz1-1.cdninstagram.com&_nc_gid=HuffGH0ULP5T3qtSFKsH0g&_nc_ss=72a8c&oh=00_AQF6FZcjlnngUdGaUcq5OeESzhInd6rsG2ztkMrtTvS7KA&oe=6A91D70F,https://www.instagram.com/p/DcZu9z8mzVT/
Bom Jesus Primavera do Leste 🛒,Laticínios / Leites e Derivados,Leite Piracanjuba 1L,5.89,21/08/2026,https://instagram.fhnd4-2.fna.fbcdn.net/v/t51.82787-15/782344855_18373759252237813_7320855115066332806_n.jpg?stp=dst-jpg_e35_tt6&_nc_cat=101&ig_cache_key=Mzk2ODYwMzg2MTkyMDUwNTIwMg%3D%3D.3-ccb7-5&ccb=7-5&_nc_sid=58cdad&efg=eyJ2ZW5jb2RlX3RhZyI6IkNBUk9VU0VMX0lURU0ueHBpZHMuMTA4MC5zZHIucmVndWxhcl9waG90by5DMyJ9&_nc_ohc=EXXZ6F7wf7QQ7kNvwFOdDBS&_nc_oc=AdqMOWf1nzXpFO8W-H1PyLYjDZtXp_9kyXJ7SloENIQvkirJxxmUDYU1xeA_flZ6tJV0DlIA_PT3JHOEPgeJKaC5&_nc_zt=23&_nc_ht=instagram.fhnd4-2.fna&_nc_gid=WTJWLLFJRKKk_JKC3VjF2w&_nc_ss=7c689&oh=00_AQG9Saz-Go_urbHwXkRS1igT6zK842KMwSvQaJmSm50iag&oe=6A91F96C,https://www.instagram.com/p/DcTUD7jlm8n/
Supermercado Tuiuiú,Laticínios / Leites e Derivados,Requeijão Carolina 180g,5.99,20/08/2026,https://scontent-phl2-1.cdninstagram.com/v/t39.30808-6/777548616_1712126797587805_4468367958160197813_n.jpg?stp=dst-jpg_e35_tt6&_nc_cat=108&ig_cache_key=Mzk2Nzg2MzQ3NzY1OTI0NTc5MQ%3D%3D.3-ccb7-5&ccb=7-5&_nc_sid=58cdad&efg=eyJ2ZW5jb2RlX3RhZyI6IkNBUk9VU0VMX0lURU0ueHBpZHMuMTI1NC5zZHIucmVndWxhcl9waG90by5DMyJ9&_nc_ohc=KR6FTgTvensQ7kNvwEch_zb&_nc_oc=AdqJSWd1wgn_3Z3ahHZyPqWqWqCjRYB_eJy9THI6GCkwQoNm8gANUCmeD0XrVpRV49AinsaU65H5POeuRiEZyESi&_nc_zt=23&_nc_ht=scontent-phl2-1.cdninstagram.com&_nc_gid=_KkeoNw63hwOES5RDY3HAg&_nc_ss=72a8c&oh=00_AQHru3sVkkQ4b3SEcp8SAd6Lft1jjx0Owuqq7ASWlB7Cyw&oe=6A91E055,https://www.instagram.com/p/DcQrtOmIPUZ/
Super Compras Supermercado,Laticínios / Leites e Derivados,Leite Condensado Piracanjuba 395g,5.99,21/08/2026,https://instagram.fxap4-1.fna.fbcdn.net/v/t51.82787-15/780140079_18192045034391764_7683991793781918786_n.jpg?stp=dst-jpg_e35_tt6&_nc_cat=103&ig_cache_key=Mzk2ODIxODA0ODc2ODI1MjE2NA%3D%3D.3-ccb7-5&ccb=7-5&_nc_sid=58cdad&efg=eyJ2ZW5jb2RlX3RhZyI6IkZFRUQueHBpZHMuMTQ0MC5zZHIucmVndWxhcl9waG90by5DMyJ9&_nc_ohc=MnWLmv7izFEQ7kNvwE-eCc-&_nc_oc=AdqKht5W2R0I8k67jI7AsuyyWWxTtRw-e9ACS9VMBWR1sIb6wTIcVZPsbh4cMYgGFw8&_nc_zt=23&_nc_ht=instagram.fxap4-1.fna&_nc_gid=VZPB67okKU0e0ifowzVMWA&_nc_ss=72a8c&oh=00_AQHczTI5i8sJva23g6egbIopSplYbu73tBW58x_YqjBIcQ&oe=6A92052E,https://www.instagram.com/p/DcR8Up0IBkE/
Supermercado Tuiuiú,Laticínios / Leites e Derivados,Iogurte Carolina 800g,6.49,20/08/2026,https://scontent-phl2-1.cdninstagram.com/v/t39.30808-6/777548616_1712126797587805_4468367958160197813_n.jpg?stp=dst-jpg_e35_tt6&_nc_cat=108&ig_cache_key=Mzk2Nzg2MzQ3NzY1OTI0NTc5MQ%3D%3D.3-ccb7-5&ccb=7-5&_nc_sid=58cdad&efg=eyJ2ZW5jb2RlX3RhZyI6IkNBUk9VU0VMX0lURU0ueHBpZHMuMTI1NC5zZHIucmVndWxhcl9waG90by5DMyJ9&_nc_ohc=KR6FTgTvensQ7kNvwEch_zb&_nc_oc=AdqJSWd1wgn_3Z3ahHZyPqWqWqCjRYB_eJy9THI6GCkwQoNm8gANUCmeD0XrVpRV49AinsaU65H5POeuRiEZyESi&_nc_zt=23&_nc_ht=scontent-phl2-1.cdninstagram.com&_nc_gid=_KkeoNw63hwOES5RDY3HAg&_nc_ss=72a8c&oh=00_AQHru3sVkkQ4b3SEcp8SAd6Lft1jjx0Owuqq7ASWlB7Cyw&oe=6A91E055,https://www.instagram.com/p/DcQrtOmIPUZ/
Super Compras Supermercado,Laticínios / Leites e Derivados,Leite Semidesnatado Piracanjuba 1L,6.49,21/08/2026,https://instagram.fxap4-1.fna.fbcdn.net/v/t51.82787-15/780140079_18192045034391764_7683991793781918786_n.jpg?stp=dst-jpg_e35_tt6&_nc_cat=103&ig_cache_key=Mzk2ODIxODA0ODc2ODI1MjE2NA%3D%3D.3-ccb7-5&ccb=7-5&_nc_sid=58cdad&efg=eyJ2ZW5jb2RlX3RhZyI6IkZFRUQueHBpZHMuMTQ0MC5zZHIucmVndWxhcl9waG90by5DMyJ9&_nc_ohc=MnWLmv7izFEQ7kNvwE-eCc-&_nc_oc=AdqKht5W2R0I8k67jI7AsuyyWWxTtRw-e9ACS9VMBWR1sIb6wTIcVZPsbh4cMYgGFw8&_nc_zt=23&_nc_ht=instagram.fxap4-1.fna&_nc_gid=VZPB67okKU0e0ifowzVMWA&_nc_ss=72a8c&oh=00_AQHczTI5i8sJva23g6egbIopSplYbu73tBW58x_YqjBIcQ&oe=6A92052E,https://www.instagram.com/p/DcR8Up0IBkE/
Super Compras Supermercado,Laticínios / Leites e Derivados,Leite Desnatado Piracanjuba 1L,6.49,21/08/2026,https://instagram.fxap4-1.fna.fbcdn.net/v/t51.82787-15/780140079_18192045034391764_7683991793781918786_n.jpg?stp=dst-jpg_e35_tt6&_nc_cat=103&ig_cache_key=Mzk2ODIxODA0ODc2ODI1MjE2NA%3D%3D.3-ccb7-5&ccb=7-5&_nc_sid=58cdad&efg=eyJ2ZW5jb2RlX3RhZyI6IkZFRUQueHBpZHMuMTQ0MC5zZHIucmVndWxhcl9waG90by5DMyJ9&_nc_ohc=MnWLmv7izFEQ7kNvwE-eCc-&_nc_oc=AdqKht5W2R0I8k67jI7AsuyyWWxTtRw-e9ACS9VMBWR1sIb6wTIcVZPsbh4cMYgGFw8&_nc_zt=23&_nc_ht=instagram.fxap4-1.fna&_nc_gid=VZPB67okKU0e0ifowzVMWA&_nc_ss=72a8c&oh=00_AQHczTI5i8sJva23g6egbIopSplYbu73tBW58x_YqjBIcQ&oe=6A92052E,https://www.instagram.com/p/DcR8Up0IBkE/
Super Compras Supermercado,Laticínios / Leites e Derivados,Requeijão Boua 180g,6.99,21/08/2026,https://instagram.fxap4-1.fna.fbcdn.net/v/t51.82787-15/780140079_18192045034391764_7683991793781918786_n.jpg?stp=dst-jpg_e35_tt6&_nc_cat=103&ig_cache_key=Mzk2ODIxODA0ODc2ODI1MjE2NA%3D%3D.3-ccb7-5&ccb=7-5&_nc_sid=58cdad&efg=eyJ2ZW5jb2RlX3RhZyI6IkZFRUQueHBpZHMuMTQ0MC5zZHIucmVndWxhcl9waG90by5DMyJ9&_nc_ohc=MnWLmv7izFEQ7kNvwE-eCc-&_nc_oc=AdqKht5W2R0I8k67jI7AsuyyWWxTtRw-e9ACS9VMBWR1sIb6wTIcVZPsbh4cMYgGFw8&_nc_zt=23&_nc_ht=instagram.fxap4-1.fna&_nc_gid=VZPB67okKU0e0ifowzVMWA&_nc_ss=72a8c&oh=00_AQHczTI5i8sJva23g6egbIopSplYbu73tBW58x_YqjBIcQ&oe=6A92052E,https://www.instagram.com/p/DcR8Up0IBkE/
Bom Jesus Primavera do Leste 🛒,Laticínios / Leites e Derivados,Requeijão Catupiry 200g,8.99,21/08/2026,https://instagram.fhnd4-2.fna.fbcdn.net/v/t51.82787-15/782344855_18373759252237813_7320855115066332806_n.jpg?stp=dst-jpg_e35_tt6&_nc_cat=101&ig_cache_key=Mzk2ODYwMzg2MTkyMDUwNTIwMg%3D%3D.3-ccb7-5&ccb=7-5&_nc_sid=58cdad&efg=eyJ2ZW5jb2RlX3RhZyI6IkNBUk9VU0VMX0lURU0ueHBpZHMuMTA4MC5zZHIucmVndWxhcl9waG90by5DMyJ9&_nc_ohc=EXXZ6F7wf7QQ7kNvwFOdDBS&_nc_oc=AdqMOWf1nzXpFO8W-H1PyLYjDZtXp_9kyXJ7SloENIQvkirJxxmUDYU1xeA_flZ6tJV0DlIA_PT3JHOEPgeJKaC5&_nc_zt=23&_nc_ht=instagram.fhnd4-2.fna&_nc_gid=WTJWLLFJRKKk_JKC3VjF2w&_nc_ss=7c689&oh=00_AQG9Saz-Go_urbHwXkRS1igT6zK842KMwSvQaJmSm50iag&oe=6A91F96C,https://www.instagram.com/p/DcTUD7jlm8n/
Machadão Atacadista,Laticínios / Leites e Derivados,Manteiga Batavo 200g,11.9,20/08/2026,https://scontent-waw2-2.cdninstagram.com/v/t39.30808-6/775548688_1353980203488604_1662033817259096349_n.jpg?stp=dst-jpg_e35_tt6&_nc_cat=101&ig_cache_key=Mzk2NzUxNDUxMzI1OTY2NjE4NQ%3D%3D.3-ccb7-5&ccb=7-5&_nc_sid=58cdad&efg=eyJ2ZW5jb2RlX3RhZyI6IkNBUk9VU0VMX0lURU0ueHBpZHMuMTYzOC5zZHIucmVndWxhcl9waG90by5DMyJ9&_nc_ohc=P5B5cPwUwBEQ7kNvwFyJmX7&_nc_oc=AdoKBGmeIB0nx7S-jsG_PsN_PbfrbUj5RPaLrFf4jC-7vOoBuXM9EYfFXabIEzeKpi1YPCJ8UwP7caKpHkb5OEbG&_nc_zt=23&_nc_ht=scontent-waw2-2.cdninstagram.com&_nc_gid=TCTohav7JJwegkku5UEH4A&_nc_ss=7d689&oh=00_AQEGO_LrZLYrfb7LzlS_GoanDcaczhh-FNaaJRwE8-oRcw&oe=6A9201CF,https://www.instagram.com/p/DcPcXJfjBzY/
Machadão Atacadista,Laticínios / Leites e Derivados,Manteiga Batavo 200g,11.9,20/08/2026,https://scontent-waw2-2.cdninstagram.com/v/t39.30808-6/775382457_1353980220155269_2009226448122347149_n.jpg?stp=dst-jpg_e35_tt6&_nc_cat=107&ig_cache_key=Mzk2NzUxNDUxMzU3ODM5NTQ2MQ%3D%3D.3-ccb7-5&ccb=7-5&_nc_sid=58cdad&efg=eyJ2ZW5jb2RlX3RhZyI6IkNBUk9VU0VMX0lURU0ueHBpZHMuMTYzOC5zZHIucmVndWxhcl9waG90by5DMyJ9&_nc_ohc=F4QLw9fMlnsQ7kNvwGYC8oo&_nc_oc=AdpbLw7b_mZbcNteltB2DlKPNAysOOQ0WM-gkc9C8VLGoL_7dQ8pyeQvILQjxqEb5_q8Gm-UgAPL_RhxTWUNBZn1&_nc_zt=23&_nc_ht=scontent-waw2-2.cdninstagram.com&_nc_gid=TCTohav7JJwegkku5UEH4A&_nc_ss=7d689&oh=00_AQH2WMhtcN_i8S6UUDomf1yCMcXXW1poPb2DTTxJ0imEPA&oe=6A91E7DC,https://www.instagram.com/p/DcPcXJfjBzY/
Bom Jesus Primavera do Leste 🛒,Laticínios / Leites e Derivados,Manteiga Brasilac 500g,14.99,21/08/2026,https://instagram.fhnd4-2.fna.fbcdn.net/v/t51.82787-15/782344855_18373759252237813_7320855115066332806_n.jpg?stp=dst-jpg_e35_tt6&_nc_cat=101&ig_cache_key=Mzk2ODYwMzg2MTkyMDUwNTIwMg%3D%3D.3-ccb7-5&ccb=7-5&_nc_sid=58cdad&efg=eyJ2ZW5jb2RlX3RhZyI6IkNBUk9VU0VMX0lURU0ueHBpZHMuMTA4MC5zZHIucmVndWxhcl9waG90by5DMyJ9&_nc_ohc=EXXZ6F7wf7QQ7kNvwFOdDBS&_nc_oc=AdqMOWf1nzXpFO8W-H1PyLYjDZtXp_9kyXJ7SloENIQvkirJxxmUDYU1xeA_flZ6tJV0DlIA_PT3JHOEPgeJKaC5&_nc_zt=23&_nc_ht=instagram.fhnd4-2.fna&_nc_gid=WTJWLLFJRKKk_JKC3VjF2w&_nc_ss=7c689&oh=00_AQG9Saz-Go_urbHwXkRS1igT6zK842KMwSvQaJmSm50iag&oe=6A91F96C,https://www.instagram.com/p/DcTUD7jlm8n/
Supermercado Tuiuiú,Laticínios / Leites e Derivados,Leite Ninho 380g,17.99,20/08/2026,https://scontent-phl2-1.cdninstagram.com/v/t39.30808-6/777548616_1712126797587805_4468367958160197813_n.jpg?stp=dst-jpg_e35_tt6&_nc_cat=108&ig_cache_key=Mzk2Nzg2MzQ3NzY1OTI0NTc5MQ%3D%3D.3-ccb7-5&ccb=7-5&_nc_sid=58cdad&efg=eyJ2ZW5jb2RlX3RhZyI6IkNBUk9VU0VMX0lURU0ueHBpZHMuMTI1NC5zZHIucmVndWxhcl9waG90by5DMyJ9&_nc_ohc=KR6FTgTvensQ7kNvwEch_zb&_nc_oc=AdqJSWd1wgn_3Z3ahHZyPqWqWqCjRYB_eJy9THI6GCkwQoNm8gANUCmeD0XrVpRV49AinsaU65H5POeuRiEZyESi&_nc_zt=23&_nc_ht=scontent-phl2-1.cdninstagram.com&_nc_gid=_KkeoNw63hwOES5RDY3HAg&_nc_ss=72a8c&oh=00_AQHru3sVkkQ4b3SEcp8SAd6Lft1jjx0Owuqq7ASWlB7Cyw&oe=6A91E055,https://www.instagram.com/p/DcQrtOmIPUZ/
Bom Jesus Primavera do Leste 🛒,Laticínios / Leites e Derivados,Leite em Pó Ninho 380g,19.99,21/08/2026,https://instagram.fhnd4-2.fna.fbcdn.net/v/t51.82787-15/779844446_18373759273237813_717042095228036520_n.jpg?stp=dst-jpg_e35_tt6&_nc_cat=101&ig_cache_key=Mzk2ODYwMzg2MjA2MzE4NjIyMQ%3D%3D.3-ccb7-5&ccb=7-5&_nc_sid=58cdad&efg=eyJ2ZW5jb2RlX3RhZyI6IkNBUk9VU0VMX0lURU0ueHBpZHMuMTA4MC5zZHIucmVndWxhcl9waG90by5DMyJ9&_nc_ohc=m8__0j7aHxEQ7kNvwHZCbD5&_nc_oc=Ado2-12p-PNSy_-K2ezm5yRNJtlscw4T7W1x9oCa2RnniXp8Tisb-qHYrDk7aGi1VwnPZ8RSTwAn4XKfo3Kg-Qg2&_nc_zt=23&_nc_ht=instagram.fhnd4-2.fna&_nc_gid=WTJWLLFJRKKk_JKC3VjF2w&_nc_ss=7c689&oh=00_AQEYuf2doMR78bfqGEBQfe-9vVkurmxuTKEXU8Z-KgZpng&oe=6A920670,https://www.instagram.com/p/DcTUD7jlm8n/
Machadão Atacadista,Laticínios / Leites e Derivados,Linguiça de Filé Mignon com Queijo Excelência 650g,22.79,20/08/2026,https://scontent-waw2-2.cdninstagram.com/v/t39.30808-6/775548688_1353980203488604_1662033817259096349_n.jpg?stp=dst-jpg_e35_tt6&_nc_cat=101&ig_cache_key=Mzk2NzUxNDUxMzI1OTY2NjE4NQ%3D%3D.3-ccb7-5&ccb=7-5&_nc_sid=58cdad&efg=eyJ2ZW5jb2RlX3RhZyI6IkNBUk9VU0VMX0lURU0ueHBpZHMuMTYzOC5zZHIucmVndWxhcl9waG90by5DMyJ9&_nc_ohc=P5B5cPwUwBEQ7kNvwFyJmX7&_nc_oc=AdoKBGmeIB0nx7S-jsG_PsN_PbfrbUj5RPaLrFf4jC-7vOoBuXM9EYfFXabIEzeKpi1YPCJ8UwP7caKpHkb5OEbG&_nc_zt=23&_nc_ht=scontent-waw2-2.cdninstagram.com&_nc_gid=TCTohav7JJwegkku5UEH4A&_nc_ss=7d689&oh=00_AQEGO_LrZLYrfb7LzlS_GoanDcaczhh-FNaaJRwE8-oRcw&oe=6A9201CF,https://www.instagram.com/p/DcPcXJfjBzY/
Machadão Atacadista,Laticínios / Leites e Derivados,Linguiça de Filé Mignon com Queijo Excelência 650g,22.79,20/08/2026,https://scontent-waw2-2.cdninstagram.com/v/t39.30808-6/775382457_1353980220155269_2009226448122347149_n.jpg?stp=dst-jpg_e35_tt6&_nc_cat=107&ig_cache_key=Mzk2NzUxNDUxMzU3ODM5NTQ2MQ%3D%3D.3-ccb7-5&ccb=7-5&_nc_sid=58cdad&efg=eyJ2ZW5jb2RlX3RhZyI6IkNBUk9VU0VMX0lURU0ueHBpZHMuMTYzOC5zZHIucmVndWxhcl9waG90by5DMyJ9&_nc_ohc=F4QLw9fMlnsQ7kNvwGYC8oo&_nc_oc=AdpbLw7b_mZbcNteltB2DlKPNAysOOQ0WM-gkc9C8VLGoL_7dQ8pyeQvILQjxqEb5_q8Gm-UgAPL_RhxTWUNBZn1&_nc_zt=23&_nc_ht=scontent-waw2-2.cdninstagram.com&_nc_gid=TCTohav7JJwegkku5UEH4A&_nc_ss=7d689&oh=00_AQH2WMhtcN_i8S6UUDomf1yCMcXXW1poPb2DTTxJ0imEPA&oe=6A91E7DC,https://www.instagram.com/p/DcPcXJfjBzY/
Supermercado São Pedro,Laticínios / Leites e Derivados,Salgado de Presunto Queijo e Tomate kg,32.99,21/08/2026,https://instagram.fvit1-1.fna.fbcdn.net/v/t51.82787-15/779957410_18194460196382122_4239320256883363950_n.jpg?stp=dst-jpg_e35_tt6&_nc_cat=111&ig_cache_key=Mzk2ODYwOTg5OTE2Nzk4NjAwMA%3D%3D.3-ccb7-5&ccb=7-5&_nc_sid=58cdad&efg=eyJ2ZW5jb2RlX3RhZyI6IkNBUk9VU0VMX0lURU0ueHBpZHMuMjE2MS5zZHIucmVndWxhcl9waG90by5DMyJ9&_nc_ohc=lCs7XFPuzTIQ7kNvwHMdJek&_nc_oc=Ado9YP1nN6fC5NNpGEHXRUhijLWbFCEiHGbqv2vOuaxqSnQYYjoBXL6NnIYMxPRV_xM&_nc_zt=23&_nc_ht=instagram.fvit1-1.fna&_nc_gid=D22syVg1HEJfFw9WayW2SA&_nc_ss=72689&oh=00_AQH1tVXLxB1zaLuP2t_RGnEzb4hiyeVkcr4FThOe1wIxYw&oe=6A920B01,https://www.instagram.com/p/DcTVeacG11v/
Supermercado Tuiuiú,Laticínios / Leites e Derivados,Queijo Queijo Mussarela kg,42.99,20/08/2026,https://scontent-phl2-1.cdninstagram.com/v/t39.30808-6/775523840_1712126794254472_8264970676281627936_n.jpg?stp=dst-jpg_e35_tt6&_nc_cat=102&ig_cache_key=Mzk2Nzg2MzQ3ODc3NDkzNTMxNQ%3D%3D.3-ccb7-5&ccb=7-5&_nc_sid=58cdad&efg=eyJ2ZW5jb2RlX3RhZyI6IkNBUk9VU0VMX0lURU0ueHBpZHMuMTI1NC5zZHIucmVndWxhcl9waG90by5DMyJ9&_nc_ohc=S-QN2J6TB4cQ7kNvwElBF7j&_nc_oc=AdqAgf6uTqxgs25Hb1T6Dj-A1OjALxSTX893uP18o6rfbDTdw4cJ8bKVN-YpsAUM4RQa87qkXBgcXvHKzWxW-XcI&_nc_zt=23&_nc_ht=scontent-phl2-1.cdninstagram.com&_nc_gid=_KkeoNw63hwOES5RDY3HAg&_nc_ss=72a8c&oh=00_AQFW9updQDChbu46eWBEKx2m1BetMWcnv9DSkCfZ6ZhVkQ&oe=6A920AAC,https://www.instagram.com/p/DcQrtOmIPUZ/
Supermercado Tuiuiú,Laticínios / Leites e Derivados,Queijo Queijo Mussarela kg,44.99,20/08/2026,https://scontent-phl2-1.cdninstagram.com/v/t39.30808-6/775523840_1712126794254472_8264970676281627936_n.jpg?stp=dst-jpg_e35_tt6&_nc_cat=102&ig_cache_key=Mzk2Nzg2MzQ3ODc3NDkzNTMxNQ%3D%3D.3-ccb7-5&ccb=7-5&_nc_sid=58cdad&efg=eyJ2ZW5jb2RlX3RhZyI6IkNBUk9VU0VMX0lURU0ueHBpZHMuMTI1NC5zZHIucmVndWxhcl9waG90by5DMyJ9&_nc_ohc=S-QN2J6TB4cQ7kNvwElBF7j&_nc_oc=AdqAgf6uTqxgs25Hb1T6Dj-A1OjALxSTX893uP18o6rfbDTdw4cJ8bKVN-YpsAUM4RQa87qkXBgcXvHKzWxW-XcI&_nc_zt=23&_nc_ht=scontent-phl2-1.cdninstagram.com&_nc_gid=_KkeoNw63hwOES5RDY3HAg&_nc_ss=72a8c&oh=00_AQFW9updQDChbu46eWBEKx2m1BetMWcnv9DSkCfZ6ZhVkQ&oe=6A920AAC,https://www.instagram.com/p/DcQrtOmIPUZ/
SUPERMERCADO PARANAENSE,Limpeza / Cuidados com a Casa,Limpador Multiuso Veja 500ml,4.99,18/08/2026,https://instagram.fbcn15-1.fna.fbcdn.net/v/t51.82787-15/779201412_17905958076496981_6443721065028839968_n.jpg?stp=dst-jpg_e35_tt6&_nc_cat=105&ig_cache_key=Mzk2NjA3NDE1MTYyNzk1NjAwNA%3D%3D.3-ccb7-5&ccb=7-5&_nc_sid=58cdad&efg=eyJ2ZW5jb2RlX3RhZyI6IkZFRUQueHBpZHMuMTM1MC5zZHIucmVndWxhcl9waG90by5DMyJ9&_nc_ohc=X7-fGJ3cyTUQ7kNvwHAmXH2&_nc_oc=AdosRII6nQbT_reMsilTtKghiDcv4w8iF0Wcp_irQ-Nol_iq2kSoFwZVNevQClJO0WM&_nc_zt=23&_nc_ht=instagram.fbcn15-1.fna&_nc_gid=CmZwXFojirTALIXoUXMO7A&_nc_ss=72a8c&oh=00_AQFcAVSBWAC55LkMefquTT5wtKObtalwB3dNssRwn3lsRg&oe=6A91FA14,https://www.instagram.com/p/DcKU22ApJ8k/
Machadão Atacadista,Limpeza / Cuidados com a Casa,Desinfetante Pinho Bril 1L,7.49,20/08/2026,https://scontent-waw2-1.cdninstagram.com/v/t39.30808-6/775419811_1353980236821934_1669358629496048886_n.jpg?stp=dst-jpg_e35_tt6&_nc_cat=109&ig_cache_key=Mzk2NzUxNDUxNDQyNTY1OTQ3OQ%3D%3D.3-ccb7-5&ccb=7-5&_nc_sid=58cdad&efg=eyJ2ZW5jb2RlX3RhZyI6IkNBUk9VU0VMX0lURU0ueHBpZHMuMTYzOC5zZHIucmVndWxhcl9waG90by5DMyJ9&_nc_ohc=lHwu1HSrHv4Q7kNvwHVyJEI&_nc_oc=AdqqPfmNAk4e9ze_ZwgktL75_Kqtn3tLkgSX9y4kCEcgb4S6LteL6Vgh3j52HqOPzoqVPFgpfs1CT6XIq7yAAmhn&_nc_zt=23&_nc_ht=scontent-waw2-1.cdninstagram.com&_nc_gid=TCTohav7JJwegkku5UEH4A&_nc_ss=7d689&oh=00_AQHM9rerb5ybH7qDRj_JX0zsyxuF2eibk29XOLILD3-nYg&oe=6A91F925,https://www.instagram.com/p/DcPcXJfjBzY/
Machadão Atacadista,Limpeza / Cuidados com a Casa,Desinfetante Pinho Bril 1L,7.49,20/08/2026,https://scontent-waw2-2.cdninstagram.com/v/t39.30808-6/778565543_1353980256821932_610953472750281477_n.jpg?stp=dst-jpg_e35_tt6&_nc_cat=107&ig_cache_key=Mzk2NzUxNDUxNTM1NjgxMjE0OQ%3D%3D.3-ccb7-5&ccb=7-5&_nc_sid=58cdad&efg=eyJ2ZW5jb2RlX3RhZyI6IkNBUk9VU0VMX0lURU0ueHBpZHMuMTYzOC5zZHIucmVndWxhcl9waG90by5DMyJ9&_nc_ohc=HT-6M49gF1MQ7kNvwHlI936&_nc_oc=Ado-YiiZFi4_Sr1NHw0eADjY_qslI9kdaMycLief1Zsns5F07SswPkE3pzMJAVzQ_BI4DH-jwjSC02txrVVqMYlO&_nc_zt=23&_nc_ht=scontent-waw2-2.cdninstagram.com&_nc_gid=TCTohav7JJwegkku5UEH4A&_nc_ss=7d689&oh=00_AQHH-7NBpm7tXO4H4KDej6yad9c4WBvFu5dEBZgmstMlOg&oe=6A91EDE5,https://www.instagram.com/p/DcPcXJfjBzY/
SUPERMERCADO PARANAENSE,Limpeza / Cuidados com a Casa,Água Sanitária Qboa 2L,7.99,18/08/2026,https://instagram.fbcn15-1.fna.fbcdn.net/v/t51.82787-15/779201412_17905958076496981_6443721065028839968_n.jpg?stp=dst-jpg_e35_tt6&_nc_cat=105&ig_cache_key=Mzk2NjA3NDE1MTYyNzk1NjAwNA%3D%3D.3-ccb7-5&ccb=7-5&_nc_sid=58cdad&efg=eyJ2ZW5jb2RlX3RhZyI6IkZFRUQueHBpZHMuMTM1MC5zZHIucmVndWxhcl9waG90by5DMyJ9&_nc_ohc=X7-fGJ3cyTUQ7kNvwHAmXH2&_nc_oc=AdosRII6nQbT_reMsilTtKghiDcv4w8iF0Wcp_irQ-Nol_iq2kSoFwZVNevQClJO0WM&_nc_zt=23&_nc_ht=instagram.fbcn15-1.fna&_nc_gid=CmZwXFojirTALIXoUXMO7A&_nc_ss=72a8c&oh=00_AQFcAVSBWAC55LkMefquTT5wtKObtalwB3dNssRwn3lsRg&oe=6A91FA14,https://www.instagram.com/p/DcKU22ApJ8k/
Supermercado Bianchi,Limpeza / Cuidados com a Casa,Saponáceo Cremoso Ypê 300ml,7.99,20/08/2026,https://scontent-cdg6-1.cdninstagram.com/v/t39.30808-6/780093492_1656123576518040_1742435548701906181_n.jpg?stp=dst-jpg_e35_tt6&_nc_cat=106&ig_cache_key=Mzk2NzU2NTg3NjgzMjc4MDUyNQ%3D%3D.3-ccb7-5&ccb=7-5&_nc_sid=58cdad&efg=eyJ2ZW5jb2RlX3RhZyI6IkNBUk9VU0VMX0lURU0ueHBpZHMuMTEyMi5zZHIucmVndWxhcl9waG90by5DMyJ9&_nc_ohc=6gerMpPWRPsQ7kNvwElyBPm&_nc_oc=Adqv2O-W6XZ0BOP8MgvZoVZI8JFrVa930YGANIi2Ydr8O-Aidp5FhqiYe6n2wUkc3tMPfqekHssRZDeG8O5a0pTI&_nc_zt=23&_nc_ht=scontent-cdg6-1.cdninstagram.com&_nc_gid=ewS_7ccC6dVM4y0FqH_MKA&_nc_ss=7c689&oh=00_AQH4QlTucTcOLFqg_3lppx8LxV47gu4oSgVLltL2Jun-Hw&oe=6A91F522,https://www.instagram.com/p/DcPoCetlHRj/
Machadão Atacadista,Limpeza / Cuidados com a Casa,Limpador Multiuso Azulim 3x500ml,8.99,20/08/2026,https://scontent-waw2-1.cdninstagram.com/v/t39.30808-6/775419811_1353980236821934_1669358629496048886_n.jpg?stp=dst-jpg_e35_tt6&_nc_cat=109&ig_cache_key=Mzk2NzUxNDUxNDQyNTY1OTQ3OQ%3D%3D.3-ccb7-5&ccb=7-5&_nc_sid=58cdad&efg=eyJ2ZW5jb2RlX3RhZyI6IkNBUk9VU0VMX0lURU0ueHBpZHMuMTYzOC5zZHIucmVndWxhcl9waG90by5DMyJ9&_nc_ohc=lHwu1HSrHv4Q7kNvwHVyJEI&_nc_oc=AdqqPfmNAk4e9ze_ZwgktL75_Kqtn3tLkgSX9y4kCEcgb4S6LteL6Vgh3j52HqOPzoqVPFgpfs1CT6XIq7yAAmhn&_nc_zt=23&_nc_ht=scontent-waw2-1.cdninstagram.com&_nc_gid=TCTohav7JJwegkku5UEH4A&_nc_ss=7d689&oh=00_AQHM9rerb5ybH7qDRj_JX0zsyxuF2eibk29XOLILD3-nYg&oe=6A91F925,https://www.instagram.com/p/DcPcXJfjBzY/
Machadão Atacadista,Limpeza / Cuidados com a Casa,Limpador Multiuso Azulim 3x500ml,8.99,20/08/2026,https://scontent-waw2-2.cdninstagram.com/v/t39.30808-6/778565543_1353980256821932_610953472750281477_n.jpg?stp=dst-jpg_e35_tt6&_nc_cat=107&ig_cache_key=Mzk2NzUxNDUxNTM1NjgxMjE0OQ%3D%3D.3-ccb7-5&ccb=7-5&_nc_sid=58cdad&efg=eyJ2ZW5jb2RlX3RhZyI6IkNBUk9VU0VMX0lURU0ueHBpZHMuMTYzOC5zZHIucmVndWxhcl9waG90by5DMyJ9&_nc_ohc=HT-6M49gF1MQ7kNvwHlI936&_nc_oc=Ado-YiiZFi4_Sr1NHw0eADjY_qslI9kdaMycLief1Zsns5F07SswPkE3pzMJAVzQ_BI4DH-jwjSC02txrVVqMYlO&_nc_zt=23&_nc_ht=scontent-waw2-2.cdninstagram.com&_nc_gid=TCTohav7JJwegkku5UEH4A&_nc_ss=7d689&oh=00_AQHH-7NBpm7tXO4H4KDej6yad9c4WBvFu5dEBZgmstMlOg&oe=6A91EDE5,https://www.instagram.com/p/DcPcXJfjBzY/
Supermercado Bianchi,Limpeza / Cuidados com a Casa,Água Sanitária Qboa 2L,8.99,20/08/2026,https://scontent-cdg6-1.cdninstagram.com/v/t39.30808-6/780093492_1656123576518040_1742435548701906181_n.jpg?stp=dst-jpg_e35_tt6&_nc_cat=106&ig_cache_key=Mzk2NzU2NTg3NjgzMjc4MDUyNQ%3D%3D.3-ccb7-5&ccb=7-5&_nc_sid=58cdad&efg=eyJ2ZW5jb2RlX3RhZyI6IkNBUk9VU0VMX0lURU0ueHBpZHMuMTEyMi5zZHIucmVndWxhcl9waG90by5DMyJ9&_nc_ohc=6gerMpPWRPsQ7kNvwElyBPm&_nc_oc=Adqv2O-W6XZ0BOP8MgvZoVZI8JFrVa930YGANIi2Ydr8O-Aidp5FhqiYe6n2wUkc3tMPfqekHssRZDeG8O5a0pTI&_nc_zt=23&_nc_ht=scontent-cdg6-1.cdninstagram.com&_nc_gid=ewS_7ccC6dVM4y0FqH_MKA&_nc_ss=7c689&oh=00_AQH4QlTucTcOLFqg_3lppx8LxV47gu4oSgVLltL2Jun-Hw&oe=6A91F522,https://www.instagram.com/p/DcPoCetlHRj/
Bom Jesus Primavera do Leste 🛒,Limpeza / Cuidados com a Casa,Desinfetante Uau 2L,9.99,21/08/2026,https://instagram.fhnd4-2.fna.fbcdn.net/v/t51.82787-15/778794332_18373759255237813_8826403310576910692_n.jpg?stp=dst-jpg_e35_tt6&_nc_cat=101&ig_cache_key=Mzk2ODYwMzg2MzYxMTAyNjY2MQ%3D%3D.3-ccb7-5&ccb=7-5&_nc_sid=58cdad&efg=eyJ2ZW5jb2RlX3RhZyI6IkNBUk9VU0VMX0lURU0ueHBpZHMuMTA4MC5zZHIucmVndWxhcl9waG90by5DMyJ9&_nc_ohc=DryH40MHA-0Q7kNvwHB1Lf7&_nc_oc=AdqhwLJGO6MviNbTHyj3iodOejfSiXHjvuM7YZ5MZA1XXDxJmjQjlLLe76yBRNXa9QT-96JkDsjGcyN9VIJK3GJ6&_nc_zt=23&_nc_ht=instagram.fhnd4-2.fna&_nc_gid=WTJWLLFJRKKk_JKC3VjF2w&_nc_ss=7c689&oh=00_AQHevt41KEmTNnGPlBWytV4PYTsS1qEUm0NDZgLMcsO3BQ&oe=6A92069B,https://www.instagram.com/p/DcTUD7jlm8n/
Supermercado Bianchi,Limpeza / Cuidados com a Casa,Desinfetante Pinho Sol 1L,9.99,20/08/2026,https://scontent-cdg6-1.cdninstagram.com/v/t39.30808-6/780093492_1656123576518040_1742435548701906181_n.jpg?stp=dst-jpg_e35_tt6&_nc_cat=106&ig_cache_key=Mzk2NzU2NTg3NjgzMjc4MDUyNQ%3D%3D.3-ccb7-5&ccb=7-5&_nc_sid=58cdad&efg=eyJ2ZW5jb2RlX3RhZyI6IkNBUk9VU0VMX0lURU0ueHBpZHMuMTEyMi5zZHIucmVndWxhcl9waG90by5DMyJ9&_nc_ohc=6gerMpPWRPsQ7kNvwElyBPm&_nc_oc=Adqv2O-W6XZ0BOP8MgvZoVZI8JFrVa930YGANIi2Ydr8O-Aidp5FhqiYe6n2wUkc3tMPfqekHssRZDeG8O5a0pTI&_nc_zt=23&_nc_ht=scontent-cdg6-1.cdninstagram.com&_nc_gid=ewS_7ccC6dVM4y0FqH_MKA&_nc_ss=7c689&oh=00_AQH4QlTucTcOLFqg_3lppx8LxV47gu4oSgVLltL2Jun-Hw&oe=6A91F522,https://www.instagram.com/p/DcPoCetlHRj/
Supermercado Bianchi,Limpeza / Cuidados com a Casa,Amaciante de Roupas Ypê 2L,10.99,20/08/2026,https://scontent-cdg6-1.cdninstagram.com/v/t39.30808-6/780093492_1656123576518040_1742435548701906181_n.jpg?stp=dst-jpg_e35_tt6&_nc_cat=106&ig_cache_key=Mzk2NzU2NTg3NjgzMjc4MDUyNQ%3D%3D.3-ccb7-5&ccb=7-5&_nc_sid=58cdad&efg=eyJ2ZW5jb2RlX3RhZyI6IkNBUk9VU0VMX0lURU0ueHBpZHMuMTEyMi5zZHIucmVndWxhcl9waG90by5DMyJ9&_nc_ohc=6gerMpPWRPsQ7kNvwElyBPm&_nc_oc=Adqv2O-W6XZ0BOP8MgvZoVZI8JFrVa930YGANIi2Ydr8O-Aidp5FhqiYe6n2wUkc3tMPfqekHssRZDeG8O5a0pTI&_nc_zt=23&_nc_ht=scontent-cdg6-1.cdninstagram.com&_nc_gid=ewS_7ccC6dVM4y0FqH_MKA&_nc_ss=7c689&oh=00_AQH4QlTucTcOLFqg_3lppx8LxV47gu4oSgVLltL2Jun-Hw&oe=6A91F522,https://www.instagram.com/p/DcPoCetlHRj/
Supermercado Bianchi,Limpeza / Cuidados com a Casa,Sabão em Barra Neutro Ypê 5x160g,13.99,20/08/2026,https://scontent-cdg6-1.cdninstagram.com/v/t39.30808-6/780093492_1656123576518040_1742435548701906181_n.jpg?stp=dst-jpg_e35_tt6&_nc_cat=106&ig_cache_key=Mzk2NzU2NTg3NjgzMjc4MDUyNQ%3D%3D.3-ccb7-5&ccb=7-5&_nc_sid=58cdad&efg=eyJ2ZW5jb2RlX3RhZyI6IkNBUk9VU0VMX0lURU0ueHBpZHMuMTEyMi5zZHIucmVndWxhcl9waG90by5DMyJ9&_nc_ohc=6gerMpPWRPsQ7kNvwElyBPm&_nc_oc=Adqv2O-W6XZ0BOP8MgvZoVZI8JFrVa930YGANIi2Ydr8O-Aidp5FhqiYe6n2wUkc3tMPfqekHssRZDeG8O5a0pTI&_nc_zt=23&_nc_ht=scontent-cdg6-1.cdninstagram.com&_nc_gid=ewS_7ccC6dVM4y0FqH_MKA&_nc_ss=7c689&oh=00_AQH4QlTucTcOLFqg_3lppx8LxV47gu4oSgVLltL2Jun-Hw&oe=6A91F522,https://www.instagram.com/p/DcPoCetlHRj/
Bom Jesus Primavera do Leste 🛒,Limpeza / Cuidados com a Casa,Amaciante Concentrado Downy 500ml,14.99,21/08/2026,https://instagram.fhnd4-2.fna.fbcdn.net/v/t51.82787-15/778794332_18373759255237813_8826403310576910692_n.jpg?stp=dst-jpg_e35_tt6&_nc_cat=101&ig_cache_key=Mzk2ODYwMzg2MzYxMTAyNjY2MQ%3D%3D.3-ccb7-5&ccb=7-5&_nc_sid=58cdad&efg=eyJ2ZW5jb2RlX3RhZyI6IkNBUk9VU0VMX0lURU0ueHBpZHMuMTA4MC5zZHIucmVndWxhcl9waG90by5DMyJ9&_nc_ohc=DryH40MHA-0Q7kNvwHB1Lf7&_nc_oc=AdqhwLJGO6MviNbTHyj3iodOejfSiXHjvuM7YZ5MZA1XXDxJmjQjlLLe76yBRNXa9QT-96JkDsjGcyN9VIJK3GJ6&_nc_zt=23&_nc_ht=instagram.fhnd4-2.fna&_nc_gid=WTJWLLFJRKKk_JKC3VjF2w&_nc_ss=7c689&oh=00_AQHevt41KEmTNnGPlBWytV4PYTsS1qEUm0NDZgLMcsO3BQ&oe=6A92069B,https://www.instagram.com/p/DcTUD7jlm8n/
Machadão Atacadista,Limpeza / Cuidados com a Casa,Amaciante Concentrado Girando Sol 1L,16.9,24/08/2026,https://instagram.fbhx7-1.fna.fbcdn.net/v/t39.30808-6/778957943_1356271786592779_7752166386009606157_n.jpg?stp=dst-jpg_e35_tt6&_nc_cat=104&ig_cache_key=Mzk3MDQwODc0MjgwNjA4NjE5OQ%3D%3D.3-ccb7-5&ccb=7-5&_nc_sid=58cdad&efg=eyJ2ZW5jb2RlX3RhZyI6IkNBUk9VU0VMX0lURU0ueHBpZHMuMTYzOC5zZHIucmVndWxhcl9waG90by5DMyJ9&_nc_ohc=Eg6V_HQrmusQ7kNvwEnqoBV&_nc_oc=AdrPOAFHiUVC4tfFm_sPmoM5M_6Xf0PkCGGS0ldW_Q0fedz8vksuQkF1CGF_YdReE96JrFLA-h6OasdXWFmQczkv&_nc_zt=23&_nc_ht=instagram.fbhx7-1.fna&_nc_gid=hYaYS30HU0P5YK96dlMTTw&_nc_ss=72689&oh=00_AQFuKLmVW--pgyu1J5RwDoyPK6EwG6F47lvSoASAglesVA&oe=6A91F0EE,https://www.instagram.com/p/DcZubq6D10t/
Machadão Atacadista,Limpeza / Cuidados com a Casa,Desinfetante Pinho Sol 1.75L,17.99,24/08/2026,https://instagram.fbhx7-1.fna.fbcdn.net/v/t39.30808-6/778957943_1356271786592779_7752166386009606157_n.jpg?stp=dst-jpg_e35_tt6&_nc_cat=104&ig_cache_key=Mzk3MDQwODc0MjgwNjA4NjE5OQ%3D%3D.3-ccb7-5&ccb=7-5&_nc_sid=58cdad&efg=eyJ2ZW5jb2RlX3RhZyI6IkNBUk9VU0VMX0lURU0ueHBpZHMuMTYzOC5zZHIucmVndWxhcl9waG90by5DMyJ9&_nc_ohc=Eg6V_HQrmusQ7kNvwEnqoBV&_nc_oc=AdrPOAFHiUVC4tfFm_sPmoM5M_6Xf0PkCGGS0ldW_Q0fedz8vksuQkF1CGF_YdReE96JrFLA-h6OasdXWFmQczkv&_nc_zt=23&_nc_ht=instagram.fbhx7-1.fna&_nc_gid=hYaYS30HU0P5YK96dlMTTw&_nc_ss=72689&oh=00_AQFuKLmVW--pgyu1J5RwDoyPK6EwG6F47lvSoASAglesVA&oe=6A91F0EE,https://www.instagram.com/p/DcZubq6D10t/
Machadão Atacadista,Limpeza / Lavanderia e Louça,Esponja de Aço Bombril 45g,1.99,24/08/2026,https://instagram.fbhx7-1.fna.fbcdn.net/v/t39.30808-6/778957943_1356271786592779_7752166386009606157_n.jpg?stp=dst-jpg_e35_tt6&_nc_cat=104&ig_cache_key=Mzk3MDQwODc0MjgwNjA4NjE5OQ%3D%3D.3-ccb7-5&ccb=7-5&_nc_sid=58cdad&efg=eyJ2ZW5jb2RlX3RhZyI6IkNBUk9VU0VMX0lURU0ueHBpZHMuMTYzOC5zZHIucmVndWxhcl9waG90by5DMyJ9&_nc_ohc=Eg6V_HQrmusQ7kNvwEnqoBV&_nc_oc=AdrPOAFHiUVC4tfFm_sPmoM5M_6Xf0PkCGGS0ldW_Q0fedz8vksuQkF1CGF_YdReE96JrFLA-h6OasdXWFmQczkv&_nc_zt=23&_nc_ht=instagram.fbhx7-1.fna&_nc_gid=hYaYS30HU0P5YK96dlMTTw&_nc_ss=72689&oh=00_AQFuKLmVW--pgyu1J5RwDoyPK6EwG6F47lvSoASAglesVA&oe=6A91F0EE,https://www.instagram.com/p/DcZubq6D10t/
Super Compras Supermercado,Limpeza / Lavanderia e Louça,Lava Roupas em Pó Assim Bicarbonato 800g,7.99,20/08/2026,https://scontent-gru1-2.cdninstagram.com/v/t51.82787-15/775027665_18191945224391764_8081345465351211337_n.jpg?stp=dst-jpg_e35_tt6&_nc_cat=103&ig_cache_key=Mzk2NzQ4OTc2ODM5MzY0MjE0Ng%3D%3D.3-ccb7-5&ccb=7-5&_nc_sid=58cdad&efg=eyJ2ZW5jb2RlX3RhZyI6IkZFRUQueHBpZHMuMTQ0MC5zZHIucmVndWxhcl9waG90by5DMyJ9&_nc_ohc=PQ4k9iUSmG0Q7kNvwGyBUgl&_nc_oc=AdrwmW1cvXb4uufRR_gwpbI3kiziS6VpjdvaRWR7b7Kntn_0RtqpkuHqAD4is5tKKIw&_nc_zt=23&_nc_ht=scontent-gru1-2.cdninstagram.com&_nc_gid=6_6aZ24msfQWOiJfpVqTGw&_nc_ss=7c689&oh=00_AQEqw1AcYYSi18OpSNKw4Ex9Gq5ctoOGl_tdm3dKBYzxxw&oe=6A91D5D0,https://www.instagram.com/p/DcPWux3GZCi/
Bom Jesus Primavera do Leste 🛒,Limpeza / Lavanderia e Louça,Detergente em Pó Tixan 800g,11.99,21/08/2026,https://instagram.fhnd4-2.fna.fbcdn.net/v/t51.82787-15/778794332_18373759255237813_8826403310576910692_n.jpg?stp=dst-jpg_e35_tt6&_nc_cat=101&ig_cache_key=Mzk2ODYwMzg2MzYxMTAyNjY2MQ%3D%3D.3-ccb7-5&ccb=7-5&_nc_sid=58cdad&efg=eyJ2ZW5jb2RlX3RhZyI6IkNBUk9VU0VMX0lURU0ueHBpZHMuMTA4MC5zZHIucmVndWxhcl9waG90by5DMyJ9&_nc_ohc=DryH40MHA-0Q7kNvwHB1Lf7&_nc_oc=AdqhwLJGO6MviNbTHyj3iodOejfSiXHjvuM7YZ5MZA1XXDxJmjQjlLLe76yBRNXa9QT-96JkDsjGcyN9VIJK3GJ6&_nc_zt=23&_nc_ht=instagram.fhnd4-2.fna&_nc_gid=WTJWLLFJRKKk_JKC3VjF2w&_nc_ss=7c689&oh=00_AQHevt41KEmTNnGPlBWytV4PYTsS1qEUm0NDZgLMcsO3BQ&oe=6A92069B,https://www.instagram.com/p/DcTUD7jlm8n/
Bom Jesus Primavera do Leste 🛒,Limpeza / Lavanderia e Louça,Lava Roupas Líquido Omo 750ml,16.99,21/08/2026,https://instagram.fhnd4-2.fna.fbcdn.net/v/t51.82787-15/778794332_18373759255237813_8826403310576910692_n.jpg?stp=dst-jpg_e35_tt6&_nc_cat=101&ig_cache_key=Mzk2ODYwMzg2MzYxMTAyNjY2MQ%3D%3D.3-ccb7-5&ccb=7-5&_nc_sid=58cdad&efg=eyJ2ZW5jb2RlX3RhZyI6IkNBUk9VU0VMX0lURU0ueHBpZHMuMTA4MC5zZHIucmVndWxhcl9waG90by5DMyJ9&_nc_ohc=DryH40MHA-0Q7kNvwHB1Lf7&_nc_oc=AdqhwLJGO6MviNbTHyj3iodOejfSiXHjvuM7YZ5MZA1XXDxJmjQjlLLe76yBRNXa9QT-96JkDsjGcyN9VIJK3GJ6&_nc_zt=23&_nc_ht=instagram.fhnd4-2.fna&_nc_gid=WTJWLLFJRKKk_JKC3VjF2w&_nc_ss=7c689&oh=00_AQHevt41KEmTNnGPlBWytV4PYTsS1qEUm0NDZgLMcsO3BQ&oe=6A92069B,https://www.instagram.com/p/DcTUD7jlm8n/
Machadão Atacadista,Limpeza / Lavanderia e Louça,Detergente Líquido Girando Sol 5L,22.99,20/08/2026,https://scontent-waw2-1.cdninstagram.com/v/t39.30808-6/775419811_1353980236821934_1669358629496048886_n.jpg?stp=dst-jpg_e35_tt6&_nc_cat=109&ig_cache_key=Mzk2NzUxNDUxNDQyNTY1OTQ3OQ%3D%3D.3-ccb7-5&ccb=7-5&_nc_sid=58cdad&efg=eyJ2ZW5jb2RlX3RhZyI6IkNBUk9VU0VMX0lURU0ueHBpZHMuMTYzOC5zZHIucmVndWxhcl9waG90by5DMyJ9&_nc_ohc=lHwu1HSrHv4Q7kNvwHVyJEI&_nc_oc=AdqqPfmNAk4e9ze_ZwgktL75_Kqtn3tLkgSX9y4kCEcgb4S6LteL6Vgh3j52HqOPzoqVPFgpfs1CT6XIq7yAAmhn&_nc_zt=23&_nc_ht=scontent-waw2-1.cdninstagram.com&_nc_gid=TCTohav7JJwegkku5UEH4A&_nc_ss=7d689&oh=00_AQHM9rerb5ybH7qDRj_JX0zsyxuF2eibk29XOLILD3-nYg&oe=6A91F925,https://www.instagram.com/p/DcPcXJfjBzY/
Machadão Atacadista,Limpeza / Lavanderia e Louça,Detergente Líquido Girando Sol 5L,22.99,20/08/2026,https://scontent-waw2-2.cdninstagram.com/v/t39.30808-6/778565543_1353980256821932_610953472750281477_n.jpg?stp=dst-jpg_e35_tt6&_nc_cat=107&ig_cache_key=Mzk2NzUxNDUxNTM1NjgxMjE0OQ%3D%3D.3-ccb7-5&ccb=7-5&_nc_sid=58cdad&efg=eyJ2ZW5jb2RlX3RhZyI6IkNBUk9VU0VMX0lURU0ueHBpZHMuMTYzOC5zZHIucmVndWxhcl9waG90by5DMyJ9&_nc_ohc=HT-6M49gF1MQ7kNvwHlI936&_nc_oc=Ado-YiiZFi4_Sr1NHw0eADjY_qslI9kdaMycLief1Zsns5F07SswPkE3pzMJAVzQ_BI4DH-jwjSC02txrVVqMYlO&_nc_zt=23&_nc_ht=scontent-waw2-2.cdninstagram.com&_nc_gid=TCTohav7JJwegkku5UEH4A&_nc_ss=7d689&oh=00_AQHH-7NBpm7tXO4H4KDej6yad9c4WBvFu5dEBZgmstMlOg&oe=6A91EDE5,https://www.instagram.com/p/DcPcXJfjBzY/
Supermercado Bianchi,Limpeza / Lavanderia e Louça,Sabão em Pó Brilhante 2.4kg,26.99,20/08/2026,https://scontent-cdg6-1.cdninstagram.com/v/t39.30808-6/780093492_1656123576518040_1742435548701906181_n.jpg?stp=dst-jpg_e35_tt6&_nc_cat=106&ig_cache_key=Mzk2NzU2NTg3NjgzMjc4MDUyNQ%3D%3D.3-ccb7-5&ccb=7-5&_nc_sid=58cdad&efg=eyJ2ZW5jb2RlX3RhZyI6IkNBUk9VU0VMX0lURU0ueHBpZHMuMTEyMi5zZHIucmVndWxhcl9waG90by5DMyJ9&_nc_ohc=6gerMpPWRPsQ7kNvwElyBPm&_nc_oc=Adqv2O-W6XZ0BOP8MgvZoVZI8JFrVa930YGANIi2Ydr8O-Aidp5FhqiYe6n2wUkc3tMPfqekHssRZDeG8O5a0pTI&_nc_zt=23&_nc_ht=scontent-cdg6-1.cdninstagram.com&_nc_gid=ewS_7ccC6dVM4y0FqH_MKA&_nc_ss=7c689&oh=00_AQH4QlTucTcOLFqg_3lppx8LxV47gu4oSgVLltL2Jun-Hw&oe=6A91F522,https://www.instagram.com/p/DcPoCetlHRj/
Bom Jesus Primavera do Leste 🛒,Limpeza / Lavanderia e Louça,Detergente em Pó Omo 2.2kg,30.99,21/08/2026,https://instagram.fhnd4-2.fna.fbcdn.net/v/t51.82787-15/778794332_18373759255237813_8826403310576910692_n.jpg?stp=dst-jpg_e35_tt6&_nc_cat=101&ig_cache_key=Mzk2ODYwMzg2MzYxMTAyNjY2MQ%3D%3D.3-ccb7-5&ccb=7-5&_nc_sid=58cdad&efg=eyJ2ZW5jb2RlX3RhZyI6IkNBUk9VU0VMX0lURU0ueHBpZHMuMTA4MC5zZHIucmVndWxhcl9waG90by5DMyJ9&_nc_ohc=DryH40MHA-0Q7kNvwHB1Lf7&_nc_oc=AdqhwLJGO6MviNbTHyj3iodOejfSiXHjvuM7YZ5MZA1XXDxJmjQjlLLe76yBRNXa9QT-96JkDsjGcyN9VIJK3GJ6&_nc_zt=23&_nc_ht=instagram.fhnd4-2.fna&_nc_gid=WTJWLLFJRKKk_JKC3VjF2w&_nc_ss=7c689&oh=00_AQHevt41KEmTNnGPlBWytV4PYTsS1qEUm0NDZgLMcsO3BQ&oe=6A92069B,https://www.instagram.com/p/DcTUD7jlm8n/
Machadão Atacadista,Limpeza / Lavanderia e Louça,Sabão em Pó Ápyce Multiação Natureza 10kg,53.9,20/08/2026,https://scontent-waw2-1.cdninstagram.com/v/t39.30808-6/775419811_1353980236821934_1669358629496048886_n.jpg?stp=dst-jpg_e35_tt6&_nc_cat=109&ig_cache_key=Mzk2NzUxNDUxNDQyNTY1OTQ3OQ%3D%3D.3-ccb7-5&ccb=7-5&_nc_sid=58cdad&efg=eyJ2ZW5jb2RlX3RhZyI6IkNBUk9VU0VMX0lURU0ueHBpZHMuMTYzOC5zZHIucmVndWxhcl9waG90by5DMyJ9&_nc_ohc=lHwu1HSrHv4Q7kNvwHVyJEI&_nc_oc=AdqqPfmNAk4e9ze_ZwgktL75_Kqtn3tLkgSX9y4kCEcgb4S6LteL6Vgh3j52HqOPzoqVPFgpfs1CT6XIq7yAAmhn&_nc_zt=23&_nc_ht=scontent-waw2-1.cdninstagram.com&_nc_gid=TCTohav7JJwegkku5UEH4A&_nc_ss=7d689&oh=00_AQHM9rerb5ybH7qDRj_JX0zsyxuF2eibk29XOLILD3-nYg&oe=6A91F925,https://www.instagram.com/p/DcPcXJfjBzY/
Machadão Atacadista,Limpeza / Lavanderia e Louça,Sabão em Pó Ápyce Multiação Natureza 10kg,53.9,20/08/2026,https://scontent-waw2-2.cdninstagram.com/v/t39.30808-6/778565543_1353980256821932_610953472750281477_n.jpg?stp=dst-jpg_e35_tt6&_nc_cat=107&ig_cache_key=Mzk2NzUxNDUxNTM1NjgxMjE0OQ%3D%3D.3-ccb7-5&ccb=7-5&_nc_sid=58cdad&efg=eyJ2ZW5jb2RlX3RhZyI6IkNBUk9VU0VMX0lURU0ueHBpZHMuMTYzOC5zZHIucmVndWxhcl9waG90by5DMyJ9&_nc_ohc=HT-6M49gF1MQ7kNvwHlI936&_nc_oc=Ado-YiiZFi4_Sr1NHw0eADjY_qslI9kdaMycLief1Zsns5F07SswPkE3pzMJAVzQ_BI4DH-jwjSC02txrVVqMYlO&_nc_zt=23&_nc_ht=scontent-waw2-2.cdninstagram.com&_nc_gid=TCTohav7JJwegkku5UEH4A&_nc_ss=7d689&oh=00_AQHH-7NBpm7tXO4H4KDej6yad9c4WBvFu5dEBZgmstMlOg&oe=6A91EDE5,https://www.instagram.com/p/DcPcXJfjBzY/
Machadão Atacadista,Limpeza / Lavanderia e Louça,Sabão em Pó Omo 4kg,59.9,24/08/2026,https://instagram.fbhx7-1.fna.fbcdn.net/v/t39.30808-6/778957943_1356271786592779_7752166386009606157_n.jpg?stp=dst-jpg_e35_tt6&_nc_cat=104&ig_cache_key=Mzk3MDQwODc0MjgwNjA4NjE5OQ%3D%3D.3-ccb7-5&ccb=7-5&_nc_sid=58cdad&efg=eyJ2ZW5jb2RlX3RhZyI6IkNBUk9VU0VMX0lURU0ueHBpZHMuMTYzOC5zZHIucmVndWxhcl9waG90by5DMyJ9&_nc_ohc=Eg6V_HQrmusQ7kNvwEnqoBV&_nc_oc=AdrPOAFHiUVC4tfFm_sPmoM5M_6Xf0PkCGGS0ldW_Q0fedz8vksuQkF1CGF_YdReE96JrFLA-h6OasdXWFmQczkv&_nc_zt=23&_nc_ht=instagram.fbhx7-1.fna&_nc_gid=hYaYS30HU0P5YK96dlMTTw&_nc_ss=72689&oh=00_AQFuKLmVW--pgyu1J5RwDoyPK6EwG6F47lvSoASAglesVA&oe=6A91F0EE,https://www.instagram.com/p/DcZubq6D10t/
Machadão Atacadista,Limpeza / Lavanderia e Louça,Sabão em Pó Omo Clinical 4kg,59.9,20/08/2026,https://scontent-waw2-1.cdninstagram.com/v/t39.30808-6/775419811_1353980236821934_1669358629496048886_n.jpg?stp=dst-jpg_e35_tt6&_nc_cat=109&ig_cache_key=Mzk2NzUxNDUxNDQyNTY1OTQ3OQ%3D%3D.3-ccb7-5&ccb=7-5&_nc_sid=58cdad&efg=eyJ2ZW5jb2RlX3RhZyI6IkNBUk9VU0VMX0lURU0ueHBpZHMuMTYzOC5zZHIucmVndWxhcl9waG90by5DMyJ9&_nc_ohc=lHwu1HSrHv4Q7kNvwHVyJEI&_nc_oc=AdqqPfmNAk4e9ze_ZwgktL75_Kqtn3tLkgSX9y4kCEcgb4S6LteL6Vgh3j52HqOPzoqVPFgpfs1CT6XIq7yAAmhn&_nc_zt=23&_nc_ht=scontent-waw2-1.cdninstagram.com&_nc_gid=TCTohav7JJwegkku5UEH4A&_nc_ss=7d689&oh=00_AQHM9rerb5ybH7qDRj_JX0zsyxuF2eibk29XOLILD3-nYg&oe=6A91F925,https://www.instagram.com/p/DcPcXJfjBzY/
Machadão Atacadista,Limpeza / Lavanderia e Louça,Sabão em Pó Omo Clinical 4kg,59.9,20/08/2026,https://scontent-waw2-2.cdninstagram.com/v/t39.30808-6/778565543_1353980256821932_610953472750281477_n.jpg?stp=dst-jpg_e35_tt6&_nc_cat=107&ig_cache_key=Mzk2NzUxNDUxNTM1NjgxMjE0OQ%3D%3D.3-ccb7-5&ccb=7-5&_nc_sid=58cdad&efg=eyJ2ZW5jb2RlX3RhZyI6IkNBUk9VU0VMX0lURU0ueHBpZHMuMTYzOC5zZHIucmVndWxhcl9waG90by5DMyJ9&_nc_ohc=HT-6M49gF1MQ7kNvwHlI936&_nc_oc=Ado-YiiZFi4_Sr1NHw0eADjY_qslI9kdaMycLief1Zsns5F07SswPkE3pzMJAVzQ_BI4DH-jwjSC02txrVVqMYlO&_nc_zt=23&_nc_ht=scontent-waw2-2.cdninstagram.com&_nc_gid=TCTohav7JJwegkku5UEH4A&_nc_ss=7d689&oh=00_AQHH-7NBpm7tXO4H4KDej6yad9c4WBvFu5dEBZgmstMlOg&oe=6A91EDE5,https://www.instagram.com/p/DcPcXJfjBzY/
Bom Jesus Primavera do Leste 🛒,Mercearia / Arroz,Arroz São João 5kg,16.99,21/08/2026,https://instagram.fhnd4-2.fna.fbcdn.net/v/t51.82787-15/779844446_18373759273237813_717042095228036520_n.jpg?stp=dst-jpg_e35_tt6&_nc_cat=101&ig_cache_key=Mzk2ODYwMzg2MjA2MzE4NjIyMQ%3D%3D.3-ccb7-5&ccb=7-5&_nc_sid=58cdad&efg=eyJ2ZW5jb2RlX3RhZyI6IkNBUk9VU0VMX0lURU0ueHBpZHMuMTA4MC5zZHIucmVndWxhcl9waG90by5DMyJ9&_nc_ohc=m8__0j7aHxEQ7kNvwHZCbD5&_nc_oc=Ado2-12p-PNSy_-K2ezm5yRNJtlscw4T7W1x9oCa2RnniXp8Tisb-qHYrDk7aGi1VwnPZ8RSTwAn4XKfo3Kg-Qg2&_nc_zt=23&_nc_ht=instagram.fhnd4-2.fna&_nc_gid=WTJWLLFJRKKk_JKC3VjF2w&_nc_ss=7c689&oh=00_AQEYuf2doMR78bfqGEBQfe-9vVkurmxuTKEXU8Z-KgZpng&oe=6A920670,https://www.instagram.com/p/DcTUD7jlm8n/
SUPERMERCADO PARANAENSE,Mercearia / Arroz,Arroz São João 5kg,17.99,18/08/2026,https://instagram.fbcn15-1.fna.fbcdn.net/v/t51.82787-15/779201412_17905958076496981_6443721065028839968_n.jpg?stp=dst-jpg_e35_tt6&_nc_cat=105&ig_cache_key=Mzk2NjA3NDE1MTYyNzk1NjAwNA%3D%3D.3-ccb7-5&ccb=7-5&_nc_sid=58cdad&efg=eyJ2ZW5jb2RlX3RhZyI6IkZFRUQueHBpZHMuMTM1MC5zZHIucmVndWxhcl9waG90by5DMyJ9&_nc_ohc=X7-fGJ3cyTUQ7kNvwHAmXH2&_nc_oc=AdosRII6nQbT_reMsilTtKghiDcv4w8iF0Wcp_irQ-Nol_iq2kSoFwZVNevQClJO0WM&_nc_zt=23&_nc_ht=instagram.fbcn15-1.fna&_nc_gid=CmZwXFojirTALIXoUXMO7A&_nc_ss=72a8c&oh=00_AQFcAVSBWAC55LkMefquTT5wtKObtalwB3dNssRwn3lsRg&oe=6A91FA14,https://www.instagram.com/p/DcKU22ApJ8k/
Machadão Atacadista,Mercearia / Arroz,Arroz Parboilizado tipo 1 Urbano 5kg,18.9,20/08/2026,https://scontent-waw2-2.cdninstagram.com/v/t39.30808-6/775548688_1353980203488604_1662033817259096349_n.jpg?stp=dst-jpg_e35_tt6&_nc_cat=101&ig_cache_key=Mzk2NzUxNDUxMzI1OTY2NjE4NQ%3D%3D.3-ccb7-5&ccb=7-5&_nc_sid=58cdad&efg=eyJ2ZW5jb2RlX3RhZyI6IkNBUk9VU0VMX0lURU0ueHBpZHMuMTYzOC5zZHIucmVndWxhcl9waG90by5DMyJ9&_nc_ohc=P5B5cPwUwBEQ7kNvwFyJmX7&_nc_oc=AdoKBGmeIB0nx7S-jsG_PsN_PbfrbUj5RPaLrFf4jC-7vOoBuXM9EYfFXabIEzeKpi1YPCJ8UwP7caKpHkb5OEbG&_nc_zt=23&_nc_ht=scontent-waw2-2.cdninstagram.com&_nc_gid=TCTohav7JJwegkku5UEH4A&_nc_ss=7d689&oh=00_AQEGO_LrZLYrfb7LzlS_GoanDcaczhh-FNaaJRwE8-oRcw&oe=6A9201CF,https://www.instagram.com/p/DcPcXJfjBzY/
Machadão Atacadista,Mercearia / Arroz,Arroz Parboilizado tipo 1 Urbano 5kg,18.9,20/08/2026,https://scontent-waw2-2.cdninstagram.com/v/t39.30808-6/775382457_1353980220155269_2009226448122347149_n.jpg?stp=dst-jpg_e35_tt6&_nc_cat=107&ig_cache_key=Mzk2NzUxNDUxMzU3ODM5NTQ2MQ%3D%3D.3-ccb7-5&ccb=7-5&_nc_sid=58cdad&efg=eyJ2ZW5jb2RlX3RhZyI6IkNBUk9VU0VMX0lURU0ueHBpZHMuMTYzOC5zZHIucmVndWxhcl9waG90by5DMyJ9&_nc_ohc=F4QLw9fMlnsQ7kNvwGYC8oo&_nc_oc=AdpbLw7b_mZbcNteltB2DlKPNAysOOQ0WM-gkc9C8VLGoL_7dQ8pyeQvILQjxqEb5_q8Gm-UgAPL_RhxTWUNBZn1&_nc_zt=23&_nc_ht=scontent-waw2-2.cdninstagram.com&_nc_gid=TCTohav7JJwegkku5UEH4A&_nc_ss=7d689&oh=00_AQH2WMhtcN_i8S6UUDomf1yCMcXXW1poPb2DTTxJ0imEPA&oe=6A91E7DC,https://www.instagram.com/p/DcPcXJfjBzY/
Super Compras Supermercado,Mercearia / Arroz,Arroz tipo 1 São João 5kg,18.99,20/08/2026,https://scontent-gru1-2.cdninstagram.com/v/t51.82787-15/775027665_18191945224391764_8081345465351211337_n.jpg?stp=dst-jpg_e35_tt6&_nc_cat=103&ig_cache_key=Mzk2NzQ4OTc2ODM5MzY0MjE0Ng%3D%3D.3-ccb7-5&ccb=7-5&_nc_sid=58cdad&efg=eyJ2ZW5jb2RlX3RhZyI6IkZFRUQueHBpZHMuMTQ0MC5zZHIucmVndWxhcl9waG90by5DMyJ9&_nc_ohc=PQ4k9iUSmG0Q7kNvwGyBUgl&_nc_oc=AdrwmW1cvXb4uufRR_gwpbI3kiziS6VpjdvaRWR7b7Kntn_0RtqpkuHqAD4is5tKKIw&_nc_zt=23&_nc_ht=scontent-gru1-2.cdninstagram.com&_nc_gid=6_6aZ24msfQWOiJfpVqTGw&_nc_ss=7c689&oh=00_AQEqw1AcYYSi18OpSNKw4Ex9Gq5ctoOGl_tdm3dKBYzxxw&oe=6A91D5D0,https://www.instagram.com/p/DcPWux3GZCi/
Machadão Atacadista,Mercearia / Arroz,Arroz tipo 1 Koblenz 5kg,20.9,24/08/2026,https://instagram.fbhx7-1.fna.fbcdn.net/v/t39.30808-6/780076458_1356271723259452_5989685085733377211_n.jpg?stp=dst-jpg_e35_tt6&_nc_cat=105&ig_cache_key=Mzk3MDQwODc0MjIxMDQ3NDY5OA%3D%3D.3-ccb7-5&ccb=7-5&_nc_sid=58cdad&efg=eyJ2ZW5jb2RlX3RhZyI6IkNBUk9VU0VMX0lURU0ueHBpZHMuMTYzOC5zZHIucmVndWxhcl9waG90by5DMyJ9&_nc_ohc=EI5S9KuUQlYQ7kNvwGxq-zd&_nc_oc=AdoTuy9J6-G7ePfivRWOrhyOkimMsf2iPG57P4oj60w11HCN3zlnhol5IK4s9l-5OnuZ-m8N69BZSMBM6XSGrU1s&_nc_zt=23&_nc_ht=instagram.fbhx7-1.fna&_nc_gid=hYaYS30HU0P5YK96dlMTTw&_nc_ss=72689&oh=00_AQHoSpKF5ipkZL6eu41s3VvnAnKwXNWnAsRl47EVOZ0Rhg&oe=6A91D6CE,https://www.instagram.com/p/DcZubq6D10t/
Super Compras Supermercado,Mercearia / Açúcar,Açúcar Cristal Itamarati 2kg,5.49,20/08/2026,https://scontent-gru1-2.cdninstagram.com/v/t51.82787-15/775027665_18191945224391764_8081345465351211337_n.jpg?stp=dst-jpg_e35_tt6&_nc_cat=103&ig_cache_key=Mzk2NzQ4OTc2ODM5MzY0MjE0Ng%3D%3D.3-ccb7-5&ccb=7-5&_nc_sid=58cdad&efg=eyJ2ZW5jb2RlX3RhZyI6IkZFRUQueHBpZHMuMTQ0MC5zZHIucmVndWxhcl9waG90by5DMyJ9&_nc_ohc=PQ4k9iUSmG0Q7kNvwGyBUgl&_nc_oc=AdrwmW1cvXb4uufRR_gwpbI3kiziS6VpjdvaRWR7b7Kntn_0RtqpkuHqAD4is5tKKIw&_nc_zt=23&_nc_ht=scontent-gru1-2.cdninstagram.com&_nc_gid=6_6aZ24msfQWOiJfpVqTGw&_nc_ss=7c689&oh=00_AQEqw1AcYYSi18OpSNKw4Ex9Gq5ctoOGl_tdm3dKBYzxxw&oe=6A91D5D0,https://www.instagram.com/p/DcPWux3GZCi/
Machadão Atacadista,Mercearia / Biscoitos e Doces,Biscoito Sequilhos Porto Alegre 100g,2.49,24/08/2026,https://instagram.fbhx7-1.fna.fbcdn.net/v/t39.30808-6/780076458_1356271723259452_5989685085733377211_n.jpg?stp=dst-jpg_e35_tt6&_nc_cat=105&ig_cache_key=Mzk3MDQwODc0MjIxMDQ3NDY5OA%3D%3D.3-ccb7-5&ccb=7-5&_nc_sid=58cdad&efg=eyJ2ZW5jb2RlX3RhZyI6IkNBUk9VU0VMX0lURU0ueHBpZHMuMTYzOC5zZHIucmVndWxhcl9waG90by5DMyJ9&_nc_ohc=EI5S9KuUQlYQ7kNvwGxq-zd&_nc_oc=AdoTuy9J6-G7ePfivRWOrhyOkimMsf2iPG57P4oj60w11HCN3zlnhol5IK4s9l-5OnuZ-m8N69BZSMBM6XSGrU1s&_nc_zt=23&_nc_ht=instagram.fbhx7-1.fna&_nc_gid=hYaYS30HU0P5YK96dlMTTw&_nc_ss=72689&oh=00_AQHoSpKF5ipkZL6eu41s3VvnAnKwXNWnAsRl47EVOZ0Rhg&oe=6A91D6CE,https://www.instagram.com/p/DcZubq6D10t/
Bom Jesus Primavera do Leste 🛒,Mercearia / Biscoitos e Doces,Biscoito Rosquinha Adoralle 500g,4.99,21/08/2026,https://instagram.fhnd4-2.fna.fbcdn.net/v/t51.82787-15/779844446_18373759273237813_717042095228036520_n.jpg?stp=dst-jpg_e35_tt6&_nc_cat=101&ig_cache_key=Mzk2ODYwMzg2MjA2MzE4NjIyMQ%3D%3D.3-ccb7-5&ccb=7-5&_nc_sid=58cdad&efg=eyJ2ZW5jb2RlX3RhZyI6IkNBUk9VU0VMX0lURU0ueHBpZHMuMTA4MC5zZHIucmVndWxhcl9waG90by5DMyJ9&_nc_ohc=m8__0j7aHxEQ7kNvwHZCbD5&_nc_oc=Ado2-12p-PNSy_-K2ezm5yRNJtlscw4T7W1x9oCa2RnniXp8Tisb-qHYrDk7aGi1VwnPZ8RSTwAn4XKfo3Kg-Qg2&_nc_zt=23&_nc_ht=instagram.fhnd4-2.fna&_nc_gid=WTJWLLFJRKKk_JKC3VjF2w&_nc_ss=7c689&oh=00_AQEYuf2doMR78bfqGEBQfe-9vVkurmxuTKEXU8Z-KgZpng&oe=6A920670,https://www.instagram.com/p/DcTUD7jlm8n/
Machadão Atacadista,Mercearia / Biscoitos e Doces,Chocolate Bis Lacta 100.8g,5.69,24/08/2026,https://instagram.fbhx7-1.fna.fbcdn.net/v/t39.30808-6/780076458_1356271723259452_5989685085733377211_n.jpg?stp=dst-jpg_e35_tt6&_nc_cat=105&ig_cache_key=Mzk3MDQwODc0MjIxMDQ3NDY5OA%3D%3D.3-ccb7-5&ccb=7-5&_nc_sid=58cdad&efg=eyJ2ZW5jb2RlX3RhZyI6IkNBUk9VU0VMX0lURU0ueHBpZHMuMTYzOC5zZHIucmVndWxhcl9waG90by5DMyJ9&_nc_ohc=EI5S9KuUQlYQ7kNvwGxq-zd&_nc_oc=AdoTuy9J6-G7ePfivRWOrhyOkimMsf2iPG57P4oj60w11HCN3zlnhol5IK4s9l-5OnuZ-m8N69BZSMBM6XSGrU1s&_nc_zt=23&_nc_ht=instagram.fbhx7-1.fna&_nc_gid=hYaYS30HU0P5YK96dlMTTw&_nc_ss=72689&oh=00_AQHoSpKF5ipkZL6eu41s3VvnAnKwXNWnAsRl47EVOZ0Rhg&oe=6A91D6CE,https://www.instagram.com/p/DcZubq6D10t/
Bom Jesus Primavera do Leste 🛒,Mercearia / Café,Café Torrado e Moído Brasileiro 500g,22.49,21/08/2026,https://instagram.fhnd4-2.fna.fbcdn.net/v/t51.82787-15/779844446_18373759273237813_717042095228036520_n.jpg?stp=dst-jpg_e35_tt6&_nc_cat=101&ig_cache_key=Mzk2ODYwMzg2MjA2MzE4NjIyMQ%3D%3D.3-ccb7-5&ccb=7-5&_nc_sid=58cdad&efg=eyJ2ZW5jb2RlX3RhZyI6IkNBUk9VU0VMX0lURU0ueHBpZHMuMTA4MC5zZHIucmVndWxhcl9waG90by5DMyJ9&_nc_ohc=m8__0j7aHxEQ7kNvwHZCbD5&_nc_oc=Ado2-12p-PNSy_-K2ezm5yRNJtlscw4T7W1x9oCa2RnniXp8Tisb-qHYrDk7aGi1VwnPZ8RSTwAn4XKfo3Kg-Qg2&_nc_zt=23&_nc_ht=instagram.fhnd4-2.fna&_nc_gid=WTJWLLFJRKKk_JKC3VjF2w&_nc_ss=7c689&oh=00_AQEYuf2doMR78bfqGEBQfe-9vVkurmxuTKEXU8Z-KgZpng&oe=6A920670,https://www.instagram.com/p/DcTUD7jlm8n/
SUPERMERCADO PARANAENSE,Mercearia / Café,Café Caboclo 500g,24.9,18/08/2026,https://instagram.fbcn15-1.fna.fbcdn.net/v/t51.82787-15/779201412_17905958076496981_6443721065028839968_n.jpg?stp=dst-jpg_e35_tt6&_nc_cat=105&ig_cache_key=Mzk2NjA3NDE1MTYyNzk1NjAwNA%3D%3D.3-ccb7-5&ccb=7-5&_nc_sid=58cdad&efg=eyJ2ZW5jb2RlX3RhZyI6IkZFRUQueHBpZHMuMTM1MC5zZHIucmVndWxhcl9waG90by5DMyJ9&_nc_ohc=X7-fGJ3cyTUQ7kNvwHAmXH2&_nc_oc=AdosRII6nQbT_reMsilTtKghiDcv4w8iF0Wcp_irQ-Nol_iq2kSoFwZVNevQClJO0WM&_nc_zt=23&_nc_ht=instagram.fbcn15-1.fna&_nc_gid=CmZwXFojirTALIXoUXMO7A&_nc_ss=72a8c&oh=00_AQFcAVSBWAC55LkMefquTT5wtKObtalwB3dNssRwn3lsRg&oe=6A91FA14,https://www.instagram.com/p/DcKU22ApJ8k/
Machadão Atacadista,Mercearia / Farináceos,Flocos de Milho Para Cuscuz Sinhá 500g,1.99,24/08/2026,https://instagram.fbhx7-1.fna.fbcdn.net/v/t39.30808-6/780076458_1356271723259452_5989685085733377211_n.jpg?stp=dst-jpg_e35_tt6&_nc_cat=105&ig_cache_key=Mzk3MDQwODc0MjIxMDQ3NDY5OA%3D%3D.3-ccb7-5&ccb=7-5&_nc_sid=58cdad&efg=eyJ2ZW5jb2RlX3RhZyI6IkNBUk9VU0VMX0lURU0ueHBpZHMuMTYzOC5zZHIucmVndWxhcl9waG90by5DMyJ9&_nc_ohc=EI5S9KuUQlYQ7kNvwGxq-zd&_nc_oc=AdoTuy9J6-G7ePfivRWOrhyOkimMsf2iPG57P4oj60w11HCN3zlnhol5IK4s9l-5OnuZ-m8N69BZSMBM6XSGrU1s&_nc_zt=23&_nc_ht=instagram.fbhx7-1.fna&_nc_gid=hYaYS30HU0P5YK96dlMTTw&_nc_ss=72689&oh=00_AQHoSpKF5ipkZL6eu41s3VvnAnKwXNWnAsRl47EVOZ0Rhg&oe=6A91D6CE,https://www.instagram.com/p/DcZubq6D10t/
Machadão Atacadista,Mercearia / Farináceos,Macarrão Espaguete Vitoriosa 400g,2.49,24/08/2026,https://instagram.fbhx7-1.fna.fbcdn.net/v/t39.30808-6/780076458_1356271723259452_5989685085733377211_n.jpg?stp=dst-jpg_e35_tt6&_nc_cat=105&ig_cache_key=Mzk3MDQwODc0MjIxMDQ3NDY5OA%3D%3D.3-ccb7-5&ccb=7-5&_nc_sid=58cdad&efg=eyJ2ZW5jb2RlX3RhZyI6IkNBUk9VU0VMX0lURU0ueHBpZHMuMTYzOC5zZHIucmVndWxhcl9waG90by5DMyJ9&_nc_ohc=EI5S9KuUQlYQ7kNvwGxq-zd&_nc_oc=AdoTuy9J6-G7ePfivRWOrhyOkimMsf2iPG57P4oj60w11HCN3zlnhol5IK4s9l-5OnuZ-m8N69BZSMBM6XSGrU1s&_nc_zt=23&_nc_ht=instagram.fbhx7-1.fna&_nc_gid=hYaYS30HU0P5YK96dlMTTw&_nc_ss=72689&oh=00_AQHoSpKF5ipkZL6eu41s3VvnAnKwXNWnAsRl47EVOZ0Rhg&oe=6A91D6CE,https://www.instagram.com/p/DcZubq6D10t/
Bom Jesus Primavera do Leste 🛒,Mercearia / Farináceos,Farinha de Trigo Globo 1kg,3.79,21/08/2026,https://instagram.fhnd4-2.fna.fbcdn.net/v/t51.82787-15/779844446_18373759273237813_717042095228036520_n.jpg?stp=dst-jpg_e35_tt6&_nc_cat=101&ig_cache_key=Mzk2ODYwMzg2MjA2MzE4NjIyMQ%3D%3D.3-ccb7-5&ccb=7-5&_nc_sid=58cdad&efg=eyJ2ZW5jb2RlX3RhZyI6IkNBUk9VU0VMX0lURU0ueHBpZHMuMTA4MC5zZHIucmVndWxhcl9waG90by5DMyJ9&_nc_ohc=m8__0j7aHxEQ7kNvwHZCbD5&_nc_oc=Ado2-12p-PNSy_-K2ezm5yRNJtlscw4T7W1x9oCa2RnniXp8Tisb-qHYrDk7aGi1VwnPZ8RSTwAn4XKfo3Kg-Qg2&_nc_zt=23&_nc_ht=instagram.fhnd4-2.fna&_nc_gid=WTJWLLFJRKKk_JKC3VjF2w&_nc_ss=7c689&oh=00_AQEYuf2doMR78bfqGEBQfe-9vVkurmxuTKEXU8Z-KgZpng&oe=6A920670,https://www.instagram.com/p/DcTUD7jlm8n/
Supermercado Tuiuiú,Mercearia / Farináceos,Tapioca Amafil 500g,4.49,20/08/2026,https://scontent-phl2-1.cdninstagram.com/v/t39.30808-6/777548616_1712126797587805_4468367958160197813_n.jpg?stp=dst-jpg_e35_tt6&_nc_cat=108&ig_cache_key=Mzk2Nzg2MzQ3NzY1OTI0NTc5MQ%3D%3D.3-ccb7-5&ccb=7-5&_nc_sid=58cdad&efg=eyJ2ZW5jb2RlX3RhZyI6IkNBUk9VU0VMX0lURU0ueHBpZHMuMTI1NC5zZHIucmVndWxhcl9waG90by5DMyJ9&_nc_ohc=KR6FTgTvensQ7kNvwEch_zb&_nc_oc=AdqJSWd1wgn_3Z3ahHZyPqWqWqCjRYB_eJy9THI6GCkwQoNm8gANUCmeD0XrVpRV49AinsaU65H5POeuRiEZyESi&_nc_zt=23&_nc_ht=scontent-phl2-1.cdninstagram.com&_nc_gid=_KkeoNw63hwOES5RDY3HAg&_nc_ss=72a8c&oh=00_AQHru3sVkkQ4b3SEcp8SAd6Lft1jjx0Owuqq7ASWlB7Cyw&oe=6A91E055,https://www.instagram.com/p/DcQrtOmIPUZ/
Machadão Atacadista,Mercearia / Farináceos,Farinha de Trigo Venturelli 1kg,5.29,24/08/2026,https://instagram.fbhx7-1.fna.fbcdn.net/v/t39.30808-6/780076458_1356271723259452_5989685085733377211_n.jpg?stp=dst-jpg_e35_tt6&_nc_cat=105&ig_cache_key=Mzk3MDQwODc0MjIxMDQ3NDY5OA%3D%3D.3-ccb7-5&ccb=7-5&_nc_sid=58cdad&efg=eyJ2ZW5jb2RlX3RhZyI6IkNBUk9VU0VMX0lURU0ueHBpZHMuMTYzOC5zZHIucmVndWxhcl9waG90by5DMyJ9&_nc_ohc=EI5S9KuUQlYQ7kNvwGxq-zd&_nc_oc=AdoTuy9J6-G7ePfivRWOrhyOkimMsf2iPG57P4oj60w11HCN3zlnhol5IK4s9l-5OnuZ-m8N69BZSMBM6XSGrU1s&_nc_zt=23&_nc_ht=instagram.fbhx7-1.fna&_nc_gid=hYaYS30HU0P5YK96dlMTTw&_nc_ss=72689&oh=00_AQHoSpKF5ipkZL6eu41s3VvnAnKwXNWnAsRl47EVOZ0Rhg&oe=6A91D6CE,https://www.instagram.com/p/DcZubq6D10t/
Machadão Atacadista,Mercearia / Farináceos,Farinha de Milho Biju Pinduca 1kg,7.99,24/08/2026,https://instagram.fbhx7-1.fna.fbcdn.net/v/t39.30808-6/780076458_1356271723259452_5989685085733377211_n.jpg?stp=dst-jpg_e35_tt6&_nc_cat=105&ig_cache_key=Mzk3MDQwODc0MjIxMDQ3NDY5OA%3D%3D.3-ccb7-5&ccb=7-5&_nc_sid=58cdad&efg=eyJ2ZW5jb2RlX3RhZyI6IkNBUk9VU0VMX0lURU0ueHBpZHMuMTYzOC5zZHIucmVndWxhcl9waG90by5DMyJ9&_nc_ohc=EI5S9KuUQlYQ7kNvwGxq-zd&_nc_oc=AdoTuy9J6-G7ePfivRWOrhyOkimMsf2iPG57P4oj60w11HCN3zlnhol5IK4s9l-5OnuZ-m8N69BZSMBM6XSGrU1s&_nc_zt=23&_nc_ht=instagram.fbhx7-1.fna&_nc_gid=hYaYS30HU0P5YK96dlMTTw&_nc_ss=72689&oh=00_AQHoSpKF5ipkZL6eu41s3VvnAnKwXNWnAsRl47EVOZ0Rhg&oe=6A91D6CE,https://www.instagram.com/p/DcZubq6D10t/
Supermercado Tuiuiú,Mercearia / Farináceos,Farinha de Rosca kg,11.99,20/08/2026,https://scontent-phl2-1.cdninstagram.com/v/t39.30808-6/775523840_1712126794254472_8264970676281627936_n.jpg?stp=dst-jpg_e35_tt6&_nc_cat=102&ig_cache_key=Mzk2Nzg2MzQ3ODc3NDkzNTMxNQ%3D%3D.3-ccb7-5&ccb=7-5&_nc_sid=58cdad&efg=eyJ2ZW5jb2RlX3RhZyI6IkNBUk9VU0VMX0lURU0ueHBpZHMuMTI1NC5zZHIucmVndWxhcl9waG90by5DMyJ9&_nc_ohc=S-QN2J6TB4cQ7kNvwElBF7j&_nc_oc=AdqAgf6uTqxgs25Hb1T6Dj-A1OjALxSTX893uP18o6rfbDTdw4cJ8bKVN-YpsAUM4RQa87qkXBgcXvHKzWxW-XcI&_nc_zt=23&_nc_ht=scontent-phl2-1.cdninstagram.com&_nc_gid=_KkeoNw63hwOES5RDY3HAg&_nc_ss=72a8c&oh=00_AQFW9updQDChbu46eWBEKx2m1BetMWcnv9DSkCfZ6ZhVkQ&oe=6A920AAC,https://www.instagram.com/p/DcQrtOmIPUZ/
Machadão Atacadista,Mercearia / Farináceos,Farinha de Trigo Globo 5kg,16.9,20/08/2026,https://scontent-waw2-2.cdninstagram.com/v/t39.30808-6/775548688_1353980203488604_1662033817259096349_n.jpg?stp=dst-jpg_e35_tt6&_nc_cat=101&ig_cache_key=Mzk2NzUxNDUxMzI1OTY2NjE4NQ%3D%3D.3-ccb7-5&ccb=7-5&_nc_sid=58cdad&efg=eyJ2ZW5jb2RlX3RhZyI6IkNBUk9VU0VMX0lURU0ueHBpZHMuMTYzOC5zZHIucmVndWxhcl9waG90by5DMyJ9&_nc_ohc=P5B5cPwUwBEQ7kNvwFyJmX7&_nc_oc=AdoKBGmeIB0nx7S-jsG_PsN_PbfrbUj5RPaLrFf4jC-7vOoBuXM9EYfFXabIEzeKpi1YPCJ8UwP7caKpHkb5OEbG&_nc_zt=23&_nc_ht=scontent-waw2-2.cdninstagram.com&_nc_gid=TCTohav7JJwegkku5UEH4A&_nc_ss=7d689&oh=00_AQEGO_LrZLYrfb7LzlS_GoanDcaczhh-FNaaJRwE8-oRcw&oe=6A9201CF,https://www.instagram.com/p/DcPcXJfjBzY/
Machadão Atacadista,Mercearia / Farináceos,Farinha de Trigo Globo 5kg,16.9,20/08/2026,https://scontent-waw2-2.cdninstagram.com/v/t39.30808-6/775382457_1353980220155269_2009226448122347149_n.jpg?stp=dst-jpg_e35_tt6&_nc_cat=107&ig_cache_key=Mzk2NzUxNDUxMzU3ODM5NTQ2MQ%3D%3D.3-ccb7-5&ccb=7-5&_nc_sid=58cdad&efg=eyJ2ZW5jb2RlX3RhZyI6IkNBUk9VU0VMX0lURU0ueHBpZHMuMTYzOC5zZHIucmVndWxhcl9waG90by5DMyJ9&_nc_ohc=F4QLw9fMlnsQ7kNvwGYC8oo&_nc_oc=AdpbLw7b_mZbcNteltB2DlKPNAysOOQ0WM-gkc9C8VLGoL_7dQ8pyeQvILQjxqEb5_q8Gm-UgAPL_RhxTWUNBZn1&_nc_zt=23&_nc_ht=scontent-waw2-2.cdninstagram.com&_nc_gid=TCTohav7JJwegkku5UEH4A&_nc_ss=7d689&oh=00_AQH2WMhtcN_i8S6UUDomf1yCMcXXW1poPb2DTTxJ0imEPA&oe=6A91E7DC,https://www.instagram.com/p/DcPcXJfjBzY/
Super Compras Supermercado,Mercearia / Grãos e Conservas,Milho Verde Quero 170g,3.99,21/08/2026,https://instagram.fxap4-1.fna.fbcdn.net/v/t51.82787-15/780140079_18192045034391764_7683991793781918786_n.jpg?stp=dst-jpg_e35_tt6&_nc_cat=103&ig_cache_key=Mzk2ODIxODA0ODc2ODI1MjE2NA%3D%3D.3-ccb7-5&ccb=7-5&_nc_sid=58cdad&efg=eyJ2ZW5jb2RlX3RhZyI6IkZFRUQueHBpZHMuMTQ0MC5zZHIucmVndWxhcl9waG90by5DMyJ9&_nc_ohc=MnWLmv7izFEQ7kNvwE-eCc-&_nc_oc=AdqKht5W2R0I8k67jI7AsuyyWWxTtRw-e9ACS9VMBWR1sIb6wTIcVZPsbh4cMYgGFw8&_nc_zt=23&_nc_ht=instagram.fxap4-1.fna&_nc_gid=VZPB67okKU0e0ifowzVMWA&_nc_ss=72a8c&oh=00_AQHczTI5i8sJva23g6egbIopSplYbu73tBW58x_YqjBIcQ&oe=6A92052E,https://www.instagram.com/p/DcR8Up0IBkE/
Machadão Atacadista,Mercearia / Grãos e Conservas,Azeitona Verde Rivoli 200g,3.99,20/08/2026,https://scontent-waw2-2.cdninstagram.com/v/t39.30808-6/775548688_1353980203488604_1662033817259096349_n.jpg?stp=dst-jpg_e35_tt6&_nc_cat=101&ig_cache_key=Mzk2NzUxNDUxMzI1OTY2NjE4NQ%3D%3D.3-ccb7-5&ccb=7-5&_nc_sid=58cdad&efg=eyJ2ZW5jb2RlX3RhZyI6IkNBUk9VU0VMX0lURU0ueHBpZHMuMTYzOC5zZHIucmVndWxhcl9waG90by5DMyJ9&_nc_ohc=P5B5cPwUwBEQ7kNvwFyJmX7&_nc_oc=AdoKBGmeIB0nx7S-jsG_PsN_PbfrbUj5RPaLrFf4jC-7vOoBuXM9EYfFXabIEzeKpi1YPCJ8UwP7caKpHkb5OEbG&_nc_zt=23&_nc_ht=scontent-waw2-2.cdninstagram.com&_nc_gid=TCTohav7JJwegkku5UEH4A&_nc_ss=7d689&oh=00_AQEGO_LrZLYrfb7LzlS_GoanDcaczhh-FNaaJRwE8-oRcw&oe=6A9201CF,https://www.instagram.com/p/DcPcXJfjBzY/
Machadão Atacadista,Mercearia / Grãos e Conservas,Azeitona Verde Rivoli 200g,3.99,20/08/2026,https://scontent-waw2-2.cdninstagram.com/v/t39.30808-6/775382457_1353980220155269_2009226448122347149_n.jpg?stp=dst-jpg_e35_tt6&_nc_cat=107&ig_cache_key=Mzk2NzUxNDUxMzU3ODM5NTQ2MQ%3D%3D.3-ccb7-5&ccb=7-5&_nc_sid=58cdad&efg=eyJ2ZW5jb2RlX3RhZyI6IkNBUk9VU0VMX0lURU0ueHBpZHMuMTYzOC5zZHIucmVndWxhcl9waG90by5DMyJ9&_nc_ohc=F4QLw9fMlnsQ7kNvwGYC8oo&_nc_oc=AdpbLw7b_mZbcNteltB2DlKPNAysOOQ0WM-gkc9C8VLGoL_7dQ8pyeQvILQjxqEb5_q8Gm-UgAPL_RhxTWUNBZn1&_nc_zt=23&_nc_ht=scontent-waw2-2.cdninstagram.com&_nc_gid=TCTohav7JJwegkku5UEH4A&_nc_ss=7d689&oh=00_AQH2WMhtcN_i8S6UUDomf1yCMcXXW1poPb2DTTxJ0imEPA&oe=6A91E7DC,https://www.instagram.com/p/DcPcXJfjBzY/
Machadão Atacadista,Mercearia / Grãos e Conservas,Feijão Preto tipo 1 Koblenz 1kg,5.99,24/08/2026,https://instagram.fbhx7-1.fna.fbcdn.net/v/t39.30808-6/780076458_1356271723259452_5989685085733377211_n.jpg?stp=dst-jpg_e35_tt6&_nc_cat=105&ig_cache_key=Mzk3MDQwODc0MjIxMDQ3NDY5OA%3D%3D.3-ccb7-5&ccb=7-5&_nc_sid=58cdad&efg=eyJ2ZW5jb2RlX3RhZyI6IkNBUk9VU0VMX0lURU0ueHBpZHMuMTYzOC5zZHIucmVndWxhcl9waG90by5DMyJ9&_nc_ohc=EI5S9KuUQlYQ7kNvwGxq-zd&_nc_oc=AdoTuy9J6-G7ePfivRWOrhyOkimMsf2iPG57P4oj60w11HCN3zlnhol5IK4s9l-5OnuZ-m8N69BZSMBM6XSGrU1s&_nc_zt=23&_nc_ht=instagram.fbhx7-1.fna&_nc_gid=hYaYS30HU0P5YK96dlMTTw&_nc_ss=72689&oh=00_AQHoSpKF5ipkZL6eu41s3VvnAnKwXNWnAsRl47EVOZ0Rhg&oe=6A91D6CE,https://www.instagram.com/p/DcZubq6D10t/
Super Compras Supermercado,Mercearia / Grãos e Conservas,Feijão Carioca Dona Dê 1kg,6.99,20/08/2026,https://scontent-gru1-2.cdninstagram.com/v/t51.82787-15/775027665_18191945224391764_8081345465351211337_n.jpg?stp=dst-jpg_e35_tt6&_nc_cat=103&ig_cache_key=Mzk2NzQ4OTc2ODM5MzY0MjE0Ng%3D%3D.3-ccb7-5&ccb=7-5&_nc_sid=58cdad&efg=eyJ2ZW5jb2RlX3RhZyI6IkZFRUQueHBpZHMuMTQ0MC5zZHIucmVndWxhcl9waG90by5DMyJ9&_nc_ohc=PQ4k9iUSmG0Q7kNvwGyBUgl&_nc_oc=AdrwmW1cvXb4uufRR_gwpbI3kiziS6VpjdvaRWR7b7Kntn_0RtqpkuHqAD4is5tKKIw&_nc_zt=23&_nc_ht=scontent-gru1-2.cdninstagram.com&_nc_gid=6_6aZ24msfQWOiJfpVqTGw&_nc_ss=7c689&oh=00_AQEqw1AcYYSi18OpSNKw4Ex9Gq5ctoOGl_tdm3dKBYzxxw&oe=6A91D5D0,https://www.instagram.com/p/DcPWux3GZCi/
Bom Jesus Primavera do Leste 🛒,Mercearia / Grãos e Conservas,Feijão Carioca Rei 1kg,6.99,21/08/2026,https://instagram.fhnd4-2.fna.fbcdn.net/v/t51.82787-15/779844446_18373759273237813_717042095228036520_n.jpg?stp=dst-jpg_e35_tt6&_nc_cat=101&ig_cache_key=Mzk2ODYwMzg2MjA2MzE4NjIyMQ%3D%3D.3-ccb7-5&ccb=7-5&_nc_sid=58cdad&efg=eyJ2ZW5jb2RlX3RhZyI6IkNBUk9VU0VMX0lURU0ueHBpZHMuMTA4MC5zZHIucmVndWxhcl9waG90by5DMyJ9&_nc_ohc=m8__0j7aHxEQ7kNvwHZCbD5&_nc_oc=Ado2-12p-PNSy_-K2ezm5yRNJtlscw4T7W1x9oCa2RnniXp8Tisb-qHYrDk7aGi1VwnPZ8RSTwAn4XKfo3Kg-Qg2&_nc_zt=23&_nc_ht=instagram.fhnd4-2.fna&_nc_gid=WTJWLLFJRKKk_JKC3VjF2w&_nc_ss=7c689&oh=00_AQEYuf2doMR78bfqGEBQfe-9vVkurmxuTKEXU8Z-KgZpng&oe=6A920670,https://www.instagram.com/p/DcTUD7jlm8n/
Machadão Atacadista,Mercearia / Grãos e Conservas,Feijão Preto tipo 1 Urbano 1kg,6.99,20/08/2026,https://scontent-waw2-2.cdninstagram.com/v/t39.30808-6/775548688_1353980203488604_1662033817259096349_n.jpg?stp=dst-jpg_e35_tt6&_nc_cat=101&ig_cache_key=Mzk2NzUxNDUxMzI1OTY2NjE4NQ%3D%3D.3-ccb7-5&ccb=7-5&_nc_sid=58cdad&efg=eyJ2ZW5jb2RlX3RhZyI6IkNBUk9VU0VMX0lURU0ueHBpZHMuMTYzOC5zZHIucmVndWxhcl9waG90by5DMyJ9&_nc_ohc=P5B5cPwUwBEQ7kNvwFyJmX7&_nc_oc=AdoKBGmeIB0nx7S-jsG_PsN_PbfrbUj5RPaLrFf4jC-7vOoBuXM9EYfFXabIEzeKpi1YPCJ8UwP7caKpHkb5OEbG&_nc_zt=23&_nc_ht=scontent-waw2-2.cdninstagram.com&_nc_gid=TCTohav7JJwegkku5UEH4A&_nc_ss=7d689&oh=00_AQEGO_LrZLYrfb7LzlS_GoanDcaczhh-FNaaJRwE8-oRcw&oe=6A9201CF,https://www.instagram.com/p/DcPcXJfjBzY/
Machadão Atacadista,Mercearia / Grãos e Conservas,Feijão Preto tipo 1 Urbano 1kg,6.99,20/08/2026,https://scontent-waw2-2.cdninstagram.com/v/t39.30808-6/775382457_1353980220155269_2009226448122347149_n.jpg?stp=dst-jpg_e35_tt6&_nc_cat=107&ig_cache_key=Mzk2NzUxNDUxMzU3ODM5NTQ2MQ%3D%3D.3-ccb7-5&ccb=7-5&_nc_sid=58cdad&efg=eyJ2ZW5jb2RlX3RhZyI6IkNBUk9VU0VMX0lURU0ueHBpZHMuMTYzOC5zZHIucmVndWxhcl9waG90by5DMyJ9&_nc_ohc=F4QLw9fMlnsQ7kNvwGYC8oo&_nc_oc=AdpbLw7b_mZbcNteltB2DlKPNAysOOQ0WM-gkc9C8VLGoL_7dQ8pyeQvILQjxqEb5_q8Gm-UgAPL_RhxTWUNBZn1&_nc_zt=23&_nc_ht=scontent-waw2-2.cdninstagram.com&_nc_gid=TCTohav7JJwegkku5UEH4A&_nc_ss=7d689&oh=00_AQH2WMhtcN_i8S6UUDomf1yCMcXXW1poPb2DTTxJ0imEPA&oe=6A91E7DC,https://www.instagram.com/p/DcPcXJfjBzY/
Super Compras Supermercado,Mercearia / Massas,Macarrão Espaguete Galo 500g,3.39,21/08/2026,https://instagram.fxap4-1.fna.fbcdn.net/v/t51.82787-15/780140079_18192045034391764_7683991793781918786_n.jpg?stp=dst-jpg_e35_tt6&_nc_cat=103&ig_cache_key=Mzk2ODIxODA0ODc2ODI1MjE2NA%3D%3D.3-ccb7-5&ccb=7-5&_nc_sid=58cdad&efg=eyJ2ZW5jb2RlX3RhZyI6IkZFRUQueHBpZHMuMTQ0MC5zZHIucmVndWxhcl9waG90by5DMyJ9&_nc_ohc=MnWLmv7izFEQ7kNvwE-eCc-&_nc_oc=AdqKht5W2R0I8k67jI7AsuyyWWxTtRw-e9ACS9VMBWR1sIb6wTIcVZPsbh4cMYgGFw8&_nc_zt=23&_nc_ht=instagram.fxap4-1.fna&_nc_gid=VZPB67okKU0e0ifowzVMWA&_nc_ss=72a8c&oh=00_AQHczTI5i8sJva23g6egbIopSplYbu73tBW58x_YqjBIcQ&oe=6A92052E,https://www.instagram.com/p/DcR8Up0IBkE/
SUPERMERCADO PARANAENSE,Mercearia / Massas,Macarrão Espaguete Galo Azul 500g,3.99,18/08/2026,https://instagram.fbcn15-1.fna.fbcdn.net/v/t51.82787-15/779201412_17905958076496981_6443721065028839968_n.jpg?stp=dst-jpg_e35_tt6&_nc_cat=105&ig_cache_key=Mzk2NjA3NDE1MTYyNzk1NjAwNA%3D%3D.3-ccb7-5&ccb=7-5&_nc_sid=58cdad&efg=eyJ2ZW5jb2RlX3RhZyI6IkZFRUQueHBpZHMuMTM1MC5zZHIucmVndWxhcl9waG90by5DMyJ9&_nc_ohc=X7-fGJ3cyTUQ7kNvwHAmXH2&_nc_oc=AdosRII6nQbT_reMsilTtKghiDcv4w8iF0Wcp_irQ-Nol_iq2kSoFwZVNevQClJO0WM&_nc_zt=23&_nc_ht=instagram.fbcn15-1.fna&_nc_gid=CmZwXFojirTALIXoUXMO7A&_nc_ss=72a8c&oh=00_AQFcAVSBWAC55LkMefquTT5wtKObtalwB3dNssRwn3lsRg&oe=6A91FA14,https://www.instagram.com/p/DcKU22ApJ8k/
Machadão Atacadista,Mercearia / Molhos e Condimentos,Extrato de Tomate Olé 260g,2.99,24/08/2026,https://instagram.fbhx7-1.fna.fbcdn.net/v/t39.30808-6/780076458_1356271723259452_5989685085733377211_n.jpg?stp=dst-jpg_e35_tt6&_nc_cat=105&ig_cache_key=Mzk3MDQwODc0MjIxMDQ3NDY5OA%3D%3D.3-ccb7-5&ccb=7-5&_nc_sid=58cdad&efg=eyJ2ZW5jb2RlX3RhZyI6IkNBUk9VU0VMX0lURU0ueHBpZHMuMTYzOC5zZHIucmVndWxhcl9waG90by5DMyJ9&_nc_ohc=EI5S9KuUQlYQ7kNvwGxq-zd&_nc_oc=AdoTuy9J6-G7ePfivRWOrhyOkimMsf2iPG57P4oj60w11HCN3zlnhol5IK4s9l-5OnuZ-m8N69BZSMBM6XSGrU1s&_nc_zt=23&_nc_ht=instagram.fbhx7-1.fna&_nc_gid=hYaYS30HU0P5YK96dlMTTw&_nc_ss=72689&oh=00_AQHoSpKF5ipkZL6eu41s3VvnAnKwXNWnAsRl47EVOZ0Rhg&oe=6A91D6CE,https://www.instagram.com/p/DcZubq6D10t/
SUPERMERCADO PARANAENSE,Mercearia / Molhos e Condimentos,Maionese Heinz 390g,13.99,18/08/2026,https://instagram.fbcn15-1.fna.fbcdn.net/v/t51.82787-15/779201412_17905958076496981_6443721065028839968_n.jpg?stp=dst-jpg_e35_tt6&_nc_cat=105&ig_cache_key=Mzk2NjA3NDE1MTYyNzk1NjAwNA%3D%3D.3-ccb7-5&ccb=7-5&_nc_sid=58cdad&efg=eyJ2ZW5jb2RlX3RhZyI6IkZFRUQueHBpZHMuMTM1MC5zZHIucmVndWxhcl9waG90by5DMyJ9&_nc_ohc=X7-fGJ3cyTUQ7kNvwHAmXH2&_nc_oc=AdosRII6nQbT_reMsilTtKghiDcv4w8iF0Wcp_irQ-Nol_iq2kSoFwZVNevQClJO0WM&_nc_zt=23&_nc_ht=instagram.fbcn15-1.fna&_nc_gid=CmZwXFojirTALIXoUXMO7A&_nc_ss=72a8c&oh=00_AQFcAVSBWAC55LkMefquTT5wtKObtalwB3dNssRwn3lsRg&oe=6A91FA14,https://www.instagram.com/p/DcKU22ApJ8k/
SUPERMERCADO PARANAENSE,Mercearia / Óleos e Azeites,Batata Monalisa kg,4.59,18/08/2026,https://instagram.fntr10-2.fna.fbcdn.net/v/t51.82787-15/776497113_17905958139496981_1354687170106809568_n.jpg?stp=dst-jpg_e35_tt6&_nc_cat=109&ig_cache_key=Mzk2NjA3NDMyOTQwNzcyMjY0Nw%3D%3D.3-ccb7-5&ccb=7-5&_nc_sid=58cdad&efg=eyJ2ZW5jb2RlX3RhZyI6IkZFRUQueHBpZHMuMTM1MC5zZHIucmVndWxhcl9waG90by5DMyJ9&_nc_ohc=DCZqFsfkuQoQ7kNvwHYYCjv&_nc_oc=AdpNsezT7yFueZCm6zPMzW0kEYlfjcgSV3gyI5Xc179dk3sG-gi4IrRyLNjOzqZPUDj7rW0dG0wdWObqpPwTAIeu&_nc_zt=23&_nc_ht=instagram.fntr10-2.fna&_nc_gid=3fXFm_cBeXFQbMCckdGeEA&_nc_ss=72a8c&oh=00_AQEOhoy40n1bq50mlYNg0iBUJZOWXnxjQYJ7KfOPdCQQDQ&oe=6A91F9D6,https://www.instagram.com/p/DcKU5blJJSX/
Machadão Atacadista,Mercearia / Óleos e Azeites,Azeite de Oliva Extra Virgem Cinque Terre 500ml,35.9,20/08/2026,https://scontent-waw2-2.cdninstagram.com/v/t39.30808-6/775548688_1353980203488604_1662033817259096349_n.jpg?stp=dst-jpg_e35_tt6&_nc_cat=101&ig_cache_key=Mzk2NzUxNDUxMzI1OTY2NjE4NQ%3D%3D.3-ccb7-5&ccb=7-5&_nc_sid=58cdad&efg=eyJ2ZW5jb2RlX3RhZyI6IkNBUk9VU0VMX0lURU0ueHBpZHMuMTYzOC5zZHIucmVndWxhcl9waG90by5DMyJ9&_nc_ohc=P5B5cPwUwBEQ7kNvwFyJmX7&_nc_oc=AdoKBGmeIB0nx7S-jsG_PsN_PbfrbUj5RPaLrFf4jC-7vOoBuXM9EYfFXabIEzeKpi1YPCJ8UwP7caKpHkb5OEbG&_nc_zt=23&_nc_ht=scontent-waw2-2.cdninstagram.com&_nc_gid=TCTohav7JJwegkku5UEH4A&_nc_ss=7d689&oh=00_AQEGO_LrZLYrfb7LzlS_GoanDcaczhh-FNaaJRwE8-oRcw&oe=6A9201CF,https://www.instagram.com/p/DcPcXJfjBzY/
Machadão Atacadista,Mercearia / Óleos e Azeites,Azeite de Oliva Extra Virgem Cinque Terre 500ml,35.9,20/08/2026,https://scontent-waw2-2.cdninstagram.com/v/t39.30808-6/775382457_1353980220155269_2009226448122347149_n.jpg?stp=dst-jpg_e35_tt6&_nc_cat=107&ig_cache_key=Mzk2NzUxNDUxMzU3ODM5NTQ2MQ%3D%3D.3-ccb7-5&ccb=7-5&_nc_sid=58cdad&efg=eyJ2ZW5jb2RlX3RhZyI6IkNBUk9VU0VMX0lURU0ueHBpZHMuMTYzOC5zZHIucmVndWxhcl9waG90by5DMyJ9&_nc_ohc=F4QLw9fMlnsQ7kNvwGYC8oo&_nc_oc=AdpbLw7b_mZbcNteltB2DlKPNAysOOQ0WM-gkc9C8VLGoL_7dQ8pyeQvILQjxqEb5_q8Gm-UgAPL_RhxTWUNBZn1&_nc_zt=23&_nc_ht=scontent-waw2-2.cdninstagram.com&_nc_gid=TCTohav7JJwegkku5UEH4A&_nc_ss=7d689&oh=00_AQH2WMhtcN_i8S6UUDomf1yCMcXXW1poPb2DTTxJ0imEPA&oe=6A91E7DC,https://www.instagram.com/p/DcPcXJfjBzY/
Machadão Atacadista,Mercearia / Óleos e Azeites,Azeite de Oliva Extra Virgem Condesa Antunes 500ml,36.9,24/08/2026,https://instagram.fbhx7-1.fna.fbcdn.net/v/t39.30808-6/780076458_1356271723259452_5989685085733377211_n.jpg?stp=dst-jpg_e35_tt6&_nc_cat=105&ig_cache_key=Mzk3MDQwODc0MjIxMDQ3NDY5OA%3D%3D.3-ccb7-5&ccb=7-5&_nc_sid=58cdad&efg=eyJ2ZW5jb2RlX3RhZyI6IkNBUk9VU0VMX0lURU0ueHBpZHMuMTYzOC5zZHIucmVndWxhcl9waG90by5DMyJ9&_nc_ohc=EI5S9KuUQlYQ7kNvwGxq-zd&_nc_oc=AdoTuy9J6-G7ePfivRWOrhyOkimMsf2iPG57P4oj60w11HCN3zlnhol5IK4s9l-5OnuZ-m8N69BZSMBM6XSGrU1s&_nc_zt=23&_nc_ht=instagram.fbhx7-1.fna&_nc_gid=hYaYS30HU0P5YK96dlMTTw&_nc_ss=72689&oh=00_AQHoSpKF5ipkZL6eu41s3VvnAnKwXNWnAsRl47EVOZ0Rhg&oe=6A91D6CE,https://www.instagram.com/p/DcZubq6D10t/
Machadão Atacadista,Outros,Flocos de Milho Nutrivita 500g,1.99,20/08/2026,https://scontent-waw2-2.cdninstagram.com/v/t39.30808-6/775548688_1353980203488604_1662033817259096349_n.jpg?stp=dst-jpg_e35_tt6&_nc_cat=101&ig_cache_key=Mzk2NzUxNDUxMzI1OTY2NjE4NQ%3D%3D.3-ccb7-5&ccb=7-5&_nc_sid=58cdad&efg=eyJ2ZW5jb2RlX3RhZyI6IkNBUk9VU0VMX0lURU0ueHBpZHMuMTYzOC5zZHIucmVndWxhcl9waG90by5DMyJ9&_nc_ohc=P5B5cPwUwBEQ7kNvwFyJmX7&_nc_oc=AdoKBGmeIB0nx7S-jsG_PsN_PbfrbUj5RPaLrFf4jC-7vOoBuXM9EYfFXabIEzeKpi1YPCJ8UwP7caKpHkb5OEbG&_nc_zt=23&_nc_ht=scontent-waw2-2.cdninstagram.com&_nc_gid=TCTohav7JJwegkku5UEH4A&_nc_ss=7d689&oh=00_AQEGO_LrZLYrfb7LzlS_GoanDcaczhh-FNaaJRwE8-oRcw&oe=6A9201CF,https://www.instagram.com/p/DcPcXJfjBzY/
Machadão Atacadista,Outros,Flocos de Milho Nutrivita 500g,1.99,20/08/2026,https://scontent-waw2-2.cdninstagram.com/v/t39.30808-6/775382457_1353980220155269_2009226448122347149_n.jpg?stp=dst-jpg_e35_tt6&_nc_cat=107&ig_cache_key=Mzk2NzUxNDUxMzU3ODM5NTQ2MQ%3D%3D.3-ccb7-5&ccb=7-5&_nc_sid=58cdad&efg=eyJ2ZW5jb2RlX3RhZyI6IkNBUk9VU0VMX0lURU0ueHBpZHMuMTYzOC5zZHIucmVndWxhcl9waG90by5DMyJ9&_nc_ohc=F4QLw9fMlnsQ7kNvwGYC8oo&_nc_oc=AdpbLw7b_mZbcNteltB2DlKPNAysOOQ0WM-gkc9C8VLGoL_7dQ8pyeQvILQjxqEb5_q8Gm-UgAPL_RhxTWUNBZn1&_nc_zt=23&_nc_ht=scontent-waw2-2.cdninstagram.com&_nc_gid=TCTohav7JJwegkku5UEH4A&_nc_ss=7d689&oh=00_AQH2WMhtcN_i8S6UUDomf1yCMcXXW1poPb2DTTxJ0imEPA&oe=6A91E7DC,https://www.instagram.com/p/DcPcXJfjBzY/
Machadão Atacadista,Outros,Aveia em Flocos Naturale 170g,2.49,20/08/2026,https://scontent-waw2-2.cdninstagram.com/v/t39.30808-6/775548688_1353980203488604_1662033817259096349_n.jpg?stp=dst-jpg_e35_tt6&_nc_cat=101&ig_cache_key=Mzk2NzUxNDUxMzI1OTY2NjE4NQ%3D%3D.3-ccb7-5&ccb=7-5&_nc_sid=58cdad&efg=eyJ2ZW5jb2RlX3RhZyI6IkNBUk9VU0VMX0lURU0ueHBpZHMuMTYzOC5zZHIucmVndWxhcl9waG90by5DMyJ9&_nc_ohc=P5B5cPwUwBEQ7kNvwFyJmX7&_nc_oc=AdoKBGmeIB0nx7S-jsG_PsN_PbfrbUj5RPaLrFf4jC-7vOoBuXM9EYfFXabIEzeKpi1YPCJ8UwP7caKpHkb5OEbG&_nc_zt=23&_nc_ht=scontent-waw2-2.cdninstagram.com&_nc_gid=TCTohav7JJwegkku5UEH4A&_nc_ss=7d689&oh=00_AQEGO_LrZLYrfb7LzlS_GoanDcaczhh-FNaaJRwE8-oRcw&oe=6A9201CF,https://www.instagram.com/p/DcPcXJfjBzY/
Machadão Atacadista,Outros,Aveia em Flocos Naturale 170g,2.49,20/08/2026,https://scontent-waw2-2.cdninstagram.com/v/t39.30808-6/775382457_1353980220155269_2009226448122347149_n.jpg?stp=dst-jpg_e35_tt6&_nc_cat=107&ig_cache_key=Mzk2NzUxNDUxMzU3ODM5NTQ2MQ%3D%3D.3-ccb7-5&ccb=7-5&_nc_sid=58cdad&efg=eyJ2ZW5jb2RlX3RhZyI6IkNBUk9VU0VMX0lURU0ueHBpZHMuMTYzOC5zZHIucmVndWxhcl9waG90by5DMyJ9&_nc_ohc=F4QLw9fMlnsQ7kNvwGYC8oo&_nc_oc=AdpbLw7b_mZbcNteltB2DlKPNAysOOQ0WM-gkc9C8VLGoL_7dQ8pyeQvILQjxqEb5_q8Gm-UgAPL_RhxTWUNBZn1&_nc_zt=23&_nc_ht=scontent-waw2-2.cdninstagram.com&_nc_gid=TCTohav7JJwegkku5UEH4A&_nc_ss=7d689&oh=00_AQH2WMhtcN_i8S6UUDomf1yCMcXXW1poPb2DTTxJ0imEPA&oe=6A91E7DC,https://www.instagram.com/p/DcPcXJfjBzY/
Machadão Atacadista,Outros,Abóbora Cabotiá kg,2.79,24/08/2026,https://scontent-yyz1-1.cdninstagram.com/v/t39.30808-6/778972431_1356290069924284_6498137789849159127_n.jpg?stp=dst-jpg_e35_tt6&_nc_cat=100&ig_cache_key=Mzk3MDQxMTA4NzIzODI1NDU1NA%3D%3D.3-ccb7-5&ccb=7-5&_nc_sid=58cdad&efg=eyJ2ZW5jb2RlX3RhZyI6IkNBUk9VU0VMX0lURU0ueHBpZHMuMTYzOC5zZHIucmVndWxhcl9waG90by5DMyJ9&_nc_ohc=z0LiOSTtypkQ7kNvwHMJnrF&_nc_oc=AdoD4N7SJX-QlS1Y9cS-NJs6yQIw8spqYuE_VX7-nvOSa8ov3PlJwxvdHD4gNqmv-Do&_nc_zt=23&_nc_ht=scontent-yyz1-1.cdninstagram.com&_nc_gid=HuffGH0ULP5T3qtSFKsH0g&_nc_ss=72a8c&oh=00_AQF6FZcjlnngUdGaUcq5OeESzhInd6rsG2ztkMrtTvS7KA&oe=6A91D70F,https://www.instagram.com/p/DcZu9z8mzVT/
Machadão Atacadista,Outros,Abóbora Cabotiá kg,2.79,24/08/2026,https://scontent-yyz1-1.cdninstagram.com/v/t39.30808-6/780203515_1356290893257535_5931265324767059161_n.jpg?stp=dst-jpg_e35_tt6&_nc_cat=105&ig_cache_key=Mzk3MDQxMTA4NjUwMDAwNTgwNg%3D%3D.3-ccb7-5&ccb=7-5&_nc_sid=58cdad&efg=eyJ2ZW5jb2RlX3RhZyI6IkNBUk9VU0VMX0lURU0ueHBpZHMuMTYzOC5zZHIucmVndWxhcl9waG90by5DMyJ9&_nc_ohc=tGahzaBo_-YQ7kNvwFC0Ls-&_nc_oc=Adqlu7k5nAtNdgJ20MO2s6QYrGr3_VLcMchWk-yV2UE7aValTMKM1EaRFujAx0fxwJI&_nc_zt=23&_nc_ht=scontent-yyz1-1.cdninstagram.com&_nc_gid=HuffGH0ULP5T3qtSFKsH0g&_nc_ss=72a8c&oh=00_AQE1YX92NQAlje1LyUdZK3sERmHKqAaWMHhVz-McGG2LGQ&oe=6A91E83F,https://www.instagram.com/p/DcZu9z8mzVT/
Supermercado São Pedro,Outros,Donuts un,2.99,21/08/2026,https://instagram.fvit1-1.fna.fbcdn.net/v/t51.82787-15/779957410_18194460196382122_4239320256883363950_n.jpg?stp=dst-jpg_e35_tt6&_nc_cat=111&ig_cache_key=Mzk2ODYwOTg5OTE2Nzk4NjAwMA%3D%3D.3-ccb7-5&ccb=7-5&_nc_sid=58cdad&efg=eyJ2ZW5jb2RlX3RhZyI6IkNBUk9VU0VMX0lURU0ueHBpZHMuMjE2MS5zZHIucmVndWxhcl9waG90by5DMyJ9&_nc_ohc=lCs7XFPuzTIQ7kNvwHMdJek&_nc_oc=Ado9YP1nN6fC5NNpGEHXRUhijLWbFCEiHGbqv2vOuaxqSnQYYjoBXL6NnIYMxPRV_xM&_nc_zt=23&_nc_ht=instagram.fvit1-1.fna&_nc_gid=D22syVg1HEJfFw9WayW2SA&_nc_ss=72689&oh=00_AQH1tVXLxB1zaLuP2t_RGnEzb4hiyeVkcr4FThOe1wIxYw&oe=6A920B01,https://www.instagram.com/p/DcTVeacG11v/
Super Compras Supermercado,Outros,Esfirra Aberta,2.99,20/08/2026,https://scontent-gru1-2.cdninstagram.com/v/t51.82787-15/775027665_18191945224391764_8081345465351211337_n.jpg?stp=dst-jpg_e35_tt6&_nc_cat=103&ig_cache_key=Mzk2NzQ4OTc2ODM5MzY0MjE0Ng%3D%3D.3-ccb7-5&ccb=7-5&_nc_sid=58cdad&efg=eyJ2ZW5jb2RlX3RhZyI6IkZFRUQueHBpZHMuMTQ0MC5zZHIucmVndWxhcl9waG90by5DMyJ9&_nc_ohc=PQ4k9iUSmG0Q7kNvwGyBUgl&_nc_oc=AdrwmW1cvXb4uufRR_gwpbI3kiziS6VpjdvaRWR7b7Kntn_0RtqpkuHqAD4is5tKKIw&_nc_zt=23&_nc_ht=scontent-gru1-2.cdninstagram.com&_nc_gid=6_6aZ24msfQWOiJfpVqTGw&_nc_ss=7c689&oh=00_AQEqw1AcYYSi18OpSNKw4Ex9Gq5ctoOGl_tdm3dKBYzxxw&oe=6A91D5D0,https://www.instagram.com/p/DcPWux3GZCi/
Super Compras Supermercado,Outros,Abóbora Cabotia kg,2.99,24/08/2026,https://scontent-mrs2-3.cdninstagram.com/v/t51.82787-15/778986014_18192356080391764_2727967813090525154_n.jpg?stp=dst-jpg_e35_tt6&_nc_cat=111&ig_cache_key=Mzk3MDM4ODQ5NTE4MTQxNTkzNQ%3D%3D.3-ccb7-5&ccb=7-5&_nc_sid=58cdad&efg=eyJ2ZW5jb2RlX3RhZyI6IkZFRUQueHBpZHMuMTQ0MC5zZHIucmVndWxhcl9waG90by5DMyJ9&_nc_ohc=79VNBzqSEmAQ7kNvwFvqzM6&_nc_oc=Adr3dmUZRRH5kuXChKO2veL0ySswd64QZxFbi_15LzfEMTz64R-gL5JhUiltNMzyO08VxVk5AyRR_53GFOLBHTBh&_nc_zt=23&_nc_ht=scontent-mrs2-3.cdninstagram.com&_nc_gid=boM2r1OSp_eEX6fHpWTI9A&_nc_ss=72a8c&oh=00_AQH3YW7uUvTxK9i0ToDFOvjfp1CRHasdSsFFCR9eR_9I4Q&oe=6A91E410,https://www.instagram.com/p/DcZp0zjlgX_/
Bom Jesus Primavera do Leste 🛒,Outros,Água Mineral Bonafont 500ml,2.99,22/08/2026,https://scontent-nrt1-2.cdninstagram.com/v/t51.82787-15/781162059_18373952632237813_4532706053079983862_n.jpg?stp=dst-jpg_e15_tt6&_nc_cat=101&ig_cache_key=Mzk2OTQ0MzcyNDUxNzY0ODEyMTE4MzczOTUyNjI5MjM3ODEz.3-ccb7-5&ccb=7-5&_nc_sid=58cdad&efg=eyJ2ZW5jb2RlX3RhZyI6IkNMSVBTLnhwaWRzLjcyMC5zZHIudmlkZW9fZGVmYXVsdF9jb3Zlcl9mcmFtZS5DMyJ9&_nc_ohc=iR530pYisUwQ7kNvwGArcQy&_nc_oc=AdqVnAAaqnAGq7kZSXcHpBdPinFCbx6RyLFEHcLmg_ohbP3yW2ebnwrV2kg4EIwCTkZhxG6dsAKiuCBBIvbF_wLI&_nc_zt=23&_nc_ht=scontent-nrt1-2.cdninstagram.com&_nc_gid=FoBGG33vg3e9a3HzDa4RNQ&_nc_ss=72689&oh=00_AQHNvM7-BRupKyhcwtVUkORsy8z_XZ7_SU3yx8cGQSCeFw&oe=6A92023B,https://www.instagram.com/p/DcWTAlTxyb5/
Supermercado São Pedro,Outros,Batatinha kg,3.29,21/08/2026,https://instagram.fvit1-1.fna.fbcdn.net/v/t51.82787-15/779957410_18194460196382122_4239320256883363950_n.jpg?stp=dst-jpg_e35_tt6&_nc_cat=111&ig_cache_key=Mzk2ODYwOTg5OTE2Nzk4NjAwMA%3D%3D.3-ccb7-5&ccb=7-5&_nc_sid=58cdad&efg=eyJ2ZW5jb2RlX3RhZyI6IkNBUk9VU0VMX0lURU0ueHBpZHMuMjE2MS5zZHIucmVndWxhcl9waG90by5DMyJ9&_nc_ohc=lCs7XFPuzTIQ7kNvwHMdJek&_nc_oc=Ado9YP1nN6fC5NNpGEHXRUhijLWbFCEiHGbqv2vOuaxqSnQYYjoBXL6NnIYMxPRV_xM&_nc_zt=23&_nc_ht=instagram.fvit1-1.fna&_nc_gid=D22syVg1HEJfFw9WayW2SA&_nc_ss=72689&oh=00_AQH1tVXLxB1zaLuP2t_RGnEzb4hiyeVkcr4FThOe1wIxYw&oe=6A920B01,https://www.instagram.com/p/DcTVeacG11v/
Machadão Atacadista,Outros,Canjica Branca Pinduca 400g,3.29,20/08/2026,https://scontent-waw2-2.cdninstagram.com/v/t39.30808-6/775548688_1353980203488604_1662033817259096349_n.jpg?stp=dst-jpg_e35_tt6&_nc_cat=101&ig_cache_key=Mzk2NzUxNDUxMzI1OTY2NjE4NQ%3D%3D.3-ccb7-5&ccb=7-5&_nc_sid=58cdad&efg=eyJ2ZW5jb2RlX3RhZyI6IkNBUk9VU0VMX0lURU0ueHBpZHMuMTYzOC5zZHIucmVndWxhcl9waG90by5DMyJ9&_nc_ohc=P5B5cPwUwBEQ7kNvwFyJmX7&_nc_oc=AdoKBGmeIB0nx7S-jsG_PsN_PbfrbUj5RPaLrFf4jC-7vOoBuXM9EYfFXabIEzeKpi1YPCJ8UwP7caKpHkb5OEbG&_nc_zt=23&_nc_ht=scontent-waw2-2.cdninstagram.com&_nc_gid=TCTohav7JJwegkku5UEH4A&_nc_ss=7d689&oh=00_AQEGO_LrZLYrfb7LzlS_GoanDcaczhh-FNaaJRwE8-oRcw&oe=6A9201CF,https://www.instagram.com/p/DcPcXJfjBzY/
Machadão Atacadista,Outros,Canjica Branca Pinduca 400g,3.29,20/08/2026,https://scontent-waw2-2.cdninstagram.com/v/t39.30808-6/775382457_1353980220155269_2009226448122347149_n.jpg?stp=dst-jpg_e35_tt6&_nc_cat=107&ig_cache_key=Mzk2NzUxNDUxMzU3ODM5NTQ2MQ%3D%3D.3-ccb7-5&ccb=7-5&_nc_sid=58cdad&efg=eyJ2ZW5jb2RlX3RhZyI6IkNBUk9VU0VMX0lURU0ueHBpZHMuMTYzOC5zZHIucmVndWxhcl9waG90by5DMyJ9&_nc_ohc=F4QLw9fMlnsQ7kNvwGYC8oo&_nc_oc=AdpbLw7b_mZbcNteltB2DlKPNAysOOQ0WM-gkc9C8VLGoL_7dQ8pyeQvILQjxqEb5_q8Gm-UgAPL_RhxTWUNBZn1&_nc_zt=23&_nc_ht=scontent-waw2-2.cdninstagram.com&_nc_gid=TCTohav7JJwegkku5UEH4A&_nc_ss=7d689&oh=00_AQH2WMhtcN_i8S6UUDomf1yCMcXXW1poPb2DTTxJ0imEPA&oe=6A91E7DC,https://www.instagram.com/p/DcPcXJfjBzY/
Supermercado São Pedro,Outros,Batatinha kg,3.69,23/08/2026,https://scontent-ams2-1.cdninstagram.com/v/t39.30808-6/781977378_1500799415426508_4866536164507670119_n.jpg?stp=dst-jpg_e35_tt6&_nc_cat=110&ig_cache_key=Mzk3MDM5MzQ4NDg1OTE4MjA5Mw%3D%3D.3-ccb7-5&ccb=7-5&_nc_sid=58cdad&efg=eyJ2ZW5jb2RlX3RhZyI6IkZFRUQueHBpZHMuMTYzOS5zZHIucmVndWxhcl9waG90by5DMyJ9&_nc_ohc=UUhpBq5mo5UQ7kNvwEd47pk&_nc_oc=Adq_amgDQnVYzhfl4NE43lQiRBqGJDIvn9t9ZVDnzziRz-Ix6bw1P03c8vStUMTeQgg&_nc_zt=23&_nc_ht=scontent-ams2-1.cdninstagram.com&_nc_gid=LigYlBNaumlHJag7xD9SCA&_nc_ss=72689&oh=00_AQHVvklFFqwjTagEteCbjE6PsElni278J74LDbXM5Okjvw&oe=6A91FB4E,https://www.instagram.com/p/DcZq9ajjowN/
Machadão Atacadista,Outros,Beterraba kg,3.98,24/08/2026,https://scontent-yyz1-1.cdninstagram.com/v/t39.30808-6/783757949_1356290299924261_2463747962120821772_n.jpg?stp=dst-jpg_e35_tt6&_nc_cat=101&ig_cache_key=Mzk3MDQxMTA4NzM4OTIzNTgxMw%3D%3D.3-ccb7-5&ccb=7-5&_nc_sid=58cdad&efg=eyJ2ZW5jb2RlX3RhZyI6IkNBUk9VU0VMX0lURU0ueHBpZHMuMTYzOC5zZHIucmVndWxhcl9waG90by5DMyJ9&_nc_ohc=KQAoNMivhr4Q7kNvwFcuyoN&_nc_oc=AdrUMEnjil4B_Mn2YTNaxzUDZ-RwIt1IekfP02B2fphWfTqh-IDv6kmyb6qubTJrLuo&_nc_zt=23&_nc_ht=scontent-yyz1-1.cdninstagram.com&_nc_gid=HuffGH0ULP5T3qtSFKsH0g&_nc_ss=72a8c&oh=00_AQGzTZJRg2ORUNj0rWgVo1Ho6S45dm2Qpx0lZPZUGMNEpg&oe=6A91ED23,https://www.instagram.com/p/DcZu9z8mzVT/
Machadão Atacadista,Outros,Beterraba kg,3.98,24/08/2026,https://scontent-yyz1-1.cdninstagram.com/v/t39.30808-6/778972431_1356290069924284_6498137789849159127_n.jpg?stp=dst-jpg_e35_tt6&_nc_cat=100&ig_cache_key=Mzk3MDQxMTA4NzIzODI1NDU1NA%3D%3D.3-ccb7-5&ccb=7-5&_nc_sid=58cdad&efg=eyJ2ZW5jb2RlX3RhZyI6IkNBUk9VU0VMX0lURU0ueHBpZHMuMTYzOC5zZHIucmVndWxhcl9waG90by5DMyJ9&_nc_ohc=z0LiOSTtypkQ7kNvwHMJnrF&_nc_oc=AdoD4N7SJX-QlS1Y9cS-NJs6yQIw8spqYuE_VX7-nvOSa8ov3PlJwxvdHD4gNqmv-Do&_nc_zt=23&_nc_ht=scontent-yyz1-1.cdninstagram.com&_nc_gid=HuffGH0ULP5T3qtSFKsH0g&_nc_ss=72a8c&oh=00_AQF6FZcjlnngUdGaUcq5OeESzhInd6rsG2ztkMrtTvS7KA&oe=6A91D70F,https://www.instagram.com/p/DcZu9z8mzVT/
Machadão Atacadista,Outros,Beterraba kg,3.98,24/08/2026,https://scontent-yyz1-1.cdninstagram.com/v/t39.30808-6/780203515_1356290893257535_5931265324767059161_n.jpg?stp=dst-jpg_e35_tt6&_nc_cat=105&ig_cache_key=Mzk3MDQxMTA4NjUwMDAwNTgwNg%3D%3D.3-ccb7-5&ccb=7-5&_nc_sid=58cdad&efg=eyJ2ZW5jb2RlX3RhZyI6IkNBUk9VU0VMX0lURU0ueHBpZHMuMTYzOC5zZHIucmVndWxhcl9waG90by5DMyJ9&_nc_ohc=tGahzaBo_-YQ7kNvwFC0Ls-&_nc_oc=Adqlu7k5nAtNdgJ20MO2s6QYrGr3_VLcMchWk-yV2UE7aValTMKM1EaRFujAx0fxwJI&_nc_zt=23&_nc_ht=scontent-yyz1-1.cdninstagram.com&_nc_gid=HuffGH0ULP5T3qtSFKsH0g&_nc_ss=72a8c&oh=00_AQE1YX92NQAlje1LyUdZK3sERmHKqAaWMHhVz-McGG2LGQ&oe=6A91E83F,https://www.instagram.com/p/DcZu9z8mzVT/
Supermercado Tuiuiú,Outros,Beterraba kg,3.99,18/08/2026,https://scontent-atl3-1.cdninstagram.com/v/t39.30808-6/777982555_1710020311131787_3611835878768459759_n.jpg?stp=dst-jpg_e35_tt6&_nc_cat=103&ig_cache_key=Mzk2NjQ1NTkwODY3MDU1MDYzOQ%3D%3D.3-ccb7-5&ccb=7-5&_nc_sid=58cdad&efg=eyJ2ZW5jb2RlX3RhZyI6IkNBUk9VU0VMX0lURU0ueHBpZHMuMTI1NC5zZHIucmVndWxhcl9waG90by5DMyJ9&_nc_ohc=5MOA8ejxVvUQ7kNvwGku-cT&_nc_oc=AdqoKW7ZGfLuYyn9u31G_137ppCPK3q6WUcKUaxqJ3EvgFTLV3KZp4nQYIouF2HWvNk&_nc_zt=23&_nc_ht=scontent-atl3-1.cdninstagram.com&_nc_gid=62BaiHHjB0TDs3UOEnl1_w&_nc_ss=72289&oh=00_AQHlRhcvMHkVbmJghfehC127Zn6Kr4FBYEviae2_Z8tT1A&oe=6A91E380,https://www.instagram.com/p/DcLrqVKDgyY/
Supermercado São Pedro,Outros,Beterraba kg,3.99,23/08/2026,https://scontent-ams2-1.cdninstagram.com/v/t39.30808-6/781977378_1500799415426508_4866536164507670119_n.jpg?stp=dst-jpg_e35_tt6&_nc_cat=110&ig_cache_key=Mzk3MDM5MzQ4NDg1OTE4MjA5Mw%3D%3D.3-ccb7-5&ccb=7-5&_nc_sid=58cdad&efg=eyJ2ZW5jb2RlX3RhZyI6IkZFRUQueHBpZHMuMTYzOS5zZHIucmVndWxhcl9waG90by5DMyJ9&_nc_ohc=UUhpBq5mo5UQ7kNvwEd47pk&_nc_oc=Adq_amgDQnVYzhfl4NE43lQiRBqGJDIvn9t9ZVDnzziRz-Ix6bw1P03c8vStUMTeQgg&_nc_zt=23&_nc_ht=scontent-ams2-1.cdninstagram.com&_nc_gid=LigYlBNaumlHJag7xD9SCA&_nc_ss=72689&oh=00_AQHVvklFFqwjTagEteCbjE6PsElni278J74LDbXM5Okjvw&oe=6A91FB4E,https://www.instagram.com/p/DcZq9ajjowN/
Machadão Atacadista,Outros,Filme PVC Wyda 28cmx15m,3.99,20/08/2026,https://scontent-waw2-1.cdninstagram.com/v/t39.30808-6/775419811_1353980236821934_1669358629496048886_n.jpg?stp=dst-jpg_e35_tt6&_nc_cat=109&ig_cache_key=Mzk2NzUxNDUxNDQyNTY1OTQ3OQ%3D%3D.3-ccb7-5&ccb=7-5&_nc_sid=58cdad&efg=eyJ2ZW5jb2RlX3RhZyI6IkNBUk9VU0VMX0lURU0ueHBpZHMuMTYzOC5zZHIucmVndWxhcl9waG90by5DMyJ9&_nc_ohc=lHwu1HSrHv4Q7kNvwHVyJEI&_nc_oc=AdqqPfmNAk4e9ze_ZwgktL75_Kqtn3tLkgSX9y4kCEcgb4S6LteL6Vgh3j52HqOPzoqVPFgpfs1CT6XIq7yAAmhn&_nc_zt=23&_nc_ht=scontent-waw2-1.cdninstagram.com&_nc_gid=TCTohav7JJwegkku5UEH4A&_nc_ss=7d689&oh=00_AQHM9rerb5ybH7qDRj_JX0zsyxuF2eibk29XOLILD3-nYg&oe=6A91F925,https://www.instagram.com/p/DcPcXJfjBzY/
Machadão Atacadista,Outros,Filme PVC Wyda 28cmx15m,3.99,20/08/2026,https://scontent-waw2-2.cdninstagram.com/v/t39.30808-6/778565543_1353980256821932_610953472750281477_n.jpg?stp=dst-jpg_e35_tt6&_nc_cat=107&ig_cache_key=Mzk2NzUxNDUxNTM1NjgxMjE0OQ%3D%3D.3-ccb7-5&ccb=7-5&_nc_sid=58cdad&efg=eyJ2ZW5jb2RlX3RhZyI6IkNBUk9VU0VMX0lURU0ueHBpZHMuMTYzOC5zZHIucmVndWxhcl9waG90by5DMyJ9&_nc_ohc=HT-6M49gF1MQ7kNvwHlI936&_nc_oc=Ado-YiiZFi4_Sr1NHw0eADjY_qslI9kdaMycLief1Zsns5F07SswPkE3pzMJAVzQ_BI4DH-jwjSC02txrVVqMYlO&_nc_zt=23&_nc_ht=scontent-waw2-2.cdninstagram.com&_nc_gid=TCTohav7JJwegkku5UEH4A&_nc_ss=7d689&oh=00_AQHH-7NBpm7tXO4H4KDej6yad9c4WBvFu5dEBZgmstMlOg&oe=6A91EDE5,https://www.instagram.com/p/DcPcXJfjBzY/
Supermercado São Pedro,Outros,Repolho Verde kg,4.39,23/08/2026,https://scontent-ams2-1.cdninstagram.com/v/t39.30808-6/781977378_1500799415426508_4866536164507670119_n.jpg?stp=dst-jpg_e35_tt6&_nc_cat=110&ig_cache_key=Mzk3MDM5MzQ4NDg1OTE4MjA5Mw%3D%3D.3-ccb7-5&ccb=7-5&_nc_sid=58cdad&efg=eyJ2ZW5jb2RlX3RhZyI6IkZFRUQueHBpZHMuMTYzOS5zZHIucmVndWxhcl9waG90by5DMyJ9&_nc_ohc=UUhpBq5mo5UQ7kNvwEd47pk&_nc_oc=Adq_amgDQnVYzhfl4NE43lQiRBqGJDIvn9t9ZVDnzziRz-Ix6bw1P03c8vStUMTeQgg&_nc_zt=23&_nc_ht=scontent-ams2-1.cdninstagram.com&_nc_gid=LigYlBNaumlHJag7xD9SCA&_nc_ss=72689&oh=00_AQHVvklFFqwjTagEteCbjE6PsElni278J74LDbXM5Okjvw&oe=6A91FB4E,https://www.instagram.com/p/DcZq9ajjowN/
Machadão Atacadista,Outros,Toalha de Papel Maxim 120 Toalhas,4.49,24/08/2026,https://instagram.fbhx7-1.fna.fbcdn.net/v/t39.30808-6/778957943_1356271786592779_7752166386009606157_n.jpg?stp=dst-jpg_e35_tt6&_nc_cat=104&ig_cache_key=Mzk3MDQwODc0MjgwNjA4NjE5OQ%3D%3D.3-ccb7-5&ccb=7-5&_nc_sid=58cdad&efg=eyJ2ZW5jb2RlX3RhZyI6IkNBUk9VU0VMX0lURU0ueHBpZHMuMTYzOC5zZHIucmVndWxhcl9waG90by5DMyJ9&_nc_ohc=Eg6V_HQrmusQ7kNvwEnqoBV&_nc_oc=AdrPOAFHiUVC4tfFm_sPmoM5M_6Xf0PkCGGS0ldW_Q0fedz8vksuQkF1CGF_YdReE96JrFLA-h6OasdXWFmQczkv&_nc_zt=23&_nc_ht=instagram.fbhx7-1.fna&_nc_gid=hYaYS30HU0P5YK96dlMTTw&_nc_ss=72689&oh=00_AQFuKLmVW--pgyu1J5RwDoyPK6EwG6F47lvSoASAglesVA&oe=6A91F0EE,https://www.instagram.com/p/DcZubq6D10t/
Machadão Atacadista,Outros,Toalha de Papel Maxim 120 Toalhas,4.49,20/08/2026,https://scontent-waw2-1.cdninstagram.com/v/t39.30808-6/775419811_1353980236821934_1669358629496048886_n.jpg?stp=dst-jpg_e35_tt6&_nc_cat=109&ig_cache_key=Mzk2NzUxNDUxNDQyNTY1OTQ3OQ%3D%3D.3-ccb7-5&ccb=7-5&_nc_sid=58cdad&efg=eyJ2ZW5jb2RlX3RhZyI6IkNBUk9VU0VMX0lURU0ueHBpZHMuMTYzOC5zZHIucmVndWxhcl9waG90by5DMyJ9&_nc_ohc=lHwu1HSrHv4Q7kNvwHVyJEI&_nc_oc=AdqqPfmNAk4e9ze_ZwgktL75_Kqtn3tLkgSX9y4kCEcgb4S6LteL6Vgh3j52HqOPzoqVPFgpfs1CT6XIq7yAAmhn&_nc_zt=23&_nc_ht=scontent-waw2-1.cdninstagram.com&_nc_gid=TCTohav7JJwegkku5UEH4A&_nc_ss=7d689&oh=00_AQHM9rerb5ybH7qDRj_JX0zsyxuF2eibk29XOLILD3-nYg&oe=6A91F925,https://www.instagram.com/p/DcPcXJfjBzY/
Machadão Atacadista,Outros,Toalha de Papel Maxim 120un,4.49,20/08/2026,https://scontent-waw2-2.cdninstagram.com/v/t39.30808-6/778565543_1353980256821932_610953472750281477_n.jpg?stp=dst-jpg_e35_tt6&_nc_cat=107&ig_cache_key=Mzk2NzUxNDUxNTM1NjgxMjE0OQ%3D%3D.3-ccb7-5&ccb=7-5&_nc_sid=58cdad&efg=eyJ2ZW5jb2RlX3RhZyI6IkNBUk9VU0VMX0lURU0ueHBpZHMuMTYzOC5zZHIucmVndWxhcl9waG90by5DMyJ9&_nc_ohc=HT-6M49gF1MQ7kNvwHlI936&_nc_oc=Ado-YiiZFi4_Sr1NHw0eADjY_qslI9kdaMycLief1Zsns5F07SswPkE3pzMJAVzQ_BI4DH-jwjSC02txrVVqMYlO&_nc_zt=23&_nc_ht=scontent-waw2-2.cdninstagram.com&_nc_gid=TCTohav7JJwegkku5UEH4A&_nc_ss=7d689&oh=00_AQHH-7NBpm7tXO4H4KDej6yad9c4WBvFu5dEBZgmstMlOg&oe=6A91EDE5,https://www.instagram.com/p/DcPcXJfjBzY/
Machadão Atacadista,Outros,Abobrinha Paulista Verde kg,4.49,24/08/2026,https://scontent-yyz1-1.cdninstagram.com/v/t39.30808-6/778972431_1356290069924284_6498137789849159127_n.jpg?stp=dst-jpg_e35_tt6&_nc_cat=100&ig_cache_key=Mzk3MDQxMTA4NzIzODI1NDU1NA%3D%3D.3-ccb7-5&ccb=7-5&_nc_sid=58cdad&efg=eyJ2ZW5jb2RlX3RhZyI6IkNBUk9VU0VMX0lURU0ueHBpZHMuMTYzOC5zZHIucmVndWxhcl9waG90by5DMyJ9&_nc_ohc=z0LiOSTtypkQ7kNvwHMJnrF&_nc_oc=AdoD4N7SJX-QlS1Y9cS-NJs6yQIw8spqYuE_VX7-nvOSa8ov3PlJwxvdHD4gNqmv-Do&_nc_zt=23&_nc_ht=scontent-yyz1-1.cdninstagram.com&_nc_gid=HuffGH0ULP5T3qtSFKsH0g&_nc_ss=72a8c&oh=00_AQF6FZcjlnngUdGaUcq5OeESzhInd6rsG2ztkMrtTvS7KA&oe=6A91D70F,https://www.instagram.com/p/DcZu9z8mzVT/
Machadão Atacadista,Outros,Abobrinha Paulista Verde kg,4.49,24/08/2026,https://scontent-yyz1-1.cdninstagram.com/v/t39.30808-6/780203515_1356290893257535_5931265324767059161_n.jpg?stp=dst-jpg_e35_tt6&_nc_cat=105&ig_cache_key=Mzk3MDQxMTA4NjUwMDAwNTgwNg%3D%3D.3-ccb7-5&ccb=7-5&_nc_sid=58cdad&efg=eyJ2ZW5jb2RlX3RhZyI6IkNBUk9VU0VMX0lURU0ueHBpZHMuMTYzOC5zZHIucmVndWxhcl9waG90by5DMyJ9&_nc_ohc=tGahzaBo_-YQ7kNvwFC0Ls-&_nc_oc=Adqlu7k5nAtNdgJ20MO2s6QYrGr3_VLcMchWk-yV2UE7aValTMKM1EaRFujAx0fxwJI&_nc_zt=23&_nc_ht=scontent-yyz1-1.cdninstagram.com&_nc_gid=HuffGH0ULP5T3qtSFKsH0g&_nc_ss=72a8c&oh=00_AQE1YX92NQAlje1LyUdZK3sERmHKqAaWMHhVz-McGG2LGQ&oe=6A91E83F,https://www.instagram.com/p/DcZu9z8mzVT/
Super Compras Supermercado,Outros,Ponkan kg,4.99,24/08/2026,https://scontent-mrs2-3.cdninstagram.com/v/t51.82787-15/778986014_18192356080391764_2727967813090525154_n.jpg?stp=dst-jpg_e35_tt6&_nc_cat=111&ig_cache_key=Mzk3MDM4ODQ5NTE4MTQxNTkzNQ%3D%3D.3-ccb7-5&ccb=7-5&_nc_sid=58cdad&efg=eyJ2ZW5jb2RlX3RhZyI6IkZFRUQueHBpZHMuMTQ0MC5zZHIucmVndWxhcl9waG90by5DMyJ9&_nc_ohc=79VNBzqSEmAQ7kNvwFvqzM6&_nc_oc=Adr3dmUZRRH5kuXChKO2veL0ySswd64QZxFbi_15LzfEMTz64R-gL5JhUiltNMzyO08VxVk5AyRR_53GFOLBHTBh&_nc_zt=23&_nc_ht=scontent-mrs2-3.cdninstagram.com&_nc_gid=boM2r1OSp_eEX6fHpWTI9A&_nc_ss=72a8c&oh=00_AQH3YW7uUvTxK9i0ToDFOvjfp1CRHasdSsFFCR9eR_9I4Q&oe=6A91E410,https://www.instagram.com/p/DcZp0zjlgX_/
SUPERMERCADO PARANAENSE,Outros,Pepino Comum kg,4.99,18/08/2026,https://instagram.fntr10-2.fna.fbcdn.net/v/t51.82787-15/776497113_17905958139496981_1354687170106809568_n.jpg?stp=dst-jpg_e35_tt6&_nc_cat=109&ig_cache_key=Mzk2NjA3NDMyOTQwNzcyMjY0Nw%3D%3D.3-ccb7-5&ccb=7-5&_nc_sid=58cdad&efg=eyJ2ZW5jb2RlX3RhZyI6IkZFRUQueHBpZHMuMTM1MC5zZHIucmVndWxhcl9waG90by5DMyJ9&_nc_ohc=DCZqFsfkuQoQ7kNvwHYYCjv&_nc_oc=AdpNsezT7yFueZCm6zPMzW0kEYlfjcgSV3gyI5Xc179dk3sG-gi4IrRyLNjOzqZPUDj7rW0dG0wdWObqpPwTAIeu&_nc_zt=23&_nc_ht=instagram.fntr10-2.fna&_nc_gid=3fXFm_cBeXFQbMCckdGeEA&_nc_ss=72a8c&oh=00_AQEOhoy40n1bq50mlYNg0iBUJZOWXnxjQYJ7KfOPdCQQDQ&oe=6A91F9D6,https://www.instagram.com/p/DcKU5blJJSX/
Machadão Atacadista,Outros,Mexerica Carioca kg,5.98,24/08/2026,https://scontent-yyz1-1.cdninstagram.com/v/t39.30808-6/783757949_1356290299924261_2463747962120821772_n.jpg?stp=dst-jpg_e35_tt6&_nc_cat=101&ig_cache_key=Mzk3MDQxMTA4NzM4OTIzNTgxMw%3D%3D.3-ccb7-5&ccb=7-5&_nc_sid=58cdad&efg=eyJ2ZW5jb2RlX3RhZyI6IkNBUk9VU0VMX0lURU0ueHBpZHMuMTYzOC5zZHIucmVndWxhcl9waG90by5DMyJ9&_nc_ohc=KQAoNMivhr4Q7kNvwFcuyoN&_nc_oc=AdrUMEnjil4B_Mn2YTNaxzUDZ-RwIt1IekfP02B2fphWfTqh-IDv6kmyb6qubTJrLuo&_nc_zt=23&_nc_ht=scontent-yyz1-1.cdninstagram.com&_nc_gid=HuffGH0ULP5T3qtSFKsH0g&_nc_ss=72a8c&oh=00_AQGzTZJRg2ORUNj0rWgVo1Ho6S45dm2Qpx0lZPZUGMNEpg&oe=6A91ED23,https://www.instagram.com/p/DcZu9z8mzVT/
SUPERMERCADO PARANAENSE,Outros,Repolho Verde kg,5.99,18/08/2026,https://instagram.fntr10-2.fna.fbcdn.net/v/t51.82787-15/776497113_17905958139496981_1354687170106809568_n.jpg?stp=dst-jpg_e35_tt6&_nc_cat=109&ig_cache_key=Mzk2NjA3NDMyOTQwNzcyMjY0Nw%3D%3D.3-ccb7-5&ccb=7-5&_nc_sid=58cdad&efg=eyJ2ZW5jb2RlX3RhZyI6IkZFRUQueHBpZHMuMTM1MC5zZHIucmVndWxhcl9waG90by5DMyJ9&_nc_ohc=DCZqFsfkuQoQ7kNvwHYYCjv&_nc_oc=AdpNsezT7yFueZCm6zPMzW0kEYlfjcgSV3gyI5Xc179dk3sG-gi4IrRyLNjOzqZPUDj7rW0dG0wdWObqpPwTAIeu&_nc_zt=23&_nc_ht=instagram.fntr10-2.fna&_nc_gid=3fXFm_cBeXFQbMCckdGeEA&_nc_ss=72a8c&oh=00_AQEOhoy40n1bq50mlYNg0iBUJZOWXnxjQYJ7KfOPdCQQDQ&oe=6A91F9D6,https://www.instagram.com/p/DcKU5blJJSX/
Super Compras Supermercado,Outros,Mexerica kg,6.99,24/08/2026,https://scontent-mrs2-3.cdninstagram.com/v/t51.82787-15/778986014_18192356080391764_2727967813090525154_n.jpg?stp=dst-jpg_e35_tt6&_nc_cat=111&ig_cache_key=Mzk3MDM4ODQ5NTE4MTQxNTkzNQ%3D%3D.3-ccb7-5&ccb=7-5&_nc_sid=58cdad&efg=eyJ2ZW5jb2RlX3RhZyI6IkZFRUQueHBpZHMuMTQ0MC5zZHIucmVndWxhcl9waG90by5DMyJ9&_nc_ohc=79VNBzqSEmAQ7kNvwFvqzM6&_nc_oc=Adr3dmUZRRH5kuXChKO2veL0ySswd64QZxFbi_15LzfEMTz64R-gL5JhUiltNMzyO08VxVk5AyRR_53GFOLBHTBh&_nc_zt=23&_nc_ht=scontent-mrs2-3.cdninstagram.com&_nc_gid=boM2r1OSp_eEX6fHpWTI9A&_nc_ss=72a8c&oh=00_AQH3YW7uUvTxK9i0ToDFOvjfp1CRHasdSsFFCR9eR_9I4Q&oe=6A91E410,https://www.instagram.com/p/DcZp0zjlgX_/
Machadão Atacadista,Outros,Couve Flor un,6.99,24/08/2026,https://scontent-yyz1-1.cdninstagram.com/v/t39.30808-6/783757949_1356290299924261_2463747962120821772_n.jpg?stp=dst-jpg_e35_tt6&_nc_cat=101&ig_cache_key=Mzk3MDQxMTA4NzM4OTIzNTgxMw%3D%3D.3-ccb7-5&ccb=7-5&_nc_sid=58cdad&efg=eyJ2ZW5jb2RlX3RhZyI6IkNBUk9VU0VMX0lURU0ueHBpZHMuMTYzOC5zZHIucmVndWxhcl9waG90by5DMyJ9&_nc_ohc=KQAoNMivhr4Q7kNvwFcuyoN&_nc_oc=AdrUMEnjil4B_Mn2YTNaxzUDZ-RwIt1IekfP02B2fphWfTqh-IDv6kmyb6qubTJrLuo&_nc_zt=23&_nc_ht=scontent-yyz1-1.cdninstagram.com&_nc_gid=HuffGH0ULP5T3qtSFKsH0g&_nc_ss=72a8c&oh=00_AQGzTZJRg2ORUNj0rWgVo1Ho6S45dm2Qpx0lZPZUGMNEpg&oe=6A91ED23,https://www.instagram.com/p/DcZu9z8mzVT/
SUPERMERCADO PARANAENSE,Outros,Mexerica kg,6.99,18/08/2026,https://instagram.fntr10-2.fna.fbcdn.net/v/t51.82787-15/776497113_17905958139496981_1354687170106809568_n.jpg?stp=dst-jpg_e35_tt6&_nc_cat=109&ig_cache_key=Mzk2NjA3NDMyOTQwNzcyMjY0Nw%3D%3D.3-ccb7-5&ccb=7-5&_nc_sid=58cdad&efg=eyJ2ZW5jb2RlX3RhZyI6IkZFRUQueHBpZHMuMTM1MC5zZHIucmVndWxhcl9waG90by5DMyJ9&_nc_ohc=DCZqFsfkuQoQ7kNvwHYYCjv&_nc_oc=AdpNsezT7yFueZCm6zPMzW0kEYlfjcgSV3gyI5Xc179dk3sG-gi4IrRyLNjOzqZPUDj7rW0dG0wdWObqpPwTAIeu&_nc_zt=23&_nc_ht=instagram.fntr10-2.fna&_nc_gid=3fXFm_cBeXFQbMCckdGeEA&_nc_ss=72a8c&oh=00_AQEOhoy40n1bq50mlYNg0iBUJZOWXnxjQYJ7KfOPdCQQDQ&oe=6A91F9D6,https://www.instagram.com/p/DcKU5blJJSX/
Supermercado Tuiuiú,Outros,Margarina Delícia 500g,7.49,20/08/2026,https://scontent-phl2-1.cdninstagram.com/v/t39.30808-6/777548616_1712126797587805_4468367958160197813_n.jpg?stp=dst-jpg_e35_tt6&_nc_cat=108&ig_cache_key=Mzk2Nzg2MzQ3NzY1OTI0NTc5MQ%3D%3D.3-ccb7-5&ccb=7-5&_nc_sid=58cdad&efg=eyJ2ZW5jb2RlX3RhZyI6IkNBUk9VU0VMX0lURU0ueHBpZHMuMTI1NC5zZHIucmVndWxhcl9waG90by5DMyJ9&_nc_ohc=KR6FTgTvensQ7kNvwEch_zb&_nc_oc=AdqJSWd1wgn_3Z3ahHZyPqWqWqCjRYB_eJy9THI6GCkwQoNm8gANUCmeD0XrVpRV49AinsaU65H5POeuRiEZyESi&_nc_zt=23&_nc_ht=scontent-phl2-1.cdninstagram.com&_nc_gid=_KkeoNw63hwOES5RDY3HAg&_nc_ss=72a8c&oh=00_AQHru3sVkkQ4b3SEcp8SAd6Lft1jjx0Owuqq7ASWlB7Cyw&oe=6A91E055,https://www.instagram.com/p/DcQrtOmIPUZ/
Supermercado Tuiuiú,Outros,Sucrilhos Kellogg's 240g,7.89,20/08/2026,https://scontent-phl2-1.cdninstagram.com/v/t39.30808-6/777548616_1712126797587805_4468367958160197813_n.jpg?stp=dst-jpg_e35_tt6&_nc_cat=108&ig_cache_key=Mzk2Nzg2MzQ3NzY1OTI0NTc5MQ%3D%3D.3-ccb7-5&ccb=7-5&_nc_sid=58cdad&efg=eyJ2ZW5jb2RlX3RhZyI6IkNBUk9VU0VMX0lURU0ueHBpZHMuMTI1NC5zZHIucmVndWxhcl9waG90by5DMyJ9&_nc_ohc=KR6FTgTvensQ7kNvwEch_zb&_nc_oc=AdqJSWd1wgn_3Z3ahHZyPqWqWqCjRYB_eJy9THI6GCkwQoNm8gANUCmeD0XrVpRV49AinsaU65H5POeuRiEZyESi&_nc_zt=23&_nc_ht=scontent-phl2-1.cdninstagram.com&_nc_gid=_KkeoNw63hwOES5RDY3HAg&_nc_ss=72a8c&oh=00_AQHru3sVkkQ4b3SEcp8SAd6Lft1jjx0Owuqq7ASWlB7Cyw&oe=6A91E055,https://www.instagram.com/p/DcQrtOmIPUZ/
Machadão Atacadista,Outros,Couve Flor Kentusa,7.98,24/08/2026,https://scontent-yyz1-1.cdninstagram.com/v/t39.30808-6/778972431_1356290069924284_6498137789849159127_n.jpg?stp=dst-jpg_e35_tt6&_nc_cat=100&ig_cache_key=Mzk3MDQxMTA4NzIzODI1NDU1NA%3D%3D.3-ccb7-5&ccb=7-5&_nc_sid=58cdad&efg=eyJ2ZW5jb2RlX3RhZyI6IkNBUk9VU0VMX0lURU0ueHBpZHMuMTYzOC5zZHIucmVndWxhcl9waG90by5DMyJ9&_nc_ohc=z0LiOSTtypkQ7kNvwHMJnrF&_nc_oc=AdoD4N7SJX-QlS1Y9cS-NJs6yQIw8spqYuE_VX7-nvOSa8ov3PlJwxvdHD4gNqmv-Do&_nc_zt=23&_nc_ht=scontent-yyz1-1.cdninstagram.com&_nc_gid=HuffGH0ULP5T3qtSFKsH0g&_nc_ss=72a8c&oh=00_AQF6FZcjlnngUdGaUcq5OeESzhInd6rsG2ztkMrtTvS7KA&oe=6A91D70F,https://www.instagram.com/p/DcZu9z8mzVT/
Machadão Atacadista,Outros,Couve Flor Kentisa,7.98,24/08/2026,https://scontent-yyz1-1.cdninstagram.com/v/t39.30808-6/780203515_1356290893257535_5931265324767059161_n.jpg?stp=dst-jpg_e35_tt6&_nc_cat=105&ig_cache_key=Mzk3MDQxMTA4NjUwMDAwNTgwNg%3D%3D.3-ccb7-5&ccb=7-5&_nc_sid=58cdad&efg=eyJ2ZW5jb2RlX3RhZyI6IkNBUk9VU0VMX0lURU0ueHBpZHMuMTYzOC5zZHIucmVndWxhcl9waG90by5DMyJ9&_nc_ohc=tGahzaBo_-YQ7kNvwFC0Ls-&_nc_oc=Adqlu7k5nAtNdgJ20MO2s6QYrGr3_VLcMchWk-yV2UE7aValTMKM1EaRFujAx0fxwJI&_nc_zt=23&_nc_ht=scontent-yyz1-1.cdninstagram.com&_nc_gid=HuffGH0ULP5T3qtSFKsH0g&_nc_ss=72a8c&oh=00_AQE1YX92NQAlje1LyUdZK3sERmHKqAaWMHhVz-McGG2LGQ&oe=6A91E83F,https://www.instagram.com/p/DcZu9z8mzVT/
Machadão Atacadista,Outros,Pimentão Verde kg,7.99,24/08/2026,https://scontent-yyz1-1.cdninstagram.com/v/t39.30808-6/783757949_1356290299924261_2463747962120821772_n.jpg?stp=dst-jpg_e35_tt6&_nc_cat=101&ig_cache_key=Mzk3MDQxMTA4NzM4OTIzNTgxMw%3D%3D.3-ccb7-5&ccb=7-5&_nc_sid=58cdad&efg=eyJ2ZW5jb2RlX3RhZyI6IkNBUk9VU0VMX0lURU0ueHBpZHMuMTYzOC5zZHIucmVndWxhcl9waG90by5DMyJ9&_nc_ohc=KQAoNMivhr4Q7kNvwFcuyoN&_nc_oc=AdrUMEnjil4B_Mn2YTNaxzUDZ-RwIt1IekfP02B2fphWfTqh-IDv6kmyb6qubTJrLuo&_nc_zt=23&_nc_ht=scontent-yyz1-1.cdninstagram.com&_nc_gid=HuffGH0ULP5T3qtSFKsH0g&_nc_ss=72a8c&oh=00_AQGzTZJRg2ORUNj0rWgVo1Ho6S45dm2Qpx0lZPZUGMNEpg&oe=6A91ED23,https://www.instagram.com/p/DcZu9z8mzVT/
SUPERMERCADO PARANAENSE,Outros,Brócolis Ou Couve Flor,7.99,18/08/2026,https://instagram.fntr10-2.fna.fbcdn.net/v/t51.82787-15/776497113_17905958139496981_1354687170106809568_n.jpg?stp=dst-jpg_e35_tt6&_nc_cat=109&ig_cache_key=Mzk2NjA3NDMyOTQwNzcyMjY0Nw%3D%3D.3-ccb7-5&ccb=7-5&_nc_sid=58cdad&efg=eyJ2ZW5jb2RlX3RhZyI6IkZFRUQueHBpZHMuMTM1MC5zZHIucmVndWxhcl9waG90by5DMyJ9&_nc_ohc=DCZqFsfkuQoQ7kNvwHYYCjv&_nc_oc=AdpNsezT7yFueZCm6zPMzW0kEYlfjcgSV3gyI5Xc179dk3sG-gi4IrRyLNjOzqZPUDj7rW0dG0wdWObqpPwTAIeu&_nc_zt=23&_nc_ht=instagram.fntr10-2.fna&_nc_gid=3fXFm_cBeXFQbMCckdGeEA&_nc_ss=72a8c&oh=00_AQEOhoy40n1bq50mlYNg0iBUJZOWXnxjQYJ7KfOPdCQQDQ&oe=6A91F9D6,https://www.instagram.com/p/DcKU5blJJSX/
Supermercado Tuiuiú,Outros,Brócolis,8.19,18/08/2026,https://scontent-atl3-1.cdninstagram.com/v/t39.30808-6/777447994_1710020307798454_4528325776186593053_n.jpg?stp=dst-jpg_e35_tt6&_nc_cat=103&ig_cache_key=Mzk2NjQ1NTkwODUxMTE0NTY4Mg%3D%3D.3-ccb7-5&ccb=7-5&_nc_sid=58cdad&efg=eyJ2ZW5jb2RlX3RhZyI6IkNBUk9VU0VMX0lURU0ueHBpZHMuMTI1NC5zZHIucmVndWxhcl9waG90by5DMyJ9&_nc_ohc=twKBWqtPzMIQ7kNvwHtFPf2&_nc_oc=AdqY02rzNcNdhtIrAXt8S1AnyfxJHhu0IzeoLocdCFR8WiobqM9ygAw7PASpuFfLEH0&_nc_zt=23&_nc_ht=scontent-atl3-1.cdninstagram.com&_nc_gid=62BaiHHjB0TDs3UOEnl1_w&_nc_ss=72289&oh=00_AQFUj0IuZ9OLhTt44_5CE1j9j38nXzGGglUQ9s9pODvQ1g&oe=6A91F05B,https://www.instagram.com/p/DcLrqVKDgyY/
Machadão Atacadista,Outros,Margarina Qualy 500g,8.79,24/08/2026,https://instagram.fbhx7-1.fna.fbcdn.net/v/t39.30808-6/780076458_1356271723259452_5989685085733377211_n.jpg?stp=dst-jpg_e35_tt6&_nc_cat=105&ig_cache_key=Mzk3MDQwODc0MjIxMDQ3NDY5OA%3D%3D.3-ccb7-5&ccb=7-5&_nc_sid=58cdad&efg=eyJ2ZW5jb2RlX3RhZyI6IkNBUk9VU0VMX0lURU0ueHBpZHMuMTYzOC5zZHIucmVndWxhcl9waG90by5DMyJ9&_nc_ohc=EI5S9KuUQlYQ7kNvwGxq-zd&_nc_oc=AdoTuy9J6-G7ePfivRWOrhyOkimMsf2iPG57P4oj60w11HCN3zlnhol5IK4s9l-5OnuZ-m8N69BZSMBM6XSGrU1s&_nc_zt=23&_nc_ht=instagram.fbhx7-1.fna&_nc_gid=hYaYS30HU0P5YK96dlMTTw&_nc_ss=72689&oh=00_AQHoSpKF5ipkZL6eu41s3VvnAnKwXNWnAsRl47EVOZ0Rhg&oe=6A91D6CE,https://www.instagram.com/p/DcZubq6D10t/
Supermercado Tuiuiú,Outros,Morango,8.99,18/08/2026,https://scontent-atl3-1.cdninstagram.com/v/t39.30808-6/777982555_1710020311131787_3611835878768459759_n.jpg?stp=dst-jpg_e35_tt6&_nc_cat=103&ig_cache_key=Mzk2NjQ1NTkwODY3MDU1MDYzOQ%3D%3D.3-ccb7-5&ccb=7-5&_nc_sid=58cdad&efg=eyJ2ZW5jb2RlX3RhZyI6IkNBUk9VU0VMX0lURU0ueHBpZHMuMTI1NC5zZHIucmVndWxhcl9waG90by5DMyJ9&_nc_ohc=5MOA8ejxVvUQ7kNvwGku-cT&_nc_oc=AdqoKW7ZGfLuYyn9u31G_137ppCPK3q6WUcKUaxqJ3EvgFTLV3KZp4nQYIouF2HWvNk&_nc_zt=23&_nc_ht=scontent-atl3-1.cdninstagram.com&_nc_gid=62BaiHHjB0TDs3UOEnl1_w&_nc_ss=72289&oh=00_AQHlRhcvMHkVbmJghfehC127Zn6Kr4FBYEviae2_Z8tT1A&oe=6A91E380,https://www.instagram.com/p/DcLrqVKDgyY/
Machadão Atacadista,Outros,Cream Cheese Président 150g,9.49,20/08/2026,https://scontent-waw2-2.cdninstagram.com/v/t39.30808-6/775548688_1353980203488604_1662033817259096349_n.jpg?stp=dst-jpg_e35_tt6&_nc_cat=101&ig_cache_key=Mzk2NzUxNDUxMzI1OTY2NjE4NQ%3D%3D.3-ccb7-5&ccb=7-5&_nc_sid=58cdad&efg=eyJ2ZW5jb2RlX3RhZyI6IkNBUk9VU0VMX0lURU0ueHBpZHMuMTYzOC5zZHIucmVndWxhcl9waG90by5DMyJ9&_nc_ohc=P5B5cPwUwBEQ7kNvwFyJmX7&_nc_oc=AdoKBGmeIB0nx7S-jsG_PsN_PbfrbUj5RPaLrFf4jC-7vOoBuXM9EYfFXabIEzeKpi1YPCJ8UwP7caKpHkb5OEbG&_nc_zt=23&_nc_ht=scontent-waw2-2.cdninstagram.com&_nc_gid=TCTohav7JJwegkku5UEH4A&_nc_ss=7d689&oh=00_AQEGO_LrZLYrfb7LzlS_GoanDcaczhh-FNaaJRwE8-oRcw&oe=6A9201CF,https://www.instagram.com/p/DcPcXJfjBzY/
Machadão Atacadista,Outros,Cream Cheese Président 150g,9.49,20/08/2026,https://scontent-waw2-2.cdninstagram.com/v/t39.30808-6/775382457_1353980220155269_2009226448122347149_n.jpg?stp=dst-jpg_e35_tt6&_nc_cat=107&ig_cache_key=Mzk2NzUxNDUxMzU3ODM5NTQ2MQ%3D%3D.3-ccb7-5&ccb=7-5&_nc_sid=58cdad&efg=eyJ2ZW5jb2RlX3RhZyI6IkNBUk9VU0VMX0lURU0ueHBpZHMuMTYzOC5zZHIucmVndWxhcl9waG90by5DMyJ9&_nc_ohc=F4QLw9fMlnsQ7kNvwGYC8oo&_nc_oc=AdpbLw7b_mZbcNteltB2DlKPNAysOOQ0WM-gkc9C8VLGoL_7dQ8pyeQvILQjxqEb5_q8Gm-UgAPL_RhxTWUNBZn1&_nc_zt=23&_nc_ht=scontent-waw2-2.cdninstagram.com&_nc_gid=TCTohav7JJwegkku5UEH4A&_nc_ss=7d689&oh=00_AQH2WMhtcN_i8S6UUDomf1yCMcXXW1poPb2DTTxJ0imEPA&oe=6A91E7DC,https://www.instagram.com/p/DcPcXJfjBzY/
Bom Jesus Primavera do Leste 🛒,Outros,Mocotó Bovino kg,12.99,19/08/2026,https://scontent-mxp1-1.cdninstagram.com/v/t51.82787-15/777447580_18373520875237813_4940623986181555568_n.jpg?stp=dst-jpg_e15_tt6&_nc_cat=102&ig_cache_key=Mzk2NzM5MjE0MDk4NzU2MzAyODE4MzczNTIwODcyMjM3ODEz.3-ccb7-5&ccb=7-5&_nc_sid=58cdad&efg=eyJ2ZW5jb2RlX3RhZyI6IkNMSVBTLnhwaWRzLjcyMC5zZHIudmlkZW9fZGVmYXVsdF9jb3Zlcl9mcmFtZS5DMyJ9&_nc_ohc=1LuH2KlEOIUQ7kNvwHO_ysZ&_nc_oc=AdqZ2cfl83ntPfDtMYzhKawi3DxYOTRWsbGYXGlqD2MTL0ZsejS2_P8OS6GwS0nbamo&_nc_zt=23&_nc_ht=scontent-mxp1-1.cdninstagram.com&_nc_gid=uPyp1oBKSdCnrRWQHkGdMA&_nc_ss=72a8c&oh=00_AQHZk0UJfwcLEALz-Bg2aTdCdO6sAWu3kBIaIcrHa_bCIA&oe=6A9208C3,https://www.instagram.com/p/DcPAiHQPXwU/
Bom Jesus Primavera do Leste 🛒,Outros,Fígado Bovino kg,12.99,19/08/2026,https://instagram.fmty1-1.fna.fbcdn.net/v/t51.82787-15/780126962_18373430935237813_4383865968075296016_n.jpg?stp=dst-jpg_e35_tt6&_nc_cat=101&_nc_map=urlgen_bucketless&ig_cache_key=Mzk2NzEyNzIwMjIzMDk1MTAxNg%3D%3D.3-ccb7-5&ccb=7-5&_nc_sid=58cdad&efg=eyJ2ZW5jb2RlX3RhZyI6IkNBUk9VU0VMX0lURU0ueHBpZHMuMTA4MC5zZHIucmVndWxhcl9waG90by5DMiJ9&_nc_ohc=7_n-bAwZABYQ7kNvwHX4y_3&_nc_oc=Adpype0lnjW46J2VCr7rNlLgEAU4CPgK1m-xM0dwND4iARB7q-w-C3NYA9mDezUwjlw&_nc_zt=23&_nc_ht=instagram.fmty1-1.fna&_nc_gid=-JGxwhhxyTUrzn4i3BszXg&_nc_ss=72a8c&oh=00_AQHWcIqYD8fmENaMR1pXLhjL-blYE_8eq5WF0Uw3iYRjVA&oe=6A91E4C4,https://www.instagram.com/p/DcOEUjnloMb/
Bom Jesus Primavera do Leste 🛒,Outros,Mocotó Bovino kg,12.99,19/08/2026,https://instagram.fmty1-1.fna.fbcdn.net/v/t51.82787-15/780126962_18373430935237813_4383865968075296016_n.jpg?stp=dst-jpg_e35_tt6&_nc_cat=101&_nc_map=urlgen_bucketless&ig_cache_key=Mzk2NzEyNzIwMjIzMDk1MTAxNg%3D%3D.3-ccb7-5&ccb=7-5&_nc_sid=58cdad&efg=eyJ2ZW5jb2RlX3RhZyI6IkNBUk9VU0VMX0lURU0ueHBpZHMuMTA4MC5zZHIucmVndWxhcl9waG90by5DMiJ9&_nc_ohc=7_n-bAwZABYQ7kNvwHX4y_3&_nc_oc=Adpype0lnjW46J2VCr7rNlLgEAU4CPgK1m-xM0dwND4iARB7q-w-C3NYA9mDezUwjlw&_nc_zt=23&_nc_ht=instagram.fmty1-1.fna&_nc_gid=-JGxwhhxyTUrzn4i3BszXg&_nc_ss=72a8c&oh=00_AQHWcIqYD8fmENaMR1pXLhjL-blYE_8eq5WF0Uw3iYRjVA&oe=6A91E4C4,https://www.instagram.com/p/DcOEUjnloMb/
Machadão Atacadista,Outros,Enxaguante Bucal Closeup 250ml,12.99,20/08/2026,https://scontent-waw2-1.cdninstagram.com/v/t39.30808-6/775419811_1353980236821934_1669358629496048886_n.jpg?stp=dst-jpg_e35_tt6&_nc_cat=109&ig_cache_key=Mzk2NzUxNDUxNDQyNTY1OTQ3OQ%3D%3D.3-ccb7-5&ccb=7-5&_nc_sid=58cdad&efg=eyJ2ZW5jb2RlX3RhZyI6IkNBUk9VU0VMX0lURU0ueHBpZHMuMTYzOC5zZHIucmVndWxhcl9waG90by5DMyJ9&_nc_ohc=lHwu1HSrHv4Q7kNvwHVyJEI&_nc_oc=AdqqPfmNAk4e9ze_ZwgktL75_Kqtn3tLkgSX9y4kCEcgb4S6LteL6Vgh3j52HqOPzoqVPFgpfs1CT6XIq7yAAmhn&_nc_zt=23&_nc_ht=scontent-waw2-1.cdninstagram.com&_nc_gid=TCTohav7JJwegkku5UEH4A&_nc_ss=7d689&oh=00_AQHM9rerb5ybH7qDRj_JX0zsyxuF2eibk29XOLILD3-nYg&oe=6A91F925,https://www.instagram.com/p/DcPcXJfjBzY/
Machadão Atacadista,Outros,Enxaguante Bucal Closeup 250ml,12.99,20/08/2026,https://scontent-waw2-2.cdninstagram.com/v/t39.30808-6/778565543_1353980256821932_610953472750281477_n.jpg?stp=dst-jpg_e35_tt6&_nc_cat=107&ig_cache_key=Mzk2NzUxNDUxNTM1NjgxMjE0OQ%3D%3D.3-ccb7-5&ccb=7-5&_nc_sid=58cdad&efg=eyJ2ZW5jb2RlX3RhZyI6IkNBUk9VU0VMX0lURU0ueHBpZHMuMTYzOC5zZHIucmVndWxhcl9waG90by5DMyJ9&_nc_ohc=HT-6M49gF1MQ7kNvwHlI936&_nc_oc=Ado-YiiZFi4_Sr1NHw0eADjY_qslI9kdaMycLief1Zsns5F07SswPkE3pzMJAVzQ_BI4DH-jwjSC02txrVVqMYlO&_nc_zt=23&_nc_ht=scontent-waw2-2.cdninstagram.com&_nc_gid=TCTohav7JJwegkku5UEH4A&_nc_ss=7d689&oh=00_AQHH-7NBpm7tXO4H4KDej6yad9c4WBvFu5dEBZgmstMlOg&oe=6A91EDE5,https://www.instagram.com/p/DcPcXJfjBzY/
Supermercado Bianchi,Outros,Mocotó Bovino kg,12.99,20/08/2026,https://scontent-itm1-1.cdninstagram.com/v/t39.30808-6/780501244_1656122586518139_2784367562801811055_n.jpg?stp=dst-jpg_e35_tt6&_nc_cat=100&ig_cache_key=Mzk2NzU2NTMyODk0NzYxMTY1Mg%3D%3D.3-ccb7-5&ccb=7-5&_nc_sid=58cdad&efg=eyJ2ZW5jb2RlX3RhZyI6IkNBUk9VU0VMX0lURU0ueHBpZHMuMjA0OC5zZHIucmVndWxhcl9waG90by5DMyJ9&_nc_ohc=gyeEoQnsj2cQ7kNvwGYRR1u&_nc_oc=AdpPR_88Njozn9v0RHIPDc2DZVt_t0aqb4sO1lBLSLiBaXv0tYQvEbF4rC6bwt9Qn3nOh0X4-VLzZ_jj0dtyOzsF&_nc_zt=23&_nc_ht=scontent-itm1-1.cdninstagram.com&_nc_gid=rBM0NfnbxwVVia4Hv8PLcA&_nc_ss=7c689&oh=00_AQFHvII24VxHNu4xRuDkW72xLDyq4acyCZSjqdvBKFM1Ng&oe=6A91DA5F,https://www.instagram.com/p/DcPn6nZlD_H/
Machadão Atacadista,Outros,Aromatizante Secar 100ml,13.99,20/08/2026,https://scontent-waw2-1.cdninstagram.com/v/t39.30808-6/775419811_1353980236821934_1669358629496048886_n.jpg?stp=dst-jpg_e35_tt6&_nc_cat=109&ig_cache_key=Mzk2NzUxNDUxNDQyNTY1OTQ3OQ%3D%3D.3-ccb7-5&ccb=7-5&_nc_sid=58cdad&efg=eyJ2ZW5jb2RlX3RhZyI6IkNBUk9VU0VMX0lURU0ueHBpZHMuMTYzOC5zZHIucmVndWxhcl9waG90by5DMyJ9&_nc_ohc=lHwu1HSrHv4Q7kNvwHVyJEI&_nc_oc=AdqqPfmNAk4e9ze_ZwgktL75_Kqtn3tLkgSX9y4kCEcgb4S6LteL6Vgh3j52HqOPzoqVPFgpfs1CT6XIq7yAAmhn&_nc_zt=23&_nc_ht=scontent-waw2-1.cdninstagram.com&_nc_gid=TCTohav7JJwegkku5UEH4A&_nc_ss=7d689&oh=00_AQHM9rerb5ybH7qDRj_JX0zsyxuF2eibk29XOLILD3-nYg&oe=6A91F925,https://www.instagram.com/p/DcPcXJfjBzY/
Machadão Atacadista,Outros,Aromatizante Secar 100ml,13.99,20/08/2026,https://scontent-waw2-2.cdninstagram.com/v/t39.30808-6/778565543_1353980256821932_610953472750281477_n.jpg?stp=dst-jpg_e35_tt6&_nc_cat=107&ig_cache_key=Mzk2NzUxNDUxNTM1NjgxMjE0OQ%3D%3D.3-ccb7-5&ccb=7-5&_nc_sid=58cdad&efg=eyJ2ZW5jb2RlX3RhZyI6IkNBUk9VU0VMX0lURU0ueHBpZHMuMTYzOC5zZHIucmVndWxhcl9waG90by5DMyJ9&_nc_ohc=HT-6M49gF1MQ7kNvwHlI936&_nc_oc=Ado-YiiZFi4_Sr1NHw0eADjY_qslI9kdaMycLief1Zsns5F07SswPkE3pzMJAVzQ_BI4DH-jwjSC02txrVVqMYlO&_nc_zt=23&_nc_ht=scontent-waw2-2.cdninstagram.com&_nc_gid=TCTohav7JJwegkku5UEH4A&_nc_ss=7d689&oh=00_AQHH-7NBpm7tXO4H4KDej6yad9c4WBvFu5dEBZgmstMlOg&oe=6A91EDE5,https://www.instagram.com/p/DcPcXJfjBzY/
Machadão Atacadista,Outros,Vassoura Para Grama São Matheus,14.99,20/08/2026,https://scontent-waw2-1.cdninstagram.com/v/t39.30808-6/775419811_1353980236821934_1669358629496048886_n.jpg?stp=dst-jpg_e35_tt6&_nc_cat=109&ig_cache_key=Mzk2NzUxNDUxNDQyNTY1OTQ3OQ%3D%3D.3-ccb7-5&ccb=7-5&_nc_sid=58cdad&efg=eyJ2ZW5jb2RlX3RhZyI6IkNBUk9VU0VMX0lURU0ueHBpZHMuMTYzOC5zZHIucmVndWxhcl9waG90by5DMyJ9&_nc_ohc=lHwu1HSrHv4Q7kNvwHVyJEI&_nc_oc=AdqqPfmNAk4e9ze_ZwgktL75_Kqtn3tLkgSX9y4kCEcgb4S6LteL6Vgh3j52HqOPzoqVPFgpfs1CT6XIq7yAAmhn&_nc_zt=23&_nc_ht=scontent-waw2-1.cdninstagram.com&_nc_gid=TCTohav7JJwegkku5UEH4A&_nc_ss=7d689&oh=00_AQHM9rerb5ybH7qDRj_JX0zsyxuF2eibk29XOLILD3-nYg&oe=6A91F925,https://www.instagram.com/p/DcPcXJfjBzY/
Machadão Atacadista,Outros,Vassoura Para Grama São Matheus,14.99,20/08/2026,https://scontent-waw2-2.cdninstagram.com/v/t39.30808-6/778565543_1353980256821932_610953472750281477_n.jpg?stp=dst-jpg_e35_tt6&_nc_cat=107&ig_cache_key=Mzk2NzUxNDUxNTM1NjgxMjE0OQ%3D%3D.3-ccb7-5&ccb=7-5&_nc_sid=58cdad&efg=eyJ2ZW5jb2RlX3RhZyI6IkNBUk9VU0VMX0lURU0ueHBpZHMuMTYzOC5zZHIucmVndWxhcl9waG90by5DMyJ9&_nc_ohc=HT-6M49gF1MQ7kNvwHlI936&_nc_oc=Ado-YiiZFi4_Sr1NHw0eADjY_qslI9kdaMycLief1Zsns5F07SswPkE3pzMJAVzQ_BI4DH-jwjSC02txrVVqMYlO&_nc_zt=23&_nc_ht=scontent-waw2-2.cdninstagram.com&_nc_gid=TCTohav7JJwegkku5UEH4A&_nc_ss=7d689&oh=00_AQHH-7NBpm7tXO4H4KDej6yad9c4WBvFu5dEBZgmstMlOg&oe=6A91EDE5,https://www.instagram.com/p/DcPcXJfjBzY/
Supermercado Bianchi,Outros,Dobradinha Bovina kg,18.99,20/08/2026,https://scontent-itm1-1.cdninstagram.com/v/t39.30808-6/780501253_1656122519851479_5852391846491243949_n.jpg?stp=dst-jpg_e35_tt6&_nc_cat=108&ig_cache_key=Mzk2NzU2NTMyOTQyNTgyMjU3Mw%3D%3D.3-ccb7-5&ccb=7-5&_nc_sid=58cdad&efg=eyJ2ZW5jb2RlX3RhZyI6IkNBUk9VU0VMX0lURU0ueHBpZHMuMjA0OC5zZHIucmVndWxhcl9waG90by5DMyJ9&_nc_ohc=d4Rx7PLUbjoQ7kNvwGRzgjT&_nc_oc=AdryiylnJ0hhwqKghcBDx7Y_bbaGqLwsFWGihfXRnGQVfw1nWO3laE2Jw9R6hhkCENp6OkR4api0Emsr7rY7aF4M&_nc_zt=23&_nc_ht=scontent-itm1-1.cdninstagram.com&_nc_gid=rBM0NfnbxwVVia4Hv8PLcA&_nc_ss=7c689&oh=00_AQF7y-rp2lRAEgeWuPVewETMha251DEAy9dclMn4eyqrFw&oe=6A91E2B2,https://www.instagram.com/p/DcPn6nZlD_H/
Machadão Atacadista,Outros,Ameixa Rubimel 500g,19.98,24/08/2026,https://scontent-yyz1-1.cdninstagram.com/v/t39.30808-6/783757949_1356290299924261_2463747962120821772_n.jpg?stp=dst-jpg_e35_tt6&_nc_cat=101&ig_cache_key=Mzk3MDQxMTA4NzM4OTIzNTgxMw%3D%3D.3-ccb7-5&ccb=7-5&_nc_sid=58cdad&efg=eyJ2ZW5jb2RlX3RhZyI6IkNBUk9VU0VMX0lURU0ueHBpZHMuMTYzOC5zZHIucmVndWxhcl9waG90by5DMyJ9&_nc_ohc=KQAoNMivhr4Q7kNvwFcuyoN&_nc_oc=AdrUMEnjil4B_Mn2YTNaxzUDZ-RwIt1IekfP02B2fphWfTqh-IDv6kmyb6qubTJrLuo&_nc_zt=23&_nc_ht=scontent-yyz1-1.cdninstagram.com&_nc_gid=HuffGH0ULP5T3qtSFKsH0g&_nc_ss=72a8c&oh=00_AQGzTZJRg2ORUNj0rWgVo1Ho6S45dm2Qpx0lZPZUGMNEpg&oe=6A91ED23,https://www.instagram.com/p/DcZu9z8mzVT/
Machadão Atacadista,Outros,Ameixa Rubimel 500g,19.98,24/08/2026,https://scontent-yyz1-1.cdninstagram.com/v/t39.30808-6/778972431_1356290069924284_6498137789849159127_n.jpg?stp=dst-jpg_e35_tt6&_nc_cat=100&ig_cache_key=Mzk3MDQxMTA4NzIzODI1NDU1NA%3D%3D.3-ccb7-5&ccb=7-5&_nc_sid=58cdad&efg=eyJ2ZW5jb2RlX3RhZyI6IkNBUk9VU0VMX0lURU0ueHBpZHMuMTYzOC5zZHIucmVndWxhcl9waG90by5DMyJ9&_nc_ohc=z0LiOSTtypkQ7kNvwHMJnrF&_nc_oc=AdoD4N7SJX-QlS1Y9cS-NJs6yQIw8spqYuE_VX7-nvOSa8ov3PlJwxvdHD4gNqmv-Do&_nc_zt=23&_nc_ht=scontent-yyz1-1.cdninstagram.com&_nc_gid=HuffGH0ULP5T3qtSFKsH0g&_nc_ss=72a8c&oh=00_AQF6FZcjlnngUdGaUcq5OeESzhInd6rsG2ztkMrtTvS7KA&oe=6A91D70F,https://www.instagram.com/p/DcZu9z8mzVT/
Machadão Atacadista,Outros,Ameixa Rubimel 500g,19.98,24/08/2026,https://scontent-yyz1-1.cdninstagram.com/v/t39.30808-6/780203515_1356290893257535_5931265324767059161_n.jpg?stp=dst-jpg_e35_tt6&_nc_cat=105&ig_cache_key=Mzk3MDQxMTA4NjUwMDAwNTgwNg%3D%3D.3-ccb7-5&ccb=7-5&_nc_sid=58cdad&efg=eyJ2ZW5jb2RlX3RhZyI6IkNBUk9VU0VMX0lURU0ueHBpZHMuMTYzOC5zZHIucmVndWxhcl9waG90by5DMyJ9&_nc_ohc=tGahzaBo_-YQ7kNvwFC0Ls-&_nc_oc=Adqlu7k5nAtNdgJ20MO2s6QYrGr3_VLcMchWk-yV2UE7aValTMKM1EaRFujAx0fxwJI&_nc_zt=23&_nc_ht=scontent-yyz1-1.cdninstagram.com&_nc_gid=HuffGH0ULP5T3qtSFKsH0g&_nc_ss=72a8c&oh=00_AQE1YX92NQAlje1LyUdZK3sERmHKqAaWMHhVz-McGG2LGQ&oe=6A91E83F,https://www.instagram.com/p/DcZu9z8mzVT/
Machadão Atacadista,Outros,Vassoura Bettanin,21.9,24/08/2026,https://instagram.fbhx7-1.fna.fbcdn.net/v/t39.30808-6/778957943_1356271786592779_7752166386009606157_n.jpg?stp=dst-jpg_e35_tt6&_nc_cat=104&ig_cache_key=Mzk3MDQwODc0MjgwNjA4NjE5OQ%3D%3D.3-ccb7-5&ccb=7-5&_nc_sid=58cdad&efg=eyJ2ZW5jb2RlX3RhZyI6IkNBUk9VU0VMX0lURU0ueHBpZHMuMTYzOC5zZHIucmVndWxhcl9waG90by5DMyJ9&_nc_ohc=Eg6V_HQrmusQ7kNvwEnqoBV&_nc_oc=AdrPOAFHiUVC4tfFm_sPmoM5M_6Xf0PkCGGS0ldW_Q0fedz8vksuQkF1CGF_YdReE96JrFLA-h6OasdXWFmQczkv&_nc_zt=23&_nc_ht=instagram.fbhx7-1.fna&_nc_gid=hYaYS30HU0P5YK96dlMTTw&_nc_ss=72689&oh=00_AQFuKLmVW--pgyu1J5RwDoyPK6EwG6F47lvSoASAglesVA&oe=6A91F0EE,https://www.instagram.com/p/DcZubq6D10t/
Machadão Atacadista,Outros,Caixa Organizadora Pleion 11L,21.9,24/08/2026,https://instagram.fbhx7-1.fna.fbcdn.net/v/t39.30808-6/778957943_1356271786592779_7752166386009606157_n.jpg?stp=dst-jpg_e35_tt6&_nc_cat=104&ig_cache_key=Mzk3MDQwODc0MjgwNjA4NjE5OQ%3D%3D.3-ccb7-5&ccb=7-5&_nc_sid=58cdad&efg=eyJ2ZW5jb2RlX3RhZyI6IkNBUk9VU0VMX0lURU0ueHBpZHMuMTYzOC5zZHIucmVndWxhcl9waG90by5DMyJ9&_nc_ohc=Eg6V_HQrmusQ7kNvwEnqoBV&_nc_oc=AdrPOAFHiUVC4tfFm_sPmoM5M_6Xf0PkCGGS0ldW_Q0fedz8vksuQkF1CGF_YdReE96JrFLA-h6OasdXWFmQczkv&_nc_zt=23&_nc_ht=instagram.fbhx7-1.fna&_nc_gid=hYaYS30HU0P5YK96dlMTTw&_nc_ss=72689&oh=00_AQFuKLmVW--pgyu1J5RwDoyPK6EwG6F47lvSoASAglesVA&oe=6A91F0EE,https://www.instagram.com/p/DcZubq6D10t/
Machadão Atacadista,Outros,Forma de Vidro Marinex Nadir 1.3L,21.9,20/08/2026,https://scontent-waw2-1.cdninstagram.com/v/t39.30808-6/775419811_1353980236821934_1669358629496048886_n.jpg?stp=dst-jpg_e35_tt6&_nc_cat=109&ig_cache_key=Mzk2NzUxNDUxNDQyNTY1OTQ3OQ%3D%3D.3-ccb7-5&ccb=7-5&_nc_sid=58cdad&efg=eyJ2ZW5jb2RlX3RhZyI6IkNBUk9VU0VMX0lURU0ueHBpZHMuMTYzOC5zZHIucmVndWxhcl9waG90by5DMyJ9&_nc_ohc=lHwu1HSrHv4Q7kNvwHVyJEI&_nc_oc=AdqqPfmNAk4e9ze_ZwgktL75_Kqtn3tLkgSX9y4kCEcgb4S6LteL6Vgh3j52HqOPzoqVPFgpfs1CT6XIq7yAAmhn&_nc_zt=23&_nc_ht=scontent-waw2-1.cdninstagram.com&_nc_gid=TCTohav7JJwegkku5UEH4A&_nc_ss=7d689&oh=00_AQHM9rerb5ybH7qDRj_JX0zsyxuF2eibk29XOLILD3-nYg&oe=6A91F925,https://www.instagram.com/p/DcPcXJfjBzY/
Machadão Atacadista,Outros,Forma Para Flan e Brioche Marinex Nadir 1.3L,21.9,20/08/2026,https://scontent-waw2-2.cdninstagram.com/v/t39.30808-6/778565543_1353980256821932_610953472750281477_n.jpg?stp=dst-jpg_e35_tt6&_nc_cat=107&ig_cache_key=Mzk2NzUxNDUxNTM1NjgxMjE0OQ%3D%3D.3-ccb7-5&ccb=7-5&_nc_sid=58cdad&efg=eyJ2ZW5jb2RlX3RhZyI6IkNBUk9VU0VMX0lURU0ueHBpZHMuMTYzOC5zZHIucmVndWxhcl9waG90by5DMyJ9&_nc_ohc=HT-6M49gF1MQ7kNvwHlI936&_nc_oc=Ado-YiiZFi4_Sr1NHw0eADjY_qslI9kdaMycLief1Zsns5F07SswPkE3pzMJAVzQ_BI4DH-jwjSC02txrVVqMYlO&_nc_zt=23&_nc_ht=scontent-waw2-2.cdninstagram.com&_nc_gid=TCTohav7JJwegkku5UEH4A&_nc_ss=7d689&oh=00_AQHH-7NBpm7tXO4H4KDej6yad9c4WBvFu5dEBZgmstMlOg&oe=6A91EDE5,https://www.instagram.com/p/DcPcXJfjBzY/
Bom Jesus Primavera do Leste 🛒,Outros,Tambatinga Delicious Fish kg,21.99,19/08/2026,https://instagram.fmty1-1.fna.fbcdn.net/v/t51.82787-15/780126962_18373430935237813_4383865968075296016_n.jpg?stp=dst-jpg_e35_tt6&_nc_cat=101&_nc_map=urlgen_bucketless&ig_cache_key=Mzk2NzEyNzIwMjIzMDk1MTAxNg%3D%3D.3-ccb7-5&ccb=7-5&_nc_sid=58cdad&efg=eyJ2ZW5jb2RlX3RhZyI6IkNBUk9VU0VMX0lURU0ueHBpZHMuMTA4MC5zZHIucmVndWxhcl9waG90by5DMiJ9&_nc_ohc=7_n-bAwZABYQ7kNvwHX4y_3&_nc_oc=Adpype0lnjW46J2VCr7rNlLgEAU4CPgK1m-xM0dwND4iARB7q-w-C3NYA9mDezUwjlw&_nc_zt=23&_nc_ht=instagram.fmty1-1.fna&_nc_gid=-JGxwhhxyTUrzn4i3BszXg&_nc_ss=72a8c&oh=00_AQHWcIqYD8fmENaMR1pXLhjL-blYE_8eq5WF0Uw3iYRjVA&oe=6A91E4C4,https://www.instagram.com/p/DcOEUjnloMb/
Supermercado São Pedro,Outros,Músculo Bovino com Osso kg,24.48,19/08/2026,https://scontent-yyz1-1.cdninstagram.com/v/t51.82787-15/778291214_18194241574382122_3433867418972637996_n.jpg?stp=dst-jpg_e35_tt6&_nc_cat=111&ig_cache_key=Mzk2NzE2MDMzNDgyOTE0NTAzOQ%3D%3D.3-ccb7-5&ccb=7-5&_nc_sid=58cdad&efg=eyJ2ZW5jb2RlX3RhZyI6IkZFRUQueHBpZHMuMzI0OC5zZHIucmVndWxhcl9waG90by5DMyJ9&_nc_ohc=X2HbB-DzkGEQ7kNvwH_V2Kr&_nc_oc=AdoZGDQZnz1ZNtxWT_f4TrA1XWsSBwzYUcEJZn2KnzGmHkkIOK64_VURy8pq0tKwGcWEkIrmkdfp1pTDuut_37Ar&_nc_zt=23&_nc_ht=scontent-yyz1-1.cdninstagram.com&_nc_gid=-cF0hMYmYqqiER8aUs5Utg&_nc_ss=72a8c&oh=00_AQFGRVY04Wg-xE-sgNCAAJawJmU6uKFPa2oAjZroD8diwQ&oe=6A91F308,https://www.instagram.com/p/DcOL048gsvP/
Machadão Atacadista,Outros,Frigideira Tramontina 16cm,24.9,24/08/2026,https://instagram.fbhx7-1.fna.fbcdn.net/v/t39.30808-6/778957943_1356271786592779_7752166386009606157_n.jpg?stp=dst-jpg_e35_tt6&_nc_cat=104&ig_cache_key=Mzk3MDQwODc0MjgwNjA4NjE5OQ%3D%3D.3-ccb7-5&ccb=7-5&_nc_sid=58cdad&efg=eyJ2ZW5jb2RlX3RhZyI6IkNBUk9VU0VMX0lURU0ueHBpZHMuMTYzOC5zZHIucmVndWxhcl9waG90by5DMyJ9&_nc_ohc=Eg6V_HQrmusQ7kNvwEnqoBV&_nc_oc=AdrPOAFHiUVC4tfFm_sPmoM5M_6Xf0PkCGGS0ldW_Q0fedz8vksuQkF1CGF_YdReE96JrFLA-h6OasdXWFmQczkv&_nc_zt=23&_nc_ht=instagram.fbhx7-1.fna&_nc_gid=hYaYS30HU0P5YK96dlMTTw&_nc_ss=72689&oh=00_AQFuKLmVW--pgyu1J5RwDoyPK6EwG6F47lvSoASAglesVA&oe=6A91F0EE,https://www.instagram.com/p/DcZubq6D10t/
Machadão Atacadista,Outros,Rodo Bettanin,26.9,24/08/2026,https://instagram.fbhx7-1.fna.fbcdn.net/v/t39.30808-6/778957943_1356271786592779_7752166386009606157_n.jpg?stp=dst-jpg_e35_tt6&_nc_cat=104&ig_cache_key=Mzk3MDQwODc0MjgwNjA4NjE5OQ%3D%3D.3-ccb7-5&ccb=7-5&_nc_sid=58cdad&efg=eyJ2ZW5jb2RlX3RhZyI6IkNBUk9VU0VMX0lURU0ueHBpZHMuMTYzOC5zZHIucmVndWxhcl9waG90by5DMyJ9&_nc_ohc=Eg6V_HQrmusQ7kNvwEnqoBV&_nc_oc=AdrPOAFHiUVC4tfFm_sPmoM5M_6Xf0PkCGGS0ldW_Q0fedz8vksuQkF1CGF_YdReE96JrFLA-h6OasdXWFmQczkv&_nc_zt=23&_nc_ht=instagram.fbhx7-1.fna&_nc_gid=hYaYS30HU0P5YK96dlMTTw&_nc_ss=72689&oh=00_AQFuKLmVW--pgyu1J5RwDoyPK6EwG6F47lvSoASAglesVA&oe=6A91F0EE,https://www.instagram.com/p/DcZubq6D10t/
Supermercado Tuiuiú,Outros,Salgadinho Frito kg,29.99,20/08/2026,https://scontent-phl2-1.cdninstagram.com/v/t39.30808-6/775523840_1712126794254472_8264970676281627936_n.jpg?stp=dst-jpg_e35_tt6&_nc_cat=102&ig_cache_key=Mzk2Nzg2MzQ3ODc3NDkzNTMxNQ%3D%3D.3-ccb7-5&ccb=7-5&_nc_sid=58cdad&efg=eyJ2ZW5jb2RlX3RhZyI6IkNBUk9VU0VMX0lURU0ueHBpZHMuMTI1NC5zZHIucmVndWxhcl9waG90by5DMyJ9&_nc_ohc=S-QN2J6TB4cQ7kNvwElBF7j&_nc_oc=AdqAgf6uTqxgs25Hb1T6Dj-A1OjALxSTX893uP18o6rfbDTdw4cJ8bKVN-YpsAUM4RQa87qkXBgcXvHKzWxW-XcI&_nc_zt=23&_nc_ht=scontent-phl2-1.cdninstagram.com&_nc_gid=_KkeoNw63hwOES5RDY3HAg&_nc_ss=72a8c&oh=00_AQFW9updQDChbu46eWBEKx2m1BetMWcnv9DSkCfZ6ZhVkQ&oe=6A920AAC,https://www.instagram.com/p/DcQrtOmIPUZ/
SUPERMERCADO PARANAENSE,Outros,Ponta de Peito Bovino kg,31.99,21/08/2026,https://instagram.fnap2-1.fna.fbcdn.net/v/t51.82787-15/782639788_17906516796496981_1020296803527373493_n.jpg?stp=dst-jpg_e35_tt6&_nc_cat=106&ig_cache_key=Mzk2ODI0NTY3NDgyMDQ2MDk5NA%3D%3D.3-ccb7-5&ccb=7-5&_nc_sid=58cdad&efg=eyJ2ZW5jb2RlX3RhZyI6IkZFRUQueHBpZHMuMTM1MC5zZHIucmVndWxhcl9waG90by5DMyJ9&_nc_ohc=CfekLFktTToQ7kNvwFInO6-&_nc_oc=AdqU-mUpw73I1gOmB2jPCbwBMJ35wGvMjiqL5LT6vzmPupetJSf0nCFX3FeJAbSpCOQ&_nc_zt=23&_nc_ht=instagram.fnap2-1.fna&_nc_gid=MK_c-lo_uxbgEoDoQI3KzQ&_nc_ss=72a8c&oh=00_AQGfIDhcjGDqnrpsVzqW_vWf7fTrLLA9rhDmLixUiAev1w&oe=6A91EB4D,https://www.instagram.com/p/DcSCmqlJ2HC/
Super Compras Supermercado,Outros,Ponta de Peito Bovina kg,34.99,22/08/2026,https://instagram.fhnd4-2.fna.fbcdn.net/v/t51.82787-15/781425562_18192143110391764_1116124836587707156_n.jpg?stp=dst-jpg_e35_tt6&_nc_cat=103&ig_cache_key=Mzk2ODk1MTQ4MDU4NDU2NzM5OQ%3D%3D.3-ccb7-5&ccb=7-5&_nc_sid=58cdad&efg=eyJ2ZW5jb2RlX3RhZyI6IkZFRUQueHBpZHMuMTQ0MC5zZHIucmVndWxhcl9waG90by5DMyJ9&_nc_ohc=FnigSYXdvhUQ7kNvwGXzknp&_nc_oc=Adps55DoKyqmrWdWQUTA7FYDHhwuGX5ODLDyh8zgmtqOKIUTt5g2BLPDmUgP7m66ncgYpvQuBS5XgB_kdc55Ke0F&_nc_zt=23&_nc_ht=instagram.fhnd4-2.fna&_nc_gid=v_FwtKEs20pddOedUtX__A&_nc_ss=7da8c&oh=00_AQGsR9bBGsAC7MHFTtBjjgEzYgQpiipyoaBw-VB2zTcdEA&oe=6A91DD60,https://www.instagram.com/p/DcUjFfbAPpn/
Supermercado Bianchi,Outros,Músculo Bovino kg,34.99,20/08/2026,https://scontent-itm1-1.cdninstagram.com/v/t39.30808-6/782018944_1656122483184816_1459649843665410341_n.jpg?stp=dst-jpg_e35_tt6&_nc_cat=102&ig_cache_key=Mzk2NzU2NTMyOTg3ODc0NzY4OQ%3D%3D.3-ccb7-5&ccb=7-5&_nc_sid=58cdad&efg=eyJ2ZW5jb2RlX3RhZyI6IkNBUk9VU0VMX0lURU0ueHBpZHMuMjA0OC5zZHIucmVndWxhcl9waG90by5DMyJ9&_nc_ohc=MiONPtHsv7sQ7kNvwESxyIj&_nc_oc=AdooOAV7In2VGKKbMkClY5dyf6zzFR9d642z_eEH8dWpe1hTH42U1ymSqwQHfFrV1H4IKO42LqPps6h3mTl6oHRN&_nc_zt=23&_nc_ht=scontent-itm1-1.cdninstagram.com&_nc_gid=rBM0NfnbxwVVia4Hv8PLcA&_nc_ss=7c689&oh=00_AQG0C0pHdkpdD4Iaft6WyO59WNwWhUYEhFRXUf0wc2yzxw&oe=6A91D573,https://www.instagram.com/p/DcPn6nZlD_H/
Bom Jesus Primavera do Leste 🛒,Outros,Assadeira Marinex 3.5L,44.9,21/08/2026,https://instagram.fhnd4-2.fna.fbcdn.net/v/t51.82787-15/779844446_18373759273237813_717042095228036520_n.jpg?stp=dst-jpg_e35_tt6&_nc_cat=101&ig_cache_key=Mzk2ODYwMzg2MjA2MzE4NjIyMQ%3D%3D.3-ccb7-5&ccb=7-5&_nc_sid=58cdad&efg=eyJ2ZW5jb2RlX3RhZyI6IkNBUk9VU0VMX0lURU0ueHBpZHMuMTA4MC5zZHIucmVndWxhcl9waG90by5DMyJ9&_nc_ohc=m8__0j7aHxEQ7kNvwHZCbD5&_nc_oc=Ado2-12p-PNSy_-K2ezm5yRNJtlscw4T7W1x9oCa2RnniXp8Tisb-qHYrDk7aGi1VwnPZ8RSTwAn4XKfo3Kg-Qg2&_nc_zt=23&_nc_ht=instagram.fhnd4-2.fna&_nc_gid=WTJWLLFJRKKk_JKC3VjF2w&_nc_ss=7c689&oh=00_AQEYuf2doMR78bfqGEBQfe-9vVkurmxuTKEXU8Z-KgZpng&oe=6A920670,https://www.instagram.com/p/DcTUD7jlm8n/
Machadão Atacadista,Outros,Abóbora Cabotiá 19kg,49.9,24/08/2026,https://scontent-yyz1-1.cdninstagram.com/v/t39.30808-6/778972431_1356290069924284_6498137789849159127_n.jpg?stp=dst-jpg_e35_tt6&_nc_cat=100&ig_cache_key=Mzk3MDQxMTA4NzIzODI1NDU1NA%3D%3D.3-ccb7-5&ccb=7-5&_nc_sid=58cdad&efg=eyJ2ZW5jb2RlX3RhZyI6IkNBUk9VU0VMX0lURU0ueHBpZHMuMTYzOC5zZHIucmVndWxhcl9waG90by5DMyJ9&_nc_ohc=z0LiOSTtypkQ7kNvwHMJnrF&_nc_oc=AdoD4N7SJX-QlS1Y9cS-NJs6yQIw8spqYuE_VX7-nvOSa8ov3PlJwxvdHD4gNqmv-Do&_nc_zt=23&_nc_ht=scontent-yyz1-1.cdninstagram.com&_nc_gid=HuffGH0ULP5T3qtSFKsH0g&_nc_ss=72a8c&oh=00_AQF6FZcjlnngUdGaUcq5OeESzhInd6rsG2ztkMrtTvS7KA&oe=6A91D70F,https://www.instagram.com/p/DcZu9z8mzVT/
Machadão Atacadista,Outros,Beterraba 19kg,67.9,24/08/2026,https://scontent-yyz1-1.cdninstagram.com/v/t39.30808-6/778972431_1356290069924284_6498137789849159127_n.jpg?stp=dst-jpg_e35_tt6&_nc_cat=100&ig_cache_key=Mzk3MDQxMTA4NzIzODI1NDU1NA%3D%3D.3-ccb7-5&ccb=7-5&_nc_sid=58cdad&efg=eyJ2ZW5jb2RlX3RhZyI6IkNBUk9VU0VMX0lURU0ueHBpZHMuMTYzOC5zZHIucmVndWxhcl9waG90by5DMyJ9&_nc_ohc=z0LiOSTtypkQ7kNvwHMJnrF&_nc_oc=AdoD4N7SJX-QlS1Y9cS-NJs6yQIw8spqYuE_VX7-nvOSa8ov3PlJwxvdHD4gNqmv-Do&_nc_zt=23&_nc_ht=scontent-yyz1-1.cdninstagram.com&_nc_gid=HuffGH0ULP5T3qtSFKsH0g&_nc_ss=72a8c&oh=00_AQF6FZcjlnngUdGaUcq5OeESzhInd6rsG2ztkMrtTvS7KA&oe=6A91D70F,https://www.instagram.com/p/DcZu9z8mzVT/
Machadão Atacadista,Outros,Frigideira Tramontina Versalhes 28cm,72.9,20/08/2026,https://scontent-waw2-1.cdninstagram.com/v/t39.30808-6/775419811_1353980236821934_1669358629496048886_n.jpg?stp=dst-jpg_e35_tt6&_nc_cat=109&ig_cache_key=Mzk2NzUxNDUxNDQyNTY1OTQ3OQ%3D%3D.3-ccb7-5&ccb=7-5&_nc_sid=58cdad&efg=eyJ2ZW5jb2RlX3RhZyI6IkNBUk9VU0VMX0lURU0ueHBpZHMuMTYzOC5zZHIucmVndWxhcl9waG90by5DMyJ9&_nc_ohc=lHwu1HSrHv4Q7kNvwHVyJEI&_nc_oc=AdqqPfmNAk4e9ze_ZwgktL75_Kqtn3tLkgSX9y4kCEcgb4S6LteL6Vgh3j52HqOPzoqVPFgpfs1CT6XIq7yAAmhn&_nc_zt=23&_nc_ht=scontent-waw2-1.cdninstagram.com&_nc_gid=TCTohav7JJwegkku5UEH4A&_nc_ss=7d689&oh=00_AQHM9rerb5ybH7qDRj_JX0zsyxuF2eibk29XOLILD3-nYg&oe=6A91F925,https://www.instagram.com/p/DcPcXJfjBzY/
Machadão Atacadista,Outros,Frigideira Funda Tramontina Versalhes 28cm,72.9,20/08/2026,https://scontent-waw2-2.cdninstagram.com/v/t39.30808-6/778565543_1353980256821932_610953472750281477_n.jpg?stp=dst-jpg_e35_tt6&_nc_cat=107&ig_cache_key=Mzk2NzUxNDUxNTM1NjgxMjE0OQ%3D%3D.3-ccb7-5&ccb=7-5&_nc_sid=58cdad&efg=eyJ2ZW5jb2RlX3RhZyI6IkNBUk9VU0VMX0lURU0ueHBpZHMuMTYzOC5zZHIucmVndWxhcl9waG90by5DMyJ9&_nc_ohc=HT-6M49gF1MQ7kNvwHlI936&_nc_oc=Ado-YiiZFi4_Sr1NHw0eADjY_qslI9kdaMycLief1Zsns5F07SswPkE3pzMJAVzQ_BI4DH-jwjSC02txrVVqMYlO&_nc_zt=23&_nc_ht=scontent-waw2-2.cdninstagram.com&_nc_gid=TCTohav7JJwegkku5UEH4A&_nc_ss=7d689&oh=00_AQHH-7NBpm7tXO4H4KDej6yad9c4WBvFu5dEBZgmstMlOg&oe=6A91EDE5,https://www.instagram.com/p/DcPcXJfjBzY/
Machadão Atacadista,Outros,Abobrinha Paulista Verde 18kg,74.9,24/08/2026,https://scontent-yyz1-1.cdninstagram.com/v/t39.30808-6/778972431_1356290069924284_6498137789849159127_n.jpg?stp=dst-jpg_e35_tt6&_nc_cat=100&ig_cache_key=Mzk3MDQxMTA4NzIzODI1NDU1NA%3D%3D.3-ccb7-5&ccb=7-5&_nc_sid=58cdad&efg=eyJ2ZW5jb2RlX3RhZyI6IkNBUk9VU0VMX0lURU0ueHBpZHMuMTYzOC5zZHIucmVndWxhcl9waG90by5DMyJ9&_nc_ohc=z0LiOSTtypkQ7kNvwHMJnrF&_nc_oc=AdoD4N7SJX-QlS1Y9cS-NJs6yQIw8spqYuE_VX7-nvOSa8ov3PlJwxvdHD4gNqmv-Do&_nc_zt=23&_nc_ht=scontent-yyz1-1.cdninstagram.com&_nc_gid=HuffGH0ULP5T3qtSFKsH0g&_nc_ss=72a8c&oh=00_AQF6FZcjlnngUdGaUcq5OeESzhInd6rsG2ztkMrtTvS7KA&oe=6A91D70F,https://www.instagram.com/p/DcZu9z8mzVT/
Bom Jesus Primavera do Leste 🛒,Padaria / Congelados,Pão de Queijo Cuiabá 1kg,9.99,21/08/2026,https://instagram.fhnd4-2.fna.fbcdn.net/v/t51.82787-15/782344855_18373759252237813_7320855115066332806_n.jpg?stp=dst-jpg_e35_tt6&_nc_cat=101&ig_cache_key=Mzk2ODYwMzg2MTkyMDUwNTIwMg%3D%3D.3-ccb7-5&ccb=7-5&_nc_sid=58cdad&efg=eyJ2ZW5jb2RlX3RhZyI6IkNBUk9VU0VMX0lURU0ueHBpZHMuMTA4MC5zZHIucmVndWxhcl9waG90by5DMyJ9&_nc_ohc=EXXZ6F7wf7QQ7kNvwFOdDBS&_nc_oc=AdqMOWf1nzXpFO8W-H1PyLYjDZtXp_9kyXJ7SloENIQvkirJxxmUDYU1xeA_flZ6tJV0DlIA_PT3JHOEPgeJKaC5&_nc_zt=23&_nc_ht=instagram.fhnd4-2.fna&_nc_gid=WTJWLLFJRKKk_JKC3VjF2w&_nc_ss=7c689&oh=00_AQG9Saz-Go_urbHwXkRS1igT6zK842KMwSvQaJmSm50iag&oe=6A91F96C,https://www.instagram.com/p/DcTUD7jlm8n/
Bom Jesus Primavera do Leste 🛒,Padaria / Congelados,Pão de Queijo Cuiabá 1kg,9.99,19/08/2026,https://instagram.fmty4-1.fna.fbcdn.net/v/t51.82787-15/779669250_18373430944237813_1540605607443691986_n.jpg?stp=dst-jpg_e35_tt6&_nc_cat=105&_nc_map=urlgen_bucketless&ig_cache_key=Mzk2NzEyNzIwMzA3MDAwNjgxMA%3D%3D.3-ccb7-5&ccb=7-5&_nc_sid=58cdad&efg=eyJ2ZW5jb2RlX3RhZyI6IkNBUk9VU0VMX0lURU0ueHBpZHMuMTA4MC5zZHIucmVndWxhcl9waG90by5DMiJ9&_nc_ohc=VDuZhWsVkt4Q7kNvwEEYrk4&_nc_oc=Adq7eqUVuQ9YDVt3n316RFqGPXylwlmtZfzzffQ4bdXPniO9pQloaK4Sxnk55GdRnkw&_nc_zt=23&_nc_ht=instagram.fmty4-1.fna&_nc_gid=-JGxwhhxyTUrzn4i3BszXg&_nc_ss=72a8c&oh=00_AQFgZidfmuBuLWw80Yhw_UbqVXpyPN4-HggrXBxsnALgoA&oe=6A91EF4F,https://www.instagram.com/p/DcOEUjnloMb/
Supermercado Tuiuiú,Padaria / Congelados,Pão de Queijo kg,18.99,20/08/2026,https://scontent-phl2-1.cdninstagram.com/v/t39.30808-6/775523840_1712126794254472_8264970676281627936_n.jpg?stp=dst-jpg_e35_tt6&_nc_cat=102&ig_cache_key=Mzk2Nzg2MzQ3ODc3NDkzNTMxNQ%3D%3D.3-ccb7-5&ccb=7-5&_nc_sid=58cdad&efg=eyJ2ZW5jb2RlX3RhZyI6IkNBUk9VU0VMX0lURU0ueHBpZHMuMTI1NC5zZHIucmVndWxhcl9waG90by5DMyJ9&_nc_ohc=S-QN2J6TB4cQ7kNvwElBF7j&_nc_oc=AdqAgf6uTqxgs25Hb1T6Dj-A1OjALxSTX893uP18o6rfbDTdw4cJ8bKVN-YpsAUM4RQa87qkXBgcXvHKzWxW-XcI&_nc_zt=23&_nc_ht=scontent-phl2-1.cdninstagram.com&_nc_gid=_KkeoNw63hwOES5RDY3HAg&_nc_ss=72a8c&oh=00_AQFW9updQDChbu46eWBEKx2m1BetMWcnv9DSkCfZ6ZhVkQ&oe=6A920AAC,https://www.instagram.com/p/DcQrtOmIPUZ/
Supermercado São Pedro,Padaria / Congelados,Pão de Queijo kg,34.99,21/08/2026,https://instagram.fvit1-1.fna.fbcdn.net/v/t51.82787-15/779957410_18194460196382122_4239320256883363950_n.jpg?stp=dst-jpg_e35_tt6&_nc_cat=111&ig_cache_key=Mzk2ODYwOTg5OTE2Nzk4NjAwMA%3D%3D.3-ccb7-5&ccb=7-5&_nc_sid=58cdad&efg=eyJ2ZW5jb2RlX3RhZyI6IkNBUk9VU0VMX0lURU0ueHBpZHMuMjE2MS5zZHIucmVndWxhcl9waG90by5DMyJ9&_nc_ohc=lCs7XFPuzTIQ7kNvwHMdJek&_nc_oc=Ado9YP1nN6fC5NNpGEHXRUhijLWbFCEiHGbqv2vOuaxqSnQYYjoBXL6NnIYMxPRV_xM&_nc_zt=23&_nc_ht=instagram.fvit1-1.fna&_nc_gid=D22syVg1HEJfFw9WayW2SA&_nc_ss=72689&oh=00_AQH1tVXLxB1zaLuP2t_RGnEzb4hiyeVkcr4FThOe1wIxYw&oe=6A920B01,https://www.instagram.com/p/DcTVeacG11v/
Bom Jesus Primavera do Leste 🛒,Padaria / Pães,Pão de Forma Visconti 400g,6.49,21/08/2026,https://instagram.fhnd4-2.fna.fbcdn.net/v/t51.82787-15/779844446_18373759273237813_717042095228036520_n.jpg?stp=dst-jpg_e35_tt6&_nc_cat=101&ig_cache_key=Mzk2ODYwMzg2MjA2MzE4NjIyMQ%3D%3D.3-ccb7-5&ccb=7-5&_nc_sid=58cdad&efg=eyJ2ZW5jb2RlX3RhZyI6IkNBUk9VU0VMX0lURU0ueHBpZHMuMTA4MC5zZHIucmVndWxhcl9waG90by5DMyJ9&_nc_ohc=m8__0j7aHxEQ7kNvwHZCbD5&_nc_oc=Ado2-12p-PNSy_-K2ezm5yRNJtlscw4T7W1x9oCa2RnniXp8Tisb-qHYrDk7aGi1VwnPZ8RSTwAn4XKfo3Kg-Qg2&_nc_zt=23&_nc_ht=instagram.fhnd4-2.fna&_nc_gid=WTJWLLFJRKKk_JKC3VjF2w&_nc_ss=7c689&oh=00_AQEYuf2doMR78bfqGEBQfe-9vVkurmxuTKEXU8Z-KgZpng&oe=6A920670,https://www.instagram.com/p/DcTUD7jlm8n/
Supermercado Tuiuiú,Padaria / Pães,Pão Francês kg,9.99,20/08/2026,https://scontent-phl2-1.cdninstagram.com/v/t39.30808-6/775523840_1712126794254472_8264970676281627936_n.jpg?stp=dst-jpg_e35_tt6&_nc_cat=102&ig_cache_key=Mzk2Nzg2MzQ3ODc3NDkzNTMxNQ%3D%3D.3-ccb7-5&ccb=7-5&_nc_sid=58cdad&efg=eyJ2ZW5jb2RlX3RhZyI6IkNBUk9VU0VMX0lURU0ueHBpZHMuMTI1NC5zZHIucmVndWxhcl9waG90by5DMyJ9&_nc_ohc=S-QN2J6TB4cQ7kNvwElBF7j&_nc_oc=AdqAgf6uTqxgs25Hb1T6Dj-A1OjALxSTX893uP18o6rfbDTdw4cJ8bKVN-YpsAUM4RQa87qkXBgcXvHKzWxW-XcI&_nc_zt=23&_nc_ht=scontent-phl2-1.cdninstagram.com&_nc_gid=_KkeoNw63hwOES5RDY3HAg&_nc_ss=72a8c&oh=00_AQFW9updQDChbu46eWBEKx2m1BetMWcnv9DSkCfZ6ZhVkQ&oe=6A920AAC,https://www.instagram.com/p/DcQrtOmIPUZ/
Mercado Talismã,Padaria / Pães,Pão de Alho Bello 300g,9.99,23/08/2026,https://instagram.fbre4-1.fna.fbcdn.net/v/t51.82787-15/784428408_18093165719531849_770231522003913391_n.jpg?stp=dst-jpg_e35_tt6&_nc_cat=110&ig_cache_key=Mzk3MDAyODMzNTQzMzkzNjEwMg%3D%3D.3-ccb7-5&ccb=7-5&_nc_sid=58cdad&efg=eyJ2ZW5jb2RlX3RhZyI6IkNBUk9VU0VMX0lURU0ueHBpZHMuMTI1NC5zZHIucmVndWxhcl9waG90by5DMyJ9&_nc_ohc=kEW8qz6ERa4Q7kNvwEgRS5y&_nc_oc=AdqZoF-mq3R_PVoHBorkI3vwwSD7bCH2w5e7lr0UmWh7hVR1eLD0BYEIV83NdzfFEEY&_nc_zt=23&_nc_ht=instagram.fbre4-1.fna&_nc_gid=SDhzOq7w6dnYTxbVXpaj5A&_nc_ss=7c689&oh=00_AQEqnhUeBfg_okP1vqztWpiSB26I_fO0_o44RJ0lkZcYwQ&oe=6A91F000,https://www.instagram.com/p/DcYX8qUEXk2/
Super Compras Supermercado,Padaria / Pães,Pão de Alho Boua 300g,10.99,21/08/2026,https://instagram.fxap4-1.fna.fbcdn.net/v/t51.82787-15/780140079_18192045034391764_7683991793781918786_n.jpg?stp=dst-jpg_e35_tt6&_nc_cat=103&ig_cache_key=Mzk2ODIxODA0ODc2ODI1MjE2NA%3D%3D.3-ccb7-5&ccb=7-5&_nc_sid=58cdad&efg=eyJ2ZW5jb2RlX3RhZyI6IkZFRUQueHBpZHMuMTQ0MC5zZHIucmVndWxhcl9waG90by5DMyJ9&_nc_ohc=MnWLmv7izFEQ7kNvwE-eCc-&_nc_oc=AdqKht5W2R0I8k67jI7AsuyyWWxTtRw-e9ACS9VMBWR1sIb6wTIcVZPsbh4cMYgGFw8&_nc_zt=23&_nc_ht=instagram.fxap4-1.fna&_nc_gid=VZPB67okKU0e0ifowzVMWA&_nc_ss=72a8c&oh=00_AQHczTI5i8sJva23g6egbIopSplYbu73tBW58x_YqjBIcQ&oe=6A92052E,https://www.instagram.com/p/DcR8Up0IBkE/
Bom Jesus Primavera do Leste 🛒,Padaria / Pães,Pão de Alho Oabrasa 450g,11.99,21/08/2026,https://instagram.fhnd4-2.fna.fbcdn.net/v/t51.82787-15/782344855_18373759252237813_7320855115066332806_n.jpg?stp=dst-jpg_e35_tt6&_nc_cat=101&ig_cache_key=Mzk2ODYwMzg2MTkyMDUwNTIwMg%3D%3D.3-ccb7-5&ccb=7-5&_nc_sid=58cdad&efg=eyJ2ZW5jb2RlX3RhZyI6IkNBUk9VU0VMX0lURU0ueHBpZHMuMTA4MC5zZHIucmVndWxhcl9waG90by5DMyJ9&_nc_ohc=EXXZ6F7wf7QQ7kNvwFOdDBS&_nc_oc=AdqMOWf1nzXpFO8W-H1PyLYjDZtXp_9kyXJ7SloENIQvkirJxxmUDYU1xeA_flZ6tJV0DlIA_PT3JHOEPgeJKaC5&_nc_zt=23&_nc_ht=instagram.fhnd4-2.fna&_nc_gid=WTJWLLFJRKKk_JKC3VjF2w&_nc_ss=7c689&oh=00_AQG9Saz-Go_urbHwXkRS1igT6zK842KMwSvQaJmSm50iag&oe=6A91F96C,https://www.instagram.com/p/DcTUD7jlm8n/
Bom Jesus Primavera do Leste 🛒,Padaria / Pães,Pão de Alho Dabrasa 450g,11.99,19/08/2026,https://instagram.fmty4-1.fna.fbcdn.net/v/t51.82787-15/779669250_18373430944237813_1540605607443691986_n.jpg?stp=dst-jpg_e35_tt6&_nc_cat=105&_nc_map=urlgen_bucketless&ig_cache_key=Mzk2NzEyNzIwMzA3MDAwNjgxMA%3D%3D.3-ccb7-5&ccb=7-5&_nc_sid=58cdad&efg=eyJ2ZW5jb2RlX3RhZyI6IkNBUk9VU0VMX0lURU0ueHBpZHMuMTA4MC5zZHIucmVndWxhcl9waG90by5DMiJ9&_nc_ohc=VDuZhWsVkt4Q7kNvwEEYrk4&_nc_oc=Adq7eqUVuQ9YDVt3n316RFqGPXylwlmtZfzzffQ4bdXPniO9pQloaK4Sxnk55GdRnkw&_nc_zt=23&_nc_ht=instagram.fmty4-1.fna&_nc_gid=-JGxwhhxyTUrzn4i3BszXg&_nc_ss=72a8c&oh=00_AQFgZidfmuBuLWw80Yhw_UbqVXpyPN4-HggrXBxsnALgoA&oe=6A91EF4F,https://www.instagram.com/p/DcOEUjnloMb/
Supermercado São Pedro,Padaria / Pães,Pão de Hambúrguer kg,19.99,21/08/2026,https://instagram.fvit1-1.fna.fbcdn.net/v/t51.82787-15/779957410_18194460196382122_4239320256883363950_n.jpg?stp=dst-jpg_e35_tt6&_nc_cat=111&ig_cache_key=Mzk2ODYwOTg5OTE2Nzk4NjAwMA%3D%3D.3-ccb7-5&ccb=7-5&_nc_sid=58cdad&efg=eyJ2ZW5jb2RlX3RhZyI6IkNBUk9VU0VMX0lURU0ueHBpZHMuMjE2MS5zZHIucmVndWxhcl9waG90by5DMyJ9&_nc_ohc=lCs7XFPuzTIQ7kNvwHMdJek&_nc_oc=Ado9YP1nN6fC5NNpGEHXRUhijLWbFCEiHGbqv2vOuaxqSnQYYjoBXL6NnIYMxPRV_xM&_nc_zt=23&_nc_ht=instagram.fvit1-1.fna&_nc_gid=D22syVg1HEJfFw9WayW2SA&_nc_ss=72689&oh=00_AQH1tVXLxB1zaLuP2t_RGnEzb4hiyeVkcr4FThOe1wIxYw&oe=6A920B01,https://www.instagram.com/p/DcTVeacG11v/
Machadão Atacadista,Pet Shop,Ração Para Cães Dog Delícia 7kg,38.9,24/08/2026,https://instagram.fbhx7-1.fna.fbcdn.net/v/t39.30808-6/778957943_1356271786592779_7752166386009606157_n.jpg?stp=dst-jpg_e35_tt6&_nc_cat=104&ig_cache_key=Mzk3MDQwODc0MjgwNjA4NjE5OQ%3D%3D.3-ccb7-5&ccb=7-5&_nc_sid=58cdad&efg=eyJ2ZW5jb2RlX3RhZyI6IkNBUk9VU0VMX0lURU0ueHBpZHMuMTYzOC5zZHIucmVndWxhcl9waG90by5DMyJ9&_nc_ohc=Eg6V_HQrmusQ7kNvwEnqoBV&_nc_oc=AdrPOAFHiUVC4tfFm_sPmoM5M_6Xf0PkCGGS0ldW_Q0fedz8vksuQkF1CGF_YdReE96JrFLA-h6OasdXWFmQczkv&_nc_zt=23&_nc_ht=instagram.fbhx7-1.fna&_nc_gid=hYaYS30HU0P5YK96dlMTTw&_nc_ss=72689&oh=00_AQFuKLmVW--pgyu1J5RwDoyPK6EwG6F47lvSoASAglesVA&oe=6A91F0EE,https://www.instagram.com/p/DcZubq6D10t/
Bom Jesus Primavera do Leste 🛒,Pet Shop,Ração Para Cão Thor 7kg,64.9,21/08/2026,https://instagram.fhnd4-2.fna.fbcdn.net/v/t51.82787-15/779844446_18373759273237813_717042095228036520_n.jpg?stp=dst-jpg_e35_tt6&_nc_cat=101&ig_cache_key=Mzk2ODYwMzg2MjA2MzE4NjIyMQ%3D%3D.3-ccb7-5&ccb=7-5&_nc_sid=58cdad&efg=eyJ2ZW5jb2RlX3RhZyI6IkNBUk9VU0VMX0lURU0ueHBpZHMuMTA4MC5zZHIucmVndWxhcl9waG90by5DMyJ9&_nc_ohc=m8__0j7aHxEQ7kNvwHZCbD5&_nc_oc=Ado2-12p-PNSy_-K2ezm5yRNJtlscw4T7W1x9oCa2RnniXp8Tisb-qHYrDk7aGi1VwnPZ8RSTwAn4XKfo3Kg-Qg2&_nc_zt=23&_nc_ht=instagram.fhnd4-2.fna&_nc_gid=WTJWLLFJRKKk_JKC3VjF2w&_nc_ss=7c689&oh=00_AQEYuf2doMR78bfqGEBQfe-9vVkurmxuTKEXU8Z-KgZpng&oe=6A920670,https://www.instagram.com/p/DcTUD7jlm8n/
